feature_0,feature_1,feature_2,feature_3,feature_4,feature_5,feature_6,feature_7,feature_8,feature_9,feature_10,feature_11,feature_12,feature_13,feature_14,feature_15,feature_16,feature_17,feature_18,feature_19,feature_20,feature_21,feature_22,feature_23,feature_24,feature_25,feature_26,feature_27,feature_28,feature_29,feature_30,feature_31,feature_32,feature_33,feature_34,feature_35,feature_36,feature_37,feature_38,feature_39,feature_40,feature_41,feature_42,feature_43,feature_44,feature_45,feature_46,feature_47,feature_48,feature_49,feature_50,feature_51,feature_52,feature_53,feature_54,feature_55,feature_56,feature_57,feature_58,feature_59,feature_60,feature_61,feature_62,label
0.0,0.0,0.0,-0.26509051428547165,-0.1849056278188011,-0.17153126288953627,-0.4350585171706586,-0.4996436540023132,-0.25442135703216934,-0.4241826367277894,-0.8033693451426817,-0.33847686560858453,-0.2835471209750791,-1.0132014756913954,-0.41103371074493666,-0.2847455151202467,-0.9894937063857675,0.0006277932959731153,-0.2930204505650223,-1.3813825333332763,-0.08259199976664645,-0.2910105860257802,-1.602787522720523,-0.16313701322289717,-0.2600713913326191,-1.7865171009543135,-0.23108181939365716,-0.11056470323932237,-0.9938107899955705,0.010749887719446133,-0.1287986282439473,-1.3675701575316666,-0.15776049666950073,-0.17490710557559722,-1.2266081629277747,-0.27425645120222614,-0.18498583906039,-1.0268367183344964,-0.3183780292370175,0.05051532114037379,-0.9515788073824244,-0.0077150817679497675,0.04648375135479802,-1.3069818322808993,-0.1690615205651845,-0.007801116181961115,-1.195071871932643,-0.25223801181059796,-0.020905150328682176,-0.9758086181853934,-0.26953258201007946,0.23579946962781587,-0.8545292209029662,-0.042511086899289605,0.23574007511321074,-1.1472710328930404,-0.15900436772396206,0.16114018281088782,-1.1133852209463668,-0.217043372027212,0.10855178303373408,-0.9570461583924417,-0.2386339226407927,D
0.0,0.0,0.0,-0.26451291496330537,-0.1895742997794804,-0.19728262046754405,-0.43264439636188246,-0.5062965076017004,-0.29117842367918606,-0.4295577834433397,-0.8081628815595471,-0.38564447460301177,-0.2857295938158415,-1.028733628218768,-0.46929082709010517,-0.28298142361517703,-0.9913110816818739,0.000779561838809098,-0.287573780834042,-1.3948313898014282,-0.08065608155893943,-0.287999038133573,-1.6234607527045781,-0.1615874181999509,-0.25778162276469024,-1.8130965701015211,-0.23190660649679065,-0.11146685654349452,-0.9936001694755864,0.018271374069787454,-0.13885867766979726,-1.3886011499730806,-0.15884912962592318,-0.2002729991952613,-1.2439381605273052,-0.2846926270194169,-0.21544389525000363,-1.0403248121969266,-0.33270906784109555,0.047087999116072365,-0.957260601307169,0.003480652264565901,0.040323552562874614,-1.332411705593071,-0.17142508657038236,-0.025542459729063355,-1.2013903915523725,-0.26871395290360056,-0.04423289174860374,-0.9702579707000677,-0.29203945472453546,0.2336197640206748,-0.8692075224492314,-0.02959361734873678,0.2292830594550655,-1.163277065413784,-0.15894051970015205,0.14316318609916448,-1.1268254815213576,-0.230529143676808,0.08378258717965943,-0.9711478680729259,-0.2611846325155264,D
0.0,0.0,0.0,-0.26903853844237113,-0.19874350802373886,-0.1797705399623227,-0.4334438994545649,-0.5175686487032786,-0.2665751948339616,-0.4304520227296853,-0.8214441409243098,-0.3559746208208824,-0.30307171451456316,-1.048998149489929,-0.43463572508657167,-0.27564341475344234,-0.9919371614142726,0.0023348961594427983,-0.2784184189708806,-1.3920178762629676,-0.08203473961339172,-0.2726555863153683,-1.6186399595671659,-0.16466992414168982,-0.2355763635853269,-1.8116459367279274,-0.23451779959539598,-0.10400974126211933,-0.994464159870979,0.014933467604514064,-0.1203301203554381,-1.386425746367757,-0.1533368657142184,-0.17603473957566587,-1.2542487966147189,-0.27086500532198704,-0.19022359927807012,-1.0616889502987095,-0.316751492870057,0.05450960351033548,-0.9568060321277408,-0.0026908615814582137,0.05580023589906415,-1.33943843806886,-0.1654762561243567,-0.015199196423737597,-1.2112453880836287,-0.24620946876239427,-0.03911512544211959,-0.9809278454465205,-0.2620309447008169,0.24014090334639,-0.8638960185720314,-0.038082269880674945,0.24356266957490888,-1.1593973403723945,-0.15492517971635558,0.15793137930783607,-1.1344456282584727,-0.21362403716209954,0.09507748558896878,-0.9857645843013677,-0.2369172288238364,D
0.0,0.0,0.0,-0.25355816685868116,-0.18651950899894268,-0.17121417012237633,-0.42430034160525565,-0.5057938457509821,-0.2563524137428193,-0.44358957482943134,-0.8069452463502172,-0.3433494219264222,-0.34477032425238885,-1.0557734795430147,-0.41925677876170975,-0.28147320607922344,-0.9892185537851632,-0.01700827085725884,-0.29810044570267913,-1.4043764466871744,-0.10109021028409,-0.2944205217104426,-1.6305203729965045,-0.17694532214522132,-0.2552489797534291,-1.8239904257246842,-0.2409091734775207,-0.11856933007378018,-0.9929341757590392,-0.004799643275540982,-0.15721664961548548,-1.388174061946573,-0.16656121939840482,-0.20789741645843976,-1.2306931005629214,-0.2688542870250606,-0.21055139023862712,-1.0288732410279273,-0.3068018772252878,0.03659170261540896,-0.9512973214097356,-0.020864589640705148,0.022976981431566044,-1.3432740697660097,-0.18138148098275017,-0.05310920762133178,-1.2016709348981087,-0.24616905101604392,-0.07928003367870112,-0.9742823226618343,-0.25248338825058314,0.2136975071519919,-0.8539919586622745,-0.0532571643490704,0.20738336552283154,-1.1742746411422669,-0.17184661121353131,0.11529822132333256,-1.1241177055038631,-0.2210574769864723,0.052343803773905996,-0.9506618973365533,-0.2369305111704411,D
0.0,0.0,0.0,-0.2642004059541799,-0.20093591142631703,-0.16276569128069318,-0.4313703738303815,-0.519436978460783,-0.2421220751059602,-0.45593585609708476,-0.8283628083484078,-0.32954140688850414,-0.3665704626529778,-1.0850548690028727,-0.4074395272707123,-0.27655182639267806,-0.9895472168976268,0.034423778234721196,-0.2910763153052244,-1.4092808396394008,-0.0428239671363312,-0.2903749180336989,-1.637637950417107,-0.12000723623263011,-0.2522310634891407,-1.8370722421220624,-0.1872363694634603,-0.12292746997635912,-0.9915757233285144,0.04082183277052415,-0.16770795576651637,-1.3813236752795295,-0.12606299202613383,-0.22475263138346271,-1.2224663702551257,-0.24004585826697147,-0.22802180577930392,-1.0275527260602662,-0.2838915506268419,0.020890152669736702,-0.958188700082656,0.016245196900789502,0.0049226089318121,-1.3431263870514414,-0.15013595190517506,-0.07839703211614636,-1.195700781971831,-0.2255025466856655,-0.10886893462545365,-0.9661274751654877,-0.23590422973829506,0.19269103978520274,-0.8719767327226993,-0.02465361455265918,0.17475133427621617,-1.184541085625653,-0.14695326804232375,0.08034136692736445,-1.1237045426827488,-0.20248237345405046,0.022434055555258334,-0.9461329164232082,-0.2218731266385832,D
0.0,0.0,0.0,-0.2542778147726611,-0.20418641919200767,-0.1453361357283292,-0.42508019795540414,-0.517162641869253,-0.22583005428974823,-0.4690485382194148,-0.8070657382049078,-0.31808113250869824,-0.4027424833843617,-1.0607344141026327,-0.40154058329991155,-0.27112678880641805,-1.0084298991739702,0.015442064047807876,-0.27170445780082814,-1.4450364817606869,-0.07154172447867707,-0.2775720170249484,-1.6725677008722655,-0.1476657919776619,-0.23720717476794728,-1.8677773366441588,-0.21186905644037918,-0.12279744068098036,-0.9924145819440291,0.005838330845277795,-0.14795485654717527,-1.402420215410474,-0.17180427211844265,-0.23407651171584476,-1.2460221866048575,-0.2795829458837873,-0.24836659108931064,-1.0429446873278938,-0.3165303066307021,0.018585521378546403,-0.9490345317591061,-0.0325560220766644,0.004888649253000444,-1.3387537951479371,-0.2055755597590893,-0.10559226693701682,-1.1984621495390348,-0.2726552450594388,-0.14283982084113908,-0.9755963893871619,-0.2754131621282143,0.1832876649080282,-0.860679793536969,-0.08526752184987861,0.15672256194854325,-1.1903787173523597,-0.20495041549960408,0.047833234966141336,-1.12610276484138,-0.24919909585166206,-0.013427214586786612,-0.9410347897859555,-0.26047079572330933,D
0.0,0.0,0.0,-0.2631457618090012,-0.20162273612390977,-0.14453078341065476,-0.4347611285040247,-0.5096761735412113,-0.2242608411841221,-0.47775960052923605,-0.7892149315953745,-0.3173787066841643,-0.43193371557305704,-1.0618663197065212,-0.4029019240966748,-0.27700788355152817,-1.0029885447755862,0.02136204023287173,-0.28306882508975734,-1.4434449907340865,-0.06468373117929642,-0.29854001273437036,-1.6807122258231892,-0.1416949597260514,-0.26730729772974365,-1.88141790236049,-0.20788577871528596,-0.1340617641259825,-0.990949344531303,0.00684397343729827,-0.17088511831992492,-1.4128569918640195,-0.1736248424744636,-0.2732376663794352,-1.2405454197254036,-0.2848154429476228,-0.2920241656503172,-1.0377231326698901,-0.3238264429103949,0.003097956756681871,-0.9520984113331165,-0.037124793995918275,-0.02928911856268855,-1.3520778617204015,-0.21548683797163656,-0.14620004379793863,-1.2011341028823064,-0.28730907518304466,-0.18074267154982895,-0.9770975206505825,-0.2928851423980079,0.16968536742983964,-0.8668845046969561,-0.09529982421603972,0.12106706227698717,-1.1993395754884613,-0.21946071285732152,0.012537996676836206,-1.1301305456845203,-0.26721434754576545,-0.03659360189849109,-0.946677436915507,-0.28174115627620994,D
0.0,0.0,0.0,-0.24509065743049968,-0.19792260541557563,-0.1381651806889567,-0.42284865852686054,-0.4909219070658491,-0.22528963463329074,-0.5007579003482251,-0.7605375413617783,-0.3269753741364694,-0.44847673469569044,-1.0239229523072122,-0.42043837492071373,-0.2851592528575388,-1.0073405059710263,-0.0015219233556354982,-0.2859481466838981,-1.4665671437370065,-0.09584092770520143,-0.2954656235940071,-1.6876257359812137,-0.1764183381170821,-0.26188590523102384,-1.880871901850595,-0.24324402337515333,-0.14464915006192738,-0.9893434981513612,-0.01661523553819117,-0.19597760786951438,-1.3934395664953074,-0.19861995065233823,-0.2939176203083045,-1.2170849577447949,-0.3080205637774986,-0.3133840555506891,-1.0228412115301588,-0.3480549904611271,-0.00628430549060353,-0.9472406500521042,-0.05792954956264362,-0.04749842334906259,-1.346053030472338,-0.22819527599051112,-0.1649552301244684,-1.1863951067815004,-0.282363805459182,-0.20614563805918443,-0.961728687132691,-0.27800397177487046,0.1545197284810029,-0.8526582371450248,-0.11373112452283925,0.09903889882185594,-1.18136233255492,-0.22730142656163224,-0.015486107300298948,-1.1202459871366837,-0.26099403649334657,-0.07727279692617947,-0.9463438858702032,-0.2651972573135951,D
0.0,0.0,0.0,-0.2471847235987367,-0.18962172159437782,-0.131007269109823,-0.436672541330494,-0.49939154468969976,-0.20928239561407755,-0.523671306238502,-0.7802013952178203,-0.2976810154921927,-0.5062193367731409,-1.0575030448474496,-0.377177952006792,-0.30606407886726766,-0.9939262135947244,-0.03780558530899055,-0.3188618351406305,-1.4743746779650693,-0.14113883034197308,-0.3322564372664233,-1.727506228692008,-0.21821241058570792,-0.3090009298511891,-1.9503644649188165,-0.2795066276615543,-0.16340025365986988,-0.9851855235278055,-0.05205613638307915,-0.23443294031568887,-1.4083189188328264,-0.23123295518222384,-0.33133416688429634,-1.2382067089646758,-0.31588672116776184,-0.35082089287078233,-1.0418924040596829,-0.3388082970425367,-0.021477416693750005,-0.9472652344683377,-0.09017627745939669,-0.07170903165307317,-1.3750003956128687,-0.25890023852994043,-0.1934035521251805,-1.2084184195501397,-0.28398904440612005,-0.23430024098556568,-0.984619694387182,-0.2599396246030063,0.14231190096275942,-0.8600723390728423,-0.14246791902786177,0.07151389738850474,-1.1998098265470953,-0.25966273269518114,-0.048376233402593234,-1.1297977804273525,-0.2788916134439562,-0.10885721538174864,-0.9565465588711443,-0.26988733151553695,D
0.0,0.0,0.0,-0.2596738645432453,-0.183263464238805,-0.11807959292522446,-0.4490141932754396,-0.4964830929511926,-0.18704861359010752,-0.5430671856534619,-0.7741790731124962,-0.27248136765427594,-0.5157632153947203,-1.0451395048109862,-0.35093460111954156,-0.28749219578956936,-0.9868998268981335,-0.00368396110783597,-0.29607365048939827,-1.444283172197286,-0.0960344996870806,-0.3157939835263041,-1.69372805615682,-0.164956028911384,-0.28831692768439227,-1.9124650893819848,-0.22222114421540268,-0.15388807670923013,-0.9876995700081144,-0.02771316027666354,-0.22004919941696507,-1.4307955010776305,-0.20538656959943546,-0.35154620296241124,-1.255261016992905,-0.2920818310202208,-0.38990276375424515,-1.044206148198381,-0.31273855502217673,-0.01940476038261672,-0.9547608837551248,-0.07611829792490632,-0.08456286386530985,-1.3697257667851526,-0.24886495157663738,-0.2298751975969607,-1.1926159693049858,-0.2868268680592896,-0.27459410699962267,-0.957126862701972,-0.267499700403483,0.14027643061824696,-0.8682981582765494,-0.1371239665827769,0.07024398416578083,-1.224646695710373,-0.25153010747506616,-0.06625699804549569,-1.1585837942263226,-0.27474841141215717,-0.1364620201059312,-0.9769739755738104,-0.2697476710888522,D
0.0,0.0,0.0,-0.2686780938713237,-0.17601722873400868,-0.09968529012802843,-0.4575947268201793,-0.48973024603905707,-0.16226226100022906,-0.5481390765848874,-0.7684789185460438,-0.24485640062711175,-0.5514927357200807,-1.0441685380830148,-0.3210795808664489,-0.2999535450059265,-0.9975439541442888,-0.00479654877191618,-0.30325171913779825,-1.4948061125194905,-0.10033260885018186,-0.31935166813441,-1.7463457580287538,-0.16806830169616888,-0.29326563132686545,-1.9601634843945452,-0.22164067681926758,-0.172834067231973,-0.9842175478546991,-0.03800268015465568,-0.2658713005885407,-1.414020604609488,-0.22224098109700813,-0.39435132319804167,-1.244792506732731,-0.3079752914549102,-0.4257479519628496,-1.0404611494184486,-0.32684729244124167,-0.043603127364403534,-0.9500954835988638,-0.09371525157903317,-0.12326665574002527,-1.3627195646940844,-0.2728288012156165,-0.27321098619186607,-1.1912936441857545,-0.304716861362303,-0.3219496599292833,-0.9694715744309463,-0.2798252428434755,0.10973559165129836,-0.8711493187088101,-0.16048715778945413,0.03198098994733175,-1.2242597203395995,-0.2831999488856665,-0.10515974645933218,-1.1516538035340234,-0.3029862649062417,-0.17353121760157683,-0.9705182095755704,-0.2922127498965301,D
0.0,0.0,0.0,-0.2782854476256336,-0.1739297465246762,-0.09975063501424256,-0.47963777641416677,-0.4606686314801511,-0.16390599449840842,-0.5916655768334288,-0.7179317622989833,-0.25310554763294135,-0.594169375155888,-0.9891808741930905,-0.3378062478899787,-0.340695370779239,-0.9682842993402587,0.04780167617769936,-0.36197019378628853,-1.4004035779739077,-0.038540218541046084,-0.38720384375876477,-1.6428284426197044,-0.11179015875510598,-0.3715076698802714,-1.8611813902726275,-0.1746135480329636,-0.21199745859898855,-0.977248167219832,0.006564846765106096,-0.30805858659487617,-1.4123775855564376,-0.1785383454431646,-0.4379075999147188,-1.232090612080902,-0.2845983100519498,-0.47111461874887245,-1.015312199041833,-0.3155877724100793,-0.0838433036977337,-0.9558006790418437,-0.05985948570621618,-0.17254556273870128,-1.3662450094588194,-0.24299556228878078,-0.3189219758132383,-1.186206555243528,-0.29989239080812513,-0.3610705765546357,-0.9471905243010793,-0.28867546735210814,0.07088758881116272,-0.8830147956426627,-0.1368049487229442,-0.031679202978806935,-1.22674167203411,-0.25820964867180063,-0.16037128809289783,-1.151690184420396,-0.2894448956582485,-0.21525417520680262,-0.9679481696291593,-0.28757537859871996,D
0.0,0.0,0.0,-0.2788061018886974,-0.16719827788218888,-0.11970614612416297,-0.4897776167298581,-0.4574863335928593,-0.19344957597052098,-0.6008878057358551,-0.7394724876939085,-0.28808812978064297,-0.5965777117161468,-1.0245148580894343,-0.37564212863135904,-0.3582567896566289,-0.9632375339128063,0.042676200821462354,-0.38611039340857256,-1.403563063034281,-0.041121596995771545,-0.42306328126572473,-1.6478372223921949,-0.11257178079661245,-0.41211177010963806,-1.8699077266566513,-0.17487739094227556,-0.2234282208543825,-0.9746053378895385,0.014975496087390459,-0.30841902971528323,-1.4073817711325969,-0.16214446261307808,-0.4226900029396818,-1.224050245688828,-0.26128939662181994,-0.44266976700165733,-1.002021089497876,-0.2894950057929722,-0.0905233269076085,-0.9585784288243006,-0.040062072140598724,-0.16898426469440547,-1.3660675468069605,-0.21204798109323664,-0.30399384848846617,-1.1815931689436412,-0.25739452787174094,-0.3379081216239937,-0.9376448469861249,-0.24165335794922027,0.0720375093603539,-0.8915996531621139,-0.1086747248688418,-0.012023748981592246,-1.2321361374635684,-0.21947607917721085,-0.13735986245072504,-1.1532915062188636,-0.24356914334230487,-0.19298301984046157,-0.9564663442333897,-0.23921741483296602,D
0.0,0.0,0.0,-0.27490902424147634,-0.14661233796174114,-0.1313598259710202,-0.499185381925964,-0.42875724745593474,-0.20966042891353917,-0.6130247100874007,-0.7041187989807152,-0.3014526787633928,-0.5905754123927228,-0.983449608613768,-0.3844793797754908,-0.39439605761154384,-0.9425069425836794,-0.00022058226527799918,-0.43582516879842176,-1.3743221084801214,-0.09833122657215651,-0.47000777507890334,-1.6119874112681238,-0.1778015356037093,-0.46025058898791116,-1.8288193375416761,-0.2435142322942685,-0.2541768595284165,-0.967010276354753,-0.016889331087279066,-0.35400897285097155,-1.3890633797886154,-0.19488076972427146,-0.4542788759782556,-1.207450072030226,-0.2890999084402787,-0.4695655423578392,-1.002094144468386,-0.31769923179898873,-0.11361122233496272,-0.9568012131633351,-0.0599447545281455,-0.1948061685421873,-1.3733661229213787,-0.23083959435543747,-0.31258170384891554,-1.1969762760435225,-0.2714138505121034,-0.33996383067752184,-0.9629156413147798,-0.25623755267611303,0.054721775042496305,-0.8933383795048329,-0.11728791793574668,-0.035679869085417565,-1.2206158418607607,-0.2351815156167948,-0.15301924004461254,-1.1495491194404175,-0.2649490279711559,-0.20461190162142665,-0.970934780208235,-0.2643298913252847,D
0.0,0.0,0.0,-0.2991441544945355,-0.13639447612112127,-0.16289637184390965,-0.5330875661916246,-0.4034465620325305,-0.25707205199983785,-0.6356411820732978,-0.6759313667927415,-0.3675114917412909,-0.602919625150785,-0.9874037528050591,-0.47110056746704515,-0.4245282212123852,-0.939351156181341,0.04905242037048576,-0.4746452555078767,-1.346563713370369,-0.038774889187866465,-0.511934999389013,-1.5825341361402563,-0.12958171042182737,-0.501514284381037,-1.8045511449703053,-0.21239448630499635,-0.2729391095610217,-0.961452690183264,0.03336116022265125,-0.3845252743670025,-1.363299265109614,-0.15968100988829573,-0.4598690764095474,-1.197340481335535,-0.3011177197361571,-0.45286365128875794,-0.9971574401439539,-0.36293538544960097,-0.13222693414068157,-0.9581892485756536,-0.015902772020799795,-0.2279500829787013,-1.3518779522326565,-0.2073318060439518,-0.32761474870395346,-1.1847703296930532,-0.3082668765246968,-0.34204439356960475,-0.9474889613825632,-0.3342725571802371,0.04572944194999404,-0.9085447814575811,-0.08140539887879429,-0.07519477203096378,-1.2015887385113546,-0.2236847074461618,-0.18126130260317394,-1.1113695543370528,-0.297841455009169,-0.2177311559591747,-0.9183561869250157,-0.3317102161017686,D
0.0,0.0,0.0,-0.31141144262772313,-0.12224614541085252,-0.15913691388842502,-0.5543462226091013,-0.4055256881052562,-0.23706146948879941,-0.6630601343002765,-0.7215346911559243,-0.32622529985882504,-0.6207754110566378,-1.0278773530267298,-0.4050389704975987,-0.4380377063796411,-0.9148540405409492,0.06359146269732027,-0.4904143409485872,-1.3385453990075196,-0.0021027108663400074,-0.5321004372867447,-1.5782184327728244,-0.07219613702387094,-0.5331433773621795,-1.8054164888849995,-0.139553816672109,-0.28643596001200966,-0.9559265615491707,0.064489144332811,-0.4020582285711065,-1.3719296003549115,-0.09818993074838123,-0.4662319297441498,-1.2240290838823291,-0.21571131039357103,-0.4543910527576115,-1.0236399346452691,-0.2621859620240558,-0.14592192001414706,-0.9583781031597848,0.03353350139343376,-0.23746676130363253,-1.3748885834818314,-0.1279260697219344,-0.3283131662074299,-1.221900658215703,-0.21130819447642102,-0.33678581820062337,-0.9888416123444375,-0.2283251071653413,0.03249752980145167,-0.9137797087741589,-0.013561342760168328,-0.08239836031701435,-1.2172139821854304,-0.13158060016404693,-0.1838081268558526,-1.1484275421892265,-0.1960955997396701,-0.2137124499780092,-0.9675236642292125,-0.22409218768470207,D
0.0,0.0,0.0,-0.30385506335669343,-0.13587816511138548,-0.16772327789059407,-0.5414937760830353,-0.4073084729482854,-0.25817670403619736,-0.649721167592735,-0.7100761775521022,-0.3598742121663857,-0.6093347393304802,-1.0275791446423301,-0.4533066012922633,-0.44424833749740555,-0.9155448397476124,0.0459842875088004,-0.5029073595552725,-1.3284920180515307,-0.0316259651855809,-0.5382666638728901,-1.5653710152607967,-0.11374040064413735,-0.533268541564496,-1.7901754909183416,-0.18866820459226916,-0.2931857029190764,-0.9547745021474984,0.04947518219110764,-0.3981305259960343,-1.3597042620488713,-0.11476786030898486,-0.45533448791695996,-1.2054160203353317,-0.23400887643981963,-0.4421148358898661,-1.0084326232970917,-0.28411915969941726,-0.1502210661398006,-0.9546568747525961,0.020558550120062274,-0.22921712381631212,-1.3724864003699258,-0.1374943688131382,-0.3187511373111354,-1.2050629066006349,-0.21416446342482606,-0.3311957915218157,-0.9661344604301867,-0.22866096892783436,0.028806555376597064,-0.9036058907150161,-0.026159533022482178,-0.06196590323955516,-1.2149696571463013,-0.1389573161216128,-0.1691925356926253,-1.1460727680571174,-0.19754733628247015,-0.21807100194935672,-0.9631561486842591,-0.2227189765009702,D
0.0,0.0,0.0,-0.31366095430672775,-0.11605767030846736,-0.1487982140848348,-0.5605056361924792,-0.3926086925746531,-0.22942367820034118,-0.6790116804337815,-0.7042867354419698,-0.3250073286170099,-0.650772974797002,-1.0127565317037588,-0.4126238568494326,-0.44082789831972297,-0.9172592906747055,0.06778701165643561,-0.49714055765696313,-1.3361049940772898,-0.011096913205133256,-0.5461883514105671,-1.5761277210530968,-0.09133777458295189,-0.548115324915917,-1.8024748007916902,-0.16498997903713328,-0.2896783011034935,-0.9553605606708814,0.05807478785508287,-0.40184775505639403,-1.3757672268439485,-0.11675049579096627,-0.4775286002110814,-1.205790923011983,-0.2374436764527839,-0.4703601834021736,-1.00440729454784,-0.28411298925011125,-0.14987974723100742,-0.9578467957527702,0.016374421499700267,-0.24366799605144138,-1.3749837424748785,-0.15450027683436757,-0.34228539616038517,-1.204606334214677,-0.23252188900136717,-0.35240521613442655,-0.9689435864656971,-0.24360983268840702,0.024107483119244204,-0.9124317880831996,-0.040917672421613135,-0.10652690622110694,-1.2116337874297511,-0.16303689134888216,-0.20507435447145647,-1.1269757870888002,-0.22148256715543355,-0.2251392325371253,-0.9412269878408329,-0.24383645492389916,D
0.0,0.0,0.0,-0.3151259915686984,-0.08808108192815008,-0.14746070281350895,-0.5769790689805667,-0.3615481194935443,-0.23057172217572186,-0.7111604758906469,-0.6683190033397751,-0.3329504169139189,-0.6931321555915292,-0.9911108926709137,-0.428444244956082,-0.45820901954201504,-0.9055218527327028,0.07876064413834459,-0.5161489958081027,-1.343935394100503,0.007013273479525888,-0.5604178023263526,-1.5883655698165255,-0.06714779068784749,-0.5615046994280253,-1.817061481793728,-0.13740739498942625,-0.3178211678353658,-0.9459242428636695,0.0649386790638515,-0.4524587380790039,-1.372196925392743,-0.10891864017158837,-0.5444170244549997,-1.2063351527248862,-0.2293998537731698,-0.5462154431874087,-1.0075467481210885,-0.2745589664428702,-0.18167437243735232,-0.9548642350968611,0.01855499892870921,-0.2843184779837065,-1.3920698814564523,-0.1530516305239782,-0.38820627528468166,-1.206368497639352,-0.23321602292950921,-0.3992087485508691,-0.9585007922392046,-0.24344330355411203,-0.003188852628999404,-0.9179131662047157,-0.043407655870359205,-0.12604181521566826,-1.2439776382258103,-0.16601103345788504,-0.23266021775493084,-1.1590475281230936,-0.22556558703227877,-0.2638096393047958,-0.9672870546093805,-0.2476400123524241,D
0.0,0.0,0.0,-0.316182189255915,-0.08685020090920238,-0.12769813061327268,-0.579559439676134,-0.3581956218874646,-0.20273239093292206,-0.7359550118284034,-0.6546851186128436,-0.296990689202123,-0.7281509102409313,-0.96881850043214,-0.3819627144041006,-0.45917587188160686,-0.8935210857505336,0.0695763372390476,-0.5195488369897365,-1.3307269264558839,-0.0005381777148514891,-0.5655261759502824,-1.5680885422236348,-0.0665890785021278,-0.5669414011566212,-1.7828622461386685,-0.12799417543708716,-0.3280789376468614,-0.9432407919291588,0.051585066767043414,-0.4812878917183763,-1.3719990740114254,-0.11423239985688464,-0.584230897274105,-1.1962702277090111,-0.21627859981940747,-0.5920037797565227,-0.9855781917766173,-0.2483443314291027,-0.19458653510758417,-0.952845972141236,0.004477716188544628,-0.3102933705634042,-1.3898750476977317,-0.15522970121962243,-0.42727890130837004,-1.2028805818668669,-0.21425958546781868,-0.44633837961379375,-0.9594850307021673,-0.21169136940417915,-0.02070360272603198,-0.9129966552321643,-0.0567276056911151,-0.14269584377668515,-1.2433639716797753,-0.16793800834004668,-0.26826417504384087,-1.1613164835450007,-0.21227804630913416,-0.3174047637569963,-0.9727760280048972,-0.22321986729071117,D
0.0,0.0,0.0,-0.32631432793252285,-0.09897128671921679,-0.1280781157529966,-0.5921458511746369,-0.36313080897791883,-0.206355698281604,-0.7443850473236404,-0.663735484075493,-0.3058370725317197,-0.7240801655963182,-0.985504315347878,-0.39713881502208936,-0.45251570847004496,-0.9039718623451082,0.08303981302194738,-0.5025264122721057,-1.3471556455046174,0.012661350961521657,-0.5498755685547663,-1.5946052122780972,-0.05675013254203961,-0.5499095795621497,-1.8134850984023152,-0.12150772287590252,-0.31315064060584474,-0.9476889161202987,0.061825516988395855,-0.46577044351174407,-1.3814135430109948,-0.1083134225393852,-0.5808468111213675,-1.2143437788221731,-0.21875634120996887,-0.5910214398228747,-1.0042282438068093,-0.2563205989386848,-0.17646580148955274,-0.9508209078659151,0.00979057833762238,-0.2924917464951006,-1.3873381611949782,-0.15633897428298085,-0.42286127528967427,-1.2039401343957667,-0.2272363466430434,-0.44654460443837873,-0.9584632060505263,-0.23167230055129848,0.0031102693868860667,-0.9067024249013886,-0.05609299627951444,-0.11576664210619021,-1.2442804164743915,-0.17333195658648842,-0.24919790633185826,-1.164858259590329,-0.22619178047558547,-0.3036426400618294,-0.9738232721003658,-0.2431087965874191,D
0.0,0.0,0.0,-0.34401074471729165,-0.08591279553606947,-0.12595101271667955,-0.612554341476051,-0.35215941867980993,-0.1978221458754614,-0.7565248204654758,-0.6541486532193579,-0.29392118849707566,-0.7522245118533232,-0.9792948130810228,-0.3851324273917836,-0.46175236035277833,-0.9032640121935859,0.10961542498160591,-0.5142431424149254,-1.3497957825550915,0.04241381971577061,-0.5658897990459666,-1.604573069282665,-0.0339093202970462,-0.569449568120624,-1.8376675998867953,-0.10862119854255704,-0.31554883966704755,-0.9456722264405057,0.07831328063512899,-0.4837898234604723,-1.3883664631496553,-0.10697923918283116,-0.6065583118651285,-1.2159860899357748,-0.24686939730035762,-0.6176324469317841,-1.0027196673010363,-0.3043108100504245,-0.17802269185876,-0.9527693541801451,0.015733594759116516,-0.30755485978242736,-1.3743392897247342,-0.17192097251188784,-0.43758951889192704,-1.1879532819796763,-0.2703042583908027,-0.45854362544523053,-0.9438170180262127,-0.2902718400348548,0.005136714902147893,-0.9158056244615816,-0.059155611688994914,-0.1416171058433893,-1.2349882498063534,-0.19578930383892193,-0.25715901526696194,-1.1344759438827088,-0.2630304619215558,-0.2842163478908019,-0.9358263374519058,-0.2893580555803414,D
0.0,0.0,0.0,-0.33637190740533984,-0.07088443500337517,-0.1283703389811216,-0.6107909577553978,-0.312042599936215,-0.2108007758709874,-0.7759661520617952,-0.5905900045531988,-0.3203594535179531,-0.7725394667274292,-0.9154692181609579,-0.4262488762458736,-0.4831124921541424,-0.894459947520854,0.09974522937204056,-0.5484303859534012,-1.3590473453746128,0.018769888735469375,-0.6080445405319675,-1.6245198178049254,-0.06518341502314809,-0.6186538523783328,-1.8630827290217595,-0.14428254490055084,-0.3396538624097785,-0.9384712867590771,0.06250518121628934,-0.5214011482419574,-1.3653168162847684,-0.140900972627479,-0.6479132044096403,-1.175882562221315,-0.2844936484547206,-0.6587867291187474,-0.9554028926916313,-0.3412520541199272,-0.2044714670244338,-0.9523920363127834,-0.007530677467829475,-0.3517753912258413,-1.3630063034099507,-0.20990661269014707,-0.4816286587514934,-1.1499983007942942,-0.30675095552930537,-0.49635850160370726,-0.8918807282573038,-0.3218268645378451,-0.024191721522247384,-0.9251021740938852,-0.09066286713977338,-0.19025369216999688,-1.2273858700593359,-0.23755574685937947,-0.3076371987790779,-1.1065835983595416,-0.30624845647896165,-0.3322318505743235,-0.8988202841079848,-0.3314077408278166,D
0.0,0.0,0.0,-0.3294278835437748,-0.10449449469041645,-0.12449411579969175,-0.5907729253645145,-0.33720735439306276,-0.21259229151685594,-0.7524969380115047,-0.574196684057005,-0.3297278268817063,-0.775472313984098,-0.8866475473668906,-0.44527964710600537,-0.48252244392768256,-0.9088902483915535,0.06149116748980093,-0.5570605355936052,-1.3573565731163626,-0.0360155192931424,-0.6292503181034831,-1.610221855315753,-0.12828411581590818,-0.647784179180063,-1.849656465820025,-0.21134268337716933,-0.3392953285200062,-0.9405689108801,0.014450049492087934,-0.49175904356664896,-1.3924955739343043,-0.19826609534812703,-0.6204486274377738,-1.1757732640047969,-0.341312797957825,-0.6355533530197861,-0.9415680244056608,-0.39754899453183,-0.20262292598380008,-0.9439190116493256,-0.06307021048885937,-0.34074996606538704,-1.3568077519975967,-0.2702695483548197,-0.4873972484881596,-1.137179903843774,-0.3635263514242058,-0.5157124820504881,-0.8734962687197502,-0.37609807322605837,-0.03188693051182758,-0.8994361008442973,-0.15331912801155942,-0.19088032142474942,-1.2138758490391883,-0.29361708508492373,-0.3253081751299066,-1.1076831976732988,-0.35383497513870865,-0.3721305511737232,-0.9013653204283749,-0.37580124146799687,D
0.0,0.0,0.0,-0.30708152208304695,-0.0821097109653466,-0.11690112595802926,-0.5704734710245202,-0.3261817241975431,-0.19521175081934042,-0.7424794691838306,-0.5809607102689989,-0.28899734475963146,-0.7538645385062638,-0.8669862306139463,-0.37392450553495943,-0.46606911050465194,-0.9115542957604222,-0.022164895492138167,-0.5413421806828378,-1.3960085420508552,-0.13506726280621678,-0.6087191238166021,-1.6621094011275799,-0.21122781466542145,-0.6265213367728588,-1.9017428842200528,-0.27014275513179475,-0.33312150137431606,-0.9417173923724476,-0.04688729279196201,-0.5172219159180714,-1.367817549712262,-0.2371530452437993,-0.6362572350025701,-1.1272138767586815,-0.3051325336635674,-0.6368487525312289,-0.8916552921969683,-0.30705818864388346,-0.19121771017544306,-0.931894915188221,-0.0967757610860321,-0.35344019168005875,-1.3424141469237898,-0.27943476242974347,-0.4836371179094974,-1.0943966612183862,-0.28040005457627093,-0.4917052021329234,-0.8508165681189972,-0.2297185198990256,-0.01856176949225551,-0.8734041957998929,-0.16026448760994016,-0.17319784910287217,-1.188510765414377,-0.2856715437743798,-0.30670000591632557,-1.0604349603742438,-0.2908602141988447,-0.3434628203224623,-0.8623402901612891,-0.2642155251477089,D
0.0,0.0,0.0,-0.3080812414168599,-0.09144743981499175,-0.10568852319325506,-0.561507234788755,-0.3249999301409735,-0.18040329188268706,-0.7303630407330661,-0.5598460781470236,-0.2739027233573575,-0.7458726213905111,-0.8322801119544899,-0.35952633965835934,-0.44349298069319376,-0.9251725024852276,-0.011191396447420995,-0.5189126228691604,-1.4110162245248818,-0.12357718364219965,-0.589962848061613,-1.6782752442682345,-0.2007500488722336,-0.6163491712839944,-1.9124433848018978,-0.2592213890124158,-0.3088253118110754,-0.9501470981246977,-0.04298160897416833,-0.4896640628624359,-1.374016004830798,-0.24228284627190147,-0.6192886518521781,-1.1430582411792007,-0.3200109051914541,-0.6316568575188289,-0.8945369405732976,-0.32515688095965756,-0.16958569261643192,-0.9414002139370211,-0.09915005092480028,-0.33547531170501155,-1.3368720311965645,-0.28791061841067733,-0.4800294821216742,-1.088488478810645,-0.301762939755435,-0.498794354781152,-0.8302200221561827,-0.25674787885489775,-0.0008691682674658969,-0.8869252652783243,-0.16754338385008372,-0.17568252083542638,-1.1688761932675495,-0.29569729016879304,-0.3182951185911054,-1.0346930709996962,-0.3086756195027598,-0.3606193453219381,-0.8327605695677907,-0.2859418922276654,D
0.0,0.0,0.0,-0.2932458172328582,-0.053080076120784185,-0.1153788656452208,-0.5588789198888119,-0.31547281001271976,-0.19192976886744542,-0.7376236478215314,-0.5697190894192123,-0.2842267138048864,-0.7414143497046423,-0.8339015886124954,-0.3662687273536459,-0.4385287672018688,-0.930699770286575,-0.015359663882459532,-0.516448604346765,-1.4296751666950016,-0.12908500856047628,-0.5952883572032679,-1.7121666232624946,-0.1990464348430006,-0.6273275871295512,-1.948099608859025,-0.2505318524194987,-0.30831795383593813,-0.9505990169175328,-0.03607697850209202,-0.5093332360167568,-1.3565842792779994,-0.22733394153026354,-0.6363434312797309,-1.0984990715665461,-0.2810906494614222,-0.6315750602452233,-0.8631517676108457,-0.2659874350687851,-0.1665682791549327,-0.9354843043997952,-0.0829842861627086,-0.34787768031719685,-1.340815421997405,-0.27266352574227765,-0.48960475296943345,-1.06845729593271,-0.25901029062837716,-0.49600460940033464,-0.8157776524970445,-0.19069827039151002,0.0031845207278160003,-0.8721794384039858,-0.1429719184282036,-0.1837594873622365,-1.1526035977819928,-0.27972434368163074,-0.32488234996633836,-0.9992448903710139,-0.2804350263681955,-0.35237141042073417,-0.7951267570023782,-0.24220295554049784,D
0.0,0.0,0.0,-0.2751145477226892,-0.019442124454155645,-0.122568986747813,-0.5567007189217695,-0.29903585393323234,-0.19388107504376204,-0.7248212773755681,-0.5763322416001663,-0.27684070564658336,-0.7391839415484192,-0.8619878182154638,-0.35027381256267215,-0.4441304871440567,-0.922216039538944,-0.03171214448179951,-0.5200301178197706,-1.4455225741442568,-0.140678156513686,-0.586285135533419,-1.746853285978494,-0.20552439125182384,-0.6104339956031779,-1.9916652217831128,-0.2530823543562957,-0.30367359201723587,-0.9516136798325532,-0.047050545872458695,-0.5022845046725877,-1.381455606152697,-0.2359127843510556,-0.619369934918183,-1.1233499159347695,-0.283354486614782,-0.6098920199924625,-0.8675644747094757,-0.26126471988055217,-0.15228583194426862,-0.9388783914400122,-0.0875786997822437,-0.31396029600836783,-1.3687087261748472,-0.27155775439520835,-0.4383251038327919,-1.090584368128717,-0.25177352292999866,-0.4358653418312636,-0.8292123347648611,-0.17930727842421607,0.03131728961777524,-0.8731621064530939,-0.14175945133015028,-0.12819065195409426,-1.1689917830879526,-0.2755533152032309,-0.2648161141511853,-1.0074395826498481,-0.27175764024425264,-0.2967458258594392,-0.789977302405897,-0.23007088409619164,D
0.0,0.0,0.0,-0.2842932193545418,-0.05722120520638721,-0.1387754273618113,-0.5475999680966849,-0.3191503040545973,-0.22767714653848323,-0.6987771375621992,-0.5811038205179114,-0.32766315488586456,-0.6887802707806217,-0.8630583153312797,-0.4192107641519555,-0.43709503228215685,-0.928036004052089,-0.04989441955509373,-0.5186450368717083,-1.4263851729144097,-0.1702827875711419,-0.5838410754198902,-1.7174990908089194,-0.25168348582328176,-0.6118483482696615,-1.967193086211922,-0.3139026883916166,-0.2908446533147635,-0.9547598763189745,-0.06199166241996972,-0.4679458839897857,-1.345642693738656,-0.25273431533043766,-0.5652079530851832,-1.0877379398501201,-0.3158606255917515,-0.5598721675340698,-0.8523972089212402,-0.3138355399500805,-0.13717977160712497,-0.9381658260895352,-0.1006507928372464,-0.28802146719039945,-1.3550767479083576,-0.2835394846317867,-0.40504329006465856,-1.0848078260376357,-0.2735860194902429,-0.41071501906753316,-0.8233898871539661,-0.21540275018655264,0.04332449646962197,-0.8659310074994536,-0.15511575911672515,-0.10281439327715901,-1.1668545010179296,-0.2914904034686786,-0.23340476287420275,-1.0197719106961938,-0.2963224750862311,-0.2727836679009971,-0.8068143513799355,-0.26576208566816406,D
0.0,0.0,0.0,-0.2833212997521485,-0.0594443804806407,-0.1371526675682971,-0.5418981311750432,-0.3231921099998329,-0.22204537516084172,-0.6716811398879378,-0.5851621875383362,-0.31857089431883523,-0.6676670088087799,-0.858688619488432,-0.40793057386931414,-0.43652106097725624,-0.9292019684405218,-0.04437405411711806,-0.5222163876668146,-1.41572440834171,-0.1684123614136376,-0.5843819389575428,-1.7094862477618888,-0.2537260001158676,-0.605267194347817,-1.9603225606329207,-0.31861477656593357,-0.28725460397556113,-0.9558901879390208,-0.061308572783477525,-0.4547177457225935,-1.34008542433254,-0.2621607876807249,-0.537404427418464,-1.0733092472400025,-0.3329730949655022,-0.5181375951030606,-0.8359803143668254,-0.33329037405215856,-0.1324248344929257,-0.9378003293546934,-0.1056937439430089,-0.27502145935852906,-1.3350209482629736,-0.2990288465596196,-0.3785108183403874,-1.063208315077528,-0.30052784795512694,-0.37233995732709585,-0.8051769302194871,-0.2477330928966417,0.0485564641660608,-0.8666899393614993,-0.16542441146280618,-0.09051018248629833,-1.1547608945800867,-0.30776239039002495,-0.2096990805052468,-1.0015112901272694,-0.3193228871779744,-0.23528387871139794,-0.794810616547316,-0.29346644338080635,D
0.0,0.0,0.0,-0.2631236795555639,-0.041838016338631115,-0.15167454611894998,-0.5208526193538394,-0.30493869637673454,-0.24424466131230207,-0.6320946560377925,-0.5732064209492671,-0.34148995268321575,-0.6081493172445074,-0.8521921912409697,-0.4292861797994348,-0.41704943836430014,-0.931974811486,-0.08113220186202035,-0.5064121693793205,-1.4210335743587845,-0.2092366730003664,-0.5634263496686495,-1.7209319941296812,-0.2923402882754195,-0.5880523388874874,-1.9705776858708104,-0.35338073703313483,-0.2675826095347668,-0.9598128862551211,-0.0846095175094303,-0.43228350698248685,-1.3220711153382931,-0.278784068278799,-0.4871740200625329,-1.0485696476306958,-0.33223998645724384,-0.4595118239563453,-0.8111394054866973,-0.32205647658211256,-0.1046986739664294,-0.9374081092578547,-0.11507866097469269,-0.23645425085599664,-1.3303288891455813,-0.2999414935048489,-0.31339034258708715,-1.0519944110718495,-0.2811701667468707,-0.3006578097209321,-0.7958146917114601,-0.217979077081086,0.08487308991544376,-0.8597582207378123,-0.16237645835307787,-0.040988522396662105,-1.1507586683683428,-0.3055199588192633,-0.15352299667061836,-0.9873560260356306,-0.3078439247673717,-0.18550071400007836,-0.7762848543967612,-0.2741565315429185,D
0.0,0.0,0.0,-0.24378129975892193,-0.029668296398080215,-0.15007233640016257,-0.49869001659241785,-0.30746600499355586,-0.2436048018589615,-0.6099405713920065,-0.5936012539191371,-0.34124659823010994,-0.5749004807484525,-0.8670677979904361,-0.43126596595821837,-0.40157582824175897,-0.9356159989589664,-0.08827726283330382,-0.4932001426161867,-1.4227110027430114,-0.22252335030488124,-0.5504899274676677,-1.741708535324992,-0.3077329312119216,-0.5733086270605142,-1.9964863920333427,-0.3685061723087396,-0.24609024470588256,-0.9649661746706536,-0.09099380859203879,-0.3897907765255321,-1.3621894451193692,-0.2841830576156932,-0.4499226710376753,-1.0713107250332732,-0.3261845561507083,-0.4320976327172188,-0.8197169924527898,-0.3043547395736213,-0.07645384731872489,-0.9390380884736423,-0.12013056387271527,-0.19147684114001284,-1.3477710764899251,-0.30630951478697527,-0.2746705405730323,-1.057909925848296,-0.2758572210706657,-0.2719442879658424,-0.7936422095549791,-0.2015736097445942,0.11166341710524823,-0.8569396132727292,-0.1653778658302522,0.0011259249621031248,-1.1650315797566289,-0.30826286609769366,-0.1099848790032011,-0.9962036812318328,-0.29957890067514586,-0.1444469346353658,-0.7777709045678992,-0.2558922828295605,D
0.0,0.0,0.0,-0.25949186781803113,-0.08974503700858988,-0.13997976830489745,-0.47854107093031967,-0.3571829021397509,-0.22887826014670792,-0.5814449124167556,-0.6233489312586005,-0.3244588043634507,-0.5450575649939731,-0.8852576845351988,-0.4100753372717227,-0.39085082330020504,-0.9438727815704413,-0.062382750389759344,-0.4829160015295891,-1.4163647569113003,-0.18654906626125722,-0.5399489133903068,-1.7035949578881622,-0.26969777740656675,-0.5584454587681054,-1.9414779215873408,-0.3300255353008956,-0.24425061384448063,-0.9674931982336352,-0.06556332060112752,-0.3750737041847348,-1.3463626910415858,-0.23820023249006672,-0.4240428316302459,-1.0850007875467638,-0.28942660416731364,-0.4009793229732754,-0.8565057205732158,-0.2829684630882533,-0.0815080129117896,-0.9385498633170423,-0.09458548767898053,-0.1839812035778237,-1.338280775353363,-0.2561111675270769,-0.25704652817188356,-1.074307836199135,-0.23505444007860596,-0.24679732980544927,-0.8226256502839651,-0.1758632284605234,0.0990850248230388,-0.8510843375962829,-0.14038070765966304,0.009812194983223856,-1.1535052367343432,-0.26212840104370067,-0.09644672608157905,-1.0050897824560525,-0.258364110544411,-0.12741176411201904,-0.7978392736552702,-0.22487480558355266,D
0.0,0.0,0.0,-0.27394665152149444,-0.06289354958108612,-0.15618709830165625,-0.5079380700554889,-0.35661069436714454,-0.24749939043458852,-0.6058534917493712,-0.6478795468837227,-0.34096854971923635,-0.5441340506120139,-0.9162710576979471,-0.42454396895205554,-0.39532428169955075,-0.9497140082438331,-0.07851177736214127,-0.4848493669588634,-1.4440691693448098,-0.2004985326903206,-0.5404207344219674,-1.7485889867891915,-0.28139097126204143,-0.5611124133751486,-1.9900588526893261,-0.3405776815263369,-0.24065231018361183,-0.9679192514417633,-0.07224118141134928,-0.3589200841938176,-1.369386001500454,-0.25145752901583296,-0.4114082549146098,-1.1248254195328555,-0.3057517561912508,-0.39945211777797485,-0.8876735602799882,-0.2990064088486765,-0.07236338767747268,-0.9386081017093815,-0.09226776751015146,-0.16348051914396075,-1.367428516090893,-0.2632329972763166,-0.23792224829343694,-1.1044660947513911,-0.24795217343436432,-0.23375872959929173,-0.8393579314435237,-0.18983582201607596,0.11583862184111234,-0.8577324278148745,-0.1293722363494122,0.02679176566146477,-1.1762912354629858,-0.2632272381568252,-0.0761115661932238,-1.0239554499142616,-0.26743455691998064,-0.10744309023643764,-0.806196887233335,-0.23747513882324722,D
0.0,0.0,0.0,-0.2618032160641092,-0.08395725869603153,-0.14561140080278803,-0.4753236573518506,-0.3609486539005997,-0.23355700176514976,-0.5491433320141567,-0.6473927198356131,-0.32542392189795916,-0.4777967291162179,-0.9057562600355595,-0.4076210401190777,-0.38160523445978745,-0.9441169232158347,-0.0689349919054181,-0.46252025883058256,-1.420378805370817,-0.18883489259746,-0.5092928871446629,-1.7034730632144364,-0.27068626952612074,-0.5223033494230708,-1.9431219025065445,-0.33241386748261237,-0.23254284734737002,-0.9701783145475229,-0.06839489841578453,-0.3500647994731215,-1.353432044540834,-0.23903939575376137,-0.38104789660586164,-1.0910909356964391,-0.29235507784606,-0.3539042818175993,-0.8630992866658986,-0.2891043673681323,-0.06641675118765927,-0.9398476784667856,-0.09304612775167218,-0.15054533674873544,-1.3361317099690428,-0.2544973424445676,-0.20667209656873375,-1.0648298382030423,-0.23741152776457206,-0.19211496262214697,-0.8144766172577282,-0.18244542862387142,0.11667701112183897,-0.8515757155927898,-0.134412073047986,0.04138699984395446,-1.1552068616842046,-0.25792675380617547,-0.05254085174663719,-0.995143424159938,-0.25773000382120287,-0.07591015146424233,-0.7876074670561823,-0.2283114468026893,D
0.0,0.0,0.0,-0.2589974833716363,-0.09129977099736619,-0.1713791009725923,-0.47094579807378845,-0.3570007909922625,-0.2739022056323171,-0.5498543358737538,-0.6182025555438646,-0.3790252109798819,-0.47347215597287584,-0.8676524602165308,-0.47628272302076086,-0.38088653275512524,-0.9583525199703499,-0.07853816122208425,-0.4618754561980978,-1.4448557992287974,-0.20144048295521674,-0.505681119809311,-1.7233874358634262,-0.29547401414327085,-0.5117717675615268,-1.9711445321724135,-0.37275117457833074,-0.2238005570964339,-0.9714110320503274,-0.07920806432582303,-0.33745565637302233,-1.3711078529030867,-0.27466702479685806,-0.3838654517240415,-1.1109287755992052,-0.370180374484547,-0.3746148864134633,-0.889632484496937,-0.3989239775684024,-0.05902491902344527,-0.9335036486683567,-0.10653735754477667,-0.14026266707974647,-1.3270498764830307,-0.2986459465972926,-0.19575546516424772,-1.0578441243435963,-0.3304964014503492,-0.1934390449581297,-0.8028523813462429,-0.30835126924894923,0.12684034912690625,-0.8432991710623718,-0.15020667469893292,0.04735212490949241,-1.1420411541199944,-0.2997694039376385,-0.03946544404486997,-0.9743816827039513,-0.3317022189625523,-0.06677155529780379,-0.7646362280650741,-0.3287876701201111,D
0.0,0.0,0.0,-0.24491040778730777,-0.10657522412708208,-0.16038860427787807,-0.4422499662963451,-0.36766417036568977,-0.25851631058210167,-0.5222906314291762,-0.6320439965427295,-0.35957508933717314,-0.44010992158877,-0.8608100367557696,-0.45126234917707775,-0.3802505265467686,-0.9503494574362212,-0.07933717021443461,-0.4528132569036312,-1.4204257416476251,-0.19897477328767793,-0.49479380058389677,-1.6837172129200606,-0.2872693888254337,-0.5009941935192825,-1.9243851940836918,-0.35805738484533095,-0.22677939031842062,-0.9707923716876858,-0.07831525521763696,-0.32079644300241406,-1.3500829958967968,-0.25557413883177976,-0.35255365888849666,-1.1080857177321142,-0.3312802625086421,-0.3415184609867197,-0.8925991787167439,-0.3487569825090973,-0.06408136902395059,-0.9332420697435448,-0.10252985796606887,-0.12919858952465638,-1.3085445535270412,-0.27039290397518595,-0.17809910993766837,-1.0558162481506619,-0.2793524081640911,-0.17581714385030184,-0.8159287098646534,-0.24593589377335373,0.11562327328931932,-0.8371967136140968,-0.14382893271865635,0.053985745529333905,-1.1261955342918937,-0.27145067345062157,-0.030742565318435108,-0.9748497268459754,-0.28658104519119937,-0.06253569803877074,-0.7758734581538252,-0.2729292497940371,D
0.0,0.0,0.0,-0.2599780837152315,-0.10398483058793931,-0.19253302167631237,-0.46240860778198833,-0.37557308281682705,-0.3003582834777253,-0.5209707999134182,-0.641539640883632,-0.40635359887754263,-0.4169141257832076,-0.8662047329529567,-0.5040780525146719,-0.3777034329071262,-0.947924367501886,-0.07339770357943533,-0.4498035952698271,-1.3999873791554964,-0.19563773405350407,-0.4873270992742516,-1.6779437421382757,-0.29049696954284226,-0.49256915703401627,-1.9150279357989717,-0.36594242561836726,-0.21632493910073552,-0.9744371554260625,-0.06062797084042172,-0.2990191249985107,-1.329337448016259,-0.25062741151451395,-0.3302032556659522,-1.0882141347842857,-0.3421095278622149,-0.3214519559694872,-0.881071304551039,-0.36378173108455614,-0.0494921339816241,-0.9423979605642895,-0.07792692687685425,-0.10330395547329038,-1.3009421072019687,-0.2654267243226935,-0.14980941475726162,-1.0477924370763743,-0.2976236598742078,-0.14843758122378534,-0.8031765193595951,-0.2721931571019588,0.13355437217380867,-0.8558385920923152,-0.11379093170820562,0.07077546827625884,-1.120747411550802,-0.26360657763234624,-0.002708879667536953,-0.9631206631466032,-0.29700920852583435,-0.023723745988420825,-0.7650028943182658,-0.2906128330099176,D
0.0,0.0,0.0,-0.24542703767532673,-0.12206469624822226,-0.1676896217158142,-0.4296033983635554,-0.39443284990418764,-0.26590068770280834,-0.4682408267127698,-0.6564048019702673,-0.36538468123061085,-0.38170739617580673,-0.8805796021016549,-0.4535479040605738,-0.3785319501832504,-0.9580097915879795,-0.08319046512033225,-0.43639267399450743,-1.4322790098309925,-0.1934077693717515,-0.46619388575227577,-1.6873810611524027,-0.27470213933696347,-0.46446426748705466,-1.9177680632797103,-0.3420345572701475,-0.21169122174415875,-0.9739134034687054,-0.08172826426927289,-0.27044498580582643,-1.3407667936019967,-0.26315807775652367,-0.28962759887103917,-1.1005500614406618,-0.3468168962974882,-0.27765711180382824,-0.8797962810426944,-0.37001063959013736,-0.04204636664357605,-0.9340246832169967,-0.10498310820716084,-0.07258035466424348,-1.3011231539711903,-0.27584026020827646,-0.11386238536737969,-1.0658013771084205,-0.29755023635654676,-0.12033557110296272,-0.8262794509729435,-0.27448689247373637,0.14222220747746697,-0.8386451736893561,-0.14541869079125574,0.10939028043586431,-1.118936532327913,-0.2755461141511975,0.03152392634352741,-0.9839604761257965,-0.29894151268813285,-0.012317643520159103,-0.7908290569353824,-0.29292658949684014,D
0.0,0.0,0.0,-0.2565872528802977,-0.13537387097059436,-0.15763554224406953,-0.43935470411660094,-0.4083581805164649,-0.2534638571789568,-0.4460861092075468,-0.6624442459839627,-0.35065035239181114,-0.35065774504042807,-0.8645817192044447,-0.4379209724766258,-0.3589147215507764,-0.9636405290335461,-0.09103768959265562,-0.4136439180256879,-1.4311783524902535,-0.1996489615997788,-0.4495200012935087,-1.6806931292687688,-0.28053007993612644,-0.4503871059024029,-1.9110748827915318,-0.3492078908282668,-0.18771409066895361,-0.9776214810764409,-0.09497189006350262,-0.24365417554820817,-1.3481258350341216,-0.2724155554450365,-0.2655628706961971,-1.1050242043881398,-0.35343274459138335,-0.24929356152419863,-0.878734316528281,-0.37756786522885477,-0.020535286283673973,-0.9332972932914761,-0.12146727974263456,-0.0565221004870447,-1.3058329063820229,-0.2874793401277213,-0.09894857212711734,-1.0751917120035839,-0.30666683486541046,-0.09844621374022389,-0.8411129262874386,-0.2858370573157821,0.1594762224030297,-0.8334451172715863,-0.1640582447769428,0.11619473037642805,-1.1123415709554032,-0.2911839557871797,0.03841500304841389,-0.9763279760498055,-0.3111014053753383,0.0029922014276770946,-0.7861210829386727,-0.3050057783508683,D
0.0,0.0,0.0,-0.2644495130247683,-0.12750860879423317,-0.16763686214240708,-0.45594390572656324,-0.3952351891191178,-0.26807807221980506,-0.45710971172254455,-0.6334051004147893,-0.36854871185034727,-0.34167513354685186,-0.8278904260218447,-0.4598086741816576,-0.36762482751213055,-0.9700485222954901,-0.10789676270518818,-0.4195140758487474,-1.4540721786363322,-0.2217552600194147,-0.4504329127663495,-1.7136672992353226,-0.3101765224648539,-0.45170234046625873,-1.9534876149251776,-0.3856203566590744,-0.19524678438126555,-0.9745853723159138,-0.10982734293711775,-0.2374841285152607,-1.370403959047361,-0.2929481158242,-0.25542750018230026,-1.1179854451936784,-0.3859453491929032,-0.2455129557659042,-0.8829036585207942,-0.42054328212768083,-0.023321313370181198,-0.9252072809761561,-0.13409813035695345,-0.03871964695817032,-1.3133257116849315,-0.3002968483593262,-0.08006717989709954,-1.0877286495682363,-0.33007652662843673,-0.09289772314646455,-0.847374026739154,-0.31822439236753186,0.16260471110812724,-0.8263957014907223,-0.17503252121290397,0.12720343174734286,-1.1246748568155067,-0.29779524360188037,0.06024328451486229,-1.0026935632546599,-0.3220453499596851,0.026191313069664265,-0.818992808685524,-0.32228254844841986,D
0.0,0.0,0.0,-0.25832930719464453,-0.15831631288257256,-0.17777975084851041,-0.437532390500435,-0.4179656589740014,-0.2802054085593623,-0.4397410186945999,-0.6850089515669524,-0.3841010891244986,-0.31725399001848775,-0.8943376370071756,-0.47673046099335353,-0.37154653198462645,-0.9766335868900905,-0.06668591324513178,-0.41604586431800156,-1.448679544399027,-0.1701284831960918,-0.44799762430055023,-1.7019889583135759,-0.2565443175728115,-0.4466480537951256,-1.9342060810163206,-0.331822908987963,-0.19970282158975483,-0.977903205967245,-0.06183933059206426,-0.23216790335501084,-1.3555795875469605,-0.24365560112095408,-0.24012343060945743,-1.1313232741750046,-0.35060843342810855,-0.224047431262061,-0.9188037344353518,-0.39584779666174075,-0.03473061232728885,-0.933814435022284,-0.08273783562806508,-0.04306452832333821,-1.3012174182108567,-0.24964391507951086,-0.07842082660279509,-1.1021155528522135,-0.3001311111944818,-0.09175398776232979,-0.8777807286182625,-0.302825210223368,0.14635144959003926,-0.8393192897327468,-0.1215434798179464,0.12113697798192923,-1.116368035389665,-0.2379824560527797,0.0537905046192533,-1.0077812707967333,-0.2740242387907215,0.01077375507737382,-0.831586329967809,-0.28566314395170755,D
0.0,0.0,0.0,-0.2528658607843434,-0.15946621225505994,-0.1900732658509665,-0.42728158902039337,-0.43050509666936354,-0.2999373614477609,-0.4293775021986222,-0.7074481436655636,-0.40992997054504754,-0.3030796152479248,-0.9384893282293865,-0.5094993325894964,-0.3595533455810385,-0.9791026995317105,-0.08119522939572624,-0.4093957001379503,-1.4613769247656034,-0.187428837630248,-0.4321390127177876,-1.7221961014529703,-0.2752044108597098,-0.4237022680837876,-1.9606132881632523,-0.35118707811002825,-0.1793786051528461,-0.9811857050410517,-0.07139977756627516,-0.21350209795488628,-1.3553708674698013,-0.25278305937929363,-0.21169502431063134,-1.133933110328766,-0.35781257846147707,-0.19475139525697832,-0.9224326752151373,-0.40190617998760275,-0.011160506310192365,-0.932859149185197,-0.08800287552517354,-0.017454577908861495,-1.313713801544505,-0.2567233384055209,-0.041762153833314636,-1.0931132163242414,-0.30134046158697436,-0.049368911003753874,-0.8558709927941087,-0.2991833891946062,0.16739200803385149,-0.8355136506310862,-0.12350350091557559,0.1509357043659335,-1.1252725515870745,-0.24841388956740118,0.09458033492110933,-1.005390263155327,-0.28409806870675935,0.058358006449771425,-0.8213227646233919,-0.29251408191973954,D
0.0,0.0,0.0,-0.2545681316932966,-0.15943938337497965,-0.19389153609741583,-0.4229043072154093,-0.4357331298086924,-0.29954998629392543,-0.4068419150199003,-0.7114162134961372,-0.40402963053751134,-0.2825502192530062,-0.9366673832008341,-0.49836414941655577,-0.35562521357206917,-0.9782601378659159,-0.0855830716888545,-0.39456931054249506,-1.4610036309326346,-0.19037809473103065,-0.414026153770572,-1.7235687468951297,-0.27453433404070987,-0.40956316555507655,-1.9664175492739047,-0.3475468212644093,-0.16806787630748735,-0.9829963302176935,-0.07396893761599045,-0.20562559717162707,-1.36749681758317,-0.2588294493224587,-0.19743903768039436,-1.1484523357429506,-0.3646886947492924,-0.17871793270083297,-0.9283670295271643,-0.4074399919097034,0.00807178432446426,-0.9380736242398301,-0.08896791980449133,-0.0009768151479458314,-1.3303707298248262,-0.26415521325738006,-0.01269982315371,-1.113828739013891,-0.3142239177914441,-0.016487894149233805,-0.8767552366398803,-0.31333214172272256,0.1947016009037508,-0.8490473342007842,-0.12262805196923965,0.179041412284097,-1.1496243667728359,-0.254674965351294,0.13650151724709272,-1.0272416665147568,-0.29448295697639876,0.10911979209817178,-0.8429107867159986,-0.30392284657397767,D
0.0,0.0,0.0,-0.23909392444910438,-0.14361295872132404,-0.20423505141328419,-0.40379383383006323,-0.42456856904673257,-0.31883921302269846,-0.3885184392090942,-0.7052067642775895,-0.4277722978166964,-0.2600653010348481,-0.9293954147595356,-0.5248041187169814,-0.3386173829372792,-0.9793141971163032,-0.10528701118614629,-0.37824392767495785,-1.4416210101576619,-0.2125421152350545,-0.39289749123578904,-1.705743102994766,-0.29736101812468446,-0.38761204539851696,-1.9376563086034646,-0.3684928426920498,-0.1611357845664857,-0.9830662184312741,-0.08727009288053658,-0.19570259561528897,-1.337473525148747,-0.26913621620675404,-0.1780145626583689,-1.1351260111542198,-0.36951404244617014,-0.16257774249043136,-0.9245075059208009,-0.40623782259895785,0.008577770682471706,-0.9337602859182683,-0.09548538728333343,0.00993322531184859,-1.295814152988702,-0.2720906818727568,0.000762930696360694,-1.0762470473756027,-0.31644311903270317,-0.011142380653416531,-0.8356877665704152,-0.30883913082710357,0.18854220268562863,-0.8386040620668199,-0.12290702029206069,0.19271870464826488,-1.1137166820962467,-0.26430151516635214,0.1531295028628864,-0.9843836210649527,-0.3038645709764255,0.11898079107116556,-0.7971503124922253,-0.30783474131021327,D
0.0,0.0,0.0,-0.2375621146735399,-0.14765035928113782,-0.21742210139697696,-0.3985299252140362,-0.43062232375291626,-0.3337678570498696,-0.37562580966844417,-0.7134908308031425,-0.4434140278284004,-0.23858709215991383,-0.9349011821866088,-0.5417841003740715,-0.34046690506676786,-0.9762239957004044,-0.09181752825447076,-0.3807347805739211,-1.4384044610585063,-0.19367236187013412,-0.39053421136737415,-1.7080704435325915,-0.27819814320701797,-0.38180727357290845,-1.943864653443724,-0.3509443637597526,-0.16205411346679485,-0.9845635533304608,-0.06612922018130805,-0.19359575337917623,-1.3270967980294983,-0.24602695201083016,-0.15673401452005065,-1.117639992033479,-0.353792280909535,-0.13588968474291957,-0.903245083724139,-0.39578794802158784,0.007680426184148787,-0.9381692195615237,-0.06878523932102099,0.010047541351926701,-1.2951602878226405,-0.24593686564178055,0.022679177577013508,-1.0722132894425893,-0.30134337657246635,0.01661919421957554,-0.8269929849085375,-0.3006111871000837,0.186002868090187,-0.8485961584880947,-0.09162640558989649,0.18853359578661882,-1.1195172058815537,-0.23616015393425385,0.1637038146140804,-0.9819038549569356,-0.2840002144685897,0.13394342125828856,-0.7876824416505893,-0.29365586987473846,D
0.0,0.0,0.0,-0.24429328131115188,-0.15118653964530337,-0.2360048218293861,-0.3977951945490696,-0.4412392159734553,-0.3603457109802169,-0.3503934372046004,-0.7185957519603812,-0.4747346824890408,-0.2046636131153857,-0.9367373380733794,-0.5786404001503668,-0.3391838998175431,-0.9767688981453826,-0.1210348906265757,-0.3814455978430981,-1.4395386365460137,-0.23599291219214724,-0.38860422391285027,-1.70635035636942,-0.3317095428548295,-0.37596342835644014,-1.9416187013988004,-0.41309349431114295,-0.1518716940699862,-0.9840251365360336,-0.09289520550358339,-0.16357349646291652,-1.3301392776151013,-0.2947896674143529,-0.11337017209972881,-1.1034012686386316,-0.41710403546104285,-0.08741370154337301,-0.8791500386220965,-0.46686255822558886,0.021784361165972786,-0.9347194718894379,-0.09364066706193167,0.03654390453940657,-1.2998780570026434,-0.28837816674932804,0.05534268311520546,-1.071954221792861,-0.35578431991773224,0.04641886198881475,-0.8232625479837877,-0.36158656090518465,0.20060102568314045,-0.8435633419854762,-0.11570115375109324,0.2137560373415109,-1.1084974257653712,-0.2745981618485034,0.19478982327747152,-0.9736597822591428,-0.3319939146341947,0.1592337180619942,-0.7838752759341772,-0.34794194055709005,D
0.0,0.0,0.0,-0.236488967186104,-0.15148699087566295,-0.18752124090816868,-0.38974836076022723,-0.4397520778195305,-0.28461461446790093,-0.33987357435297644,-0.7150763974669847,-0.3731639275362321,-0.20547158244825295,-0.9289462480779052,-0.44775857886111914,-0.34018251289620177,-0.9797003730335351,-0.09371485363060149,-0.36291188430472865,-1.406711492315854,-0.19231203842680106,-0.36666864899350526,-1.6593947569263878,-0.27608162164918376,-0.36120450945695454,-1.8847690243670947,-0.3486295269989699,-0.1536641863193981,-0.9850981346602158,-0.0772591931860585,-0.15928515773113308,-1.3177754435438311,-0.24572925356428427,-0.10903685494969874,-1.1280394759123133,-0.34311020379328155,-0.0867374773912109,-0.931694068536658,-0.3820147749140343,0.01963526076913023,-0.9267015496749802,-0.08414147848492973,0.039182767691313715,-1.273158687637738,-0.25000109395791204,0.06452247853171032,-1.0692632992865672,-0.28755630905069357,0.061358164814756276,-0.8414457622379854,-0.27832001977591764,0.19958554941676598,-0.8183732507869104,-0.10855589954379036,0.22085325674896963,-1.0778161492257794,-0.24532077628248697,0.20063679550121521,-0.9638612536793755,-0.27875417630844007,0.16633179164095674,-0.7932200731237417,-0.278609326208512,D
0.0,0.0,0.0,-0.244590234371513,-0.14512054069902497,-0.20182991684708887,-0.40279814583689244,-0.43583975554896043,-0.3033107054310127,-0.3479215481214566,-0.7160384452199194,-0.3952476687932305,-0.20546570463267885,-0.9210173891114575,-0.4743645938390441,-0.3536643713244219,-0.9669538448191302,-0.09332834527039775,-0.38670393773114,-1.4017254057379285,-0.193160087109578,-0.3894265285929688,-1.6645219448452466,-0.2801581544070673,-0.38593906042847975,-1.8927473466691043,-0.35670207557021216,-0.1642896963225067,-0.983714624536818,-0.07290015881084191,-0.17887435584251032,-1.3100961017270811,-0.2522621267717222,-0.12261580260873292,-1.0992079187635218,-0.361164938246887,-0.10577692321989186,-0.8825151593686433,-0.40468961253984925,0.010373180159853146,-0.935174089677613,-0.07737135079474185,0.025061594184848088,-1.2919701670017067,-0.25341293337235204,0.056948736374200996,-1.088421990922981,-0.30505171510612394,0.04855234062344921,-0.851890098783769,-0.30276931465100193,0.18920848616678687,-0.8379670161292898,-0.10019415632303069,0.20046278500031894,-1.0966767175028038,-0.25078501565840366,0.19161209436009757,-0.9872245690601564,-0.29775501494301254,0.1610431111553826,-0.8165588519101313,-0.30493822652147945,D
0.0,0.0,0.0,-0.2369958320428918,-0.13972454060438771,-0.17210692141767736,-0.3928436460549594,-0.43130169771193916,-0.25755474046992194,-0.3094278998242352,-0.6807060419248563,-0.33648710242350643,-0.16326012069043422,-0.8585583627132986,-0.4040965950863031,-0.3484139780953361,-0.9668423276276131,-0.0777659752320389,-0.3874834170674223,-1.4065272123560242,-0.17518890301359705,-0.3933562690612898,-1.6742394239991798,-0.25913748948587706,-0.38682445978707974,-1.9076618455582615,-0.33075823452084474,-0.164865040708044,-0.9838664855674079,-0.0694712669351335,-0.17290323221473183,-1.3062671679588265,-0.24320333500546634,-0.1252326904806635,-1.1160638720059304,-0.34022629989925557,-0.1026412609427324,-0.9151285653721168,-0.3726652219192667,0.008693524408726668,-0.9329337768363603,-0.08332155254705466,0.04144000890635385,-1.2674817896362933,-0.25621893054136236,0.06325355625085205,-1.0448183350717626,-0.290069038232468,0.06230442218256905,-0.8071911816330941,-0.2723533036075973,0.1866305650400181,-0.8286769492647509,-0.11317297284936634,0.2090554996996227,-1.0649007887289534,-0.26259231484206275,0.19227508120075212,-0.9170408779746096,-0.2926213650755754,0.17414662049654694,-0.7358960360208945,-0.2832934328864227,D
0.0,0.0,0.0,-0.23957737964915787,-0.07443752695891914,-0.1636454070568181,-0.42736606206993943,-0.35268593909999346,-0.26069755640952563,-0.3732038451543207,-0.6130611432777403,-0.34915188285804233,-0.2069922708457481,-0.7862895768925966,-0.42864911340283435,-0.3616329366790137,-0.9521425720923681,-0.12939293787747466,-0.3965001487565526,-1.4159433896957123,-0.24334718773140426,-0.3975149418075472,-1.701500390523419,-0.3311849258276494,-0.396666918750501,-1.9513077864798274,-0.40323405135765644,-0.1625516107303347,-0.9785954584554102,-0.12620579439716434,-0.15989321198827394,-1.2777994888303958,-0.29805081658205085,-0.10723570450813831,-1.0112382044805246,-0.36058613914992277,-0.0927942734174481,-0.774924414401325,-0.36912941043162434,0.03128709022444907,-0.9211708330604418,-0.14224767708080538,0.05538677165871836,-1.2413418201391822,-0.3069006989857708,0.06612453881864876,-0.953295080308337,-0.2825877716421008,0.05597519099997244,-0.7011756994853994,-0.22709951477282997,0.21799814557385325,-0.7985025262227926,-0.17451812858242502,0.2440822954488594,-1.0428885981762095,-0.3143233514979383,0.212195211195191,-0.8544647252260693,-0.3027880529044836,0.176664226195563,-0.6552903293374248,-0.2625942402907709,D
0.0,0.0,0.0,-0.22195121890774777,-0.046412926899416236,-0.20025104970465793,-0.39661413723962446,-0.28692847612415684,-0.32844053582337296,-0.3674843907040816,-0.5469822187298851,-0.44136741702318794,-0.1783855545425192,-0.7328729272413136,-0.5442026816181117,-0.35132320144306306,-0.9500139244616113,-0.182588635954062,-0.37574252887052956,-1.4476214434299794,-0.3238325456783382,-0.38372437147513216,-1.7628029792213904,-0.4271324503738794,-0.38352686742331876,-2.040573780772901,-0.5079416139989652,-0.1383460728895868,-0.9758559639218879,-0.1690133183927001,-0.13758074468880988,-1.3020845946965107,-0.36316050716588627,-0.08301315913945431,-1.019386172107602,-0.42854823531976594,-0.06733548711166511,-0.7595842996956093,-0.4340859981129735,0.07483039818427029,-0.9005391594823537,-0.17690194079199614,0.10492507807933761,-1.2301495218675476,-0.36136199246001965,0.10924364074418841,-0.9112878972809114,-0.3312919349118373,0.09278882178911746,-0.6484197219368422,-0.2666776275034108,0.279686748437121,-0.7554091375790166,-0.20361021083058434,0.30870487366678523,-0.9948139891506736,-0.3571692335728532,0.2721731900404749,-0.7740958573749258,-0.3424894888494144,0.2324438842987016,-0.5633015162877011,-0.29602019319052947,D
0.0,0.0,0.0,-0.21874203770284217,-0.08582182183504272,-0.15979024980247125,-0.4055549262119384,-0.28778629068557227,-0.28051459026320313,-0.41467436554192333,-0.45769453992429876,-0.39894877847248744,-0.29598803087528347,-0.6008595945645175,-0.5105142550088427,-0.42150568261312577,-0.9703695436471638,-0.16221448841153802,-0.4690479683753288,-1.4691066889589173,-0.3215198010489313,-0.48011392137384834,-1.7810278117378107,-0.44715326921040643,-0.4702272160442493,-2.055278253787784,-0.5418692368035087,-0.20043335578631627,-0.9636336718451298,-0.1767388366333462,-0.19987920340263654,-1.248217560066661,-0.40415325229905685,-0.16804236545429535,-0.8819353705494171,-0.4884069226072239,-0.15918248027419846,-0.5764449796224697,-0.501354750034151,0.025073614666187294,-0.8781528887778324,-0.20939331645191303,0.04176542523187389,-1.1888768144789765,-0.418384284387704,0.030875832297877586,-0.7989657952506302,-0.3824720402875876,0.0112901781532527,-0.4916625140319841,-0.30792476210088526,0.2416073052605968,-0.7354445468733661,-0.25648188104650166,0.2514464304112372,-0.9357306035427866,-0.4186512462301245,0.21210360554873542,-0.6667005903494527,-0.3858801130611243,0.18951584154969756,-0.44135687404391494,-0.322163130654252,D
0.0,0.0,0.0,-0.22028575553386429,-0.08268744259651929,-0.15791803381375874,-0.3912847977388383,-0.32766174474395504,-0.26373680690838186,-0.3986613358175024,-0.5330139390349228,-0.3661306729050288,-0.29227485540226295,-0.6932989799883706,-0.46162246094997106,-0.36652537570353677,-0.9885239561424128,-0.14467308636135404,-0.4123108981411499,-1.4961504839401933,-0.29104843090330756,-0.41811856205896003,-1.8093371599950017,-0.3986667151597778,-0.41163483452534505,-2.0800326471679593,-0.4798385088394749,-0.1563437631411958,-0.975288932622605,-0.15610293280624035,-0.18582766386996022,-1.2993055379443272,-0.37288784083749865,-0.17360467544183267,-0.962868152319882,-0.4458980069196295,-0.16892332636546908,-0.6746870392998718,-0.4503575955921497,0.06206132131838968,-0.8790219789913575,-0.1861647910074556,0.06151821779606289,-1.224500925683249,-0.39208237474550917,0.0273090142410248,-0.8715306117410532,-0.3536967408161999,-0.004600034639029879,-0.5846299263981118,-0.27577448564011103,0.2735241856906103,-0.7198160025982027,-0.23059159315097247,0.27886264332813004,-0.9722852432381229,-0.38703548842868224,0.21462204014700975,-0.7469810683082719,-0.3535649139053367,0.16530346034943466,-0.5417220010249262,-0.29030949282181095,D
0.0,0.0,0.0,-0.21239506448242507,-0.1089879197601051,-0.12214073694552632,-0.4131968508766151,-0.34975492818592746,-0.22062101285294705,-0.45536461258767336,-0.4940206957364578,-0.32786199681365796,-0.33892277059409387,-0.5865256179167406,-0.43413333710148005,-0.40396223229460804,-1.0037824564680105,-0.13236366017133996,-0.46348923955193383,-1.5471963255645196,-0.2853488890332098,-0.48607573739969007,-1.8609332177309013,-0.39904882205746695,-0.4794934115177098,-2.1372946744897696,-0.4876259278410465,-0.18494036086223117,-0.9681897524905712,-0.16853980567330182,-0.23268482744799218,-1.3050992459885689,-0.39624989446424974,-0.24041028770424688,-0.9122662931908067,-0.4766282018295412,-0.23621743827754665,-0.589934670224152,-0.48919951830202235,0.0442319158456839,-0.8557788255782008,-0.22055936078447183,0.025157096560201386,-1.2114881116276872,-0.4368742648707736,-0.027661991211459822,-0.800958961925625,-0.3958570873860602,-0.05584031168251052,-0.48671504372955515,-0.3175731696525777,0.2687566477654122,-0.6928295558499635,-0.28320038803685055,0.24424409060189603,-0.9437225485728299,-0.4448550551789628,0.15950678393836373,-0.6655254482638169,-0.4046083741020369,0.11708987010147816,-0.4311988914639612,-0.33966528804879437,D
0.0,0.0,0.0,-0.2254371843650894,-0.09885595244968173,-0.13524248623575832,-0.4422357419814441,-0.3197419527084153,-0.2466053808619404,-0.5233059980225923,-0.484849487291579,-0.36217661031018467,-0.4371123793523705,-0.6270176812116893,-0.47470915074400544,-0.41004175978914936,-1.00901086913392,-0.1484733395081947,-0.4916931346424328,-1.5468927112677426,-0.31718755988022385,-0.5311218297484872,-1.8560952163386968,-0.4422030154627355,-0.5359804444522307,-2.1230291866296036,-0.5337959560986869,-0.20179444480238434,-0.9635688200071046,-0.17553954300103827,-0.2786437306527573,-1.3128601596188418,-0.4149306265452016,-0.3082037882240935,-0.9346908199993913,-0.4945157491059814,-0.305791063667109,-0.6211240117105495,-0.5007203099617028,0.01812312023493471,-0.8493361465522472,-0.22104386773256585,-0.029021333034825667,-1.2098322643719646,-0.4495879829179952,-0.10070168961973922,-0.8043310180211566,-0.40982319781904136,-0.1286170223346945,-0.49182291303720244,-0.32534283420754967,0.23791955877046875,-0.6905626628231417,-0.27721399378868433,0.192982491797524,-0.9468894123148743,-0.44830883658976955,0.08567421669471029,-0.6790741025252651,-0.41098316432140347,0.036566648906734084,-0.4493550963220752,-0.3428290309205982,D
0.0,0.0,0.0,-0.22237246707547453,-0.11957777663943944,-0.10311552239009202,-0.428719941093059,-0.3610393085012719,-0.1916720240899044,-0.47985200743751333,-0.5648344639591357,-0.2890438770766394,-0.38990675404479536,-0.7325653930909359,-0.380984061178157,-0.35679538379792847,-1.0129405821769435,-0.095001682615525,-0.4391572880039973,-1.5410381531777093,-0.25562174438225466,-0.4900244784301394,-1.8611084640379634,-0.3806654243134429,-0.49828774744361226,-2.1203236669843992,-0.47040654729193415,-0.16899029860953615,-0.9781206816659125,-0.12133511887854438,-0.2657828362637759,-1.3448969983938335,-0.31705010651000143,-0.30426076454322243,-0.9847632646599354,-0.37650162054583636,-0.2875066911178888,-0.6876463594429575,-0.37824500643921044,0.034601767401832725,-0.8754535937260217,-0.16695092091977823,-0.02413164679714789,-1.2731121322523766,-0.35239562856633433,-0.10200274904943826,-0.8948553517871417,-0.30371668663065055,-0.11173519290799187,-0.5936033197845856,-0.22377071742164698,0.24010840812903456,-0.7200356338800645,-0.22239459165993886,0.18625746838778703,-1.0026523287088687,-0.36130339092414887,0.0726866799931547,-0.7488066388001863,-0.3167254924757311,0.04165939430436717,-0.5144212697824335,-0.24897721377118537,D
0.0,0.0,0.0,-0.19918848132294947,-0.12146102976612255,-0.08705796316296936,-0.3880563939581686,-0.3829548827845069,-0.1559938317058411,-0.4483320441262169,-0.5888416564670956,-0.24020231300436412,-0.40208138933773513,-0.8015210237307289,-0.3196749645112499,-0.3264182628377179,-1.0170983705462826,-0.05538319904147747,-0.4187803658497501,-1.5522535756351084,-0.2048355083064701,-0.4794083908899397,-1.8600181587720215,-0.3193120236759259,-0.49806999506313143,-2.118392411160729,-0.40045380019795546,-0.150139167036464,-0.9846843728436366,-0.08862796623600591,-0.2635304424218396,-1.3828748462393619,-0.2818881415115928,-0.3149074383974623,-1.041097106872109,-0.3480484718555816,-0.2959473457643608,-0.7427975135542114,-0.3538422847481513,0.037884789289541185,-0.8931799618929559,-0.14209841795911926,-0.02649468097864735,-1.3079687710013814,-0.3356154369412906,-0.11571420239108066,-0.9385533775881983,-0.3055786488802005,-0.12326648872495742,-0.6281932655954678,-0.23516759852919772,0.2387741265358173,-0.7522543147517604,-0.20354697258702878,0.18750622413005544,-1.0479961525322188,-0.3514816504613382,0.06610568450315354,-0.8052663935298977,-0.3227274052374468,0.02955326317094419,-0.5606754401129534,-0.265528514020233,D
0.0,0.0,0.0,-0.24167617938966154,-0.09563083062581838,-0.13538321630585826,-0.4364184761288019,-0.35148488717272125,-0.22884265933263093,-0.474465466731996,-0.5744722674107994,-0.3258455812343716,-0.39392701713875217,-0.791335436537402,-0.41725660778479823,-0.344368983764909,-1.0004455143967161,-0.10210814583785191,-0.40925045225274126,-1.4921546699082626,-0.23922704189116123,-0.45105181608812367,-1.782851630814319,-0.3450611849695341,-0.46207110216337277,-2.0348894611559114,-0.42818372142850963,-0.16221632296408292,-0.9798413178047339,-0.11660555941589901,-0.2527851778350174,-1.3572257317229182,-0.3072235232299224,-0.3014358638758721,-1.0323882299706808,-0.37970063905345974,-0.300921870781044,-0.7829635599480952,-0.3933702419599787,0.028443166367407107,-0.9000456150705505,-0.15163984537228611,-0.03290373697453831,-1.2891452888070056,-0.33836544088482506,-0.10847375704497543,-0.9508092702386773,-0.3183814673131001,-0.1249749545562634,-0.6749754254193672,-0.2611536652721245,0.22835402022420775,-0.7618854980165747,-0.1993480882686985,0.1713329911388344,-1.0536659083154587,-0.34856932841667515,0.06420773114423854,-0.8415907216082573,-0.33795441893275124,0.016406628916018743,-0.6249192455801733,-0.29906701383680134,D
0.0,0.0,0.0,-0.2580562313812657,-0.031322543689552194,-0.16425036306151797,-0.5013926617096829,-0.27644868120870886,-0.2766569909475542,-0.6002677356087448,-0.5229050937886742,-0.38467982963997027,-0.5281343637712195,-0.7583904580678986,-0.48569093999275303,-0.4148026232360237,-0.967601977210076,-0.15736702508062722,-0.5037350354234689,-1.5169516586388523,-0.33879239580751647,-0.5530008469772464,-1.850416821982041,-0.4843378126767041,-0.5772780158038967,-2.119896232305361,-0.58840543849536,-0.23313344246493858,-0.9598447072069693,-0.15603504750925154,-0.3754838262043849,-1.3656561088635315,-0.38053483071712146,-0.42277528715334606,-1.0548266835404858,-0.45844455763384345,-0.40812906263964294,-0.7749103568914423,-0.466739329529791,-0.03514852372511401,-0.8954329404089191,-0.17766186372603168,-0.12097387167933434,-1.3434348707356738,-0.38885410472391035,-0.21679411507143492,-1.0139627791867931,-0.36846224052783894,-0.23011287278918233,-0.7130316449906885,-0.30029603424135387,0.17037602449171904,-0.7818641823201403,-0.21340781069528497,0.08340462365103896,-1.0885348482225583,-0.38560023844550123,-0.04873294329794373,-0.8710088993304632,-0.3736219357486541,-0.09059265836846705,-0.6252871288360109,-0.32196109551509916,D
0.0,0.0,0.0,-0.24099805856319198,-0.020197283541725567,-0.17271708862304253,-0.48680203955483686,-0.24924325716567497,-0.291156386282315,-0.6003746326134891,-0.4773520556834529,-0.40791588726173783,-0.577908462707211,-0.7406089672073004,-0.5177565392519133,-0.40989595043060373,-0.9552660387549757,-0.15477904722881547,-0.4983674116228368,-1.4723290686263593,-0.3170812556808858,-0.5574246852211118,-1.796125495723398,-0.4300721271017803,-0.5814747997548757,-2.0620280250556,-0.5107893342932412,-0.23899934516030633,-0.9585591005054178,-0.15506051673843024,-0.39994689518719406,-1.3731749172738388,-0.3754885562591746,-0.455240226451313,-1.0768209411987926,-0.4448658502470521,-0.43442139672518354,-0.81360638329949,-0.4450362089343139,-0.05325469215147127,-0.9059861128713027,-0.17984084350364898,-0.1669658112368993,-1.3334704175253291,-0.39092335007022894,-0.2557279477822987,-1.0170626746490534,-0.37153857495478443,-0.2611912955802795,-0.7344372078293523,-0.30390236563450357,0.15072791716934736,-0.7991303460593434,-0.22056164477552329,0.04565639795445726,-1.1156915871035555,-0.3870587167146629,-0.07445173704710346,-0.9224047517060208,-0.38342197013829615,-0.1174466008629631,-0.6964956439814848,-0.3416096694268669,D
0.0,0.0,0.0,-0.23236667847348447,0.00355236803702286,-0.15775013991296075,-0.480529904199364,-0.2557475176409325,-0.2607103394305193,-0.5967928463831557,-0.5054546252198471,-0.364285800508816,-0.5820712850156976,-0.7668770715659098,-0.46176670421611254,-0.3982091048778138,-0.9540312142740338,-0.131714525156426,-0.4928111853100566,-1.4980745794252819,-0.2950719725187228,-0.5538051783778496,-1.838182116231309,-0.41339971131904546,-0.5802455395101537,-2.1105097510034185,-0.49641066819151414,-0.23107724917119177,-0.9633731392599381,-0.13607167033562428,-0.4111344084401132,-1.4004611541161367,-0.3646391683737615,-0.4792137559948442,-1.1103672490818595,-0.43875518811299685,-0.45651196457570475,-0.8458789125351768,-0.43598787818376616,-0.048667165227397356,-0.9223434268722319,-0.16413230619264807,-0.1712017121194201,-1.3892835159513188,-0.3808310307831993,-0.2786931017379051,-1.090523549561564,-0.3666595603898297,-0.2905518642496502,-0.8134989255938146,-0.29711340740079367,0.15186940961895165,-0.8219612034048458,-0.20633017452331595,0.04126838278894647,-1.1590953278687381,-0.37777881152348564,-0.08786088755637404,-0.9761137639850828,-0.3747752538914031,-0.13196922661622804,-0.7524876275375327,-0.32873827386444954,D
0.0,0.0,0.0,-0.2480033561752839,0.0026276634031797068,-0.1599384060902232,-0.50222710105538,-0.25894176236311633,-0.2655987239781858,-0.6240948288377894,-0.5089601700471088,-0.3747433604823194,-0.6367899647442635,-0.7934190296061322,-0.47701575270700725,-0.39713670119343436,-0.9511297904239963,-0.11826153813820878,-0.4902334680483974,-1.5096568870953389,-0.27462261183615627,-0.548979523310468,-1.86653049249254,-0.3846073249562062,-0.5754396011997591,-2.139180153725379,-0.46002904259040306,-0.2420830453855083,-0.9624546177005316,-0.12278806132438683,-0.422141542740984,-1.3820869711963009,-0.34936051984415395,-0.4989477590103,-1.1009049058510034,-0.417939647124943,-0.47917035967040117,-0.836005747597291,-0.4084707026705791,-0.07382935842444029,-0.9314945034551809,-0.15271243789111874,-0.2075358676859785,-1.3884794800637001,-0.3657722339653064,-0.322734929991443,-1.0920828982412978,-0.34748995160514995,-0.3304401381909415,-0.8084588780892962,-0.2739816907044175,0.11432600542813133,-0.8378543407908661,-0.1981168627338894,-0.01831522723502666,-1.1599794898115647,-0.3637745572509708,-0.1499732800878805,-0.9769925434069409,-0.358288970185986,-0.18504219703025238,-0.7468438231763396,-0.30965808849200577,D
0.0,0.0,0.0,-0.22565824228436263,-0.07193286555591227,-0.1295658775789192,-0.4386931573655042,-0.3439896022216746,-0.2168707789761043,-0.5499811635892453,-0.5803070094954953,-0.3148652176526737,-0.5696040244419535,-0.8359482778434412,-0.40452703826764136,-0.3419221873419419,-0.9799354981149708,-0.07059297637272718,-0.39467878934496897,-1.4906273823303093,-0.19795051512394748,-0.43007844764136366,-1.7785766328964103,-0.2814799375267128,-0.4319962970329065,-2.0176400100542775,-0.34034550253551415,-0.20304039812955157,-0.975268005301075,-0.08733220805324574,-0.35937962856081407,-1.3782268187909106,-0.2921714755724962,-0.45808471650270477,-1.1043020878963354,-0.35204752601115546,-0.45768010249781227,-0.861552315047979,-0.34143523143455334,-0.052540256836338436,-0.9362104212360659,-0.1283795953014022,-0.1672317963009747,-1.3687472531912022,-0.3225321872932079,-0.2807382260684016,-1.0919157039138783,-0.3085279704807149,-0.29571183060094947,-0.83234007603976,-0.24292808816837005,0.1246237374628138,-0.8447500756256157,-0.18333529377269484,0.011482168767892074,-1.1618958214643367,-0.32893860850345447,-0.12043183666180235,-1.0108323168322753,-0.3294155780932037,-0.17397011513731622,-0.8062978381943853,-0.29118867287773303,D
0.0,0.0,0.0,-0.22006420036751825,-0.07062791028983136,-0.11477982872481148,-0.42530956995786495,-0.34461541904236925,-0.19160518064723545,-0.5512042104225545,-0.5684418734784445,-0.28083530977287596,-0.6102062723856123,-0.8199907384442313,-0.36234586201378727,-0.3151954241247164,-0.9931158083970693,-0.05157890902471177,-0.35008521874259985,-1.5126032841646737,-0.17149018205171382,-0.37736314242360924,-1.804926211954678,-0.2521901380839116,-0.3694304925162757,-2.044100789199753,-0.3089375768520064,-0.17497988045806698,-0.9818536800779253,-0.07311219017589103,-0.3380282100959011,-1.3782409134705456,-0.2748519844012515,-0.46581279464168623,-1.1033367010718351,-0.3344213661171424,-0.4718680193282904,-0.8520099449189977,-0.3223139791533247,-0.028393044533416498,-0.940782395278561,-0.11698690885530565,-0.15431151121622244,-1.3677600697273757,-0.3096498730845646,-0.30395079528780483,-1.0851970070125676,-0.28784437402612073,-0.3273182577468892,-0.8202777299528421,-0.21521159517091776,0.13869591555187105,-0.8454352548328958,-0.1729584222638598,0.00582880830879772,-1.1433485941391324,-0.3143080333377179,-0.14451893557039192,-0.9797012437633442,-0.3022553659087268,-0.19383839940287947,-0.7690772063917769,-0.2528435923074635,D
0.0,0.0,0.0,-0.24769787505268928,-0.10444977098231835,-0.13072419333838126,-0.47077984551488794,-0.3454100407837747,-0.23275582098687048,-0.6263057419015624,-0.5579180566733515,-0.35079276301570406,-0.6669387400197285,-0.829988411775384,-0.46007456475754105,-0.3227215599141872,-0.9887151532160572,-0.04860366436536654,-0.3436228274538628,-1.4982244330226597,-0.17576394975744367,-0.3705469757660277,-1.7976154396266777,-0.26071266373354424,-0.3656601208670105,-2.0401362537607546,-0.3214221712561364,-0.19463253148168708,-0.9783277883798216,-0.07066057014259824,-0.3533415790680478,-1.4006519415051621,-0.28091840864773565,-0.4929350979567855,-1.147708911003628,-0.34724370424927914,-0.5120058558412239,-0.8984239508368491,-0.33876767781184447,-0.06115492014493007,-0.9428231930809083,-0.11901396993690148,-0.2030875129560379,-1.3705388780862244,-0.31580805873157086,-0.35920709177263666,-1.1074020427910851,-0.30253371368885684,-0.3926125525372051,-0.8407422538668493,-0.23528902464036233,0.0957524373216268,-0.8566731568769268,-0.18190115360566594,-0.05631216583734324,-1.1507468921713413,-0.31908048346892465,-0.2070371297538968,-1.0123565553758527,-0.31513093369324113,-0.26489670357747735,-0.8089992111415494,-0.2741941240538686,D
0.0,0.0,0.0,-0.2620347710661713,-0.11324108787902677,-0.08426064551851492,-0.48324211733849415,-0.4084526276675898,-0.15168236783515365,-0.5896593165939337,-0.6617031939813672,-0.2484413083116195,-0.552125669510407,-0.8588018951371728,-0.34079902472119555,-0.2864600335558117,-1.0099812410500981,0.023117307439728476,-0.26640467566683856,-1.4696564984999712,-0.08227213356255746,-0.277554339181657,-1.7512157417337668,-0.14996657615430323,-0.2520086871714234,-1.9899436460187176,-0.20141641744883754,-0.1549449925042658,-0.9876162511395533,-0.024620921650250115,-0.2834718407912539,-1.4592562425206972,-0.2247379885948362,-0.4422880190112343,-1.2289712023440682,-0.2894813565586508,-0.4812905739832503,-1.0011518432217759,-0.2741369282274896,-0.012017503493458126,-0.9381402008210968,-0.09558387038302076,-0.14509396531833524,-1.3770723681030135,-0.30865382118707574,-0.30896724873472,-1.0671191127881818,-0.2948896385391822,-0.34444009155590494,-0.7839914039780427,-0.21326374907330295,0.1522610554773564,-0.8373766553643184,-0.17606413198921284,-0.0015309819074852693,-1.1584160380460455,-0.3256908465174711,-0.15955136322868863,-1.0005292421404544,-0.31796997502731084,-0.2194647544328428,-0.7875438455876496,-0.2677918702124261,D
0.0,0.0,0.0,-0.21526581654007856,-0.058879356644633604,-0.11031874206545536,-0.4162906923120228,-0.3524307923799384,-0.18479451440808045,-0.5176436745751317,-0.5819821903643152,-0.2772308218018707,-0.5005929140319975,-0.8177197124284931,-0.36573002639655067,-0.20921163673729343,-1.006979509743849,-0.04183188372692005,-0.19206340130000388,-1.5362616866811296,-0.16643093303052967,-0.19721388994639513,-1.8486593987635027,-0.24909730706123562,-0.17029118291272455,-2.0953872857776776,-0.3062978528974918,-0.05870757480218012,-0.9955481062147895,-0.07373865250323355,-0.18981582801592906,-1.4214842924733908,-0.2920832762628673,-0.35128849963480774,-1.1543722860718935,-0.3574347716359677,-0.3864546160868076,-0.8894756438590111,-0.34027484627477766,0.0880196881543197,-0.9388677266751156,-0.12881886775805257,-0.03152338076984062,-1.36155446725928,-0.33528911138970335,-0.21453489610187595,-1.0831113575821296,-0.32389072924688855,-0.26933203243287596,-0.818994231986565,-0.2497044237887637,0.247797002954708,-0.8223007499178695,-0.19592288049898776,0.1245161250095963,-1.1247382230331162,-0.34622607704985886,-0.05030693414153936,-0.974176523769285,-0.3429100941650638,-0.13279018957579763,-0.7658254914598095,-0.29514179828592585,D
0.0,0.0,0.0,-0.25237914750015844,-0.11827248972386388,-0.1194338845861708,-0.4695813618980511,-0.37644707682456785,-0.21055718920219885,-0.5870241657773558,-0.611906410665164,-0.3150836151650592,-0.5988378844882771,-0.8571411232806678,-0.4103946667075694,-0.28421059917024966,-1.025442258629606,-0.06812636388753464,-0.26122541249123993,-1.5385793729443693,-0.18935446667293032,-0.28227995044142856,-1.8188124514576984,-0.2609527104869604,-0.2660950973599616,-2.0490077477245072,-0.31121983200893544,-0.1477433340088443,-0.9850299070766121,-0.08881435368560629,-0.27100226924902854,-1.4088428418230199,-0.2908043201116574,-0.435932394370575,-1.1167052830136681,-0.3367354597422904,-0.46162632058421016,-0.8516556569988911,-0.31665766693332,-0.004274998302240924,-0.9228476738590274,-0.13385141444479678,-0.10981856200664677,-1.3636652047375346,-0.336745268174137,-0.2956131027350538,-1.0810695034078932,-0.31140803969262226,-0.3464477864785913,-0.8041935958277064,-0.23422913406307136,0.15647915337009138,-0.8112790457592013,-0.19047662517532654,0.022952133607307454,-1.135127667814883,-0.3358352002151637,-0.14656591910101083,-0.9810208113308704,-0.3267582691230868,-0.2220115706926537,-0.7686988964060265,-0.2807661794938727,D
0.0,0.0,0.0,-0.27123602674511094,-0.0751441856837171,-0.1393514841212745,-0.5114392001885898,-0.3246133612972993,-0.2400672089949325,-0.6677032082935082,-0.5603741575012439,-0.35462326233628433,-0.6994407496685192,-0.8443821295519863,-0.46013086610891873,-0.3149281638542105,-0.9877324426288124,-0.07810141981750528,-0.30800428053584855,-1.54920899953411,-0.22030703928597833,-0.3431261703625894,-1.8712501939925912,-0.3023857948882273,-0.33499032691718844,-2.1248879926942053,-0.3557438234235284,-0.18382000649531902,-0.9782868908102589,-0.0957338209874521,-0.3599682522303349,-1.4415382728483312,-0.33010377186773143,-0.538598889979944,-1.1699995513833823,-0.38957294839862955,-0.5641022490299409,-0.8978728638821432,-0.3660511323438646,-0.04204798798451628,-0.9377311139665634,-0.14114557787414825,-0.20097054166537742,-1.3949079297733507,-0.3763148089277559,-0.3997514930866196,-1.105555402561996,-0.36733559154770384,-0.4445328882192532,-0.8184723474696216,-0.28594738596057795,0.1269122179180937,-0.8445315573844137,-0.19885593196983176,-0.04330040584484099,-1.1752915410219154,-0.36767682447333583,-0.22794861462482885,-1.0213407112004027,-0.37122370522402254,-0.3067337009923336,-0.803947430596226,-0.32402171209643105,D
0.0,0.0,0.0,-0.26632407706699995,-0.0855777517619572,-0.11902028221240592,-0.4981764848892618,-0.3501875468880778,-0.2036448627397527,-0.6468048302669959,-0.5887094632775304,-0.3048203378326706,-0.68466202219218,-0.8522206967352435,-0.3958540673784949,-0.2811587037302217,-1.001481227811455,-0.03976172895498284,-0.2742409138708942,-1.5116448316999032,-0.17030423466055372,-0.3053561637978191,-1.816047228474671,-0.2560988534150318,-0.3075943784828673,-2.0584431418494016,-0.31561028314936773,-0.1605210048277305,-0.9848627022307338,-0.06540997449833354,-0.34146693731470057,-1.4202937816195678,-0.28623413968169686,-0.5233753750551899,-1.1618244349250375,-0.35289544595441924,-0.5590953835715617,-0.8980910626498105,-0.3389414668237636,-0.033512197096009354,-0.9403812094430938,-0.11768281840625845,-0.1806632760072076,-1.3899439573515604,-0.3365082668307545,-0.38160415744097326,-1.1247691381330376,-0.3335731963200885,-0.4327070624198404,-0.8479639508121163,-0.2625119743564492,0.1150020457681773,-0.8440261141926761,-0.18200060890053618,-0.044862941823436066,-1.161437064113222,-0.34172286002504415,-0.2317872682860468,-1.0300169665476195,-0.3495103565746577,-0.3115417477173633,-0.8289111419866751,-0.30869787344020433,D
0.0,0.0,0.0,-0.27206725562960704,-0.06475835938190339,-0.1165509654064912,-0.5164197761431216,-0.3436604493367708,-0.19529012599556658,-0.6737356125342674,-0.6065206188408439,-0.28948689355290996,-0.7017798270670645,-0.8581650704631557,-0.3734103885374056,-0.30704037756999064,-0.9922950974036635,-0.04097838993372303,-0.29748159825712345,-1.532757627652273,-0.17233687161512415,-0.33042275652783454,-1.8445402725371771,-0.2552094241660427,-0.32744782574926745,-2.0850375857038292,-0.31130584795277755,-0.1876540327270355,-0.9802164714386957,-0.06294150555518412,-0.36767301358620325,-1.426887393179655,-0.2857589867657483,-0.5548498975018527,-1.1807197541600865,-0.3497929759594554,-0.5943112447091566,-0.922123734102433,-0.3333706633223614,-0.053218678254667466,-0.9429390807813043,-0.11093811209436193,-0.207845157542675,-1.4015052530652645,-0.3369695550641698,-0.4156739156573692,-1.1309200584679928,-0.3352087410275885,-0.46716707591704126,-0.8466359744212528,-0.260735062338456,0.10599382652530942,-0.8512421264839258,-0.16991014762395532,-0.06655856931706577,-1.183737547079967,-0.33654980425071646,-0.25901867804243084,-1.04105864741879,-0.3457015050353881,-0.3396823953657615,-0.8257669568871716,-0.3027373518256722,D
0.0,0.0,0.0,-0.24251380165772082,-0.12158192526313927,-0.13000679182900246,-0.4464771246522646,-0.389845975701638,-0.2181458074685761,-0.5755482380418337,-0.6199366139082414,-0.3169973644760776,-0.5587008153300499,-0.864784458088959,-0.40514347227423336,-0.2510890094011027,-1.0132984615588214,-0.05417410371557136,-0.25068751442359366,-1.4705666995025648,-0.18855474438974598,-0.2852384753234103,-1.742577248380194,-0.278168518588553,-0.27833918405386016,-1.975864874072085,-0.3400173620412187,-0.1304991326537025,-0.9888334038485096,-0.0719616273440355,-0.27355506341328706,-1.3794542635433773,-0.2765075744495057,-0.4374822975261083,-1.1398223079909857,-0.3398618598974926,-0.46334418213641926,-0.9170229341518635,-0.3318582932694552,-0.004980796704956406,-0.9308875788347933,-0.11618342777744932,-0.11992577489794834,-1.3046038845404102,-0.315601785270644,-0.30201668382088365,-1.0672637469001978,-0.30781462798156317,-0.34355204189323557,-0.8348069544525731,-0.24361824720415412,0.1357214567592605,-0.8182039485393316,-0.17425785562508433,0.008193938551458843,-1.1119149266429533,-0.3142656685614704,-0.1620618650694583,-0.9786664005122558,-0.31120458128160555,-0.2288286279877993,-0.7876291275468087,-0.2697027467921811,D
0.0,0.0,0.0,-0.25434586608165816,-0.07585105513820904,-0.14147341503756872,-0.47369350580034214,-0.35671379885201027,-0.2351766934317537,-0.5917246658072006,-0.6081691121865935,-0.3378146330597763,-0.5780830230026893,-0.8880001044872173,-0.4290691611174417,-0.2772106734691888,-1.0033748958434914,-0.0603591518010265,-0.2850652024763587,-1.501978547220163,-0.19789281421831514,-0.3126554704600767,-1.800805838020827,-0.2914599626268165,-0.3090826259808044,-2.0415630182028486,-0.35666610350730316,-0.14041921552253625,-0.987348934767791,-0.07365137422305246,-0.29304325101890893,-1.403779957680824,-0.2845597931972371,-0.4425262713619065,-1.156469535180544,-0.34904788944833703,-0.46939351690690745,-0.9239387001636644,-0.3391636368542673,-0.0003539309763784402,-0.9395832038506899,-0.11487835959994447,-0.1186786594717371,-1.3684203947584679,-0.3165226038286277,-0.2840934642311065,-1.107021758825763,-0.30332459736442496,-0.3209336547062435,-0.854726400868208,-0.23403843436490696,0.1603058607187799,-0.8368280848444338,-0.1715650584087256,0.028415780896644885,-1.1461081464626732,-0.32105380759895236,-0.13478608196047673,-1.0065148630370073,-0.32173009102795813,-0.1996466930094546,-0.8135753925810932,-0.280406466286069,D
0.0,0.0,0.0,-0.2753482327754909,-0.060178185486822904,-0.13000664668911363,-0.5112999244993548,-0.3577432995436418,-0.22240240698760674,-0.6373759666103345,-0.6306867564848762,-0.3274059359681877,-0.6203726757312555,-0.9016414442146367,-0.42305218543001777,-0.325979752148467,-0.9904417811909124,-0.04281119663528667,-0.3328062080658629,-1.477306705651224,-0.1703128522898021,-0.3635940575592516,-1.7799576826394679,-0.253323705442636,-0.36217015871326935,-2.0130991600422345,-0.3107861074522023,-0.18985901176890913,-0.9799931841639088,-0.059723652286312975,-0.3284340092549826,-1.4081174695761527,-0.24895647575527818,-0.4684840665630234,-1.152678205162594,-0.29313179140402407,-0.4871395560194973,-0.9252298035881676,-0.27080838891141146,-0.047412157219309824,-0.9389521431769637,-0.10455120913966816,-0.15642940824060042,-1.3886799380599586,-0.28302041239691006,-0.31357891946602817,-1.1246111957545533,-0.2522366746782671,-0.3447574400510007,-0.8682766492550859,-0.1753492514458819,0.10852761738518875,-0.8414940532961221,-0.16552476933453558,-0.02674886190913518,-1.1593273123615961,-0.2944128804394766,-0.17678965700355936,-1.0239389927941889,-0.283842487395431,-0.22271135711674783,-0.8286885519910502,-0.2382801563950175,D
0.0,0.0,0.0,-0.25157455474707174,-0.04680971034727907,-0.14491383144981407,-0.4733954074093132,-0.3469455927285227,-0.23552877260671923,-0.5842989241480455,-0.6150440458912318,-0.334473690401658,-0.5619634174376363,-0.8896232693167109,-0.4242674051333388,-0.30926281283000334,-0.990230923533568,-0.05680476171230861,-0.3200786043708713,-1.4993217126183704,-0.18078124060589895,-0.3465881459800222,-1.8018014427103874,-0.2583751973728518,-0.33842456942259785,-2.0368350031431293,-0.3121364384849239,-0.16470003595008606,-0.9842220000747176,-0.0646602870931063,-0.31038530104500367,-1.404286751512054,-0.2639183822499198,-0.4446637551346633,-1.1490711977408978,-0.31511803444984754,-0.4600722886264224,-0.9103717067651448,-0.29566957982294567,-0.014566560481142096,-0.9393637865632138,-0.10082419433802935,-0.11527864214584732,-1.3824832121826338,-0.29564794282616264,-0.26934246472425033,-1.1184211007012785,-0.28036509980625074,-0.30428470082941356,-0.8615039351469056,-0.2109507648099744,0.15504056825704773,-0.8402628508844762,-0.1523610720437851,0.04329522097352074,-1.159295399954086,-0.2996726379265322,-0.1054041935267479,-1.015643122145379,-0.30204294866382386,-0.16118811096113164,-0.8122965250079709,-0.26344251078651654,D
0.0,0.0,0.0,-0.24751998983313303,-0.04584908055967609,-0.15478001564184332,-0.47420492246555246,-0.3255952455557973,-0.2556370211785314,-0.5613749100284798,-0.6070680751381557,-0.3604747137913839,-0.5119371095129572,-0.871502406731398,-0.45527004710493085,-0.349768405730371,-0.9707879249640141,-0.09523090014878177,-0.37610486576755653,-1.4810239357035515,-0.22902884336173818,-0.38899370826269636,-1.7843563274250542,-0.3124802294380683,-0.3594444537426439,-2.0181750580464417,-0.3708637959239578,-0.19194941892910547,-0.9764207576832806,-0.09878220759826567,-0.2975605674001574,-1.3947846157435582,-0.2970794378090403,-0.39777596105559193,-1.1348760811663943,-0.34569083242728144,-0.40801251250774995,-0.9107331825081576,-0.32972422615077596,-0.01705419755867747,-0.9348681740044402,-0.12854508969013997,-0.08657736482017848,-1.3710673192172529,-0.31553242740661636,-0.2035179852372463,-1.1043872290130152,-0.2889675314306777,-0.22919211068152126,-0.855260985971197,-0.218082084431964,0.17507209358530115,-0.8316632366259542,-0.175237923091217,0.08148076602271384,-1.1459879196297773,-0.31910865252155063,-0.050227388041528015,-0.9990347633578528,-0.31632489558758714,-0.10212541193021706,-0.8052127746685145,-0.2768215918470109,D
0.0,0.0,0.0,-0.24501064851701415,-0.023317738688477883,-0.15975868499980678,-0.476528387521975,-0.31963857108966004,-0.2521231905591275,-0.55715809225404,-0.6109104984561202,-0.34379702816881447,-0.4865244687567546,-0.8712895768957079,-0.42693077392557083,-0.34663125480182,-0.9710194728219602,-0.10344563148231775,-0.3896287396248283,-1.4774204997803098,-0.24261278600413014,-0.41713525254064915,-1.80472123119517,-0.33934578916632113,-0.41258148138893186,-2.066475292046146,-0.40922524634947827,-0.18407631803909064,-0.9776533905110679,-0.10153697434622026,-0.2984158767722205,-1.3946668313530663,-0.29872423495292155,-0.3764631442814516,-1.1132604831197737,-0.35082080901934115,-0.36757790102519494,-0.8651919812179256,-0.33791336976393227,-0.012562233080635487,-0.9302715608797893,-0.12572171765870516,-0.08468469057096187,-1.3621489501010284,-0.3105953801694944,-0.1951486216977405,-1.0823825320265492,-0.2834264967115793,-0.20898797887070442,-0.8272144821054993,-0.21284138245939507,0.1725512370832978,-0.8258947093129239,-0.1667557008697846,0.0907551196109155,-1.147335334045213,-0.3087015295812994,-0.032804445463971564,-0.9929379836050737,-0.30129608302928995,-0.07318370905195246,-0.7993409274646074,-0.25959085747519606,D
0.0,0.0,0.0,-0.24521292370815134,-0.038888993400612006,-0.14791325033890687,-0.4773845235629643,-0.33241768984695363,-0.23239420877651482,-0.5686971227225565,-0.6141515340798925,-0.31763835114335515,-0.5101755348734431,-0.8741397807527123,-0.39337473564357983,-0.3516430512303537,-0.9683142453836017,-0.08149730009599726,-0.40067153584216136,-1.4618078432107462,-0.20046857673099103,-0.4362010544912199,-1.766723798740787,-0.2794603413062699,-0.43629704771416944,-2.0162680115618605,-0.3380652481043349,-0.19318920569638728,-0.9777588839254496,-0.08164248714522399,-0.29464288035142483,-1.400430943066096,-0.26357726158966777,-0.3830698497759737,-1.1502191704725222,-0.31371728363173235,-0.39014418304146353,-0.9021850685931234,-0.30069824777727083,-0.029273252159793157,-0.9312998923279435,-0.10569610780713373,-0.0988069117771014,-1.3606815392920393,-0.28159988117907075,-0.20770441799241815,-1.09856862341449,-0.2614263256722069,-0.22308594572136983,-0.8451796407710023,-0.19653101826058694,0.14902123314983234,-0.8299212551360069,-0.14479959169128312,0.059212047730314014,-1.1476555105047763,-0.28063640231324316,-0.05512041761662366,-1.0056238514130733,-0.27754778615870324,-0.08830483551147877,-0.8115127363091837,-0.23988265234100803,D
0.0,0.0,0.0,-0.25584244136205586,-0.03668569323562534,-0.17052762375827338,-0.4817270835354732,-0.344171821194172,-0.26303578646161874,-0.5845048084099767,-0.6311146218241275,-0.3539885724984302,-0.5156861256578646,-0.8967839349581402,-0.43469522076603834,-0.3560424312749638,-0.9659734950163763,-0.08169310657139674,-0.401898170979164,-1.4511836222640133,-0.19990899787235855,-0.43658737326890723,-1.7493043373574804,-0.2807301775159591,-0.4382610313897048,-1.9913744622798906,-0.3415850889767272,-0.19659323370520027,-0.9778317135341851,-0.0720849531326187,-0.29844709871730124,-1.3901591601629553,-0.2571886716677162,-0.3818248534605614,-1.1491474631290266,-0.31918179529090923,-0.39184897572631844,-0.91893251318264,-0.3146140187934052,-0.0319808124272212,-0.9298895534708749,-0.08908592391687281,-0.10263938865383311,-1.3528041775956843,-0.2655258565500053,-0.20591719642977507,-1.108095012084289,-0.26198375363415044,-0.22715763975776315,-0.8713567375780565,-0.20914899145303512,0.14724452254539372,-0.8235618269649309,-0.12319751451309281,0.0589616654234245,-1.1457534792467234,-0.259055250481798,-0.0530293676921736,-1.0257721344307609,-0.2688540600738415,-0.09599635145043194,-0.8489101821197189,-0.24198239413918615,D
0.0,0.0,0.0,-0.28227012315184175,-0.08235658871016238,-0.16721336584884935,-0.4974557739878453,-0.37542759017368826,-0.2602196461606095,-0.5878974817436299,-0.6488804219968075,-0.35804951794890044,-0.5229874816032181,-0.9206974667408426,-0.44681098788975615,-0.36822006598111656,-0.9602078827538882,-0.04318591080835131,-0.4214586038858619,-1.4353112247647346,-0.1487449524368156,-0.4581783810192927,-1.7061753613764505,-0.2289841321519571,-0.45017283963247534,-1.9418801946545514,-0.2945593935694395,-0.21566441778597942,-0.9755975225571286,-0.04121083451505747,-0.30467257124136826,-1.388762992409139,-0.2249189316649129,-0.3855734164220222,-1.1724126600163856,-0.31550669441981644,-0.3895044515783157,-0.9527468086729538,-0.33666018524853636,-0.06403117656783383,-0.9453091525406594,-0.06651242826011239,-0.13293039534804318,-1.3685963801937904,-0.24131416998491267,-0.2313561780377251,-1.1548009170866267,-0.2719097379526402,-0.2459510531395864,-0.9105736851663828,-0.2467790627077295,0.10774670446940555,-0.8577728605238739,-0.10880822495597174,0.01706994989578855,-1.1777909822207342,-0.23692821949299897,-0.08677781068027479,-1.0833492864598824,-0.26565317039666764,-0.12427269300264603,-0.9033586441014082,-0.259598401953668,D
0.0,0.0,0.0,-0.28392682629391963,-0.1131616516645676,-0.15955408849174485,-0.4902079045843345,-0.4093701148614112,-0.2471900327519222,-0.5691483557777567,-0.7047604203522544,-0.34213690647143724,-0.5140559322575571,-0.9758182364110829,-0.427397789974634,-0.37085394302272157,-0.9544197609282368,-0.010257140374169981,-0.4250397034574622,-1.4076680044770076,-0.10105571445074636,-0.4602716196721083,-1.6587200388886576,-0.17420297685346192,-0.45088812386914434,-1.8802462222791232,-0.2352631305447484,-0.21797084884029688,-0.9759300627084163,-0.007015821960901444,-0.29965354044109566,-1.380582648286658,-0.17681775453768225,-0.3689889827706371,-1.193467014104213,-0.2672598221171217,-0.3705370067565547,-0.9857813319069222,-0.28941943673153075,-0.069202648601458,-0.9511337223594015,-0.031404443509489906,-0.14094164314575086,-1.3559001311331433,-0.19193944419925377,-0.22797901718046953,-1.159982455103193,-0.22780853139409812,-0.23660590253164135,-0.9218959952165507,-0.20840674012454485,0.09940273802505938,-0.8722622354705211,-0.07265887755998982,0.009516788755589018,-1.1653398476131962,-0.18494876728339543,-0.08725788864655212,-1.100905363926991,-0.2167733333655811,-0.12133381477607248,-0.9445068731577309,-0.2158648160175389,D
0.0,0.0,0.0,-0.2818590484689221,-0.1013565965158161,-0.16912757033667128,-0.4923380697639081,-0.404844046724372,-0.25520541870719504,-0.5641849824326827,-0.7082874593311809,-0.3430241647369163,-0.5146604983126547,-0.9935010431410809,-0.42009970966509796,-0.37699649262221885,-0.9501761552117438,-0.04355428105148124,-0.43483539184052233,-1.4067817672527894,-0.13913699479209757,-0.4686293259233207,-1.6656278370166218,-0.21419096572642682,-0.467656442589987,-1.8911303440918388,-0.2753169133853334,-0.22130502829816595,-0.9746063045020039,-0.034156048877107596,-0.30846978334832326,-1.380980368166023,-0.20537890037781614,-0.3734840593012926,-1.2142244564030147,-0.29599258551315677,-0.38339947299992594,-1.012861942972336,-0.32124021900098015,-0.0721538721362156,-0.950381857167273,-0.05123942652536762,-0.13321215181908236,-1.3608705393840033,-0.21353650395013368,-0.21947906129151457,-1.1834201539809281,-0.2544634792771025,-0.24043342697546022,-0.9524669796657846,-0.24127590155753548,0.09919194558520195,-0.8708476306435227,-0.085477593537303,0.022808725354881338,-1.173059728727798,-0.20165830247231564,-0.07377515121106226,-1.1264688152425733,-0.23944662086621316,-0.12495147997820216,-0.9837171628055605,-0.24423599977727287,D
0.0,0.0,0.0,-0.2571862132738822,-0.1481715751069295,-0.12782231616260625,-0.4435271179368445,-0.44932284415624085,-0.19518625305567944,-0.4996507243374812,-0.7277281010007244,-0.2698151025128226,-0.45652410009260047,-0.9905377265747147,-0.33363633744196375,-0.3585243310081565,-0.9591196822450403,-0.028117599021906144,-0.413488303534951,-1.4077834508100753,-0.12045992012449354,-0.4447415071094764,-1.6595931536298354,-0.19128378829935522,-0.44055078660368396,-1.8777063593456125,-0.24884685904930876,-0.2105132852155264,-0.9769368552706275,-0.03575664360232485,-0.2927962715416039,-1.370995650616943,-0.19370216529356937,-0.3486712515199148,-1.214657056823348,-0.2708885614626838,-0.3502400411303822,-1.023951105729575,-0.29223154099337373,-0.05755902877415706,-0.9448347289928195,-0.06613340310947803,-0.11767804741010016,-1.3433403444313927,-0.21414924538005328,-0.19416013378776184,-1.1843763705897927,-0.23879353109794088,-0.20990120432958093,-0.9675272793311126,-0.21970547106025543,0.11654227017562561,-0.8599993696837902,-0.11101393945630503,0.042325558535028604,-1.1614834819666893,-0.21691535804312304,-0.054772831982463036,-1.1088361903230695,-0.24060259371408807,-0.10082290055274941,-0.9577081165108875,-0.2372401548885107,D
0.0,0.0,0.0,-0.2518813631972886,-0.13521311093675886,-0.1266500615021727,-0.4319665519068662,-0.4191579804101893,-0.1994637118586814,-0.4669362415640289,-0.7014197485056386,-0.2768883055704176,-0.3794809905522857,-0.9228566696142911,-0.34339778141690563,-0.36806083601724304,-0.9615878358358815,-0.04657790805997008,-0.4183611990844514,-1.4120506518253195,-0.1362672662945931,-0.45198667444243185,-1.6568717730974976,-0.20036540367014277,-0.451265547673583,-1.8674760667261991,-0.2519893495855091,-0.20920185082225073,-0.9764013947653185,-0.05361811179895708,-0.2633267359179609,-1.3899535708553092,-0.20500969382560955,-0.30284632462847927,-1.197390622241444,-0.270060853708581,-0.30025607694383033,-0.9751200842550103,-0.2798447305192976,-0.04689477460559967,-0.9348738434428365,-0.08096428992659616,-0.0835570578791547,-1.3250039920908572,-0.2178855787517657,-0.1454966053408635,-1.1534667765833415,-0.23048084052519155,-0.15907999850725246,-0.9449506337298978,-0.2038464518852403,0.12828646872540553,-0.844128894283221,-0.12198830987828538,0.083276115957224,-1.1386807026427368,-0.21054715757112769,0.001064972479653575,-1.0832839992751295,-0.21959311910177565,-0.03865196978469709,-0.9457281472284131,-0.20768898437356334,D
0.0,0.0,0.0,-0.2655558758674208,-0.10061968400803074,-0.15442514687498024,-0.4622984275655036,-0.39432953404221405,-0.23804931456815717,-0.5147662749931319,-0.6849651152599957,-0.32223725775935974,-0.43486969062935693,-0.9238339021095177,-0.39229250390127224,-0.3955914295490775,-0.9446915981830363,-0.06354877332176424,-0.4589114919636916,-1.432880764556084,-0.15397059601941787,-0.49231861361350926,-1.6833772433599057,-0.21827038728216958,-0.49083459801001217,-1.895210142102648,-0.27222482348032495,-0.23382753877168044,-0.9706104079036353,-0.05692203598885871,-0.31337330869897045,-1.3788812529494656,-0.21445862720195322,-0.3504401576441328,-1.181807320523936,-0.28641513787807743,-0.3468538465829315,-0.9634303002044182,-0.3031411554334301,-0.0674146729322076,-0.9399866252482512,-0.07344686967023116,-0.12568168309015704,-1.358728928537324,-0.21641862472347953,-0.17641402832399722,-1.1876077788348596,-0.23790658477177853,-0.1837352103554897,-0.9605880842692696,-0.21834051058228146,0.11435600536964692,-0.8569059356236602,-0.10624430368442113,0.05331760434948716,-1.167781652827755,-0.2122803783314258,-0.0244617134029544,-1.1147662066654576,-0.23850712236940091,-0.0627082604634197,-0.963320607713404,-0.23732206198993744,D
0.0,0.0,0.0,-0.25296126787185874,-0.13646101042073489,-0.1604353609865629,-0.4448360424496943,-0.4287310253692298,-0.24983126699499117,-0.49804065343921816,-0.7326254829129535,-0.3398086539846131,-0.3951385807539384,-0.9591135833934538,-0.4158007834382647,-0.376000975338761,-0.9463795309921436,-0.06892529489344142,-0.43810130340894715,-1.4354039576283697,-0.16464104963142479,-0.4745435584865397,-1.6817819145473252,-0.2313305439578183,-0.47788604950815067,-1.8868512094631056,-0.2852778068966755,-0.21138224992837346,-0.9757453631384694,-0.05690809018931593,-0.2962205192231013,-1.371091456457231,-0.21623689896975207,-0.3238659959896769,-1.1676129473987436,-0.2863545030241194,-0.3132030426587639,-0.9411291611087801,-0.30020821370030315,-0.042989758249039785,-0.9444272159678614,-0.06890959303746662,-0.0990538147263971,-1.3731406969622413,-0.2147161647813014,-0.14657275400738792,-1.1980748715541352,-0.23489915249094268,-0.15384518499537955,-0.9609097247203015,-0.21145273130127845,0.13427673575192065,-0.8652419743399377,-0.09756554310674534,0.07098152070937438,-1.1698172111503786,-0.20979345766921276,-0.0012808831703949172,-1.1302635618575996,-0.2393048757703638,-0.039465495999475596,-0.9828698173910465,-0.2363818139479055,D
0.0,0.0,0.0,-0.2653874590869522,-0.16555604307599303,-0.15738704477533777,-0.44591708446660827,-0.4627505057275068,-0.2453273107012923,-0.4697752523609354,-0.7723797891677949,-0.3370789400387292,-0.34855273713048035,-0.9838333581101795,-0.41532397301987506,-0.36130801627662024,-0.964604417052981,-0.04696973284963331,-0.417128954106879,-1.4508724777037785,-0.1436310440724661,-0.45674270331529593,-1.7050253232460522,-0.21486440392628323,-0.4556802672517927,-1.9166352344059114,-0.2732472810771522,-0.1933819345944682,-0.9803181055629407,-0.039747192076773886,-0.25160846952786226,-1.3954144668811204,-0.20872161958805038,-0.28625569004321727,-1.19881484821411,-0.29168222033167535,-0.27901240981298675,-0.972944396189955,-0.31395961868734434,-0.02614427693069994,-0.9465130599759725,-0.057462841061932154,-0.05718324575287812,-1.3694979370849003,-0.21083164568266538,-0.11075967942784165,-1.202039010555332,-0.2423160134717773,-0.12330175155364978,-0.96503975670827,-0.22585597442432095,0.15137957574300984,-0.8671487981092295,-0.09183827571217694,0.10689719167936045,-1.1780639459017141,-0.1985837049501154,0.03270546744970031,-1.1417001281477126,-0.22939273122453877,-0.011542835172315458,-0.9922913856986538,-0.23086569157524894,D
0.0,0.0,0.0,-0.24219611861924242,-0.16289831234866817,-0.1455289684786417,-0.40721067106504855,-0.4556643023987857,-0.22594481576755238,-0.42044790743972354,-0.7482187943309263,-0.3096269591400274,-0.3253203342927653,-0.9620716473065255,-0.38061723963301736,-0.35816534856792365,-0.9660699688701841,-0.05533776769985126,-0.408386360007903,-1.431819038672186,-0.14442159328801407,-0.43562793307404224,-1.673204134746435,-0.210012324730858,-0.4364583988984,-1.8801984058962118,-0.2649638056093345,-0.1902047895991601,-0.9804051210702565,-0.05126340403011774,-0.24878599152665648,-1.364861979729915,-0.2055952208074387,-0.2618816696371829,-1.171901280130503,-0.2776100152492331,-0.25355924667073315,-0.9586059876696235,-0.29639094671279437,-0.02227080777485132,-0.9370636734122482,-0.06948432708407545,-0.05301161160773018,-1.3446725820049952,-0.21057840042278117,-0.08632004735435514,-1.1798802984146557,-0.2321068840740619,-0.09813792433543776,-0.9588574913839901,-0.21332116173051344,0.15235306094784604,-0.8486826384452795,-0.10337509953863865,0.11897160799382431,-1.149399391078603,-0.20777222115259006,0.05766345116556087,-1.1124462496692753,-0.2327666616851516,0.013117359465213217,-0.9756710322443236,-0.2307604369780856,D
0.0,0.0,0.0,-0.2530415384077814,-0.1791015442590941,-0.1550902837575546,-0.4203468668649452,-0.48006319655238344,-0.2407978111680433,-0.4280418388587892,-0.7866141342093116,-0.33047179601383275,-0.30634706877521095,-0.9834284050040654,-0.40838155435683304,-0.35626964090088664,-0.9682383042784275,-0.05489807358203849,-0.4144773696180434,-1.4524934648535401,-0.15353975523957863,-0.44734353498594326,-1.7061083665196348,-0.2296496123034333,-0.44646997551816187,-1.920622568130392,-0.29292187607770015,-0.18085010091596662,-0.9822181312055493,-0.05040618741546603,-0.2312341815820601,-1.3958479641115171,-0.21719934113468206,-0.23834256328154133,-1.2206127399985023,-0.303471030387102,-0.22220385403575504,-1.0189559362883744,-0.3331452747322761,-0.008098109049087391,-0.9433361085614188,-0.069555022317244,-0.03523222332729396,-1.378536936909791,-0.2232119455664494,-0.06301877553584813,-1.2103632247815608,-0.2518179450069907,-0.06863997831256259,-0.9789323629243321,-0.23670208461548306,0.17184536480897444,-0.8576821362697169,-0.10542007665052436,0.1392542355276226,-1.1718639235500758,-0.21813141585976875,0.08629490845157183,-1.1328778098831223,-0.24724174996424084,0.050817409868840875,-0.9910581044504484,-0.2482725781717884,D
0.0,0.0,0.0,-0.2564466538362062,-0.15800090138091974,-0.18447930533319293,-0.4054298055253727,-0.4550889172639353,-0.26333342670723214,-0.3786072765647772,-0.757953799211233,-0.33752992038835783,-0.289579779546507,-0.9797708318034893,-0.39859524048468875,-0.38305355507702343,-0.9693881496686819,-0.04141775641889562,-0.42964018394407616,-1.4150884478128507,-0.1188991121527103,-0.45270997961105525,-1.661396988375292,-0.19104413044453952,-0.4556312341721131,-1.8704845302714588,-0.25570650661426075,-0.20061820256099794,-0.9794969036001248,-0.01838892707479709,-0.24180409731540564,-1.3673122116318943,-0.17426055773363974,-0.23606268404185227,-1.2210810828230416,-0.2801397113621925,-0.21990313584276275,-1.0333721276861247,-0.3262686045395734,-0.033646637226011564,-0.9345014956919492,-0.021268739262317583,-0.05336005072072379,-1.328183963614388,-0.17534069070742234,-0.06485589508942628,-1.1879659604830326,-0.2433759636794667,-0.07014306948176846,-0.9665095492464696,-0.25641033452707657,0.14248310408900489,-0.8479712046206305,-0.041537677907066,0.12132194264789564,-1.1349305243774184,-0.16238612326081797,0.08415744686684516,-1.1020139930604755,-0.21935709611224347,0.05551048405836037,-0.9636262402504885,-0.24194561322070754,D
0.0,0.0,0.0,-0.2659921840048315,-0.1525175774038932,-0.18916414190238348,-0.42425712918153174,-0.4652399214272862,-0.26743377068853225,-0.39409758495382263,-0.7783001297013927,-0.33964546872037343,-0.2846943132568799,-0.9897799666576296,-0.39982230784429357,-0.38449121370152706,-0.9628955851749125,-0.049450820000253054,-0.4299632181421177,-1.4073079426181512,-0.12961054922839355,-0.45507063157819516,-1.656110187283019,-0.2055612841917058,-0.45793922629596867,-1.8761584878226232,-0.27568990421795797,-0.19152916500029654,-0.9811054787278042,-0.027360894805825278,-0.23613459711583537,-1.3751773351068863,-0.1854140077559831,-0.23154755979066707,-1.2221839204360885,-0.2978469251529694,-0.21601767898464855,-1.0349237197215857,-0.35039439367155156,-0.017158132036026175,-0.9392674234206201,-0.030969864161438182,-0.033953802172960526,-1.3330712502518558,-0.1867585378348686,-0.045400190616589634,-1.1914863379915528,-0.26283855181796223,-0.05140201682089638,-0.9641093518931662,-0.2836809592105138,0.16176233495186865,-0.8513104737936549,-0.05257101932753413,0.12944526595663242,-1.145217878660368,-0.1804783623796602,0.08653056875261395,-1.1148510921767818,-0.2463798623955209,0.0541006898527462,-0.9778557618259621,-0.276794695578777,D
0.0,0.0,0.0,-0.2512829205273106,-0.17760713648381438,-0.1952206701995559,-0.398810325143709,-0.483541274528898,-0.29013123655894113,-0.35426998628914114,-0.7985276551701139,-0.3822070996597507,-0.22560104945154275,-1.032947796882912,-0.46325132459690216,-0.3609695806373974,-0.9814068270901869,-0.06845448736467348,-0.4082231439140664,-1.4522064914625268,-0.15512467265909485,-0.42691523472358667,-1.706740022893818,-0.2329788522215301,-0.41912000073482236,-1.9288613453306747,-0.30329548386415567,-0.16703329581913504,-0.9847802731646307,-0.04803843954160709,-0.19559170784036056,-1.3924850888282485,-0.21705980364079183,-0.18608679746995035,-1.194934417374679,-0.3340938293010173,-0.17734171235556537,-0.9829236953786709,-0.3892468556168125,0.005590321812272124,-0.9410885124978611,-0.052436935028006317,0.004275721177076495,-1.3622144964241671,-0.20969969202893896,-0.002385200263604684,-1.1959716303202894,-0.28087796092122824,-0.021576978425677604,-0.957210385176601,-0.29900324323465277,0.18013005681396338,-0.8568864638126735,-0.07526183201499309,0.17736786525709095,-1.180637683355597,-0.18920774601642187,0.15097207561414597,-1.149260600639098,-0.2441874745818155,0.10682041339182537,-1.0096786700840577,-0.2700473036324589,D
0.0,0.0,0.0,-0.2396275706180457,-0.16050768439383237,-0.20370277305057752,-0.3783766361119711,-0.46734175579541526,-0.28853190003146273,-0.33459683293016484,-0.7828994167588672,-0.36611761866542664,-0.23312734818967426,-1.026046027517649,-0.4333277508194998,-0.3585940361353393,-0.9836556904563537,-0.04887076517432013,-0.400063042614934,-1.4177166615635957,-0.12312535844666464,-0.41716437692572134,-1.6690163562808031,-0.20246355920905312,-0.41285736396315825,-1.8883503066266012,-0.27786919318786024,-0.15996124958937022,-0.9869362360140791,-0.01921626061878878,-0.18754776860127248,-1.3867289663232107,-0.1742242235282251,-0.17207384164230602,-1.2353078702069207,-0.3067195328997283,-0.16234149193002229,-1.04435477523941,-0.37813392752243696,0.009937089841550558,-0.9370067587063083,-0.015341427222904314,0.008577228037028312,-1.3312099451485304,-0.16658350866018604,0.011999708305988675,-1.207091913635448,-0.2710925370004973,-0.005243007364332973,-0.9828021454579914,-0.31634999673011677,0.17874172963599597,-0.8458583898876688,-0.02966458690896342,0.16371657090631436,-1.1420365675884643,-0.152692565286817,0.14580817314002517,-1.1208426440991432,-0.23631538556013004,0.11319334722366975,-0.9843008985393946,-0.28476871074502397,D
0.0,0.0,0.0,-0.23787865175401407,-0.17571299361798104,-0.22542514803890673,-0.36992755276013,-0.48635452039633503,-0.3286645978864476,-0.33130324281981705,-0.8006841367669232,-0.42510601582205043,-0.22149743926425913,-1.0589814556490844,-0.5119164073667106,-0.3507170235051904,-0.9937044871548733,-0.05964136434069935,-0.3888552356188716,-1.4445742926086933,-0.14822254399786333,-0.404587180602178,-1.7025763994481895,-0.23881362534939227,-0.39999085559702674,-1.9245323625687978,-0.3217241656060719,-0.15063773672488967,-0.9881646775376807,-0.028962775095879734,-0.168096039662076,-1.3884436384840004,-0.20555055158857186,-0.15273705394692208,-1.2309628667113959,-0.35512306604396104,-0.1494099843779759,-1.0350125687801162,-0.43582145255459737,0.020767179371100675,-0.9402576047151106,-0.027223074325194288,0.024644591274759743,-1.346831674650179,-0.1944059771767682,0.03494730678973889,-1.224722052860008,-0.3129050078659248,0.014947934570528476,-1.0010240970601019,-0.3658798281984651,0.1901302003275028,-0.857088256452563,-0.04547913246430802,0.17494717634023488,-1.1604596359115564,-0.18011859198841595,0.1677699845701774,-1.117391084204249,-0.27273213167316124,0.13657359054207938,-0.9570180303631852,-0.32687495482809176,D
0.0,0.0,0.0,-0.23884418311392855,-0.2123565619247944,-0.1750786245244236,-0.36431771833693466,-0.5398500940870506,-0.25981947207654965,-0.30866802086939643,-0.8569524012728312,-0.3450344499624482,-0.15988657763528644,-1.0847610929181912,-0.4218769981904815,-0.3316085693475412,-0.9901332726790244,-0.041363019039754,-0.3790925636013421,-1.4281723358405185,-0.12355416096636697,-0.39591618740908074,-1.6781957356783577,-0.20438074968822129,-0.3944708884610563,-1.896696274807141,-0.27798190149338226,-0.1424855556492336,-0.989337789460751,-0.030143071778502086,-0.15638972552510189,-1.3898409767179292,-0.19013266580849886,-0.1401243550257574,-1.202018704326655,-0.31244242457037374,-0.1358267479215244,-0.9981202904401743,-0.3748549086062378,0.027489813510167754,-0.9365945052165868,-0.04168288490197619,0.03467191434902572,-1.3352858663784302,-0.18759245024644933,0.0373888211063793,-1.1902681935858541,-0.264539428190659,0.014031802342002136,-0.9728451776793117,-0.2916569919021815,0.1943470660295426,-0.8399156867390256,-0.06994919283280636,0.19734143466979584,-1.1541365522708933,-0.17118175908593614,0.17449661054125148,-1.1087554416275889,-0.22225491355008878,0.12603373076458052,-0.9549333483668405,-0.2498866661547274,D
0.0,0.0,0.0,-0.23026163910136777,-0.2270878018774668,-0.19741197794662704,-0.36702865063763057,-0.5443049802470117,-0.2946150392613396,-0.3219530643768238,-0.8667191144793942,-0.39250663156035326,-0.16889156470883762,-1.1029327462616116,-0.4822855949622067,-0.33610651176109785,-0.996772390046169,-0.020613910073072363,-0.3814595782440682,-1.4188941380063802,-0.10833198945989383,-0.4035758417519804,-1.6690950923067325,-0.20316658382794928,-0.40249107012817487,-1.8866903041670722,-0.2872733575851616,-0.14873889991305358,-0.9888727265209286,-0.0027332024658627166,-0.15712338537732098,-1.384143163274777,-0.17801101419830914,-0.14893534361514923,-1.2282089189703833,-0.3282948998171315,-0.14624353396751424,-1.0284395060347742,-0.40669609129470924,0.01755781953595443,-0.9412327535543866,-0.01153849658519798,0.028797584869373095,-1.3172722460691544,-0.16985091606374703,0.026278746276641677,-1.1971530698357387,-0.27611179947951536,0.0026641454563014586,-0.9775558367753073,-0.31871351892327493,0.18278821015537924,-0.8473030437073998,-0.03892363368441226,0.18575107299082755,-1.140492055567982,-0.146155182667119,0.16720824058163392,-1.1153690577292745,-0.21451782677076306,0.12366284736873008,-0.9685088079004158,-0.25318255105583565,D
0.0,0.0,0.0,-0.22509237720825298,-0.21759771810245737,-0.168960557843756,-0.3497490021502083,-0.5403447076594702,-0.2508478156112968,-0.29069955104761397,-0.854141584129914,-0.33241389400388915,-0.14373835033629243,-1.0732671268530727,-0.4054590920708646,-0.32406657528658034,-0.9825160080762908,-0.047637336534674696,-0.3766592343533037,-1.3922759371679831,-0.1319678702582171,-0.3899410491140277,-1.6347220174409525,-0.2148684123004867,-0.38086283167632196,-1.8501583212206574,-0.28974150625979955,-0.14055487402589842,-0.989355172190555,-0.03769178487894831,-0.15650691584603316,-1.3792812480687355,-0.19284718422336716,-0.1379509173992187,-1.2173185287314288,-0.30861587659984113,-0.12828846648132827,-1.0225763460210842,-0.36877383239887984,0.02699147587167348,-0.9424140778096998,-0.049283872573840135,0.03834950710818241,-1.3341042226963924,-0.1907854874921246,0.04591736870034194,-1.2119133292316757,-0.26395274169344213,0.028458575702550115,-1.005751420007489,-0.2912378766871413,0.1908164220969348,-0.845658968740351,-0.07756694167600463,0.1965880499517254,-1.1422933281852752,-0.1832214558595973,0.1807513575040429,-1.1058353012313782,-0.23599876750496823,0.14255796024367443,-0.9601823176816662,-0.26437788454275074,D
0.0,0.0,0.0,-0.2255450801751513,-0.2024850863571643,-0.1918212114736498,-0.3554297684395421,-0.5125175888389513,-0.2894697694827196,-0.31479659431809276,-0.8142338993212714,-0.3833216098050938,-0.2055015057715952,-1.0599005575163127,-0.46807138567258,-0.33177733855341357,-0.9811641545214617,-0.07783658360632333,-0.37323751875771455,-1.4026477487302433,-0.17285808501031694,-0.3872468564181376,-1.6426289497928201,-0.26223008188950886,-0.38149332086066484,-1.8490945970372732,-0.34081187556596343,-0.15190463386459274,-0.9863917947301027,-0.06289840617687259,-0.1679048810300823,-1.366200908476806,-0.2353913510571398,-0.15490371914206058,-1.1961586165260336,-0.36253119970214026,-0.14884655660487958,-0.9949714935696939,-0.4280147113965803,0.01362015832731638,-0.9427038983431911,-0.07125536048279166,0.02223913855792869,-1.3222680975095773,-0.2225150403874661,0.029744540280089958,-1.2083580745795128,-0.306972110480488,0.013987809780646315,-1.0097505228278487,-0.34183036095611496,0.17768720551720096,-0.8480449722163301,-0.09795938480120062,0.18574254671365878,-1.1392169551422915,-0.20863445063142208,0.1713739450855331,-1.1040037742332027,-0.2688593583161136,0.13539666423579735,-0.9612880502475972,-0.30326763766176434,D
0.0,0.0,0.0,-0.244843179774449,-0.1915331299951509,-0.1708247269704584,-0.3823547205076262,-0.5173562659331061,-0.2527606367131005,-0.34008006841591126,-0.8456967853682752,-0.33387757630387005,-0.20895419671415855,-1.0813574401375636,-0.4052094804823862,-0.3578313303740839,-0.9701487065668885,-0.04528561414839941,-0.4050179918497968,-1.404606502431822,-0.121525753695836,-0.4206715763075255,-1.6541215754309795,-0.19593732521794954,-0.4130378715700661,-1.8639413269631213,-0.26462447067037437,-0.17104369133767222,-0.9847805896628119,-0.03084227418572572,-0.1903325491987034,-1.3783042635915905,-0.17577749571729437,-0.1824078634587441,-1.2301895342575513,-0.28660579080807763,-0.17898940500164032,-1.038547996789301,-0.3442887785377262,-0.0013085620278439683,-0.9488931694887653,-0.037988227434566195,0.003397430533095002,-1.351880972107741,-0.16929712998754656,0.0019888437856416794,-1.2463472205692203,-0.24030040181314166,-0.013820745135341386,-1.0425641881944112,-0.2681386203897749,0.16832995249599797,-0.8607641454039752,-0.06166067040848442,0.17436667165333072,-1.1668988929247324,-0.1586778330023298,0.1568032402055609,-1.1522350417010927,-0.21032497181812237,0.11951277442619848,-1.0182387162915734,-0.23895003257827346,D
0.0,0.0,0.0,-0.24192121746810227,-0.19529765627821546,-0.18796528127645484,-0.3798111051974052,-0.522421343538855,-0.2699763413704498,-0.3313573135098463,-0.856735302750798,-0.3497112129472027,-0.19135668611723033,-1.0972149912438085,-0.4212821166710218,-0.3664421457078502,-0.9718036653302432,-0.006734759429045878,-0.4133784195325453,-1.3768220360183132,-0.06901445415332336,-0.4342572845292173,-1.614852424691897,-0.14810619649735254,-0.43099399965360263,-1.8170480499414088,-0.2247599870372003,-0.17514167441837672,-0.984434628651382,0.014623809146144057,-0.1957349454911181,-1.3823212021084785,-0.1309000276956589,-0.18365242984882327,-1.2487851386646165,-0.27452651147859275,-0.17457189900337372,-1.0534263240436403,-0.3551782461898438,-0.008922338365329723,-0.9524940132390455,0.01224192320219144,-0.007092672840800972,-1.3324113333873884,-0.11901534975827283,-0.0033178047839416687,-1.2520862767408312,-0.2290055659994697,-0.017166143985574058,-1.049856964967651,-0.2838700196668308,0.15419388269822393,-0.8664675301170269,-0.007608239357264979,0.15420263978194484,-1.1575641512199488,-0.1017670728019937,0.14543227919215881,-1.1647994797794294,-0.1743023415428736,0.11373785082700877,-1.0410459263115484,-0.22136995396797177,D
0.0,0.0,0.0,-0.2559026263146565,-0.22242178494736528,-0.15928377793350856,-0.40106974245497573,-0.5315324100552734,-0.2178935834553012,-0.345993612024984,-0.8816752781674588,-0.27880087467933756,-0.2134459418196948,-1.1195425111492514,-0.3303971036430933,-0.3623703545908344,-0.9531051281640501,0.05092269820958,-0.42414361969178377,-1.3279617647991862,-0.004461594110533311,-0.45567944397421956,-1.5627271460424097,-0.07490814519923494,-0.4543287613515054,-1.7630494808786656,-0.13890281884633887,-0.17322675177044145,-0.98231861398502,0.0710114996997753,-0.18181347778731738,-1.3577015109055002,-0.05733497499388381,-0.1844832929967353,-1.2569197528578755,-0.1750651734516025,-0.1783131291975184,-1.0752883273053746,-0.23248201100141297,-0.008883182661549933,-0.9576714984660732,0.06468370563196098,-0.004805837917687463,-1.3070290264927034,-0.05546587962434333,-0.026035317103402896,-1.2378231698002844,-0.14155088122968995,-0.04341483919217744,-1.0500292547816503,-0.1734990943274099,0.15169541548343762,-0.8833971711237725,0.04199745771567953,0.1495895216383852,-1.1499135422103313,-0.0355516048149078,0.1252152712957444,-1.1518201876297687,-0.08764882605586001,0.09591978380460343,-1.0244437388673142,-0.11447519458298121,D
0.0,0.0,0.0,-0.27925462630556924,-0.19459492021830477,-0.14898753096490447,-0.442645011194222,-0.5246630714610466,-0.20322811156799792,-0.39804078388581215,-0.8848664559303974,-0.26003896275349825,-0.2716027341729264,-1.130509413005433,-0.30876509829885285,-0.37537049554916874,-0.9396931752188274,0.0326603213663354,-0.43468063719700745,-1.2974841575477685,-0.02734352748080841,-0.47297411563545927,-1.5255620514309958,-0.09736821938436246,-0.4748447922312671,-1.7227046922850138,-0.16135446925234437,-0.19046341625936267,-0.9806978402394879,0.04422028060083413,-0.19769415027202883,-1.402527284453161,-0.08198736830083943,-0.21876891463735243,-1.321410243666744,-0.19543433445578287,-0.21995321488323397,-1.1319214517200509,-0.25056222770894065,-0.0294181505662913,-0.963100264483736,0.031684321196467836,-0.023446977364191567,-1.341161024178131,-0.08823226417669812,-0.06067988392510383,-1.2997362546853994,-0.17837127804556419,-0.08033342778691785,-1.1106880380843716,-0.21461125316144744,0.13380395169972603,-0.8863266614064137,0.003981205438350163,0.12933829083358298,-1.1680156659372807,-0.08201302274582639,0.08955314800307648,-1.1984927326486885,-0.1436612749491602,0.05253217519231688,-1.0776497038356072,-0.17774360493609215,D
0.0,0.0,0.0,-0.27935260369627185,-0.19354044544661303,-0.13184248961035477,-0.4567317449011062,-0.5250355248363402,-0.17172343042057012,-0.4529308422510675,-0.8933121936792197,-0.21653983727279758,-0.35678987144793595,-1.150026216128674,-0.24980081600202061,-0.3939577047808825,-0.9252661827136929,0.07128583284190093,-0.45502426615640157,-1.2867802977493654,0.026911801067485776,-0.4885041126835184,-1.5049238510286165,-0.031866177104750065,-0.48984536173245535,-1.686181263147114,-0.08650118651110146,-0.22327584724579563,-0.9711699086550216,0.08352786696467854,-0.2550897369920836,-1.3720471441640947,-0.023113490878334416,-0.27134454033237393,-1.322871248494023,-0.12701523458570957,-0.2675833673312236,-1.1525106634204354,-0.177447636411718,-0.06433843238509736,-0.9584713569689839,0.07107596862632691,-0.07383053255859852,-1.3303544622857646,-0.03608787470670405,-0.10651907201875897,-1.306575520628186,-0.12150844947150201,-0.12361536724565406,-1.1232315551451395,-0.15419694225679298,0.10574180475253761,-0.8904102863549662,0.04480383747393635,0.08936452655477196,-1.1693960629171414,-0.03442730653955495,0.04348395134869767,-1.2160228385963212,-0.09414120919429649,0.0034750000414885134,-1.1028602523574382,-0.12463459220363764,D
0.0,0.0,0.0,-0.3031169592704701,-0.1957102748359652,-0.14393201659833155,-0.49029558157933684,-0.537916251476597,-0.1934757908337324,-0.49566779678560796,-0.9214856949972895,-0.24990908532463132,-0.3855484859494519,-1.1930867582016051,-0.2955956945342189,-0.4021008415950395,-0.9235162332324689,0.08986786766112026,-0.458008327670312,-1.2885370106239669,0.04320112288749967,-0.48521291464988175,-1.499812586756118,-0.023834974093999844,-0.475348846676434,-1.6770648527508376,-0.08615265217798133,-0.2284989190518088,-0.9679768490926572,0.10396664663634146,-0.25802020060402886,-1.3731329029631951,-0.011789692784304437,-0.2899189232789875,-1.329911424217368,-0.13336688679770078,-0.2926626938509884,-1.1610779516769945,-0.19648723552825048,-0.0709495036379583,-0.9645764298992722,0.09013149458328254,-0.07585270614024948,-1.3593907690649587,-0.0270163771129436,-0.12876757663884533,-1.3295745429687829,-0.13251455603915935,-0.15203597218757753,-1.1230671084813664,-0.17764162052730537,0.10338168586445225,-0.9066596822992572,0.06185185555516713,0.0787410966715973,-1.2082917430319131,-0.024650265742150856,0.020077814057555113,-1.250841771966487,-0.0981018763190164,-0.02792151961385855,-1.1133197540571997,-0.13929878163209194,D
0.0,0.0,0.0,-0.30172706009261635,-0.17942557571376502,-0.1402176919544465,-0.5057721159364063,-0.5189550789727242,-0.1836994547017395,-0.5195797780403777,-0.902174825535296,-0.23468348994814345,-0.3946526077729275,-1.131465583861494,-0.27447420050793847,-0.36781659603270356,-0.921120070047156,0.10479370752140929,-0.4285365533005676,-1.28145170190349,0.0697110940002262,-0.46433100253620835,-1.4927303799432474,0.007946139606458083,-0.46273840835129787,-1.6751514189137482,-0.053974204110534656,-0.2108290043875475,-0.9698315168053075,0.12238447581320096,-0.26377899090611345,-1.3446354198931847,0.022781821351994518,-0.2960665340370189,-1.3220752683892532,-0.09080382052530805,-0.29389341604161645,-1.1759840370726493,-0.15386864614184917,-0.06261918866886484,-0.9682430354891672,0.1109874593966413,-0.07645792578132235,-1.3555654448142636,0.0016283271981035945,-0.13228326455568643,-1.340487667902661,-0.10159897762463024,-0.15778244161711802,-1.1437007591389872,-0.1477589986247562,0.11119338747286961,-0.9145233331966796,0.0846629285865353,0.08019210596773023,-1.2160234238645693,-0.004126482446832599,0.008973670342713895,-1.2495460462543224,-0.08004163301985451,-0.044484483961682884,-1.1037806455414034,-0.12297869770939238,D
0.0,0.0,0.0,-0.28783654756017024,-0.18108625791531194,-0.1624528029043649,-0.4816496098265192,-0.4896047724144538,-0.22220727260170056,-0.5016275568867233,-0.8430658429296416,-0.28583368785592106,-0.39287846804098037,-1.1024315121418866,-0.33851953447250255,-0.3619368234849405,-0.9351211006054031,0.07409964605582936,-0.42627806785614164,-1.3053288474551696,0.021493055812787147,-0.46291810987177573,-1.5230158410653407,-0.05063649717946212,-0.45445516785101625,-1.7118545428586651,-0.11783094825136345,-0.20537159541657762,-0.9737906589837125,0.09774589644643165,-0.26950597207733035,-1.362210480038131,-0.0314825293405431,-0.30326908257017615,-1.3037098637761428,-0.15664836936553223,-0.29455414335956004,-1.1480879874063765,-0.21998963182042772,-0.05955577260634458,-0.9639237534164613,0.0909303442004071,-0.10190876997815612,-1.3386006289383297,-0.04457435247636389,-0.15636694951689858,-1.2769464811184708,-0.15419217925137157,-0.16898078459044935,-1.0641598210771983,-0.19617902732674283,0.11174845227879664,-0.9037620811543204,0.06831131719009194,0.05559951863087178,-1.2027798211852807,-0.03531704063116686,-0.016900262143532428,-1.2160446853940359,-0.11547641774878091,-0.056014418683495326,-1.0656489483187022,-0.15815542101720434,D
0.0,0.0,0.0,-0.29235112897142074,-0.16914276929535585,-0.15095197851335745,-0.4753122683022718,-0.48925334293980555,-0.2125058189337882,-0.48740492314085043,-0.8421730045542095,-0.2782112801526645,-0.37831835115958695,-1.0786952842132853,-0.332057010834551,-0.36498818260945365,-0.9408948176628045,0.03658707424986155,-0.4286712895290622,-1.353418385102033,-0.028421928859669435,-0.4688294236227683,-1.5783132406411597,-0.09686619968450302,-0.4679495560261602,-1.764474876546983,-0.15792073487077957,-0.1970446908759651,-0.9789931427497781,0.05240053670057043,-0.26305220677352664,-1.3886696435755934,-0.08408625732452392,-0.2986217121355495,-1.273786442224805,-0.18578818212821538,-0.2922490689825214,-1.0787845503574225,-0.2281406241563327,-0.040758863259136545,-0.963090684479422,0.04095838253643186,-0.08062739123049575,-1.3704830478613657,-0.09171502341785186,-0.13216085254849355,-1.2671298629488132,-0.16180779204415446,-0.13886875258813405,-1.0395230030892753,-0.17612777529432205,0.13304464552929016,-0.8933652482170124,0.013390929585309228,0.07788427460577615,-1.1967339129131787,-0.08586366583312571,0.008228768335760502,-1.2045297259114147,-0.1443597864419011,-0.026837415542544978,-1.0645133072942612,-0.1692425423893539,D
0.0,0.0,0.0,-0.2842185933593037,-0.14612366631898493,-0.1531515175049368,-0.47640811395511445,-0.45780745154206365,-0.21683804437714965,-0.4950977273863028,-0.8152788825384316,-0.2822122566775724,-0.38527379234951525,-1.053407600478532,-0.3342300041005029,-0.3797904206667837,-0.9319326834752236,0.014008470899195836,-0.4606169061214703,-1.3614484702730434,-0.054081938899757404,-0.5005790609114993,-1.59676409406671,-0.11857834222679664,-0.49987021883733973,-1.7908798191158388,-0.17499084863687697,-0.21866722513384648,-0.9752369798747168,0.03312820153743537,-0.2940646412458429,-1.3933609218783312,-0.10068004345859745,-0.3182829025735775,-1.2824810756556986,-0.1932043703052762,-0.30388885173022073,-1.0931922899803292,-0.22937118459965108,-0.06290889698124483,-0.9593808421653127,0.026173036718341626,-0.10422569861868698,-1.3737139567363863,-0.10756431178673653,-0.15074678993923776,-1.266734998453188,-0.16960929384172305,-0.1548756603572372,-1.0443012581945406,-0.17772443644160787,0.10896805445474114,-0.8902721611277609,0.0034407599949624525,0.07085625554118946,-1.1882325949192003,-0.10021088507099457,0.013589269782368052,-1.1956295053619963,-0.157102995426045,-0.013724370510406678,-1.06158134010755,-0.179069201864543,D
0.0,0.0,0.0,-0.28758071509560695,-0.1202984832143328,-0.13909317522029543,-0.49402489099268115,-0.42691264399225987,-0.20151102186303096,-0.5202138340637601,-0.764563812857938,-0.26673462289094946,-0.4189057620674958,-1.0033466439996717,-0.3183557167211011,-0.3948542943120503,-0.9267557654744211,-0.004550173878852513,-0.47469660107555595,-1.3418856894639468,-0.07457604907495047,-0.5149772957751949,-1.579043388033367,-0.13510398215486158,-0.5137435442088457,-1.77855581667845,-0.18804795868730922,-0.2325342560097372,-0.9725864521954851,0.0018473732155229517,-0.30176711346817986,-1.3774100581568554,-0.13476344106179602,-0.34621357338471753,-1.2413158911483235,-0.21281830917180952,-0.3430012541697181,-1.0308645669279268,-0.23495405268121547,-0.07320802070698365,-0.9544930769383375,-0.015029512590696747,-0.11299876221564958,-1.3509883509733884,-0.13840480552564877,-0.16995429410587135,-1.2499998389515332,-0.17830219726803967,-0.17397874344691674,-1.0422749515828622,-0.17405848660469864,0.10309734615688879,-0.8773116376232555,-0.04741160665637702,0.06174384297173365,-1.1824264253274424,-0.13387941721084315,-0.012355834388139397,-1.1828118454785608,-0.1676462060445018,-0.04935427886837,-1.0503062584738232,-0.1750482429358103,D
0.0,0.0,0.0,-0.296469039231465,-0.10175609934968431,-0.1560552512484512,-0.5082311097762809,-0.4108195673588814,-0.22136979627360445,-0.5469761205980459,-0.7424428324862457,-0.2864362550280589,-0.46805807930047,-1.0061803888572334,-0.33892181157795903,-0.4252235840691999,-0.919890811108793,-0.017810664499461025,-0.4971384279085965,-1.3477826975418714,-0.09194828732764587,-0.5389069994447313,-1.59998803273873,-0.16042433438484935,-0.5398010910674114,-1.8117634068912316,-0.22091739929045787,-0.2596880571063704,-0.9656736533618185,-0.006042201515753122,-0.31746391588353473,-1.373326813447827,-0.15075384719773408,-0.36767633924310483,-1.2697795579795568,-0.2504664399431003,-0.3655596535062862,-1.0782611190226334,-0.29202642726152506,-0.10002321154632536,-0.9550542529116923,-0.018541410673722836,-0.1399008870671463,-1.3518002384193106,-0.15647793807979676,-0.20984501324511445,-1.2703454443981008,-0.2313255399369707,-0.21736489606994971,-1.0604463248602756,-0.2531862287551594,0.08084074705640658,-0.8868387038709056,-0.046252592066168045,0.03775994927837325,-1.196002060420492,-0.15040781404447176,-0.04742565199764066,-1.1913000154827964,-0.20980123172428905,-0.09102477022260422,-1.039740262842099,-0.23805300340345062,D
0.0,0.0,0.0,-0.30007244147783235,-0.08708707717630243,-0.14537432842883288,-0.5323631994334238,-0.39146807035949127,-0.20971568126506102,-0.5914151086934865,-0.7334433671447068,-0.2764028370246613,-0.5101071136434973,-1.0161383554132937,-0.3303147310876345,-0.4438320396751111,-0.9100566849099704,-0.004933355950594419,-0.5114334804105438,-1.3557759995665464,-0.0768828816044041,-0.5462713994102365,-1.6148741647760736,-0.14019420194998883,-0.5501057245467389,-1.8299678651869096,-0.19557489700514374,-0.27623743499057324,-0.9610892424950452,0.0005894659693885365,-0.3386972935326784,-1.370335611345386,-0.14249782974290237,-0.39663472449262926,-1.2884604400960258,-0.23195500783912348,-0.40648707957205316,-1.0947985090150065,-0.26370925022952046,-0.10889431409254893,-0.956368991192679,-0.019136618213723637,-0.15665666518685697,-1.3481019985746798,-0.15305630772471704,-0.23513978643307876,-1.2716630048114201,-0.21936897049310863,-0.251086457418628,-1.0701024954240121,-0.234305330208963,0.08681342612593206,-0.9003711193813588,-0.053734644660509,0.02543777610294792,-1.1932658008223538,-0.1549949018329815,-0.07295353549655907,-1.1900599558356126,-0.2111276404241892,-0.1306679179188058,-1.0525903569771262,-0.23529811787438487,D
0.0,0.0,0.0,-0.29529199397199646,-0.07004671538789888,-0.14795011693945512,-0.5376620279824746,-0.3848548921956176,-0.21388626273729122,-0.6199569986366433,-0.7285410090194769,-0.28112583559534676,-0.5587058486613877,-1.0239578120214816,-0.33573545585540315,-0.4475798377996352,-0.902468023398466,-0.013789709611822569,-0.5200961983696991,-1.3453518635906598,-0.08958500222299269,-0.5557431383866315,-1.610082615536108,-0.15410724992717267,-0.5628285578194959,-1.8296188452203677,-0.20967135457231198,-0.28584908778071977,-0.9582541114713594,-0.006273504855015572,-0.36931948488684463,-1.3725114810156613,-0.1504985391438055,-0.42338925595251753,-1.2942233584793832,-0.23492929275331328,-0.42962847324743997,-1.0966150262929022,-0.26205400530434786,-0.12167599937606871,-0.9549931862954835,-0.024203007457747717,-0.1950134151472497,-1.3633598473196327,-0.16098611350088723,-0.2734362203574428,-1.2792795984265826,-0.21830894168244794,-0.2864877891209348,-1.0752578716956371,-0.22526353533354848,0.07352285514580383,-0.8990961740043256,-0.05717641009950701,0.002440332801817002,-1.216643207066353,-0.16301368170469807,-0.10017567694215654,-1.2011821606382527,-0.21378395867298444,-0.16094934366911126,-1.0484438318073703,-0.23223014320369958,D
0.0,0.0,0.0,-0.3051692857590113,-0.1010289818611925,-0.14349559251232666,-0.5442973756565873,-0.3863301407341553,-0.20876633826255983,-0.6360614515920431,-0.7117858518451787,-0.2809436973048736,-0.5870017781202763,-1.011464445114805,-0.341606933463819,-0.45867777110773184,-0.8978781072969078,0.03351625591279706,-0.5276343032289015,-1.3293627272340585,-0.03208456284794291,-0.5677064860775023,-1.575870454271838,-0.10078214104353418,-0.5780455698608669,-1.7968618998681767,-0.16437904590260488,-0.30565480004733925,-0.951453168674847,0.03622169276296075,-0.40193501406555643,-1.3625415374073724,-0.10730008784491221,-0.4578867849124089,-1.2805268314387568,-0.21222894709830234,-0.4636277363118467,-1.1071611717821854,-0.25764351252466505,-0.15378500043938445,-0.9537982206917092,0.01160935184026168,-0.22337003050672405,-1.3632726595109022,-0.1270193328096886,-0.30013064968208986,-1.2693346468385094,-0.2047686847292081,-0.31598368142909494,-1.0632701399901943,-0.22666313235391516,0.034790939662833135,-0.9087019551920114,-0.02797630984237073,-0.04645963643234182,-1.2191767898582702,-0.1327731684920406,-0.14760279517036298,-1.1932272814367468,-0.19421912014941642,-0.20477780396305534,-1.0387608205840169,-0.22304446803326936,D
0.0,0.0,0.0,-0.3056932876778102,-0.1071987542889027,-0.140538322680075,-0.5443133092145187,-0.4098092938662589,-0.21022243304402247,-0.6413818777510423,-0.7374292588120764,-0.28926707261577184,-0.6076473174734779,-1.0496802997909496,-0.35877643221676814,-0.4484450444067078,-0.9060548454553252,0.03873091474679206,-0.5243056490092872,-1.328222411353598,-0.030857421819308763,-0.5664995926336412,-1.5663299655515865,-0.10241997641691551,-0.5745500813036165,-1.7833015770371154,-0.16734441896763566,-0.29601381537601046,-0.9545497841031092,0.03479268278309107,-0.40063089740925023,-1.3671795219333027,-0.11613793941259712,-0.45820695515141363,-1.2690130232253478,-0.22690195962908608,-0.4574761008830316,-1.0835734416550498,-0.27403139915017927,-0.14651079983733759,-0.9540770371050622,0.003772689278356079,-0.2270042950431616,-1.3667439471786025,-0.13911246549797018,-0.30979632392528555,-1.2621673349264257,-0.21653358298473765,-0.32822866043062054,-1.0533278261693493,-0.23686048606012294,0.03797324523563989,-0.9011876797861493,-0.04171923001646968,-0.04559025758400712,-1.224290917389181,-0.14493307859937946,-0.14329719944477995,-1.2019166743202325,-0.20130716510796223,-0.19921219750642455,-1.048888740850973,-0.22674296585033582,D
0.0,0.0,0.0,-0.31287243680061244,-0.07953264469901411,-0.12455955853005574,-0.5705961698340515,-0.3854382197832267,-0.17785832544995003,-0.6957241534280232,-0.7365146565522789,-0.2420381309637317,-0.6628389565066325,-1.0519835064824843,-0.2959668568985004,-0.4888052523228074,-0.8754885251751172,0.0768789206186518,-0.5592153157066727,-1.2848838062621812,0.021017472956230465,-0.6018906658131041,-1.5284288443140737,-0.04000090546376963,-0.6102085872877782,-1.7435342846658584,-0.0961545518937192,-0.33368488324364326,-0.9398398408032452,0.07318109273307402,-0.4266384853080526,-1.3726273146888535,-0.06450290271200762,-0.4937429718327928,-1.2657716710775075,-0.16274505237322243,-0.49752512833992435,-1.054994636999536,-0.19519599349294614,-0.17978854607706543,-0.9518619903548948,0.042799135480437706,-0.254041727321903,-1.3776318514462753,-0.08655485601720658,-0.3433932040694643,-1.2779633412411922,-0.1574466323404193,-0.35816041635736295,-1.0699920309510749,-0.1704982367248315,0.006496288113106769,-0.9208849138389442,-0.0007837677927596823,-0.08746347659191106,-1.2304172390233297,-0.09451127929124943,-0.18269321945157255,-1.2075619866221614,-0.14709551457914913,-0.22075682812483713,-1.0569625175498742,-0.16664564057454587,D
0.0,0.0,0.0,-0.3334225528239827,-0.10795822458103878,-0.1322116438082733,-0.5943747519465813,-0.3921814762912806,-0.1942385068913365,-0.7176542822911463,-0.7285022239365806,-0.2687002802877356,-0.6795468388243964,-1.0516576409268699,-0.3330144636184537,-0.48243944741498485,-0.8744848662984668,0.09059557264387075,-0.5607285553356564,-1.2826879064356327,0.036507465766255895,-0.612718342272787,-1.5236093734561558,-0.030455776892200817,-0.6320513594216212,-1.7406207145013324,-0.09446775560848639,-0.33419289655291,-0.9385323763619202,0.08644123098396339,-0.44437965022023485,-1.3490285709841288,-0.051906442230300935,-0.5090064701371247,-1.2647778448260851,-0.16663259722512397,-0.5113880357579662,-1.079499818507807,-0.21658070026820664,-0.1889049772276562,-0.9543331367620541,0.05319431031939219,-0.2752917822487647,-1.365018270918127,-0.08019532231071574,-0.3591008267173903,-1.2724524101200805,-0.17005117984215729,-0.37118106401619655,-1.065838428079008,-0.19918420114461066,-0.007861709677894386,-0.9327038236157378,0.006129007167340349,-0.12149515127889927,-1.2264558809384631,-0.09273836236025235,-0.2183919609644446,-1.197450446179909,-0.1583911385316199,-0.25381026978293786,-1.0439162062966612,-0.19011173761292985,D
0.0,0.0,0.0,-0.3206075630297555,-0.12369482962610365,-0.13252530309429777,-0.5827961175628844,-0.40198076962412616,-0.20333462812517544,-0.7103641520109721,-0.7405668773876853,-0.2882113325788043,-0.661639730799767,-1.0725611494500995,-0.36525105305329525,-0.4784849329389321,-0.8817341118933474,0.10283442926313882,-0.5511708922083405,-1.2696308488770125,0.055095824166260625,-0.598795076705066,-1.492414812182227,-0.011886192614767387,-0.6099684918413909,-1.7008052344554112,-0.0773538840178784,-0.3273826117735516,-0.9396947560092249,0.09896661577062911,-0.42563685430780096,-1.3502987036890723,-0.02526499212824563,-0.49341978188208646,-1.2748977999196307,-0.13900446461740198,-0.49728030555987096,-1.1007805291284802,-0.19234682217793472,-0.18363896689547862,-0.9484294101697704,0.06576808527611054,-0.26345113938439624,-1.3528832978231469,-0.049645666885304494,-0.35093584647956116,-1.270470900952653,-0.13461732324931736,-0.3682735510657902,-1.0766845856872778,-0.16539069089906427,-0.0007941935192906052,-0.9089090666372434,0.017762920408488956,-0.09255318348554292,-1.2222874190146593,-0.059646145302775906,-0.18352048667031154,-1.2114379628760845,-0.11521058308193048,-0.22512805806499206,-1.067833294491129,-0.1449502531604544,D
0.0,0.0,0.0,-0.3240695289527323,-0.09637716680865088,-0.14430461842617104,-0.5825012881744992,-0.3954817808023066,-0.20986858835080807,-0.7020426019939808,-0.7508613149707691,-0.28126697569432485,-0.6682536908186558,-1.071534811234843,-0.33990706396763515,-0.4670968269195891,-0.8900209236738307,0.06891689596832791,-0.5391963218292666,-1.291428962490096,0.011379995342890725,-0.5880852415043005,-1.5203899363444893,-0.053830006405383095,-0.6006984429690494,-1.721026683739512,-0.11340476367627618,-0.3144801819027699,-0.9460594135743744,0.07793459551259338,-0.41740417975906724,-1.3548307278926954,-0.057499552689289475,-0.49092203056931244,-1.2761412846383782,-0.16103915248602402,-0.5051450949518154,-1.0815485589044247,-0.20075125530558258,-0.16406492697938302,-0.9539973606246627,0.05759062918390464,-0.2449446235732845,-1.3525750837484216,-0.06932474886792306,-0.3339816161192809,-1.2716643848397537,-0.14580928416906197,-0.3566476943887536,-1.0742911578122634,-0.1642141055611289,0.026049168244199294,-0.9143508179185516,0.02223902874347518,-0.06386266146557239,-1.2121730497562586,-0.06765054862219491,-0.15823731953498474,-1.203557566681316,-0.12422758146325938,-0.20728102503884072,-1.0626592699078785,-0.148233352903205,D
0.0,0.0,0.0,-0.3369142969301495,-0.08693146776165081,-0.1373152963842564,-0.6031377021229917,-0.3992459399322794,-0.18931427620133923,-0.7032980187650947,-0.7772802053276437,-0.24652871936654364,-0.6821903543660957,-1.1023354436788444,-0.2901104513814224,-0.47636803005456346,-0.8860123197792968,0.08027037282277821,-0.5396509490930443,-1.286054719340667,0.03457206732558488,-0.5897279677008218,-1.5172977607186529,-0.02183165905797962,-0.6092379557003149,-1.724280675284808,-0.07718454957298612,-0.32172706616641256,-0.9426352409636641,0.08905334013571693,-0.4174858092552972,-1.3555771810544486,-0.033452468106550746,-0.4953108906939309,-1.3015515829189244,-0.12807201856248931,-0.5181597068747789,-1.1163452629362354,-0.16502239071402722,-0.1725776701088495,-0.9500480088609455,0.06864008041297696,-0.2514588369214926,-1.347075979222152,-0.04876954028559496,-0.341999642948767,-1.2817678119219311,-0.11912823132993905,-0.37070484261408587,-1.0959512839072831,-0.1365730871948287,0.018870475976975894,-0.91092253849595,0.032928063505291594,-0.07687068471757393,-1.2118032024648977,-0.05258366872809121,-0.17210020534840545,-1.2189394472512762,-0.10731834256371897,-0.22243875255763126,-1.095556022548924,-0.1321900664927754,D
0.0,0.0,0.0,-0.3364736557008117,-0.09089226109798891,-0.14947906352577608,-0.6147548761472112,-0.4075364709943662,-0.20787585199663008,-0.7301368678082933,-0.7954889826574645,-0.27174850170085096,-0.6794090862741413,-1.120110779793306,-0.3217198613883443,-0.4814544652404799,-0.8831463029378933,0.08937644891632401,-0.5424851427837988,-1.2795381447695189,0.0423089373019421,-0.5952688069258634,-1.5110888266033655,-0.01645320378671116,-0.6125686763789695,-1.721246180588993,-0.07444539510648777,-0.3292093874505083,-0.9386353802539265,0.10288246765133514,-0.42468687914822817,-1.3660427823636963,-0.02811321300778032,-0.4960658201233519,-1.3000694154677812,-0.13325197947538722,-0.5051435673617853,-1.113343345716757,-0.1748503474319858,-0.18308799827861463,-0.9455452345448303,0.08561674745994194,-0.2562632912786242,-1.3500145328415927,-0.04097360469710837,-0.34715737925269247,-1.2725365660754628,-0.12191413913729306,-0.36990617303197426,-1.0727921773827849,-0.14292996017067203,0.008213558733050628,-0.9047105198193712,0.05253255450124762,-0.08330950745118047,-1.2186029215013474,-0.037287982114247144,-0.18400737366556202,-1.2230133809561512,-0.09924380587962874,-0.2364419902967103,-1.0894904337070006,-0.12856219828003015,D
0.0,0.0,0.0,-0.3437363923421796,-0.09479665255504811,-0.1537156401001829,-0.6128504532059378,-0.4104417780759462,-0.21414305096816685,-0.7136932470732361,-0.792262406283644,-0.27632664231621773,-0.6691721064215892,-1.1130204288481322,-0.3251917119295747,-0.4784164646659083,-0.8919903772332263,0.0571907359766678,-0.5432963823066277,-1.3065281341541737,0.0053495924267890176,-0.5940525138419307,-1.5484615042956316,-0.05625039379453029,-0.6082539471769328,-1.7643617841059858,-0.11537904101802701,-0.32092443725784153,-0.9442524450975631,0.0734494758184917,-0.397403031323968,-1.378780650411757,-0.054991503577153746,-0.473069498357368,-1.3137354456538775,-0.15768873258108526,-0.4884880141062354,-1.1236781234992772,-0.2004230149038205,-0.17089008214632476,-0.9454108157855023,0.0606546014400061,-0.2296305807062532,-1.3547880841711155,-0.06046924442290367,-0.325053232458261,-1.283322071749315,-0.1404832612984619,-0.34832694943471665,-1.0797113615153477,-0.1651950267407283,0.018448624035716094,-0.8955774692776183,0.03166875357686437,-0.05889299351958533,-1.2098201233057004,-0.05691597966431012,-0.16073691951876673,-1.2033464362065083,-0.11890660481580129,-0.2118543031372344,-1.0510455751826204,-0.15008146202923697,D
0.0,0.0,0.0,-0.3397472662941626,-0.1290558623593339,-0.158671755384497,-0.6020808545562304,-0.46605995996647187,-0.22407977728538975,-0.6850583836286834,-0.8566963924237442,-0.29556049440669996,-0.5980215362610172,-1.1635075123402938,-0.35659210024729454,-0.47311184390570127,-0.9023894918897031,0.06401865726145205,-0.5513431546078381,-1.320892621552802,0.008453400165939078,-0.5932625374342344,-1.5627291669689611,-0.06208831755411933,-0.5951628686500741,-1.7829633381107548,-0.13200951728069538,-0.3052575228803257,-0.9493012850372965,0.07513264903825034,-0.38892068585262823,-1.3768210860894705,-0.06996524821302055,-0.4510466825761283,-1.3306641708009104,-0.20379396808296815,-0.4646080526303064,-1.1728419145820805,-0.2721878686398188,-0.14526084807121867,-0.9480927207576911,0.056959364218589964,-0.19619820802992027,-1.375910547810192,-0.08848499023645989,-0.28328463407236215,-1.3156604688609224,-0.20282918210766637,-0.32055394871176596,-1.1065694313107493,-0.24943697449045468,0.050708657053511755,-0.8901257931986056,0.024000406902423072,-0.026841174386326657,-1.219027793629568,-0.08732035630295956,-0.11843795409011652,-1.2354587916242286,-0.17515136263850462,-0.17368205090218913,-1.0980487049413368,-0.2257221450772873,D
0.0,0.0,0.0,-0.32844916273210345,-0.124271790473566,-0.152054898527497,-0.5794768992654051,-0.46722006685149464,-0.21212774938883017,-0.6436313292870582,-0.84902428994363,-0.2758089762878632,-0.5553272643349093,-1.1347197639825302,-0.32785929262590136,-0.4693743817143057,-0.9071375395638276,0.02857196644527604,-0.5547223939101802,-1.32871678807173,-0.0323064743821451,-0.6032851932936757,-1.5765803381030994,-0.0980944901929356,-0.615482438934282,-1.7922316922106734,-0.16172410272986878,-0.3014958621612307,-0.9526804309605956,0.03873295191939043,-0.3972046388918492,-1.3582696748376681,-0.10398616826912468,-0.4412758192629425,-1.2819569048652693,-0.21600354356883703,-0.4379579202007687,-1.1075781723475018,-0.2690249622989358,-0.1361982946150912,-0.9437004675629942,0.022749905871365977,-0.1921492767064139,-1.3532032028165617,-0.1184694642960511,-0.2556202062668158,-1.2722475572419214,-0.20546043297765645,-0.2688394084802677,-1.0552642875033027,-0.2351287698443185,0.05949701351528529,-0.878828075527147,-0.0080941311934849,-0.010529251901054816,-1.1965600851306115,-0.11777183225907388,-0.09480708474015817,-1.1977204726700859,-0.18903075116937673,-0.13866525840844665,-1.0482653176287118,-0.2261898562377224,D
0.0,0.0,0.0,-0.327443721687868,-0.09536750585194188,-0.1472550540790796,-0.5874291546447127,-0.42714097467829415,-0.20508345521435084,-0.6693934634089256,-0.8048670213442475,-0.2681914297037943,-0.5715446360867398,-1.083734100387003,-0.3194107138926984,-0.4877610132528031,-0.8948289376130796,0.04171936183023052,-0.5701545572575744,-1.3295789764583332,-0.019139242826061695,-0.6139094104561267,-1.5843303128813404,-0.08294475850808539,-0.6229629165478241,-1.8125079066606806,-0.1447109959077508,-0.31547869386000316,-0.9476738874484261,0.048860994349013254,-0.3916671247666049,-1.3404932525010673,-0.09672945223783842,-0.44141715783700775,-1.261177737317349,-0.20395912024512444,-0.44884511891043344,-1.0825220285283246,-0.249081876794138,-0.146633835027399,-0.9455109439299143,0.028589025664508952,-0.20970958169058412,-1.334530441188341,-0.11416030331535705,-0.2763025241347638,-1.2445649060743895,-0.19777594136931792,-0.2887764420052053,-1.0288265696711243,-0.22168219306603956,0.051823148811171546,-0.8966436678123186,-0.006583909107964687,-0.02757744944224442,-1.1947946878900981,-0.11704324622742827,-0.10843981986758142,-1.1832462293448733,-0.18709896104294485,-0.14427418717194943,-1.0366012965257747,-0.2212337377369579,D
0.0,0.0,0.0,-0.31908443573266126,-0.10072914421109,-0.15501783475561054,-0.5789700418029347,-0.43240402894409014,-0.22351312290985206,-0.6632259062290774,-0.8074481931259879,-0.29491642102759275,-0.5754574535020619,-1.1001810313912601,-0.3529800894394004,-0.4784498810822232,-0.9089794681475794,0.010873896012347806,-0.5744892463409333,-1.3648944051221532,-0.06064541289687185,-0.619410204731481,-1.6187583554301017,-0.12440936728914789,-0.6197649745168667,-1.8389326483967414,-0.1820510882766916,-0.3123675699961899,-0.9497365968544611,0.020661505511026055,-0.40539098382850575,-1.3740219907466595,-0.13200272668584223,-0.4501830983246141,-1.2637138173797864,-0.22946108943597196,-0.4382436457566987,-1.0715644595057818,-0.2649659310790888,-0.1484117547192671,-0.9420838574056559,0.0035010015167180448,-0.2109225175047175,-1.3582500446951002,-0.1450144188781323,-0.2801743961132352,-1.2396770009056506,-0.2094956134684258,-0.28512051562746044,-1.0181656055211799,-0.21709901583027605,0.04452756809687946,-0.8848476109300167,-0.029003823869755373,-0.038156898882855846,-1.2105419507377326,-0.1366124885174676,-0.12370785673843354,-1.1827056274297332,-0.1896893960662179,-0.15657276618510932,-1.024997761231636,-0.20994266830557953,D
0.0,0.0,0.0,-0.32689950154839215,-0.09552602166459456,-0.15005272292189786,-0.5887286997400515,-0.40079168788008596,-0.2229126965898767,-0.6890083896688941,-0.7681859947565364,-0.30132446021510073,-0.6043914040041053,-1.0647675242314942,-0.3676986951303546,-0.4903686592748401,-0.8906473135905084,0.015870759279769657,-0.5904299563010086,-1.3484957861034963,-0.061711149590115394,-0.645033659042717,-1.606280144180266,-0.1291823355273043,-0.6593361947132801,-1.8329656806781085,-0.18901088577065525,-0.32553100952871333,-0.9452917709319457,0.021284493030433303,-0.42065060648659375,-1.3755521826549253,-0.13142209188668946,-0.48234246134220465,-1.2781239346571656,-0.2233481239085672,-0.48875115449448986,-1.0895306227986032,-0.2542880672383927,-0.1596284787492477,-0.9451142620086822,-0.001432077226488679,-0.237704976492681,-1.365037409671756,-0.14487601544348008,-0.3206261395431432,-1.2517125389454669,-0.20096554679451006,-0.33787943761375805,-1.0399538813354094,-0.20397000176245866,0.03799958878719803,-0.8925721382414067,-0.0402418825169002,-0.05355421789048937,-1.202881886979955,-0.1434794695961572,-0.15030779397485383,-1.176649035228973,-0.19233212688919477,-0.1978432690736384,-1.0313482349350944,-0.20985475033050463,D
0.0,0.0,0.0,-0.3359281602874558,-0.06713881917254066,-0.1621276062573064,-0.6136099621182862,-0.35782190156915805,-0.24291635172540213,-0.7353460473609404,-0.7240547650568825,-0.3276142712005664,-0.6569812598863086,-1.041028223813658,-0.4002663193558651,-0.5072049611906921,-0.8749638958198075,0.009676835431247578,-0.6122311410781482,-1.3425669811595835,-0.06787137669157699,-0.6719260159449219,-1.617306762102373,-0.140317924005798,-0.6942405040650204,-1.859417004657319,-0.20659763369188702,-0.3448161944665849,-0.9384400719830216,0.02078517091783664,-0.4578376031646527,-1.363993045279208,-0.13094973479941585,-0.5143924825440624,-1.2730080207523384,-0.23167184165442625,-0.5157889193938595,-1.0862471941712066,-0.2725198101950103,-0.1791911776643869,-0.944903719065631,0.00329109137323301,-0.2606867010341257,-1.3811230199416615,-0.1395486438564221,-0.3481485636291746,-1.2702137016529775,-0.2046500252591023,-0.37113656287190616,-1.0524037006541378,-0.2163359242838955,0.02579379120274222,-0.8953165699375372,-0.031159591789811054,-0.07083235760188471,-1.2207434492310318,-0.1384168506701961,-0.1768298461326982,-1.1951051288407168,-0.1962377760313685,-0.23650615664621563,-1.0415006888624636,-0.22138813849412628,D
0.0,0.0,0.0,-0.3398303773019532,-0.039880543692273,-0.15200076341200652,-0.631786498627094,-0.33898144114751455,-0.2262331961821405,-0.7494396866409851,-0.6990815254141513,-0.3021342243752615,-0.6827471744240927,-1.0201578591985918,-0.3645649854312229,-0.5111850907895109,-0.8753160316713281,-0.012121951914729678,-0.6279508056617853,-1.3566153147586921,-0.09693548925888908,-0.6950975305236704,-1.6371387653755287,-0.16403506009489757,-0.7219384953250501,-1.8724804046173065,-0.2201089253053412,-0.34843516273512054,-0.9373211086771738,-0.004698574033024265,-0.4618087341401413,-1.3756987933947518,-0.15853978627490103,-0.5352885732237819,-1.274179648220332,-0.23624577423611184,-0.5402615282245404,-1.0720653102000008,-0.2539179058690549,-0.1797154625140558,-0.940779522667281,-0.024889264682030246,-0.2723328442594574,-1.397017417287143,-0.1693562510259089,-0.37095713211306186,-1.268400783798392,-0.2046780655614,-0.3878932961504604,-1.0455621520228782,-0.19024277193433706,0.025832221747441417,-0.8967648582000105,-0.06122829315956958,-0.08037141224216082,-1.2340779845336678,-0.16841963621041178,-0.19038609236182555,-1.1897546500234657,-0.20309638881641118,-0.23831338346419617,-1.0273195654128655,-0.20533293711839246,D
0.0,0.0,0.0,-0.33554681078759757,-0.05292081561926179,-0.14989002178098185,-0.6225923783810333,-0.32619259161141045,-0.22376419942252546,-0.7469664627158379,-0.6740443428474577,-0.3003239285749688,-0.6964480131634757,-0.9941600109139977,-0.3633098264509698,-0.5042689504507654,-0.872798854674201,-0.01704662980614848,-0.621547560470932,-1.3607445881440556,-0.10427843907212865,-0.6844168835862543,-1.644919290239158,-0.17055564859717254,-0.7073509851078612,-1.8834990042236637,-0.22495234056867164,-0.3479532900071457,-0.9374537932350424,-0.010435205912358069,-0.4714614296981359,-1.3711969846567815,-0.1699616467862469,-0.5350405156996508,-1.253966324774118,-0.2478552469960427,-0.5333474999460589,-1.0516882571452495,-0.2648682399989478,-0.18283048203261573,-0.9462922046223361,-0.030822223548717245,-0.2759079333604486,-1.4021680059747637,-0.18106657315775385,-0.3715040963087015,-1.265797448185063,-0.21534606228057274,-0.3935926984650087,-1.045653691083221,-0.19890237401729333,0.016732672648382914,-0.9055514573917172,-0.06699571158691643,-0.0883571591111277,-1.2415214762762812,-0.17856172857040709,-0.2034508748161286,-1.1949550165462182,-0.2138660028976976,-0.2632209504206517,-1.0376910344061143,-0.2154680004887541,D
0.0,0.0,0.0,-0.33666579169644684,-0.07099767058473369,-0.1399056824451969,-0.6154495269909231,-0.34169145711666976,-0.21690211475244697,-0.7662807545415172,-0.6647915279877634,-0.3033506101886511,-0.7153398906238833,-0.9710647488170773,-0.37932828959093323,-0.46749936113859664,-0.8978822631906015,0.021581338170615708,-0.5500617543843435,-1.360291805981026,-0.0651866570344608,-0.620910153671777,-1.6214722644401007,-0.1392784277433164,-0.6468788841290248,-1.8503390474109627,-0.2027939158865288,-0.31640462157845767,-0.9484589324794659,0.01771352149362088,-0.4521344042095873,-1.37495147752483,-0.15055806669719068,-0.5660697396990642,-1.2344570062298559,-0.24085809669807062,-0.5902710239227942,-1.0149765682167398,-0.2636979279257782,-0.16450380378548998,-0.9542869283669673,-0.014457935936943117,-0.2831999038078232,-1.3729317405327384,-0.1700133459706287,-0.4108402006356864,-1.2087773166792544,-0.21058856276938576,-0.4382825304616294,-0.9735354522332675,-0.19504097942967866,0.025364524513501668,-0.9117696304828886,-0.06210884315622289,-0.1177137886259219,-1.2179694832901355,-0.1711986429629477,-0.24313267458372848,-1.1339257085507568,-0.20375127157351108,-0.28621839827338785,-0.9472852204918333,-0.20301862749978838,D
0.0,0.0,0.0,-0.3244207069280101,-0.06795904027053308,-0.12998959623503006,-0.607308578675379,-0.34401180187110114,-0.2068215818585221,-0.7574221002313498,-0.6565206035043232,-0.29549759055933383,-0.7104144483154193,-0.9582773917029916,-0.37342399205704035,-0.46975907321224974,-0.895659213925277,-0.012909246337104148,-0.5613005062088683,-1.388231657122888,-0.1130812948283588,-0.637695573182561,-1.6613672714892662,-0.18258875607374173,-0.658173794887012,-1.905136089331578,-0.23925515347694087,-0.319508241935091,-0.9472873158836645,-0.023690177320355343,-0.46869335551127383,-1.3881170410340766,-0.19776808084485636,-0.5743138473925554,-1.1944061377146766,-0.2635497024097022,-0.576384310214134,-0.9601822439894654,-0.26710096889487683,-0.16632127847836894,-0.9527970119371977,-0.06092475464193798,-0.30552631532908187,-1.388960149212792,-0.22202549875655045,-0.42642571464261614,-1.1717185098791363,-0.22803262245438075,-0.429916118925007,-0.9150969723212021,-0.1858392436278575,0.021838603418034133,-0.9107468590706531,-0.11386089174214543,-0.13525978859800747,-1.2346715291119923,-0.22241416032427316,-0.26529986514529935,-1.1396344820107642,-0.23461136961208906,-0.29939170551551836,-0.9463799237968944,-0.21751887008426143,D
0.0,0.0,0.0,-0.3097792709462199,-0.053474346958308425,-0.12469814172350388,-0.5930329273807087,-0.319818240177704,-0.19957297381642083,-0.7535915887357058,-0.6128910439066071,-0.2858921535924265,-0.7303024986012104,-0.9222149533733807,-0.36334215813873255,-0.45433857769291,-0.8967693179759695,-0.00883286294682459,-0.5511349559900621,-1.3806867223725308,-0.11031203089697778,-0.637950295658145,-1.6572052053034823,-0.18049489958815376,-0.672937774884923,-1.8910452703791623,-0.2353227119931121,-0.304880228094568,-0.9520805590127068,-0.024303408548103318,-0.4681380513550992,-1.3959029809770325,-0.2069483927452506,-0.588157011862579,-1.1976549391356555,-0.2747716559398138,-0.5924625579378638,-0.9374055249200676,-0.2721960793194311,-0.15012226124648137,-0.955565017386789,-0.06601268447361688,-0.2933126094784339,-1.3757336109586251,-0.23233214568519858,-0.4269632694383188,-1.1645258197454105,-0.24495021677139844,-0.4387552456433398,-0.9162832189456592,-0.2027208958071726,0.03904962695703341,-0.9145185360367519,-0.12168520028175069,-0.11983245989365927,-1.2104736791341735,-0.2326436910760919,-0.25264348537808,-1.0949760449691126,-0.24511974237148812,-0.28797670701415357,-0.89531575383724,-0.22463253992006485,D
0.0,0.0,0.0,-0.30996996539882227,-0.07267089862604244,-0.12547874712508655,-0.5791300735260415,-0.3255383121327964,-0.2094797498140702,-0.7352165561712295,-0.6137935491531156,-0.3053854232920847,-0.7203643271034113,-0.9207651921856259,-0.3916854561719902,-0.4548889240190617,-0.8976349101579636,-0.020418865888858283,-0.5531761621959564,-1.3766709024040573,-0.12632351729460065,-0.633024321812009,-1.6406032719210446,-0.19706065706771655,-0.6600447767756945,-1.867164069332703,-0.24985572845396956,-0.3088431331888416,-0.9504545173354847,-0.035385442750799474,-0.4671977495123222,-1.3798155545480495,-0.21659112479290224,-0.5708971097840553,-1.1812005145330857,-0.2790036511258099,-0.5729075844676601,-0.9355034813751476,-0.2728555216656721,-0.15616595294476882,-0.9531830566190882,-0.0764015229055262,-0.2961406730713768,-1.3531441538484192,-0.23327825051050752,-0.4154470090144638,-1.1500439092417458,-0.23814290808331712,-0.4294136486748151,-0.9158833440719549,-0.19339309831721188,0.027170346745328058,-0.9112468096224688,-0.1326229876746389,-0.11546937182401595,-1.190860138296834,-0.22978140245921377,-0.24460728118796224,-1.0984338789625216,-0.23682671443288203,-0.29258278421926365,-0.926713960045117,-0.21484813227019164,D
0.0,0.0,0.0,-0.29863151478928696,-0.07410504569593555,-0.11678001000350395,-0.5645458960052295,-0.31267658679066895,-0.19821756210046362,-0.7161748356925006,-0.5737875986489333,-0.293695342562536,-0.6915619537921266,-0.8711281169656584,-0.3801792493832017,-0.45295016810663924,-0.8998756562467842,-0.015595785685205896,-0.5524789918413301,-1.3583377485025019,-0.12120791942714311,-0.6316659941035965,-1.6138003215599674,-0.194402249899921,-0.66017577111034,-1.8334510569233586,-0.24952017445734273,-0.31049690582765843,-0.9497494851878269,-0.03959276268345266,-0.4757965959484001,-1.3625126504740077,-0.2243414129869216,-0.5762113363813858,-1.1562553506269895,-0.29141280687174154,-0.571277746867047,-0.898146768270389,-0.2888816163051849,-0.16030123605802177,-0.9512526641782518,-0.08898240935491038,-0.30610459824664416,-1.3355789971734875,-0.25302071726309183,-0.4219613868079829,-1.1249750136741854,-0.26204858564200173,-0.4303567253961072,-0.8918683442619141,-0.21965598728844676,0.02077620859425649,-0.9152135103930854,-0.1521673710573298,-0.1257798144929928,-1.1906252578924965,-0.25179112559871875,-0.2437510623344895,-1.083789909289581,-0.255686815376247,-0.2785445757249711,-0.9043973357900892,-0.23210107453673048,D
0.0,0.0,0.0,-0.29944146602990307,-0.02777048684200627,-0.1352304808434865,-0.5919035243392496,-0.2698523339314376,-0.22510317871105495,-0.7841191807663783,-0.539110190203057,-0.32601293366362855,-0.7789717458540523,-0.8528645616104307,-0.416677415972219,-0.4707714718150798,-0.8861875720877878,-0.03749444444105767,-0.5977482705304112,-1.4050654567606304,-0.15317799646977398,-0.6874882584405823,-1.696678191014297,-0.23022378639278612,-0.7257893554002866,-1.930142866069202,-0.2862717480148419,-0.32053725921325177,-0.9460795242231107,-0.04679101731987819,-0.5228673471349635,-1.3411301909853657,-0.23875762434437386,-0.6219342852750057,-1.1337113880657739,-0.30260923637217424,-0.6123275302266753,-0.8850261570965346,-0.2959388213002476,-0.1590164790691811,-0.9536554751281142,-0.08267029279976425,-0.32847767685691454,-1.3737627260868253,-0.2525456159807732,-0.4527544414492031,-1.1384432099153,-0.250068289673952,-0.4615467896439109,-0.8765063597945066,-0.19561351145929548,0.03601193011073088,-0.9127281865508451,-0.13435994827599326,-0.12272776865819732,-1.2060220611356853,-0.2534941343977913,-0.2664329070876948,-1.0869298125407245,-0.26236979208585876,-0.32163985593174327,-0.887573244038734,-0.23387897811915376,D
0.0,0.0,0.0,-0.3266543881919755,-0.0219879668654126,-0.12533627110735812,-0.6272871741317181,-0.2531787737075599,-0.20656508397615223,-0.7969210597380909,-0.5310234934007034,-0.3010559778123494,-0.7858829241529084,-0.8349029732723143,-0.38605160038049624,-0.5066699750636025,-0.8799954788767994,-0.027092432127414762,-0.6145538590499723,-1.3868836318505964,-0.1382354613425157,-0.7094933163381205,-1.6684351830293396,-0.2091413328333053,-0.7494768915840541,-1.9045051438515332,-0.2618605623478709,-0.3559083568563989,-0.9336053537982699,-0.041355590661789794,-0.5666691927654357,-1.331127163096594,-0.22727505070622997,-0.6818087958751293,-1.1092677626078153,-0.2884670100547036,-0.6604408110006691,-0.8620956309594304,-0.2820514976210521,-0.1933539716279259,-0.9404038106184098,-0.08199330063637696,-0.38671427855366847,-1.3305489940712316,-0.2544018943956428,-0.5171031871734123,-1.091287602607355,-0.25271105214143097,-0.5036800556255503,-0.8395731598905306,-0.19894257547577276,0.013937362798335988,-0.8988688184032914,-0.1368976779256684,-0.18719460015830877,-1.1874578133290437,-0.2543476057666599,-0.33236536677535206,-1.0509643091992669,-0.2586862126437631,-0.36019871800397507,-0.8418959724684864,-0.2283638934686768,D
0.0,0.0,0.0,-0.3120884396826341,-0.10325229848260872,-0.10823805492646772,-0.581658071195848,-0.29885387398936153,-0.1959741735846398,-0.7512785454487378,-0.5206284716991532,-0.30620816577415927,-0.7146282714475625,-0.7761371548556241,-0.4080956479790137,-0.47515199804941066,-0.9073113591354527,0.004145300722824464,-0.5685986102633456,-1.3622126088191833,-0.11001152036174307,-0.6610937778657215,-1.5999143460462029,-0.19469492600820937,-0.7044554242180975,-1.8113781406645426,-0.257939010133291,-0.33761505301339595,-0.9408697988179815,-0.02793022826567758,-0.5245949281493505,-1.3003160514054926,-0.22685052138370737,-0.637506887071556,-1.0830912921243656,-0.31635407554364475,-0.6431413020269585,-0.8397642017485643,-0.3302770454965933,-0.18672334936644297,-0.9433620210567506,-0.08520450915225682,-0.35909351838352904,-1.2771805828486062,-0.2630778659923015,-0.48679583347002175,-1.0488432534663628,-0.2804809303565211,-0.49908995495380226,-0.8000704230640527,-0.24074754571620707,-0.002307830253303034,-0.8996157663845675,-0.15606349762822663,-0.201122785504819,-1.1490572769649785,-0.2651994107483072,-0.3400021402619189,-1.024139596444329,-0.27117326024125843,-0.37876868423614174,-0.8298771846383793,-0.24564506898397062,D
0.0,0.0,0.0,-0.33254564175906337,-0.02124821758128543,-0.11485496230500543,-0.639836766016079,-0.21780792813080413,-0.19657278163256017,-0.8519827556707088,-0.44701918116520206,-0.29737166041811935,-0.8636020674614622,-0.7415037751087937,-0.38761418620889454,-0.5266876200435046,-0.8620040091022421,-0.009883363775857077,-0.6441848291064216,-1.3740891054911208,-0.12867798855005458,-0.7532785827819564,-1.6437902437076275,-0.20329180836643454,-0.8071840421623575,-1.87371300598027,-0.25625081467493666,-0.3915301685472212,-0.9194300058221933,-0.03677759523386823,-0.6215368795171153,-1.3358910784493645,-0.2403761698379201,-0.756370717591301,-1.0935063375385563,-0.3075147275187415,-0.7462602075174977,-0.8359943936152998,-0.29723847258113356,-0.24654489785537959,-0.9419243429934516,-0.09063825812667343,-0.4604782218072637,-1.3420927150771007,-0.27833825016240105,-0.6155055374203425,-1.080844369230015,-0.2764559843692162,-0.6171561860182256,-0.8177017963680207,-0.21422377796815217,-0.06455136254436879,-0.9216040618279407,-0.15823940199283115,-0.2849868946833795,-1.1933594970695,-0.28040127961312955,-0.44577854074428047,-1.045870050436565,-0.28072406137563904,-0.4818905698543296,-0.8310623587306141,-0.24275752922630378,D
0.0,0.0,0.0,-0.34738762610806195,0.03898199664098742,-0.13107615500614694,-0.6719593507568222,-0.12772345616840614,-0.2251145202974067,-0.9000548115969899,-0.33602098531776303,-0.3348791966146225,-0.925746937118633,-0.6241153563066703,-0.43383686981929165,-0.5617576121556688,-0.829704036973935,-0.04556266937695882,-0.710847267006297,-1.3927090217623672,-0.17399979967808868,-0.841639171292793,-1.6883698316806384,-0.24869543703331923,-0.9005082311583,-1.926236734114593,-0.29941862486049486,-0.434592647613734,-0.8983554259203973,-0.06392776673298045,-0.7237757673194822,-1.302870270226741,-0.27405424395856487,-0.8646583405747317,-1.0182924013135097,-0.3233083503233659,-0.8397699616536694,-0.7702193912908726,-0.29805253173367974,-0.2846711158129034,-0.934796105939262,-0.11148429114962534,-0.5486271463508476,-1.3271553052416574,-0.3057627740521747,-0.685504947591524,-1.0323050661384123,-0.2857834276529238,-0.6611601616302816,-0.7757004336349458,-0.20858305615338876,-0.08318008940720345,-0.9342297482335445,-0.17485715022267084,-0.31892690115800054,-1.1878421450291,-0.30658139327278694,-0.4627411777762343,-1.0078412471236777,-0.30078247797798824,-0.481209273235298,-0.7945348487579724,-0.2546661818803907,D
0.0,0.0,0.0,-0.30784765769094163,0.027293319566960936,-0.15699587110006985,-0.61101745027835,-0.14584881651924128,-0.2668479293353635,-0.8276338507873636,-0.35514161148987955,-0.3877429446422754,-0.8287863033104746,-0.6375629797534054,-0.5003604126498368,-0.5488574498280817,-0.8427928498105296,-0.08855146029151349,-0.6902779023248629,-1.4012204846336154,-0.23698673017521427,-0.786254977742654,-1.6977104945008767,-0.3280177701257911,-0.8166661948535763,-1.9494492406391974,-0.38830478052910594,-0.4036632043361556,-0.9097357523649788,-0.09714359646416687,-0.6707020515790166,-1.295571803916121,-0.3263350386614854,-0.7784245253776805,-0.998689357068748,-0.3891861082045217,-0.742520209332785,-0.7468059430924838,-0.37255422249113757,-0.2367570670953945,-0.9424359814357015,-0.1353557402021867,-0.47971467922805805,-1.3037359601565763,-0.34894112027907437,-0.5881006893848392,-0.9922811831204021,-0.33976008667420055,-0.5519375503524114,-0.7310595620836392,-0.2666875212291366,-0.02792456035843869,-0.9392651069370002,-0.19014379364287928,-0.2499674820323437,-1.211985579757577,-0.33621200606987517,-0.379310818908573,-1.0222588042325302,-0.33623217806418,-0.38952671147884926,-0.8011655963510971,-0.2926544302917973,D
0.0,0.0,0.0,-0.26647253307001245,-0.020561446376571542,-0.12049334111781995,-0.5586814773745089,-0.2304349172559844,-0.2049225808776767,-0.7507155629456699,-0.4408930897707692,-0.30267696469091154,-0.7128967675096848,-0.7004946304464856,-0.3926710054698042,-0.49648117552528903,-0.8843288647722631,-0.06585900197580405,-0.5997381095536499,-1.4191744917942501,-0.19743340585225339,-0.6601711666087551,-1.6984939073892358,-0.27818519544528664,-0.6788782053754463,-1.936590548377819,-0.3328360471244899,-0.34636707356432084,-0.9345578401922154,-0.08143398360481886,-0.5540080260354194,-1.2782591531335932,-0.29055156021553474,-0.6271855586592067,-0.9980845693118255,-0.3468951193882463,-0.6002385943267934,-0.7513408532742202,-0.33185747617731876,-0.18169060889641736,-0.9444233242152659,-0.12126672406307074,-0.3646015907358878,-1.2889678345246078,-0.3081056088811891,-0.4520643326282826,-1.010892265978638,-0.2934267641066186,-0.4361242924116443,-0.76828672619854,-0.2256778289119417,0.015453069420831916,-0.9142388037067002,-0.1748323542628832,-0.14178771499698933,-1.178615594782623,-0.2981934338326333,-0.25929067243579706,-1.0254286294765789,-0.2941827752782337,-0.2870019948081807,-0.8376496230810657,-0.25397050949623845,D
0.0,0.0,0.0,-0.24938632146811315,-0.018618865327624887,-0.1174538853580119,-0.5271735319444053,-0.24865844836710377,-0.1964480701945304,-0.7053671827227984,-0.4789075127445764,-0.28897249670239006,-0.6817096295983193,-0.7355981912761411,-0.37426855904321005,-0.46492509936173726,-0.9049560254495977,-0.06367373353409952,-0.5699380568237385,-1.4508323363981686,-0.19371598346040944,-0.6308109294549854,-1.7443104725310747,-0.2717071762167107,-0.6480294008558444,-1.9879555330049121,-0.3234064808597657,-0.31003480305759457,-0.9472999569040934,-0.0806300970019327,-0.5136570002116105,-1.326757509035223,-0.28715523677672955,-0.5875441805226641,-1.0464137036974863,-0.3405629838043231,-0.5577793797691358,-0.7950547352347159,-0.3213594018283102,-0.14000034788984408,-0.9519145102214644,-0.12084487616499161,-0.31682729135343063,-1.3295866253259212,-0.30725684884804744,-0.4055659344059219,-1.046017478319751,-0.2879920671973337,-0.38778778999972924,-0.7986237455750897,-0.21529996953282604,0.06223729689766345,-0.916004488687093,-0.17445885468108488,-0.08529981306317506,-1.196662143289226,-0.2990606119420967,-0.2015255200611071,-1.0447404621916965,-0.2918721312326466,-0.2274390511447319,-0.8572114265463632,-0.24798376413510206,D
0.0,0.0,0.0,-0.25522873884135877,0.028734762471919167,-0.09923293686308159,-0.5431033785198834,-0.22571600190566238,-0.16119544953125328,-0.6979840445571595,-0.4607048063201161,-0.23797187371629674,-0.6965794272343934,-0.6835201598169809,-0.3130700440104752,-0.44072006444953754,-0.9131265379762773,-0.06058853064392199,-0.535781005059287,-1.4739220576247338,-0.18950262336959622,-0.6028826379871552,-1.8166408229975912,-0.277756866946255,-0.6239631355735242,-2.089190907780033,-0.3389272634817871,-0.2721404866193648,-0.9581089630154461,-0.08925676742993664,-0.46701658903731386,-1.3426998681635567,-0.285366735180517,-0.5541643430880524,-1.0347130919101895,-0.33438804604352007,-0.5238713135887385,-0.7734398573419085,-0.31483666285938094,-0.08803931540668794,-0.9601646136389984,-0.13866523246218296,-0.2676026550016544,-1.3896270781817441,-0.3213276699696622,-0.3760648331487279,-1.0814794459568535,-0.2906184407620742,-0.3558582592021325,-0.815343039497631,-0.21293755449153562,0.11839019661505845,-0.9092611568861381,-0.19940170338468421,-0.05220844617597054,-1.2108011966968255,-0.32865117728344134,-0.18087800456523598,-1.0186444269653867,-0.3056461780916558,-0.1917824470007134,-0.8055783966749087,-0.2494911921344,D
0.0,0.0,0.0,-0.23923317711781436,-0.07456286401633293,-0.12728825179060538,-0.4789587979816975,-0.3357254494966221,-0.21442924936110327,-0.6007439704963984,-0.5793551890272006,-0.3089697405508411,-0.5005700092903169,-0.7559335005346622,-0.39576194519692065,-0.35435615230670287,-0.9782260650574404,-0.08442512739320197,-0.3868427192962302,-1.4549181155489783,-0.21437676567544517,-0.41879696092938845,-1.7349691793977702,-0.29835438558257776,-0.4146956593654142,-1.9739213024206783,-0.3593073291482207,-0.20150038113384552,-0.9747058710770266,-0.09667502930379546,-0.3121920472709528,-1.3126321692656724,-0.28513063636810587,-0.39136868298533367,-1.0232546282407264,-0.3288027326997663,-0.3799643396793908,-0.7742564473991638,-0.31219871747235056,-0.03569592404159187,-0.9114625377576072,-0.1319547318293051,-0.1441112574088108,-1.2421310675344324,-0.29982895677371935,-0.24680366528078831,-0.9782959006668933,-0.26697641610168826,-0.24670969530630385,-0.7479558091489223,-0.19545938169776028,0.14426273906166825,-0.7934995811176332,-0.18178955324876508,0.02724478830353141,-1.065578773214806,-0.28633070055272747,-0.09200208232297793,-0.9347804423550873,-0.2627844395031363,-0.12053694657858456,-0.772200747228748,-0.21526107191757102,D
0.0,0.0,0.0,-0.21561211113149487,-0.07100406495630414,-0.12663260693527664,-0.44713102836109836,-0.333694333930073,-0.21674110439243344,-0.5467274408567451,-0.5787703676777517,-0.31527697040517466,-0.4447210258934491,-0.762109339850242,-0.4070257293455667,-0.2647182898198511,-1.0028977734979452,-0.09411178798745241,-0.3024899536998323,-1.5204487652192111,-0.21931099883818925,-0.3475761707270084,-1.8277045140565444,-0.29640253688293294,-0.3555385489081484,-2.077764618154048,-0.35120648842456814,-0.10934205967089228,-0.9877028748768735,-0.11174678942540581,-0.2226008669839793,-1.3395309246781564,-0.3156634844684449,-0.3275303927162634,-1.0447143499063047,-0.3594234237894885,-0.32484323816980804,-0.7896802276069123,-0.3363632354786137,0.045835461053689436,-0.9197894864055973,-0.1513921916309163,-0.050249251510789655,-1.274815555271653,-0.3344477852267161,-0.16881613144199498,-1.0028044321242542,-0.3018275105964673,-0.17688980126099751,-0.7704928312288425,-0.2264766545440826,0.2131798503362731,-0.7991206305399235,-0.2049515952629743,0.1254949638907905,-1.0890306801031704,-0.32054416129664265,-0.0016027790878623716,-0.93872163002715,-0.2958274328567122,-0.044632075343640235,-0.758674377298407,-0.24515336590647663,D
0.0,0.0,0.0,-0.22817043692769212,-0.13505441122931336,-0.13251474954528636,-0.4197462836759712,-0.41169899653691894,-0.2266745000695479,-0.4607332301788906,-0.6540098215378708,-0.32725265466112513,-0.3218243373136423,-0.8108436810639289,-0.4197335913648038,-0.2527244852853246,-1.022410938775269,-0.09649635375099676,-0.26937466827559076,-1.507955446755848,-0.2349444740440796,-0.2831954995562344,-1.8077734091279891,-0.33101846617410896,-0.26260819093194293,-2.0619002597559093,-0.40150761976719923,-0.09297208740170475,-0.9896164229330479,-0.10961535670410748,-0.15971038718459057,-1.351352990424443,-0.298411556511928,-0.251937989903498,-1.0921239059644194,-0.3518069397593771,-0.2650606515752742,-0.8651628262087827,-0.34605255008609315,0.0719338524628328,-0.9003151064465231,-0.14530438173100782,0.025740506255217104,-1.2598781367881418,-0.31254083929794435,-0.08445545122349767,-1.006705479988173,-0.27940020866997106,-0.10623885954515097,-0.7768367088997241,-0.21180555350062294,0.2515077245884401,-0.7563888620222101,-0.19679210906628686,0.19741309563839846,-1.0522368133360858,-0.3089479130028407,0.07719741426620828,-0.9314081889780588,-0.2873786903762382,0.02757244821288663,-0.7727627041438617,-0.24254322379662113,D
0.0,0.0,0.0,-0.23362102411679653,-0.13066155924572087,-0.13074173443298095,-0.4045738601066066,-0.4527536759114538,-0.21931240109624506,-0.41430248815764426,-0.735605801720421,-0.31273885109453603,-0.2533942756225035,-0.8468842774186168,-0.3970651287986504,-0.22688283702649406,-1.0256841632548817,-0.08190346786276884,-0.23228371666637887,-1.5215188845489178,-0.20277782729419852,-0.2402506618749833,-1.8171286897405197,-0.28563369337466127,-0.22219726530994266,-2.0580394534822535,-0.350521173443472,-0.06663879060766809,-0.9939389872823231,-0.08743318103865,-0.11376139349457717,-1.3636492065943577,-0.25438913980938366,-0.19978546911828438,-1.0999793226669417,-0.29665934623590284,-0.22721170255374631,-0.8736087504292932,-0.2882972585969934,0.09837583808109784,-0.9025221605178599,-0.11490197796271405,0.07704326949251818,-1.2749903118467998,-0.26690920876826646,-0.02649416553536077,-1.0178543864690757,-0.23458872980268128,-0.05692015383680958,-0.780386042108384,-0.1728346062203037,0.2683261591783573,-0.7536568274732157,-0.1577365752955388,0.23391026321079594,-1.0571573731940895,-0.2679956546479152,0.1178554475557773,-0.928940460061352,-0.25503404307620053,0.06730854506713393,-0.753566397920408,-0.2195078237627997,D
0.0,0.0,0.0,-0.22459959392095466,-0.1351169067958759,-0.1305306668160591,-0.40018958883468725,-0.4570060854039708,-0.21516283026596114,-0.43153971356842435,-0.7191746476967769,-0.3040977174470762,-0.2979919823449506,-0.8357600052575197,-0.38346455788646566,-0.23722186952340102,-1.0318994354270838,-0.0940160237880743,-0.22783548321540814,-1.5355906354045232,-0.20823196250539683,-0.21418748384568362,-1.8310256499124349,-0.2875334497625281,-0.18037408383442718,-2.074210631330336,-0.3497148504617297,-0.06351062018749826,-0.9926481961731117,-0.10303377969222963,-0.07563314387265624,-1.3694695321870172,-0.2762178445062552,-0.14089018637761805,-1.1181871363527234,-0.3247456522500893,-0.16726376788463237,-0.8803622083771904,-0.3183675880706458,0.11104630937779982,-0.8903726290834763,-0.13157572778370452,0.12438054355286444,-1.275189995773996,-0.28572023216650777,0.031411654175809656,-1.036902198586508,-0.2512641597547965,-0.011320892942700998,-0.797659646249587,-0.18633224441533183,0.28845701641831656,-0.7303205662885839,-0.17514003671733483,0.29957986146934645,-1.0359897449284998,-0.2852166565090338,0.1899064277677911,-0.9528180208050929,-0.2660395506808488,0.11566643631933506,-0.8096550906609189,-0.22476397967272227,D
0.0,0.0,0.0,-0.2304993281915495,-0.16988352123386286,-0.14347981515660904,-0.36767356176469207,-0.4881950755640299,-0.23103239796332534,-0.30798744611681833,-0.7506547226623339,-0.31713232771687827,-0.13457020093709876,-0.8699342672060936,-0.3918230872113546,-0.2226948711267719,-1.0247630015588443,-0.08907511064807137,-0.21260048652990904,-1.49359883774891,-0.18719573766852354,-0.20277701966152661,-1.7661221399653713,-0.25694048374952283,-0.17713335273432648,-1.9907003128735723,-0.3148914635349156,-0.04378402568093777,-0.9952547289475084,-0.08689639579863277,-0.045576301763282145,-1.332204293481154,-0.23236722007618163,-0.08283504722004786,-1.1102746694267973,-0.27930685177276793,-0.10287432165250292,-0.9027287668807381,-0.2825715059114988,0.12171498031014825,-0.8981206739172165,-0.10523181926187697,0.15427660036779123,-1.2465554226434126,-0.23293112677359115,0.09528330988576168,-1.0524019252331362,-0.2112854480786382,0.06158785511652623,-0.8518181598247397,-0.16762342673342628,0.2773848718529816,-0.7486521572824688,-0.14025189105019586,0.29731651005732185,-1.0306165519890402,-0.23558874912891822,0.2252783067068184,-0.9624383033745442,-0.22838445124115828,0.17350793866822378,-0.8353903466140021,-0.20371063157770128,D
0.0,0.0,0.0,-0.23241452761550757,-0.16850049919328314,-0.1548633987214459,-0.36570620355617817,-0.4697189334986069,-0.24931612836388012,-0.298562195906148,-0.7077448897122226,-0.3396387322432045,-0.14831775327392502,-0.8401298785054707,-0.4194549884029033,-0.2117032002531014,-1.0217765914572843,-0.11966908354635081,-0.19398039104946677,-1.507780232692469,-0.23312988391865197,-0.18526912890672456,-1.7912738581165677,-0.316519418122474,-0.1544317675064067,-2.0259246918372784,-0.38365105276741396,-0.027265937223960632,-0.9931098800812864,-0.11397076270794969,-0.015870441195777844,-1.3511328224159593,-0.27419878317974716,-0.04912041360884768,-1.096807827443035,-0.3316097350983183,-0.06381071174672323,-0.8606455707436214,-0.34087861566911837,0.1429262892107549,-0.9017719399054641,-0.1287539208739269,0.1836723863508336,-1.2749104451455593,-0.2657510618794326,0.1304396357774402,-1.0522923380451548,-0.25135540373650955,0.10181025171646226,-0.8195351990025014,-0.21131792151253465,0.3099986853249329,-0.7639078345146691,-0.16042318981177836,0.3338105127911699,-1.0549229139152545,-0.2641184917667146,0.2643883724463385,-0.9687628055800336,-0.26026250930325623,0.21627079714904915,-0.8176621676595444,-0.23641979098424337,D
0.0,0.0,0.0,-0.23213831106084015,-0.16905490428823228,-0.16962230255581387,-0.3610049690062409,-0.48149740486929954,-0.25993163992720036,-0.28093094982489053,-0.7204281089346047,-0.3441671759342277,-0.13675654353962646,-0.8702292170156468,-0.4164967446548848,-0.22427652582348692,-1.023751570109036,-0.10871205582599909,-0.2082343793927769,-1.493821601761648,-0.2066573099763383,-0.19420251354866236,-1.7738594969863837,-0.28130839441602945,-0.16933432918522254,-2.0062259261128457,-0.3451842746659136,-0.03919147300972612,-0.9945309877738326,-0.09680982801829967,-0.026703232387516006,-1.3484224619448297,-0.25277439615151687,-0.02861531959223131,-1.1327241225917706,-0.32683028188054275,-0.03310695641096974,-0.9133812616726564,-0.349739571422342,0.12445900646293286,-0.9028752012801693,-0.10601265542723935,0.16520925994321373,-1.2585669926970857,-0.2486080841104466,0.14202457111734687,-1.0605166246629767,-0.2631749420719554,0.11401609293982211,-0.8371478350867745,-0.24266103035296382,0.27925755778641775,-0.767708380177092,-0.13280056381990968,0.3078829808777493,-1.0489484339275796,-0.24909275606630663,0.2670768424180704,-0.9902029013467789,-0.27079970948178395,0.22040404405898342,-0.8590184375609199,-0.2654133801909663,D
0.0,0.0,0.0,-0.22141995889676955,-0.20209899572507067,-0.16328840046586163,-0.33151667036298516,-0.49571507166491513,-0.2571607239914384,-0.2469435334338798,-0.7064119060738364,-0.3524558702448862,-0.12012972960904204,-0.8877372043362698,-0.4382385998476447,-0.2078811544757711,-1.0406515898799396,-0.10196939040697914,-0.18796073696016874,-1.5179355269047687,-0.20078724824277605,-0.17507923149331123,-1.7700341374689141,-0.27255123942734516,-0.14162432631866845,-1.9830007253153614,-0.3339363139306935,-0.022772933817460927,-0.9943618002675859,-0.10356642145961845,0.0026271813276500127,-1.3331478977678741,-0.27504670555575117,-0.016456647720488368,-1.099791804273053,-0.36160629043237946,-0.03235470644360915,-0.8771927937934834,-0.3925474731728355,0.1422226295260498,-0.893485404559567,-0.12621761359660919,0.19920935527037315,-1.2315114641711136,-0.2810491450718676,0.15245824769677255,-1.0287612129586432,-0.3102409240558204,0.10412806859892881,-0.8211442443147028,-0.30003663838230954,0.3015143114023655,-0.7499234276900094,-0.16533485140460105,0.3276382036357709,-1.0099496276979905,-0.27573494130392456,0.2643780716299246,-0.9404699050630312,-0.2985971241748675,0.19671023788081102,-0.8144250604349818,-0.29831925061032827,D
0.0,0.0,0.0,-0.23134973449571572,-0.1856533795477234,-0.1801115540462283,-0.3471357515690111,-0.47502546299067416,-0.2824079815650537,-0.27513607800297635,-0.6954854571881679,-0.38401005706065094,-0.16173008498965152,-0.9078870221642891,-0.47805009899029677,-0.2247687553005561,-1.0325901710814709,-0.12252296194259113,-0.20429337915419157,-1.513936327394499,-0.2271317254846416,-0.19298525539752362,-1.7714885297641179,-0.30763879130792054,-0.16297346498636311,-1.9914415951548627,-0.3776885946510571,-0.036459282812353035,-0.9920615473676598,-0.12035201257682883,-0.012037887231502117,-1.3677573201477122,-0.2978367075596405,-0.031136931604398232,-1.1391744271550062,-0.40202284930378224,-0.043355654652978026,-0.920076319266303,-0.4504694936598407,0.13137213844343404,-0.8971077629199917,-0.13933118801568847,0.18643798228661218,-1.2720241493789557,-0.2980240973375442,0.14495515537825074,-1.0925688104581277,-0.3510789452415486,0.09767595201361846,-0.882795250018946,-0.3618575691529087,0.29507670444765705,-0.7566842033128887,-0.17555581562346634,0.3280567703415008,-1.057748552869495,-0.290101462171858,0.2723943823088505,-1.0044616412505276,-0.33022955862661646,0.2053037591558223,-0.8689762904943918,-0.34756221024116785,D
0.0,0.0,0.0,-0.23110348281373022,-0.21594502158835974,-0.14805349647032684,-0.3450563337695676,-0.5133991180641914,-0.23103549190678527,-0.25915174577968086,-0.760333057840754,-0.31731750617370313,-0.12818148759435352,-0.9627072579413429,-0.3953900740835685,-0.22137747544505834,-1.032084196320654,-0.08093338821240376,-0.2021335989061332,-1.4901407034475538,-0.17607077602625104,-0.19328210011662783,-1.7467987754738836,-0.25157173555329,-0.1679701044123202,-1.9720309680097563,-0.3161014915640232,-0.029198414024103964,-0.9961325415613729,-0.08286985133905503,0.00010172520057846964,-1.3867244972018644,-0.2346229459562179,-0.022151482790482558,-1.175613766539613,-0.3172129975935005,-0.035987516408332934,-0.9679854832681323,-0.3531262124152358,0.1401855300423391,-0.904674320155573,-0.10413482771925445,0.18621758964327512,-1.2819207029667177,-0.23990407185756288,0.14006786633107093,-1.0968376774557007,-0.26378643589072237,0.09586639156082119,-0.8933722753475241,-0.2557640033456781,0.30188570561716144,-0.7691130677220188,-0.1415481230153611,0.3369119891969868,-1.0808035357018484,-0.23127808541507724,0.28257643430643586,-1.026590683904622,-0.24420944740825548,0.2212368415272079,-0.8945287549319807,-0.2425559148203963,D
0.0,0.0,0.0,-0.22219216431505445,-0.22563285169821837,-0.163448865986616,-0.3401195609353722,-0.5262553808484061,-0.25433012928739285,-0.2548448462411226,-0.777542111598286,-0.34763004739028164,-0.09564585127696833,-0.9456782400081644,-0.4315348952882831,-0.22021253673184724,-1.0312341468231585,-0.056821915373482836,-0.21314034128989154,-1.4836960395295011,-0.14911273701998237,-0.20745077418764593,-1.7431401898507544,-0.22734998081543017,-0.17966281453748706,-1.9605977667708674,-0.2954554902018589,-0.03170098845313186,-0.9980463564008548,-0.05383788448734299,-0.012819162104493496,-1.3567147386022542,-0.2196102553248569,-0.01909389800651182,-1.137802455268629,-0.320988107205346,-0.020266207346678018,-0.9134115810791757,-0.36445436240119417,0.13507299581126278,-0.9144394056483012,-0.07368814698838977,0.17317754055363363,-1.2699838934595997,-0.22235272744599321,0.14757952748622588,-1.0883623736977142,-0.26799601706205545,0.11739831288709009,-0.874398063910651,-0.27082404081790207,0.2990063590880673,-0.7855937144230137,-0.11040862566351455,0.31575235217987885,-1.0761666102528062,-0.21333362983807705,0.26882843072329937,-1.003946571126081,-0.24264523836025742,0.21690965210984284,-0.8538550460890525,-0.24988637363400826,D
0.0,0.0,0.0,-0.22716600849126473,-0.2313598898455563,-0.1992638014254192,-0.33583151399145855,-0.5516051815875056,-0.3045059149890778,-0.24885979127626556,-0.8264485485488424,-0.40509745651605855,-0.07995403205376868,-1.0242139293342387,-0.4940447403250388,-0.22674681543016595,-1.0309640430391342,-0.10658774629844626,-0.21903249265996638,-1.523688313863324,-0.2052237963580622,-0.20853445919499358,-1.7925668496742433,-0.28645929065377235,-0.17879060904225336,-2.0223460955704393,-0.35866532252169087,-0.0333314838380074,-0.9956921114868111,-0.08652301028103555,-0.006800507906915002,-1.3975463158520685,-0.2610124945011784,-0.010273697985015592,-1.1804827734335814,-0.3671035065259504,-0.014821747623606748,-0.9612080634800382,-0.4156331772579179,0.13268175656320566,-0.9116781491189572,-0.09037755712823488,0.18378386165266294,-1.336708484430981,-0.24350506103382322,0.1640581621121175,-1.1648594870612967,-0.29330867551791473,0.1280444062311436,-0.94745803255271,-0.30031661246281915,0.29323985168947886,-0.7809811654929187,-0.11397918718476664,0.34683869145876894,-1.1060859755543273,-0.22333353536734835,0.30914187760497613,-1.0757660058791463,-0.2637461361178162,0.23918280399301053,-0.9525484972044344,-0.28018800314903175,D
0.0,0.0,0.0,-0.23590407116558543,-0.20046484568901696,-0.21255429937137124,-0.345210020071652,-0.5158098893452163,-0.314155959736137,-0.2545309625585748,-0.7983726775022382,-0.4073537508363303,-0.09795102059155579,-1.0006757449648775,-0.48925131128427096,-0.24050744332442592,-1.0177708905247778,-0.0956544872865831,-0.23857181692578738,-1.4818937339907288,-0.1881811425607775,-0.22688537482244744,-1.743457954909535,-0.27067512145831507,-0.19564933851170327,-1.9700093861097745,-0.34561926470150794,-0.037859550811838026,-0.9968948185823389,-0.06904618089374152,-0.02547817636212518,-1.376430566573434,-0.24487581092168595,-0.018852548962440964,-1.160751900229383,-0.36261573789723783,-0.013162301768713826,-0.9383139656498066,-0.41765862137389165,0.13215145362458997,-0.9254339471327663,-0.06771882498523021,0.1793240275532046,-1.323572393827991,-0.22403571107774808,0.16383288895818426,-1.1694642262769173,-0.2905361040954752,0.13596396784105472,-0.9492452577969481,-0.30806856684111733,0.29580770426061925,-0.8075067381084104,-0.0868602666102477,0.33125791680985767,-1.113557880380076,-0.2008277914285114,0.3013642049735759,-1.0825674685304625,-0.25363900500278336,0.2536564338320204,-0.9566813930958985,-0.2787294908848079,D
0.0,0.0,0.0,-0.22745449963203687,-0.21871784839031183,-0.19298353612516642,-0.3333000280137283,-0.5310441712798327,-0.28899205395149896,-0.24364587893081874,-0.8140526573595571,-0.37805181777488345,-0.08667200637932478,-1.0205611147512146,-0.45534862134411896,-0.23707887796388033,-1.0214923270564416,-0.10152339497677133,-0.23695229931363682,-1.490518094115844,-0.19354998344377994,-0.22058467391410197,-1.7506097146579167,-0.2772000162342353,-0.19343564910988517,-1.9804984956749967,-0.3537292009731551,-0.03365965216699046,-0.9962983556100423,-0.07909876373700873,-0.017937494056776856,-1.3869060292523152,-0.23880354054220693,-0.0008365926684968773,-1.1571714373774813,-0.34730130030273837,-0.00833553942621826,-0.941893845812331,-0.4029842754246393,0.137181079172522,-0.9231410301681826,-0.07829534819196661,0.18388420019904295,-1.3424592145798453,-0.21373165514702033,0.19029067261285795,-1.1793039448965918,-0.26387593675769144,0.153908741196425,-0.9697702787208445,-0.27845880842797527,0.2948358358873292,-0.8042823154020604,-0.09745564780738991,0.3374488318860311,-1.106239143418445,-0.20040227099815153,0.32459942234790046,-1.0754398753527357,-0.24418268784704014,0.2668720134139952,-0.9638691778551458,-0.2657288522518294,D
0.0,0.0,0.0,-0.224919175125509,-0.20816352385345524,-0.2131981793028435,-0.3162594222327049,-0.5316911006889218,-0.31454348621195977,-0.21029113480937034,-0.8236789583080936,-0.40321577209992976,-0.05340042923674677,-1.0177705484628827,-0.480313757995908,-0.23400712243078087,-1.0256645083791733,-0.10890910877350234,-0.21931298487096546,-1.4880083723937747,-0.19419025650812452,-0.20191288547306346,-1.7505310003299646,-0.2721048717312275,-0.17435563111336233,-1.9720174087496178,-0.34572790626222455,-0.02848918312551517,-0.9965458125626793,-0.07800519154921749,1.6100610639206062e-05,-1.3850951758392296,-0.24233870892439027,0.014750913397332617,-1.166351008594136,-0.3598918094029136,0.006472445476960837,-0.9374893023634214,-0.41867339108300006,0.14320539837943838,-0.9196575583052907,-0.06985440968040754,0.20361679614899944,-1.3066484460270078,-0.20897962070586526,0.21473638629677114,-1.1829707580013864,-0.28556516759447625,0.1798870382684896,-0.9906670771030391,-0.3181024096761793,0.3007808036045082,-0.8012005992045019,-0.08161315832084458,0.34991605397284525,-1.0937825905412744,-0.18745869182868896,0.339255331228291,-1.0568391038791962,-0.2479902351088916,0.28270850371241935,-0.9297058222951352,-0.28328237641101883,D
0.0,0.0,0.0,-0.21795202179886153,-0.20369205500347962,-0.19689800168199756,-0.31244934738304186,-0.5102748953536053,-0.29776861778263053,-0.2140631584455954,-0.7806629889157836,-0.3895308693683555,-0.06779443815847783,-0.9672841836185384,-0.4701042538751787,-0.23480470982976742,-1.016677642605463,-0.11950481668281517,-0.21900191439423425,-1.46806558085975,-0.21130115427163654,-0.19324338405431754,-1.730940114239393,-0.2931663518645586,-0.16209576922485394,-1.9566122879895567,-0.36898208962669493,-0.03220384392541194,-0.9945963583495889,-0.09869648623007689,0.008841603303175296,-1.3709647182890632,-0.2615793061826769,0.03459095664225835,-1.136123737456001,-0.36778028489252246,0.023292757615924774,-0.899776526736112,-0.4193677298912496,0.1422297474202154,-0.9173780143350392,-0.09806416082888617,0.2126337313157456,-1.3107590043199484,-0.23165955221475273,0.2280576477168612,-1.185783110967081,-0.2828153231117664,0.1859594673926432,-0.9942386738170966,-0.29880955187718944,0.2980021260706497,-0.7915544501551689,-0.1171340231862012,0.3714454452422744,-1.089284325201087,-0.21829955968862488,0.35442844519644234,-1.0536750492163243,-0.2580459423617045,0.275752924549522,-0.9196695332932018,-0.2770301253987364,D
0.0,0.0,0.0,-0.22119281506090938,-0.2244418174008374,-0.19927813852480847,-0.3121428975473211,-0.5533149235589603,-0.2996771112048676,-0.19502044575592145,-0.8305276812023242,-0.3919716635649089,-0.02315306721333979,-1.016949284704888,-0.473908562908213,-0.22828817497628248,-1.0203780768387578,-0.11640429657942027,-0.22101493195848165,-1.456552715432746,-0.2138466496513554,-0.19722435682950562,-1.7127639950780424,-0.30047466904935904,-0.16235096903767227,-1.9446887354840632,-0.38062909222284447,-0.020431657631179677,-0.9949225113847254,-0.0985481796196812,0.021044490715457737,-1.3994705213603211,-0.26718417168915387,0.031699307212574725,-1.1772132116429546,-0.3824013619851468,0.020737625540021287,-0.9549703703494297,-0.4415402312908581,0.15435385619448153,-0.9136922936036039,-0.10151023189664116,0.23520677337247142,-1.305088842781931,-0.24009316962853283,0.2366545130232513,-1.190807024871481,-0.30718972812642403,0.18317876987047532,-1.0178250169014553,-0.33530798827981645,0.310037461482521,-0.7829843282996799,-0.12431486525558026,0.3832272733072506,-1.0682999640861017,-0.22161666992730752,0.3635158964350815,-1.0604586391554407,-0.2710631953765675,0.28579264513990543,-0.9663693573286448,-0.30206103638904225,D
0.0,0.0,0.0,-0.21403912716515475,-0.18456577019001266,-0.22401726914331418,-0.29878877482805966,-0.4981078470099995,-0.3184095955673163,-0.20380137344742086,-0.7924425689051553,-0.3952399743149685,-0.08377804452018768,-0.998896844400907,-0.4606674718743593,-0.29068138713011943,-1.0028367311815929,-0.10485587037005005,-0.2976411717860754,-1.441429642637862,-0.18369216408587175,-0.2745265958478598,-1.7114284841418965,-0.2708888090272418,-0.25525914056112586,-1.9247026976101047,-0.35396448142631226,-0.0895590715945269,-0.993800519708789,-0.06587639730333782,-0.07090703471381653,-1.378506539946278,-0.23114359399457227,-0.010014324519324873,-1.203760727147734,-0.3746404590244524,-0.005120271838253469,-0.9706252621672594,-0.45259955046822964,0.08558431032917789,-0.9271524733103267,-0.0488002802604171,0.1286612737851831,-1.3062202193640313,-0.18926459814881907,0.1819643661307011,-1.2558070593142718,-0.3002256905190685,0.1561539925280189,-1.077868952437939,-0.3575173776755186,0.2471422205040444,-0.8164221483113009,-0.05152710531795755,0.2954784887438271,-1.0983441111285601,-0.165240452057481,0.3053779599603278,-1.10126566295708,-0.24756786332603162,0.25081799118754744,-0.9827761138653351,-0.29912554583829676,D
0.0,0.0,0.0,-0.24181244001233462,-0.19820722318912426,-0.2850425277374749,-0.34085288837221006,-0.5119227537210859,-0.41349166648393915,-0.24269200977158614,-0.8195684090831789,-0.5231803317860741,-0.08066180845804291,-1.0491783077994863,-0.625837464772556,-0.3127893018802893,-1.006415805174227,-0.11406748479862844,-0.3546023705004649,-1.444893367162619,-0.22288478597784517,-0.36109192751652275,-1.7237647565729668,-0.34494460366663693,-0.35373471364991654,-1.9353493075861705,-0.4543401928007538,-0.10070229912396922,-0.9929419331525322,-0.062652728100688,-0.10600205438329689,-1.3969939190303087,-0.2777372777304463,-0.04757395272055553,-1.2717852775903082,-0.4899008147205444,-0.03221995070134104,-1.0383349549308127,-0.6145767878208741,0.08204991050756148,-0.9449638101856614,-0.04224724948972803,0.11106628151013875,-1.330177888712538,-0.22818618546675948,0.15561956731764393,-1.313200876975314,-0.4219171642338632,0.13810709515277184,-1.1107608484125908,-0.5328637272161749,0.2584607299250301,-0.8575939172925368,-0.04533602395992485,0.27633952403252504,-1.1389202345453329,-0.19168343550542574,0.29831908877549207,-1.1829314830068434,-0.3359927973329903,0.2652088963341862,-1.069083537314512,-0.43614868483980035,D
0.0,0.0,0.0,-0.2366036886487636,-0.2065550434323347,-0.24723134437279917,-0.34020944129355546,-0.5287771825823295,-0.34495363488916425,-0.23806620160003594,-0.8439221436758125,-0.430014123718601,-0.09073959475258428,-1.0856987764851922,-0.5069818657454171,-0.31427932155968674,-1.0002487065959333,-0.05998878137132912,-0.3753938188026095,-1.4058898399567041,-0.14871663269080282,-0.38535250589278647,-1.665764977817478,-0.25828178563649135,-0.38614916129921073,-1.8713832959216814,-0.358839781209476,-0.10732248885502448,-0.9940635007239885,-0.017878476286644046,-0.11596775772082965,-1.3928417024309994,-0.20200968361052749,-0.04922944694000496,-1.2735717314015107,-0.39927603901772507,-0.03358142375366971,-1.0646371064572495,-0.5187000498728507,0.0734878760460542,-0.9457398722450124,-0.004774702053877175,0.10049132946064537,-1.3347234405124244,-0.17845957808472465,0.15573278018935482,-1.2965226764016717,-0.3635616087378696,0.1340628630168424,-1.0887114542628384,-0.46796166786718596,0.24871349368924808,-0.8611890685609568,-0.011956685779652247,0.26568952314122724,-1.1550220140029699,-0.156261014403864,0.2872081202924077,-1.1802833091327487,-0.29338259097690134,0.24625479059754019,-1.0494960795188575,-0.38584236923178833,D
0.0,0.0,0.0,-0.2278165097412768,-0.21250037987886305,-0.2430617650666314,-0.33974477762289723,-0.5173065938713264,-0.3503515244459826,-0.24800371267941562,-0.8191023734088076,-0.44798742861912577,-0.08987493483340075,-1.0572926726084781,-0.5400638405115024,-0.3021910447367065,-1.006995267531892,-0.04883947185762097,-0.36757515745448266,-1.3900222556519803,-0.1364783027409436,-0.3871387712700402,-1.6367026414340824,-0.24724948331081548,-0.39067968359505373,-1.8306426415828558,-0.3477883717975644,-0.09450804337115451,-0.9954713161399702,-0.010251267273435795,-0.09958169138689625,-1.3851879145382702,-0.18532323939595566,-0.04123351887490239,-1.287630020021998,-0.38104956000976725,-0.021958391299223962,-1.0891826054247582,-0.5016852859267741,0.08184320456103068,-0.9428438111208074,-0.001095065298614829,0.11397012565051094,-1.3123724743823901,-0.1615737683409341,0.15316788841134263,-1.2831403003725088,-0.34103130772532003,0.1337965987557045,-1.0788950933655161,-0.4442688971223085,0.2538346980913882,-0.842039470141124,-0.012641905165660437,0.27297680959199544,-1.1156515840329548,-0.14126855939858077,0.2885936290039278,-1.150653482840418,-0.2710222931955227,0.25111799729943024,-1.031578468701488,-0.3602424594502131,D
0.0,0.0,0.0,-0.22744269300562156,-0.20449135864957313,-0.25078678602466686,-0.3434717186503402,-0.501450175689001,-0.3635873933976631,-0.25903643556577266,-0.8042616256202619,-0.4656936996696613,-0.1022531093061893,-1.0516413947889205,-0.5618238343836339,-0.3274351391177958,-0.9931793778407633,-0.06460915917923347,-0.4146314520128123,-1.3734269465722335,-0.15595575615329477,-0.4434597798554571,-1.6195834484748635,-0.2667617941539475,-0.45300182482416074,-1.819085818218442,-0.36766809752791574,-0.1220682606924371,-0.9922243207230762,-0.024294795680418466,-0.13066243491890883,-1.3911833840950523,-0.20481354771461563,-0.07075291142992848,-1.276787858132173,-0.39906040842011953,-0.05194555784902985,-1.0724354766757234,-0.5167226292392428,0.0563740703710126,-0.9469111784042461,-0.013378145153891793,0.07928959465275931,-1.317369685736115,-0.18130178265067048,0.12206411939132739,-1.2721229260380145,-0.3603002660925616,0.10163167053378279,-1.0641113396422004,-0.4607003563073528,0.22896352493668148,-0.8595024411228954,-0.023288084585976303,0.24663494398377708,-1.1365682746758072,-0.15777788296545897,0.2639706740350372,-1.1578147328073607,-0.2867933894246654,0.2223832410792747,-1.026438045249998,-0.37404521402499835,D
0.0,0.0,0.0,-0.22672413089785518,-0.21122093922785923,-0.2397883904175833,-0.3567932232007515,-0.5031847277375158,-0.35338313607153526,-0.28543526471602415,-0.8172799693026332,-0.45785823288409205,-0.14697547181277593,-1.0800605874532154,-0.5538722062696314,-0.3447553614720399,-0.9902044914051743,-0.06852290942144314,-0.41735036016209953,-1.3981031831442228,-0.15930666309572936,-0.450669087277352,-1.6350354688189048,-0.25998074986869224,-0.4527312293787527,-1.8412835578829851,-0.35242392754861096,-0.12826474859610923,-0.991273668587398,-0.03040835794413128,-0.14326288086373004,-1.385301973507506,-0.20802518377249174,-0.11441886732798767,-1.199021558625465,-0.37115597059449,-0.09483697177971319,-0.9856482968691918,-0.4638541285306782,0.05567269057214785,-0.9492156494113964,-0.020930744269150727,0.0649350536151239,-1.346779982786901,-0.17961779788846308,0.0839743962682705,-1.230014096329244,-0.30713485149715264,0.06992487387284485,-0.9978203264886363,-0.370627630918837,0.23412064130148896,-0.8610206621256066,-0.033485102600283694,0.237628610901198,-1.152213138423242,-0.15358424939628085,0.23137258883267045,-1.153454099516705,-0.24862273338357074,0.1851710485964747,-1.0244399711765575,-0.30950714197610363,D
0.0,0.0,0.0,-0.23249203361573673,-0.193781546032129,-0.2206316796822074,-0.3637204767279461,-0.4936401488880993,-0.31438150305987284,-0.2975541021769676,-0.8122216912998083,-0.398526307292647,-0.17338238417202306,-1.0690076027193864,-0.4737731342941215,-0.34938353020616747,-0.9788891825986886,-0.06395392891109437,-0.4238595267396547,-1.3844223781313307,-0.14689692963498907,-0.4551050912661859,-1.630326020119019,-0.2429385508788885,-0.45972726817068854,-1.8340594956053737,-0.3314686314202924,-0.141502929464015,-0.9895402699878728,-0.02805307515103813,-0.167080569080728,-1.3942775649154429,-0.18647800975277007,-0.1316327371963923,-1.2618409973869198,-0.345223840965479,-0.10809950321116302,-1.068667356430676,-0.44192521550064606,0.03812588370569449,-0.9489398234567209,-0.01807465545235752,0.047012057843257085,-1.3468396197312436,-0.16685513767274163,0.06705108809910595,-1.2675368593351442,-0.30342865905716226,0.05692250872517684,-1.0372742989808565,-0.377602746482372,0.21688828269741153,-0.8603424469816454,-0.0278139900678554,0.21592841973592963,-1.1630452599398005,-0.15006070773763158,0.20751168544023058,-1.1801789601972137,-0.2549077571483728,0.16809557414421675,-1.0423772613367064,-0.3240585759746707,D
0.0,0.0,0.0,-0.24121175377322226,-0.19216224293005688,-0.19903136691469395,-0.38140553201033445,-0.49818643926976147,-0.2974016880422517,-0.31458232987588486,-0.8096963517631728,-0.39215909576677516,-0.17108061372426203,-1.0562191782534474,-0.4773603123665039,-0.36545694330030376,-0.9686141333252563,-0.06725210733640925,-0.4384060998281703,-1.3855563974521676,-0.15691913694314547,-0.47061843421915894,-1.6300613237211397,-0.24524012313920154,-0.4811587647099658,-1.851224543489733,-0.32634215086947327,-0.15604965948180857,-0.9865964769275538,-0.04770634643053756,-0.17904861462210064,-1.3760538822554091,-0.2149292902687513,-0.1444246758521957,-1.167453492263785,-0.34316885839769257,-0.12457269135631704,-0.9573498132030794,-0.41123132696985737,0.027839107821292737,-0.9508204724102383,-0.05244760030642137,0.029118374020487007,-1.3582858792811885,-0.20082460886899023,0.045836216842351035,-1.2087183596633957,-0.27951047854099426,0.03268095489461023,-0.9818139335853248,-0.3098335049847244,0.20827470358272793,-0.8622407888158115,-0.0766815821215109,0.21334166277813638,-1.17888894600996,-0.1841833313999422,0.1976523160925782,-1.1537920911254074,-0.24130364131766718,0.1456470588807541,-1.0143509861610285,-0.27343838161764744,D
0.0,0.0,0.0,-0.23038802846483808,-0.20523895294864825,-0.24253460363183232,-0.36822722560092463,-0.4896133133778145,-0.3585850415367816,-0.3153448191001411,-0.7905933631724272,-0.46753108687981076,-0.17093532021285604,-1.0366026664125882,-0.568284011409153,-0.35869650699539635,-0.9911531554035155,-0.06718438701702169,-0.43007063763210746,-1.4126749358886395,-0.1640877058309108,-0.4655265837537451,-1.6618627663665662,-0.2700611613529762,-0.46780008663571493,-1.879119978333392,-0.36749787190584515,-0.13946736561712073,-0.9896300300502899,-0.0343694275553546,-0.16094430845699953,-1.38255795263111,-0.22935222299425778,-0.1270625503201611,-1.1856244582856108,-0.40355380394847323,-0.1059659025078118,-0.9627651285355311,-0.5011942483224363,0.04971166023544803,-0.946641129994596,-0.031381724107277735,0.05057218715515832,-1.351306041598009,-0.20947183843491524,0.07002437507544752,-1.2203661354536883,-0.34421167060938695,0.05707124437754222,-0.9742254067260723,-0.4085672729307229,0.23497345278015222,-0.8649389742336423,-0.05021773727673013,0.2251854757736481,-1.1667152363477213,-0.18836283528939052,0.21707867512285944,-1.1437989351859368,-0.2887884422714609,0.17641920368847802,-0.9889769146769241,-0.3505119483017163,D
0.0,0.0,0.0,-0.23608198689851212,-0.19016798522639225,-0.26997478296929067,-0.36167070092936154,-0.48143647026894043,-0.39360388960978676,-0.3037078589855865,-0.7835731859992682,-0.5047109625931332,-0.1707700998568398,-1.0395587555462995,-0.6091531852624325,-0.3429131544349572,-0.9962376393688144,-0.09711212323273986,-0.4097004991129023,-1.416280706952217,-0.1990025315724239,-0.4486318853476184,-1.6715315911168303,-0.31244227629648325,-0.4512083362893739,-1.8817927041682827,-0.41574351491496014,-0.126491518802351,-0.9905454406760057,-0.05310014714718153,-0.15591691617683645,-1.4015272262263478,-0.24961454800840646,-0.11035181397547218,-1.2668646912072783,-0.444512260598847,-0.0788444630947543,-1.0563384340360402,-0.5614396000500318,0.058166386924620624,-0.9437854856116037,-0.04037331689624717,0.06407893036344042,-1.349643221049045,-0.22448646665110122,0.09493498600042402,-1.2576876368794907,-0.3990898346639606,0.0902490688935419,-1.0039788007246684,-0.4934751457392872,0.24143088604228713,-0.8577936963383667,-0.05041860256577555,0.2336297081340667,-1.1712975227394316,-0.20307317249729884,0.23197407910326556,-1.1661444991184917,-0.336169357672366,0.19434284860744327,-0.9940087487860984,-0.4231326724956257,D
0.0,0.0,0.0,-0.2391816330533382,-0.18710507496400547,-0.2595275770089197,-0.36537651778020996,-0.4817176396851439,-0.37726009747658795,-0.3055764625538429,-0.7834389572495158,-0.4838924907215987,-0.17751056376388133,-1.0453027837300408,-0.5833711289550609,-0.35409613730729134,-0.988230128938255,-0.0927843858138367,-0.425451722133502,-1.4124268041874766,-0.19491446039375498,-0.461211080976678,-1.668694586580351,-0.3052659220989096,-0.46625621536797424,-1.8812255197767385,-0.4049776727871278,-0.14126082803227463,-0.9885276568608365,-0.05346447497975075,-0.17376217663565724,-1.4055700879445063,-0.2496577332491193,-0.12935212924196018,-1.268602564600268,-0.43799443684949135,-0.09974901810885392,-1.0612800209438191,-0.5496264120192296,0.042712927578823834,-0.9450496924206604,-0.04477747438750689,0.04673181687094038,-1.3549616033079444,-0.23243428449524736,0.07717431627391909,-1.2599784126544327,-0.4009894473366008,0.07370963846767986,-1.0117339788026902,-0.49027680648576394,0.2264374592251787,-0.862342677502534,-0.057749525193979384,0.21761948000548725,-1.1744042215452473,-0.21394845154704364,0.21448131249653232,-1.1656840731262401,-0.3437534762519224,0.18093757671185706,-0.9990653792680595,-0.42776500375292525,D
0.0,0.0,0.0,-0.23319833961677447,-0.20856926293063147,-0.25147902674223066,-0.36072741040965056,-0.5100867214387494,-0.3720906215314758,-0.2904992387931258,-0.8154087260900572,-0.48565033826558746,-0.13754145865867823,-1.0711704857777447,-0.5922605741449037,-0.33877941186609,-1.001361919748051,-0.06575005791101347,-0.3963177821518445,-1.428781087876479,-0.16101357390094556,-0.41625924754568483,-1.6790178574370087,-0.2650782789009364,-0.4083003007030653,-1.8895938978292013,-0.3597870466822669,-0.12366308022168745,-0.9918925149487597,-0.029269119882715095,-0.14257892450722084,-1.3866937313479086,-0.22279241900159444,-0.11273501157600573,-1.221530864575135,-0.40082294612534974,-0.09302515380738569,-1.0032662083923338,-0.5013601088013175,0.05962039579432814,-0.947763322209452,-0.024054861969578956,0.0697375934398977,-1.3495683483090277,-0.20180087077637196,0.08701312802529455,-1.2418710468934056,-0.34930048007216147,0.07431648596297767,-1.0029957551844024,-0.42277784647841715,0.2387840412364083,-0.8625429544730467,-0.04122548561483673,0.24062468664612363,-1.1632739731651476,-0.17764418630419535,0.23491023268630928,-1.1597561269673122,-0.2873063198921856,0.19298949683326674,-1.0155041549732675,-0.35708446909768093,D
0.0,0.0,0.0,-0.22441009573063697,-0.21296315217401202,-0.23939962177811622,-0.3368159092854827,-0.5117594408633218,-0.3472611564941804,-0.25913021836660594,-0.8156293705720238,-0.4452496596245537,-0.1231318091089078,-1.068838284140631,-0.536342661694143,-0.30859776007601747,-1.0116482895725805,-0.0510386254439565,-0.34995622528609355,-1.424774467621542,-0.13168197117612288,-0.36370653661361857,-1.6748296002626666,-0.23254464349383222,-0.3547078835958666,-1.8794733179735443,-0.3274018189501926,-0.09576755560146111,-0.9953272487403234,-0.012338687496620412,-0.10412957487457708,-1.3958014003171897,-0.18676142101531468,-0.06703007944099715,-1.2562665578150554,-0.36616832334783417,-0.04793326660429631,-1.0417795170749482,-0.4722819715643797,0.08137474518961813,-0.939994489543621,-0.0024988505927464374,0.10297336978978892,-1.3373441257941256,-0.15738013217883323,0.12322076676074946,-1.2778794791807009,-0.3106626893737375,0.10592168053654105,-1.0635900270711265,-0.3953285927436994,0.2542820263412355,-0.8345164975150978,-0.013868304888143857,0.26379389658115093,-1.1260183809479682,-0.13335715190250172,0.2623759507130594,-1.1546478371026245,-0.24504073441172913,0.22031437790861946,-1.0365350480373217,-0.32112324775855083,D
0.0,0.0,0.0,-0.23242891547345176,-0.19675528975877268,-0.2264025652273126,-0.34206434993001744,-0.51043202604316,-0.31948275116664265,-0.2663951105950881,-0.8205990989638106,-0.4024084156164847,-0.1599913770388976,-1.077191912238599,-0.47626200736277147,-0.30281104355699656,-1.0017896060940756,-0.061913711692963856,-0.3365849079861955,-1.4252318974710205,-0.1448764411608737,-0.34994544704100217,-1.6764931106293566,-0.23994361568345413,-0.34238308352598973,-1.8812253530342946,-0.3270994555377336,-0.09311036153443862,-0.9953227344096989,-0.02575101827357847,-0.10813446193929656,-1.4032218060063861,-0.1925672807598152,-0.08471225176311317,-1.2645226262946938,-0.3537257624507996,-0.07220332128976895,-1.0622896295339124,-0.44767722997250997,0.08428173834460319,-0.9446862269512856,-0.017054632116388677,0.10388162385742389,-1.3558597533716024,-0.167611521435709,0.11632537008835699,-1.2802568135988213,-0.3040709532287368,0.10006797390312733,-1.0535280494527166,-0.376614756849351,0.2628342664478613,-0.845232174601209,-0.029135426970940143,0.2691192170906801,-1.1633545753575674,-0.148522855116817,0.25749188490728403,-1.1894976699945468,-0.2522063238342877,0.214689383282068,-1.0612812565671836,-0.32065135840226416,D
0.0,0.0,0.0,-0.23525985041949823,-0.20407692693961654,-0.21560630532067773,-0.3497349596140099,-0.5164286773608036,-0.308423681834182,-0.2824827302955979,-0.8391970375972777,-0.39266266186216076,-0.1684789586524646,-1.096786629337889,-0.46631049612908576,-0.3319289852948838,-0.9911321230910999,-0.05858642102315579,-0.36047960838189824,-1.4205837936258623,-0.13640824046083028,-0.36210107946039527,-1.6700297060260405,-0.22392815612228636,-0.3436210524989379,-1.878337811191047,-0.30603737944962484,-0.1198081138409865,-0.9924617543403802,-0.025800814511951754,-0.12372261214904405,-1.403186370102727,-0.18771723681658475,-0.10402779253662948,-1.2373158703515212,-0.3367807956417938,-0.09819773647871698,-1.0260164693493243,-0.4210515747272973,0.059693103408356214,-0.9519409549220683,-0.01812156251308281,0.07949677004005096,-1.3640786471543247,-0.15993884089101162,0.09055298091817245,-1.2766780481724036,-0.27375921404437725,0.07040080410547972,-1.0530444824120504,-0.3309848478958289,0.23645666833332654,-0.8587979891380194,-0.030545692624922075,0.24497444689025355,-1.1697405950630437,-0.13547096402044037,0.2391174287266478,-1.195037790729739,-0.21910309383040538,0.19683984840311908,-1.0766606656835092,-0.2734861603119514,D
0.0,0.0,0.0,-0.23716580150215943,-0.19264395800137155,-0.21289409786996316,-0.354482029226069,-0.5089914655197355,-0.30962321287143807,-0.2925153629249215,-0.8264531219348951,-0.40137180442122095,-0.16729429799967743,-1.0871994779821097,-0.48450960506901264,-0.31439185906893863,-0.9911815503524318,-0.0496364283953644,-0.3493303522669674,-1.4148169486338031,-0.13352952489189224,-0.35667967266012435,-1.6596000469526246,-0.22359966564585926,-0.33765976406896975,-1.8607308388472537,-0.3051873962047945,-0.11496830316139707,-0.9930540831197004,-0.025017539197137385,-0.13339381624447477,-1.3974881388770535,-0.19571770320877252,-0.11769205515627014,-1.2472796587597546,-0.3486040316636514,-0.10644963110203605,-1.0383769275273895,-0.43188625671267183,0.060361424595687066,-0.9517489535907149,-0.026897120286402995,0.07238740398635458,-1.3572187777889766,-0.17804534032502745,0.07066627384850177,-1.2653573196288288,-0.29654545249839676,0.04917432792207899,-1.0499445868596278,-0.35399785937140504,0.23582573246780747,-0.861220897764776,-0.048406807734935296,0.23671520733922316,-1.1752979888979909,-0.15919100888929366,0.21486961477717728,-1.1872615380686278,-0.2426726586157226,0.16639011900458187,-1.062307764205192,-0.2952519257538282,D
0.0,0.0,0.0,-0.22702174043233073,-0.21526202314242202,-0.19856953942123146,-0.33537430614030916,-0.5428420922322287,-0.28509482643221024,-0.2622385404089265,-0.8675841485477672,-0.36775362309435744,-0.1309171899725107,-1.123804729632778,-0.4418910569643265,-0.31301201251693883,-0.9879085281459813,-0.03553354960800987,-0.343676122658182,-1.4052814583691142,-0.10959514861398216,-0.34501706397429843,-1.6533017638706473,-0.1925712059190992,-0.32409437289553195,-1.8605796145772682,-0.27020890666921255,-0.11124203757476982,-0.9937147664833841,-0.012496877573489924,-0.11347293322094751,-1.3960647718048491,-0.17252770157439148,-0.0971437486786591,-1.2338410468644851,-0.31797008119324294,-0.09145395062360809,-1.0177525481265743,-0.3968278225630792,0.06491608343417948,-0.9536137348782446,-0.013575905529031674,0.0901873808426712,-1.3572643656331191,-0.15323864887633074,0.0894333987132918,-1.2702912374017779,-0.26139653707460825,0.06332924027447266,-1.057949987277317,-0.3130801527551863,0.23470830152280894,-0.8619272793037469,-0.03313393293173888,0.2538398155270319,-1.1712579008292971,-0.1303260497142432,0.2394778457334663,-1.1923283333415853,-0.2028695350631899,0.18767694463945483,-1.0726639072146364,-0.24906803091621657,D
0.0,0.0,0.0,-0.23229395099478045,-0.21635045009653806,-0.25647761970038985,-0.3339553642719229,-0.5420524618892737,-0.35842870507489116,-0.25433797353798143,-0.8734787986313783,-0.4477642858306982,-0.11988673773532747,-1.1366740159664417,-0.5280026385616586,-0.29525651974997547,-1.011512951785579,-0.027176831395411404,-0.3121821622772358,-1.4239426772204529,-0.10300968746290876,-0.31338712119166606,-1.6700948750654048,-0.2046413473806188,-0.2908047946766798,-1.862919426484682,-0.2985193171267625,-0.09152630721418206,-0.9955341543703503,0.023123204143172812,-0.09273100942667062,-1.408623026216074,-0.14979137822119212,-0.07201644623963378,-1.3305982785040442,-0.34274691180623157,-0.06545155078210507,-1.143600347757911,-0.4567527043199986,0.07908884143594151,-0.9489804871337347,0.041114530743093285,0.11067678547032336,-1.3473092540325418,-0.12088599354358372,0.12624190770647156,-1.3219829121115474,-0.30037893016806233,0.10536921612333565,-1.1066742868454769,-0.39792916558534247,0.25255594865856623,-0.8608122263701533,0.03752546457784877,0.2704770813158139,-1.1765575399494235,-0.09161773660554809,0.2676520764471933,-1.2066745176822684,-0.22009164362946168,0.2286095080252837,-1.0572354181349075,-0.304529351337265,D
0.0,0.0,0.0,-0.22733654678317547,-0.23262153103010208,-0.25631654374968926,-0.32450053071062135,-0.5483402086397549,-0.3599167966029078,-0.2410279111229315,-0.8766097805997844,-0.45295812332941304,-0.10809069080948958,-1.1319091787732456,-0.5376991677587013,-0.2926363248175394,-1.020711793590452,-0.013678875247368326,-0.30483464402860333,-1.4360615703920492,-0.08958089000364063,-0.3079802387586066,-1.6825582992201544,-0.19475671301066397,-0.2810174778096119,-1.8735328351549865,-0.29119131525000164,-0.08142742357661979,-0.9960677020631677,0.034909992785362484,-0.07242283666070512,-1.4200202472132377,-0.14179223483304823,-0.05288575049083467,-1.3365899756727238,-0.34355929418707953,-0.045360938347815065,-1.1429706708376983,-0.46324648706716187,0.091698158557403,-0.9491104179738877,0.0507262931754799,0.12300370849173593,-1.3516126689425867,-0.11481172315690594,0.1311615946671898,-1.3211946065775613,-0.30225609237802165,0.10491048907319214,-1.099686673273644,-0.40455440298363976,0.2654729473132603,-0.8653701795442914,0.04478262115790785,0.28069482602160595,-1.1830422014866544,-0.08357216722235769,0.27621907327524264,-1.220697616669861,-0.21476761268071354,0.23128356692209673,-1.0767175088103877,-0.30226090613453627,D
0.0,0.0,0.0,-0.24500753642728063,-0.2742980609217468,-0.16696747073693835,-0.34214074346982537,-0.6538285980829304,-0.22246816604636885,-0.24433647232730882,-0.9986146897916951,-0.2810995787349254,-0.10050018643383762,-1.2564265359519529,-0.3295471531087684,-0.19338277856920746,-1.0258053937115224,0.07546652639391883,-0.17792905354213964,-1.4066598928929734,0.026619329959329967,-0.1599743607340052,-1.6171407746711897,-0.0478592529770291,-0.11684188516894893,-1.782564447033976,-0.11720792368249262,-0.014816824190367301,-0.995298413021289,0.09571588561056797,0.018623858949035614,-1.3898372648862156,-0.030429436937012444,-0.012286031338190815,-1.3203234293764496,-0.17176566378205238,-0.03301255780047141,-1.1495839125780989,-0.2504101736750912,0.13521521352066174,-0.9288228032780823,0.08717517994215537,0.208929503590736,-1.3101427091373523,-0.037490537350076535,0.15842698181742376,-1.2774067110871723,-0.1595947639967709,0.10567727650448877,-1.075086714391391,-0.21848653599926596,0.295710157314039,-0.8032881299971552,0.062353450917670604,0.35176014231378483,-1.1047074837641462,-0.03152590653278329,0.3033358857228095,-1.1465215556176418,-0.11510280746312526,0.22900963942096295,-1.0165249161301748,-0.16600883194564026,D
0.0,0.0,0.0,-0.24322426965555405,-0.27456014753244207,-0.1496642569597359,-0.34736009492021386,-0.646748355125207,-0.2018173235799962,-0.2558010003799006,-0.9950626485191385,-0.2576906126289078,-0.12256593846074695,-1.2509116220498901,-0.30305789680332496,-0.20193814170832083,-1.0218914192605146,0.06609796675015213,-0.18768965525802095,-1.3918131751544305,0.014668227815138836,-0.16838194269327872,-1.585498223939798,-0.05481959384724755,-0.12082284817303429,-1.7439724277499051,-0.11830207281802935,-0.02764780206578233,-0.996242827514149,0.08207208823677475,-0.008230587000332102,-1.3698137015987264,-0.0365170265514555,-0.040082916575270904,-1.2941814957205868,-0.15347864890672444,-0.05428112663702456,-1.1376853782498917,-0.21718842453462492,0.12069518299793,-0.9302308506480308,0.0707613238857353,0.17996156891598594,-1.306724006913462,-0.050095052847461685,0.13243169261107468,-1.2612874446395135,-0.14253711823576917,0.08806027906096013,-1.073147934156228,-0.18236184186541032,0.2767267703289028,-0.8099778892875755,0.04426868600842406,0.326848644529179,-1.112481311378696,-0.0461286595513646,0.27807633600469606,-1.134439589883052,-0.10824843205271728,0.21620005274404405,-1.0041843910871315,-0.14266001241850487,D
0.0,0.0,0.0,-0.23709179508856196,-0.2816017760070496,-0.13020173677117394,-0.3452452340474673,-0.6418063175166231,-0.1760319892601494,-0.2680874134883222,-0.9797658938652625,-0.2276878595951874,-0.1473929773374781,-1.225059815156567,-0.26962724661317783,-0.19649376368969593,-1.0226434437421135,0.060978700188597634,-0.17889480820253453,-1.376357711284982,0.006305616847350879,-0.1607977125681964,-1.5668222345315361,-0.060502904971444525,-0.11368193528128345,-1.7247913807909467,-0.119539897118232,-0.029430630274024656,-0.9972192872289154,0.06846554739668459,0.020491709744864684,-1.3655173692426572,-0.04899804514457396,-0.013470876159825906,-1.2827347704377576,-0.15070541665712095,-0.036567861478398515,-1.1196848160148993,-0.20032833226318497,0.11448552153020526,-0.9282148985664375,0.05066362844325813,0.18127145489531135,-1.2909954209468661,-0.06844724999520871,0.12362677080706849,-1.2340771803900328,-0.14294894425894392,0.07243525406191703,-1.0523607715080574,-0.16785629338931407,0.26577638692993566,-0.8049203947890593,0.01931767794704837,0.3150800228245741,-1.1025953279600178,-0.06676193794621402,0.2619107881401611,-1.1077836151332654,-0.11407097482907202,0.20125122343298868,-0.9721154194669078,-0.13579963712706075,D
0.0,0.0,0.0,-0.24298846645594102,-0.2853324788801715,-0.129747579576877,-0.3665285586286802,-0.6320498176213905,-0.18451247735510684,-0.318251261127274,-0.964449753616665,-0.24719505113477028,-0.20241061509957062,-1.2142648136414478,-0.30049728410736887,-0.21300357054291275,-1.0109338828938366,0.05778538469312052,-0.1950291046865084,-1.3863790814875223,-0.0009613975459956156,-0.17520692149794462,-1.5847775294799458,-0.07034336707385715,-0.13092026559786207,-1.759576001162424,-0.1320873335392351,-0.05067745825009838,-0.9968906963742495,0.06033850104015977,-0.02920382755886944,-1.3894298205674942,-0.0659043122519428,-0.06629882533327516,-1.2995049476594565,-0.17290894286546996,-0.08517281667526336,-1.1389925932051426,-0.22569511520583493,0.09147591261645889,-0.9395677395716923,0.037697725836852776,0.14409842092070016,-1.3432434385044123,-0.08885087330932469,0.0792456817426085,-1.2733115489941882,-0.16112040266972774,0.025359987233284597,-1.078202024483129,-0.1826053476213933,0.24172741943156134,-0.8304508058908988,0.001524584249617999,0.2731335335241015,-1.1442974939508312,-0.08842222661979963,0.21466357476838968,-1.1576121557422754,-0.1356579353108932,0.15670193882721256,-1.0285829258858072,-0.15651830634669897,D
0.0,0.0,0.0,-0.2438231795656324,-0.27722683090161276,-0.142685193506792,-0.3668196525600593,-0.6310114063675857,-0.197959871575248,-0.3136314701852483,-0.9637894714103352,-0.2583681766150796,-0.19775481340725848,-1.217056753834013,-0.3091112014737817,-0.20671806663465958,-1.0166995444060742,0.04828946282884973,-0.1882704596531649,-1.3883488992815674,-0.010836945509880958,-0.17524753886996564,-1.5922274542981882,-0.07911174811291698,-0.13002984433344483,-1.773060210205219,-0.14102991761621828,-0.04597084553103539,-0.9973391335470815,0.0565803327731335,-0.013981378361584425,-1.3824249939161761,-0.06887214133555124,-0.06367043418261224,-1.3092012526827164,-0.17341889687784334,-0.0859045969353089,-1.1630416046435785,-0.2255262650284378,0.09407958093674386,-0.9336308797305983,0.03761725177967288,0.1494664347406633,-1.3269382557578013,-0.09693357522396939,0.0689354674979241,-1.2516936629094868,-0.17447322047458513,0.012960788527554246,-1.056354105870308,-0.19855304889524172,0.24393636832700313,-0.821534700568367,0.004475718259106721,0.27781222480588574,-1.1399485985267104,-0.09868090984386502,0.1994623698765292,-1.1378182725788115,-0.15352685002272257,0.13079407107787874,-0.9924687751252366,-0.17888921989326062,D
0.0,0.0,0.0,-0.25358900231774856,-0.2705289554546758,-0.13065494137955128,-0.3870733758625042,-0.621286131404609,-0.1823916440288401,-0.34822038604057887,-0.9510261154413142,-0.243167504621228,-0.23389011671076795,-1.1855689190572292,-0.29372145642315595,-0.22787542838445238,-1.013536681766948,0.0652577558993847,-0.20776189462596667,-1.3913786803617336,0.008730370201693668,-0.1969131470830791,-1.6014139326487544,-0.056181024855235774,-0.148187274308748,-1.7774208917422054,-0.11554846422979513,-0.06522261849785624,-0.9956001181606139,0.06727863520356768,-0.04064440993846679,-1.3816221225161585,-0.06697674158708015,-0.10793919148585236,-1.2868090776392331,-0.17181712265340138,-0.1355578837292801,-1.10805665742568,-0.21867558005827747,0.07737539271604246,-0.937923880478551,0.042499551977214944,0.1179459796567754,-1.303753543678394,-0.09164075001626965,0.021584605173182128,-1.2348422001368367,-0.16966664054309188,-0.03776342703785345,-1.039469165136955,-0.1922253085136998,0.23074805904809584,-0.8312210894912412,0.004051454365684394,0.24090707347347007,-1.1378392526118064,-0.08895409133870572,0.14567540639680393,-1.1472980262667052,-0.14201421940722325,0.06754373209448804,-1.0109038411324403,-0.1674809645310343,D
0.0,0.0,0.0,-0.25354656482069865,-0.2697921925297472,-0.12595462297626414,-0.38407027633674773,-0.6232243459341971,-0.1818880669958936,-0.36544926848251286,-0.9568877658889964,-0.2495123144440218,-0.2879683076956741,-1.228355282849304,-0.305628621347889,-0.20339832602157,-1.0182429923983192,0.050505507497494814,-0.17367315431537064,-1.4343047649792393,-0.018904536102561195,-0.1651738615385541,-1.6558081506810427,-0.08589311340292301,-0.116048171463953,-1.8454142614738496,-0.14425534772071244,-0.05578742973807741,-0.9973979275209564,0.04566329883090274,-0.039659663368501456,-1.4164311605846254,-0.10217956076122421,-0.12512051420165346,-1.3141199314454068,-0.19822022795849167,-0.16157760048379666,-1.1325577893352012,-0.23523170282276898,0.08042830711047705,-0.9441143061462491,0.014016548063068759,0.12401993314202679,-1.3412876475578555,-0.12722650092948776,0.009671132531342722,-1.2560583197467248,-0.18348571470746544,-0.05697633906590651,-1.054972649962093,-0.1877688567466606,0.2370822840060079,-0.8415515040100185,-0.032323894189776214,0.2527296638126301,-1.1467596743232347,-0.12452333586799381,0.14561321431583443,-1.1496539153077083,-0.16358750312540005,0.0621305373665658,-1.0099184595386514,-0.17737106502880817,D
0.0,0.0,0.0,-0.25531277581999934,-0.25104429086810043,-0.11808058590471746,-0.3925039370245532,-0.609878034308341,-0.16347461907180677,-0.38534611874510144,-0.9477911310738933,-0.22313230041238608,-0.317967836930451,-1.2283385387820802,-0.27284166979047825,-0.20430925090741303,-1.0099887877950011,0.08970532364618197,-0.17128033080477667,-1.396173125435627,0.029450955911288285,-0.16556517771131832,-1.6168348501257868,-0.036216220849213235,-0.1231058280225486,-1.811487304309808,-0.0969256245580742,-0.06101011323652205,-0.9949918481987611,0.07917694172472481,-0.0604683799165874,-1.412374154066126,-0.07225627671173483,-0.15376206292935296,-1.303944495467127,-0.17969472845717033,-0.18977878906646636,-1.1276320492203074,-0.22138344248355515,0.065335173293754,-0.9471966921723395,0.040898358054268204,0.0903360325768859,-1.3564541991273544,-0.11032453425541477,-0.023424228517528987,-1.2595009474202077,-0.18176789250277492,-0.0829356351901333,-1.0576654563366688,-0.19218845314816319,0.21529949884577199,-0.8480326748220062,-0.010269186920199397,0.1999465630678605,-1.1745119961724846,-0.11790674921977229,0.09620703407371463,-1.1605967886020352,-0.16902646825715306,0.028772177153731145,-1.0127055937376588,-0.1877584322601939,D
0.0,0.0,0.0,-0.25732548040237735,-0.25743686753509887,-0.1149355752839679,-0.4084117924340587,-0.6082713090517478,-0.16714453610897614,-0.42004315891611693,-0.9488722255013113,-0.23548148144319225,-0.3567880166599327,-1.2324152174156322,-0.29468592325686604,-0.2112477102268661,-1.0133793322890128,0.08722338945484141,-0.17363911977640395,-1.4015318183014946,0.02483084114869971,-0.16991207947526837,-1.6218775087478277,-0.041292219918889816,-0.129446073567087,-1.8161977298351382,-0.10221196905717085,-0.06727568094197285,-0.9950662140586742,0.07291921826741339,-0.06069739844589537,-1.4104535250283956,-0.07656448622948095,-0.17194898778906054,-1.3024047183550689,-0.17721589560196221,-0.2255023107851989,-1.1200362695080968,-0.21515093087211729,0.06110214976190519,-0.9450156808832164,0.030561153449696985,0.07647008484199448,-1.3446274872281794,-0.11516475766457658,-0.05240482771682401,-1.249918094906445,-0.1765148947733225,-0.12256986404132059,-1.0555378858091025,-0.18198757610128577,0.21239513189526266,-0.838332037592552,-0.024940706261562296,0.1980047195558284,-1.17058401873986,-0.12258997658584662,0.08269353892973974,-1.1576613667264202,-0.16278054258051575,0.0036704073252217364,-1.0123066607807678,-0.17614686430573548,D
0.0,0.0,0.0,-0.26120338842294416,-0.22235352746271878,-0.1053947995573422,-0.42142870193545406,-0.5824530988493517,-0.14906692133587793,-0.45415864171266984,-0.942989202682982,-0.2094564487580239,-0.4014865950173405,-1.216187586655887,-0.258485375399367,-0.2338393970935742,-0.989571725844234,0.08629503881890611,-0.2008097836905818,-1.3924627200026622,0.025760300595941782,-0.18471082793064503,-1.6394410497406104,-0.028326288634029355,-0.1365703905610942,-1.8555155888711117,-0.07736050710352563,-0.09341516761645945,-0.9927432138828494,0.07572659868725119,-0.12333256145615228,-1.4014412694037681,-0.07358744230543021,-0.2321331034939113,-1.319740300790282,-0.15822756167622226,-0.28845717092467793,-1.1581686073935509,-0.17829398318029513,0.040154322625370775,-0.9611467316452779,0.03835568224404834,0.02746587203401103,-1.3676863458889204,-0.1140088200748465,-0.10831862132043782,-1.2658066822632326,-0.16026292023573233,-0.18282325885378697,-1.075927837607927,-0.14624462455434814,0.19631273607523334,-0.8807138585598582,-0.010942544230741298,0.14920498595708512,-1.205667293485298,-0.11808990397196997,0.03700351609219352,-1.1859211056606462,-0.15472841404851526,-0.03519409256944026,-1.0451947041208562,-0.15621042088576417,D
0.0,0.0,0.0,-0.27047101468072743,-0.21937501093683048,-0.09495208003849233,-0.4295123083651445,-0.588306392383377,-0.13510703801562976,-0.46947479595932395,-0.9479112666453897,-0.19257821328102326,-0.4506626448721993,-1.242598233912228,-0.2390436484424535,-0.221040757235623,-0.9929472461466823,0.07660816699991337,-0.1743080401362786,-1.412307958039106,0.007189509155001466,-0.16321113696336045,-1.665170437208593,-0.045937795199507,-0.11858712552384953,-1.876645261454707,-0.08942883590997729,-0.08843374450918118,-0.9943480528732024,0.05874880917394094,-0.11862402679180478,-1.4456553888427839,-0.09922929375481135,-0.25095932510381047,-1.3432440638581389,-0.17507009318302236,-0.3095380699446802,-1.1509555926195083,-0.18180798002413476,0.03746156181674347,-0.9631346252782882,0.015569658953211081,0.01831124520374768,-1.3877170107319579,-0.1411024039574248,-0.13637281595039077,-1.2772350469106701,-0.17708314023368862,-0.20738844125680372,-1.0821675930747376,-0.15111962071510146,0.18844828889645932,-0.8789737881362848,-0.038259926035482734,0.1330427648085853,-1.21033023726903,-0.14213295474878251,0.006486406862181022,-1.1837169995760295,-0.16752279288532512,-0.06712974881603145,-1.0350896473162026,-0.15806673486260858,D
0.0,0.0,0.0,-0.26208437120693795,-0.22407998780627653,-0.08259504030613456,-0.4175920392004534,-0.6020176373260728,-0.12300452909775594,-0.463733694056353,-0.9434527517218613,-0.18574362709829445,-0.4501265661424649,-1.2318820566762716,-0.23908377334417988,-0.19276840669532072,-1.0021443029591293,0.07123001112431579,-0.13565849210066794,-1.417403139075158,-0.006690571993255519,-0.14018159322582213,-1.6614482028693822,-0.06063360480602853,-0.10785831276256448,-1.8684747477418315,-0.10429942952081783,-0.06190934895147408,-0.9973709889439376,0.03766089384754971,-0.07955342562116823,-1.4660551300425995,-0.13402825887894543,-0.24605961298417728,-1.338037337437991,-0.20339912249656988,-0.31945548921788763,-1.1296841504055573,-0.2005279010365692,0.05745190551566226,-0.9599433940707384,-0.021229664418773993,0.030722089247946994,-1.393929016427128,-0.1854837618142532,-0.15112972745545084,-1.267541604162766,-0.21034688358537948,-0.22777879946196924,-1.0627546288003749,-0.17431365820606237,0.19711937048711206,-0.8700752881879882,-0.09067498617554197,0.13997933899582612,-1.2154057591051748,-0.1958984986850286,-0.008774721978288373,-1.185627427774471,-0.21313103723994786,-0.09107506549379195,-1.0342232226307475,-0.19788541098346238,D
0.0,0.0,0.0,-0.2731913492429429,-0.24163039940596456,-0.08118005593805376,-0.43989449135298203,-0.6071254958993939,-0.12272537666247961,-0.49977479047327356,-0.9583354468581369,-0.18631569456754243,-0.5017084605314944,-1.2470925592171709,-0.23989304728119223,-0.20228168819724973,-0.9930659585603369,0.08423003208698349,-0.14989439565913731,-1.3918015735713074,0.014415622624347792,-0.14600486818836023,-1.6287493880152963,-0.03865081644827781,-0.11105149995875303,-1.836971319056978,-0.08377162318020812,-0.07430938160557164,-0.995867884389798,0.052204143957978906,-0.12032300554509819,-1.4312770195096913,-0.11550631544852516,-0.2670357626777933,-1.321592007810673,-0.1935241623729989,-0.33525569850234177,-1.1335983438871216,-0.2003046283898788,0.04384853135000956,-0.9671559031905237,-0.004498769193833299,0.0010621844822354704,-1.366488259734712,-0.16949146611780846,-0.16835469574509618,-1.2500230453181138,-0.20515827013033436,-0.2494989058963268,-1.0631513172645808,-0.1779401438387836,0.18179826650426203,-0.8891051438535666,-0.07086255877641494,0.09670709452831001,-1.2081172415222403,-0.17837806323432184,-0.04607667534520129,-1.1775797185105572,-0.20232039516979808,-0.12679890448517894,-1.038852372757365,-0.19181670151993688,D
0.0,0.0,0.0,-0.2656819978786132,-0.25467123642484146,-0.07418382600584444,-0.4337271476789673,-0.6014363426141223,-0.11698788246440324,-0.5061290216349482,-0.9363933138484704,-0.1879114892350409,-0.5136031172592388,-1.2225727129337276,-0.25049076857295033,-0.22205024058357647,-0.9877632500027254,0.10344147283127554,-0.17615542706138207,-1.3888199641294316,0.03383799878201435,-0.1700971610091427,-1.6314007374948785,-0.023635512671164843,-0.13756576236399637,-1.8468511475212372,-0.0717158914915999,-0.09853932864565512,-0.9929699964893796,0.06557885926077887,-0.1435715441236098,-1.414206713409277,-0.10271413687922497,-0.286336159558219,-1.317173780898674,-0.18642493050082956,-0.36110467351677766,-1.127808098927643,-0.1974109904092262,0.015837100679625363,-0.9676397474506724,0.0023781026945922765,-0.035583519514474214,-1.3591504134827215,-0.15773019942510494,-0.20170336820565116,-1.2443833985443766,-0.1951920923055806,-0.2882751702847312,-1.0441635771115525,-0.17003676205875495,0.15062036464854892,-0.8949657583627391,-0.07143361964503733,0.09285925415848538,-1.213774323667269,-0.17121821256677086,-0.050810472982200365,-1.1955980714602275,-0.19254720938754474,-0.15199645017842692,-1.0539604835072438,-0.18183461480068647,D
0.0,0.0,0.0,-0.2691501428472227,-0.21488063866481566,-0.07389855740557966,-0.43904910985664747,-0.5858355826012318,-0.11089211773433719,-0.5220935934656156,-0.9278949056335588,-0.17113088238856453,-0.5400292199985737,-1.2060498702946316,-0.22185829956656422,-0.21759634928954905,-0.9880538428865894,0.08137744280661437,-0.16655478525234482,-1.3858310774874112,0.018227346484772082,-0.16253898529330824,-1.6262852965586414,-0.026495225420884925,-0.12435212551460209,-1.8324128992697655,-0.06419110986883907,-0.09418210481436567,-0.9943479216659573,0.04900960937741848,-0.14706451586749922,-1.4104920405991128,-0.11564372425793289,-0.297450220645773,-1.3099040862247282,-0.1895107534211262,-0.3765156644635631,-1.1143801597325769,-0.190534786668615,0.02134942551912923,-0.9721760051323863,-0.005783512636992511,-0.047699511247374746,-1.3458754717169925,-0.16604531186894095,-0.21445924508036737,-1.2232011852925069,-0.20085614408877847,-0.29575385954057737,-1.026919914183779,-0.17177957870979083,0.15541773177154738,-0.9058233344230612,-0.06922943949224382,0.05270173269914139,-1.215656551150197,-0.17164752951607878,-0.08417226852713112,-1.17206296614213,-0.19238028192970794,-0.16122484477515175,-1.0235861643662265,-0.17857350351678786,D
0.0,0.0,0.0,-0.2789795184255133,-0.18530981945855401,-0.07149208375591952,-0.4702742682219512,-0.5547905101109051,-0.10570583738575992,-0.573849502307966,-0.9000258795581952,-0.16641542179850627,-0.5915904315782609,-1.183470761400066,-0.21770056914895144,-0.23429600758739236,-0.973430179294528,0.10329751162986535,-0.18713716701277017,-1.3764561965897713,0.04892685253281111,-0.19358078790149752,-1.6204965433696747,0.010963576247220589,-0.1663672808688546,-1.8286473712905844,-0.023753185455038225,-0.11565456987581911,-0.990826618149538,0.06990445789210467,-0.1893010814846417,-1.408150405185559,-0.08535046284145567,-0.34663659275284625,-1.3036333652712193,-0.15163565442956914,-0.41847276688493246,-1.115823936734804,-0.14868309751932973,-0.004667012796395328,-0.9784027192518101,0.012338041846762553,-0.09405729611705399,-1.3679574094168208,-0.14293418200647776,-0.26094432935334616,-1.2244505095985627,-0.169301065134728,-0.32793321294480693,-1.0184243057782518,-0.13507565342293965,0.1277501888167151,-0.9234446854600723,-0.05473318205965675,0.005389286855536538,-1.241236766443465,-0.1552462341928282,-0.1351420124859817,-1.188535984471821,-0.17321710845281485,-0.20047510315080014,-1.0330017967931413,-0.15756323936201772,D
0.0,0.0,0.0,-0.3103397446206223,-0.22089097089599502,-0.05984997502130575,-0.5064301490571452,-0.5526037227017969,-0.0979553983881085,-0.6098505181022734,-0.8857065034742599,-0.16826627730789973,-0.6553733198341283,-1.1761456451579746,-0.2295536126177107,-0.29161245034142536,-0.9597586470110756,0.12134275910288786,-0.25233690802295167,-1.3899897916798556,0.06327564768224554,-0.2545314257782605,-1.6540571985747323,0.015584241187246559,-0.22720180878807153,-1.8762699117728767,-0.02793447497868469,-0.17804590492174394,-0.981132948048846,0.0753511379713539,-0.2794773350120933,-1.4026933395807233,-0.0896056105445858,-0.4257938053281077,-1.311018564354412,-0.17211583019869983,-0.48502077023802564,-1.1213505566555682,-0.18358933759978746,-0.06594400063479008,-0.9693690965323594,0.0046777133005857984,-0.16219081963261028,-1.3738397798807307,-0.1597487738223012,-0.3253053062536162,-1.2482023085963583,-0.1997415237900718,-0.3948920050962604,-1.0296493293318463,-0.1753924040637218,0.07571797874740462,-0.9157942547844279,-0.07497413692517187,-0.04166262846770569,-1.2383253973220798,-0.18601728792667724,-0.18739521186179492,-1.2128633846659371,-0.21443613112635304,-0.2668637098662827,-1.0602332012298668,-0.20611135776625147,D
0.0,0.0,0.0,-0.31009038140269307,-0.18521588980699719,-0.06224268629292273,-0.5188111887001612,-0.5246014614533189,-0.09581948612416415,-0.6394086602640174,-0.8633717724892737,-0.16145282795388557,-0.6747846960267171,-1.1632146234915866,-0.2170288551016468,-0.24763265912524182,-0.9648524621553224,0.1349750405104495,-0.19850828387310646,-1.375883563625814,0.08351905014776885,-0.21604885995259407,-1.6332985542917735,0.04095576539901205,-0.20757523931153107,-1.8447996290031095,0.0025984293437893657,-0.1344593421697858,-0.9866508081460789,0.09187419707381311,-0.23819028917329177,-1.4184331679679392,-0.06838461749865059,-0.417776076149255,-1.3441989800381313,-0.15331484877318027,-0.5078925797722376,-1.1667557537791347,-0.1616936588541926,-0.025880337774033202,-0.975622347178759,0.02399855065914827,-0.147476808838245,-1.3767169674943867,-0.13971650600025784,-0.3304032721435347,-1.2306526269624252,-0.18048411776216974,-0.40535506591933107,-1.009543735316936,-0.15035731673552347,0.10652429558038715,-0.920378589004016,-0.05251218235722634,-0.045661731942667254,-1.2550721853167732,-0.1611341975798045,-0.20724709536434935,-1.2323929419167308,-0.18653527052769622,-0.2909145856217457,-1.0905492089011137,-0.17196566069163058,D
0.0,0.0,0.0,-0.31839355160727384,-0.17706153224555463,-0.06901390912995861,-0.5413539562517512,-0.5257134964488166,-0.10632813593286346,-0.669699066700229,-0.8784770392877748,-0.17673676118851536,-0.7292057268017635,-1.194366289346932,-0.23825074087164852,-0.24990575697145434,-0.9621884196055347,0.14689031830997143,-0.1947975200543147,-1.3902515795640753,0.10221999228655117,-0.19828275583104343,-1.6510026358490022,0.06033480857018793,-0.18172777126075124,-1.8604174209113864,0.021658433158594993,-0.1380161315322174,-0.9843378472375118,0.10968386359306694,-0.2802853725657737,-1.4387894829474688,-0.046580383312935104,-0.46019555737488,-1.3393852183268655,-0.13478910844570297,-0.5318039089046814,-1.1330715793377975,-0.14471356874356006,-0.0310709159240191,-0.9748262394290049,0.046952327765325125,-0.16221737461324487,-1.392681753175003,-0.11021239207870408,-0.33871564916699626,-1.2381641314601555,-0.15338245844757623,-0.4022746237647528,-1.0030667673018312,-0.12526061169480568,0.11041921756351802,-0.9261243375371508,-0.02534689184041866,-0.03592698359486177,-1.2618013144335647,-0.13076160197175907,-0.1998376084187144,-1.2357878343396587,-0.16012047778150412,-0.287076102976687,-1.0809189073389796,-0.1482181389204009,D
0.0,0.0,0.0,-0.32225113765450797,-0.15344698693617825,-0.07003441437737315,-0.5520527927243758,-0.5153840875855872,-0.10186810746169717,-0.6786848371500532,-0.8814108918708882,-0.1641751582372662,-0.7252757451655683,-1.2027534301561404,-0.21721129941595818,-0.2735782332245024,-0.9403236652364111,0.16160758359104607,-0.21823422761940828,-1.330299998856044,0.12376996306591041,-0.22428044122093324,-1.571122812734144,0.08463752292380936,-0.2039063641552018,-1.773925055656071,0.0450155042758993,-0.15633735307751057,-0.9795181269798997,0.12689708803005328,-0.2779360767904595,-1.4383891036732452,-0.018761236268618375,-0.4587965355796165,-1.3477630485733672,-0.10654084453476033,-0.5404284330139775,-1.1354513711543095,-0.11856849657481794,-0.04853902436577337,-0.9836063114093891,0.06581541964380923,-0.17800928817301268,-1.3969362656519204,-0.08498230870217485,-0.363476246636078,-1.262578790807726,-0.13793702991272566,-0.44091912231597463,-1.0419695878190791,-0.1201017936168369,0.08917574470760306,-0.9431330576764829,-0.003932210349782795,-0.07904476489099453,-1.2658767600268852,-0.10377070459011653,-0.24081753463585084,-1.235082750086764,-0.13815120003533707,-0.32238722056802394,-1.0817724157665027,-0.13391103799534404,D
0.0,0.0,0.0,-0.3502256635923441,-0.17935377964456126,-0.07353256616405679,-0.57857747618859,-0.5251148140864906,-0.10513948452742994,-0.6932828223230345,-0.8965391672877857,-0.1684749246943334,-0.733400226716043,-1.2203662490336622,-0.2227235155598689,-0.3348938770383228,-0.9169923559691814,0.18561261519173639,-0.2935886116948388,-1.288362029795328,0.15003469446253287,-0.29011061563841384,-1.5101045795646828,0.10035969400579735,-0.26292364251764355,-1.711861313581215,0.050151908963728446,-0.2107393531827548,-0.9654986235618187,0.15297494213219257,-0.3237202048962957,-1.392396715259412,0.006421506082308804,-0.4576607081560822,-1.3258987615798257,-0.10090337444645191,-0.519209286451669,-1.1485022708873849,-0.13399855100125332,-0.09235997961502343,-0.9781476305606867,0.09211879474650808,-0.1918503048681927,-1.3898244578455163,-0.05913426027951266,-0.3359864950488236,-1.2726674979397905,-0.13239361439140113,-0.4029494560953637,-1.0573550875690927,-0.1344091310610999,0.06734009361626929,-0.9476325061392171,0.021467957066787682,-0.06962282179976949,-1.259354737618199,-0.08392668880308168,-0.22467972414789344,-1.2518864656856963,-0.13534574803870833,-0.31616991390107047,-1.1194674451241882,-0.14780123464620445,D
0.0,0.0,0.0,-0.3442962796867714,-0.20367742559102994,-0.05032327246437376,-0.5692051307298902,-0.522750681355261,-0.07119322145897405,-0.6637209961880066,-0.8877790573019633,-0.12525202567639931,-0.6665124887728399,-1.2239490467644645,-0.17242540144403318,-0.3626581101680261,-0.9021121805625268,0.23450696843758656,-0.3557520786730157,-1.2271293111743293,0.21651472815910192,-0.3570781195976155,-1.4191289327585963,0.1655423693778912,-0.3378642042253582,-1.6094478557442158,0.11216695597952919,-0.2289608271093802,-0.9531216986784243,0.19782812529502322,-0.3162805896202299,-1.3595329273543861,0.09442769863683968,-0.40490672582272796,-1.3488280443653609,-0.012922710667337306,-0.44755750806399813,-1.223284245729634,-0.06100743606395218,-0.09918541691959,-0.9670056320505889,0.13296624861871106,-0.1705845138886246,-1.377265244510962,0.012921386564917836,-0.27919021165153385,-1.2984156655281316,-0.06940096392115153,-0.33462752804031975,-1.1056962070308158,-0.09014082489368025,0.07232386159333132,-0.9455359740874185,0.0604926924716929,-0.0313711790004393,-1.251874251372406,-0.020261059608485923,-0.1542712321038143,-1.2307338374571648,-0.06728076235568492,-0.22846445204892057,-1.0764682708114024,-0.08571567724580889,D
0.0,0.0,0.0,-0.32402754789997634,-0.21340283216568343,-0.09112107617499877,-0.5334002610303087,-0.5476153039129398,-0.13161923206345932,-0.6166631639052395,-0.9013356359948183,-0.19560171054587597,-0.5968959641337621,-1.2131184091301506,-0.2517481846901886,-0.34868116124983617,-0.9443586253648858,0.13482520597567052,-0.3229606191314015,-1.328815266594403,0.0798925471361577,-0.30865488651277256,-1.5573515827703124,0.01552557001810349,-0.2650022083393162,-1.7695325941074211,-0.043631128080583094,-0.214528982043467,-0.9703803333110588,0.11108251251440225,-0.2888748779032554,-1.3820450022765591,-0.0422326965025082,-0.37994453036274245,-1.2888376180017498,-0.15505941555966407,-0.4071016390141722,-1.10997974762801,-0.19830797291629207,-0.08927341059165822,-0.9607381246755393,0.05998834419114036,-0.14534678738555232,-1.3603986985245013,-0.0929005064429004,-0.25954319226041367,-1.2574425234309774,-0.17419132266111015,-0.307671294258358,-1.0551114294795767,-0.18920707605503195,0.07279958446753867,-0.910780019242834,-0.0012571305705798928,-0.004105786060067672,-1.2236923421327135,-0.10552500988526622,-0.11800489938536318,-1.1999074368294174,-0.15958723108974537,-0.18315420766637497,-1.0466699308099368,-0.17937676726089097,D
0.0,0.0,0.0,-0.3199302516487471,-0.17553421260568186,-0.09934288848956578,-0.536354173750329,-0.503054372516264,-0.14836930456750608,-0.6380723058753088,-0.8567770250377743,-0.2211607704131835,-0.6229650415143528,-1.1824712341383334,-0.28586353187836744,-0.33737010086999,-0.9428051774677833,0.12119489102036063,-0.31387436202185187,-1.3748969690432085,0.05897953408281603,-0.3143616269427035,-1.631693871662809,-0.0012253762460532245,-0.28091040179437676,-1.8680872841159164,-0.05720607071768243,-0.20563088509947475,-0.9740835310008925,0.0942189669124009,-0.3052925245308755,-1.4284765770623076,-0.08114753037144161,-0.417833403932739,-1.2814333689511697,-0.18894280892212081,-0.4432448809958877,-1.0600430707521358,-0.21647210741593903,-0.08011547945914975,-0.9659063113404364,0.03935253774657962,-0.16060348636915775,-1.3869819926351836,-0.13404440735597456,-0.2847427810228028,-1.2303788059977467,-0.20161914495110209,-0.31855028325070117,-1.005278827080759,-0.19611720421814116,0.08346715957330464,-0.912498070873087,-0.02602034378795324,-0.014200198181866887,-1.2290321590680966,-0.14078413599729636,-0.1315456065489742,-1.1700685896530292,-0.18603118147587497,-0.1833261014924479,-0.9997302280847858,-0.19318060618874403,D
0.0,0.0,0.0,-0.2852841281604481,-0.1551910710218447,-0.103537404771906,-0.49338796154500775,-0.49106945230301996,-0.16395887879684964,-0.6017843630592299,-0.8074861645874459,-0.24389282254676473,-0.6121939312807282,-1.1140884379544262,-0.316075830872348,-0.3013775698080474,-0.9778471020207725,0.04993490827841997,-0.28550082885136707,-1.4263725396296243,-0.030104624907812096,-0.27915474625463976,-1.6857060851636232,-0.09223031611612394,-0.24220282009596825,-1.902988080389763,-0.1425260331538301,-0.16777369970146752,-0.9855328186358046,0.024021845895938067,-0.27185253014509214,-1.4055391691661596,-0.1531159398702816,-0.3975140622446382,-1.2375670930300078,-0.24065321266129827,-0.43356417322147095,-1.0163056256217449,-0.2536126134085693,-0.0370149975941938,-0.9551204432256245,-0.026987811569253586,-0.11817198319188424,-1.3567061715665671,-0.19351122078354757,-0.25327909674743626,-1.190094998674707,-0.23649280890003566,-0.2977924781585479,-0.9748350524021856,-0.2172827098541164,0.12253070203429459,-0.8802004127344063,-0.08933360092056811,0.031390759805571065,-1.1832980084870601,-0.20330027978806095,-0.09999072159953815,-1.1119896561778249,-0.23596412547601275,-0.1704015943768474,-0.9434398751419865,-0.2321304088454353,D
0.0,0.0,0.0,-0.29275892289817157,-0.17481046384287147,-0.0825861868474522,-0.4891552932311158,-0.5219702627134493,-0.12905928692912202,-0.5657228500065914,-0.8417146817591714,-0.19455826478582916,-0.5887531233314107,-1.1006221776531468,-0.2528120403599724,-0.2971161952032744,-0.9923896431333763,0.007593925975316609,-0.2790960769664698,-1.4819093038812081,-0.08026277422264294,-0.281486399496278,-1.7508294596169331,-0.13435776399031216,-0.2519655500137398,-1.9750848477764347,-0.17519054830426584,-0.16285347968252756,-0.9863647607283152,-0.023734004058861884,-0.24898810502121335,-1.4156896380847064,-0.20000475343403912,-0.3917217752532311,-1.2468981968163837,-0.2570108123883711,-0.441352586415557,-1.0225075442358897,-0.2473961123556148,-0.03198344325533139,-0.951236053445508,-0.07569231497604623,-0.11253039465440155,-1.3480854245566045,-0.23947036604159228,-0.2678994058150966,-1.1626523901794952,-0.23848322875987477,-0.3205634931328856,-0.9336074044415389,-0.18646315309269426,0.11936849131611364,-0.8709210536708829,-0.13847876101130369,0.016220336404180205,-1.1653438428884075,-0.24505724646249272,-0.11587619510385387,-1.0802495002387245,-0.24527684768026783,-0.17121138849683204,-0.9023963194023423,-0.214819157794576,D
0.0,0.0,0.0,-0.25673118317090593,-0.17260769777476587,-0.0864662040131819,-0.4267967914710209,-0.5113901493962554,-0.13781872363884196,-0.49801887820503016,-0.7882094727220444,-0.20505908053853236,-0.5228107474462553,-1.0477066248584477,-0.2661350843340944,-0.26819891374529464,-1.0141989510986673,-0.037150249290871566,-0.2701705705446381,-1.522363105178371,-0.14977381984962182,-0.2711984469669238,-1.8075184288107744,-0.22749472709220808,-0.2502410991276801,-2.054510934836237,-0.28352153815306164,-0.1307980817996246,-0.9892096740583757,-0.06600062535204504,-0.21345448666778813,-1.3815094929957172,-0.2488439649234048,-0.33712151437505117,-1.1621479451548817,-0.3072459041407086,-0.38029167846003004,-0.938910554246847,-0.3036189595413432,0.011679019870364205,-0.9304593052333369,-0.11328190672672545,-0.0712015873141553,-1.3221567317699294,-0.27252315551631445,-0.20370451062951186,-1.1000979767971224,-0.2505089980184951,-0.24099860479035642,-0.8695744141394058,-0.18936314285331246,0.17411981246131927,-0.8289080847062007,-0.17271767446164654,0.08638471667751565,-1.1242240184249794,-0.2714627140707568,-0.04323166234454089,-1.029589657264644,-0.2525768971728618,-0.09772170292055207,-0.8645641622317822,-0.21036625120852945,D
0.0,0.0,0.0,-0.24042033785082487,-0.1726965238548259,-0.09933671047942406,-0.41214212302594444,-0.47343109798398914,-0.1659825740985361,-0.4706435473446485,-0.7229863531406179,-0.24375979584302382,-0.4536097282914652,-0.9634630512159044,-0.3144203684714468,-0.24956372547938016,-1.0205471624911384,-0.0672639810008335,-0.2662874004072024,-1.5177156884228018,-0.18921399188789814,-0.2717957164488048,-1.800450175141827,-0.2752409923913387,-0.2485854032015867,-2.0453223191618317,-0.3379603116586249,-0.1064929699018916,-0.9900494396428673,-0.09198562074758936,-0.1853445075217972,-1.3448422651351282,-0.282261301766782,-0.28385761893770406,-1.0912798957537708,-0.34254041471159574,-0.30774555800503883,-0.8544509747495646,-0.34121932942130695,0.04289876402887299,-0.9145977592627395,-0.13495553752370987,-0.031143910739714124,-1.2710071132739518,-0.29953218805024234,-0.1433111824309723,-1.0305014206323238,-0.27397280589554096,-0.1668448339601451,-0.7967257251983739,-0.2124911921789589,0.20591452343289238,-0.7873054231721748,-0.19096960880760733,0.12483301045784312,-1.0613493587482032,-0.29812130919424695,0.005255835267280086,-0.9358240622962505,-0.27740562816545006,-0.03806725935327656,-0.7589037794232454,-0.23379122367084265,D
0.0,0.0,0.0,-0.24313744697242512,-0.18086425886224022,-0.13050255566223287,-0.42158759347079894,-0.4654270476126198,-0.22077406842115319,-0.4813783955305549,-0.7280605864847434,-0.31747745069989297,-0.4270669199753478,-0.9753417458806185,-0.4047431256359658,-0.23925649947030783,-1.0228760492725317,-0.08643733835473985,-0.25363287189538947,-1.524117891101405,-0.21213397689543723,-0.26363714592424103,-1.8071116762889614,-0.29707582455847314,-0.23970859071395229,-2.0443801686732397,-0.35887591879271113,-0.09292274706077999,-0.9909617323836296,-0.09674816809590643,-0.16549121973615735,-1.349352102624692,-0.2815639582346253,-0.25970987561351044,-1.1123094137569642,-0.33972147778197537,-0.28130130793626923,-0.8920317079229202,-0.3402393813085888,0.05580849315063807,-0.9100779120533726,-0.1286782218274559,-0.006565249348975776,-1.271741222758063,-0.29238576123900867,-0.11999043922131533,-1.0309943232364118,-0.26505643398174084,-0.14908987882026417,-0.7999083924686275,-0.2044146117172292,0.21156353009524964,-0.773246791550152,-0.17638017303216194,0.1277063342239652,-1.0427225482018452,-0.28919820323446244,0.012928744305036327,-0.917258108791954,-0.2735426070811018,-0.028880576433514396,-0.7419913238067538,-0.2335895478100069,D
0.0,0.0,0.0,-0.2377394617529884,-0.15892952806681468,-0.12864316973628767,-0.40951811628411156,-0.45387819971751636,-0.2162396826048037,-0.4574687526612163,-0.7141665876119166,-0.30991815760892183,-0.3811916974180374,-0.9513072901177404,-0.3930615445951403,-0.2378202308376115,-1.0332545353553901,-0.08467967252107875,-0.2390100729313362,-1.5477642846141129,-0.2140670317760538,-0.23719360291868638,-1.8352194542484592,-0.3043912117529083,-0.20289611253009288,-2.0727890339185007,-0.36994418933286594,-0.09022290572431184,-0.9916324237637442,-0.09233072848788813,-0.16194551911308203,-1.3460645224304313,-0.28091867694417794,-0.2514004510203783,-1.075990726304358,-0.3399577905555992,-0.2715993973071154,-0.8424298965326973,-0.33920779787260874,0.06564240347504524,-0.9052115057563088,-0.12154291637264798,0.015272866516097713,-1.2714485735267944,-0.2889737034928084,-0.09177537430747043,-1.0044183033622012,-0.2631807888632566,-0.11694262056817266,-0.7603034240287557,-0.20165587734189686,0.23163588888090142,-0.7701872904420973,-0.16565924279717797,0.17061084036956842,-1.053177464976907,-0.28369859781206724,0.053783866445287924,-0.9118539285751892,-0.26970243353131884,0.009208009403582124,-0.7312746145073538,-0.22903555403991724,D
0.0,0.0,0.0,-0.22660106922868947,-0.14732632847576685,-0.1377229120491251,-0.39820052067112405,-0.4559870005905191,-0.22643409029904804,-0.43539974441878015,-0.7198657665332876,-0.3167663681521066,-0.37010483606479094,-0.9584941257490555,-0.3963636285780506,-0.2248765203171297,-1.035192084299159,-0.10031322464931813,-0.21025202828005576,-1.5356683628384853,-0.22895819857789976,-0.1986527112883503,-1.8369880155136789,-0.31585764276297645,-0.17281974826007704,-2.082360324587921,-0.37901760124794437,-0.06873303683771635,-0.992248639409349,-0.10352974083499271,-0.13076296351131153,-1.3241265090049457,-0.28683726394074377,-0.21183701344273012,-1.0636992035122428,-0.33503580291022217,-0.2379799868781406,-0.8332927860687807,-0.3279499471808385,0.09056219098774752,-0.8946981354332768,-0.12920825767410868,0.05398535068131188,-1.2399025710772198,-0.2950775582616484,-0.04843267108085672,-0.9890044150942668,-0.26091158889972094,-0.0836126925849653,-0.7559285667198866,-0.19482332307417316,0.25587486088577105,-0.7425203212828333,-0.17065279507314998,0.19884205896217064,-1.0177292335045234,-0.2933746527005052,0.0820871106140777,-0.8882255501554646,-0.27702272175283926,0.02650631170790173,-0.7162968497721891,-0.23382712972118705,D
0.0,0.0,0.0,-0.23131081787644175,-0.1545945196477269,-0.1375529128448339,-0.3981437089921165,-0.46911189062345543,-0.23013047321442487,-0.4168816638843496,-0.7348702933474157,-0.3247434073973493,-0.3322338492363489,-0.9684044165255413,-0.40865299226340884,-0.19575261688404946,-1.0402194235328597,-0.10588666219960247,-0.18102818585149155,-1.5555335676866442,-0.23815769368477002,-0.16441005841512185,-1.8595673717985046,-0.32749146543928387,-0.13079737912494893,-2.100961837986103,-0.3920492463473472,-0.045782814115217466,-0.9929785910224431,-0.10907544041980739,-0.10679639242843458,-1.337188402965803,-0.295146908013395,-0.1933149275979531,-1.0742479144672559,-0.3435896987571286,-0.2189696595666523,-0.848752931578109,-0.3368084232421239,0.10945157521684797,-0.8967314108358596,-0.1341978833861124,0.07682444035139192,-1.2673976921142835,-0.3015638084928459,-0.03189156113005825,-1.0015076531323681,-0.26220355245215554,-0.06505595158900587,-0.758834311331066,-0.1932823189507944,0.2720631230262332,-0.7463775826058278,-0.17516082598311905,0.21646943442047747,-1.0271746504216903,-0.30107185684771226,0.09947727828533125,-0.8826926285012336,-0.2830187516800606,0.05200392293605956,-0.7002074607605112,-0.23828362915990037,D
0.0,0.0,0.0,-0.23136908982181842,-0.13422198398210028,-0.16233915008592467,-0.38935000902109396,-0.44239915523913914,-0.26626052691093627,-0.408644099835362,-0.7171317555757035,-0.3672919487028008,-0.31287003320897766,-0.9592747626949626,-0.4593669856620516,-0.20820469186154622,-1.0307182643290107,-0.12681826924942555,-0.1818755371929224,-1.5282342303305045,-0.2648125758270212,-0.16058109458838668,-1.8392237354998648,-0.3579304979189998,-0.12333388169874576,-2.0863010141863434,-0.42318087375840824,-0.04773672499068525,-0.9918477920408544,-0.11814889974454133,-0.0912919535064716,-1.320877467716207,-0.30625699003240914,-0.1658089343446994,-1.0582231014451913,-0.35319953025224027,-0.1914910407598117,-0.8275810598515834,-0.34251794772735944,0.11312947963968992,-0.8920236826424904,-0.1332994125741208,0.10162675200005863,-1.2420514133509173,-0.30382569124187075,-0.002484933134809282,-0.9841667372013752,-0.26827475534879763,-0.04302870885851716,-0.7466457550520527,-0.19962376384479433,0.274996565010791,-0.7381964185172275,-0.16566825696256254,0.24493102385865445,-1.0101857598094923,-0.29518492304952687,0.1321751123827566,-0.8640194624243349,-0.27846580939445387,0.07563204656486751,-0.6784737942335535,-0.23275937010527412,D
0.0,0.0,0.0,-0.230442013736338,-0.15777181560644662,-0.14745912704682615,-0.38882093491751324,-0.45584878201880935,-0.23994287486019908,-0.3876467452528705,-0.71131168539698,-0.3297298253701585,-0.26349806436749795,-0.8948051057946388,-0.40908363266189385,-0.22202359615514283,-1.0337841209596672,-0.10233693790921605,-0.18631290008632867,-1.505443763636088,-0.2125780786291741,-0.16226778851069396,-1.78461159596897,-0.2885168958652406,-0.1263342609543956,-2.0137573205954684,-0.3468694290005603,-0.05379735471884411,-0.9939539252759626,-0.09571540656425725,-0.06569153650664204,-1.2974046239374875,-0.2585091977890335,-0.1176787669504433,-1.0557158946380203,-0.30741943742259353,-0.15027558800161303,-0.8371792551386232,-0.30613885589763085,0.1098871265212585,-0.8867434899255188,-0.10944676104586037,0.11674945450644529,-1.2091491099584732,-0.25898487687761274,0.042414633940370636,-0.9582015118967061,-0.23172672688075188,0.004983692354783506,-0.7325362997885682,-0.17582077197747364,0.2706242628203601,-0.7224115424607475,-0.13846667249064318,0.24693595295680054,-0.9685084008969455,-0.25146933805844335,0.16691401156555846,-0.8286909695415655,-0.2390904681084188,0.1290842117923284,-0.6656183421879492,-0.20266676215442403,D
0.0,0.0,0.0,-0.22898814638826603,-0.17556132034550304,-0.14132289044163843,-0.3634980913157433,-0.5111181393815928,-0.2207468236361625,-0.33019885593926424,-0.7878286277062712,-0.29669668483650946,-0.20586529944792303,-0.9814541477218846,-0.3622250184632429,-0.18927844716958236,-1.0384612246390452,-0.09355777973531937,-0.14780222510516594,-1.5373710547102835,-0.19577897523346183,-0.11254974415935536,-1.820414730244366,-0.2689523849243414,-0.06549981382871183,-2.0547034941738955,-0.32809599901696934,-0.026002363099212562,-0.9959639719512047,-0.08590485253137299,-0.025988376378343735,-1.337167579870061,-0.2400675771965774,-0.07905329601862586,-1.1028805642806403,-0.2891336277777081,-0.11754650018974343,-0.8818438687063018,-0.29194937323111636,0.1319559696968296,-0.8914569419594459,-0.09787068345935296,0.15929266596692818,-1.2462420055099541,-0.24130594834975244,0.0797347989929594,-1.0083296318713337,-0.21780226922525292,0.031621528208263375,-0.778629911058866,-0.16821338846177009,0.287136539728323,-0.7355515101189256,-0.12507028801068565,0.28610641773633394,-1.0019611281917356,-0.2421825660802061,0.19232195763063886,-0.8678487558049546,-0.23754487539962243,0.13295532090290724,-0.6946480442740877,-0.2088774956186146,D
0.0,0.0,0.0,-0.21458228182320477,-0.22297238063215982,-0.13229952606980502,-0.32345901128792054,-0.5826653387959565,-0.20048043744843738,-0.2703395120729973,-0.8784072788647244,-0.27002475963753514,-0.14050843093891943,-1.0827044816281213,-0.3278042298617539,-0.13459065625264838,-1.04828509423263,-0.048230414891664956,-0.08521405909732258,-1.5135009899049445,-0.1316595510111477,-0.052677711750955016,-1.7643442596491172,-0.1918427989426106,-0.0004660190498297832,-1.9746463303349255,-0.24293334181963516,0.02202896982496054,-0.9987476555363682,-0.044920430196727514,0.03877475156729918,-1.3670228092839931,-0.18839407799288826,-0.022094289752065545,-1.1817670676365122,-0.2456064544816863,-0.06252521753563998,-0.979309358304169,-0.25508471391768595,0.16816018223096713,-0.8927025097934139,-0.06240572800391032,0.2040478632567059,-1.256508516270403,-0.1974674899640184,0.1251104872623281,-1.057941556789653,-0.19753842880958403,0.0744794665606632,-0.8335261676603186,-0.16429782905021542,0.317021135461636,-0.7373678601312739,-0.09500657768084905,0.3184258650767974,-1.024255087070872,-0.19951382983090468,0.23050067782221337,-0.9503125784056043,-0.21128818566958632,0.16563658547732973,-0.798579655476738,-0.1979666079554054,D
0.0,0.0,0.0,-0.22295031586405883,-0.20126313040685417,-0.12794233360409957,-0.3431972312016198,-0.5692286275279201,-0.19189362378066768,-0.2840399115651582,-0.8677809058406701,-0.2566418229177336,-0.13659097490046926,-1.035770019694412,-0.3103908171607853,-0.16056930308685385,-1.0362682660044422,-0.05648858264132124,-0.11257636489915095,-1.509767145216835,-0.1441169732564325,-0.07805260147322317,-1.773783087197492,-0.2042665982861692,-0.022821261593300786,-1.9930513376846155,-0.25495550432995157,0.0001275251911036185,-0.998334730426527,-0.05768665150205523,0.03137371159272318,-1.3913878452836337,-0.20605305109090932,-0.03448029709318541,-1.2115988793809578,-0.2577523922096245,-0.0726121253626195,-1.00381615828864,-0.2587292172121837,0.15127577007546875,-0.8957405345707207,-0.0785627947051354,0.20461398951281065,-1.275916119707595,-0.21808907171118494,0.11859124320855655,-1.0914184208331268,-0.21007366441795947,0.0739599409035231,-0.8760226254448682,-0.16841747093748988,0.30206371139172983,-0.7359532662473388,-0.11399022453587393,0.3193087094878434,-1.0168424075275115,-0.22396526637526534,0.23163424253937961,-0.9366412760036102,-0.2306352155474932,0.176852653474279,-0.7827147780826383,-0.21109952375456273,D
0.0,0.0,0.0,-0.20901830557131515,-0.22630175077018658,-0.13090725898288785,-0.31987129779091766,-0.5654109008747877,-0.20325550590567829,-0.25225335345049327,-0.8394522743830014,-0.27845722314269583,-0.11714023616792421,-1.0298100370770527,-0.34220811238336607,-0.14017974386071033,-1.0523226212830021,-0.06039083628040241,-0.0867454443279085,-1.522724072437003,-0.15062918898473088,-0.05007476311975879,-1.77631407287397,-0.21646655995409605,0.0029220302451847934,-1.99634703088864,-0.27301587324144516,0.0222478805553232,-0.9975420943366932,-0.06644397517578142,0.05086922890226865,-1.3749470499388121,-0.22177609027597983,-0.002169434477117162,-1.166393572493932,-0.2873447990154931,-0.032618515403655436,-0.9536197395255269,-0.30201050341206204,0.17176818594296062,-0.8860724064806449,-0.09207657403048199,0.22042327170862294,-1.238474576509394,-0.23654731243140273,0.14506505198647893,-1.0416060265695752,-0.24065933372794127,0.09355819244054335,-0.8276307370850564,-0.21043177799963578,0.32330357448328834,-0.7179554277292995,-0.13225269911593274,0.35284606314796296,-1.0012245266238247,-0.23617675836820606,0.2624504761203318,-0.9144347284670579,-0.24230534867070164,0.1889707297579945,-0.7588489482753902,-0.22698307454554323,D
0.0,0.0,0.0,-0.20974984835291105,-0.23214524196509714,-0.1530570693353444,-0.3158580113655774,-0.5455612377490817,-0.23481276226375983,-0.2547950413219025,-0.804402308894064,-0.31665608189610833,-0.12641624136027688,-1.0014528375224354,-0.38530286796666985,-0.1630779263438059,-1.0503483635878765,-0.06524735292495885,-0.11946376568829793,-1.532711789680812,-0.1511886679425339,-0.08463429130784432,-1.7865087776969004,-0.2179531834884311,-0.03465509461868847,-1.9995990992817012,-0.2756380043121094,0.005908293852030555,-0.9982053202356951,-0.05959220349098923,0.030097807097287252,-1.368655379703855,-0.21305617868064522,-0.007442066946994895,-1.1804286766958638,-0.28986188016524744,-0.0363143232937604,-0.9760992782121695,-0.31543409125344823,0.1586121969337924,-0.8909526808306825,-0.07570052852375604,0.20989312631347962,-1.248014288529812,-0.21740538554193417,0.15484328765395863,-1.078964816356261,-0.24000503761254055,0.10229312521869828,-0.8728248736927967,-0.22515576219798175,0.30912185046821294,-0.7349296214818959,-0.10822844231422146,0.33863082009340745,-1.0040881036215756,-0.21323931674457317,0.2705440848559098,-0.9502442460399134,-0.23579006647467451,0.20260097703742108,-0.8197313033826972,-0.2339602365572244,D
0.0,0.0,0.0,-0.21264121446156134,-0.22218191126808423,-0.14984147270288836,-0.3221276302121855,-0.5295303959791334,-0.23380926179660735,-0.24271175293835237,-0.7767479645962182,-0.319782484862151,-0.10250205107411929,-0.9549214409878243,-0.3953621558654179,-0.16812123285950395,-1.0458954712639923,-0.07173045564896499,-0.1316689737938768,-1.5239134623517632,-0.16273516558962506,-0.10348870558044204,-1.7765152354428047,-0.23292550789231786,-0.05835241528640249,-1.9942529969388014,-0.2943496123566743,0.0018885183910083848,-0.9973612493640159,-0.07257390554005119,0.0301738989453156,-1.3712528533367185,-0.2319889131383356,-0.008150761285719491,-1.1634177254743154,-0.31283889501454293,-0.03536785008229302,-0.9539305819878667,-0.3419656998575341,0.15608516908066905,-0.8944951592160083,-0.09459220365228631,0.216038445318559,-1.2560886193066343,-0.24123060913188507,0.15278218895598705,-1.0784729390705912,-0.268147492703246,0.09406398272334843,-0.8709496444861096,-0.2573371264126013,0.3104608611242825,-0.741166035713015,-0.13241986864743166,0.3445046460860522,-1.0161213495884616,-0.2398639735133084,0.26891135427528057,-0.9491388607419612,-0.2638176745002619,0.1934634678693825,-0.8075693555613082,-0.264829993936481,D
0.0,0.0,0.0,-0.2150735866439464,-0.21792657840429736,-0.1375567347432613,-0.329441298549415,-0.5086061620605555,-0.2186910251103446,-0.26174038043825854,-0.7160288866016175,-0.3037480076116093,-0.13377395672461395,-0.854486470492214,-0.3788927435101895,-0.19107119817239346,-1.04321036591998,-0.06624013159286614,-0.15863196826619036,-1.5139546925230931,-0.1492173329321305,-0.13239686329916314,-1.7528234517868304,-0.21686594319246197,-0.09479816452765003,-1.968715952732359,-0.27839603584889894,-0.024579779661147775,-0.997134686219353,-0.07154195950658367,0.0011417456203039918,-1.362586943537046,-0.2211690170743934,-0.01512229723478956,-1.1485621298381925,-0.30379569470332274,-0.034942287612254166,-0.9457780899522177,-0.33844186777575574,0.1271677506955954,-0.9004091398122355,-0.09581282909194805,0.17856277109418328,-1.252836988857927,-0.23222208728976346,0.1394675896316347,-1.0649639134837527,-0.26155237183229585,0.0876348085925697,-0.8583155038059799,-0.25619610794551745,0.2791990020944033,-0.7552448296201597,-0.13493300124936713,0.31299748565074,-1.0203260510591756,-0.2345051925736939,0.2540061516930262,-0.9506356549275434,-0.2579162096471101,0.18623044375457817,-0.8163151835475376,-0.26156607329434844,D
0.0,0.0,0.0,-0.221085930104314,-0.2082654889087367,-0.15987080619694846,-0.34779362086321725,-0.49146175819364074,-0.2554128663833482,-0.2834749596608348,-0.7167677102971711,-0.3522134251994926,-0.1431876956394018,-0.880274840928667,-0.4382562790411741,-0.21179169155486902,-1.0365992827915431,-0.08702752145911294,-0.1862786989803992,-1.5153992652306272,-0.18024605406609348,-0.16341275205019917,-1.763057211337948,-0.2547791022416419,-0.12797804014121333,-1.9854876942743596,-0.32139024824959084,-0.03667702127801212,-0.9956560760778107,-0.08557905280796843,-0.022212477840134172,-1.3618497588287057,-0.2470230464940748,-0.040767785655017645,-1.134460638909016,-0.3356847349910515,-0.05548263750416099,-0.925160063168448,-0.3738352461439521,0.12126963793874786,-0.9045684348766718,-0.10518485129582199,0.16144345404408242,-1.2745940248087693,-0.24765095471837276,0.12020309157981779,-1.0890081193273096,-0.277197114234025,0.07087421113731286,-0.8783841917402976,-0.2717010792827423,0.27445188855692737,-0.7661567741828218,-0.14206651978968723,0.2987536893380883,-1.048611692872612,-0.24464050024340306,0.24101622442424964,-0.9906786317685494,-0.27072271363631917,0.17467047543227526,-0.8581095523791813,-0.27620876788165405,D
0.0,0.0,0.0,-0.22215561369905487,-0.20491102548897835,-0.14796577095101698,-0.3427934455596295,-0.4927161305918393,-0.22500028159982052,-0.2784088082411222,-0.7417531415169326,-0.3034835490224836,-0.15383417217194587,-0.9307976934523741,-0.3722355264600135,-0.2440192344997957,-1.0194354165054773,-0.05372780191906457,-0.2345723035003258,-1.4569883189937791,-0.13351152555511864,-0.2245184290867357,-1.6994275685247646,-0.20132977992854476,-0.19687518795943879,-1.909431322287656,-0.2621988632476262,-0.06454686643084348,-0.9965461212963523,-0.05224490561915869,-0.07240781631361408,-1.3793248790552615,-0.20521509638113936,-0.09221808958162343,-1.1935728785496575,-0.2968520801164569,-0.10052008945357906,-0.9899840036702527,-0.33437349603221495,0.09653664853917229,-0.9188686903460933,-0.07069526607886506,0.10686334768172202,-1.3001154323193063,-0.20837920949039135,0.07960852368991585,-1.1561582481982184,-0.25137169395590586,0.05281307125028956,-0.9553512528200856,-0.25348148439463625,0.25319434012828756,-0.7902166737122457,-0.1044861202894611,0.24710158763418322,-1.0846105459873805,-0.20194461410672748,0.20822522967508247,-1.0510997410311522,-0.23363007088972032,0.16850308174427417,-0.9299888797259834,-0.24278110864682348,D
0.0,0.0,0.0,-0.21202252754847345,-0.20359483035735448,-0.1625141408857932,-0.3361998648183249,-0.4919888500661984,-0.245075951882409,-0.2834989132663046,-0.7622487327485793,-0.3269900062277003,-0.1556397344121394,-0.9696900620638639,-0.39754073585503696,-0.2688797136637645,-1.0095528739864377,-0.04521812974892049,-0.27085046663453305,-1.4341028141685668,-0.12302214908399155,-0.2623377125155226,-1.668989285873348,-0.1934690450653928,-0.23664057023658078,-1.8702596548277208,-0.25671902161438404,-0.09161305169944485,-0.9951811418986309,-0.03495058751511593,-0.10018422227459209,-1.371218783015471,-0.18583444354507325,-0.11331123448933039,-1.199660885275596,-0.2851595106055766,-0.12031190110910782,-1.0016223586115598,-0.3285512020664329,0.06796883059331014,-0.9261418778920449,-0.04669460968989706,0.08444098734572761,-1.3055699202515934,-0.18389994007163957,0.06260286183674516,-1.1747963379813728,-0.23786286360946107,0.034246165955883374,-0.9733321034253152,-0.2469863023980169,0.22292361600876875,-0.8051116469541783,-0.07462372399303646,0.21869965687272405,-1.0924577011174912,-0.173901658682766,0.18677955716751818,-1.0720825547682422,-0.21473428006807224,0.14624174630397918,-0.9549293148945308,-0.22987519559600708,D
0.0,0.0,0.0,-0.20887431139242066,-0.21414625848801605,-0.16617479841232602,-0.3194783599628671,-0.5048619158488663,-0.24396689181630174,-0.2706890459077066,-0.7835206298878532,-0.3204948507402039,-0.16610828409462872,-1.0107746388198444,-0.38607838167266956,-0.2518832435662271,-1.0175338676465868,-0.03481313327062414,-0.25209975256955697,-1.4538466448432115,-0.10495522797876253,-0.24715681117278068,-1.6936842576044402,-0.1719015440375032,-0.21913790655462706,-1.8883346502222214,-0.23165007484312672,-0.07666681221250363,-0.9969318890162342,-0.015780005313552045,-0.07252391714733526,-1.3758094469071642,-0.15470582119053425,-0.09258666580713043,-1.2272113677364112,-0.25611195885895066,-0.10313841591281069,-1.0356866863757013,-0.30380018793926666,0.07653986063435374,-0.9299460773473976,-0.01942217175408125,0.09962965026523257,-1.3145091176726489,-0.15026137684768748,0.07129902296013665,-1.1993687498394012,-0.21611496466062186,0.03987505076566595,-0.9959627834048128,-0.23472486013452015,0.22721535783270297,-0.8178179813659935,-0.03888933653172343,0.23297154349742946,-1.102138924332413,-0.13629427773760203,0.20440775265028602,-1.0899192064623278,-0.18706662100776772,0.16842263650322742,-0.9680136393073258,-0.21051318699518595,D
0.0,0.0,0.0,-0.2142709931725364,-0.22151448664014903,-0.15267358299366804,-0.33020917065711086,-0.5131831488287868,-0.22596209524537514,-0.2723494904548436,-0.7875183502751353,-0.2997741848429976,-0.16383782269805622,-1.0096405249697253,-0.36335539930542765,-0.24977213548553234,-1.0192147752616842,-0.02786904120195871,-0.250278593635526,-1.448817515209151,-0.0988437904452146,-0.24251074160798694,-1.689894063628216,-0.1667311819167081,-0.2125926754274628,-1.8871087437846632,-0.2269630329305261,-0.07290127121765018,-0.9971833827953218,-0.01762684690264593,-0.057584692870369394,-1.3824560661721021,-0.15503107469750455,-0.07776493604748008,-1.2382435739432414,-0.2518670168279277,-0.09307287281755196,-1.0479369088820465,-0.2961447224152548,0.08299648516420363,-0.9235259735718918,-0.029183318040180786,0.11821677621790995,-1.2921133144970511,-0.15827192655551672,0.08470350529072113,-1.1824378114668779,-0.21704437335047524,0.045510249115217734,-0.9885893342610592,-0.2312067224633211,0.23457160117505693,-0.801612145447355,-0.055755902730604726,0.25302507204917263,-1.0880603691185378,-0.149264471140135,0.2159159791198042,-1.0579345964572424,-0.1897241234506756,0.1697313783545339,-0.921846112688031,-0.20599540318719273,D
0.0,0.0,0.0,-0.2146061291972967,-0.2411024769119392,-0.1512398134464127,-0.3298914147275411,-0.5491040481050931,-0.2216368657173638,-0.28467963321314177,-0.843403280902466,-0.2938569052286406,-0.17643122107401463,-1.0640106843243684,-0.354884672329851,-0.2249321389663063,-1.0196084140048256,-0.003799260737269399,-0.2240222802008099,-1.4355221717879203,-0.07465477889950067,-0.21739872866315116,-1.6720970764501684,-0.14617733778306624,-0.18547412806478214,-1.8642434001493524,-0.2080826776602484,-0.05587340495716466,-0.9984151906483253,0.006728276239950779,-0.05187785839449385,-1.3771899454123646,-0.13477863389955708,-0.07912650695121963,-1.2534026507721185,-0.2388361104419846,-0.09341685763593277,-1.0664942866977039,-0.2849185906943136,0.09787681765052811,-0.9256702385019104,-0.006167091678094249,0.12616075943605004,-1.279065624150106,-0.134401307530422,0.09137533526130012,-1.1946396640933286,-0.20031843735085014,0.057830488522356484,-1.0054147396381679,-0.21703953966856943,0.2528905630226796,-0.800925358812571,-0.034753880132494024,0.26909791943187167,-1.080904259029125,-0.1247363909221024,0.23269806193313905,-1.0815889476361125,-0.16965611664497113,0.19202303079989175,-0.9629227444133661,-0.18782705779580658,D
0.0,0.0,0.0,-0.22001964650731032,-0.2361671047578885,-0.17587069708038996,-0.33433135626527677,-0.5651532691442713,-0.2591864941022915,-0.2852326035120175,-0.8720662369490758,-0.3422025583785275,-0.18049462686814655,-1.1217624360073313,-0.413874716232993,-0.22457979537869885,-1.0260826000985173,-0.022867653405322402,-0.21634026243531626,-1.4717203747984915,-0.10141619731972161,-0.20971183913203986,-1.7114873026584922,-0.17844626981559877,-0.18087316304516224,-1.9071429560646982,-0.24555925000192136,-0.05252733329910255,-0.9986023654153634,-0.005847652804828042,-0.05157757422113872,-1.380863611903722,-0.15851016712789348,-0.07821931087014779,-1.24699233495638,-0.271900574062993,-0.08875026190313355,-1.0648912602237064,-0.32533866291771496,0.1008845529502605,-0.9250470056194968,-0.015267734281440981,0.1324388687044313,-1.302787883721408,-0.15422849136312367,0.10147970629918089,-1.205312953429636,-0.23048504903402098,0.07150013833559998,-1.0049050859981863,-0.2547319927199623,0.2598072795040917,-0.7998236331562587,-0.0423898535498225,0.2860061474730947,-1.0955247199085032,-0.14418473472627436,0.24877503220384295,-1.0946153628855575,-0.20176990999998715,0.2022850090645982,-0.9716016720467705,-0.22967252097466428,D
0.0,0.0,0.0,-0.2368863292562751,-0.2625160513757054,-0.13577644500709918,-0.35616543561580144,-0.5891412006376332,-0.19949993143320835,-0.2889007879742008,-0.8977502268936268,-0.2695759006241031,-0.15226401216173732,-1.1152986213560143,-0.32810814521596404,-0.24251567797472906,-1.0239875442398765,0.020600856646811064,-0.238023908928143,-1.4743771315128453,-0.042420355000477764,-0.235340741353942,-1.7062281916529516,-0.10878988860510208,-0.20886097654249075,-1.899824571768513,-0.16952625128794893,-0.07200686201071864,-0.9971249076929999,0.023599370364388368,-0.0670706061615973,-1.3881301385193856,-0.10880611620517741,-0.09637178926996917,-1.252487480431489,-0.20955278598801416,-0.11103801449789945,-1.0750691937577228,-0.25889120424771056,0.08019706779702081,-0.9263478946835031,0.0034163044456736024,0.12038817756750753,-1.3094881614459934,-0.11889240306474287,0.08369287986330534,-1.2089808056567113,-0.17853732074039871,0.04870655727919576,-1.0114220556035147,-0.1957521988080214,0.24038735254714105,-0.800266914074697,-0.031816782255276406,0.26629204339889834,-1.0921810160274645,-0.11465441299170781,0.21998816719437272,-1.0966430504396742,-0.1556515574289817,0.16742744952326225,-0.9873713345322632,-0.1755103464562194,D
0.0,0.0,0.0,-0.22534145450619297,-0.24728314859963602,-0.14645956431758728,-0.3429996263761225,-0.5714807403533012,-0.21817222581397303,-0.26772936014097026,-0.8668325082868356,-0.2916933089351026,-0.12915445475328,-1.066246081893039,-0.3536658085057586,-0.25957325329052444,-1.0212956275969105,-0.014852760129243258,-0.26526427253981744,-1.4531697297681545,-0.08573046618072465,-0.2557596108382871,-1.682555376606148,-0.1553535485603514,-0.2351785438118444,-1.881014067377839,-0.21816683380290086,-0.07794264261690849,-0.9969156403327619,-0.009173359352613498,-0.06700933721724225,-1.3573201631723033,-0.14961159044877945,-0.07184293469222128,-1.1889192289209756,-0.2478606755828138,-0.08790369296891506,-1.0014176935364918,-0.29267382682566806,0.08312574546486508,-0.9230843233459175,-0.025382158122719004,0.11986709293823443,-1.3025938639829744,-0.15572267128419223,0.10682968863772757,-1.1781970400776909,-0.2077351326550907,0.07251456211914788,-0.9809552875591729,-0.21747380395659913,0.2393472860785813,-0.7985867994932386,-0.056886326213880775,0.266095783216556,-1.0814529517269063,-0.15685941027370495,0.24305139525470434,-1.0467044032125197,-0.1962938924513199,0.2022667387824064,-0.9163786490711142,-0.20979898470195588,D
0.0,0.0,0.0,-0.2310719042144518,-0.21848748689825007,-0.1700726394724788,-0.34677807673310185,-0.5453314898086128,-0.24041934643990315,-0.2638006064116928,-0.8490507896648093,-0.30454574243173754,-0.1341321975610518,-1.0593575876548968,-0.3546660461777206,-0.27026095418361085,-1.0192182766640585,-0.027231270658232908,-0.2731673376275771,-1.450938271331284,-0.10095650900666042,-0.26042979627315105,-1.6987056016279731,-0.1774503934967097,-0.24377109022726443,-1.9102984928750302,-0.2467019476795863,-0.08460117978304585,-0.9964033896250954,-0.00478806045671926,-0.06967768128488167,-1.3466828035895166,-0.14422155734282432,-0.042198606308783235,-1.1943428199065613,-0.2506565803798869,-0.04814844151054374,-1.01809764656684,-0.3028482769861551,0.08164930511995663,-0.9201517811846031,-0.006581147415863753,0.1274363658313208,-1.3007747302887207,-0.14340186057995122,0.1381719962161075,-1.1663663148024062,-0.20812065519466588,0.11254943870539275,-0.9543918027727065,-0.22444737568923245,0.2477062293455144,-0.8017981981099351,-0.02512862813644552,0.271905476621317,-1.080163427846711,-0.14363503095247787,0.2643450144000204,-1.039467518410133,-0.2007925549847718,0.23400593918376733,-0.9035920854391605,-0.22299074610959502,D
0.0,0.0,0.0,-0.23224601022208816,-0.20846461737017072,-0.190360670144211,-0.3600088937910792,-0.5307843522053701,-0.2789076456363897,-0.2877889575340675,-0.831626971491897,-0.3603896706775329,-0.13486367858425005,-1.0319691767756625,-0.4307572681222226,-0.25443317519818975,-1.0193600101751472,-0.06064513185347963,-0.25781711257956685,-1.4710663290700998,-0.14297979513390263,-0.2548749636814143,-1.7310999025900105,-0.22150745367503422,-0.2379354278705855,-1.9477473809813233,-0.29186967537490593,-0.06773558767065248,-0.997063676227357,-0.03571996235859676,-0.05228983225204724,-1.3610231033851061,-0.18823649908867965,-0.04280295839001911,-1.1940854004741703,-0.30143017438536795,-0.04969654287774803,-0.9984943010161245,-0.35702674757135344,0.09899971656825457,-0.9166368196716963,-0.035391602560939706,0.1511848909631458,-1.287953573891124,-0.180745699425768,0.1456488512087564,-1.1546227720250468,-0.2571959521320227,0.11520243700542772,-0.9366815059857884,-0.28157882692161823,0.2656547229684816,-0.786362749012899,-0.05269784499249141,0.29790648520775115,-1.0737087150998668,-0.16923737634537758,0.2781011887048549,-1.044353689872455,-0.2308646705868716,0.2347439647092654,-0.909717672201616,-0.25945983616389034,D
0.0,0.0,0.0,-0.23401681766720456,-0.2206968967140364,-0.18844474189230248,-0.35982770538390985,-0.5439009744340833,-0.279206892387428,-0.2825478406505872,-0.852509052814579,-0.36591518775068427,-0.12848436388975742,-1.0755305953477887,-0.4425949812204893,-0.28855151953026925,-1.0088562412204025,-0.056897364404529534,-0.30644865238029384,-1.4559170447767522,-0.13744724025480023,-0.29892833268481067,-1.7005642895037416,-0.21822359350784365,-0.280631350075408,-1.9228786793467754,-0.29396065885663,-0.0896348663487633,-0.9952251612185788,-0.03863248907452336,-0.07925864644312304,-1.3670468762615768,-0.1990844940832524,-0.062214012264057254,-1.1583140301371204,-0.320036728916588,-0.06921316279987634,-0.9485225313485539,-0.38154047393373824,0.08263185969508671,-0.9320895367865782,-0.043308507039342754,0.1189303869611171,-1.3321525691445788,-0.1903696306472386,0.12854012928646594,-1.1774679607842404,-0.25967747226393356,0.09970319007470443,-0.9510462121740645,-0.28110400967817883,0.2460375235268447,-0.8171950221000143,-0.06606285136329751,0.2750257412084005,-1.1281894441854032,-0.18190458061569525,0.26921219860153844,-1.085875966310569,-0.23526637378409332,0.22600706762826903,-0.9393188678960452,-0.2595090451930902,D
0.0,0.0,0.0,-0.2205055361804659,-0.22427669815361817,-0.1986107096950364,-0.3383556040087587,-0.5361020491088345,-0.28994933003296125,-0.2734738248304126,-0.8486601150520158,-0.3758873177528566,-0.1373605625259792,-1.0832693063679082,-0.45140853826411087,-0.29878929022742573,-1.0110588994660485,-0.03738431729167323,-0.3090567582596668,-1.4377809950709592,-0.11883357595006142,-0.30359376063056004,-1.6775939702021443,-0.20813016705531606,-0.28418848841601824,-1.8899360446601021,-0.29117257834561405,-0.09776498743613131,-0.9951061660874964,-0.014343132372577897,-0.08590381258053133,-1.361298141557146,-0.17842556080020736,-0.0677990429666534,-1.1753079443982983,-0.3178438915960125,-0.06886013486128595,-0.9821649829357996,-0.3935974661088456,0.07553614673428462,-0.9334765301171284,-0.017189988446402165,0.11653035325739189,-1.314069207338947,-0.1714511722509882,0.12578934063657266,-1.1805495610165193,-0.26802738208260357,0.10337813400186016,-0.9546546238313933,-0.3086321398013473,0.24719539637136242,-0.8223612923476371,-0.038475226995400895,0.26620224188006447,-1.1058262284076497,-0.1627069917819679,0.2601034758204968,-1.0590882339212013,-0.23669967838428285,0.23007841759644326,-0.9070089376434363,-0.27701882430318475,D
0.0,0.0,0.0,-0.2267722581960232,-0.22022490097808756,-0.19555521298104164,-0.3456474958917499,-0.5393825502623846,-0.2906353526667582,-0.28338561854155364,-0.854464652915238,-0.38289769991962913,-0.1452893766207867,-1.0797477922747132,-0.4656170900365769,-0.30003829242565677,-1.0109059822894562,-0.04557026812846756,-0.3253499947804144,-1.453350726920318,-0.12688336825087768,-0.3252450295474553,-1.699593130957543,-0.21079204386561393,-0.3095620775712926,-1.9076496055181993,-0.28854015763774743,-0.10271873567431783,-0.994315442997277,-0.02802964785005944,-0.09910226112495364,-1.3887577466881567,-0.19681166642513634,-0.07938206879489275,-1.2079706665642136,-0.33274629943116785,-0.07838731207564312,-0.9967456294396646,-0.4032997515306038,0.07229510582476258,-0.9316928230648422,-0.035111443148766325,0.10386671750374903,-1.33020433927828,-0.19346989614564983,0.10858140588415867,-1.1979398510835082,-0.28568984634232014,0.08381292877238732,-0.9702714672923091,-0.32141099684731994,0.2478940983351663,-0.8169676331860214,-0.06006316169474565,0.26919269027463694,-1.1187770631057454,-0.18215606543686302,0.2576160506016472,-1.0831917377630067,-0.2497011174399388,0.21849176813733306,-0.9376595536349441,-0.2858542692521385,D
0.0,0.0,0.0,-0.23514323823265693,-0.22961730183461343,-0.18440563310576763,-0.3579735354440475,-0.56514773509762,-0.2646778373149299,-0.2991836038425114,-0.9051689472486367,-0.34411849422006685,-0.15797708738697885,-1.1369827735767382,-0.4144410787673325,-0.31623867071285766,-0.9963545423331529,0.004446566811940639,-0.3438308795815129,-1.4240988331363416,-0.0593648760838081,-0.34237872117473583,-1.6614634780152038,-0.14002586861331803,-0.32785144119248716,-1.8675881304800632,-0.2178974790772451,-0.12105407124934382,-0.9923826912325356,0.022858389620189382,-0.12200648810696788,-1.3735162646193515,-0.12910367155439695,-0.10553690128790895,-1.2084660505912703,-0.27150759476804665,-0.10918858203789907,-1.004185825169701,-0.34888728619694676,0.05049098420789218,-0.9451581640849746,0.01668092562307022,0.07612140021652485,-1.3427494827844357,-0.12707808070491475,0.08466557171767157,-1.2290884087418488,-0.22914621691745893,0.0638023363416916,-0.9994801004564102,-0.27414989951563823,0.22311046900655865,-0.8416873808275173,-0.006757503652888606,0.24226343111444126,-1.1367309541998405,-0.12087175420694739,0.2369617338758258,-1.1004323901599173,-0.19207872315964097,0.20359506686692674,-0.9386618237309572,-0.23166514141230707,D
0.0,0.0,0.0,-0.23824295701024634,-0.26283893274708203,-0.14981800211149038,-0.360720654602418,-0.6055918129584246,-0.21006083693196526,-0.29554550128778373,-0.9402505942903308,-0.27785436393299484,-0.14629345179661668,-1.158047270229597,-0.33869314301967507,-0.29398711996355614,-0.9912000323188436,0.07235819734017511,-0.3259223030028116,-1.3641526990919612,0.02586942704156753,-0.32407380532924285,-1.576092411919731,-0.04635977368725318,-0.30145886773014197,-1.7604563448418482,-0.11676464696881761,-0.10733421322529173,-0.9909579250709669,0.08050936225279419,-0.10413557002341843,-1.3523205173214956,-0.05110618116992244,-0.09026594678435639,-1.2174876921941324,-0.19283169950264842,-0.08388014722083752,-1.018730453932315,-0.2692417004875088,0.05794433465846576,-0.948106709402998,0.0648148639166413,0.08431311273711319,-1.3186393345676264,-0.05624644552773949,0.08999438609999845,-1.2420462620666368,-0.16301622506176142,0.07417730164079035,-1.0344886315185604,-0.2119790656164036,0.21961689831381304,-0.846214607636363,0.034322057080771996,0.24574091833530054,-1.1245118819863105,-0.04986989158201608,0.2369785209821025,-1.133557621398459,-0.11461231868954605,0.20092957646949855,-1.006047509649086,-0.1523547253494401,D
0.0,0.0,0.0,-0.242278634008309,-0.269687329968934,-0.1376808207013316,-0.34800108620581716,-0.6165906154502429,-0.18675800499624537,-0.26048504009480694,-0.9479032709493479,-0.24670232316701318,-0.11653134350249968,-1.179163071613635,-0.30022788142733603,-0.26749318140600076,-1.0019872459757704,0.10879418418124577,-0.2915529749447206,-1.373821766068536,0.07499213111528777,-0.2911580805072916,-1.577671999040548,0.008934664784019799,-0.26411115318139733,-1.7565430521603558,-0.05702682366557483,-0.08291475588533832,-0.9898515790995494,0.11540794864567772,-0.0717525226848989,-1.3600425944549357,-0.0017601902868440665,-0.06185604384019214,-1.2406903273331862,-0.13887970597508242,-0.050901863926874985,-1.04960791197222,-0.21335186795815225,0.07619050851481278,-0.9396991138144178,0.09760111347368924,0.11310253234601544,-1.3114133349394899,-0.014109744695865366,0.10490651137315155,-1.233706594508191,-0.11854064472912502,0.08517515605366806,-1.027954097787372,-0.1659698385008775,0.2365998834632945,-0.8328797326240513,0.06539369822975395,0.2672101591969825,-1.1194278055891715,-0.011700152422928534,0.24675613833968743,-1.1328062712210099,-0.07253967429936532,0.2046151774948463,-1.006970935818555,-0.10743067910553074,D
0.0,0.0,0.0,-0.23572817029956053,-0.2550381843512308,-0.16162364435946577,-0.3455529332214463,-0.600240197033971,-0.22434580293295725,-0.28249245554066804,-0.9327820545605869,-0.29028363707702226,-0.1354743811626771,-1.1547311905633917,-0.3477457733314062,-0.25487466789275753,-0.9994197035998613,0.053054372403381136,-0.2662804385300548,-1.3605421052442332,0.0026755863959734387,-0.26080676062971825,-1.5702361803432532,-0.07409945599635556,-0.2340864650564889,-1.7364918949665118,-0.14679101309077122,-0.06806578756875745,-0.9954705678453947,0.06637316563350096,-0.06044876436839828,-1.3832300849515118,-0.0628493903519339,-0.07760178305046901,-1.3137783887560248,-0.21101231543848495,-0.09496836844612831,-1.130868025178477,-0.29541181536472155,0.09295811132448041,-0.947390472772364,0.055113742226537324,0.13457916409959214,-1.3127084223647105,-0.06369465047092607,0.11729561662719232,-1.3000013450944157,-0.18954887849636218,0.0793825483773553,-1.1140279627791017,-0.25532763956397764,0.2529591081287994,-0.8358694043290991,0.02847269215001019,0.280822597029094,-1.1078208780154564,-0.057470703072500705,0.2607373727760357,-1.1605741312834281,-0.13841796621260244,0.2133292592532178,-1.0524246300256572,-0.19034331965514895,D
0.0,0.0,0.0,-0.24163454186664488,-0.2580415516911324,-0.16273042903727367,-0.34150908457649637,-0.6185503495077583,-0.2178493978050506,-0.2576165891910689,-0.9630206304067314,-0.2774495241084553,-0.10011223359971752,-1.1778664005998785,-0.32938671220520555,-0.22979292578860278,-0.9988822794290436,0.08246091390326117,-0.2401015076545512,-1.3592892303007391,0.049705218556731205,-0.23908044521372054,-1.5859499663812462,-0.015921556882936286,-0.21336517203190872,-1.7646652807639054,-0.08377188332922603,-0.04540385783729861,-0.9938749246825321,0.10075278547405815,-0.02801554477537616,-1.3939275635432073,-0.007379532650362483,-0.0556213968896741,-1.357788032262379,-0.1517914981341547,-0.07955470867291434,-1.1769929946209343,-0.23649529375010603,0.1121883713557608,-0.9423766724290679,0.09299094444826814,0.16323169765152992,-1.307610621081146,-0.011235114098932993,0.14241948333485813,-1.3254087708592315,-0.14504901789850655,0.10201606560000225,-1.1483790450234348,-0.21848487880461598,0.2735436074731118,-0.8251331200386527,0.06951924818072193,0.31345983091128465,-1.1054563919661682,-0.00982013077794543,0.2887131841194482,-1.1826752474395807,-0.09906329456350439,0.22701352698310237,-1.081458111339698,-0.15861176811557723,D
0.0,0.0,0.0,-0.24313545735132006,-0.261315688013512,-0.14593796809651607,-0.3428609990979289,-0.6212221159124397,-0.1952435759255803,-0.2571246744317388,-0.9528707087450783,-0.24994423268383192,-0.10557266119984768,-1.1585723654712534,-0.2948434965158468,-0.22740921809281148,-0.9984666246202962,0.07686214827229235,-0.2332636679431661,-1.3691058816501316,0.04061926845597166,-0.23185454006683226,-1.592437989254815,-0.022261234831434124,-0.20469062580089842,-1.765652735655596,-0.08465539886932955,-0.04902513203365099,-0.994730377598052,0.0900445018461411,-0.02362981704107494,-1.3815049664331267,-0.016384292688366824,-0.054471335152326654,-1.3548065323840452,-0.1462373073296996,-0.08176324942943608,-1.1836707993806403,-0.21825138410177544,0.10527437042490546,-0.9466553778059467,0.07839955809815238,0.15969523861247345,-1.3081888719262273,-0.017553319222151705,0.12949682187895634,-1.3428065313363342,-0.1334168921134426,0.08265163717219877,-1.1864325264940114,-0.19452614855016692,0.26263826081620956,-0.8335696234391233,0.05149210640967617,0.3082702648003051,-1.1040158849370434,-0.018207160688929736,0.27771012116295923,-1.1966890207815686,-0.09523772578445389,0.20981316369307723,-1.1153778594973307,-0.14506942176517734,D
0.0,0.0,0.0,-0.23853259294008897,-0.27699625898912633,-0.15450163692827615,-0.33830074047540754,-0.6352950796188371,-0.20153038360324452,-0.2513542768293279,-0.9756451501212817,-0.252209040402685,-0.11519257755220212,-1.220324901771274,-0.2941874841144725,-0.2302352311632782,-1.0001999758651143,0.08852107932320669,-0.23980902486767958,-1.369427725267815,0.051155161012916756,-0.2377175720327846,-1.6000229401640373,-0.02045547427071904,-0.20809997275765516,-1.7817924168400314,-0.09037350705636492,-0.05240243571772,-0.992732876801083,0.10833014376938747,-0.023641425910281094,-1.3870902065758888,0.0028326516223462594,-0.046750220000147696,-1.3880721945340775,-0.14411029356248023,-0.06929091043140363,-1.2397618063603644,-0.2336932604712847,0.10018383313918004,-0.9419424698551377,0.10120893842835249,0.15913747397375674,-1.3094016155752757,-0.000528122846004145,0.12823651467763902,-1.3671400688278974,-0.14045712723411122,0.07297582474776758,-1.222128145920825,-0.2202438913202149,0.25773283385871415,-0.8315917982167139,0.07912801359520083,0.3017204073355986,-1.11212360182855,0.0007452376493992068,0.26788221356259573,-1.2138605749456244,-0.0933879724544008,0.19245522937072504,-1.1387648921800313,-0.15766032791061846,D
0.0,0.0,0.0,-0.23066483228840862,-0.2622182605090128,-0.14055537826648537,-0.33751701397619743,-0.6096717769479169,-0.19289612185365398,-0.27334792889089465,-0.9367539084581308,-0.25010157733994065,-0.14468514339248423,-1.1521410886044885,-0.2977204977392482,-0.2485077638780873,-0.9945788097797712,0.05591235874216726,-0.25609066882121356,-1.3381280767403496,0.002419354613835461,-0.25326542432535204,-1.5503644423120768,-0.06997674733700697,-0.22479202271503768,-1.7231910067653473,-0.13751412136498897,-0.07030104134893811,-0.9956469033226452,0.06119646631368573,-0.04373250430506202,-1.3958982844710448,-0.062178857197988505,-0.06551719344665718,-1.3402313931143324,-0.19061314180717073,-0.08127140271280477,-1.1635811874427082,-0.2599738387020606,0.08505849060853185,-0.9475271819444017,0.04242000991970261,0.13381162105497954,-1.31247637340803,-0.06908627583399135,0.10328141308193507,-1.3266987529487253,-0.1760372145746326,0.05871363807625241,-1.177688314902733,-0.2293640795147547,0.24008631480246337,-0.8372181198014805,0.009168408995121703,0.27535263312958214,-1.1146980744721438,-0.06690132825257522,0.23447537977925437,-1.1982176429194895,-0.13514705503716468,0.16371278453565588,-1.1267707640205982,-0.17906345119756825,D
0.0,0.0,0.0,-0.23894134985699306,-0.26481096775662544,-0.14299367127836277,-0.3511074862300579,-0.6185750905411062,-0.19725924010680837,-0.2856519906534569,-0.95498664186541,-0.257318526846768,-0.15898316113536376,-1.1953235069603128,-0.30772087641967416,-0.2634778016024899,-0.9976837792216865,0.06811687142718333,-0.26563079760979486,-1.3476097301147358,0.01772428073152284,-0.2564117516590758,-1.541095365982375,-0.05539318753445495,-0.2196917772237549,-1.7098681412497783,-0.12428946796618315,-0.08356231588822359,-0.9937093281233879,0.07455944315753475,-0.04148166688079893,-1.3855682024409237,-0.046835552750439303,-0.05722487786541274,-1.3151810694000046,-0.17920843970630904,-0.07309763489449912,-1.1473495902353696,-0.2519732375507359,0.06887755803204465,-0.9468257797166301,0.0561988289141263,0.12127314250153735,-1.3253322543526351,-0.05625872293560436,0.0900786704537406,-1.303426179828222,-0.16216845531030263,0.04319808463843645,-1.1369620712826876,-0.21384283392280118,0.22335731083138816,-0.8406253598884499,0.023292521867346875,0.2576956310644827,-1.1258853458272917,-0.05323156887105839,0.22294901186377816,-1.18472645199391,-0.11914566013835723,0.16311005103027662,-1.1008338071586061,-0.1611178294831515,D
0.0,0.0,0.0,-0.24179123911980843,-0.28403879583964275,-0.13544447290640638,-0.34750085126871955,-0.6504494629007028,-0.1840682018377287,-0.2610884776805442,-0.9910892086013017,-0.23858659921158024,-0.13082646460785394,-1.2328669361797213,-0.2833932315300016,-0.24278282081030608,-1.002418636055871,0.06152195621860325,-0.23614534503945828,-1.3507559620348588,0.005312867447653793,-0.22393008438668996,-1.5422768220530116,-0.06689397357539668,-0.182631093021503,-1.7106510329433136,-0.13314142722985134,-0.05948138988846946,-0.9960267118688353,0.06627785075492433,-0.004753029365714072,-1.3988911039784584,-0.056297426602411285,-0.036320953473486794,-1.3263451565499202,-0.1758274713827942,-0.06594597307868821,-1.1601596774917444,-0.23912985279277926,0.09491664803662855,-0.9465690933435819,0.046410305370521224,0.1631389022207278,-1.335180601635272,-0.0680008643801132,0.11686600914998008,-1.3126718902829955,-0.159632458597191,0.05894561591053929,-1.148617512196736,-0.2006919820190127,0.248121809879109,-0.8355080835674494,0.012149651918135041,0.2907212181665393,-1.125945421491951,-0.06458873485848228,0.2472085399795183,-1.2009460575213822,-0.12459462761765192,0.17669180547099445,-1.1377216949224525,-0.1620746180009029,D
0.0,0.0,0.0,-0.24190048075421056,-0.28360462161087097,-0.13458789236493268,-0.3539019676774366,-0.6413239923714925,-0.1777071384666489,-0.27281233576665403,-0.9806234054286119,-0.22617503118405252,-0.14216780684531488,-1.2224388232906584,-0.2653599213007465,-0.22384409831560356,-0.9990002828931792,0.09046114068293004,-0.21764987338749717,-1.3086470461383106,0.04575113274886143,-0.19788208043783323,-1.498656693104567,-0.027274161833397814,-0.15980491154448062,-1.6534623761576341,-0.09544802041193447,-0.049506603239521475,-0.993872225279601,0.09882861960717,-0.010782407572868842,-1.3811421703816136,-0.00812726368486958,-0.029922381499076257,-1.36039519378457,-0.136581330952933,-0.05390133640371711,-1.2077326840193994,-0.2107447597436932,0.09659165801662872,-0.9423306981423725,0.08077649031317123,0.15834923850276872,-1.2958586634907132,-0.021739999652564474,0.12443329141479992,-1.3227051982487774,-0.13353646528343183,0.07066887882782441,-1.1778794504197598,-0.19236553275972537,0.24717959360048677,-0.8263578717407871,0.048370538184440495,0.28310741528635036,-1.102057818299987,-0.02488161149956987,0.24441806796584237,-1.1894914955876552,-0.09711822858459943,0.17659714964695816,-1.1216768883865769,-0.1446651096970066,D
0.0,0.0,0.0,-0.23374449409293477,-0.2965247839750395,-0.13337794030060524,-0.34680341011912214,-0.6446175996851221,-0.17643168313165847,-0.2736753809592866,-0.9843624562626239,-0.22728974990768055,-0.1479348523843099,-1.2370691586889488,-0.2691362963114177,-0.22029284262705343,-1.0001456599602747,0.11271778517142637,-0.2182216563908326,-1.3106936171932075,0.06905370713951381,-0.19504976544561672,-1.4963838599713615,-0.006961627696763517,-0.14865683213494507,-1.648307896235032,-0.07587664095075747,-0.0510609529162346,-0.9912896662868254,0.12139842091329064,-0.004126534792586553,-1.36417773512727,0.02005719493906606,-0.010204654032143467,-1.3775881540128387,-0.1145576822928559,-0.02217520936812873,-1.2538570993353373,-0.1952938307786366,0.09190032186668755,-0.9405962567686069,0.10146487470387458,0.1576829443351137,-1.2830673787887494,0.0020015143128296387,0.12874886855710524,-1.3227469107532632,-0.11954317228706568,0.07572841235397275,-1.1787675189127604,-0.1848367807902681,0.23888819022104174,-0.8362614447715585,0.06699951056955995,0.2777533104585248,-1.1062418677143095,-0.0034953451162457625,0.246362482858858,-1.1944546042774977,-0.07980004213938374,0.18273269259694008,-1.1202423767062033,-0.130143213655462,D
0.0,0.0,0.0,-0.24694144389445713,-0.3048198335022009,-0.11205807541730389,-0.3571368383884982,-0.663830166475578,-0.15002173056186904,-0.2725393340134159,-0.9968115177841538,-0.19636688515770637,-0.15742408308812209,-1.2492671224062464,-0.23409866635020357,-0.21435661200111192,-1.0071519154465394,0.09407617646840503,-0.20023829483384079,-1.320100765731347,0.04830305183999813,-0.17746307395899288,-1.4936090373314426,-0.020464617269381705,-0.13569966511649711,-1.63659417718905,-0.08119565067103603,-0.04269159506003382,-0.9944349910078897,0.09631446604933554,0.007289617196707718,-1.3635588531587646,0.0029739542222955665,-0.01612078020308442,-1.3663178666685278,-0.10335057334062728,-0.04812428749425242,-1.2531223677489511,-0.16466665739696756,0.09879314738017271,-0.9393055349346219,0.07272209402719321,0.17207622470005288,-1.3026524665911292,-0.021313783988869215,0.13015595487226653,-1.3299081674401922,-0.10987472515373475,0.06764436676061443,-1.2006175715422356,-0.1536256496714296,0.2456462361109839,-0.823618487055025,0.03637560176718238,0.2886816549856071,-1.1002160467354216,-0.028646169882091774,0.25033963830290873,-1.1945929222031397,-0.08531758385305928,0.1812664005248763,-1.1547775721462772,-0.12110166872478796,D
0.0,0.0,0.0,-0.2367962073845759,-0.30759553061999495,-0.1219088881920919,-0.35020670894366573,-0.6654344107637352,-0.16612616644246522,-0.27758514977655313,-1.0053215798886947,-0.21783450029963553,-0.1491213948686902,-1.2540099682267023,-0.2609069684523588,-0.20071881694246863,-1.0058900244207463,0.09445977010667801,-0.1892582327633724,-1.3167402601124147,0.04759457258179697,-0.1672451351537496,-1.4853686934000823,-0.02340187184966681,-0.12154490957037753,-1.6235147041861129,-0.08553292239803441,-0.030898506169834326,-0.9944154507441507,0.1009118111906635,0.021996199404722607,-1.368235600407411,0.005399536360177815,-0.006628251617152977,-1.3839830652558534,-0.10435541038120959,-0.043268269176510124,-1.2698759975291982,-0.1671205461576613,0.10900145517890819,-0.942146532790405,0.07997383589721214,0.1770840457019346,-1.2997647667013095,-0.013347231087143802,0.1235940246793373,-1.3411020696932847,-0.10517374404371621,0.0512417287116175,-1.2200188135403847,-0.1506741085325544,0.2523757982630263,-0.830849968962351,0.04517857943817063,0.29351517064186766,-1.1158958147122047,-0.016477275105992624,0.25210764314264333,-1.2090581115046057,-0.07241044911115001,0.1795578320914183,-1.1627394393238628,-0.10791164279657041,D
0.0,0.0,0.0,-0.2402219740998431,-0.3287283606408378,-0.1273840101947103,-0.3366858628017874,-0.7043932261245653,-0.16967786331679074,-0.24860400183340506,-1.046535100441381,-0.2207539422019442,-0.1171106650189716,-1.3164997402049512,-0.26230836081897385,-0.1766161986715895,-1.0035939513297853,0.10690706802492944,-0.15827663858589824,-1.3150954018619123,0.059942512564887585,-0.14453186212607627,-1.4723660753523438,-0.011443239037799431,-0.1038100629685648,-1.6043961575045098,-0.07308090390539022,-0.016229108966563443,-0.9930940003842269,0.11619346979501345,0.04095592473406301,-1.3820353911746732,0.016661097835331717,0.005664953371170535,-1.3786831889184452,-0.09382873508951287,-0.028687578476253483,-1.2514410578300126,-0.1553711059092932,0.11855803708205036,-0.9423577979455301,0.09580092624888915,0.19340543785912262,-1.3259643911719288,-0.006252872207500638,0.12336868116857001,-1.3349118072658865,-0.1007455753533879,0.04724189204587383,-1.188910571914396,-0.1437996966283439,0.2623902899202752,-0.8376452722049386,0.06100868681608545,0.31892580502968826,-1.142953187981482,-0.005886440211084614,0.25401960869810636,-1.2293906350303971,-0.06489921301361376,0.15947355716578648,-1.166710430513227,-0.10161674008827146,D
0.0,0.0,0.0,-0.24596215667574045,-0.29378183216084475,-0.12858264628754473,-0.3574760562958551,-0.6368749763134515,-0.17269326416169176,-0.29101518002066656,-0.9658733497757338,-0.22344562660703707,-0.1623692873920058,-1.196048951451556,-0.264534697318825,-0.21392752615911928,-1.0014079586076265,0.0864511666516767,-0.20857707295798872,-1.326611897624803,0.038058841773864586,-0.18775236671282491,-1.5156668723637343,-0.03221088502778639,-0.14286242676288397,-1.6643619328200767,-0.09512277774878783,-0.04019346763577123,-0.9949672627103912,0.09178579026191143,0.014256893156214461,-1.3705075505125572,-0.018590755397269808,-0.024998433131636865,-1.3497440691783054,-0.13766366646785794,-0.06492997895121974,-1.1986751706682748,-0.20083426146359318,0.10474703693290897,-0.9452660880572169,0.07067603555434807,0.17300869433218494,-1.2933158417575765,-0.033462094071963856,0.1176476473092802,-1.3147657010168503,-0.13217594626144707,0.05560567211538252,-1.166938977273453,-0.1780769552138415,0.24959556685963627,-0.8330896964638711,0.03548884763386024,0.2834337240120449,-1.1072268433082497,-0.03506335800283349,0.2391884302092845,-1.1903927855226206,-0.09723702767123273,0.17624482897307808,-1.1194659226404848,-0.13431817466406068,D
0.0,0.0,0.0,-0.24052731571424144,-0.2674580234387596,-0.12065840107692252,-0.3703160213220481,-0.5895160941920892,-0.16794085406168566,-0.3188592049934708,-0.901498386428434,-0.2214611387428404,-0.20493737640732718,-1.1266955134564074,-0.2653754143722776,-0.24483874321398327,-1.0068044480992644,0.06266558034288754,-0.23781458553852447,-1.3656927391518963,0.016133870820312483,-0.23450190921962732,-1.5668183311247783,-0.04754638845312021,-0.2044168703018307,-1.730286001799664,-0.10631377371675756,-0.08286853062317888,-0.9943937476665905,0.06568014337643034,-0.035394950123508837,-1.3768678394024834,-0.041190073745978814,-0.08383331249498041,-1.3178051075467234,-0.14248182653023267,-0.1205782083093632,-1.158106425326386,-0.19325790258639466,0.056047220122272264,-0.9376167223496382,0.045088677939338836,0.10750885099858794,-1.2902388795207358,-0.051786078355700836,0.04848035592674544,-1.2667900259731448,-0.12574483702511044,-0.0011750171230452227,-1.108384718507755,-0.1563329961815704,0.19935196608102845,-0.8229791309997184,0.010370854042970282,0.21861416915776455,-1.0961201930939166,-0.05216166323083538,0.16092197855820384,-1.14659765017004,-0.09869090696941248,0.10117531344871591,-1.0631726380707638,-0.1258088721817492,D
0.0,0.0,0.0,-0.2394458444096638,-0.2091461551415299,-0.13344173777919827,-0.377557170128441,-0.5231446228412793,-0.20366065532553723,-0.34882601607409974,-0.8007713868604196,-0.27787358996210265,-0.23244285771414244,-0.9899683991748764,-0.3413141313418518,-0.2393766735092182,-1.0108143540657184,-0.02956299368513004,-0.22650209792013584,-1.4208475454406568,-0.1069792085363203,-0.22904412851151096,-1.6513247022380384,-0.17020867590556532,-0.2014466401575053,-1.8354848540046802,-0.22474078844158124,-0.07167182537890522,-0.9969217755934389,-0.03178242902109077,-0.06014863373418387,-1.3937621768885158,-0.17477742805436083,-0.12316417450199958,-1.2514565148683343,-0.2524594853329712,-0.15309164494929312,-1.0484329766217777,-0.27777589315240564,0.08214356263939433,-0.9281630656775616,-0.05542149787333256,0.10349951117737388,-1.3186974337965656,-0.18676396196792244,0.031350009703178486,-1.21702542347871,-0.22392374261597991,-0.010714969361236287,-1.0276105511765792,-0.22055991778678025,0.24014350664735468,-0.8060140591857899,-0.09313620490508769,0.24362019485663589,-1.1100975586761777,-0.182236120579662,0.1697266795318617,-1.1147328594679224,-0.20995416190667782,0.10985302847567871,-1.005533977929859,-0.2162151383204982,D
0.0,0.0,0.0,-0.2503078481246881,-0.21013264204632043,-0.12987319498073777,-0.4032632669041118,-0.5270597607922399,-0.20198583407543438,-0.41633334694785173,-0.8142547234393731,-0.2814101254896526,-0.3140595037336438,-1.0307142098004907,-0.35030731173736773,-0.2619758533646646,-1.0007955967194766,-0.025737984849914856,-0.2523364067169385,-1.433207429793649,-0.1089269123101752,-0.25208896458715885,-1.6661544988211239,-0.17573510193364628,-0.21898015716076583,-1.8631545437525896,-0.23321573725192454,-0.10349121180552966,-0.9941196197298193,-0.031870844784262796,-0.12002839961582874,-1.4021106945440198,-0.18364489745574117,-0.19530916606172424,-1.245789420850671,-0.26320188263000344,-0.22311197385614354,-1.043774077020478,-0.2895219160758277,0.04820336093288224,-0.936337943194245,-0.06022917775892123,0.0581471497284388,-1.343701367040101,-0.19898694780356593,-0.03432354986303546,-1.2261427200026394,-0.23406626486148638,-0.08485455922664,-1.0254022283717474,-0.22786297747691167,0.21015219230893276,-0.8238591546913757,-0.10294372039606381,0.20499588349367714,-1.1279690337301758,-0.1997562105155527,0.10758305259078964,-1.1293776739206374,-0.23094754204519116,0.03049432454570202,-1.014252159193515,-0.2385452628529,D
0.0,0.0,0.0,-0.241396370208492,-0.23332320498289436,-0.1363549031038915,-0.3973680006033446,-0.5459436238181387,-0.2180459541384806,-0.426352942928109,-0.8387704625084984,-0.30884894080088504,-0.3065038785658034,-1.0495189495981516,-0.3894247060895319,-0.23237784958036137,-1.013222516682616,-0.016321804371923293,-0.2170347929171256,-1.4501912998336222,-0.10330728714818818,-0.21761307973602864,-1.6817957567078519,-0.1743262512176162,-0.17871523499077752,-1.8735812551943096,-0.23385176476134642,-0.07910020377853426,-0.9966670790669842,-0.019947211992663503,-0.08410967926143287,-1.4052593807457392,-0.17433242151453773,-0.17142395807300773,-1.2553388158969108,-0.25731463922156295,-0.20202511538251783,-1.0610937674814735,-0.2840528977063984,0.06828325215686477,-0.9342104913906523,-0.047768092099678465,0.08523871543167212,-1.3305492059057415,-0.18484840179853218,-0.015355653589888673,-1.2205956133328566,-0.21922481042125264,-0.0674041038572052,-1.0279155133402056,-0.2104572213044273,0.225614471774883,-0.8155875767145263,-0.09095934204628743,0.22725412290223876,-1.117861963918672,-0.17720290955659515,0.13188484187558905,-1.123116932995411,-0.20253443189074866,0.05768162009542515,-1.0143982786621841,-0.20635794701014656,D
0.0,0.0,0.0,-0.24006394553284133,-0.24182606371989332,-0.10946898268215181,-0.39820835146564737,-0.5385887874496322,-0.1820139511205647,-0.42143995727951045,-0.8118349102387258,-0.2695191301106775,-0.3167976487306061,-1.0191594232382672,-0.34775650216862003,-0.23339154433572376,-1.0214460660954572,0.004665522940768545,-0.21288714724017746,-1.4638537917520815,-0.07709713321741359,-0.2208000471033097,-1.6929109988869608,-0.13822688113711892,-0.18133156296542785,-1.8814833554710653,-0.18833457507594678,-0.08524317542873339,-0.9962925588940016,-0.011607675704834732,-0.09045414137072523,-1.4052329669101364,-0.15737273064866028,-0.1959403957333936,-1.2492825295782068,-0.2255834526721381,-0.22801251551825427,-1.0496531755166973,-0.24033476484631316,0.06186340701073271,-0.9315433220240519,-0.05096553948176282,0.06980898980124824,-1.3353501863217294,-0.18555274955453613,-0.04832483117147842,-1.2080169202066091,-0.2028300525574382,-0.09869663039933609,-1.0061645460532158,-0.17976215189540162,0.21947094138972256,-0.8153754154477939,-0.103515551415921,0.2028122354162768,-1.135606224128196,-0.18746032492562564,0.09392085579263462,-1.110995834551123,-0.19631536464212687,0.02456506925110135,-0.9710822560276265,-0.18579652787845172,D
0.0,0.0,0.0,-0.26790599722715186,-0.2126482530984922,-0.13017515053623316,-0.4269327699087934,-0.5185698693599193,-0.2105892149508226,-0.4712860088476617,-0.8002594361188682,-0.30550517341538563,-0.4059737000863489,-1.055147081669497,-0.393629766882341,-0.2592829749021585,-1.0048763690361713,-0.005222625214422084,-0.26079848615098994,-1.466472934930745,-0.10044415296394374,-0.26107074451320916,-1.7202790846394245,-0.17908216874625474,-0.2192501415019613,-1.9402543439278057,-0.2453020430696661,-0.11454192712582016,-0.9931840331703237,-0.021578303590242154,-0.15240453273946836,-1.4139578244587043,-0.1927368263555752,-0.25199094320841287,-1.2456546696835988,-0.28671354246492703,-0.2801978743480082,-1.050066433096124,-0.31869513755762935,0.023784767907403827,-0.9399263176637913,-0.06319343143664793,0.012788906921651834,-1.3606889532939195,-0.21803706782377583,-0.11175783663110028,-1.2267114574578293,-0.2587056606802681,-0.16810642323429933,-1.0239653585799173,-0.25082138036621604,0.17724742990734646,-0.8305874498478456,-0.12008936136688315,0.14629500082049973,-1.1510910189668244,-0.22333427184417406,0.029251643459738765,-1.134896771987493,-0.2552942716930292,-0.04762847990098025,-1.0077102077366122,-0.26191163103471693,D
0.0,0.0,0.0,-0.2630014943846945,-0.19676223052342814,-0.11985233209017626,-0.4312045166172014,-0.4935778467408959,-0.19517421701138257,-0.4865194513152549,-0.7613919789969484,-0.28432680603078697,-0.4602328734044883,-1.0268025696764205,-0.3667874233661519,-0.27430714744575335,-0.9988141462121176,-0.028110076211228144,-0.27583874839292855,-1.4620476183356013,-0.1263083689953935,-0.27743190162282694,-1.70513935129965,-0.1997368550319973,-0.24015433793048388,-1.9232341017397423,-0.2589156967461184,-0.13554563293237287,-0.9896905966373547,-0.046259099867588666,-0.18914250830485563,-1.418899318019137,-0.2155433686396695,-0.29666413755096116,-1.244268736195142,-0.2936757157772641,-0.3273488512535768,-1.0477914477024666,-0.31355117305985547,0.0019506068522492947,-0.9411419092132853,-0.08708401731956154,-0.031101767949944903,-1.3751695738222167,-0.244206465173626,-0.1619829388720518,-1.217882323484349,-0.26437215648200907,-0.2174278840014182,-1.0055075816394656,-0.23938643352196518,0.15734595019773304,-0.8390557969141926,-0.14194602667625372,0.11052402949532694,-1.1672175886822718,-0.24798275401651232,-0.011335528437307415,-1.1356729445517577,-0.26610900051337427,-0.0885940020536916,-0.9987926779769238,-0.258759038680212,D
0.0,0.0,0.0,-0.2666063142950164,-0.17072025516277312,-0.12979014996259314,-0.4461307562550581,-0.47674144190017903,-0.20879793205382227,-0.5212822704313004,-0.747435160302151,-0.298984307034292,-0.48355218414755496,-1.0121701944406045,-0.38095294229490373,-0.2899109506651215,-0.9948670771909194,-0.032316809061113075,-0.27723446187624157,-1.4667347783511273,-0.1352558951000827,-0.27765353213690475,-1.7262716402341591,-0.21071707281764532,-0.24619449983126784,-1.9489496489879017,-0.27041571906849593,-0.14710216660876974,-0.988000510454946,-0.04707381352484684,-0.2045404623060728,-1.399918587123323,-0.22379796054210346,-0.3067711833293677,-1.244620272191428,-0.3042909388484122,-0.33874423391782543,-1.0509485749298981,-0.3227793599903421,-0.007864448799464085,-0.9457924032825346,-0.08655672206271464,-0.05013023612214383,-1.3686771311485915,-0.24977989144742144,-0.1724124639681005,-1.2229917622255029,-0.27528018150011285,-0.21883276849483085,-1.01732645966996,-0.25232529869534165,0.14939932111878879,-0.8515354604588103,-0.1403353146734757,0.07623011752241415,-1.1764038295945072,-0.25241270809196154,-0.040980277700209976,-1.1261661197339277,-0.27343230974233523,-0.10356648814934974,-0.9785225638326923,-0.26577612030580405,D
0.0,0.0,0.0,-0.2695031982954156,-0.13670825874216108,-0.14035267175432278,-0.4655630819136676,-0.45870624186411313,-0.22452378569602127,-0.5413824106984005,-0.7497317112982493,-0.3162298581660223,-0.5163118688025743,-1.023312787693626,-0.3976763880186286,-0.2843394228306514,-1.0025453874918566,-0.05124398552868712,-0.2767385402470666,-1.5096636140812174,-0.16125746757231982,-0.27753836546281035,-1.7835319712874182,-0.23338878177891959,-0.24122876166870863,-2.0051598470690113,-0.28570996351696193,-0.13665510112782242,-0.9886871646204256,-0.061831010428166404,-0.20882164866059263,-1.4399262382703553,-0.259683774046694,-0.333678712606029,-1.2648824799876301,-0.3360935789240345,-0.3678152528139716,-1.0491541149973629,-0.33755182435904624,0.005947746404336793,-0.9386410754543969,-0.09767554662182144,-0.04400416846962283,-1.3841881827023168,-0.2757698382773931,-0.1828543181228679,-1.2261522359405883,-0.299317246354038,-0.22901924517533073,-1.0180421446052634,-0.26410453106414283,0.17196324171845753,-0.8363313714575205,-0.14786969574028766,0.0964508817498592,-1.1721404903048689,-0.2692894287877099,-0.033303573516592654,-1.1314120777855106,-0.2922910279337957,-0.10159174806988264,-0.9952892090679185,-0.2786069618760082,D
0.0,0.0,0.0,-0.26768372747738983,-0.12213062579725828,-0.14617500166904324,-0.47518197193239115,-0.4307789500842524,-0.23543050806564245,-0.5754589494198341,-0.7234223123927852,-0.32918210798532394,-0.5396405861813851,-1.0114474703248182,-0.41008332245572365,-0.29821605575442683,-0.9863650990618534,-0.059604539315449956,-0.2961508676115017,-1.4885015010147677,-0.16701716148699908,-0.29641110822763705,-1.765007812003106,-0.23737505187501554,-0.2620887183166191,-1.9885113466088462,-0.2888043242295999,-0.15573563110944663,-0.985672983728399,-0.06477022734943656,-0.2421921253842603,-1.44754149861705,-0.2547296428558665,-0.3628604155125413,-1.2863094741162509,-0.3254305860831935,-0.4040427546283319,-1.0633743338953106,-0.32485546416670275,-0.014261054495304782,-0.941269305535705,-0.0948490625603676,-0.07345775444529011,-1.3830525284323782,-0.26291017781646153,-0.20594041065324292,-1.2297524278811263,-0.27950119395041106,-0.25608956499598634,-1.027588459712344,-0.24249088848895825,0.15184908682585188,-0.841998504251378,-0.14026099879906348,0.08516513636246496,-1.1789853251396656,-0.25392830768627395,-0.047093378179888325,-1.1407890255777404,-0.2730390715891567,-0.13161037429409697,-1.0067587089086347,-0.2582738009000897,D
0.0,0.0,0.0,-0.2646962939873077,-0.12598077864675541,-0.12147869752570711,-0.46762153365218173,-0.43848968140164896,-0.19219228095642413,-0.569385382850137,-0.7276455730762867,-0.2721698924626422,-0.5831392289488678,-1.0112878090989876,-0.34154052872101126,-0.3008783227458893,-0.9835319408391574,-0.02873458062302828,-0.29926890422132724,-1.4607447017267439,-0.12631452635717116,-0.3085248021818609,-1.7239657088994378,-0.1901073873893955,-0.2840224378623734,-1.9410295323576412,-0.23792758966411157,-0.1662565784706825,-0.984983090425773,-0.046551709855976856,-0.2674668913728724,-1.4261392065445122,-0.2321271829335847,-0.40166161730577965,-1.2647672578444507,-0.3030859556471988,-0.44715381228918566,-1.0479789875729892,-0.30325195983774184,-0.036158701504677516,-0.9414682042003746,-0.08778102130790899,-0.11269039972454908,-1.3612434341626647,-0.25706895819900827,-0.2591803704079078,-1.2081602743550306,-0.2783619419169179,-0.31443307721234176,-1.0104324764558383,-0.24400968513514149,0.11715238501297759,-0.845050993996196,-0.14188148934040165,0.024316880251986424,-1.1670417774838189,-0.25777325092299913,-0.11521152508919522,-1.117599338844505,-0.2776494887039311,-0.1938425141656143,-0.9773690099535571,-0.2629201300558698,D
0.0,0.0,0.0,-0.2625777905294071,-0.11953572745361854,-0.10620926972535912,-0.48245413221151057,-0.434701565816506,-0.16883694694266124,-0.6058658104104683,-0.7240787253176961,-0.243614933609421,-0.6223901354419757,-1.0155194257312012,-0.3084365811727624,-0.32950097362090847,-0.9662775703809063,-0.0063365123747221724,-0.3362233543366307,-1.4473095707870631,-0.10361234606451045,-0.34434970276504395,-1.7163481124406286,-0.17251765452225779,-0.3184082122247071,-1.9385501245557668,-0.22206021725979908,-0.1935359076753948,-0.9806650315572402,-0.028981861932906933,-0.30142178601013825,-1.4401769148774364,-0.21795402830780744,-0.43167149520287246,-1.2765262722098618,-0.29704096686002074,-0.46789711172981613,-1.0447329525966051,-0.2989712141611561,-0.06064473946617789,-0.9549010158672316,-0.07396445366900431,-0.14626793927546508,-1.3817625260185769,-0.238337389814881,-0.2907129702056331,-1.230099351293131,-0.26736223508471285,-0.34176665213827023,-1.0287385524703032,-0.23751906827789185,0.10169775524357766,-0.8837774280082417,-0.13067942709925345,0.011473374126858506,-1.2007891714575953,-0.23870839973966945,-0.13000007790091092,-1.1562869777909042,-0.26173147051118023,-0.21256821063877188,-1.0180772299356042,-0.24969575940551153,D
0.0,0.0,0.0,-0.28096825759920313,-0.13346854843158015,-0.11607489559974983,-0.4954649999208694,-0.4571550798569073,-0.18582925275948373,-0.6154919503815081,-0.7625664148141956,-0.26648558653568694,-0.6252759939019685,-1.0634308125312704,-0.3361142483142612,-0.31170089280733115,-0.973217132486564,-0.004531536219661958,-0.3027149535357711,-1.4421498091777092,-0.09589185478539163,-0.31256570701171205,-1.7075844745841062,-0.16170504649009484,-0.288971953156735,-1.9265648588074529,-0.21198138754130746,-0.17538738547536092,-0.9842608365271768,-0.021676500984691892,-0.2664557191569467,-1.4505122893647167,-0.2020130171682039,-0.4033896873732234,-1.3008547921364904,-0.27895418524335974,-0.4506456539888016,-1.069363584552002,-0.2823378624296741,-0.04368610952230179,-0.9518827723672042,-0.06218429702452982,-0.11791571778719341,-1.378074105746997,-0.22007781909812463,-0.269968027462162,-1.2396160524055113,-0.2483658800637556,-0.33208932074897934,-1.0410190991234023,-0.22048809365266347,0.11604100979984619,-0.8683594096054645,-0.11559161278712977,0.040662091440534676,-1.1877924942813558,-0.21879386066347623,-0.10411283668657123,-1.1641142078361009,-0.24257046309180824,-0.20089174243730074,-1.0391780376054858,-0.23357336385266472,D
0.0,0.0,0.0,-0.2781963888578543,-0.1458558239169513,-0.1251140803776288,-0.49404150516191575,-0.44797116929540004,-0.20426870791885943,-0.612251688374239,-0.7434393894662481,-0.29461758488482404,-0.5829326386479479,-1.0287458014177602,-0.374841563453165,-0.2973120326067841,-0.9793712278901487,-0.012989824962017567,-0.2703347401324758,-1.4416726610545612,-0.10852936951154395,-0.2719993055362911,-1.6981379880703207,-0.1767272663226707,-0.2387842327212491,-1.9109234582550612,-0.23004564304101663,-0.1643877070025695,-0.9859746263206126,-0.02882217962552065,-0.2555838312182353,-1.443327563987024,-0.21083779638748743,-0.4013833180140815,-1.3014739684583487,-0.2894010786348216,-0.4576159534120359,-1.0949913774679445,-0.29768928862199784,-0.038895213919255454,-0.9529992319263187,-0.06917741446101791,-0.1052785211288857,-1.391651357029147,-0.23346247305897208,-0.2564567290539629,-1.2520715539115865,-0.2617884786690975,-0.31882773597721265,-1.051231846190944,-0.234470768321658,0.11090584618206314,-0.8644418631286943,-0.12303513415789429,0.014113922773140634,-1.192578571400374,-0.23457615476767876,-0.12814918139310258,-1.152313251797498,-0.25905555509804606,-0.21197013775037468,-1.0124581501317467,-0.24952528764400536,D
0.0,0.0,0.0,-0.28940178476335665,-0.14077903970159103,-0.12366314796830591,-0.5101531282567575,-0.4405123760224064,-0.20287036194831617,-0.6406552611832853,-0.7427459625708656,-0.295448869223061,-0.6166500261855659,-1.0380963180018692,-0.37678764877157706,-0.3290403723761415,-0.9686577179379753,0.015458759373284763,-0.3141773268086182,-1.4369408740934528,-0.07769193618368729,-0.3135757313361716,-1.6992565309129855,-0.1482854310945367,-0.27544423341209323,-1.9156954623919995,-0.2040301178341964,-0.1928432809162133,-0.9812295379516193,0.00025071242913336935,-0.2967210007857532,-1.4300769195096645,-0.18586824972636012,-0.4246117500774954,-1.2884948026532972,-0.27505662235892087,-0.46902940944144356,-1.074299659693138,-0.2885826726945962,-0.05853704978699958,-0.9505446487941724,-0.04103663049346878,-0.1353347599168795,-1.3757310071969806,-0.20727111077350796,-0.27509306525528754,-1.2431190157550764,-0.24837060820521403,-0.33508239232656617,-1.0461475394375215,-0.2286625735224874,0.10152330080963878,-0.8642109212701751,-0.09567862879182343,0.005008546312818255,-1.174575852585529,-0.2088638343677553,-0.1327012501738846,-1.1451345512826605,-0.24466945088286146,-0.2209475450817259,-1.0172288836300802,-0.24333392234379256,D
0.0,0.0,0.0,-0.2892779922375095,-0.14177101011425186,-0.14144024309729886,-0.5091896756135965,-0.4374447811253451,-0.22921867664356516,-0.6403256358065124,-0.741819510708646,-0.32758521378584227,-0.6186849549279035,-1.0433256623049587,-0.41498337258297113,-0.32953931306037154,-0.9686830981190018,5.675994482139574e-06,-0.32302995821849406,-1.4338028913046648,-0.1001976690202202,-0.3283484980062801,-1.6961859352599218,-0.1761501107376693,-0.2917863065975943,-1.9114200267421906,-0.2362651710221277,-0.1882736022819763,-0.9820659616002796,-0.009974855883000273,-0.28446356782060905,-1.4567165036649998,-0.20566100848121346,-0.41123035899466387,-1.2884740664524235,-0.30025435497192915,-0.44952655167237116,-1.0666563686108075,-0.3163857297067924,-0.04755530616483623,-0.9553557118535101,-0.047632002806891435,-0.11836182384460817,-1.395122417424927,-0.22410788042373425,-0.25966533693315036,-1.239402777711091,-0.2672254744547785,-0.31625294272423393,-1.0299488877863892,-0.24725968116556546,0.11941166249821884,-0.8694730916460134,-0.09996507275898897,0.03200324971875148,-1.1776398918937179,-0.21792982435143302,-0.09864550888857955,-1.1382395673115848,-0.25451372883199846,-0.17883190448252698,-1.0049626601753139,-0.2546578131405283,D
0.0,0.0,0.0,-0.28765272586764307,-0.1346097067251011,-0.144620063408718,-0.5083673855063442,-0.44298933590451617,-0.2298771139031673,-0.6105552514431178,-0.7437746977213268,-0.3186506649258835,-0.5501869752841166,-1.0246718973336708,-0.39617686502953126,-0.36423869928162517,-0.9714546316408647,-0.0440528502703819,-0.3728340177513527,-1.4430550372658235,-0.13795631760176943,-0.3765326777884357,-1.6961718764299878,-0.20948570703431743,-0.3542352160660565,-1.9096561275665005,-0.26795621116967694,-0.20704539671075492,-0.9772529472219812,-0.04592255270384895,-0.26432752391961406,-1.4049386254323455,-0.21522876191704235,-0.35654997419232265,-1.2757959210928567,-0.29810985337550044,-0.3986428136914376,-1.069030216304468,-0.3187796135275428,-0.05194882141072559,-0.9327565810863905,-0.07217637819143657,-0.10036673100582931,-1.3483299173928331,-0.22450475749038687,-0.21646523324656672,-1.2330555148934381,-0.2631359388348847,-0.2769591741580041,-1.0444891116619284,-0.25345820509575423,0.12365921995904967,-0.8293234460582319,-0.11296670608731087,0.060904819472831564,-1.1370903131558612,-0.22379163930304347,-0.060238595489043756,-1.1202023759995712,-0.260425591916537,-0.15120264127347496,-1.00677462624037,-0.26592907221963413,D
0.0,0.0,0.0,-0.2743709142364458,-0.11753432537458477,-0.15327979423131444,-0.49490046395633697,-0.41218257565219435,-0.24989119845673785,-0.5800822614206613,-0.7190136749393717,-0.3498111448181508,-0.49172150600154796,-1.0005437469307006,-0.4395311663302266,-0.37421015982895584,-0.9632420207832044,-0.058418612920301614,-0.40095929771484823,-1.4371394941182352,-0.16328652122946588,-0.40368767813019846,-1.7029116414727623,-0.24163911871110963,-0.3801733048325059,-1.9257105767784577,-0.3035772218843639,-0.2093384258307546,-0.9760006124361053,-0.06000189992866102,-0.2673035049437312,-1.378638991181539,-0.23132659156336335,-0.33809442985756516,-1.2120788329607333,-0.30663206689652217,-0.3617857345933112,-1.008873160529189,-0.3223915276887688,-0.04477291284665357,-0.9304046569627689,-0.08678466488853172,-0.07631839098143493,-1.347898542672611,-0.24050581477107522,-0.16468487015782124,-1.2002478266776466,-0.2627344259616666,-0.20538827575634322,-0.9972475361247183,-0.24177495273021468,0.1339606670188001,-0.8245700281455982,-0.1295273378829395,0.08533970582673558,-1.1396702732340962,-0.2416132776304805,-0.019096642757825827,-1.0943818855412772,-0.26581717429053026,-0.09631652550974266,-0.960730638106818,-0.2605620496443479,D
0.0,0.0,0.0,-0.2764285823518175,-0.10811691486451476,-0.1573152826392263,-0.49368053049666694,-0.4168218548708488,-0.24751694383309128,-0.5673408067806188,-0.732539679710915,-0.33952525586237453,-0.45732968692144016,-0.9814706804296336,-0.4197014103557173,-0.3737961018661695,-0.9622613356209642,-0.0629643937857642,-0.413365383513509,-1.4424724856297253,-0.16917889217802717,-0.4166902196972642,-1.7017313976109572,-0.2460151709594226,-0.38644884121349343,-1.9203984657938704,-0.3062740852488256,-0.20728087720002777,-0.9763972763827535,-0.06068769743142232,-0.2555779062322619,-1.3832665060018943,-0.23497502537155424,-0.32503407367934944,-1.2157502671080926,-0.3090200830060621,-0.34681097512539466,-1.0067240081192053,-0.32206074785617733,-0.041753670932306655,-0.9286289679904075,-0.08381683587082532,-0.0644796871331144,-1.3362853256411482,-0.2428369989969367,-0.15206771937884903,-1.1787088000138748,-0.2662711202031638,-0.18655940477632807,-0.9683856411109708,-0.24293513846870785,0.13448503317063437,-0.8203317883977355,-0.12327869231679203,0.0979627284935092,-1.1270734359042887,-0.2391800145710444,-0.002497546847603075,-1.0777424419289687,-0.2660968503252686,-0.07246440846176297,-0.9399194090572206,-0.2614401512546403,D
0.0,0.0,0.0,-0.27860722207184346,-0.15928377295247872,-0.14979396566488354,-0.4925339220070796,-0.4654158378230973,-0.24352596128237172,-0.5857126744733843,-0.7807842913057411,-0.3429127153313498,-0.4833901165126006,-1.0433415806886623,-0.43256860850321166,-0.359526806162087,-0.9701521809948459,-0.04606252432364098,-0.3929891948517968,-1.437794313947789,-0.1612514532003621,-0.3996379780801646,-1.700534324292206,-0.25074647477350964,-0.3743433934408569,-1.9268165701111128,-0.3188853726534272,-0.1973870379688021,-0.9792501165294478,-0.04590824020767555,-0.24119613812285723,-1.361564090057191,-0.2223421555978806,-0.3125283946801038,-1.227029352772687,-0.30831905032419216,-0.34098648879490867,-1.0402205683818748,-0.33155125748439157,-0.03792476004378681,-0.9327342671437456,-0.07179697363104441,-0.06132484788434536,-1.3154646117411088,-0.2271907326205739,-0.16180678938527968,-1.1883764914356298,-0.2563575133994916,-0.21344936566526473,-0.9935505824398208,-0.23798292655830322,0.12983357231577236,-0.8248450860006662,-0.11410521860549362,0.08076873600527994,-1.109370713373569,-0.22057342174978722,-0.025194412741634833,-1.089375120937421,-0.24777443443659888,-0.10254474057893856,-0.9741283645021369,-0.24443950285001673,D
0.0,0.0,0.0,-0.287435324387929,-0.14351411149420135,-0.154790887924327,-0.5133786794984988,-0.44057169876355357,-0.2513835538115596,-0.6109793998084471,-0.7521616195911518,-0.35453731993471294,-0.5262197366617758,-1.0322991686037384,-0.44822548057523975,-0.3703265731024623,-0.9651154004356606,-0.03321146435278079,-0.40390867151150733,-1.440406154484324,-0.13265715244438375,-0.4140650763695905,-1.7039818382647018,-0.21233853738798142,-0.3926971457319545,-1.9253112043161857,-0.27659231858486716,-0.2110161305968164,-0.976986030395557,-0.031152673077591616,-0.28655357445175006,-1.3619553506457986,-0.20098687294861503,-0.36093674165186845,-1.236797260264552,-0.28795838009031977,-0.3846599024028671,-1.051411890850295,-0.3126003334542996,-0.051418699357277636,-0.9377501500101503,-0.05571851683882551,-0.09905934877685357,-1.3371693616717863,-0.2087671340604945,-0.19704989400702472,-1.2082461245880072,-0.2412277767954561,-0.24191400969513635,-1.0100304362732981,-0.22552018800038348,0.12643221990501405,-0.8383018856014581,-0.09665248245722247,0.05272660244960828,-1.1309569583102659,-0.20260629391149368,-0.05533487453051317,-1.1012138754601235,-0.23109180927629833,-0.12590578522989798,-0.9782020520616171,-0.22918117788345646,D
0.0,0.0,0.0,-0.2840826582293125,-0.13296171748574753,-0.1604904070552316,-0.5154885134211632,-0.44373283060628577,-0.2540072757067085,-0.6196708382497159,-0.7626454830132593,-0.35174072411557733,-0.5380238074995309,-1.042575067708495,-0.4380861244063227,-0.37377068310976136,-0.9583161321461722,-0.03136044081491748,-0.39998194126368963,-1.4281531734810007,-0.1276741416515448,-0.4145934566152119,-1.6971215905779344,-0.20012216339986758,-0.39554726274143004,-1.918190277819093,-0.2596473396591705,-0.22344877960990167,-0.9743597177428847,-0.02633976709942305,-0.3136431087012445,-1.398662196919062,-0.19676083933124944,-0.3829749288385074,-1.257048184718134,-0.2770686208202617,-0.3903495931121828,-1.0539504604033159,-0.2937961447677099,-0.06759488510864702,-0.9406940225090825,-0.049133035435910064,-0.13140981347369693,-1.3650521855477924,-0.20669135361970958,-0.22392828923490624,-1.2221022843187754,-0.2354686952255416,-0.25056106026359964,-1.0131256358465024,-0.21449294205259686,0.1127344235026875,-0.8488235044209773,-0.08876100060847904,0.026756445061935377,-1.1687066968771045,-0.2012029365499279,-0.07765245548312835,-1.1199777313192605,-0.2306973169843411,-0.13262604329248806,-0.972649751857721,-0.22845021565875434,D
0.0,0.0,0.0,-0.2845997164535908,-0.12993075664294002,-0.16740085912950858,-0.5246358253975155,-0.438386675343289,-0.26408448323200984,-0.6288549647573631,-0.7707804662499855,-0.3641515105874842,-0.5572097545396157,-1.0714766129044286,-0.45246899783674105,-0.39414866509033164,-0.9482528393055192,-0.025702688957328555,-0.4290706705255255,-1.4143751698858598,-0.11439229199674525,-0.44448819212274976,-1.6872015943918572,-0.1842412935685342,-0.4256477205649199,-1.9148336127130359,-0.24477988726968422,-0.23957843672605614,-0.9707064487680249,-0.018197883834905993,-0.34556066855922385,-1.4002343151754935,-0.18429583403200336,-0.4023422492545656,-1.2685240541214369,-0.27121410615175223,-0.3980171190510728,-1.0758306696895787,-0.29509453657581175,-0.08288167157730805,-0.938764920521918,-0.03845140591571619,-0.15125389104444878,-1.3786301425779428,-0.1971035976999735,-0.2346691454648429,-1.229190398557374,-0.23153601641029062,-0.25823322387947495,-1.00951189109398,-0.21478416962759056,0.10003244969761002,-0.8471960075484996,-0.07564341456194264,0.011461075400064432,-1.1740965193493262,-0.19330611779213108,-0.08613799057052242,-1.13005553895646,-0.22923765226651224,-0.13946778133013307,-0.9836664234158237,-0.23175896327505516,D
0.0,0.0,0.0,-0.29219044163066094,-0.14603046186586374,-0.15897452430518863,-0.5284336444002148,-0.47262173852738093,-0.24639670515820272,-0.6164965203427315,-0.8213207513552746,-0.3356002417123295,-0.5291537462968017,-1.114394293598867,-0.41284663297247526,-0.37526454361776407,-0.9663214137634963,-0.03366907388689269,-0.39798718142812445,-1.4488356765469628,-0.12112530825551068,-0.4112921939451553,-1.7125944723541413,-0.1927964715976318,-0.39057849328689065,-1.9400709874067736,-0.2542788384898574,-0.2158023707731917,-0.9761254781756844,-0.024665514893499395,-0.2744993539253279,-1.4199919523470779,-0.17898514982466837,-0.34383891975097813,-1.3071089975445005,-0.2600014590984795,-0.35937763143383206,-1.1119725732110552,-0.28439553861068767,-0.06022881865612008,-0.9315052403819108,-0.04126269123054704,-0.09389422110031158,-1.3693567975979397,-0.1801050721536515,-0.18283433851271308,-1.2438553632500926,-0.20818537864942344,-0.2163966552822433,-1.0319195863508417,-0.19362117902177564,0.11969524385681785,-0.827885634790328,-0.07537733410645356,0.07057694635124262,-1.1524698245554486,-0.1754951270391913,-0.02826212715848379,-1.1259602419736208,-0.20588773552771544,-0.09170246106366702,-0.9852505868537357,-0.2089215601491092,D
0.0,0.0,0.0,-0.28283786651625054,-0.17026701561589744,-0.1364876219038782,-0.49324661070289877,-0.501677698957071,-0.2114723943726831,-0.5463510802296948,-0.8387429158967536,-0.2913094852997055,-0.45132727895236857,-1.1038300634909723,-0.3594660015416732,-0.3447395106830235,-0.9836002966352838,-0.028617511879655593,-0.3624454785141182,-1.4602206675660343,-0.11690883603566966,-0.3656520064894628,-1.7208878242055545,-0.18537512183447524,-0.3379219670725496,-1.9442271283031243,-0.24203903093213494,-0.18371618710770024,-0.9825829436490336,-0.027912746991443832,-0.2319435220549048,-1.408909826947529,-0.1788157609175653,-0.2943909913038048,-1.2885400185505096,-0.25109158052348374,-0.3111508796042927,-1.0934261259845914,-0.26961725788852775,-0.02272871624036728,-0.9298267637421482,-0.05095567388086617,-0.054609548929815434,-1.339938287941271,-0.18482432920847003,-0.14206458437418676,-1.2363478060599151,-0.2092307362026148,-0.18317900123231784,-1.049396581594613,-0.1938881313666037,0.15936554619309218,-0.8201375202514735,-0.08985215799045146,0.11314933218397492,-1.134420285084837,-0.18393338941491102,0.011598135054693896,-1.1313479239902369,-0.21013966714421953,-0.060235486753999576,-1.0200861720879006,-0.21130023658027908,D
0.0,0.0,0.0,-0.2823566297854766,-0.14995927421018182,-0.15423241594619203,-0.4988279215231092,-0.4746035397085566,-0.24182565202400194,-0.5876249592094897,-0.8088553374519044,-0.3343730111221454,-0.48794182003183834,-1.0762599373327517,-0.4147279723270406,-0.35996562495144496,-0.9755392658780564,-0.027315684740569248,-0.3900499008723378,-1.463742715440381,-0.12515347302477967,-0.3970025319602784,-1.7236626889342164,-0.20008118151460114,-0.36513556425366445,-1.944336152798412,-0.2600375467734252,-0.20229940789520862,-0.9790612178658085,-0.022673359618017423,-0.27443327784137955,-1.3827572890527031,-0.1914876353049396,-0.33877259295370704,-1.2668432179150544,-0.27748995042357616,-0.3491990851187236,-1.0914832898320435,-0.3015188901115228,-0.046462891905890695,-0.9359023712088104,-0.04466012044814741,-0.09332465548268343,-1.3480008729966761,-0.2033347021864901,-0.18389856079605263,-1.2157092675035084,-0.23741878151856183,-0.21543496589346892,-1.012465597073242,-0.22068331100780286,0.12600833664811562,-0.8399320500207988,-0.08254689181929825,0.052115570764758826,-1.1536075941761703,-0.1959047396892952,-0.0414442143261785,-1.107683603357562,-0.2270316232255559,-0.09079272727717237,-0.9617484900224007,-0.22571952346541296,D
0.0,0.0,0.0,-0.27946256202954806,-0.09425812854468346,-0.14747936829443428,-0.5142432835345393,-0.40938137742445374,-0.23790257915852636,-0.6252761433940394,-0.7308079877385185,-0.3321612873088343,-0.523283156323857,-1.0006579407542673,-0.41526342439611547,-0.38164231091206136,-0.957271497333538,-0.05795359087234238,-0.41337988342583454,-1.4570392377311796,-0.1692778098925162,-0.4113162298002024,-1.7404584882896463,-0.24610399874485295,-0.38014332196591816,-1.9663095050077202,-0.3033408913699207,-0.21936656072644317,-0.9738131842535656,-0.05971762059043319,-0.2980572550052173,-1.384128284872174,-0.2434044533485464,-0.3722933151230235,-1.2167632538336624,-0.3149986066293689,-0.3911524799984534,-0.9976214942220157,-0.3202740482220939,-0.05636686164898026,-0.933349155325191,-0.08633021820493889,-0.10996295081046845,-1.3442304662382871,-0.2504435275221751,-0.2046511037947627,-1.1854551046870005,-0.26733684185438433,-0.24227154459571104,-0.9800384062629308,-0.23522113033782843,0.1201355017912609,-0.8339944471901206,-0.12804170333859052,0.04866609252095051,-1.1311760254311305,-0.2442734109808849,-0.052092034032849566,-1.0795153897178906,-0.2659164860712949,-0.11622724253229841,-0.9519858375083222,-0.253987815915842,D
0.0,0.0,0.0,-0.27995803950712667,-0.047075364778932406,-0.16886401315244498,-0.5208644633347631,-0.32484961204157836,-0.2793429405149971,-0.6359063044066618,-0.612477558186088,-0.39114039569482806,-0.5705228158374885,-0.9008204813084705,-0.49276525803226645,-0.389095718080031,-0.9565725007803205,-0.1075780251849292,-0.42002789868642343,-1.497487088405269,-0.24399811141671587,-0.4161400779780124,-1.8082413383945133,-0.3317320115256563,-0.3771924185282651,-2.0437337680194285,-0.3910541360345623,-0.22309522682251412,-0.9691512935067037,-0.10475824580095817,-0.32327959729725675,-1.3497868953193295,-0.31415649458715184,-0.4018968295184393,-1.123582585772886,-0.37824293132662806,-0.4098504148323664,-0.9033168536620585,-0.37125405359979174,-0.05130208813195461,-0.9299598838210921,-0.12877044524937087,-0.1333214191395157,-1.3312963812577432,-0.3162066955175766,-0.23137837739514724,-1.1150213589552518,-0.30933602464992405,-0.2557034237351217,-0.8980996559832218,-0.2537412512030894,0.13845573640250938,-0.8317380540086227,-0.16942336703190025,0.03833183661743758,-1.121212134737789,-0.30207940849819587,-0.07114990239419694,-1.0178767966937716,-0.30378330357089905,-0.12228080511789219,-0.864675015832573,-0.27002187280340334,D
0.0,0.0,0.0,-0.2712761969594463,-0.09981154727836276,-0.15862940026618816,-0.4978209969811,-0.341964039334293,-0.27342189205699796,-0.6131341525898332,-0.5851960093357216,-0.3968580768399097,-0.5458465386462169,-0.8533610390108031,-0.5114167417605981,-0.36508740591846767,-0.9696426744403405,-0.10565763176647978,-0.39123246343610873,-1.5149415517285725,-0.2559848492500912,-0.3882278882440074,-1.8185881911045338,-0.35900915675290135,-0.35131092874746506,-2.0693016041731305,-0.4297691055431027,-0.21242338135017036,-0.9707912932024422,-0.11153731258233694,-0.33262087810240837,-1.3130066458480656,-0.34066559395624574,-0.41953385017156664,-1.0677534932004895,-0.4233126157701043,-0.4260543545118982,-0.8365798171849134,-0.42947589255798524,-0.051875354867054906,-0.9304832138994058,-0.14383031050574469,-0.15660030615668588,-1.2845124951937685,-0.3400402974595196,-0.26744371132735567,-1.0628482234029395,-0.3428306505075309,-0.28961130779966054,-0.8382741061172669,-0.2918065707620565,0.13357251658369818,-0.844616081412766,-0.19325218316009554,0.036044141418318,-1.1223393205949028,-0.319312372083915,-0.0822243604432438,-1.0319624444527526,-0.3231213023887805,-0.13563801374833026,-0.8764947428249111,-0.29204752566060527,D
0.0,0.0,0.0,-0.2538655686219807,-0.04626077097073587,-0.14666247936881452,-0.49710106686636474,-0.2393343811070528,-0.2584220907343241,-0.6501264151340456,-0.4212263153033885,-0.3802557824569646,-0.6182405777393905,-0.6753260933144973,-0.4954124483597416,-0.39900172240973486,-0.9539510504780487,-0.10784439567020744,-0.42534157409017165,-1.4728420807308897,-0.2614210815016127,-0.43189394837319967,-1.7792195212327757,-0.3648222756129587,-0.4096798181472406,-2.0314572874325516,-0.4327535897671824,-0.2500657335383148,-0.9606533324916502,-0.1208813620151239,-0.42687143908199066,-1.285978835707391,-0.3548520822564704,-0.5238285518089251,-0.9884445791561973,-0.4293475626347713,-0.521982191119348,-0.7351358474304485,-0.4220006259239613,-0.0923749788341777,-0.9251437244131389,-0.1585319041905656,-0.24430371946407675,-1.2492576164060296,-0.3670771949000483,-0.35490672365175735,-0.9646713399246174,-0.3623951511067664,-0.3626268002571469,-0.7214997325608267,-0.29712875130996347,0.09018991071788442,-0.8451574874845151,-0.21085337910231355,-0.04759210255507343,-1.0852386629381545,-0.34918974224393656,-0.1741245183076072,-0.9237578497414759,-0.3456438198108973,-0.21963849493175638,-0.7322478081084857,-0.3013029483620994,D
0.0,0.0,0.0,-0.237440283342271,0.017341758022789283,-0.16268400940628902,-0.5122965152381171,-0.16812829698330772,-0.2902795814410806,-0.6862187754397225,-0.34814459021511895,-0.4240632229652426,-0.6647173008255471,-0.5930877479983186,-0.5541007201278051,-0.38940865887775544,-0.9353171332414103,-0.14802901240044747,-0.4300805860144157,-1.5055837675295654,-0.3206077097839959,-0.45821892926397034,-1.8649351042477458,-0.43288230202485156,-0.4377577248929906,-2.1416092567350207,-0.5070662591116822,-0.22451328713669944,-0.9614353451670841,-0.15885798992346545,-0.44549207369493965,-1.2547430946848555,-0.41142269980525104,-0.5672090085315055,-0.9076452202388386,-0.47517680797510364,-0.5605435819820734,-0.6341260821113258,-0.456726043115328,-0.04638454499516031,-0.9308705672233695,-0.19613091366860524,-0.2514953877243766,-1.229837206201209,-0.4348797093413397,-0.3747896415502859,-0.8873240296276955,-0.4125795540863752,-0.3727500325057825,-0.6165332779116249,-0.32874713871773065,0.15162163447029736,-0.8438132482341305,-0.24792181994643994,-0.04676723045299364,-1.044090511105112,-0.42353699517499604,-0.17900269899729424,-0.8221931665337494,-0.41469566258433777,-0.20671733125185912,-0.6120298783512848,-0.3576891261334988,D
0.0,0.0,0.0,-0.2838582204625587,0.004222345076172541,-0.1748961708588741,-0.5568425361775186,-0.13957890458203862,-0.3160014193659166,-0.7348211738057383,-0.29494201959273414,-0.4640683400459072,-0.7615105772889099,-0.530178497718732,-0.6085318986741737,-0.3975156942488819,-0.9239147555658268,-0.18894521776911954,-0.43961915077095504,-1.5112556047357346,-0.38293924103411625,-0.4611992931558107,-1.8770083651719427,-0.5116508329087915,-0.43676909650558304,-2.1555937177404814,-0.5949968637128846,-0.23410675528850713,-0.9521191340930161,-0.19662955429500548,-0.48121998810926164,-1.2184776850766021,-0.4741180009220092,-0.6267007749753448,-0.8642703576606967,-0.5470314592954411,-0.6463047861101306,-0.5772128003370902,-0.532974363408531,-0.053640577839469995,-0.9091791572187172,-0.22976566263401874,-0.28070359483093554,-1.190332921521979,-0.48302160216525375,-0.42956007951857456,-0.83940976765885,-0.45183637947294414,-0.46120416553337623,-0.5465905760956333,-0.35813270098536126,0.14245246090390298,-0.7950023453060009,-0.2794509446794723,-0.06379031352929475,-0.9618199422891098,-0.46478367194829295,-0.2270826975753576,-0.7608872951077861,-0.45239703727182906,-0.29899688863219454,-0.5637180341433279,-0.38797090235444043,D
0.0,0.0,0.0,-0.25699347839406006,-0.06972518432686378,-0.1630411138978604,-0.5036364885045067,-0.24031589680044535,-0.29599866992512724,-0.6530194194428677,-0.39745119008793256,-0.43307447526157344,-0.5934487326870779,-0.520805171467337,-0.5656268809019592,-0.32072109343142,-0.9901678454318268,-0.17571032166486777,-0.32134787000267134,-1.4939178362165297,-0.3468573354376833,-0.32205905204590596,-1.8068521127213928,-0.4632122156063597,-0.29701057425378713,-2.0619264381816755,-0.5427651972228463,-0.15419478468638004,-0.9720391326524047,-0.1770985402759766,-0.34036893985210476,-1.180582304010871,-0.41655148591669383,-0.4614687840807978,-0.831956052667677,-0.47149466739916257,-0.48361574134627056,-0.556631997235516,-0.45660756985088197,0.01280210105041083,-0.8805561299597101,-0.2011033452312936,-0.1541389814592973,-1.081652826377771,-0.4107615507911803,-0.286198760826921,-0.7593920749276235,-0.36454341405250523,-0.3271119229815025,-0.5045017270195546,-0.27638496897980297,0.1790187307346682,-0.7222853193069471,-0.24233065812327403,0.02753184503812871,-0.8727344463196288,-0.3800851485719691,-0.11194687857884324,-0.6899369221693314,-0.3498895031060224,-0.16941818528709424,-0.534829668171569,-0.28750415350532715,D
0.0,0.0,0.0,-0.22055165344116212,0.004352964794406574,-0.18915778965386812,-0.4706051061165759,-0.16915970715970843,-0.33609406512036855,-0.5861119735661106,-0.3151089675965034,-0.4800206705278379,-0.5022617819732216,-0.4581148603962987,-0.6224919281904439,-0.24047390244486358,-0.9998443567430526,-0.23708380556745634,-0.20899749827470931,-1.5389834596186502,-0.4355283439922112,-0.17746619339960712,-1.8960357992933936,-0.5758172746799491,-0.12520752499431556,-2.180018270877631,-0.6726667172200542,-0.03556482996567553,-0.9698220068456558,-0.24120617302916927,-0.1914610825239027,-1.208670925074259,-0.5168171254703954,-0.33108353973237736,-0.8201490797472607,-0.5896718460339196,-0.3785968901377443,-0.5210550214537919,-0.5810925329923817,0.1609972274809559,-0.8525161592284028,-0.2675645236541568,0.028335758083786643,-1.0863640352310675,-0.5216835986909251,-0.12741016427188673,-0.7290809784576947,-0.4834876069295637,-0.19519011469942443,-0.4624651424337444,-0.39083349325923067,0.3404842075612909,-0.6710169198019654,-0.30968170005835766,0.21331999461506101,-0.8422523143473496,-0.49082164167754416,0.062361739494193554,-0.6342516519090773,-0.46215303010512027,-0.017175680752326682,-0.4704915680094846,-0.3911820839918255,D
0.0,0.0,0.0,-0.2229967139273967,-0.07126345220438923,-0.17277557607927072,-0.43600366831591386,-0.29638938487212674,-0.3063157529524224,-0.4487003458849153,-0.4662896963040615,-0.4368167011902849,-0.3139905213143988,-0.5885755792469746,-0.5596181305666511,-0.244984645008456,-1.0351851951233197,-0.20721620023887916,-0.18514083635171433,-1.5711575432800073,-0.37026052216757144,-0.13135384656371835,-1.8775149572108751,-0.48318544832103366,-0.0671379757970969,-2.1371223737863625,-0.5683508831156603,-0.060125107880567165,-0.9763449479200884,-0.20769090994376702,-0.13459509500165018,-1.2504907923346127,-0.43747142398275995,-0.20363025220879644,-0.891920191016281,-0.4988795970137024,-0.22990092944323443,-0.6085392608561583,-0.499762950239159,0.12115037327737596,-0.8575466228827775,-0.2278910486419143,0.07236839187244361,-1.1433175375449018,-0.42646291006993425,-0.023186514385981242,-0.8114459617389904,-0.37950889020876294,-0.06286462163089664,-0.5508768793390729,-0.304883313770672,0.3029363365619602,-0.6859564903851649,-0.2656136428701376,0.23302772454721696,-0.9108194474119055,-0.41176827138532635,0.11607593785183626,-0.7003925271482954,-0.3850898944329527,0.06644333705911339,-0.5178329219394616,-0.3331308892082942,D
0.0,0.0,0.0,-0.22969653289546177,-0.0829331165744853,-0.1698891866869115,-0.4188591165543976,-0.2969288673083914,-0.29691135490057874,-0.38671745758571363,-0.43409991665321024,-0.4194128019919284,-0.2511978538020137,-0.5256931576727084,-0.5303240526430764,-0.2757189294615054,-1.038712068548881,-0.19979631327051942,-0.23756167638900882,-1.569992817095308,-0.34623732981305744,-0.20697131150842019,-1.8538882484266952,-0.44751046726397914,-0.16319320591105463,-2.101626157469909,-0.5265821627035873,-0.07272921169260123,-0.9774853405814296,-0.19807289242846737,-0.09304099332852979,-1.1678534071123667,-0.4035205133540515,-0.13719496474688575,-0.7702764327605208,-0.4593681084543065,-0.16441371608550412,-0.4917560109511462,-0.46360919805073253,0.1121626859144771,-0.8641278008625365,-0.21425232624345997,0.11649036575976612,-1.071738414134255,-0.38623054814365465,0.03608641749122339,-0.7191359568923713,-0.3291948340361174,-0.013697019661941392,-0.473502603231046,-0.2569129594810283,0.2863868481214234,-0.7049399208332788,-0.24889291565340418,0.2818539173158666,-0.8596060489039228,-0.3724688835922182,0.1824637054431961,-0.6413469425095973,-0.3335411834721004,0.12388819679913207,-0.48617575046886585,-0.2786392088673648,D
0.0,0.0,0.0,-0.23284076344030014,-0.06447721580371962,-0.2035057181142274,-0.3945764916452178,-0.2676650739271303,-0.3538503018712809,-0.326757212705143,-0.37485481046816443,-0.49065896002943055,-0.19020745046072784,-0.43535525057282515,-0.6176174401818265,-0.3231019952904992,-1.0211308654016975,-0.2717894628366465,-0.3029613744080399,-1.593468054233993,-0.439617832858084,-0.2765872920814037,-1.9088683031599396,-0.5530379056035167,-0.23603974837235167,-2.1879178639863306,-0.6398332202770713,-0.09743772783184564,-0.9603787253135483,-0.26111030841407123,-0.07040372092412617,-1.1564059500168762,-0.4822249095810301,-0.07910943087056567,-0.7437986632272564,-0.5345622759098316,-0.10224607993712159,-0.4383168223318031,-0.5357495518753527,0.11617782109332402,-0.8311549453097548,-0.2688410223372412,0.15650633539270417,-1.0801395944189047,-0.4589328914512106,0.11043851520938522,-0.7103002948070345,-0.3928053914694381,0.062476642145306724,-0.43451569036078797,-0.3125870257279619,0.31127493241860166,-0.6733356940599384,-0.29619847843075425,0.33513810781479336,-0.8803675445856094,-0.43894821740743606,0.2559774125068561,-0.6288936288617906,-0.3908951346143659,0.19663609494719264,-0.43042504037871493,-0.3263287050331097,D
0.0,0.0,0.0,-0.22841976410856257,-0.013580441504387761,-0.2111364050044547,-0.40163150382373386,-0.22221616298373942,-0.35007193084150656,-0.2868982914899234,-0.41426260511049834,-0.4707740808862375,-0.11481289466027327,-0.5379391210594665,-0.583215077544862,-0.29810424116693124,-1.0041840688840218,-0.2503189440061893,-0.2737505001175017,-1.5392869971359529,-0.40478572768007287,-0.23648718465080484,-1.8846177496622507,-0.5175440789169111,-0.20455843493594617,-2.1750436441466214,-0.6051618520687568,-0.07295207496151923,-0.9684058742779873,-0.23847024431298738,-0.020000263942164687,-1.1992455740407406,-0.46390786104011916,-0.03201693978971985,-0.8386145697972327,-0.5192446429428078,-0.053927919518523944,-0.5534282032899087,-0.5153690522882612,0.12597423053470422,-0.8609264512310528,-0.2471680423226859,0.18891227061922183,-1.0890038303430956,-0.44221336200684197,0.1365672073149122,-0.7548568243455461,-0.39112638199694166,0.08467222465148233,-0.5072680655651575,-0.31522663159795944,0.3031024395979459,-0.6972975488033266,-0.27633867338451845,0.34377881471479965,-0.8865916305701828,-0.41804577983014146,0.2716111126543987,-0.6480003344862193,-0.3783442162995915,0.2039346717241045,-0.4694666868887782,-0.31828677531912775,D
0.0,0.0,0.0,-0.224404092110215,-0.12521730229761915,-0.17711544154847494,-0.3304217310362117,-0.39343968329566914,-0.2817964835702252,-0.1803856705515559,-0.5618602654379281,-0.37544927340258794,-0.008008959590643853,-0.6655762825242458,-0.45985385753851243,-0.21618288807327932,-1.0354195357030989,-0.15302944577723657,-0.1888268090509534,-1.52864794482707,-0.2554235010213313,-0.1568636413411844,-1.8223288933575001,-0.3328843129626587,-0.12457653170025447,-2.0659316875873164,-0.3977269618714524,-0.020108431032511434,-0.9906513375678654,-0.13492804888684207,0.022232797999472104,-1.1973893477811588,-0.3026132371858946,0.03888879627246501,-0.9103794882781979,-0.36432943792687594,0.0259536123233234,-0.6653586550666349,-0.376005646072487,0.14566351729039756,-0.8934760637349355,-0.1347984000204761,0.1915484980239183,-1.095763092589037,-0.28265122886752,0.178545834182885,-0.8355194878681634,-0.26717137050512646,0.14401247081869997,-0.6114939368039164,-0.22591943226362252,0.2933885356655661,-0.761692256629759,-0.15254868759445905,0.3310111707756417,-0.9584336303228695,-0.26995383463713485,0.29442188158840893,-0.7749413854890406,-0.25965070290997666,0.24483473482024914,-0.5912280526903243,-0.22683757213171865,D
0.0,0.0,0.0,-0.20102305253570174,-0.1747670147734291,-0.17285719234848407,-0.28362691093554954,-0.41699421563544037,-0.26843422649795196,-0.1651949790613704,-0.5991738448354367,-0.35358834869822686,-0.06939632231401933,-0.7876747639990169,-0.42848838081203855,-0.15310386827581335,-1.0558715908306642,-0.15005158311490263,-0.13772754492043074,-1.5365529995348768,-0.2538882912895665,-0.126865063924216,-1.818635085059128,-0.34290365749448193,-0.0991072842773333,-2.0547125807855835,-0.4175395922726862,0.045455555812041123,-0.9906416328670872,-0.12869711603703266,0.09244263733801164,-1.226274431670247,-0.27685803939384646,0.09745980768070793,-0.9347420682267519,-0.3543429426191968,0.07822694672767631,-0.6985401922319437,-0.38873265850606226,0.19865139805135,-0.8786386997732126,-0.12372450436351455,0.26276661659178674,-1.1311220278232208,-0.254457672875697,0.2427599380354965,-0.8711912438859323,-0.26121604990052594,0.19659369135277924,-0.6487131570184874,-0.2456206795928774,0.3321539475611059,-0.7387374972715152,-0.13576849254175624,0.3697126675705392,-0.927767032575593,-0.24552591924912323,0.3267782473484902,-0.7751505701104016,-0.25101262978784183,0.2656758785613363,-0.6168073703499252,-0.23613619241684458,D
0.0,0.0,0.0,-0.20746055058449198,-0.18704031702135024,-0.15290554948013266,-0.3010859346526115,-0.4571595392909225,-0.2384309826650782,-0.1805573434462859,-0.6228680276634414,-0.314933650318518,-0.05372601115815973,-0.7576549517126108,-0.38025862071195443,-0.18429222118094646,-1.0524203378813928,-0.12979753365732322,-0.17132141746662805,-1.5212870748335614,-0.22330555075752398,-0.15530069144115066,-1.7812647118384626,-0.3040041999345283,-0.13012210420854683,-2.000475629543665,-0.37388491983115935,0.006190680359940887,-0.9932342894647268,-0.11596258753658575,0.04450429512557556,-1.2589250446842442,-0.25072532994322705,0.04880721099768835,-1.0014163410152104,-0.3190637759323059,0.032036775359512784,-0.7830357159137061,-0.34960140187554395,0.1590096675001326,-0.8881091010135379,-0.11788149249387124,0.2260014736789507,-1.1730973241046272,-0.2345494187046126,0.2054269092982238,-0.9429479848621399,-0.2372052173413178,0.1594785957535645,-0.7281702108984344,-0.22200758900962805,0.29147425450286574,-0.7481285312453071,-0.13603176570631748,0.32427566891314147,-0.9496629942818253,-0.24062864541321757,0.28225271834302934,-0.8156624738858989,-0.25011194138924375,0.2255694193388113,-0.6609747887691425,-0.2398885365084315,D
0.0,0.0,0.0,-0.1964090421346526,-0.17688705742306501,-0.14293134888331596,-0.28493456557122404,-0.48398282423080535,-0.21858790882731152,-0.1770028998602061,-0.6791661085774586,-0.28897338900115105,-0.03637362024326484,-0.7954386107664437,-0.34820319722735077,-0.16927186521150203,-1.052713803428342,-0.09237817879356755,-0.1452910326928303,-1.5207581563389965,-0.17758735611572796,-0.1185001160544468,-1.788400523109791,-0.24832384792429543,-0.09020668680558162,-2.010686955663685,-0.31012160242601083,0.009846064145569294,-0.9964053287873664,-0.08413962077987704,0.07220314303958258,-1.2604862646313044,-0.21882563470368682,0.07223717175549278,-1.0252674720010713,-0.2808916594743831,0.041176375285611584,-0.820668731568159,-0.3010530175123712,0.16175007096488406,-0.8877657571831316,-0.09341099217857265,0.23792117948416533,-1.1633176283573508,-0.2139356132003922,0.2083777379370245,-0.9474676912171093,-0.21205588865396982,0.15317791162025077,-0.7484073053023897,-0.1867313856791034,0.29883457200530766,-0.7424330936144536,-0.11819332087195235,0.34533101121662424,-0.9581255574417065,-0.22187962145472306,0.2997482792282581,-0.8407547241455773,-0.226271656231167,0.2367585920251696,-0.6962691583984937,-0.20911808372221477,D
0.0,0.0,0.0,-0.20204262104716159,-0.15582791181784872,-0.156900356241189,-0.29972021879321753,-0.4596804461811915,-0.24117239907989263,-0.2110265982944798,-0.6535419134797315,-0.32019730148144904,-0.08925506136279049,-0.805056334238101,-0.38796951613100294,-0.16129217196414133,-1.0479046250322144,-0.11119049362106767,-0.12753867964937884,-1.5419094233014536,-0.20532740103316247,-0.0970014678107608,-1.8132995946528605,-0.2751449272054336,-0.0625494987368379,-2.034600745444001,-0.33475060126701317,0.020089055916888487,-0.9946767067991052,-0.10106769406519041,0.06998323433518935,-1.2740493113827784,-0.2554239705721521,0.05521530808115897,-1.0161883873790853,-0.3167962903394267,0.024568763021646445,-0.7957290285150347,-0.33093363447168067,0.17385441129732226,-0.8872867361584206,-0.11044306392801648,0.24235112013423502,-1.1961420041156652,-0.25033688233527124,0.20091844652759275,-0.959051437130009,-0.24488474210894687,0.1483016492876254,-0.7421579664906723,-0.21194561607380305,0.31184844956372604,-0.741088273897056,-0.1362364929199399,0.35196395335378133,-0.9690151656219982,-0.2584508109278024,0.29777382890300297,-0.8437728529803932,-0.26751085510139755,0.23605356354761142,-0.6925986210613608,-0.2497564189682588,D
0.0,0.0,0.0,-0.19735867461106996,-0.1808044209927497,-0.14404330722380967,-0.2971552399364445,-0.4792407418917237,-0.2201342308192665,-0.22325263554879943,-0.6980156859251979,-0.29252648106582585,-0.11113296722470391,-0.8822440869450721,-0.35476213331068046,-0.16271734952345887,-1.0387896721559027,-0.07982993025174932,-0.1315111131370528,-1.5004066817907973,-0.16163112666029936,-0.11024283992094913,-1.7568199636755513,-0.22403415929979495,-0.08063911935676181,-1.971655986886613,-0.2795406426341991,0.010016440577517495,-0.9973098831386602,-0.07261313870167586,0.05135235434819891,-1.3457735802434687,-0.20739835995097525,0.021884267111093383,-1.1334610177703461,-0.26677128896802355,-0.011585451205331618,-0.9203611728147963,-0.28308171166957696,0.15987872495152108,-0.8955676872997042,-0.08501658361792892,0.2166635792694955,-1.2422780056213918,-0.2136931483497429,0.17087201215948766,-1.0319614210395391,-0.21906186302963582,0.12561975325888033,-0.8171096306781692,-0.19586108366086044,0.30134356840918436,-0.7468386668540921,-0.11237985707325049,0.32101846358336145,-0.9972367808963228,-0.22411915409442432,0.2687659482903026,-0.8923257461897728,-0.24112718361102795,0.22099614133312157,-0.741042805738581,-0.23355133664625113,D
0.0,0.0,0.0,-0.19796559393590304,-0.22209073536071622,-0.12810258781184183,-0.2942976322308131,-0.5308801277895838,-0.19633252621001332,-0.19392430677976738,-0.7549807741936703,-0.26305707139423606,-0.07922668415140344,-0.9309258678890976,-0.3195172776197047,-0.1609285923794304,-1.0424860424404054,-0.07093530379552823,-0.1368623468475033,-1.4885081872117947,-0.15088350144043808,-0.12140111058130956,-1.7232594107757981,-0.2123494815920268,-0.09317667309381333,-1.9264289535605332,-0.2661729435286046,0.015516052021922012,-0.9976116295956631,-0.06730741879717667,0.057517693513060034,-1.343731438661827,-0.1905687781082039,0.027734821028564033,-1.1099449014397342,-0.2410359280886649,-0.001110684293251629,-0.89764117333963,-0.25339641533756396,0.16795955568860388,-0.895494311605573,-0.08208585852354588,0.22008437226270058,-1.2538715622827439,-0.18894142427269142,0.17886292395503495,-1.0571234457952654,-0.1836067336375432,0.13521379403849718,-0.860768086858539,-0.15888935143441657,0.30834554446500945,-0.7515740370642015,-0.11176253656864757,0.3347929935216637,-1.0297127295748425,-0.1995555684687487,0.28772807921500293,-0.9450285958790222,-0.20435735771163885,0.23728090860181994,-0.8088268764565419,-0.19242306739845882,D
0.0,0.0,0.0,-0.1803709759893413,-0.2532421002071907,-0.12268240889900207,-0.26805301021416583,-0.5341649953764754,-0.19428082281746895,-0.17568791714484694,-0.7403773746431646,-0.27179613972989036,-0.04914972407443785,-0.8809297754783731,-0.3435385306630142,-0.1557071416909151,-1.058872230773619,-0.047527462340230656,-0.16441488187296432,-1.483434080459259,-0.1310172816654666,-0.15387171198488672,-1.7252963442291294,-0.2004265839136117,-0.12470603630332153,-1.9180934635571907,-0.2560733717080057,0.020698065861806284,-0.9984083013006217,-0.052463834815874064,0.0833793253372434,-1.3169927326020883,-0.1938280375539968,0.07029445997169524,-1.1144643045032192,-0.2697470430955077,0.04206725646642688,-0.9107479718287732,-0.29479605062928627,0.17058902279492294,-0.8897598202208429,-0.07458066049417414,0.23912643133522546,-1.19193373567299,-0.1968793210115573,0.2111414253115785,-1.0208237988066422,-0.2182017430413129,0.1631970040670872,-0.8319207877783911,-0.2056023492636591,0.298924403863736,-0.7443734608299732,-0.11031329436807659,0.3323483453672647,-0.969569574993251,-0.1896295674651825,0.3027668341802699,-0.9003148760450741,-0.19720754080284064,0.2534274519072082,-0.7775645068888704,-0.18759517752354055,D
0.0,0.0,0.0,-0.1908030154753539,-0.2402069135410128,-0.14013333111567042,-0.28583338403854885,-0.5283008644388976,-0.22181501534088313,-0.1768212684549547,-0.7466663401848834,-0.305394816762158,-0.018212323116538358,-0.8836242807646625,-0.3798026438958585,-0.1845858319489867,-1.058326156241991,-0.07522629093532318,-0.20086848122349601,-1.522299918924769,-0.16147702389255192,-0.19930021965765163,-1.7768291101641862,-0.2313252447476867,-0.17521374234552484,-1.9839538609824368,-0.2899958651217198,0.0019425240562933978,-0.9974336311984138,-0.07157078981426314,0.04596521642355998,-1.3073001284648527,-0.20869530352738372,0.04834000740969008,-1.0839951731358113,-0.27947323515360384,0.03659705327445667,-0.8814715129249885,-0.3066076895897541,0.15925913048515256,-0.8914432791941198,-0.08551350653977435,0.21633728359459684,-1.2059344257941378,-0.2048991583728584,0.19584797390049588,-1.008557276396185,-0.21271690747592895,0.15828037249868498,-0.8126885993727077,-0.19536365241612166,0.29800432169886415,-0.7522465457291749,-0.11528166370102148,0.334244424577089,-1.0001471681105678,-0.20088395722204558,0.30750812599853555,-0.9171990350342246,-0.20323168690626137,0.259804918095723,-0.7871120326315112,-0.18952345312697477,D
0.0,0.0,0.0,-0.19260002191036021,-0.21384474492768038,-0.16085948977074135,-0.2904164166910898,-0.4723499920168823,-0.2548660505067178,-0.17852385350337063,-0.6409752288812496,-0.34421242159661675,-0.03620794740512199,-0.7803940137158072,-0.42597410708639366,-0.20564813348646882,-1.0453274717114345,-0.11982568787584161,-0.23557957976055593,-1.497327292939534,-0.21269238390750045,-0.2486458965097114,-1.7557757827245313,-0.2908812149457885,-0.2322398229169023,-1.9664114196974825,-0.3579188643568755,-0.012876054842606994,-0.9941273858201422,-0.1074474195786039,0.02913398830179957,-1.2993628133713684,-0.2483116973841076,0.04309378638696027,-1.0549212409429474,-0.3286693535231683,0.04212284382446156,-0.8306702763160162,-0.3654508084997883,0.14562674884353377,-0.8921955510382921,-0.11179844478167071,0.19580484629496075,-1.174811229560895,-0.23294456802958985,0.19052284736213226,-0.9668132008946728,-0.25637275167895557,0.1622141602384566,-0.7546012101143709,-0.25388535836012416,0.28352129664063935,-0.7554361493252842,-0.1329497993563425,0.3123315184335469,-0.9671980082778985,-0.22970163771905303,0.28656905678718864,-0.8628870072537492,-0.24703392180088177,0.23859842580873666,-0.7109812585299389,-0.24573564308771711,D
0.0,0.0,0.0,-0.20092118460495678,-0.2149663370533164,-0.17402131230601392,-0.2957180309615888,-0.49131170664724716,-0.2754220161232024,-0.17796403821755283,-0.6824778708594662,-0.3700848859970711,-0.009009710007885632,-0.8206357720445404,-0.45381148883051203,-0.2017876484921361,-1.0476933007452907,-0.1247495959163518,-0.2334988565744793,-1.5178071108201767,-0.2261979070203085,-0.2625464904851232,-1.7933065693532158,-0.31716311611388687,-0.2641712454895468,-2.018818669747495,-0.39505961229571884,-0.009978938026503176,-0.9945321535366377,-0.10395295271246825,0.02937431567584756,-1.2873760340010538,-0.2475645080417808,0.04573184136951754,-1.0145830581717883,-0.33218772792202034,0.04695455424568275,-0.7928768363997222,-0.3742033613884024,0.15135678199664243,-0.895621496739378,-0.10113862401066889,0.20939904516066202,-1.228079327281688,-0.2252523192591205,0.2084813794957135,-0.9989510111884823,-0.24306224467711765,0.18456726467028464,-0.7769491171785938,-0.23731455215460298,0.29250746314991816,-0.7627009604986563,-0.11617486439157039,0.3313083145738009,-1.0025650634320105,-0.2248598549282001,0.31449574209460435,-0.8866424356829739,-0.24223787802623806,0.27333528198253965,-0.7292434833336625,-0.23763548724140385,D
0.0,0.0,0.0,-0.20343748797937,-0.1884411176954923,-0.15572475564817817,-0.3136601675236822,-0.46138609304671924,-0.2490456203427865,-0.20049728180397455,-0.6373035705102333,-0.33708251035855225,-0.045409041148166226,-0.7656918794028368,-0.41555674592641695,-0.22154654820507036,-1.0377064141548857,-0.1215116071471926,-0.2563511346913642,-1.4940200268593506,-0.21546824544312745,-0.2768222160726053,-1.7523562865888713,-0.29729797569141975,-0.27071136263346907,-1.9697961941337134,-0.3695478291439057,-0.02080737266829946,-0.993821962918017,-0.10901816025058493,0.0156470887185881,-1.2758162626346166,-0.24139323662243575,0.030589666278529746,-0.9960809102734997,-0.3128434004998916,0.03128272479272529,-0.773591427675305,-0.34796124284065505,0.14449003289090917,-0.8939698264489133,-0.11290487977049561,0.20202187171527203,-1.2098379250027969,-0.22450791748505175,0.19149307391674197,-0.9755747768592421,-0.22964143521648203,0.16124872222089856,-0.7608980800755543,-0.2197014942201359,0.2893586971483619,-0.7507770658294427,-0.13360216172494932,0.32257275425530757,-0.9721105254377599,-0.23063610172516583,0.29508016067616744,-0.8427532534146438,-0.23927920426236313,0.25104994850992357,-0.6859471160912,-0.23219763075294036,D
0.0,0.0,0.0,-0.20596285515090912,-0.20171053005735387,-0.16107830978356746,-0.3141418459690375,-0.47430876877835504,-0.25475697632965477,-0.20971555199121128,-0.6709628481635647,-0.34510639801663073,-0.05080584412121718,-0.8174646224467824,-0.42616740470338416,-0.23965136218313002,-1.0360551412412877,-0.10471461036404657,-0.3001329744796218,-1.4832696316366445,-0.19634673949977474,-0.33325703122972444,-1.7442624002461542,-0.2713375994854222,-0.33236880322394113,-1.9459945376464631,-0.33368265812516595,-0.04532921373376231,-0.9945770208634384,-0.09360455091867353,-0.011449232400893522,-1.26582928832867,-0.2424092732113656,0.013880557114328722,-1.0262168193628591,-0.3273978092297354,0.0231384725189186,-0.8009566124291188,-0.36187242879598563,0.11967642421484469,-0.9002712739051001,-0.10065416470881962,0.16583369781477697,-1.181150111287801,-0.23723984106711601,0.174921746261674,-0.9835303498828306,-0.2699608169896503,0.1599458630698543,-0.7707854484093204,-0.26564738882337313,0.27130744929493217,-0.7730605354121575,-0.12250789370243834,0.2981966241301878,-1.0231256396376425,-0.22997194117239558,0.2818332170999926,-0.9236195038610132,-0.24865578984934222,0.24463168852394027,-0.7640958150304347,-0.24255248418731679,D
0.0,0.0,0.0,-0.21580974662164884,-0.18828591234842418,-0.17596927141454777,-0.35505810139609434,-0.4490613767483647,-0.28479032066574234,-0.2839020696858611,-0.6772621227828092,-0.39089902086707023,-0.12271711351585872,-0.8410070416597475,-0.4862007764917328,-0.2909519557470647,-1.0113658634374125,-0.10472196372098341,-0.3453274303151539,-1.4546891392349826,-0.20076483478220106,-0.366194850133148,-1.6995210126993108,-0.27698521524059655,-0.36665864160371414,-1.9112440564629836,-0.34252530678753124,-0.09638903657646444,-0.9908152026458353,-0.09483874647923826,-0.07207850047939503,-1.307384365428408,-0.25436097746459696,-0.04068036130284026,-1.072575789572452,-0.3434484148281894,-0.04048985839694266,-0.8570620256535902,-0.3805350315056385,0.07456430769276012,-0.9129739892630381,-0.10567335952535285,0.12032623811969427,-1.2476645811512455,-0.24971067687369486,0.12669753748757473,-1.0494367184923534,-0.27887338351385754,0.09550748118306585,-0.847335829473124,-0.27308132405332824,0.2307651836418545,-0.7872487837213367,-0.1336776263052817,0.26544502304466866,-1.0385265915007384,-0.24165893251438259,0.24726925586184847,-0.9414755892898545,-0.26280251761877854,0.1994006062188555,-0.7979262158882983,-0.2617744691665558,D
0.0,0.0,0.0,-0.2335327474536926,-0.16198359703764226,-0.18785301279994382,-0.37327862509751936,-0.436047830428296,-0.2924999085386663,-0.30602581472139506,-0.7027423001427461,-0.3904244018065827,-0.16445789918697973,-0.9124028716434789,-0.47629983916717267,-0.3322479766967824,-0.991456540621391,-0.11362418556433643,-0.3787779530016656,-1.4567101200709132,-0.20532984761916354,-0.3944857543094707,-1.7143238186525287,-0.27706446393638157,-0.3949665698639316,-1.934974505158942,-0.3403972436173005,-0.13219232854845095,-0.9866357320358754,-0.09526342710070188,-0.12165076384291892,-1.3439857602617649,-0.25321595312399287,-0.08810723607279675,-1.1375846120986406,-0.3414916525742387,-0.08528402632045246,-0.9226739775996267,-0.37772181633641666,0.04496542779674934,-0.9219331420545297,-0.09819561116785654,0.07478200236775438,-1.2864606077348386,-0.24262094909100576,0.0831260501937866,-1.1058779895421724,-0.2760858500741176,0.05684505157818236,-0.8975981811304014,-0.2723015825537677,0.21158035413232693,-0.8125656339979729,-0.11900587972880168,0.23288870767153316,-1.0898551275157864,-0.23213926885564076,0.21821592510990967,-1.0065380164043063,-0.2617856007153192,0.17699105253125233,-0.8591247122969419,-0.26594204557171874,D
0.0,0.0,0.0,-0.24545310971265744,-0.1552978766244832,-0.16103697832152877,-0.38757182052350614,-0.4166447188136843,-0.25082204143181314,-0.33082014443432817,-0.6568090874659087,-0.33796652839743196,-0.23137182873428447,-0.8562125855358439,-0.41344377385449677,-0.3464245550126118,-0.9853507033768911,-0.10383908644404398,-0.39637764079087434,-1.4466300442215891,-0.19486556578950573,-0.415785290486394,-1.696534916781899,-0.2610646492653832,-0.4215556023130019,-1.9101308397069705,-0.31729760122986667,-0.14441051968362273,-0.9846787809355769,-0.09774098515941089,-0.14675197176735508,-1.3542767552036288,-0.25513835262026674,-0.11876774593150377,-1.1337219291781142,-0.33104632012463864,-0.11289245610465293,-0.9097213267741429,-0.3547853399762672,0.037652320219673026,-0.9221858833090151,-0.11071568892663847,0.05737458771712567,-1.3037826532855599,-0.25089502406639475,0.05721522352398575,-1.1163003241197211,-0.2678642276975359,0.032915029859311405,-0.9106658125775335,-0.2502734760457544,0.20756996437196826,-0.8142906329749638,-0.13986991947585278,0.2234731828123893,-1.1013823811273638,-0.2444704969310438,0.19972981522731692,-1.0316418908996905,-0.2601126339781648,0.1583270610893253,-0.901756279105106,-0.2527222183334248,D
0.0,0.0,0.0,-0.23838327775964005,-0.17477025719626985,-0.1490295082615622,-0.380383644298142,-0.4529505087385902,-0.22996570076644063,-0.3274125256733864,-0.726560819082381,-0.3105716417884821,-0.21606114834040605,-0.9367802955709197,-0.37967188330075324,-0.35356324681202944,-0.9735704256696852,-0.0719417198383678,-0.41018034648163987,-1.4097852581677688,-0.15641434353830377,-0.432462276622687,-1.645267643829413,-0.22173263929592238,-0.4402998893798787,-1.8518046794626484,-0.27802756044820376,-0.15671392559951594,-0.9852525228841738,-0.06868923986739255,-0.17151255755157652,-1.343680817223748,-0.2194382226453395,-0.1527887309635338,-1.1333268757077857,-0.2952993633992964,-0.14991588487357516,-0.9204646862063504,-0.3198875128859755,0.021719763491054155,-0.9333708358605132,-0.08481332323783886,0.029811348432139565,-1.320227187191363,-0.21569094487284426,0.03076865217314759,-1.1546385697818964,-0.23163471091418522,0.01322992523583845,-0.955457067189922,-0.21487702634792719,0.18701639079462054,-0.8309452563965735,-0.11695301619972871,0.1948511989510085,-1.1172482551111318,-0.20874998636427985,0.17338540764384808,-1.076366056628562,-0.22172851030029467,0.1376058687013616,-0.9664342747357386,-0.21484831814247785,D
0.0,0.0,0.0,-0.24376905044573108,-0.19783728401047782,-0.15317572083402115,-0.3870916373648094,-0.47115143492366734,-0.23275530437643202,-0.3269276944185946,-0.7443471303124788,-0.31401852064663377,-0.20386864446006103,-0.9282209917436486,-0.38538313794657886,-0.341232472702562,-0.9757832729976595,-0.04222659884854932,-0.3999335536084735,-1.390213139830728,-0.12363730737197115,-0.4231180382171903,-1.6237732028051606,-0.19403191085165633,-0.41996686652567056,-1.824150752798773,-0.2544659212484441,-0.14512616780638304,-0.9887810601531061,-0.03536114393417326,-0.16575112148781249,-1.3624455090865986,-0.1859414701831209,-0.16462834143685265,-1.1971758519881937,-0.2793748969840694,-0.15998023582032941,-0.9965074172593141,-0.3163855613468068,0.03206355407580822,-0.9412087483909825,-0.04952113163451644,0.0400535702524062,-1.3252179946913303,-0.18349010554867543,0.02544692143857208,-1.1993387798089947,-0.22501232926571188,0.0057976336891168235,-1.0034158899183043,-0.22350245916953138,0.19623208428362343,-0.83826548441635,-0.0797685020070232,0.2038393490077955,-1.1168410348706652,-0.17097240955831156,0.181998634057346,-1.1056184884367448,-0.1993569961585768,0.1522662974384513,-1.0014758622777846,-0.2037467564857936,D
0.0,0.0,0.0,-0.24898012476506673,-0.1880463808645101,-0.1902417547464945,-0.38925643826640755,-0.4747188913309997,-0.28220969815621993,-0.34867573591744777,-0.7831591290540022,-0.37064202642065674,-0.24020412329727733,-1.0218477735465312,-0.4491224405039335,-0.3564503196728484,-0.9713006038931521,-0.04501682468998356,-0.4073767253997484,-1.3846448018658475,-0.12371359690188359,-0.42638672739170586,-1.6264044606763686,-0.20106266339539286,-0.41940025123434777,-1.8284907178685692,-0.27044782323000993,-0.15634100759383682,-0.9874665795819255,-0.021615817202143776,-0.16852997089116578,-1.3620915723256657,-0.1747637652385433,-0.16938028036988026,-1.2197492445259852,-0.2927105602175248,-0.16769464197010003,-1.0134057408150199,-0.3502807618455679,0.01701791348897143,-0.9478508205441228,-0.02314885898064368,0.021951076255561662,-1.328723845652427,-0.1608756382961113,0.008019157642231179,-1.242178070304823,-0.2389171892085411,-0.012761806795245013,-1.0453094436423904,-0.2659860391788915,0.1852248253977991,-0.8528716425688703,-0.04281816325278953,0.19361784565265544,-1.1368914545064939,-0.14071604133676122,0.17187714853276959,-1.1419561856489557,-0.1961385378130364,0.13403104928329876,-1.026556065116242,-0.22381953489111223,D
0.0,0.0,0.0,-0.24786635820489641,-0.2107900166070261,-0.1597169660675393,-0.38064415194913265,-0.49639758958733105,-0.23915903472623562,-0.33837917937660233,-0.797849123140744,-0.32037171715456,-0.23731550867720438,-1.025792376442656,-0.3942393932920844,-0.3478429776352061,-0.9637493919807615,-0.027975511148173246,-0.39270324826626474,-1.3482766653057032,-0.10142753663979062,-0.40730032598868915,-1.5771381313924568,-0.17508482995458877,-0.3954390540061546,-1.7747882233641852,-0.24145004276678042,-0.1535188891698324,-0.9879809078265667,-0.018046507647015327,-0.1656677269897455,-1.3583203443331895,-0.15741486316054668,-0.17701773442541446,-1.2151962396323808,-0.26370618109927174,-0.1812251042966733,-1.0127864090140644,-0.3158312351768332,0.020724064191491712,-0.9514202523459544,-0.03006222370161897,0.025952325537817785,-1.3367438996271446,-0.1523910175639403,0.009859119404066117,-1.2449869795564836,-0.21435130228330845,-0.010811885942715652,-1.0498252491445317,-0.23427743678082114,0.18521008555337626,-0.8574355158449414,-0.05839993529060471,0.1917153619338015,-1.1434023823601032,-0.13925790951633113,0.16572078583445543,-1.1558152043086347,-0.1781517007776167,0.12428805106691256,-1.0512730678052742,-0.1970784375450257,D
0.0,0.0,0.0,-0.24009841614169208,-0.22046797472084975,-0.17291063190542183,-0.3856454466086145,-0.5097470375287092,-0.2590952660274444,-0.3453994272595411,-0.8329201124917354,-0.34646135890012236,-0.2028541618661362,-1.0779495598878348,-0.42560860036203946,-0.35965165222954876,-0.9574507353853506,-0.003684466124646837,-0.3967247475462691,-1.3134796850685608,-0.0777201099492641,-0.40849905758949834,-1.5297249283930632,-0.1608111340226104,-0.3990843423594585,-1.7273948863781812,-0.2360316976258204,-0.1638107935346384,-0.9864427290262915,0.009836984940254515,-0.16651692040653085,-1.36300508088761,-0.12975649055903096,-0.16115004972001293,-1.2242027831423012,-0.24924033514191463,-0.16026637676208544,-1.0251666330510991,-0.31284436573692515,0.012417452797641665,-0.9563845577042708,-0.0018189833045404822,0.023507775334918248,-1.3352359985576674,-0.13331551500314173,0.021462944440344977,-1.2267119799621242,-0.20849500086143707,0.00412823738782349,-1.014543107674283,-0.2365429053494637,0.18182332896391204,-0.8749278048745054,-0.0306160217971701,0.17786722302900843,-1.16221908977407,-0.12378854761739304,0.1600929486503865,-1.137347391485931,-0.17059791941121272,0.12784083067420102,-0.992755674374479,-0.1941796853377109,D
0.0,0.0,0.0,-0.24153092219655245,-0.22533199383923333,-0.15958868953944347,-0.38247222903029626,-0.5258321361463979,-0.23803474444274603,-0.32259006876683866,-0.850546584396516,-0.3177308366441469,-0.18457879300042818,-1.0838302738027912,-0.3887028008352877,-0.3661989227081094,-0.9574966676266522,-0.01928916390805204,-0.4137093287445431,-1.3534327892751825,-0.0957596839621728,-0.4257236738129548,-1.5823880760534035,-0.1719906083918762,-0.41338351376569776,-1.7832530105115487,-0.23958695250768322,-0.1675222143048556,-0.985826938249332,-0.009030810392529894,-0.16659841365271535,-1.3777402322272403,-0.1501537644763759,-0.15343285565905015,-1.2314795844812976,-0.2592867669265209,-0.14860881933590386,-1.0352772598340523,-0.3134354680347811,0.013056294788638274,-0.9550063222277405,-0.020980738096042673,0.03229188457000372,-1.3440247994845138,-0.1516334046596612,0.027546175484195995,-1.2387390054948029,-0.21845949665975983,0.0059515536135746755,-1.0341105789249547,-0.24003834200962518,0.18186333907067787,-0.8720883847478397,-0.04897248330468208,0.19609552973751246,-1.1577856665161315,-0.14489372435862202,0.18062491304502637,-1.1366926022493085,-0.19116543697074737,0.14387857823394032,-0.9997362758916745,-0.21263417578136026,D
0.0,0.0,0.0,-0.23832866782006323,-0.21492154203032363,-0.1866402293782237,-0.3815687769482243,-0.5062924904616714,-0.2795355910818089,-0.3290347806114548,-0.8174497311577064,-0.3695540466968768,-0.18737455316167087,-1.0541835390312133,-0.45172486662963496,-0.3629690240149479,-0.9723857512393849,-0.03266944013665469,-0.407291022015223,-1.3531754954350292,-0.11284264802487234,-0.425730898216413,-1.5740559460917214,-0.19999066914011984,-0.41873539574768803,-1.7656688607263098,-0.27894472282322996,-0.15842481691658603,-0.987248100647432,-0.015580922725706664,-0.1560305733095978,-1.376481192300034,-0.1717424897414217,-0.15939091521414267,-1.2314946496636339,-0.30927465763884676,-0.16079984926656182,-1.031505138549843,-0.38307974847719556,0.019186835922994836,-0.9481152585349262,-0.022206555075809525,0.03662968044669294,-1.3332390948740245,-0.16281567594207497,0.02661280079460825,-1.2500584221918276,-0.2608045340910705,0.004353791822254798,-1.0504012007014465,-0.30507164569286843,0.18361858960848046,-0.8494827113460214,-0.04586501203365955,0.19452504814459776,-1.12185844800271,-0.14877294917231873,0.1780082513318033,-1.1340268256329227,-0.21584068880804688,0.1407599032864054,-1.0248205979530987,-0.2551662133160967,D
0.0,0.0,0.0,-0.24298063574351209,-0.2153657383301217,-0.16032971905015966,-0.37604582588064694,-0.5025905382307572,-0.24011406562878446,-0.32701603541905194,-0.7901330032809784,-0.31886276889325826,-0.1975186725834006,-0.9914096397166546,-0.38953215548143755,-0.3701104598772066,-0.9589914404028458,-0.04605222132115249,-0.4291330741707001,-1.3446734395392312,-0.12764352590224406,-0.4419847191563849,-1.5771080218169589,-0.208666909042772,-0.43159212950961506,-1.7701095058847993,-0.27941377090664327,-0.16365156997941158,-0.9857441982344951,-0.039070952001533085,-0.16383262094350204,-1.3780262979359086,-0.1904420274326883,-0.12670957445062322,-1.238611273849254,-0.31547485685752746,-0.11275047904225372,-1.0323519364739235,-0.37865311526303874,0.019099885556631786,-0.9545732021860905,-0.0513846915374931,0.029659980383682377,-1.3438266628586402,-0.18471459747035093,0.052657747827794775,-1.2592025171648353,-0.2702378239154632,0.043182306860432174,-1.058888952919531,-0.3053089319499024,0.18261599769794645,-0.8670347306633769,-0.07826067780104835,0.19403178959980422,-1.1451537903791629,-0.17425173907006836,0.194137182405543,-1.1468912849414836,-0.22959727188199136,0.16569037563525518,-1.0238291605703473,-0.2589024394559148,D
0.0,0.0,0.0,-0.2311593792327916,-0.20370003657682326,-0.18903543077751536,-0.3580769136692753,-0.49567377386740885,-0.2706337943222154,-0.3111982294145335,-0.8060875209266474,-0.34688193653916977,-0.19371842938916992,-1.0339233060871624,-0.41649703688026096,-0.36031571445325555,-0.9709741325711788,-0.03961904787312975,-0.42286337996050766,-1.3469348821293652,-0.11345805746761115,-0.4362151613979211,-1.5875939933334486,-0.19747130183780434,-0.43118122193550934,-1.7813243957964082,-0.2747962416259694,-0.14762307938675703,-0.9888656771514339,-0.018764300791854472,-0.1544818465064995,-1.3915016150397124,-0.1733468497672259,-0.12433430276266041,-1.2590754825716712,-0.3213269891764536,-0.11699792480900216,-1.0481555184848985,-0.40239127982351003,0.03922018141172551,-0.945731776742834,-0.02009795436761689,0.06288455172046056,-1.3264059810211686,-0.1630597651832236,0.08419957533104672,-1.2670247834945407,-0.2831236579596351,0.06263065695023336,-1.0706644051655647,-0.3416101347443794,0.20630623030996945,-0.8479309536013018,-0.036973713567211415,0.22418350561050246,-1.1255519276827062,-0.1440068734490368,0.22511904551320014,-1.1519579678745924,-0.22615942219512666,0.18620753978465782,-1.0435260392959882,-0.2767195191126469,D
0.0,0.0,0.0,-0.2366587687132594,-0.20431819918274682,-0.18967522099294404,-0.36748096929985186,-0.512645297174089,-0.27816449068327154,-0.307107350020521,-0.8258373931419005,-0.36428948168109104,-0.14910768063902932,-1.0463567938607756,-0.4445575141770114,-0.3604521228020405,-0.9675214689350378,-0.03388931953076328,-0.42154431292437383,-1.3422058831282042,-0.10631814543734842,-0.43421010035137275,-1.5761161509109485,-0.19044624864652462,-0.4241540138256587,-1.7709280939299614,-0.2694570465869415,-0.15698136858087808,-0.987477593653486,-0.01564774586946029,-0.16759721137922093,-1.3797453517606029,-0.16817545444882934,-0.12393980195080602,-1.2412858951694086,-0.315244723228337,-0.09549246747230372,-1.0296151997137752,-0.397535831238228,0.024134607661713835,-0.9513785211040261,-0.01957806579153127,0.03899223142368637,-1.337071909245149,-0.15905501721159845,0.06221202810728428,-1.2540048919862765,-0.27179059156840507,0.05596879302931343,-1.041725624304006,-0.327125814534633,0.19236219572702887,-0.8580259823356005,-0.040386361974610936,0.211877512380782,-1.1440432130260598,-0.1452489196089364,0.2095922748538058,-1.144510056266226,-0.22072920537560564,0.1712724018366607,-1.0060875370802316,-0.2669335261844622,D
0.0,0.0,0.0,-0.21849427129608667,-0.21334267037324647,-0.18522685764112243,-0.34029514644164804,-0.5248108081118853,-0.26883079452098885,-0.2770272007641613,-0.8477159115829461,-0.349753702457656,-0.12543578097841462,-1.0877855136038612,-0.42376103868076553,-0.35757213975666957,-0.963663526455011,-0.024106907447105277,-0.4262452312492477,-1.3097591657731213,-0.09696286937944167,-0.43996083368084443,-1.5366774334409419,-0.1804686025393632,-0.4264419245806075,-1.733268497337749,-0.25712270157091066,-0.15081771578465036,-0.9885547081321729,-0.0036885817348927606,-0.15023482391895956,-1.3842198441843732,-0.14649191247052665,-0.11442781581754638,-1.2534280907237072,-0.2821681829585953,-0.0942938682011793,-1.0546451377680508,-0.3576833516361218,0.031068397827806824,-0.956127427305819,-0.005982434177962421,0.058163394322280744,-1.3376071187162972,-0.14293004169784865,0.07351266229673292,-1.2510488202270926,-0.24529055214367185,0.05440596357371333,-1.0463134434994883,-0.29189858082331205,0.19555597340885403,-0.8715533789849664,-0.024576096191013346,0.21785060707220164,-1.1618070627171937,-0.1266640729352521,0.21847793464065812,-1.1491250804745614,-0.19312134216877827,0.1792595061526543,-1.0040403871794534,-0.23126614608283683,D
0.0,0.0,0.0,-0.22460895688118496,-0.1929292395267951,-0.1892351061040613,-0.34960226013531037,-0.4857360635991357,-0.2931601703865735,-0.28162635441666783,-0.7704654557824572,-0.39106133544767413,-0.13373154147533484,-0.9995470591916846,-0.4825893600627153,-0.3068280729577713,-0.9909044855460823,-0.10651967885113647,-0.34923729322700103,-1.4047594319839833,-0.20142343236845794,-0.35596919630773777,-1.649902691733714,-0.28824648805073944,-0.34298338540589024,-1.8602057812361166,-0.36561054501066204,-0.10237321778077577,-0.9900279424911616,-0.0967698164094926,-0.07770191344483642,-1.370073324293776,-0.2711882165081922,-0.051534703450602154,-1.184819856485814,-0.40087776585492135,-0.04709416352670172,-0.9740491736082906,-0.465506107616435,0.07520611640040131,-0.9298475530200658,-0.10630378855727653,0.11482173449085727,-1.3140561457628428,-0.2600887300281458,0.13530017842056394,-1.1940840860636577,-0.3459769880070472,0.12047151396464087,-0.9887173050435031,-0.38013075673393404,0.23208226042287688,-0.813411806434248,-0.1317025286194613,0.25995243091028175,-1.10394626921751,-0.24687891003872509,0.25711034120688525,-1.0746485015102145,-0.3053843299145216,0.220618892270503,-0.9378009813410463,-0.33545857372875143,D
0.0,0.0,0.0,-0.21087837299624146,-0.18867783919197811,-0.1762806294116858,-0.32732809535542917,-0.46998338911231713,-0.2888254124712652,-0.22605555711097278,-0.7192179907112763,-0.39655528789864336,-0.06501013925137153,-0.9171228033459757,-0.4935894957417539,-0.2665201492243409,-1.0104061193919749,-0.11972233867139112,-0.2833254462074045,-1.4435105245582571,-0.2217749188873742,-0.2747633987362349,-1.6914476595370327,-0.296549430470449,-0.26054387231681025,-1.9040127549372314,-0.3594711705779211,-0.06819432739168842,-0.9910919867343541,-0.11439496292471135,-0.02408362184914217,-1.3092288114908661,-0.2804994619030378,-0.005345000076378329,-1.078871693610262,-0.3599402838286986,-0.02000559879624774,-0.8828197953781116,-0.38641844485906984,0.10509463825769451,-0.913720290736026,-0.12930960870516556,0.16378790179073346,-1.256076123789202,-0.28106950282786497,0.17092499505344613,-1.0613488642530506,-0.29438324731009846,0.13558012755068474,-0.8675873192486397,-0.2741205603924552,0.2566168754527501,-0.7868472337123161,-0.1608233221272751,0.3108772991754451,-1.0484759353583364,-0.2697375031425259,0.30203057681695406,-0.9557959341817494,-0.27686434763536344,0.25379824651846083,-0.8188117054110241,-0.2631597478503585,D
0.0,0.0,0.0,-0.2173665909577744,-0.19582357693189253,-0.17736362753115012,-0.30283587266942896,-0.5014995564979052,-0.27456671496809715,-0.1804695317072316,-0.7220429809195189,-0.36381085512335964,-0.024513506939244454,-0.8830522436583633,-0.4429038551077748,-0.20837089158483907,-1.031400337925782,-0.12773025433943364,-0.18774307510256802,-1.4690907558032267,-0.22099658281298495,-0.15773432783415117,-1.716765077276027,-0.2943337263988048,-0.12007709939009112,-1.9286164644953614,-0.36021092995256226,-0.010127687064061345,-0.9930751150919324,-0.11704377702329012,0.04686285554257485,-1.309932631381546,-0.28265797832273,0.05126728271223563,-1.0805869031142767,-0.3727698639335591,0.02655414168031533,-0.8639060864576708,-0.40962188854014864,0.15471049518665178,-0.8966535639349843,-0.12469636200523297,0.22587069137749552,-1.2255923740424541,-0.27398370153631285,0.2231693925609755,-1.0591599264047626,-0.31518459108950403,0.17947385667001084,-0.8674742339359817,-0.31814492683858103,0.2961596719107711,-0.7587099930710798,-0.1486577851501961,0.35310061792250813,-1.0093002200100265,-0.2690978130822065,0.333944167088912,-0.9327035819688689,-0.3058861848262388,0.2785357246667318,-0.7976118153116658,-0.3157592994311047,D
0.0,0.0,0.0,-0.2078249888038255,-0.19844427397550085,-0.176529941868746,-0.3032213052443018,-0.4900809688869708,-0.2787596852120491,-0.19275590303936416,-0.7195253490757866,-0.37403897997498714,-0.03984308768233044,-0.9008039435428871,-0.4581080725453923,-0.2097744827019644,-1.029477122811072,-0.12243393530832955,-0.21321518023983857,-1.4577778402270996,-0.2223146923392817,-0.19567095971305737,-1.7025553511689357,-0.30154045360541365,-0.16498418688616592,-1.911605279115338,-0.3686074597581561,-0.016520797458081726,-0.9933225522819649,-0.11418130485938688,0.04305448702144426,-1.3159048606438934,-0.28208297839848856,0.05849277656121269,-1.1214024339410742,-0.37509569567267886,0.04184217611745086,-0.92369197542943,-0.411908847977598,0.14586916654918522,-0.8988143454203988,-0.12496802098439946,0.22339369360750838,-1.221578347348368,-0.27735146440676167,0.22604118469279497,-1.0575036997793144,-0.31410769396958205,0.1850534428513657,-0.8667305067323019,-0.31033707413187267,0.2874355478065454,-0.7574598124321203,-0.15229213304775283,0.3588522933382089,-1.0050380370873868,-0.26965256308600033,0.3447573422445826,-0.9278547020751498,-0.29732160783277767,0.2905027556214721,-0.7939861889190305,-0.29801897360799623,D
0.0,0.0,0.0,-0.21096571577787435,-0.1799980143592854,-0.17731940448834643,-0.30737812552065275,-0.4781263874508523,-0.271907080762428,-0.2232318751026172,-0.7290596451455374,-0.3592004149170783,-0.1025442850103023,-0.9133418425268687,-0.43764957660755094,-0.24851272514984726,-1.009158528468184,-0.12030568592095145,-0.25999090914558887,-1.4275496413695972,-0.20766827277933517,-0.24275752437089063,-1.672635863178201,-0.2785881788990983,-0.2131613275849347,-1.8762905258581344,-0.3430973170694548,-0.047604609645044364,-0.9930249067386432,-0.10786721344899806,0.006832230871366777,-1.35506163197701,-0.26339108707553466,0.020418406949010412,-1.1465563443232982,-0.35906036637871314,-0.003237112251468169,-0.9241162082835808,-0.4019477001420051,0.12468286890030775,-0.9110733648315323,-0.11286329732862062,0.1917929541999293,-1.2665319865113627,-0.25330663256109703,0.20131098558130409,-1.1253662213757283,-0.3079141584098076,0.1602989322329666,-0.9315572607503776,-0.32240464683125675,0.27643722188742154,-0.7813898485242501,-0.1334565579452231,0.32894221306838295,-1.0537672059299796,-0.24363123946542373,0.32600318854168026,-0.998285101235262,-0.28673173229806026,0.2762324747633402,-0.8618965682623841,-0.3050185485536247,D
0.0,0.0,0.0,-0.21474388484043272,-0.2060856720885193,-0.14843924342261497,-0.31982017307444466,-0.5091739397186951,-0.23173205888948745,-0.22496781380214953,-0.7643609458792431,-0.3127367721573317,-0.07971150573674353,-0.9514085642608159,-0.38527321545742776,-0.25222662718745464,-1.004636169202112,-0.09287096283310219,-0.2776447795593583,-1.4043684347893166,-0.17667571120735584,-0.26776295749066825,-1.6394209061668457,-0.24656307481716744,-0.24309078404063186,-1.839982796230622,-0.3092027232501768,-0.05853146110623606,-0.994155585112936,-0.09071240626025139,-0.006459853646153503,-1.3528720526353444,-0.23084976941000207,0.006542007273400941,-1.1576597429268556,-0.3155896992831083,-0.013787117670507148,-0.9520431560566889,-0.354035647934993,0.11004358437491818,-0.9196564871604374,-0.10430335965839854,0.16932012491075238,-1.2909058802994258,-0.22911545461800317,0.17734449544368372,-1.1613726970984566,-0.26702777948122497,0.14173659481629036,-0.9765120442539013,-0.2732716050674085,0.2594372570475775,-0.7919777571876631,-0.1321558754201757,0.311565232689859,-1.0690897374929385,-0.22830544309022704,0.3054279969375677,-1.0258793282068368,-0.2569647097203047,0.25521474050551296,-0.8984977305136327,-0.265940105933621,D
0.0,0.0,0.0,-0.22094946195867068,-0.2223629988231913,-0.1537970057172497,-0.31561851512016414,-0.5388848428666478,-0.23274121959617913,-0.21944886821000473,-0.8084534512818689,-0.3097104441663447,-0.09558572878479418,-1.0077437974667633,-0.37751676105478404,-0.24155161009201304,-1.0113721281974422,-0.07432362077680314,-0.24759948520034175,-1.4170165615466497,-0.1556395896952489,-0.2325886943682244,-1.646420702959473,-0.22343703406152363,-0.2023341521220258,-1.8419434880658743,-0.2832848312769447,-0.04821192043925014,-0.996457190938112,-0.06891064761912015,-0.012200097143995474,-1.363833905356563,-0.21694151366825576,-0.008639258248586154,-1.1737923672763177,-0.3069707116971592,-0.024001916626378166,-0.9594548301683741,-0.3440374740861136,0.1198849128204492,-0.9233906817424048,-0.08139366067820737,0.17539414148926422,-1.3018694238950734,-0.2103832979100339,0.17407767153389525,-1.1771499723306909,-0.2531693108363728,0.1382226719637387,-0.9909994523040161,-0.2580095181361336,0.26813671983818893,-0.8032409582604263,-0.1092290282351796,0.3099661876666283,-1.0879342594589723,-0.2031476233761042,0.30075635799268524,-1.0640726348497274,-0.23415919272178207,0.2550718172004707,-0.9492027445574154,-0.24303071009224644,D
0.0,0.0,0.0,-0.21135718149487698,-0.23583418778785162,-0.15090347567635068,-0.30444737037039254,-0.563048067404017,-0.22302963840371007,-0.20498835180978414,-0.8511179446786585,-0.294218889181165,-0.048935967109724865,-1.0528255371541897,-0.3578829087494611,-0.26848059526647816,-0.9911814257328495,-0.052523529759832904,-0.3165959519912871,-1.3660873580213737,-0.13532503015070502,-0.32548839564803156,-1.6000250886002536,-0.21133626539015807,-0.3165748479597705,-1.7933712790816607,-0.276777114423557,-0.07511353014520135,-0.9959807577697143,-0.04878819264526643,-0.05134060328050717,-1.3781837912745352,-0.19403069192290898,-0.03299508278194528,-1.2133880674882296,-0.2973940136620112,-0.03401388754980026,-1.003047549772503,-0.3442596446943988,0.09651148882544824,-0.9340954792635786,-0.06359142343712314,0.15145965807318734,-1.2983915890987492,-0.1944493699104795,0.1530057577734296,-1.181927461896416,-0.25411843836780723,0.12479089105777236,-0.9820364983367282,-0.26939326493278337,0.24950592994429643,-0.8176059660523196,-0.09317655159767299,0.2920602214367009,-1.0952206308436316,-0.1883043500088985,0.28289617807000295,-1.0832973118200127,-0.2274356019980478,0.23657925185704848,-0.9609644287228727,-0.24231386775341063,D
0.0,0.0,0.0,-0.1966465438196092,-0.23931697597955068,-0.15005852047952614,-0.28789398756243717,-0.558607797529839,-0.2143589259308086,-0.1828096562892223,-0.8454446313571629,-0.27819913999312945,-0.02613965330113583,-1.0515301767800838,-0.3356700817945191,-0.2766977274233455,-0.9876941004529916,-0.02269322556126926,-0.3421879950632526,-1.3631231557112238,-0.09303867645353901,-0.3479678845566551,-1.6171606890028751,-0.16909449113244243,-0.33410120533262283,-1.8177727630339533,-0.23681255303516233,-0.07921821988645936,-0.9967516780997829,-0.014510887060663526,-0.05329643715299278,-1.395161790048794,-0.14750923359340065,0.011647348510550543,-1.2811970514281183,-0.26695174120819065,0.04546092079805892,-1.0825804942504333,-0.3294057387374059,0.09400543235151408,-0.9401268467289644,-0.025360969224226863,0.1435123058875746,-1.2983830218524735,-0.15266620585603607,0.17933215314007048,-1.2307174339556064,-0.24601002374845268,0.16857644895549231,-1.05320723848398,-0.2874628708937384,0.25238710355631705,-0.8334157084269926,-0.04944661079116203,0.3004826332217024,-1.1067412568706396,-0.14637098024780815,0.3031073115244804,-1.098199165801773,-0.20516610076570665,0.26260595540288145,-0.968641710514373,-0.23672197424943242,D
0.0,0.0,0.0,-0.15714747338105253,-0.3005397524088675,-0.156144876353636,-0.19843774786700089,-0.6330986662371397,-0.21009181698621499,-0.06147898997569041,-0.9135085485912462,-0.26286665413685434,0.0934438893985171,-1.1166383327808724,-0.3110744091061705,-0.22751094121606213,-1.0101442853525022,-0.003256548092306585,-0.3182964363408139,-1.3607561802275498,-0.07415719421509268,-0.34371559431268733,-1.5965363835869613,-0.16153169170805834,-0.33161531692865204,-1.7819681814267705,-0.23381763472904785,-0.028486217527768243,-0.999447131531205,0.01714545668703275,0.03242797455438581,-1.3841200357077874,-0.11142140320613683,0.062772406722459,-1.3032186515727735,-0.24452288349397613,0.07774635213235102,-1.1179341151732685,-0.31700467609866345,0.15035333913922466,-0.93778628254791,0.017237482381118458,0.23563693394610347,-1.2787067186989993,-0.10773249303755168,0.24215133059249394,-1.244951469094803,-0.22182562259567792,0.2073467692997041,-1.0711124437255308,-0.2752001693944639,0.31143458549290237,-0.8265354392478648,0.004374020053036497,0.38610027560700116,-1.0819219657141284,-0.0793308843041751,0.3853160640815256,-1.1322034678183313,-0.1424390463712635,0.3313068958799827,-1.0516521992361691,-0.17919253002888302,D
0.0,0.0,0.0,-0.15986380443262022,-0.29814043479194674,-0.18529095920920202,-0.17166974902340043,-0.6365399790987396,-0.25714628678252516,-0.010056983027681793,-0.9031046654628262,-0.3239660095507764,0.16375189915016944,-1.0852330714485279,-0.38619629735542466,-0.16872000336185766,-1.0194495811640205,-0.04352588380587738,-0.2618036243312075,-1.3756132082006796,-0.1367688443906348,-0.2854397289722778,-1.6108148638140378,-0.23498219830473724,-0.26955923062572257,-1.775857219936149,-0.3116083876047099,0.03535608435059057,-0.9992594877578229,-0.015179704389983855,0.11158846974028437,-1.3776591118360175,-0.1655883154356064,0.13271494469640327,-1.288601840723356,-0.3024648949503814,0.1275543275816118,-1.093477375985276,-0.37448755513258314,0.21824152613921882,-0.9302362716841424,-0.009800418601590232,0.31801315433194355,-1.269399359698605,-0.1574640476883817,0.3147649531319419,-1.2210848262311875,-0.275088920689621,0.26689734623910305,-1.0345697897552777,-0.32665782273188393,0.37891715385190655,-0.8179983735891284,-0.019182243166417725,0.4347328799423637,-1.0724302066590519,-0.12362614022076412,0.43297695643465617,-1.0936614134775509,-0.19387988000409956,0.38975962584743884,-0.9984761176426795,-0.23227977194176647,D
0.0,0.0,0.0,-0.16729365156421203,-0.28974952959377304,-0.12133173094999092,-0.21080710789484597,-0.6206275999647184,-0.1633915144317019,-0.08260478829046121,-0.8814843702644043,-0.21034296365098784,0.07151900662188976,-1.0571068974186548,-0.25031763776827143,-0.1962714814565483,-1.0131190564974204,0.01892969276390784,-0.2507451243179749,-1.358911549479595,-0.04597665420876701,-0.2648934475235164,-1.5916040741538364,-0.11349553979628983,-0.2454580639736967,-1.771311382088382,-0.1680476022819207,-0.009309816924758846,-0.9996536181850973,0.024616477373320168,0.07520395559041368,-1.3439889291561709,-0.09607925856034692,0.06292378272242391,-1.236136579369692,-0.1891483007951485,0.04177430395479099,-1.0479283985628296,-0.22619240880810954,0.15996396881906377,-0.9308429500638311,0.01080327432219979,0.25910184119471313,-1.256195375730863,-0.10717904787628918,0.22178647397869847,-1.1844500039807229,-0.16906988019369945,0.1737519020356588,-1.0018663817824656,-0.18064709924097486,0.31510799221514474,-0.8135550335409995,-0.014788042477317066,0.3958115299716446,-1.0858284327995387,-0.09400508270121723,0.35728970699864177,-1.0859831066145371,-0.12264979353161395,0.29011734392583943,-0.955366174084211,-0.12733942626546055,D
0.0,0.0,0.0,-0.237650259501495,-0.20479392895872725,-0.13722402033991987,-0.35445118470837933,-0.5006564946905967,-0.21032147389283076,-0.2445244421353537,-0.731778223194992,-0.283218070993596,-0.11020174034904766,-0.8817554209555284,-0.3477677523916504,-0.28922529253940366,-0.9931287584777669,-0.07219524125395206,-0.33614707373567604,-1.422216129750259,-0.15245237926527816,-0.34479807717998195,-1.6701022482999763,-0.21826508174223785,-0.33460221088312003,-1.8834212987570602,-0.2776534129147038,-0.08191886658686828,-0.9941573339544256,-0.07028865229716308,-0.0530863781559911,-1.353294145588876,-0.20461205633713886,-0.04149838322843581,-1.1394713769063223,-0.2748215690402399,-0.05446212880279394,-0.9245604245034152,-0.3013492847322924,0.09739263341328365,-0.929766718963866,-0.0855816126088337,0.14620321512381276,-1.3024934483939767,-0.20138809305766842,0.13740519070783855,-1.152936364964399,-0.21961274224225172,0.10061338298951977,-0.9660157679137202,-0.2118058239037448,0.2561299576968384,-0.8135135040089481,-0.11595525623094284,0.28679068618991205,-1.0829400993248028,-0.20273004030748792,0.2601555137837872,-1.0352464580272718,-0.21873383011547626,0.21008420819703513,-0.9132316206930109,-0.21836480176333864,D
0.0,0.0,0.0,-0.23407540605951685,-0.13326735927518982,-0.1653752719429748,-0.37490199187406203,-0.4105943838989658,-0.2596381658314426,-0.26428857908462483,-0.6348865898033634,-0.3441022846967104,-0.10917688659204063,-0.7708198963092892,-0.4185589420988062,-0.29711105327938053,-0.9777819898803184,-0.1261128766654484,-0.3305711874819582,-1.4326623986764566,-0.21937002309775885,-0.3364314799836195,-1.707066441768591,-0.29246047210309234,-0.3298493420236654,-1.9428579100226133,-0.35703502264063935,-0.09399126427093288,-0.988812746764224,-0.1158231154707148,-0.0817216826597524,-1.3278611404316296,-0.2591143297022992,-0.05292398946942331,-1.1303750596804907,-0.32287179439327135,-0.048032277443126395,-0.9212033219320758,-0.3417593935347196,0.08437486773443284,-0.9227643351253814,-0.12371270973072206,0.12557379425104048,-1.2710254381824813,-0.24836909807294935,0.12785038377334856,-1.0941535979229735,-0.2465855587770194,0.10628860916897077,-0.8923489826806585,-0.22117779929532042,0.2524811218611355,-0.7977191628120051,-0.14909851326631254,0.2811270125636474,-1.0555431501108705,-0.25129501825894585,0.25727745356322873,-0.9693721768347426,-0.25568964990432086,0.21993404156020738,-0.8268717334996649,-0.2399620557586225,D
0.0,0.0,0.0,-0.23091622196489192,-0.18370361920201392,-0.14347002659151503,-0.34476861848627466,-0.47004584006139843,-0.22584151181129616,-0.2259158639180706,-0.6630607640945313,-0.30395371586240233,-0.09628401828626529,-0.795078997961168,-0.3728583198692539,-0.2675324885670385,-1.0019832946124023,-0.10506314986438771,-0.277353897963526,-1.4460896623657247,-0.1957304002297891,-0.2747902719549681,-1.6975394895998435,-0.26742187283016633,-0.27004508113102144,-1.9168241091083134,-0.329146134402427,-0.06857515668587642,-0.9923706166018341,-0.10245978328496991,-0.030558458802871277,-1.3484727976306055,-0.23579668285445954,-0.00712491252772991,-1.127169023795901,-0.2996808430162026,-0.01679138254744478,-0.9130184377757852,-0.32335576369136065,0.1021781512542912,-0.9158765405523634,-0.11630289966016356,0.15521845155509528,-1.2732035242509336,-0.22996012055434237,0.15427502247160158,-1.0857625098151378,-0.23249801432775563,0.12000307599456922,-0.8912122147175181,-0.2157241888944073,0.25847336251384173,-0.7922284812371617,-0.14594960258578143,0.2921411833496896,-1.0562120764828122,-0.2355814717153018,0.2699333592658709,-0.9591032473896329,-0.23941580463223316,0.22551495253366194,-0.8141351620219119,-0.22881406628254897,D
0.0,0.0,0.0,-0.21519631262616104,-0.22398022101824797,-0.1455587362053022,-0.29804611333606645,-0.515552808394481,-0.21860919038392918,-0.16128222381616025,-0.7278368091473298,-0.2886066111015427,-0.027513938095440883,-0.8671873487954863,-0.3494533605063759,-0.23455006326280836,-1.0135307783017349,-0.07420040653167478,-0.23486047096330606,-1.4460027961686233,-0.15302253415739223,-0.2210097984989767,-1.701937335016655,-0.2194874177869461,-0.19864688491241883,-1.9156096959525408,-0.2784950560450611,-0.029928919690420618,-0.9973406680821725,-0.06645187398087597,0.03209693104007458,-1.3657907345298739,-0.20014080991719793,0.05565643967800502,-1.1642712466855483,-0.27516552789334003,0.047634265003364096,-0.9468444537653272,-0.30297325767644967,0.14377300193332843,-0.9215065172333596,-0.07591793931130068,0.21625102085031703,-1.2692035771152592,-0.1952512984481112,0.2167376975102237,-1.1048497214047825,-0.21990965821495345,0.18139770817025355,-0.9060447271098169,-0.21336951687399727,0.2955952968427453,-0.8031138241780106,-0.1005717213514756,0.3418315165554123,-1.0672654504923371,-0.1951463966257706,0.32851933607696976,-0.9948622490320208,-0.21615872194916458,0.2864312479750099,-0.8518921425236926,-0.2159862967668581,D
0.0,0.0,0.0,-0.17061258366640228,-0.2619225084832417,-0.1350774184041245,-0.2320362782901336,-0.5586839850843848,-0.20037889649923898,-0.09288976476070794,-0.788584223291633,-0.2681822501329431,0.037764204581907046,-0.9244581767663399,-0.32716855924938126,-0.1963762757952966,-1.0327085685232715,-0.03610935890136228,-0.1908099328602436,-1.453278604169788,-0.11454924499760985,-0.16830722333304424,-1.6933925679133808,-0.179634135779809,-0.13523478158901966,-1.8863122503902683,-0.23267861862797012,0.008644015863871653,-0.9995203522490093,-0.02973796277086689,0.08809621681499151,-1.3452952174232171,-0.16454028767181655,0.09043823908292482,-1.1642585844905387,-0.24152718457007033,0.06990273178201425,-0.9589428265823263,-0.26652528746815063,0.1825585856114281,-0.917331289642458,-0.04249285445013007,0.2730725605328834,-1.263957097613913,-0.16820090345015232,0.24549072588538134,-1.1187881377396853,-0.19668926171430068,0.19637338143204067,-0.9306270296525049,-0.1856172670237177,0.3283587578723891,-0.7977185925304489,-0.0686836950501074,0.3884906016962182,-1.057421124396383,-0.15541616930286548,0.36212005807132797,-1.0056667738199407,-0.17081789022740015,0.3127359498045646,-0.8763849738575804,-0.1638116317221331,D
0.0,0.0,0.0,-0.17631623321074583,-0.26497574097364435,-0.13128856110264003,-0.22435517293050947,-0.5714499156878506,-0.1932051180010148,-0.08805808475772897,-0.7974679332975446,-0.25561861574842243,0.056654490577924106,-0.9368867049916272,-0.3083622091006726,-0.1539179691575071,-1.037167400335367,-0.041385246012479164,-0.15783793638907118,-1.4469047470330416,-0.11574532742640595,-0.14674130004870767,-1.6878849173813397,-0.18196544043023805,-0.11826819551391998,-1.8759918502694268,-0.2372248131921453,0.04672423543644334,-0.9983294195279558,-0.033988467571435206,0.14520041538081316,-1.3578978380258624,-0.15679093842807962,0.148043192371246,-1.2005290165085007,-0.23164920800933655,0.12243651767756557,-0.9983323761342902,-0.25960730867826776,0.2124139327139799,-0.9102235363011556,-0.04402686982898792,0.3162883830570656,-1.260823828635536,-0.15047821432854983,0.30393469625690067,-1.1448837142260189,-0.17912238625796137,0.256564442336412,-0.9670694671392259,-0.17572382887264476,0.3493294443783522,-0.7840547958942543,-0.06827702042865855,0.42613912033722345,-1.0493530533421989,-0.14397294124149848,0.41726092428303235,-1.0148590663914634,-0.16003124037955438,0.36872083978960424,-0.8939981735062204,-0.15752500834451844,D
0.0,0.0,0.0,-0.16741703616632098,-0.2761803906335306,-0.13258108524150197,-0.21192134988070266,-0.5745356313985002,-0.19748113795263464,-0.061579902842364205,-0.7964857267790784,-0.2643696482875041,0.08690170843367238,-0.9391802709096793,-0.3232558405287383,-0.12650363229185016,-1.032842713513772,-0.04742435941562936,-0.1407355270706301,-1.4509177349548499,-0.13329901552761975,-0.13538619993821413,-1.6861439554662463,-0.20562180339209402,-0.10903628946680965,-1.871635353828303,-0.26307740173714367,0.07791125937580892,-0.9960695695239445,-0.04213369590789971,0.16488356301884963,-1.3532972377071948,-0.18063004283331677,0.1592448949578959,-1.1677203296549175,-0.2598565108456319,0.1320801566825853,-0.9468669457663568,-0.28655863610391774,0.23969807902032592,-0.9038379227829644,-0.05413163060976497,0.3331318329180144,-1.240247461442988,-0.17426340828350495,0.3117534160640969,-1.0913395445892518,-0.20043341282962662,0.2672242448816278,-0.8955126595711206,-0.19102764208777478,0.3670473623765106,-0.7690624708356585,-0.08044437916637874,0.4177302483587051,-1.0126159431563455,-0.16167550876444015,0.41058969207590856,-0.9661856728145494,-0.17628795584372117,0.3777355765047459,-0.8452255044808781,-0.17031580931245696,D
0.0,0.0,0.0,-0.15911126919615512,-0.2636691688372109,-0.14368985417729802,-0.18537412766064745,-0.5775569307942203,-0.21076363493423464,-0.030125407883007414,-0.8027083802376246,-0.2749718760018917,0.12043870096421036,-0.9576097431015533,-0.32908850989390653,-0.0844240820691373,-1.0406741284927683,-0.06936924844724626,-0.05826825512156597,-1.4516451747343753,-0.15895339706186676,-0.035054308340476244,-1.6897268737995168,-0.22910961427566287,-0.0005772764685785847,-1.8825676885561096,-0.28417150741520747,0.11552268393007462,-0.9916747531849334,-0.056883155619161296,0.20124799175585342,-1.3240802063599821,-0.1937459953810059,0.185986585785251,-1.1245652828005697,-0.25845984887495127,0.15703010081157998,-0.913013029959659,-0.27469054663276254,0.2736567950180435,-0.8935233835543948,-0.06300616514948965,0.36965911053336725,-1.210429087427179,-0.18101325545231373,0.33868438774294035,-1.0529205656452878,-0.19039212439577424,0.2884509291346806,-0.8749415229778308,-0.17009063650191988,0.40173288843736266,-0.7624583359218,-0.08492277675099609,0.4713331054129403,-1.0093084433558104,-0.16771784130047937,0.44257581798465007,-0.9476786057768736,-0.1723154581536357,0.3876800466786599,-0.8274705676419536,-0.1581996858271137,D
0.0,0.0,0.0,-0.15939344932612223,-0.29972050188916954,-0.12436406205288221,-0.1775219836140596,-0.60430846040195,-0.1789922251818415,-0.0008713685218738677,-0.7947669914905265,-0.23793092706185726,0.15888680510013523,-0.9101635257032298,-0.29023957082625623,-0.07507762791712554,-1.0504144079541429,-0.023623714703735945,-0.04942535243975105,-1.4560858291278442,-0.10335603565171238,-0.011615600432815202,-1.6900242104096845,-0.1716822943066768,0.030801090843526675,-1.8791392162858616,-0.22516242878778783,0.12208885287457796,-0.9922391459778304,-0.023575181716276258,0.2275909379745797,-1.331732956389343,-0.16088403605870868,0.2261553632970278,-1.1413746624541938,-0.24026460430405974,0.1881337238420053,-0.9317978792434672,-0.26437292678313606,0.28231298039296493,-0.8891303469717909,-0.04201802709066474,0.38544956791678625,-1.1968755277057688,-0.16715709235715256,0.35821185825525065,-1.0396704241549675,-0.19711325408886007,0.29918209935714607,-0.8639219434436284,-0.18618144968289124,0.41374721104228696,-0.7562344899094965,-0.07358255396114835,0.48762000822415635,-1.004798811679931,-0.15275507273729166,0.4579423674566675,-0.9435665646358485,-0.15967245978481692,0.3956415030368132,-0.8254802507689213,-0.14719200376398295,D
0.0,0.0,0.0,-0.14226174445286677,-0.30152267434740176,-0.10862735824360147,-0.17541951618399,-0.5969915854899852,-0.15857019512587855,-0.04155844912068397,-0.8027707410547427,-0.21756903856436993,0.08512853897114715,-0.9346520521836983,-0.27236761879291865,-0.07969169824757957,-1.048327145122822,0.010206142990447198,-0.06567977996551506,-1.4351011873692159,-0.06160752827862574,-0.03404668117944065,-1.6456884251537447,-0.13155913862867163,0.004954703968447581,-1.8148929425196685,-0.1877030549249498,0.11056052814928542,-0.9938686391849119,0.0012237892312966072,0.2006118862934514,-1.3496995744493396,-0.13353033458243113,0.20263657080317873,-1.156024322022011,-0.2240475247567819,0.16582798999546053,-0.9316744470833154,-0.2571357749524177,0.26500129825002305,-0.8933411933305484,-0.0262518173512505,0.357475417743815,-1.208203789741205,-0.14892665988419937,0.3416537957696869,-1.0582191613531196,-0.19378598547104103,0.2854723031212202,-0.8658292043536434,-0.19466570086613114,0.38820463088977974,-0.757657620346711,-0.06558301273897608,0.44867559472933904,-0.9955307549223771,-0.14101071592817424,0.4292133088407978,-0.9743377526759026,-0.15849865059674173,0.3738975366985185,-0.8845815704409333,-0.1574472675838388,D
0.0,0.0,0.0,-0.1384134251733349,-0.3389985128828433,-0.09046487426918963,-0.1583985966768961,-0.6413345211899729,-0.12421233444045683,0.006071599674983163,-0.848903740114372,-0.16911280235741225,0.17212688052036246,-0.9544429277867323,-0.2097419520005294,-0.07188890939913671,-1.0317747306823626,0.06373695543831039,-0.07567246176687549,-1.3664314698886317,0.008565426495592334,-0.05779476429244727,-1.5454653961644302,-0.05876126168274046,-0.026762091345788882,-1.6880507476946534,-0.1129526564488869,0.11081494480569323,-0.992310982942422,0.055126773346124834,0.20707653204286805,-1.3317828524080952,-0.049644690591804194,0.21291475372133647,-1.1919444070439205,-0.13529482784957184,0.17829748904235188,-0.9992962928340628,-0.17068926777717736,0.2626704711075764,-0.9025205667985057,0.027473589485502763,0.36245818771027377,-1.2034671509526476,-0.06992761057589357,0.34616086002234525,-1.079397986092368,-0.1157899965885847,0.29023217676061575,-0.900117009169754,-0.12272866034784133,0.38406238959773714,-0.771955007162516,-0.011332697888293462,0.4462333449278606,-0.9992203860513581,-0.06756588860503984,0.43504251639195435,-0.9756659456132216,-0.08087293547821868,0.3899279565768073,-0.8819495929501575,-0.07940024517956792,D
0.0,0.0,0.0,-0.1344625790846307,-0.30316853850907033,-0.13624860084743018,-0.15405421354714388,-0.6104354022363904,-0.192814584519353,0.017333062999239143,-0.8217137152652583,-0.25182593210695403,0.19698081917564877,-0.9409952571601129,-0.30567352862530794,-0.0880494265081456,-1.0432314584203977,-0.009676258506338652,-0.11557552071989974,-1.4060329119761534,-0.08775378800992342,-0.11360810857786952,-1.62441418676012,-0.1692072805754968,-0.0893245373973027,-1.7943937840923276,-0.2339838466328907,0.1061764264761052,-0.994345906582322,-0.001668689229410051,0.2100653128549509,-1.3467881275254936,-0.12964046877772953,0.20930918240855045,-1.2042310247140073,-0.23016796559599942,0.17916167231800934,-1.0106181774845169,-0.2763379688383914,0.2657705230276232,-0.8966010710742762,-0.013532835448964909,0.3822804049420035,-1.2196887369080345,-0.13542528096870857,0.36594847829355037,-1.1098359943816545,-0.20024780097673092,0.3072437870188909,-0.9307614734624997,-0.21735078735170515,0.3944761998498869,-0.7561459127050238,-0.038759289251501496,0.4679784621593623,-1.0083797367668939,-0.12333129055578997,0.46266836425168645,-0.9900833439391886,-0.15824997148827294,0.4116663836543842,-0.8862285816291903,-0.1694298848879233,D
0.0,0.0,0.0,-0.13953085300653137,-0.3289966607660144,-0.11658757127727862,-0.15739688252776945,-0.6350765893274803,-0.16482618257277112,0.021290779959952197,-0.8516465624824897,-0.21937978515118406,0.20003893853000637,-0.9733810044752292,-0.2695056356520317,-0.09320381738602292,-1.0315909590615242,0.010918130577334905,-0.11139681382843922,-1.3843222494626701,-0.06350681274104077,-0.10417713454245237,-1.5826514534753262,-0.14087018408874707,-0.08070273408687816,-1.7332043565934994,-0.2004866725892735,0.10178513865212939,-0.9947404426873525,0.011455881971145521,0.20791207153071214,-1.352984798686779,-0.1081240013142837,0.21303455329583773,-1.216468427052667,-0.19669561477107858,0.1797573868642049,-1.0170346894098046,-0.23387620389208402,0.265838510747028,-0.902417419452433,-0.00729923093606362,0.380492510468673,-1.2250667928499068,-0.11569799979280102,0.36859686812049114,-1.1045254680365033,-0.16183980367113776,0.31563062752780563,-0.9183216474466017,-0.1682883229512602,0.3977574201876862,-0.7670113429801779,-0.03917775133163558,0.47433777837847585,-1.011114955702511,-0.10582800094349533,0.47585066056442676,-0.9947658894521432,-0.12329739252214865,0.43613402225784176,-0.8996480432389881,-0.12372352080447165,D
0.0,0.0,0.0,-0.11909444723678816,-0.3271424442496285,-0.13652932768072432,-0.1290621387922404,-0.6428800643847488,-0.1915745011886447,0.04075092396132646,-0.8737166067066656,-0.25126230226388585,0.21842565428263142,-1.006329963835316,-0.306122187985283,-0.043748961261558104,-1.0524000091788077,0.008130952322329271,-0.04707516082242884,-1.411571943668067,-0.07192147862996306,-0.03196025369331095,-1.6270640549675865,-0.15596040435514266,0.0026001642703527552,-1.7901085339840124,-0.21982031494426849,0.15160479951729758,-0.9883296473494663,0.014849004458207976,0.2805806297380982,-1.3467146089029878,-0.11828488271760576,0.2773782023593471,-1.2201290993104403,-0.22405573321797292,0.23537912367258418,-1.021847486223513,-0.2702032399115531,0.3131137447187676,-0.8804529432852468,0.0004111135301197659,0.4373060883455415,-1.1959219161361878,-0.11796342626544479,0.41283096922148976,-1.0901325042543426,-0.1815245023176402,0.3463714723211949,-0.9135695895689745,-0.19710777867758802,0.4393945660852157,-0.7336992071280757,-0.028234597964959324,0.5253801917164561,-0.9796006260610506,-0.09352407392318725,0.5227591616376235,-0.9894319785270032,-0.11773974865160103,0.47506893368795633,-0.9183070765397613,-0.1245617046964414,D
0.0,0.0,0.0,-0.1354812188896612,-0.28197504082374036,-0.15420454767720826,-0.15192133096515403,-0.5687978190646884,-0.2259207822031436,0.014255090455685002,-0.7641794417291399,-0.2967057218240757,0.17185183279715371,-0.8855645663541807,-0.3605809715751144,-0.05596760006060224,-1.0406804036315231,-0.06716302662477754,-0.054593553095810265,-1.441739593137723,-0.158530270140561,-0.0326600755787424,-1.6750575658693074,-0.23744769735340263,0.010790572860446088,-1.8595331317534716,-0.30022718757428724,0.14998185967592526,-0.9871426699169096,-0.05527016371847101,0.2512473804902446,-1.346825923116141,-0.20545468253262336,0.2367495621215734,-1.1641080177879322,-0.29510720446010136,0.19681235318256676,-0.9405462018690095,-0.32884526715821777,0.3143961517129537,-0.8847893423220077,-0.06241423552432797,0.42133426148599484,-1.219419876161126,-0.19395737336690613,0.40418901541521846,-1.072010650121095,-0.23770112693309509,0.3517677830600482,-0.8728286421678539,-0.2392142514647937,0.4452373160799487,-0.7498726069509191,-0.08532313762147084,0.518008649682591,-1.0036702769377812,-0.17314344012824884,0.508543672284926,-0.9693593222686802,-0.19862246214561738,0.4615118463233269,-0.8626982798226717,-0.2024457501771657,D
0.0,0.0,0.0,-0.13734014215641524,-0.2995942623335916,-0.13611842076707173,-0.13908371953052967,-0.5947797910794898,-0.20001810252961139,0.0204434677624883,-0.7639621187601542,-0.2678170044162923,0.1684972520651345,-0.8423477238367986,-0.3293979720355476,-0.06137650528043461,-1.0392982039229788,-0.05253666726624774,-0.06272360551500955,-1.4310873470523793,-0.14563613399505,-0.057013412665781235,-1.6648523431145568,-0.22265720652102775,-0.02453824677805796,-1.844990809424473,-0.28171903158256284,0.14203609116030994,-0.9885369130337848,-0.05119101852410771,0.2663510372429929,-1.3454338780390425,-0.20288785074386623,0.23920572276249785,-1.1693788957564186,-0.2861404720320685,0.1899734044701443,-0.9425852125611558,-0.3104557580466267,0.3057507224747667,-0.8870260872636041,-0.06797163612281593,0.43016202172275636,-1.2146229306369625,-0.19738340244513805,0.3977172831503931,-1.0704958835855114,-0.23001763461547964,0.3393609194294042,-0.8732217675086837,-0.2207511484354407,0.433963131043109,-0.7465558502945103,-0.09958913205882895,0.5205846266538272,-0.9840479619783241,-0.17680321345974895,0.505853195820286,-0.9683405519536141,-0.18893215797640442,0.45683755689489014,-0.8790787952055206,-0.18288902229669798,D
0.0,0.0,0.0,-0.13513269711287415,-0.2993723985864779,-0.11536820652100238,-0.16643277220126393,-0.6073324260493526,-0.1752968302288479,-0.05379867644874952,-0.8240408526400382,-0.24048610362963915,0.06420166456719142,-0.9503636726077551,-0.3015431486936052,-0.07098410675911808,-1.0343222131262582,-0.03747664637413228,-0.0834684886144499,-1.4181785869442491,-0.12358829646935926,-0.07563429242627927,-1.646108007967949,-0.1982332523858201,-0.04506398777262566,-1.8302412514924606,-0.25639673003323776,0.12101672547951706,-0.9917080425887862,-0.04324477331347198,0.22343668885639703,-1.3575316783931688,-0.17904016555957142,0.21651846513509826,-1.1711995038632637,-0.25675697125693026,0.18866202192843923,-0.954719738675462,-0.28274279722536844,0.2752043920710202,-0.8989714694531871,-0.06533549796144003,0.38089991898708564,-1.2220105443807145,-0.18352926269611045,0.36367689444220036,-1.0699285972072592,-0.21495251418818143,0.3157106317648846,-0.8896270907502245,-0.21046037634149767,0.3930632018511335,-0.7709951665944028,-0.09963132905935584,0.4646337786687123,-1.0161798989761612,-0.1712089547959065,0.44556111778560487,-0.9546985089900879,-0.17943912055197025,0.3943670583611955,-0.8375290005569662,-0.17280520322920412,D
0.0,0.0,0.0,-0.15771728823948994,-0.2729840476625578,-0.13807244065177854,-0.19431784581836317,-0.5846149785956062,-0.20652315076784214,-0.03594219041079821,-0.7738364142103372,-0.2749735755305909,0.11578724386939623,-0.8801449058076074,-0.3374538239719005,-0.10937752356939248,-1.0431031071693813,-0.06436064293406955,-0.1261352964799515,-1.4598229296319325,-0.15162827828381314,-0.10957019412759474,-1.7201522426278275,-0.22339416614140853,-0.07031333961123151,-1.913605924467429,-0.2804000253782052,0.09144181217503762,-0.9939262300147722,-0.06122943960846927,0.20019018875579805,-1.3567485183641073,-0.20119985614355446,0.20637801831815655,-1.1918141882261748,-0.2828895618384834,0.18377301356187148,-0.9774684205088078,-0.3116117141410329,0.2529577237421172,-0.8973647228056087,-0.0754947155181083,0.3721582498226986,-1.2320220682703469,-0.20410463874763585,0.36341685051620437,-1.095426632397758,-0.24492087779145144,0.3166878482379022,-0.9034482271960497,-0.24414083596991454,0.38729612903538646,-0.7658410426102471,-0.1033567701266333,0.46482411357721554,-1.0413115449172823,-0.19912615080137497,0.44737099170897393,-0.9844328676529246,-0.22284721517512565,0.3909965908226598,-0.8439630186123158,-0.22230213327305523,D
0.0,0.0,0.0,-0.17557840193331553,-0.23526895325904143,-0.12165509780453479,-0.2320481630284347,-0.5266372471212678,-0.1844522064424023,-0.10065368139687149,-0.726624673672534,-0.24752015374100064,0.006625651652777336,-0.86678645704585,-0.30247277980008186,-0.18101396954558574,-1.0225519188782957,-0.061650587489825326,-0.17453411685642337,-1.4278240583885449,-0.1437449364665849,-0.15523716840022211,-1.6734978179994395,-0.21306945331495014,-0.1318733401026861,-1.8781666442425897,-0.2700324534430331,0.012111337658790204,-0.9978262371362436,-0.06477743420852468,0.10366169626495263,-1.3412400908859574,-0.19685811780805088,0.1374774877666361,-1.1624862330872843,-0.2710182765526789,0.12703144764538551,-0.957813534059163,-0.2963739408088039,0.17316588470724922,-0.9108792529953429,-0.08256591868033267,0.26824959007226795,-1.2134610818357243,-0.19775462481430245,0.27064707178021147,-1.0610198363736996,-0.21836174212147258,0.23035780629402375,-0.881561359521181,-0.20756312194787851,0.31120105350971256,-0.7808751011683768,-0.11367833541408204,0.37801433982979055,-1.0116003664128863,-0.1966776346378572,0.37138367633763897,-0.9450969028904901,-0.2063211824556638,0.3309859728722626,-0.8181185351802956,-0.19725289982603447,D
0.0,0.0,0.0,-0.1735330471601304,-0.26284765320368614,-0.09324707345830092,-0.2264420080007617,-0.5393721074388184,-0.14956863517956367,-0.12268919610456892,-0.7396699797691676,-0.21302058974011903,-0.01669479128050426,-0.8450950979505527,-0.27186973971282513,-0.1608575309498004,-1.0172202422718368,-0.04677031008664444,-0.1863345003704211,-1.4047559130973253,-0.12954376869920578,-0.18719935344157979,-1.6338346734901212,-0.19032173056863136,-0.16546965230550392,-1.8270611190191057,-0.23801817397338934,0.03242920584702252,-0.9976459271886597,-0.060423096345776604,0.10211263239670464,-1.3367360115114097,-0.1912162072134415,0.08620987347309607,-1.1442543719643354,-0.24505383295333655,0.059686427552801936,-0.9343392392441304,-0.2531870767945484,0.19092134865470395,-0.9134651815006447,-0.0870233721354664,0.2658598606313175,-1.2208644406011417,-0.19468540478155527,0.23420555285548175,-1.0703553756838262,-0.1953331209398353,0.18839832508406276,-0.9008001600403115,-0.17075003917295348,0.31566751575863095,-0.787310576111443,-0.12478116012479921,0.3538028671038727,-1.0138692043443112,-0.18487326866408169,0.3283177588975403,-0.9501678923820479,-0.17456589814497692,0.29015070912373697,-0.836323414560433,-0.15369177347068766,D
0.0,0.0,0.0,-0.18948169214342267,-0.23111082758798493,-0.10887851483670709,-0.2628647752278696,-0.5368924684329415,-0.16517234079860366,-0.16000041844015378,-0.7746836876451221,-0.2271681631536318,-0.07929274566899323,-0.9407833431513488,-0.28309359251072913,-0.2171737734332199,-1.0149907644525982,-0.052984648853839356,-0.236471301334947,-1.4649647760026772,-0.13063464229177554,-0.22575168574604532,-1.7144097201928274,-0.19490172343433312,-0.20272970743324775,-1.9227021289522772,-0.24973691916051374,-0.024416926839628334,-0.9979019790464099,-0.059962103857075386,0.012766753608385048,-1.3341019997700039,-0.19024822764808197,0.028824644527208204,-1.1352601230972454,-0.25879562143841706,0.017126078746816428,-0.9332954841073017,-0.2839404621208277,0.13913035467527116,-0.9311583315067187,-0.08129243792528401,0.19761252833705056,-1.2910675935346871,-0.18964519377516365,0.19891291160728844,-1.139398019025697,-0.2040774946141043,0.16476641857876878,-0.948894644737981,-0.19348693507227233,0.27957840738607187,-0.8285552500875706,-0.11587887583152687,0.31211729105251185,-1.0976530078441828,-0.1953447622164314,0.3026976147655072,-1.0393410960411047,-0.20595757567134654,0.26506641422995547,-0.906127618435918,-0.20048702552388445,D
0.0,0.0,0.0,-0.19835889039376858,-0.23041711526747935,-0.09892470353635048,-0.280655875355467,-0.5082883820178679,-0.16495903925080158,-0.1663865286886205,-0.6725721437245856,-0.24063591887582564,-0.046265717165213535,-0.7383930874489615,-0.3116447042366593,-0.22085944379660105,-1.017802735969431,-0.043409335257354055,-0.2383090412682419,-1.4550878917162247,-0.12293229314868943,-0.2401381469205974,-1.7033319620730794,-0.1863742078983368,-0.22168857377815748,-1.9095879522739212,-0.2393142315253799,-0.03299567454483855,-0.9975196539352221,-0.06217576275596265,0.005896377898577874,-1.3136301928859802,-0.19876164869852805,-0.01527219558167986,-1.125757066750464,-0.2672536662517307,-0.044669102553889256,-0.919286638790186,-0.28844934717462756,0.13377393597275386,-0.9223987383266414,-0.09572803428291016,0.1940150947123803,-1.2713432428547782,-0.21233640924643832,0.16336502580309728,-1.1445957761760692,-0.22683951026393978,0.12198910600654235,-0.9635628623074084,-0.21120374470793896,0.2862603184809318,-0.8061045620155106,-0.1405031035453092,0.3268154744508159,-1.0948234292229535,-0.21541625505419001,0.29152791379126614,-1.0530002503829754,-0.2149043371920046,0.2490683567750562,-0.9249771652461842,-0.19980324874190758,D
0.0,0.0,0.0,-0.22807176633695378,-0.20182495335562314,-0.11816033800611879,-0.33441033932666164,-0.4904201987133215,-0.18962589522595094,-0.2251504288910698,-0.6804628293618739,-0.26282984959677214,-0.08900224420965137,-0.7718371977776216,-0.3278330951930153,-0.26907533833424196,-1.0060404203227167,-0.07908634578480768,-0.2904804799894807,-1.4667771171439594,-0.16262321092996787,-0.2834736800249305,-1.7397186601917987,-0.2287023131765703,-0.25876065920076186,-1.9614471373565552,-0.2852805719881633,-0.07137747160599484,-0.9936381233910515,-0.08711220517840668,-0.03415741859283981,-1.2861809092207181,-0.22289773278159117,-0.058144154968817335,-1.0928166746971206,-0.2802776916140141,-0.09596224517630074,-0.8918150912108145,-0.29599473006766674,0.10053504725964534,-0.9238189684170802,-0.11049518807620766,0.1544983417525372,-1.226348615399739,-0.2147557477495713,0.12179214208498634,-1.1026095900030433,-0.21143660475933168,0.07660095975630621,-0.9348330450744766,-0.1905626907915023,0.25351692148405114,-0.8090262014556309,-0.14850566322668407,0.28685490762326266,-1.0524686261632168,-0.22000551814960517,0.25030579024347377,-1.0011213506539427,-0.2150124531902801,0.20890037685074897,-0.8820623375449173,-0.19915901140740938,D
0.0,0.0,0.0,-0.22795106485180655,-0.17762630315872263,-0.11263856390785743,-0.34850151610046287,-0.4743819569852358,-0.17620644525222837,-0.2696682670143058,-0.7109879590532814,-0.23923902055818563,-0.1538988222189652,-0.8532349754496033,-0.2934722975747767,-0.2851143124926916,-0.9998031357629986,-0.07230352235339702,-0.3161729153155495,-1.4518603132881178,-0.15044822101195313,-0.3152851586814433,-1.7276894618504228,-0.21123594785118446,-0.302399348138516,-1.9537673257059505,-0.262569943369353,-0.09478342993810784,-0.992419576441407,-0.07822714174138079,-0.06527633132604792,-1.2936766853769985,-0.20241622368459902,-0.07372105881079138,-1.094185350300019,-0.24967113846118552,-0.10036249740705787,-0.8909616425451657,-0.25641363284806434,0.07921871025682078,-0.9155562961245339,-0.09895167374675105,0.129150651138751,-1.2210144948417059,-0.20010916325685607,0.10378381027984625,-1.0709953531047967,-0.18780730856335492,0.064632362783173,-0.8925851332395065,-0.15746014723739551,0.23940036556659217,-0.7865703169417466,-0.13267247558673892,0.27394467811652595,-1.0419620313492806,-0.20357512269871075,0.23047496156234565,-0.9789058965691766,-0.18997565701701877,0.17642438187119963,-0.8495419308505983,-0.1646009965400934,D
0.0,0.0,0.0,-0.24100769882887463,-0.15779759086518683,-0.10970283068469493,-0.36990293028436555,-0.44588135388829525,-0.1722354433775669,-0.27832465745042084,-0.6694144169453208,-0.23383666298709965,-0.1425199959658301,-0.7940203921819742,-0.286098557982681,-0.31034624375665426,-0.9935527049279046,-0.06832949857813389,-0.35648897768486043,-1.4497609403007208,-0.14888773403805602,-0.3659954804392799,-1.7212155788694692,-0.2125213702684007,-0.354624174526469,-1.9431039955901832,-0.2667529665021794,-0.11771152028271743,-0.9903670769228885,-0.07291811119293146,-0.09448645564794014,-1.3239491812987405,-0.19629954754347367,-0.09563524125896118,-1.1255781914360614,-0.24665566107420742,-0.10371295932255127,-0.9245423347093363,-0.25634668229353363,0.05336884616697309,-0.9235081258361971,-0.0922718649600413,0.08741543411009524,-1.2429884689276915,-0.19116364817007075,0.06162487210228189,-1.0928278181385194,-0.18134226253672103,0.03648764128068786,-0.9170998384387442,-0.15360536156882454,0.21372705879932866,-0.8055352962961627,-0.12446847971261839,0.2253426093489209,-1.059572935719565,-0.1920489914462079,0.18577358516009415,-1.000083695073018,-0.18247118295597914,0.15085310290818396,-0.8808930088388425,-0.16189064113933718,D
0.0,0.0,0.0,-0.25297398626715145,-0.17387800316626648,-0.12045574184384289,-0.3845520158808872,-0.4567655578876743,-0.1967931059732259,-0.29903718806894564,-0.6590114925375673,-0.27537184940428067,-0.17524843006363258,-0.7625649077031259,-0.34551622555767375,-0.33906558669864795,-0.9930776728889648,-0.08155542823947927,-0.3819333355967011,-1.4901986092863106,-0.1681084793225455,-0.388569061966014,-1.7798120998877254,-0.24018787611699,-0.3891690380817579,-2.017387488418681,-0.301451720828118,-0.14856298882407723,-0.9846553956982842,-0.09155757791637217,-0.1613855249425568,-1.2806517419146257,-0.23543166253528153,-0.1739045214476253,-1.0978060610120526,-0.30569381714924104,-0.20284638430637542,-0.9080325974896656,-0.3307879247368963,0.028683309615501345,-0.9311184188051268,-0.11602537608377568,0.04915400220231551,-1.2842788272015557,-0.22586106385176327,0.030764047620693725,-1.1668662952408297,-0.22614635734859206,-0.005598672151886554,-1.000795203075497,-0.20760307915471637,0.19651845941712057,-0.8373278746610862,-0.15521689504512595,0.19860203866674425,-1.11261119381766,-0.23138259325771027,0.16836504188805762,-1.0728992387864942,-0.22399990076777768,0.13681018123398397,-0.966102187947047,-0.2045488745743962,D
0.0,0.0,0.0,-0.258096429999591,-0.1075529021543225,-0.12347006516273154,-0.4284565366452203,-0.37683785761352867,-0.19769084025612157,-0.3559266349614739,-0.5717094422920665,-0.2691427751238224,-0.22358935252160253,-0.6400988868733084,-0.33440032201827324,-0.3934648183832445,-0.9605809118960553,-0.09393348113237836,-0.4398852814529679,-1.4222993073575163,-0.17258292839711004,-0.44262457574935876,-1.703814147321218,-0.24039549053262418,-0.44254053399491006,-1.9348294642833028,-0.3015028775872947,-0.19979246285082553,-0.9750600222163128,-0.09664846022325033,-0.2094866792264797,-1.2947420164265722,-0.21726585737477191,-0.17759423410911657,-1.095573680327187,-0.2690542394700039,-0.1743152049897109,-0.8970581852453453,-0.2838176910594794,-0.020754111261099297,-0.9220596733965533,-0.11354353023929802,-0.015271787479230995,-1.2384455966871992,-0.2117485599669638,-0.011140201450807165,-1.0730091696056725,-0.2000990742385471,-0.027569897546886515,-0.8915863666827831,-0.1735525455484792,0.14709408072378638,-0.8146390202808285,-0.14447554297689363,0.15291817430707927,-1.0691886547933676,-0.22164345521252893,0.12786672800183793,-0.9780174749002933,-0.21081692210150257,0.09662000369782207,-0.8391022910295881,-0.1889849607490167,D
0.0,0.0,0.0,-0.2600593823336049,-0.15360564169596608,-0.13495636773971242,-0.4248414779842944,-0.40489001703409877,-0.22443646015954113,-0.3653497522493876,-0.6138364869808457,-0.3127170578088814,-0.2361406653213815,-0.7550352309367454,-0.39171620346721975,-0.38541685641249135,-0.9689279923860008,-0.10206396146453968,-0.4367023084730084,-1.4424883369635282,-0.19740770685637332,-0.45587225259037056,-1.716654340980524,-0.2686443596698569,-0.4594752325317376,-1.9458834740392355,-0.32714476287291167,-0.20058546565348595,-0.9733726236309136,-0.11095587652056128,-0.21795045050377737,-1.3217268710952514,-0.2703274020797192,-0.19478341437545704,-1.14954962326551,-0.3390659880295669,-0.17401713134711044,-0.9367295682591908,-0.3547686016943033,-0.022178055371529608,-0.9183139648196287,-0.13639959503680643,-0.02967636129649561,-1.2626222031939482,-0.2646467761752439,-0.019869354269030824,-1.1317484322161289,-0.26981050582882293,-0.014185721641019888,-0.9456266944874941,-0.2462930129437844,0.15464550546643638,-0.8128145119749081,-0.17680291957485297,0.14527470463806125,-1.07793027814971,-0.2649144323915199,0.12422070129599908,-1.0302223645237203,-0.2635039610344821,0.10911492225308175,-0.9063828232574666,-0.24450297165117876,D
0.0,0.0,0.0,-0.26109186823854746,-0.16023218058462274,-0.10721440914274094,-0.41312393588353535,-0.4487826867962167,-0.16893460127078758,-0.3336854977519845,-0.6735517639899951,-0.23200129952890583,-0.19461548441066343,-0.785380818383462,-0.2866127727433466,-0.38523493093728406,-0.9554653853214521,-0.06504932121241268,-0.4399264740745532,-1.4142914806067444,-0.1484452227238352,-0.4604928881962757,-1.695169226556202,-0.21427093740196318,-0.47374805485069665,-1.9310925672123278,-0.2723342934750554,-0.19634784192642085,-0.9776811235840279,-0.07474721104034383,-0.2284372920539514,-1.334966929781756,-0.20340062652940855,-0.2055904093952471,-1.1303791597318322,-0.2518955488389265,-0.1959236003661188,-0.921420226974358,-0.26114140588134865,-0.018586317684120227,-0.9283916274591288,-0.09951848716306597,-0.02337412190263051,-1.2814560032647069,-0.20329211313833262,-0.03189298318035327,-1.1140027549027398,-0.1840421806980207,-0.043528999024145545,-0.9175832229586424,-0.14955794935104985,0.1543458856522181,-0.821968363385917,-0.13837602227626403,0.1417198215896247,-1.0787125496663743,-0.2125533829673874,0.10044134463938087,-1.0088096779208315,-0.201125687879075,0.06547249671326555,-0.8766553691802952,-0.17891014812525063,D
0.0,0.0,0.0,-0.26395203776698123,-0.1090382483673835,-0.11591334075098099,-0.42927392601027314,-0.38720302713256344,-0.17981717501506936,-0.36162746784921324,-0.6303675718054829,-0.2382761067325125,-0.24187540505067304,-0.783417079548253,-0.28851850905254844,-0.4294496541303947,-0.9396983044323824,-0.0859783151131508,-0.4833403110797075,-1.4039725812202548,-0.17339399717421153,-0.495079789638267,-1.6987084283646277,-0.25195737518414835,-0.5081193762409131,-1.9435485745016543,-0.31914782704146655,-0.23712094423893773,-0.9677143375751899,-0.08545536059631492,-0.26724816521531725,-1.3246437036312726,-0.2004299464000561,-0.2249704999173848,-1.1290022969733804,-0.24664763801675005,-0.20605393954445791,-0.9238398334167902,-0.2574791296120121,-0.053052622846581625,-0.9188409168204237,-0.09947034911670752,-0.059557130368531566,-1.2717635417153281,-0.18868566915694152,-0.04824378666699995,-1.1033697952447319,-0.16675044448550205,-0.04873759902048898,-0.9089615192464976,-0.1335310036902105,0.12627267289723434,-0.8119450112720521,-0.12773543252935857,0.11572478501774622,-1.0781448754042537,-0.20229132550908283,0.09202879317059665,-1.0095893217691785,-0.19109551311498313,0.07222589096470601,-0.8883810259433359,-0.16714271142296466,D
0.0,0.0,0.0,-0.27047563856488255,-0.12168040002331462,-0.11332009319635584,-0.435359205810806,-0.3977723680555374,-0.18102638702874058,-0.3862223758106444,-0.6450925475667746,-0.24894735096894136,-0.2874562615252136,-0.807500209807906,-0.3103888388380237,-0.4067439683895253,-0.9417220923742445,-0.07732063452296245,-0.4503798842225796,-1.4074842974513844,-0.17250127172395038,-0.46331462500855575,-1.7077317945878447,-0.2507054656556608,-0.4750141165018156,-1.9574290356542854,-0.31557582808973184,-0.2195873637540588,-0.971851714870373,-0.0853559252955398,-0.26465598071729507,-1.3267806776523983,-0.21616939101144844,-0.2375084686211754,-1.1312629279471083,-0.2677087133057014,-0.219627794368397,-0.9316125582960054,-0.2783147858662815,-0.032729522553614644,-0.9283919777899147,-0.10897433104385014,-0.05691314153234877,-1.3057193833844447,-0.2153330120600409,-0.06178550068352391,-1.1282554308822825,-0.19198793166218658,-0.06385286843413107,-0.9273078731775439,-0.1523198868980599,0.15181390103767906,-0.8226628654932859,-0.14677588298100563,0.12933118860168438,-1.1050946829401336,-0.22767492721019775,0.08733271264932707,-1.0322001657820565,-0.21298099926844444,0.05773750295376768,-0.9013655224750983,-0.18407524026339275,D
0.0,0.0,0.0,-0.25525922137715074,-0.11456533724166393,-0.13073532601196217,-0.4291120797260189,-0.37883224978411656,-0.2121182357731848,-0.3682615919865816,-0.6067864324060538,-0.29183926602695387,-0.22820785783449854,-0.7271364997022742,-0.3637537630919502,-0.41091666982521025,-0.9447755701555516,-0.099467196565575,-0.4580591102027243,-1.422113528908863,-0.19333045918073943,-0.47302337592141463,-1.7078880079408347,-0.2649208481688572,-0.47997477815171435,-1.9519253159401835,-0.3273177610462522,-0.22344928493010968,-0.9690137106612039,-0.10527509494095619,-0.26754715515280864,-1.3292010661240978,-0.2459129177312246,-0.24821383072708175,-1.1191406887723663,-0.2992978433308469,-0.2364786049721567,-0.9132186075149543,-0.3102218636854187,-0.04228122837790451,-0.9214670265578662,-0.12716293314096447,-0.05910796114107782,-1.3005750458472511,-0.24689292820389983,-0.05922579736884827,-1.1114821522744243,-0.22734494428090757,-0.06325654452512322,-0.9096753376104678,-0.18832427530418164,0.13368660321781184,-0.8138380113149718,-0.16393790430565935,0.1077224191575656,-1.0981912077504823,-0.25609601942348575,0.0837008962412572,-1.0136646396076945,-0.2458714470945167,0.0686316534069539,-0.8825511447325963,-0.21974409843614484,D
0.0,0.0,0.0,-0.25535992279157865,-0.14179812853247617,-0.12383672488694057,-0.41889437197425194,-0.41591957332100754,-0.19902361936577848,-0.36651646378760466,-0.6672655788606466,-0.274550353790664,-0.2443985082332638,-0.8308241671122355,-0.3410352704878013,-0.3961355568011223,-0.960420337898496,-0.08288557728348667,-0.44539428737516235,-1.413338158191561,-0.1734104162251506,-0.46932771875080553,-1.6826026401326304,-0.243431905779599,-0.4737966346790968,-1.9154373957200166,-0.30386238532258714,-0.21538266421556984,-0.9721342765439,-0.09254867002756649,-0.25860526119832944,-1.3165925274745893,-0.23634676169522703,-0.26495747995616453,-1.1302096525186138,-0.2961963521936099,-0.2614516217867779,-0.9254236979663752,-0.31181797341501843,-0.038315078726814035,-0.9169557809089177,-0.1186790128674737,-0.06440030314192037,-1.2676052475623165,-0.23876118097267943,-0.08341118627531212,-1.1166523771436159,-0.23372054201415884,-0.09136910857016214,-0.9279647904238679,-0.20726148938851768,0.13945322294168863,-0.8093996048143535,-0.15957018997159053,0.10387382944961585,-1.0847819743631248,-0.24489203479015859,0.05868480925849939,-1.0183588855642003,-0.24186275243655522,0.03555297715250481,-0.8861497744313636,-0.2247742130914546,D
0.0,0.0,0.0,-0.27572710588849597,-0.0758708478846743,-0.10043731953963532,-0.48080975247965124,-0.345871435945231,-0.15918457112744755,-0.4690852325781119,-0.61318557205853,-0.21594326715605075,-0.3847083853027807,-0.8063011119852165,-0.26590112123308585,-0.4813015166594663,-0.9100032775805174,-0.07442553721578357,-0.5595411976680436,-1.3840190797780019,-0.16394668299798082,-0.5913834352844505,-1.7082490895110105,-0.24854056240924263,-0.6221407498649767,-1.967079659805773,-0.3192706209934243,-0.2910774994127543,-0.9530318828542639,-0.08369061834443918,-0.3542296525952528,-1.2966837893363707,-0.20408699754705836,-0.35889304724270527,-1.1465270191001633,-0.2636412398573977,-0.35866364178768845,-0.9584248121973389,-0.2835203156959587,-0.09864282473709007,-0.924111332834016,-0.1049627223698781,-0.138294987291694,-1.3168154488192227,-0.19498929684880698,-0.1640069027819939,-1.1984045912569843,-0.17976057693604933,-0.17458971862895226,-1.0219528861420362,-0.15370157479460933,0.09503900445645563,-0.8241564609862441,-0.13875181698488598,0.062249487077178166,-1.0840283546060994,-0.21545356255559703,0.011113110003748653,-1.040036499907973,-0.20488001481576468,-0.018513400449893545,-0.9434726462640546,-0.1810267429557278,D
0.0,0.0,0.0,-0.28316766595658216,-0.03292685696343015,-0.1316572572404327,-0.5137991637028151,-0.2865726852361078,-0.20423266353006655,-0.5332011164259051,-0.5773265664854086,-0.2716344160917206,-0.44679696463446095,-0.7910079226392976,-0.3292590971379453,-0.5555048556733061,-0.8581829615711528,-0.09244371237988833,-0.686413669664146,-1.3389291519194098,-0.1879612142761951,-0.7491022690007622,-1.6398440939600596,-0.26211278266272053,-0.7896609552009162,-1.887962621747671,-0.32303501283796665,-0.36328153158877513,-0.9270504011065317,-0.09275819432660683,-0.42813888904144554,-1.2722288678479983,-0.23354025436819245,-0.40563814686831373,-1.08382121181997,-0.2865928926235874,-0.3828831994180501,-0.8793525162649103,-0.2940478445463613,-0.17072165056604346,-0.9241377658604031,-0.11003588564422204,-0.22731992541145316,-1.3021008233723754,-0.22365329331401265,-0.2303570743966231,-1.1449565947227431,-0.2057888387062234,-0.22260023829713893,-0.9579778879513757,-0.16984904205020177,0.023739468955198153,-0.8562020835920283,-0.14241786401335862,-0.025252619086874383,-1.1151370335935071,-0.230113121571894,-0.05464427210896938,-1.0369399398569719,-0.21898486024623942,-0.06369827015121853,-0.9100691927198924,-0.19192733129733375,D
0.0,0.0,0.0,-0.2911765045490184,-0.06442698027105317,-0.1341161282729789,-0.5187401235431038,-0.3227283741970988,-0.19570899075435877,-0.5639222577200722,-0.651133349219611,-0.2568923085606293,-0.515600674271995,-0.8992743704284768,-0.30618897940920253,-0.5580669531764861,-0.854526125937607,-0.03884455148225725,-0.7256415234685163,-1.2922308545133065,-0.11700556899817169,-0.8134102980391702,-1.5442732058658204,-0.1817019684122348,-0.864507549801198,-1.754673546149722,-0.23554162667647174,-0.37248767685928186,-0.9275409352330029,-0.03034376468175445,-0.4756163914532365,-1.2678911139356794,-0.16318509789848068,-0.46818241483141654,-1.1199261512365557,-0.23426598793514963,-0.43901154547772825,-0.9280211555127017,-0.2566989733223215,-0.18737709945723025,-0.9423500559768327,-0.04170292618737954,-0.26613003856742407,-1.3035558655913075,-0.159999241428954,-0.28420583386320186,-1.1944289325063118,-0.18142496539229624,-0.2690956868286777,-1.0089832549907594,-0.16907936365222737,0.006639492738969626,-0.9099684029460161,-0.06809099531861156,-0.07330039205489007,-1.18220488729059,-0.15724140671650827,-0.11100467037059686,-1.1495974645417526,-0.1766420057254546,-0.1081463914214964,-1.0213755856694795,-0.17257527045994522,D
0.0,0.0,0.0,-0.2973024054911742,-0.07127924060766852,-0.12506143389324217,-0.527369730678974,-0.3378086858111595,-0.17359064060325596,-0.5659857260528665,-0.6828748943023726,-0.22350828845334647,-0.49851048559623756,-0.9292833606497197,-0.26015077264917497,-0.557990638349302,-0.8461296160417605,0.0026028755191206047,-0.7234409705954751,-1.2379136861338542,-0.0607076118766677,-0.8127185550462249,-1.467876429384998,-0.1207508916811559,-0.8660211736132915,-1.6586892846451313,-0.17219043857152785,-0.3780550366969823,-0.9257197647171309,0.010830809762119717,-0.48353000790660194,-1.2651802837775037,-0.1049639768204011,-0.48542102504828394,-1.158852670804272,-0.17947395419499762,-0.45957452074986893,-0.9843466655435924,-0.20669160151269472,-0.20121540206095526,-0.9434752636897975,-0.0015172205227820211,-0.2737913610570797,-1.3048211089110662,-0.10735020224557205,-0.3001018332938449,-1.2373627089529886,-0.13974827064346299,-0.291718925993206,-1.065317979165372,-0.13712797144087277,-0.011334631785861098,-0.9097149453982182,-0.028407217226319136,-0.079933792471897,-1.1818360462837567,-0.10782072943607542,-0.127893335759446,-1.182776185420277,-0.13232708699515067,-0.14002606073752444,-1.0683802651845618,-0.1337676513087329,D
0.0,0.0,0.0,-0.302397955000957,-0.05475357264591513,-0.14238111448836832,-0.5391144259715316,-0.3231178341586731,-0.19682551243167737,-0.5869529449824074,-0.6946006425388325,-0.2501476920261443,-0.5227707677170829,-0.9675748571881939,-0.2895637951781915,-0.559853886090471,-0.8346835827109391,0.003736886290289578,-0.7194466515887491,-1.2364995307683675,-0.05784986090004345,-0.8039707211020999,-1.454955144306493,-0.11898463101767827,-0.8470166139583778,-1.6373832763554066,-0.17272753018127676,-0.38665136110094306,-0.9219804650496666,0.021277852936530964,-0.49957749093851805,-1.3053508997745022,-0.09507861654534636,-0.49296780115445427,-1.2019987446038993,-0.18003541135959134,-0.4513116608244914,-1.0168393163246074,-0.2155935229563159,-0.21328747907652454,-0.9447330462705734,0.01648824951536573,-0.2975336972287197,-1.3405719678796646,-0.09314440795641003,-0.32228750225869884,-1.2667234879972964,-0.14468384482298538,-0.30070283862366626,-1.073482575658703,-0.15528757046732655,-0.021288222753728336,-0.915249819454502,-0.0035759663744095484,-0.09906256143122856,-1.1929400714354486,-0.0930616923373818,-0.13811939112386892,-1.1911626654489664,-0.13780457601423216,-0.1331812709915742,-1.054359908072161,-0.15406929077311618,D
0.0,0.0,0.0,-0.3185078330726433,-0.06280765567059714,-0.12734418303114933,-0.5537653053549861,-0.31890494239643014,-0.1732978377653505,-0.6013029883768408,-0.671866221835239,-0.22045733640110987,-0.5594561158544467,-0.9417262765375825,-0.2545465877454206,-0.5747084839099876,-0.8200860823412739,0.03187263221795996,-0.7305611930397906,-1.1827374328665337,-0.0263168120899415,-0.8138555653130948,-1.4007910679369557,-0.09264924722958166,-0.8606209096817834,-1.5739358887388752,-0.14958228158563108,-0.40704409871877123,-0.9124435506888691,0.04197461738375282,-0.5158558258491889,-1.2904668547563456,-0.07120737927618229,-0.5192826856629439,-1.2196897254905497,-0.1655806757148568,-0.494700134704827,-1.0388100751713878,-0.208681042428354,-0.23729382072737246,-0.9433056600419404,0.029651859940758373,-0.3166756979087504,-1.3257958781400943,-0.07861110097575637,-0.3441861442104557,-1.287943236320919,-0.14361837983413317,-0.3325306460401579,-1.10195800247915,-0.16404544515898353,-0.04082505163414472,-0.923772860896563,0.0035019971993359646,-0.11200117643014176,-1.1950945998230034,-0.0824973699393285,-0.158851777328763,-1.2141465420797928,-0.13081940046185458,-0.17545492067123183,-1.0890948292152332,-0.15097533933301593,D
0.0,0.0,0.0,-0.3175914995121789,-0.041419818513409784,-0.12865077965260308,-0.5679653994407973,-0.28078751875189006,-0.17673005336065067,-0.64671652060231,-0.6255001647244632,-0.2277208653512997,-0.6165943964118415,-0.9157103993018367,-0.2653887974890862,-0.5944337193798095,-0.8021633715171236,0.04462569583158719,-0.739653966927112,-1.1585001250733291,-0.012035894211485189,-0.8200169117092464,-1.36307406947366,-0.07569615067167006,-0.8656029273833369,-1.5307054972530598,-0.13116764097103611,-0.42669576448199803,-0.9028110026996905,0.05350717687845753,-0.5404399053908029,-1.2896112226856453,-0.06375760938378916,-0.5262571226970094,-1.1850494157436755,-0.16027066469030493,-0.48828109060065783,-0.9918046683414455,-0.20108951274249764,-0.2568771148224327,-0.9379986052357202,0.03945344128772798,-0.3500407731278997,-1.320877311489745,-0.07315095750456803,-0.3598913686617774,-1.2358132566530533,-0.1340528005075701,-0.3265228242118779,-1.0245798491507865,-0.14668453507303045,-0.05675871143053453,-0.9195347481561656,0.01177613700060435,-0.14813266353998003,-1.1920875435313665,-0.07215971444415845,-0.18377623250683547,-1.2015102593568499,-0.1174212778674573,-0.1815685149103011,-1.0753330626516768,-0.13382432703968233,D
0.0,0.0,0.0,-0.332107057396286,-0.05444030897674578,-0.13156816171127972,-0.588947866365232,-0.32248721312918105,-0.1795975391214467,-0.6631027470916094,-0.7123347437276925,-0.23297366849024126,-0.6075369727263625,-1.0226577410573323,-0.27128837673616113,-0.601139494334987,-0.8014900861317544,0.054384828113719745,-0.744523941471003,-1.196642524337397,-0.0018809957661455538,-0.8203898637553105,-1.4263708694866681,-0.05455776908296106,-0.8597563508655134,-1.6301834878473216,-0.10156076875740497,-0.4317808411138971,-0.8997125912377493,0.06389490132420875,-0.546104471798741,-1.2979554252996623,-0.06429236102091723,-0.5209416659520019,-1.1783518190291675,-0.14735004156612744,-0.4667470222340312,-0.9791841276442068,-0.1703791199802972,-0.254382851039756,-0.9413203495983075,0.048577902506008366,-0.34899086570181714,-1.334603669397786,-0.07824650587240153,-0.34919084401023553,-1.2130921760803957,-0.12224413228935035,-0.3031428362115824,-0.9959791727319022,-0.11367879994516579,-0.05250605403278734,-0.9403820701721249,0.019183281694600745,-0.1459042782494033,-1.222170564718702,-0.0724509204184394,-0.1735929197801481,-1.2051742359811495,-0.10880229723985244,-0.1528635755960223,-1.0640947607577005,-0.11246938478538425,D
0.0,0.0,0.0,-0.3080420925664747,-0.04337428867895782,-0.11118312002622215,-0.5587358252011764,-0.3151120512530638,-0.15495277510683997,-0.6099980010625584,-0.6689271816438367,-0.20194083539238705,-0.5090163868061052,-0.9051114671793956,-0.23443374512861154,-0.5709401340762504,-0.8280456005731669,0.03669869062326089,-0.704268375648319,-1.199255409161488,-0.01572186184364117,-0.771126229272733,-1.4104250629381943,-0.06644690454245493,-0.8076971415474631,-1.5886262278724128,-0.11229077248065819,-0.41030477596599924,-0.9111357353648509,0.03849237016141551,-0.5172379318129042,-1.2832321450277353,-0.07270168347909274,-0.4970000368674426,-1.166836055250869,-0.14191898993199445,-0.45913159368658296,-0.9844915628340686,-0.16089716074432045,-0.245586163523431,-0.9362315702981924,0.019818945434287215,-0.3328863327927764,-1.3159841739709048,-0.08873339065551818,-0.33329517419171595,-1.2119287554347444,-0.11624857497220621,-0.30156500304793904,-1.0183924754199312,-0.10461834704960567,-0.0564957880241287,-0.913641363121092,-0.011583637392436362,-0.1453352549883996,-1.1811314994302544,-0.09086472828789535,-0.1740548890761634,-1.1524135852281832,-0.1107073643245528,-0.1631186273524877,-1.0223555834517184,-0.10658272524275621,D
0.0,0.0,0.0,-0.3232683802360646,-0.0630967380245003,-0.13054465050894593,-0.5721391813882959,-0.3427899261404193,-0.17492757743980245,-0.6454970330355739,-0.7210439689775348,-0.2214642500718298,-0.5706494226732317,-0.9934014970764674,-0.25238470593446677,-0.5605993081426581,-0.8370318970009928,0.06611762593085614,-0.670859724627673,-1.2269588451329827,0.022691158213473863,-0.7231990130865238,-1.4349296122878181,-0.03154121471072795,-0.747171062974843,-1.5901987882721,-0.08043170908481563,-0.3956901267767666,-0.9146783114547075,0.08241911262414547,-0.4931571902370708,-1.285224630039295,-0.020818849532240506,-0.49803069358737584,-1.2213298248671163,-0.11076905468930387,-0.4792127282858513,-1.042125267282781,-0.15072444224676493,-0.22975823806716675,-0.9455685284942994,0.07367063628792876,-0.30134199533064515,-1.3281206453662069,-0.02909908950442388,-0.3288632351684958,-1.2972510777039659,-0.0945561569535436,-0.32028110364596185,-1.1167881595786384,-0.11458717149189586,-0.03789924145120884,-0.9301515782163456,0.050938495470461184,-0.11150713828604553,-1.208493796462547,-0.030872270700797073,-0.1533182478417132,-1.2316317366536298,-0.08124480178321045,-0.1595941567835009,-1.11184607526598,-0.10254071583204935,D
0.0,0.0,0.0,-0.31586533112391846,-0.08832202831653807,-0.13284688062112948,-0.5511256076831913,-0.37536012987762596,-0.17052945261624597,-0.6145434946972208,-0.7582829284861782,-0.21158037155528034,-0.5666547960850845,-1.0420026107447016,-0.24030371593952182,-0.5307669428356196,-0.8417968911015739,0.07808054621146479,-0.6421512962235483,-1.1805264363847972,0.037231498907963775,-0.7058765627769507,-1.3849855111752272,-0.020775387686710764,-0.7326399934469225,-1.557018505566943,-0.07506987882182031,-0.3584399813824299,-0.9288448570679653,0.09363765933081859,-0.4426595141654651,-1.312646849755308,-0.004588154394549683,-0.463759679855415,-1.2594288445578088,-0.10312192253470533,-0.4512959194298451,-1.0871212019948038,-0.15245476971328048,-0.19019878062793322,-0.9590253933457767,0.08317698787807618,-0.24494605440642764,-1.3322731194794422,-0.01846272734182631,-0.2832429855669579,-1.312185288245225,-0.09949486242764437,-0.28622793867588747,-1.1391845035904318,-0.13250933838776596,-0.002458298013446885,-0.9389029849896365,0.058641162908881155,-0.06147516957302948,-1.2197334472383625,-0.01944450111289669,-0.11207884903253247,-1.2499627114175316,-0.0764526253105382,-0.13284210312168057,-1.1305163513600158,-0.10650428182651997,D
0.0,0.0,0.0,-0.3349390407619893,-0.10576325063348817,-0.09883387095081979,-0.5807052463012589,-0.37590624273434714,-0.12144256612997367,-0.6434469521794328,-0.7634287614306856,-0.15224224232691871,-0.595553898766468,-1.0590843866372353,-0.16891906743622567,-0.5706871488607028,-0.8049426697326977,0.13534192448464874,-0.687782713820157,-1.114387580536435,0.11151744145481382,-0.7550475757668698,-1.2945127603482087,0.05901374677932677,-0.7904362021407876,-1.450534013345955,0.008123117949318344,-0.4058704864051471,-0.9028526911759531,0.1418667202045228,-0.5189501282445143,-1.2348346822686118,0.07312677963435524,-0.5656885852573067,-1.2205519794063933,-0.012793444158752483,-0.5650784748090959,-1.089298792861406,-0.060651620102501046,-0.2412625394526995,-0.940234723300596,0.12243151526186317,-0.31015987242076715,-1.2808623717111272,0.04702860286350098,-0.3661385545557943,-1.2852595830227669,-0.017606250617448378,-0.3719737071320504,-1.133208982111041,-0.04546351197824017,-0.048224383106433136,-0.9332740859428043,0.09006137671641702,-0.10873066206538434,-1.192428182134159,0.03512660746647768,-0.17885240997662633,-1.2422495102188646,-0.005606601968700755,-0.21736954851947293,-1.1483497375971483,-0.026733708693100437,D
0.0,0.0,0.0,-0.3541417811503554,-0.11108815458925876,-0.09007430871939422,-0.6044934194736947,-0.3797607402968368,-0.10990750833470993,-0.6603890768563457,-0.7475489999033799,-0.14024274516249988,-0.634837544028115,-1.027226017017795,-0.1592438491950328,-0.5899891565778062,-0.7878859076084769,0.10367992204109774,-0.719541729589386,-1.0959286191496922,0.05602183665884685,-0.7869482762129527,-1.282079756237567,-0.008424765291338602,-0.8213577514895726,-1.4398276835035244,-0.0639740181816784,-0.42656423749401723,-0.8989018197138956,0.10009230642859047,-0.541173262611481,-1.231191897138229,0.001353350571166863,-0.5723249820905133,-1.2162202126977752,-0.09770932533169084,-0.5656923616267975,-1.082021814269281,-0.14824797281917687,-0.2523566841029003,-0.9504373263437996,0.07231690121815824,-0.3222519209241573,-1.2840751696859491,-0.024436556338117765,-0.367156834949541,-1.2996503957194667,-0.10417810903079441,-0.37861119761538187,-1.1521783914443593,-0.13728832858379075,-0.05326780534766888,-0.9477864074104686,0.032968978858446726,-0.11337481931459624,-1.1841838396447015,-0.041407632712426264,-0.19047808164629512,-1.2493643038363966,-0.09829914718988501,-0.24616309515501247,-1.176024748171565,-0.12770857916034964,D
0.0,0.0,0.0,-0.366653646832643,-0.0407141015470436,-0.09616349666063814,-0.6611636156009472,-0.294336837019633,-0.12277334894563484,-0.7587386323079514,-0.6585604752374121,-0.1559483551302011,-0.7267009506238837,-0.9546699026374035,-0.17517710147352805,-0.6547234361573409,-0.7500179914874975,0.08885550701999141,-0.794346955304011,-1.081384118270148,0.047596365421669444,-0.8660649061504485,-1.2918147705421115,-0.010077275241779877,-0.9137413964480425,-1.464420959833863,-0.06129062346363359,-0.4919865605572583,-0.8660824605305382,0.08860245929096894,-0.6057185750976896,-1.2169277850793228,0.005952738092162208,-0.6234463549418938,-1.232977580591591,-0.076414358424718,-0.6072778328589422,-1.1138045122407523,-0.11689267349148194,-0.31948087344159315,-0.9242214953645129,0.06451343189970205,-0.4088299880402907,-1.291993664415545,-0.02143724558434125,-0.44986703657982474,-1.300881674859908,-0.08160885527164208,-0.44998710317952245,-1.1421190573109796,-0.10175474259802535,-0.1158996454742593,-0.9379621528790238,0.028143467818740164,-0.1877541452772726,-1.2085148149205942,-0.04357745412327785,-0.2595470037456197,-1.25610540935836,-0.08764493221556834,-0.30090887531826443,-1.1501010741386504,-0.10590105199945798,D
0.0,0.0,0.0,-0.35172412968238753,-0.04343708492340636,-0.11025843035099062,-0.6465352983923749,-0.29271613501715765,-0.148135263176722,-0.7558622799760479,-0.635741712380126,-0.19020260250473564,-0.7134553460794056,-0.9185890244223152,-0.21799578490429403,-0.6458909071761736,-0.7668862613665642,0.0704506369140826,-0.7870823119298778,-1.113544609124262,0.025485179657889157,-0.8593560694826781,-1.3186998953191034,-0.03480167381832789,-0.9037082403072236,-1.4865980748065615,-0.08894533338090473,-0.47962962189518604,-0.8743849270370819,0.07352839703840877,-0.5888966847728886,-1.2195845459441155,-0.02010307546170749,-0.609995757958042,-1.2048201525897366,-0.11157166246554463,-0.5979303576425148,-1.0731262604228957,-0.1571859538867885,-0.3043992221733503,-0.9258847896917771,0.05255093430212656,-0.38901318419538783,-1.2874496388852708,-0.03987891834391773,-0.4336337961252219,-1.287978434721812,-0.10861030967236983,-0.4375102182490973,-1.1275767216561154,-0.1338714627723905,-0.10057991102003877,-0.9312968275014117,0.018391393535803782,-0.1785211562639014,-1.2105886536744928,-0.060652709676781554,-0.2524878823873881,-1.258316421686726,-0.1134520841228716,-0.2925801248571448,-1.1573252986624378,-0.13751266752036645,D
0.0,0.0,0.0,-0.34799671308483143,-0.03371512172502184,-0.08150093564435572,-0.6494499980562939,-0.2600255158154765,-0.10750597813729704,-0.78353902699456,-0.5776430928649247,-0.14042449126315495,-0.7885147955951994,-0.857237285876599,-0.15872658751527238,-0.6866503991389707,-0.73661186649377,0.08325665487745988,-0.819009089990554,-1.0792507531528224,0.04319618192584801,-0.8739221091991529,-1.2907567285503216,-0.010825259667660563,-0.9068924371463738,-1.4409456433249788,-0.05599038414742792,-0.5237332652754046,-0.8481768734340244,0.0793691263379252,-0.6363979443846468,-1.1832786840766998,-0.009068636789974318,-0.6420963510159786,-1.1682825924087585,-0.09194302298474039,-0.6130340649962404,-1.0202533477272546,-0.12847072502630133,-0.3489821285812302,-0.9121474712105677,0.05497295981079943,-0.44612206959152195,-1.2622162618999835,-0.030404151291236265,-0.49367152319859997,-1.277758776121614,-0.09099578428804689,-0.49068629390068613,-1.125349134136772,-0.11013446126301793,-0.14601358694455663,-0.9291981219853795,0.020769703180731434,-0.2301928023337826,-1.1874446085955275,-0.05039964462509197,-0.3110313947839752,-1.2540508385906088,-0.0955632656216571,-0.35114257154928247,-1.1735581076577797,-0.11246256172872138,D
0.0,0.0,0.0,-0.37432119672697844,-0.003265113799700305,-0.0951329877033585,-0.7046590147888534,-0.24137449421915355,-0.1190012605377949,-0.8669678270862684,-0.5960602350623793,-0.14931944011544981,-0.8571193425589171,-0.8926023450025596,-0.16637443176364228,-0.6945860005446445,-0.7234841708246091,0.1033050806916782,-0.8235259768980357,-1.0742107486131853,0.07248937348662093,-0.8957466910433111,-1.281540426296971,0.02078920987430066,-0.9489941126828328,-1.4527375596520742,-0.02772197162134481,-0.5342886556515045,-0.8388254849478439,0.10443868174255427,-0.657967462308113,-1.1860852707650098,0.03472954712874812,-0.7177192042720133,-1.2321282113654548,-0.04009903940530194,-0.7409715814644836,-1.160437068493194,-0.07934705395778392,-0.3619207791810463,-0.8995941206708143,0.07966240874027825,-0.47417407897947506,-1.2629622529497584,-0.0022448780265623726,-0.5503315032077143,-1.2749593141522706,-0.0613328205410592,-0.579187026127258,-1.1413863198780154,-0.08266601669290663,-0.15462152593818407,-0.9238414700819514,0.04303560010441281,-0.2437266090755132,-1.209567359129342,-0.028996624083753118,-0.3348173851999159,-1.2425518373982953,-0.0729266001326754,-0.3930145578046734,-1.1380874601918762,-0.0922446918974082,D
0.0,0.0,0.0,-0.4086125296044071,-0.03917720977417688,-0.07640157542961677,-0.7298014515187299,-0.2801692363989908,-0.09547114845345325,-0.8724007946193025,-0.6454590876058616,-0.12525871333602112,-0.8499931679168333,-0.9546947869752269,-0.14307032162673325,-0.7129291241276076,-0.7040884979857375,0.11777281178116376,-0.8310008058239177,-1.0260175318865443,0.07947753033527852,-0.8998407213626418,-1.2368127723017688,0.01610763855160192,-0.9510905922565251,-1.397678345251045,-0.03781089558256095,-0.5414170952216496,-0.8338875547402071,0.10723374026466281,-0.649144039088172,-1.1909844626219146,0.024383815633543467,-0.6995859351690095,-1.2144345980660274,-0.06539461941395823,-0.7084414911327231,-1.0951816960105811,-0.10817670677652916,-0.3606982523616936,-0.9101767727506296,0.07440944113625034,-0.4630363448965898,-1.2727920142370435,-0.00032484653272624685,-0.5382673099896061,-1.2842906915696894,-0.056062505233567046,-0.5549501643689678,-1.1286804159093657,-0.07312741460219209,-0.15046627340693272,-0.9379818015008718,0.03002902091322058,-0.24001602345320083,-1.231869644015001,-0.0254979470389922,-0.34076123972303646,-1.2868952668531346,-0.05794571563636603,-0.40139843968957234,-1.1834077137619332,-0.06774738543801888,D
0.0,0.0,0.0,-0.3916989421780138,-0.02341558114038737,-0.0879558450308,-0.7111656802503477,-0.2838375298194148,-0.10670212998009922,-0.8558259172264195,-0.6775095219196732,-0.13619253430399803,-0.798291321642366,-0.9868317029098341,-0.15400988186211798,-0.7093107285291035,-0.6993098750100949,0.11903274243707895,-0.8436314941355106,-1.02900556334806,0.08627807085102927,-0.9202386879019234,-1.2374115251873479,0.029996874483093103,-0.973461327433632,-1.40874693203518,-0.0202128953310064,-0.5511548980174724,-0.8264890960856525,0.11464751389747066,-0.6808660452363804,-1.2129529174575941,0.026072891515122223,-0.7007099396341229,-1.2136207471074991,-0.06125029736888341,-0.6664372930174739,-1.067900369754084,-0.09524340381278967,-0.3803398287078976,-0.9006445764248809,0.0878375402854922,-0.4901310492801891,-1.279834645987862,0.013870465727915298,-0.5364387386722375,-1.2707413457900367,-0.04106681757092614,-0.5173353095435993,-1.0950352603883668,-0.05418270710072474,-0.17430262414796716,-0.9324992146318878,0.04746552248745378,-0.26091550509869504,-1.2132447663304204,-0.0008055334852202946,-0.35072239370015174,-1.253994393818086,-0.03452134888810155,-0.39568109855289685,-1.1387639933800293,-0.04532282721333916,D
0.0,0.0,0.0,-0.3638826020178437,0.011006167664043429,-0.11312754773690423,-0.6906550701895436,-0.1900468814321569,-0.1598271463609846,-0.8631788864678136,-0.5127839491704702,-0.21264923987492168,-0.8546911474451326,-0.8210654947507763,-0.2529516302362739,-0.7368548168198936,-0.6944826263274277,0.061842105271654985,-0.8985800320485332,-1.0652649092170123,0.00856701844784334,-0.9827421157887506,-1.2933393828150728,-0.05219767838361816,-1.0372781958277233,-1.4885938954000066,-0.1047438957351214,-0.5691694546858895,-0.8200805599262643,0.05927906108898801,-0.7174971127075767,-1.1936654780523306,-0.05409295594997124,-0.7186242202499208,-1.123768704923802,-0.13298106878961954,-0.6725590101074411,-0.9544998663768348,-0.15804458996190682,-0.3895563013517396,-0.8925644877658103,0.032752900334730654,-0.5355618512623518,-1.263565027991754,-0.06863335740726272,-0.5660218006956846,-1.2058992738131227,-0.10219956465462757,-0.5423642049122174,-1.0307982993430578,-0.09686237791852337,-0.18247715609141474,-0.9174622072950546,-0.007897740619431574,-0.3045800566570621,-1.197157873115169,-0.08026775684250025,-0.36653709439306886,-1.193328095528569,-0.09998994341740869,-0.38271049061136475,-1.064779522672539,-0.09703294352775838,D
0.0,0.0,0.0,-0.3547431214283373,0.03288194766864319,-0.11292774270282094,-0.694282943160869,-0.17629246678514712,-0.16029218761111105,-0.8601246732708939,-0.5109514523798291,-0.21638942304023293,-0.8513745093744963,-0.8369069455326431,-0.25968987399342897,-0.7328868405079566,-0.7016334037181197,0.03637884052100975,-0.8882186874140058,-1.106228830097498,-0.03267024180603006,-0.9726184358387272,-1.35676501391745,-0.09247144604896616,-1.0227698490423824,-1.5749314619439423,-0.14178428659113534,-0.5717354448125757,-0.8199176554903889,0.029216765052111713,-0.7317229894563223,-1.1969904261306923,-0.09833385956058893,-0.7366940864260453,-1.09780155047772,-0.1677816351728885,-0.6841022551534652,-0.9252254817164673,-0.18394135111829765,-0.397374266298356,-0.8876593637875521,-0.0022373695123134303,-0.5497958985129985,-1.2377792226714341,-0.1233375409538933,-0.5766653006542394,-1.1197432982610016,-0.1445961133066607,-0.5398542916358736,-0.9350446860996372,-0.12527194799340174,-0.19151704749009363,-0.9168557342041601,-0.04761037705711738,-0.32448592939745285,-1.2216675907992647,-0.12930790972266207,-0.39772077983340115,-1.1746535854052924,-0.1409379536995919,-0.4157342000948614,-1.0147806646797457,-0.12995907191097708,D
0.0,0.0,0.0,-0.32579284423915605,0.03879043986015213,-0.10558013450554919,-0.6641476879153785,-0.16290222635356388,-0.1536156029063537,-0.830765219325951,-0.4693101196920035,-0.20883617348556147,-0.8397385650681108,-0.7592613725888558,-0.25394470807247704,-0.7048498043280573,-0.7254143541665181,0.008663797282350673,-0.8834730216721272,-1.1350759982773408,-0.06145235268324818,-0.9729085284157836,-1.386066256130764,-0.12358507296618214,-1.0263370975617951,-1.597113263958533,-0.17431750101249946,-0.5418308979887261,-0.8404834417629645,-0.0026195623703749817,-0.7078278228423476,-1.2074854543427447,-0.12876999332543115,-0.7204596219137569,-1.1185187511133319,-0.19621616891526444,-0.6735560535534538,-0.953646954693895,-0.21256198941501245,-0.36323952951832233,-0.9045755793531246,-0.035032105115989066,-0.5210187008335347,-1.2606001483739817,-0.14733364511714656,-0.5506210382940497,-1.1668983808241962,-0.162902488903635,-0.5215891528557873,-0.9936488423654576,-0.1435089432718241,-0.15547384863723354,-0.9238700437342664,-0.08103507076487912,-0.29004486477318864,-1.2208869841365884,-0.15874857351109778,-0.3610822892202395,-1.205811453730614,-0.16750485578483715,-0.3869286919858448,-1.0842062033600246,-0.15563128128611764,D
0.0,0.0,0.0,-0.35878847842554673,0.015347681596869925,-0.08438019580971316,-0.6900644871172932,-0.20543052511233464,-0.1182659254940634,-0.8516348335219135,-0.5357515387157549,-0.16642179986524852,-0.8650665959260616,-0.8413957051041048,-0.20600052313558725,-0.7074280341777696,-0.7112885294742155,0.06114458322113858,-0.8766699627080365,-1.1015030517405349,0.003494303616260382,-0.9637025542594111,-1.3549970044526625,-0.05753135237454131,-1.0272483368210796,-1.5716816490670729,-0.11157419268035548,-0.5591396719380195,-0.8282651931831034,0.03660050582164388,-0.7429394524244787,-1.131431030854431,-0.07855855492713483,-0.7618410144867754,-1.073392739553067,-0.1544030843325525,-0.7257973964643102,-0.9533194354513447,-0.18395993527391236,-0.393379346343952,-0.8994345610736662,-0.009215554485279543,-0.5562447592585952,-1.2625941360128763,-0.1240411665321341,-0.5868118016045467,-1.20810365499382,-0.1502959702010281,-0.5576149266388308,-1.055018154085703,-0.14278584788798654,-0.19386527343366314,-0.9307778810235652,-0.06699642656942847,-0.32952087876814556,-1.19506405465255,-0.15458091952287312,-0.38872153955321687,-1.1872473528002516,-0.17013953998311798,-0.3931217164790303,-1.0815643353672355,-0.16401043726722486,D
0.0,0.0,0.0,-0.3537511871179273,0.013640423882552826,-0.10396611327846537,-0.6870502622563113,-0.19432006708223382,-0.14883721894114316,-0.8280570928680725,-0.5290710370306462,-0.1998595124377048,-0.770933698001811,-0.8114185488220323,-0.24066484204506639,-0.7188993223023635,-0.7249333516723387,0.01693815844101159,-0.8922950564316161,-1.1240637809994405,-0.0464640688273148,-0.9819781158292294,-1.3667350706651924,-0.10641865413362947,-1.036765124976731,-1.573851701045677,-0.15751781317183994,-0.5527274041413237,-0.8333327842247472,0.00699195590839076,-0.6961461985578465,-1.2042643477571537,-0.11675790855131855,-0.7040728054874302,-1.1450335744552795,-0.1873237255005754,-0.656562744270857,-0.9903760913478225,-0.20668295633660627,-0.3730162117165903,-0.8899129260818552,-0.023686134924572992,-0.5074632338300088,-1.2426881330290491,-0.1356330827009605,-0.5331823712578696,-1.1976754161241676,-0.16306403003653783,-0.505393360309254,-1.0467300672032118,-0.15263432520036932,-0.1651793164939489,-0.9015442798662258,-0.06772033448319534,-0.27617880568169395,-1.1870316917643877,-0.14966992749583805,-0.33934162835264514,-1.2098798563726922,-0.17034975042387693,-0.36342987024047396,-1.1208724536988064,-0.16724048288250354,D
0.0,0.0,0.0,-0.3646630861802782,0.009119482230055834,-0.10989192613874443,-0.6623484962787214,-0.17021042223662267,-0.15253512777458283,-0.786679728675676,-0.4715005810090963,-0.203402267547126,-0.8198245948605245,-0.7517383528603194,-0.2414825229376361,-0.7452613982715554,-0.69804055452699,0.05072393428147308,-0.9115453313073961,-1.0818375866580718,-0.012873783789172233,-0.994138811378377,-1.3210295051626382,-0.08098913514930975,-1.0469208971654544,-1.5288697937883025,-0.13859289621064613,-0.5741726339440981,-0.8176581995544973,0.041962544381801775,-0.7023321558049712,-1.1874309453762388,-0.09331440404954003,-0.6877773181395214,-1.064503969216432,-0.18869588518358946,-0.6309083502481183,-0.8648644497270566,-0.22386296695664323,-0.3930025755194166,-0.8850840483242953,0.010367302223826374,-0.5130270675122902,-1.251411074490316,-0.11148173896200726,-0.5341061865841314,-1.1460092052590327,-0.15780652715625876,-0.4969849129989289,-0.9390557148126553,-0.15755219665720852,-0.18647011644484138,-0.905406483868194,-0.03482160931577528,-0.28833406737857076,-1.1835422357964447,-0.11851801436104024,-0.3578035617833168,-1.1585673149415916,-0.14781340823942646,-0.37374260657297154,-1.0167767148844027,-0.15118471090705562,D
0.0,0.0,0.0,-0.37976422390550596,0.07987853357179014,-0.10289902085890686,-0.7287124875024749,-0.09929521426536594,-0.13877335900325213,-0.9118721486100771,-0.42783641151971,-0.18650918484329748,-0.9005192696573888,-0.7275778054318766,-0.22142079530011924,-0.8067753369989127,-0.6267484778755744,0.07752674455146094,-0.9849012835307354,-1.0107611849712732,0.019648602660141085,-1.0742733650660914,-1.2435036024343162,-0.03643322175271914,-1.1306202915565011,-1.454389518030261,-0.08477036300021748,-0.6431769283812856,-0.7625617017868981,0.06944846842000532,-0.808440253343734,-1.127579327084807,-0.05424248781239859,-0.8168785648810089,-1.0316927027162652,-0.12888013026089024,-0.7670602253411494,-0.8644900503706866,-0.1476318839565973,-0.46330069930105316,-0.8553476053412338,0.035355794800172105,-0.6244525400613256,-1.2121268412431745,-0.08806092895730255,-0.6642493003621983,-1.09112988577657,-0.12884315258177545,-0.6299024837233106,-0.8943569312577173,-0.12002958257273925,-0.251070954435719,-0.9142472566937828,-0.011354244663000534,-0.3919238134821033,-1.1880053812324842,-0.09803871498962999,-0.47611485489677735,-1.140816045388293,-0.12837384499317772,-0.4953526796250932,-0.9937755134560108,-0.130102502010376,D
0.0,0.0,0.0,-0.3890599770572745,0.04661412064198341,-0.1048419678263643,-0.7309786474391067,-0.10566585291108137,-0.1492904563196121,-0.9169477315987481,-0.4160793554317378,-0.20839324937434067,-0.9416124783158453,-0.7362453353824244,-0.2555475533406708,-0.7966047542653351,-0.6225686420202771,0.08066341642922478,-0.9713378130778967,-0.9935290957637966,0.01481861961522131,-1.0578459244712057,-1.2225495839825766,-0.05221810461835326,-1.1122505947462487,-1.4375635018885013,-0.10704408025392466,-0.6485902793809764,-0.7583799870151704,0.06473364494122782,-0.8237135221710062,-1.1352855077111002,-0.06088663036888078,-0.8533738704786187,-1.0490415861488982,-0.13958835996994914,-0.8196413913606103,-0.8980247370694593,-0.1630183972090603,-0.48633753757987497,-0.8485310533687436,0.02123234438278867,-0.6441452058973512,-1.2200625921588226,-0.10184372988648376,-0.682159496610384,-1.096618036818247,-0.13698081164193998,-0.6447204023318447,-0.8956655961479076,-0.1269521417805441,-0.28790511246217787,-0.9054042805345468,-0.03656786191987389,-0.429494283758364,-1.1802996353197128,-0.11971985397401629,-0.5002075037129912,-1.1128325550770206,-0.13779663202871772,-0.503144626202798,-0.9397333087792213,-0.1316878389987464,D
0.0,0.0,0.0,-0.40297010468509603,0.029998520932241275,-0.10134295204440334,-0.7434840844573593,-0.08308873585677953,-0.1599362248862372,-0.9769061436027849,-0.3525843717231582,-0.2379965275031526,-1.0033996115945152,-0.6811290735756187,-0.3046430267145853,-0.7940454298234232,-0.6205268756963376,0.10617116766811822,-0.9663529078350345,-0.9789305254607911,0.04461924288030089,-1.0488418999519793,-1.1759358059787228,-0.02110409135586568,-1.105220804166115,-1.3653071044968408,-0.07594215073485419,-0.6629051160121223,-0.7435238169229773,0.08791553237762667,-0.8854202949762673,-1.1050041858199084,-0.023461921086635702,-0.9444028218172034,-1.079910841524454,-0.0993644153390334,-0.9412316744050597,-1.009540824485434,-0.12998420176331904,-0.506886038689234,-0.8258308929273087,0.03996090975762589,-0.7056860295852289,-1.189627206118248,-0.09082597055968382,-0.726570152130444,-1.023169569583023,-0.1220341588240633,-0.6758892273245871,-0.8035391968485144,-0.10722155817037762,-0.30958556632738327,-0.8815090667181636,-0.02063465808482433,-0.48863139034300057,-1.1461384943274961,-0.10087920763149512,-0.5500054423059715,-1.0313096311288825,-0.10578589652158078,-0.5388131123757071,-0.8382888037656263,-0.09163831323564113,D
0.0,0.0,0.0,-0.3712038303334676,0.03872040642514692,-0.130737882119359,-0.731747800848673,-0.09334844604646832,-0.19348809270425898,-0.9799918425322115,-0.37266628311266825,-0.26905964489880524,-1.0462538456856705,-0.7175938603456066,-0.33023743934733485,-0.7747211881271613,-0.6362308215190723,0.08028962511681635,-0.932611938146088,-1.0327801080422896,0.01382588007333071,-1.0246526650907766,-1.2517448924696095,-0.04369677092493493,-1.0773615680569322,-1.4668486525471836,-0.09276717898789824,-0.6340670779284481,-0.7696434488332936,0.07488592895379444,-0.8375235032489659,-1.171308659143431,-0.06333985703584143,-0.8744111870546177,-1.0132434844889937,-0.12923323680580567,-0.8244926125920815,-0.8152375961959063,-0.13502859843208,-0.47908806181352503,-0.8546434608377965,0.03762449945460433,-0.6700121236390639,-1.2445342764923932,-0.09756125373222496,-0.7186607643518302,-1.0665485046019116,-0.11837488747335413,-0.6760881146798696,-0.8568802472391722,-0.09093612777151809,-0.28281111946891946,-0.912810018846638,-0.015825652083262278,-0.45650080327348497,-1.1981924049104293,-0.09889169061166564,-0.5385906779381537,-1.0902564181418795,-0.10975488784469419,-0.5370171309021634,-0.900541487580658,-0.09655007147860221,D
0.0,0.0,0.0,-0.3566854797700856,0.029165370603498126,-0.11286031001169715,-0.7057709807400749,-0.09219970684468666,-0.1934582283844471,-0.9488400887020954,-0.3480188176603809,-0.296463896879201,-0.9838248162641055,-0.6788673266519879,-0.3879074513707776,-0.725029429152737,-0.6921361960753677,0.07212245581962284,-0.8569494528804316,-1.121318369002955,-0.009789713305297676,-0.9402387819122339,-1.3525395266247269,-0.07117365687716572,-0.9768202418227332,-1.576581042037714,-0.1213827881594806,-0.5926820487280829,-0.8038023452593658,0.05128136962899386,-0.8131245485620227,-1.180868247849308,-0.12248183073926341,-0.8576632050379209,-0.9857560286905755,-0.2014163257598629,-0.81396248825218,-0.7555124673739869,-0.20674859299857376,-0.4508126715515174,-0.8857877362605698,0.0010117758424499,-0.6620328648074275,-1.2403912887696418,-0.1633210701472535,-0.7227275799979546,-1.012411556212642,-0.18878599085756553,-0.6920958149366813,-0.7698150939477386,-0.15420597549243628,-0.2643047411744263,-0.944559315252364,-0.06200852843839534,-0.4792617428795475,-1.1730082145160714,-0.1586707005600913,-0.5588917331235879,-1.0326766753503416,-0.17022998788356059,-0.551378356334767,-0.8300980457733218,-0.15170211192577146,D
0.0,0.0,0.0,-0.33714245296285106,0.04429312673184989,-0.10988166191739684,-0.6814585940350821,-0.09521493844078856,-0.17877911999671878,-0.9309613846254202,-0.32175639935595496,-0.26556147550233483,-1.0038804856476908,-0.6322943187184048,-0.34021787749442167,-0.6696841573525256,-0.746369753497048,0.028915948478986823,-0.805472598436491,-1.2391269673807057,-0.06548843671208651,-0.9104069079979015,-1.499943381068036,-0.12941547561822453,-0.964621155081864,-1.73536027976553,-0.17734122685892725,-0.5367163845012596,-0.8437382121436743,0.006430550248014801,-0.8085204892884957,-1.2111841893514699,-0.18840931833912253,-0.8838316051100173,-0.974426880987177,-0.2623393944402811,-0.8373349666487437,-0.7169372917484202,-0.25508653185740016,-0.39016594653342496,-0.9023081538100379,-0.04219194491696242,-0.6382870605687047,-1.2419407577986954,-0.2121748747093327,-0.7243086533472407,-1.0190226315662632,-0.22926482730627323,-0.6996366583133864,-0.7867990767651948,-0.1844559440755167,-0.1959509789564915,-0.9370161541750484,-0.10449747930198537,-0.40389330049278,-1.1931362940848977,-0.2155669269515787,-0.5247338302402587,-1.066843822510421,-0.2328857420171651,-0.5595211802083112,-0.8750699696877511,-0.2119963699442226,D
0.0,0.0,0.0,-0.3203046972697218,0.027277062074318962,-0.10580343516531374,-0.6448697747213112,-0.14115888315326017,-0.17528225369439193,-0.8753219351881266,-0.3472112375153942,-0.26220572479810217,-0.9711676377354889,-0.6364805098725012,-0.3403154575706872,-0.6325067129280719,-0.7725002651959942,0.0025423017298529674,-0.788612625453035,-1.249792478537392,-0.09737662455982231,-0.8942555509641618,-1.4988948999501581,-0.16519417916615833,-0.9531870229764988,-1.7180347210479994,-0.21397876686437275,-0.5025649311268382,-0.8642188214496047,-0.02354397276868706,-0.7621789227152334,-1.2255655163956718,-0.21616934990249426,-0.8314011915079804,-0.9856948499816376,-0.28524817186463,-0.7853289626653143,-0.7204876426521614,-0.27628508865099644,-0.3526629000109466,-0.9138468926538501,-0.07351616425874523,-0.5980080761110396,-1.2547672059311241,-0.24119377522425936,-0.6779975801079622,-1.0188153293669848,-0.2541076529799237,-0.6491214630372254,-0.7784628852400992,-0.2080038850807977,-0.15721313207792612,-0.9414949732348702,-0.13608314889683887,-0.36450780242384334,-1.1883995942565357,-0.24374975809859056,-0.4813880689177168,-1.0523331511959209,-0.2542040706072508,-0.5062466813752295,-0.8552989802690899,-0.2287051159679919,D
0.0,0.0,0.0,-0.3128364679317972,0.04982953580524466,-0.11401368704029004,-0.6462027604317121,-0.10788940016278895,-0.18738231781756876,-0.8746866297923493,-0.3183635793102944,-0.278637894504609,-0.9767428330453946,-0.6148156208101118,-0.3612164502784793,-0.6308301346730927,-0.7758623486493076,-0.010056158377473416,-0.8065608281267358,-1.2775278776587116,-0.12459151654511186,-0.9221838946290295,-1.5495561284693875,-0.19808478124201007,-0.9830431043305945,-1.7801365997361185,-0.2486370871873107,-0.4906290072730008,-0.8705253394990383,-0.038325063762425365,-0.7720058518419443,-1.2418043756058352,-0.24652459312404384,-0.8453317482209707,-0.9793625840929052,-0.31715311883424413,-0.7942004767773521,-0.7177936983837325,-0.30544964331468605,-0.33825293702387915,-0.927264216743259,-0.09242038806214968,-0.5978154055888029,-1.265204349600339,-0.28060283699477184,-0.6807050212683193,-0.9806494612103449,-0.28427189033043576,-0.6442889829353752,-0.7225908041685014,-0.2245170886490107,-0.1385672069154391,-0.9614806771598085,-0.15999977569568766,-0.37267728752897883,-1.1822379864300834,-0.28520387490547305,-0.487323567785505,-1.0150602452398088,-0.2902795456566275,-0.5008435297904129,-0.8048987410545728,-0.25456187395816127,D
0.0,0.0,0.0,-0.30000268775850936,0.011230050568871455,-0.10187008271758231,-0.606495669802477,-0.19508020150256378,-0.16871831124797293,-0.8034148864698948,-0.41021659632316054,-0.25359490939969603,-0.9082334858975207,-0.6807943993746104,-0.33251819195381305,-0.5334080115256261,-0.850669011000895,-0.03226341370505216,-0.69217186907687,-1.3752407350808982,-0.15166631247997636,-0.7941870651064142,-1.6738872438605636,-0.23322822737335208,-0.8495697881944464,-1.923839209625592,-0.2880461541169377,-0.39228950512322536,-0.9174252229609298,-0.06663260797284856,-0.6300366305619347,-1.3072707551341167,-0.28114564169418965,-0.714685775630022,-1.0473682546931438,-0.35917229038812254,-0.681854841189523,-0.7687163005694673,-0.35320759411046726,-0.2396847624628334,-0.9394276570329971,-0.12216222048701697,-0.4595336898244406,-1.3045083157635184,-0.30535586348887017,-0.5672014079911639,-1.042752032561577,-0.3158109041929497,-0.5584530840528328,-0.7813152430912291,-0.2637101830309938,-0.05222387007216437,-0.935241364569186,-0.19003082570199173,-0.2464990449656597,-1.2083155334334115,-0.30965785685789277,-0.38677104707599164,-1.0725645987701162,-0.3156227778598367,-0.4312622185808765,-0.8691133533064814,-0.28243193141924733,D
0.0,0.0,0.0,-0.25606218019526583,0.02822844515373575,-0.11990165648519566,-0.5516689842155902,-0.2095939670371777,-0.19244700178373075,-0.7247625765573815,-0.4575794839030317,-0.2768627367359947,-0.8092590774997703,-0.7256694453296366,-0.3555289075929278,-0.48004860486667134,-0.8938489666306211,-0.07010691521283738,-0.6101801574014891,-1.4557896225060856,-0.19982246581723348,-0.7044862771484416,-1.780356541123633,-0.284605402226093,-0.7518279142729994,-2.034817486924994,-0.34157242229719154,-0.3276546459947407,-0.9398540978624512,-0.09652309407193281,-0.5501001655565231,-1.313987762260226,-0.3208838513400136,-0.6452456212948179,-1.028201896824885,-0.38969120093771814,-0.6182601652114795,-0.7680676828913913,-0.3738780465438915,-0.1641669164099595,-0.9417367831604265,-0.14462803653198908,-0.3672661594313698,-1.3295663527950161,-0.34039706248310814,-0.47887276267558143,-1.0316333338984562,-0.32968446608080865,-0.46339116207756864,-0.7751384293698761,-0.2599000940148677,0.03272188344485846,-0.8986706785539132,-0.2064506153130039,-0.153177982299859,-1.1606778016113837,-0.3456642013342197,-0.2897912668297353,-0.9829418129588565,-0.3420981489173627,-0.3151161883058338,-0.7767550998279898,-0.2955044534206455,D
0.0,0.0,0.0,-0.28186503748260094,-0.07873056457286409,-0.09827497221331889,-0.5233654685038627,-0.31802503574344515,-0.16409340742563897,-0.63828062372182,-0.5534766595808964,-0.24527153191383644,-0.6197931264860367,-0.7655908002720556,-0.31832700160932964,-0.46224052286431655,-0.9282866597323391,-0.03748352846455275,-0.5553185602105437,-1.4266749995830588,-0.1526073562396892,-0.6158323736097313,-1.707255717035903,-0.23113501927778785,-0.6365226130010598,-1.944501895417438,-0.28821420168472817,-0.3150532644505403,-0.9468008178706728,-0.06564793856994233,-0.4796284877052618,-1.2988286171220462,-0.2540575921281389,-0.5667406884350983,-1.0556719924475229,-0.31703710807192786,-0.5566309201550516,-0.8105112033743817,-0.3146180908362107,-0.1542222891565855,-0.9268033022749217,-0.11443914273188696,-0.2947406445668872,-1.2871166664999392,-0.28064488990233893,-0.40369731790019203,-1.042040916512519,-0.2632444564927441,-0.40545463911485174,-0.7976247940278551,-0.2038574828029141,0.033671111073615576,-0.8577101943033015,-0.17663040955576648,-0.11167010967391075,-1.1114511972903425,-0.2842659173770724,-0.23113738416698593,-0.9735637673239604,-0.2712368377265961,-0.25477112510110117,-0.7881551172443854,-0.23173701556231538,D
0.0,0.0,0.0,-0.2751752800009956,-0.09940224655039014,-0.10361145446375447,-0.5149950751778223,-0.34732505969889566,-0.17781892267849733,-0.6206537073758627,-0.5971833954955555,-0.2639907135548438,-0.5541831094886391,-0.7922409631226909,-0.34327332933049565,-0.4518127193594376,-0.9474957300241242,-0.06593070608210844,-0.5234503881348812,-1.443779042011581,-0.1835830285783648,-0.5608594494234974,-1.7213244973479913,-0.26071084140825695,-0.5698511373284959,-1.9585991362364,-0.31753482684688267,-0.28316351046750426,-0.9548579952947556,-0.08980331375511637,-0.39199816361652395,-1.2911032610494795,-0.2754270895177442,-0.4495291012687753,-1.0469362390762378,-0.332941199835015,-0.4435503520665571,-0.8150132176544833,-0.3290513732497507,-0.10535416533981454,-0.9184334935017049,-0.13276096273648424,-0.2152664678513975,-1.2656293006033155,-0.2974347356118964,-0.2935765103267646,-1.0326927895017657,-0.278197358802201,-0.2963843713526249,-0.808521190990122,-0.21901309903375143,0.09204208105119482,-0.8302020309910483,-0.18776657527499133,-0.021584950438680466,-1.0815680026787848,-0.2935461047298109,-0.11325210563457346,-0.9743709379419392,-0.2784793114444737,-0.13842463222569715,-0.8277238340806462,-0.23834522802949817,D
0.0,0.0,0.0,-0.2523228448678143,-0.10806423390648703,-0.11082802701865954,-0.45706256375869225,-0.3944914717278634,-0.18169988665965445,-0.4935464166570909,-0.672164258280412,-0.25636286488642873,-0.38290748968050803,-0.8574602873715603,-0.32220205934338314,-0.35585375660886215,-0.9832718421483927,-0.06416558098646742,-0.4036431369358708,-1.4578588281286609,-0.16312219241114503,-0.4314406902209182,-1.7389275014613534,-0.23654495951970567,-0.4296190392053939,-1.9760606243843102,-0.295597975374887,-0.1923894243345843,-0.9784692872053782,-0.07472726008630648,-0.2606814317351946,-1.3460829156126934,-0.22300871650818083,-0.3184742605021887,-1.1316220265908166,-0.27452612453198816,-0.3305640942761664,-0.9153846960674445,-0.2778694355713148,-0.023027612170561228,-0.9162582968260933,-0.10247160503472465,-0.07029517124111644,-1.2677422502580689,-0.24273306798315558,-0.14856768494026468,-1.0296145180264753,-0.22184739711656246,-0.16924710145678548,-0.7954620741080534,-0.17119653289367923,0.15507763003747657,-0.7996699327570752,-0.1421705910032597,0.0852305053234529,-1.0894593189152904,-0.24617489527693337,-0.008740281122639566,-0.9494681711861575,-0.23260674132111572,-0.044824445929349546,-0.7645005296098464,-0.19820611077764946,D
0.0,0.0,0.0,-0.23986367999442687,-0.11387640833182323,-0.10294600871799428,-0.4198477841276063,-0.39491906966780926,-0.16446996642055262,-0.42464814009644214,-0.6503954154060483,-0.230092789574188,-0.33679662202105215,-0.833221703893257,-0.2853863408571469,-0.33613589199634,-0.9847572773091103,-0.056384536509206815,-0.38332438081947817,-1.4658554686248997,-0.14404749299937208,-0.40649107441566223,-1.7394319473995812,-0.20806245543547494,-0.4017750054476227,-1.9749920977042725,-0.2633110972033328,-0.1677633785902793,-0.9834642835818548,-0.06821621304942073,-0.22063668090775998,-1.3449416517094377,-0.21290685914598687,-0.28738420177848567,-1.099448978899296,-0.2577133784232037,-0.3155064817565817,-0.8635672481113553,-0.2575342963456542,0.0004683599569315882,-0.919941240876158,-0.09562883651157715,-0.039795473605532886,-1.2696233215413775,-0.22951148170029217,-0.12315020235083901,-1.0212911330949097,-0.20161825275882594,-0.15240290666943035,-0.7803610779848671,-0.14896314591273394,0.17244253029675632,-0.8018616021616154,-0.13512387088191666,0.11079848724733454,-1.068206745532884,-0.235427389468256,0.01740293053645184,-0.9359041758185301,-0.22139243627167177,-0.02128880590561881,-0.7598493137171964,-0.18847845975770433,D
0.0,0.0,0.0,-0.22364989617694922,-0.15334786377465176,-0.1126004902754819,-0.38303722005469704,-0.42767545296457704,-0.19161560264039842,-0.38819697437818856,-0.6720969515936914,-0.2773087158631492,-0.2832264185722142,-0.844011945443843,-0.35306784270845054,-0.2853462621244974,-1.0124207020007412,-0.0669301790151745,-0.3291195450497934,-1.4968013732471825,-0.1697092822636192,-0.3603592990840747,-1.7591537667900303,-0.2424696599534173,-0.35497234891666457,-1.9821003757366644,-0.300757138880375,-0.11892346197976983,-0.9896060729291937,-0.08085190543460219,-0.1635597419167795,-1.3265420663971252,-0.24262326669459577,-0.22273764084950542,-1.0835128204275921,-0.30066334193335126,-0.23630776434071027,-0.8585819910446721,-0.307277762674406,0.04226081393569492,-0.9116637936610616,-0.11224653428619652,-1.2802822150138894e-05,-1.2559785526271852,-0.2541699746689915,-0.07214455380698946,-1.0136063735300354,-0.23919192048599613,-0.08649065851868408,-0.7819824891234056,-0.19448412647992114,0.20980809245977872,-0.7814873020022765,-0.15679823286691452,0.13470608673610715,-1.039786191854199,-0.25503823385760577,0.05357156481287864,-0.9211951692563617,-0.24773460356567634,0.02905068844359313,-0.7599672769467922,-0.22032233729951098,D
0.0,0.0,0.0,-0.23963846915046408,-0.1472147501411591,-0.11071751422090179,-0.39939281483186156,-0.4055080438663715,-0.18835035122710317,-0.36717963118752744,-0.633602953554456,-0.26812133391218174,-0.24461997346897085,-0.7889029393989604,-0.3385713308829405,-0.34202850661981493,-0.9998282524343318,-0.08932867928495399,-0.3652460325720475,-1.4658513353846474,-0.1903464089613888,-0.3674386800035235,-1.7435362202916023,-0.2668922862928478,-0.354193430192795,-1.9877274613504534,-0.33190148583564855,-0.15913496746461644,-0.9817702992797448,-0.10393816229949264,-0.17072221659102266,-1.2976346548290891,-0.250727717403898,-0.18093699243336117,-1.0385064030802575,-0.301772552918482,-0.18861357531964976,-0.8040222110105871,-0.30984805222574063,0.016381417461283822,-0.8946764986268152,-0.13310056483204058,0.004886181415176037,-1.2058792994174437,-0.25737985489796705,-0.03291486612718543,-0.9682145880685848,-0.228082225408155,-0.05638107011657945,-0.7511047603698936,-0.18220257559944208,0.18729538313331207,-0.7519167702871555,-0.17530014652948328,0.14025926736617808,-0.9885735301952392,-0.26381732278653175,0.07604649399052878,-0.8583677399622913,-0.24267759340655376,0.03927656665016865,-0.7026127637782775,-0.20915107198299604,D
0.0,0.0,0.0,-0.24722856841743435,-0.16513042212799842,-0.12280565463568004,-0.39168678074906177,-0.4590709121759196,-0.19253971279832788,-0.3196487877802221,-0.6843612734648616,-0.26147591589621966,-0.19229027279494265,-0.8091666976110397,-0.31897008115503883,-0.2949798736307522,-1.021734023894782,-0.0841060049241933,-0.31507273256056917,-1.5228217111718485,-0.17616532406058494,-0.3189929916348785,-1.8101951661427382,-0.2442556811314241,-0.30430937341134434,-2.049864952424185,-0.30175327735416524,-0.10494961363278581,-0.9908043094646191,-0.08539554405628311,-0.10603527269595237,-1.3059961333348753,-0.23030026373401596,-0.13091151914457277,-1.0720204995406009,-0.2815794930439085,-0.14093560481137807,-0.8520717804621573,-0.28900849400741074,0.0641700271088455,-0.9053275994295077,-0.10330538839185129,0.06591488492620388,-1.2098071032832622,-0.2278253761882757,0.02024053215382899,-0.9957399070192321,-0.20747071486266325,-0.0001474463834221191,-0.7878613757283132,-0.16523506694735576,0.22521686493782087,-0.7771354452764185,-0.13557794240395749,0.2079180015535581,-1.0121872108290846,-0.22415740638252374,0.1511919752422207,-0.910033634307162,-0.21258838034572886,0.12304786325578636,-0.771269347622117,-0.18500371396408652,D
0.0,0.0,0.0,-0.21568333139382131,-0.19993032117570111,-0.12123247585627052,-0.3311491866940062,-0.4823169010813128,-0.1845960062458391,-0.2319230301875462,-0.6760077401494923,-0.25006372179590863,-0.11700755911064877,-0.8131538893894934,-0.30692484330339864,-0.23379666906339938,-1.0367942425737766,-0.05982746047519586,-0.26712878092018044,-1.4876773415236162,-0.1469248807061715,-0.2850999247847201,-1.7588377878055799,-0.2162929454147908,-0.2639650808983005,-1.9810705568882525,-0.27457303325670795,-0.03819765193013025,-0.9974572459597424,-0.06016628515564598,-0.02598872137639023,-1.3461465094941814,-0.19462488877700526,-0.05712064202271885,-1.1322448619918823,-0.2568118439280383,-0.06659379965239169,-0.9000486582167386,-0.2739789984509195,0.1298521004585195,-0.9066375692647175,-0.07776269143274532,0.1409817934888449,-1.2093354352458638,-0.1958009173319449,0.09496662220789605,-1.019205272595334,-0.19967564244912933,0.07202946062859206,-0.8077980722533461,-0.1765627291025174,0.2896429495715626,-0.7762162450251452,-0.10945530619427842,0.27669613633868,-1.0164259892640468,-0.19373286935888373,0.22551847766912825,-0.9310460105933148,-0.19527066227900788,0.1984384076250457,-0.7839409122698346,-0.1800105363839122,D
0.0,0.0,0.0,-0.21078083714043952,-0.17000469394591913,-0.13132545386334946,-0.3234133680150273,-0.44767044761328467,-0.20280875902518958,-0.2357155909002034,-0.637770720737063,-0.2699526438403698,-0.15349462184157828,-0.8066283944105929,-0.3267096728542841,-0.2416671366525068,-1.040286188643226,-0.10538844951666418,-0.25814975946825774,-1.52122967391089,-0.19868488309221133,-0.2604590996165128,-1.8012205173183242,-0.27347897744750166,-0.2449952503969523,-2.0368704099212467,-0.33665874625166586,-0.04516622941556016,-0.9942087328441475,-0.09751413875339142,-0.029787427991794724,-1.3028174845541103,-0.2315905193311247,-0.03810636238789584,-1.0532431528343513,-0.28720089368817386,-0.04897493070449832,-0.8311298094013058,-0.30454496292760286,0.12040832934727815,-0.8940125296541513,-0.10505254025375838,0.15382536326967014,-1.2140626848344052,-0.21484466740004846,0.12298991243974486,-1.0002682757974604,-0.20140357200627224,0.09520763248002817,-0.7958219244845709,-0.1729726901065339,0.2694080176851698,-0.7555083693010416,-0.1277868721361552,0.2795953036587368,-0.9836403067486841,-0.2155630175323888,0.23361864524726722,-0.8842842317848751,-0.21267712982666068,0.20095444181357958,-0.7527737901738113,-0.19494303319566894,D
0.0,0.0,0.0,-0.20025560322134525,-0.18221626518332076,-0.13680611581582433,-0.29975010007570324,-0.4661674467424748,-0.21416000265894727,-0.19229618352657094,-0.6462920993270203,-0.28738384089601404,-0.04782698262321866,-0.7548423727625163,-0.34905736238490065,-0.20160580721113844,-1.046107852239798,-0.09408369617851142,-0.20753445007847668,-1.4984721438995832,-0.1855940109361145,-0.1858751648120634,-1.7697900553889219,-0.25838812815256423,-0.14888570283560607,-1.9931387423436373,-0.3210054247236195,-0.0011475639744692784,-0.9961314849184028,-0.08786778619711706,0.04612358102572269,-1.2652483669540397,-0.22148487298068215,0.030793841983098383,-1.0084216237311685,-0.27574475972427476,0.0015786663828797434,-0.7983303205867691,-0.2912566778303517,0.16262714681211712,-0.8897546678891671,-0.09875513254419058,0.21997120747684396,-1.1682367573716743,-0.21321434013603113,0.18251081535678293,-0.9471420576284448,-0.19621313554044253,0.13771205361051048,-0.7634224048584338,-0.16436566395282928,0.30206273472143,-0.7426493961169253,-0.12512391072613716,0.326867098065851,-0.9362568312329356,-0.21397142270948144,0.28329511809701463,-0.816455441439056,-0.2056005546088628,0.2401818135840302,-0.6898526999429443,-0.1838224836693199,D
0.0,0.0,0.0,-0.19883615393764995,-0.17496925417989315,-0.1696254021553255,-0.28768674174563713,-0.47535972271532223,-0.2586400080504364,-0.1741760577109536,-0.6997008507049413,-0.33476498875527105,-0.040806250751376,-0.8690966076566258,-0.40001848719079297,-0.1762976897392049,-1.0557310180655635,-0.12904298223472074,-0.16681528435981444,-1.5210937688536563,-0.2235880269236604,-0.1426976176730671,-1.8113479505013057,-0.30500192034454726,-0.11561613755138707,-2.046501717042021,-0.3759067750951014,0.01726786465865873,-0.9943771588423158,-0.10447912146842467,0.08107681300928121,-1.2803772907590973,-0.2397969855313623,0.08933189852653352,-1.023077838328069,-0.3021038321127774,0.06169360796575088,-0.8067163117562915,-0.32484199981314027,0.1699242549955786,-0.8766636570299992,-0.0982408236409168,0.23835666242407638,-1.1544851019562818,-0.21524272373437434,0.22017740828155966,-0.9446673339024809,-0.2129830687794811,0.1712922380275627,-0.7588310633965668,-0.19241681007901967,0.298621617939539,-0.7295371718207285,-0.10933042089534106,0.3445564568515597,-0.9486814023787233,-0.21120576378779954,0.30795796731190095,-0.8330863867729681,-0.21797586698512977,0.249234913827561,-0.694412275041213,-0.20647586639480217,D
0.0,0.0,0.0,-0.20076147597699986,-0.21351667750413933,-0.13487649595943643,-0.2728365690068823,-0.5186422777993193,-0.204006665592518,-0.14102148234475506,-0.726035759932317,-0.2689702718425299,-0.03335353515254957,-0.9098855972300055,-0.3257380084362738,-0.17529060113184253,-1.0635413983228421,-0.10606140822424719,-0.1684076368109563,-1.5321827897350089,-0.2058327051106286,-0.14367446865928962,-1.8115107180142702,-0.29456694176598924,-0.10826868404478635,-2.0510309819260315,-0.371004932150774,0.02803009657061272,-0.9943022244822664,-0.10284648791212524,0.09689421205487173,-1.3272630380844828,-0.24071613420873442,0.09761904909888092,-1.0735296252114683,-0.31351787407708437,0.0763404625723081,-0.8491790009956356,-0.34686575003108966,0.1934055520376701,-0.8844317287073772,-0.11526959215616119,0.2626010609960766,-1.2089785493307525,-0.22539382542314254,0.24101176436059435,-1.003857939222248,-0.228450984803256,0.1949728914923761,-0.800516098524216,-0.2162533005134187,0.338935088743644,-0.7409181306666058,-0.1435293387164327,0.3818981153857941,-0.995099683119778,-0.23120095311924016,0.34208999138795537,-0.8874882704592232,-0.2349722200476456,0.28184210623153166,-0.7335668030306622,-0.22683386163749789,D
0.0,0.0,0.0,-0.2031055611712398,-0.2037992478942953,-0.15378179265518885,-0.2865938259178587,-0.5162892187104154,-0.23679419737832375,-0.1447727325818018,-0.6957113568030305,-0.3125703193721994,0.012096750008505491,-0.8101817574832506,-0.377600230889561,-0.1765439427607379,-1.0568341856331323,-0.12035502958626844,-0.1701225264134863,-1.5366455140746742,-0.22093493021680902,-0.1387301793512093,-1.8190140758014233,-0.30462348636877756,-0.10316496406076502,-2.0490699707321722,-0.37550803098041,0.01655622863225411,-0.9936697327344329,-0.11111414644840227,0.10025765986058666,-1.2925407836442648,-0.2599164350632565,0.11856310756337322,-1.05444994540489,-0.32951982560878107,0.09909778341596837,-0.8312122430877755,-0.3538037870318974,0.1740517758054094,-0.8773703994674094,-0.11896046289097147,0.2627523192929211,-1.1604863873663855,-0.24985039247961568,0.2448530522601225,-0.9567520746398391,-0.25401914628120575,0.19617048525565725,-0.7540594115697338,-0.2333022247647373,0.3095347489404306,-0.7267028971402367,-0.1431771660347341,0.36510044372627926,-0.9297708406970564,-0.25752586925401794,0.3275365687553981,-0.8102520665959166,-0.2690884715291958,0.26766052231725174,-0.6534452800296427,-0.2571917050437791,D
0.0,0.0,0.0,-0.1918808605535993,-0.2219085254870677,-0.13829248131966282,-0.2602958602985063,-0.5179344013457563,-0.21292007522616577,-0.10664852787850318,-0.6861524666619779,-0.28412816003724944,0.0468471281500542,-0.7806340768143104,-0.34527864351215504,-0.15690155791961766,-1.056728567088099,-0.08733599742462968,-0.13788747365714102,-1.493499908833755,-0.16980759210105417,-0.10420807178243197,-1.756929420421822,-0.24234243259429897,-0.06845164067093044,-1.9777225279515722,-0.30540828319706664,0.02844230579703668,-0.9959242285240788,-0.08559185872304814,0.09920360297928034,-1.2679217519997144,-0.2204306528892772,0.10357196826437429,-1.0542046037652768,-0.28976497772868454,0.0702052924327023,-0.8449623351357686,-0.3132458731363631,0.17972075974389806,-0.876782423043429,-0.09951903209882047,0.2567310390422515,-1.1232940521833823,-0.21604792148529545,0.23970962467525755,-0.9387541585528463,-0.22301815200388136,0.18438523483813474,-0.74858732643404,-0.20442976553491732,0.31164939629216126,-0.7197534739972881,-0.12868809841438483,0.3750011313293675,-0.9283523961349898,-0.2149837236015289,0.3346884436725822,-0.8259908566012262,-0.21461786022718388,0.2668055894695734,-0.6785000518677156,-0.19804311366042018,D
0.0,0.0,0.0,-0.18709770895912717,-0.2535825892908859,-0.12331932518672087,-0.267005517109057,-0.5451974849970388,-0.19938093965001907,-0.12574765956823053,-0.7220007320200165,-0.27743286012052154,0.039437371793859206,-0.7880351457894256,-0.34831344845961204,-0.14880927083422094,-1.050095694669369,-0.06733334207582417,-0.12506179576797444,-1.4602902210982782,-0.1545471166690235,-0.09548183577080101,-1.708721310559262,-0.22710572344473634,-0.06182897503209503,-1.9161135952037378,-0.2885883616511982,0.041209559289600906,-0.99628974052302,-0.07555478245439208,0.08841991863360593,-1.2824364275075106,-0.21243266706340208,0.07614511136784922,-1.0903087796409927,-0.2849032666787642,0.043463924892695134,-0.9007977407954872,-0.3114907545349863,0.1993399915633424,-0.8801445807166438,-0.0993357159957048,0.2613258980873751,-1.1466215720756516,-0.22951486069896276,0.2251247301168937,-0.9434778213450326,-0.2381918813806109,0.17309543560724833,-0.743289749231996,-0.2168217049741287,0.3357959893858378,-0.7175188336595998,-0.1356706797516133,0.35441676467660765,-0.9351112587217546,-0.23144042230178602,0.3099193686634318,-0.8260702981125775,-0.2317788058312766,0.263632709707205,-0.6783363739005719,-0.21285759668446325,D
0.0,0.0,0.0,-0.20423140483638233,-0.22353280006916465,-0.1623880455735365,-0.29781197945079857,-0.5228995616237074,-0.25335313042381086,-0.1725152782526547,-0.7113071411421398,-0.3371797683777951,-0.009031683449985568,-0.827087786081431,-0.4084784323569917,-0.15157130046768652,-1.0622215879865577,-0.1115940158076053,-0.1365103728261482,-1.532712263749551,-0.2082857693805803,-0.11959303283215225,-1.8044773369597797,-0.2921323882380526,-0.08744042459325299,-2.0301391928791945,-0.36554737385174146,0.0407814178608679,-0.9944190569954736,-0.09730167029136845,0.10809201428197528,-1.301036287160803,-0.23823036963153088,0.12576553038695193,-1.0589918757969914,-0.31403628958612684,0.11923258888591813,-0.8376490457647947,-0.34850513351885887,0.19751824136223145,-0.8758968535560379,-0.10225845721107685,0.29413906404062956,-1.1926418024344354,-0.22543749771286528,0.27571861397713976,-0.9774303003687739,-0.23404141653784746,0.23225067043309322,-0.7588004621836403,-0.2199796522232298,0.3362072415836829,-0.7173212618114729,-0.12516238833786555,0.4021911690278586,-0.9346937471631814,-0.23187715123742983,0.36737135960639467,-0.8289631028366632,-0.24860200765262022,0.3133661019558321,-0.681110508443644,-0.24362064500930497,D
0.0,0.0,0.0,-0.20622969512947317,-0.20343868168671123,-0.1450963618590966,-0.28416273740504894,-0.5198261495876638,-0.22259195463647347,-0.13202522356567253,-0.7025994196975839,-0.2919872020314648,0.04351748493160053,-0.7985738794163288,-0.350586119277745,-0.1804912282276797,-1.0552817245505914,-0.10593536448942623,-0.18750978777461028,-1.5070631246763806,-0.1962607201710222,-0.17651483584772917,-1.7829802728967767,-0.28078373628503694,-0.15610765861424686,-2.0100144929428234,-0.3576047569197391,0.01461856287331134,-0.9952255794510768,-0.09650048510648786,0.07539818064109594,-1.2924137404340237,-0.22775440277749623,0.1120974458953329,-1.0312009555300383,-0.2980529757719996,0.1101002948047429,-0.8055357940105337,-0.331132118325976,0.17441397451281032,-0.8810901647786309,-0.10340465490915586,0.26108450074634165,-1.190464071216717,-0.21653430278254274,0.26833588770925554,-0.9804887285882498,-0.22255811344228985,0.23455925211146694,-0.7754852300824882,-0.21134021312495832,0.3132624158399105,-0.7256339231207308,-0.12622137072396533,0.3850482312237203,-0.9631432943509983,-0.2319538346588046,0.3573092811752941,-0.8506247598732699,-0.24428002106980565,0.2985155688089554,-0.6987954612178428,-0.2376464181225576,D
0.0,0.0,0.0,-0.19352650001594082,-0.21904865331676104,-0.15023240236816515,-0.26275873787086723,-0.521374361628766,-0.22506032389521552,-0.1178772372554036,-0.7046749732535228,-0.2898973180273153,0.03927004516611186,-0.8072425252478767,-0.34281992338275924,-0.18402824630296302,-1.0546152496090293,-0.1015114023643213,-0.18111812697611945,-1.5109910748678792,-0.20174639505765787,-0.15320631235171447,-1.806239644739117,-0.2967074124442511,-0.11873026834213075,-2.0422604293482878,-0.3784706151037672,0.01430861092279125,-0.9960236728811637,-0.08793239854443141,0.102309210229642,-1.2804806026719375,-0.22952505463288098,0.15418515923294418,-1.0218788186514338,-0.3100427333500698,0.15164913220175483,-0.7924419745685806,-0.34537723425251865,0.18052721212793923,-0.883428602064958,-0.09184530907089593,0.2802492302366275,-1.1624054152331833,-0.21742109028669612,0.29859652816295,-0.9497385583995723,-0.2336932532698783,0.26525366507585246,-0.7416325241166781,-0.2228875375474045,0.3211993356453298,-0.7327281209537523,-0.11118160432978588,0.40336040454333644,-0.9334999331891123,-0.2260306782103163,0.3831703246135335,-0.8024954953212962,-0.241895971262214,0.3248756731606938,-0.6365444623724569,-0.23260004507377058,D
0.0,0.0,0.0,-0.1953082260745365,-0.2202951162936979,-0.16038415008072202,-0.2672641413445562,-0.5304190884850483,-0.2517431093695456,-0.1041712635769304,-0.6790751546223136,-0.33417611498840893,0.0735188251268304,-0.7626995730682647,-0.4039229887294809,-0.14899390990664862,-1.0618372854523865,-0.14552324454337895,-0.1324408763728549,-1.5660365506349225,-0.24685756832123473,-0.09929285199367527,-1.8477855796960387,-0.32883956015643967,-0.059199144324664874,-2.0830406628490126,-0.40102140571563866,0.05419966841525298,-0.9893289322464024,-0.13524296567241428,0.13781316047797695,-1.262149795044955,-0.2870717666812824,0.16162000130860685,-0.9866065146015273,-0.3542597087865154,0.1472955128978214,-0.7588967546498896,-0.37948689748879977,0.21830258104839598,-0.8590711472423308,-0.14112544358434875,0.3250463522923251,-1.1360693848762848,-0.26995651609853605,0.323261855383668,-0.9103469155060001,-0.2671556743380481,0.27729630936839056,-0.7013842068401667,-0.2441147456556829,0.3578429841869198,-0.691442509269453,-0.16409641609810216,0.4673909024222631,-0.901126359228278,-0.27578402064485896,0.4373944840211208,-0.7855597520560949,-0.28147991690521096,0.3640609703538228,-0.6374932735577662,-0.2660606868429399,D
0.0,0.0,0.0,-0.17522434230562048,-0.2411354415976319,-0.16745136077878528,-0.24552750957827207,-0.5367351300593509,-0.2620891627537653,-0.08371955892484942,-0.6798739858638579,-0.3496613774463612,0.10637981030528823,-0.7380312871293297,-0.4266158082011687,-0.12427401919544019,-1.0752063458675658,-0.11641801016455004,-0.10833812580478251,-1.5526092751515466,-0.21455240926830887,-0.0918940221561176,-1.8200796156223638,-0.30404176242011494,-0.05970348159106977,-2.035377144880038,-0.38162317850040667,0.0745937727812868,-0.9922257569821862,-0.09961835294453251,0.14811231272871556,-1.2599326935713513,-0.24465187169937913,0.16521322875146577,-0.9892968137637771,-0.33048923525283685,0.1626708306144561,-0.7600553777892772,-0.37206707474880524,0.2349547608361606,-0.8669281340868727,-0.10119969158800166,0.32990477877518914,-1.1474866844973408,-0.23106573523955018,0.3154795987398268,-0.9243900133650185,-0.25244885300700715,0.27557835925139196,-0.7058156054207763,-0.24602287774048398,0.3725877062129286,-0.7103885998448589,-0.11976204881426604,0.43920006382915133,-0.9185361674691207,-0.23383830391247157,0.40635585353295645,-0.7929103628612603,-0.2532709347284678,0.35100044292139193,-0.6300011403324915,-0.2482098485730448,D
0.0,0.0,0.0,-0.19826787875396204,-0.20518771165381064,-0.1543785148322353,-0.288804647020353,-0.49495420918582217,-0.24082532626676167,-0.1609931611288989,-0.6589109487815387,-0.319058869932435,-0.012807976367562727,-0.774017530919098,-0.3839721296149766,-0.16542769175525832,-1.06251055185981,-0.12874335639397896,-0.15748002260509464,-1.56246908093353,-0.23584659391438315,-0.15077982106894974,-1.8513286357948089,-0.3287289414588369,-0.12803978691425139,-2.0878456055264056,-0.40621663856710827,0.025716135462428895,-0.9927631444520649,-0.1173031090573753,0.08971170570931986,-1.278962558914801,-0.2653351298413918,0.11109493821587502,-1.0018263097389342,-0.3392989416609409,0.11006324878374056,-0.7651349835300114,-0.37058825308033394,0.18594540329563908,-0.8772909916893935,-0.12321247512807891,0.2770534057667506,-1.1725998096208312,-0.2472654229786081,0.2625153507622939,-0.9298565797168714,-0.24751019033308655,0.22719082478555583,-0.7023473857834908,-0.22657796071729464,0.3304686203853981,-0.7288693178938939,-0.14619229459357522,0.39842766978123134,-0.9404273023905665,-0.25053391455986573,0.36366859823648484,-0.8106925971235228,-0.2540224890495716,0.3108520717430209,-0.652106711336271,-0.23731464113606898,D
0.0,0.0,0.0,-0.21633146176585882,-0.1978956949366012,-0.1451588981302796,-0.34312582751125004,-0.494943183956249,-0.24022247531171728,-0.20770980746693177,-0.6799806742979781,-0.32957737272836324,-0.015804603713090684,-0.7591416715608152,-0.409944644976288,-0.24829216237004678,-1.0440440137793696,-0.14466868663367843,-0.29518981232385066,-1.5557128344323397,-0.2747727628780476,-0.3131522215781424,-1.8577099315417107,-0.3845436606280539,-0.3191688984990921,-2.11370976523349,-0.4751152821464689,-0.040714794309727825,-0.9888842598548574,-0.14300428712324476,-0.014874506435471486,-1.3296332280535126,-0.3039480185288025,0.00994504122127857,-1.0314602558636001,-0.3731819457921233,0.013814991182569056,-0.802651289850395,-0.40094395841171504,0.1409588358184138,-0.8906283201610282,-0.15791228108928565,0.1844251469256031,-1.2445718789759141,-0.2907104984090974,0.16452046089828637,-0.9777105032262204,-0.26700381315216254,0.13337051103419958,-0.7496251700164474,-0.22914243026416156,0.30972591845041036,-0.7505895101824683,-0.1897507238809766,0.3335272437490954,-1.0193981984240696,-0.30520320293353753,0.2924730419866793,-0.8528362570907707,-0.29378924251419986,0.2466469930110961,-0.6699852758878735,-0.2643553397523366,D
0.0,0.0,0.0,-0.19944684232319057,-0.2190500113125376,-0.14808527733338872,-0.29489065059629244,-0.47706332205727914,-0.2455914113863716,-0.168558146895631,-0.6352809307154215,-0.3433661733737235,-0.0017968358806370042,-0.7323149193386118,-0.43224675844357596,-0.2092464863903472,-1.037442780407119,-0.12382851595064333,-0.27281683227106956,-1.527342030488603,-0.24126806308079837,-0.28542087920700654,-1.8101297495551945,-0.33603275204216987,-0.2765584616305062,-2.0508368723837034,-0.4141673404810441,-0.0002716598523641259,-0.9920372616188513,-0.12594442330129338,0.030165886177519294,-1.3132430199854015,-0.2946432208727187,0.04113754846487543,-1.0104276634101441,-0.37548895038284297,0.037574923543871604,-0.7661821710045924,-0.4076447449789295,0.17287753854822063,-0.8983277104389669,-0.14375171146417187,0.22954917949953182,-1.1982266044563437,-0.2890119183036341,0.20659877304355542,-0.9348242413903287,-0.28415342131232946,0.17136546040568673,-0.7175492361488631,-0.25668767034373785,0.32871036178810925,-0.7653477871723311,-0.17718689965625561,0.3706269919010146,-0.9854727953292239,-0.2770861417423888,0.3359593138843184,-0.8285950518714919,-0.2634419953382206,0.29077985490176816,-0.6678936959917348,-0.23719815280043846,D
0.0,0.0,0.0,-0.1892809941401825,-0.22446921805657183,-0.1310309740027433,-0.28968712763247634,-0.49118815766380364,-0.21819443450202916,-0.18462681435911976,-0.6400237212109533,-0.3074102789591966,-0.05624770488929931,-0.7384037992875947,-0.38948495163184577,-0.2033431598489631,-1.0347778677375472,-0.12208715772998113,-0.260974617479591,-1.5149549171388366,-0.23972326402450042,-0.2659406086260414,-1.7924033289366197,-0.32980531602421537,-0.24740818873421477,-2.0210487118085756,-0.40189040991135566,0.0037508368699703913,-0.9915361932871671,-0.12977637930058183,0.03806254035831146,-1.2942365359522352,-0.2955203452114975,0.05673865212358863,-1.007168911172762,-0.36746378286006115,0.05613802009256541,-0.7621852833165692,-0.3918951732583297,0.17823971058424362,-0.9013642739949317,-0.15221838564673473,0.23716008431972282,-1.1698046422461008,-0.29269224965553525,0.22004207143556093,-0.9149101069051133,-0.2849772234193274,0.18994628751425846,-0.7076781659876674,-0.25616532638730544,0.3321437654809051,-0.7688185791679574,-0.18921753130199484,0.3647378721086008,-0.9460634630150118,-0.2868939532679296,0.32576001451640946,-0.7913336588189213,-0.27401033034370614,0.28392939426331354,-0.6446199452697243,-0.24852323874477722,D
0.0,0.0,0.0,-0.1972268040040939,-0.21762509726272575,-0.13172425554505846,-0.28384275484756355,-0.47144139560071574,-0.20798886103271283,-0.18535457055559948,-0.6281309591312757,-0.28254686227340786,-0.09505524931890545,-0.7640822187672109,-0.34681066046301756,-0.22601984262034178,-1.0454421925017454,-0.09136426759898206,-0.28719783910948454,-1.5114091823728828,-0.20688551186328524,-0.3181547523112095,-1.7925609289041335,-0.31553897362164374,-0.32486116899355083,-2.0270650920979185,-0.40116552282563595,-0.0264936287565612,-0.9957134093319033,-0.08861655664686502,0.010349454779434124,-1.3004665838029321,-0.24048199211699836,0.040893665416091955,-1.0261314642981032,-0.329102701361679,0.04725538166056467,-0.7855117994583231,-0.36866314403827666,0.14570979937902326,-0.909542051706256,-0.10223657666504034,0.20265806355641522,-1.2119564219818417,-0.22604067054533003,0.19915478155522015,-0.980304596288896,-0.23718092851043385,0.17720932265777403,-0.7527966795333745,-0.22220230220011167,0.30571927365743595,-0.7934750830433689,-0.13114118127122334,0.34278043298065425,-1.0155887896813875,-0.22766907234601103,0.31491644411599506,-0.8869081298934479,-0.22921088867956074,0.2781282312619462,-0.7243924254926274,-0.21137963175578217,D
0.0,0.0,0.0,-0.21407958127787519,-0.16590748710924544,-0.15587130996459928,-0.34196275530936304,-0.4136883058282574,-0.2539541672875121,-0.2460288379397098,-0.5537011267384506,-0.3446142048632362,-0.11106444412162672,-0.6602297445012756,-0.42325537348103254,-0.2749153409164564,-1.0222991088901328,-0.15035891852491412,-0.33365976571552297,-1.4994347251681723,-0.26158029307647174,-0.34726772074432677,-1.7866558153508219,-0.3555906488271221,-0.34676463905899063,-2.0336560721361048,-0.4362539904515094,-0.06891219589068057,-0.9872166575882151,-0.14371631862066764,-0.04075294817901782,-1.2961159516705856,-0.2993528570823868,0.009666593215872325,-1.0144021066923115,-0.374602418654677,0.019921463596432893,-0.779595274407148,-0.40723050242503644,0.11003400717862508,-0.9028421961237264,-0.15255399611381443,0.1582694030162706,-1.2355238796600954,-0.2781835355378599,0.18393894373077785,-0.9947276623907597,-0.2741000721869169,0.17121673611579669,-0.7772512088439687,-0.2538437760780583,0.2724199224905175,-0.7771622057454277,-0.17861017378463415,0.31376638331060835,-1.0167880560665687,-0.2835416589063439,0.30207508859102744,-0.8756196227325381,-0.2831011947084506,0.26750143040322927,-0.715238894876011,-0.2664414923937767,D
0.0,0.0,0.0,-0.2151105648993266,-0.17078404310760942,-0.15901298443890904,-0.3238698959477204,-0.4425515554371505,-0.24537607552526974,-0.20472478961425863,-0.6435865776163158,-0.32140147679036746,-0.060822033254112784,-0.7968664845536814,-0.3837445802559169,-0.2748267180980259,-1.0032071740507262,-0.12415225028706943,-0.340254454126274,-1.458949842122433,-0.22427792905571753,-0.359327460598087,-1.7315415136179613,-0.3107144895940462,-0.36672160660030234,-1.9647082415194868,-0.384533296011788,-0.07453869004382205,-0.9914420165825847,-0.10717607681385262,-0.052467661918893904,-1.2662924777701572,-0.2477357162731516,9.58855539375835e-06,-1.0161919044453787,-0.31676746494792685,0.016199179440940892,-0.7977331073221268,-0.34531738863284234,0.09637730984992053,-0.9173243097803363,-0.1073492201552597,0.14051160393588663,-1.2110683344744957,-0.22717200334864882,0.15874629670755966,-0.9966846733935911,-0.22652760105892722,0.14676334205261707,-0.7926817650211196,-0.207171931964569,0.25138498314966623,-0.8006635524896096,-0.12482414833012997,0.2893209610703814,-1.0114090416953967,-0.2319935627686126,0.27271860570502676,-0.8835077578959301,-0.23876065720039033,0.2398179891596624,-0.7276937327473568,-0.22416610538217455,D
0.0,0.0,0.0,-0.217510555332134,-0.157436246527008,-0.15368267845898578,-0.33051657117340005,-0.4334119897144443,-0.23118977777866473,-0.21283039622878733,-0.6450629159274088,-0.29721775934623623,-0.0707921215581115,-0.7799470885364327,-0.34935856250500524,-0.32582215170714757,-0.9923271333044204,-0.10913157250964149,-0.39611562057526223,-1.426730448246672,-0.20925601709586691,-0.4101951988803666,-1.7138235243543098,-0.3019273879495395,-0.4083188111289855,-1.9544894589576853,-0.38201019344225184,-0.11871752119089768,-0.9884933957412897,-0.09373876859732612,-0.08306983400831032,-1.281422410365205,-0.2350222934356996,-0.01771045070560713,-1.0306530086430608,-0.30473317185272164,-0.001984950514147916,-0.8058029665314992,-0.33156556844878804,0.062266724598968204,-0.9217447770845363,-0.0956343690251423,0.11715900152880425,-1.2137597484473597,-0.21540844366631218,0.13471028818391423,-0.9967952270110063,-0.2084758659921386,0.11365601238274715,-0.7930647823629546,-0.18283376406236682,0.2229630740909278,-0.8090179883492001,-0.11466706588002032,0.2739360512801983,-1.013847400964413,-0.21746357471645422,0.2511829522464129,-0.8843255848196815,-0.21639163243705836,0.2056946946354009,-0.7265277690912552,-0.1964748505834832,D
0.0,0.0,0.0,-0.2190836795699795,-0.18433974156884952,-0.1411462387165273,-0.307656568420473,-0.4523114777619563,-0.22020998824298954,-0.160549440684655,-0.6168397920390545,-0.2949311300313474,-0.004879828018311909,-0.7250527582247355,-0.36042532160715274,-0.29744757446583875,-1.0076220524195763,-0.10026604401375408,-0.3774675484631685,-1.4728390073621989,-0.20494327960885336,-0.4092260780455497,-1.760626500167768,-0.30109181036792304,-0.42646406596305686,-1.9955857987851815,-0.38234213743601186,-0.08544119496350812,-0.9920214591667865,-0.0926996588764351,-0.0657263798813087,-1.3067644420143,-0.23963001076361393,-0.0025278675772857826,-1.0304207110019545,-0.3176846155699908,0.016005726527750362,-0.795063342738109,-0.349976050353055,0.09550527060381446,-0.9193959649439366,-0.1013515357349315,0.13022870129631314,-1.24836782995579,-0.22310552053342425,0.1551696900537088,-1.0255326800601903,-0.22807109473595083,0.1517066892028354,-0.808858837113374,-0.21015743372260176,0.256973438715152,-0.8055562489877944,-0.125515411424693,0.28081478001194,-1.0524423704461914,-0.22791716175053706,0.26165913087842085,-0.9372081575031203,-0.2322602109654245,0.2292644190104995,-0.7779552344419335,-0.2168638220865684,D
0.0,0.0,0.0,-0.2196892726651715,-0.14341249961612434,-0.13558286013751605,-0.33936118510044583,-0.40999847059421385,-0.21260440973777261,-0.24143142852212723,-0.6267084163309642,-0.28577911975081716,-0.11825884005449562,-0.78638338812313,-0.3499455899029649,-0.3472229176931634,-0.9805102211502588,-0.08929763512667183,-0.4408136900694594,-1.4011347664954021,-0.18723808300356026,-0.4856859116756447,-1.6746772826507805,-0.27776105968017295,-0.5139279356158827,-1.8996985749195874,-0.3542624189753061,-0.14943163173481175,-0.9851710203368449,-0.0843104271459432,-0.1415517998082573,-1.3040256602000788,-0.21893065113228102,-0.06864459298304153,-1.0404415299559149,-0.2883839063486956,-0.04552821209598136,-0.8126596478298136,-0.31576370120091973,0.03026208617530314,-0.9285408534441735,-0.09581299524646232,0.057410645483492076,-1.2552457482737893,-0.2125974707401202,0.08506377890328055,-1.0224419631786974,-0.21269254742365978,0.08061045988506871,-0.8086023069201799,-0.19187182975595873,0.1983236712414567,-0.8308794967432411,-0.1219259746823428,0.21905403019221284,-1.0865820292721835,-0.21960482372725776,0.19909929391344303,-0.9514188528611867,-0.217881455373923,0.1651365561392432,-0.7825299958045365,-0.19918179477590597,D
0.0,0.0,0.0,-0.24788418331087778,-0.14017733815754535,-0.15725445495122103,-0.4024758870369053,-0.39210503291746684,-0.251421283645814,-0.32926704817000857,-0.6013888434585895,-0.34283314763589323,-0.19920893753608523,-0.7718731123820819,-0.4239136340942887,-0.3820310128839407,-0.9645013747089335,-0.11441465383843376,-0.47862577167456516,-1.436377582815039,-0.2168851468672898,-0.5215925056103692,-1.7077344759009134,-0.29615025672384443,-0.5397232680533337,-1.9451209255800554,-0.36330395745387156,-0.1776888927931998,-0.9779471911264002,-0.10975403749252609,-0.19726117709016364,-1.3206673059717209,-0.2716468108435907,-0.1411518581091396,-1.0767012472977342,-0.34816107424870935,-0.11088203160393154,-0.8430186131632837,-0.3737343329915789,0.004802656094049283,-0.9325959753309185,-0.1235060773463686,0.00642372845116511,-1.283960956442679,-0.2672455578116601,0.02376463927471931,-1.0497592891436376,-0.27314079044553147,0.02425040655037175,-0.8131560805546938,-0.2477724581082379,0.17977526110969827,-0.8436847839135638,-0.15407784243887654,0.18027382295801933,-1.115286266580287,-0.2690875497901877,0.16015734283688296,-0.9966055164490679,-0.27845653555895267,0.13645752939701808,-0.8271183712222177,-0.2636290385700723,D
0.0,0.0,0.0,-0.25961078110696684,-0.10204641025292355,-0.15069216350299064,-0.4448590021885353,-0.34778185313469917,-0.2432062850996825,-0.3826576284588268,-0.5549870357713664,-0.33210322731659286,-0.24798934507281553,-0.7130777125580894,-0.41259911982399927,-0.42605868996520346,-0.9465586496850374,-0.11341993655977581,-0.5178929461855312,-1.4230707424859503,-0.21539248950241513,-0.5551815831183825,-1.7071492135624033,-0.29423124490877106,-0.5689857454849093,-1.9492750518563005,-0.360842531501056,-0.22031182158828272,-0.9690854135308886,-0.11106827877535151,-0.24202678522392249,-1.3032003155377085,-0.2706866909978586,-0.19394709727467138,-1.0543220630744619,-0.3369684926777428,-0.16888686828180402,-0.8238475151332114,-0.35294171462322793,-0.03355388146015453,-0.9297018338246813,-0.12683349668804178,-0.03438584816365417,-1.268644831577571,-0.2698278603504811,-0.02479371494431283,-1.0337542170276304,-0.26279968915648655,-0.02968033306306212,-0.8034540499401076,-0.2263301183027519,0.14856418352592768,-0.8446217711701697,-0.15808824963029672,0.13809381929495484,-1.1165613972621247,-0.27462877087275533,0.11826738844254431,-0.9773718651651749,-0.2729198335634547,0.09972093678178222,-0.7988106160051285,-0.24722327262305557,D
0.0,0.0,0.0,-0.2518656397337482,-0.11132292543560478,-0.1476125191695055,-0.44678139796873684,-0.3448419263102826,-0.24326388328627382,-0.3954686742580714,-0.5389654259553364,-0.3378073639838559,-0.2504006039019441,-0.6775745569259184,-0.42391907373480986,-0.41176815304301817,-0.9520148775245578,-0.10006906946514343,-0.4946819566695293,-1.423836648480039,-0.20177695917934554,-0.5320959431005657,-1.7022014451013328,-0.2837690588528195,-0.5517669493438631,-1.9429935257100026,-0.35322786034428894,-0.21075849872718463,-0.972075587467069,-0.10319838886734548,-0.2429740045288676,-1.312485936684419,-0.26143149549608974,-0.20556835400583578,-1.0807105299006985,-0.32991219540692857,-0.18331217429261945,-0.8634402977039395,-0.34827956549554157,-0.020242363271110966,-0.9262270514534029,-0.12535446170617875,-0.026013937575778964,-1.2819032268631323,-0.2705808926062993,-0.027517179652604088,-1.042287551271608,-0.26009028263110356,-0.03396153119914137,-0.8057787380592892,-0.21971787376600577,0.17039012756752658,-0.8275066296027156,-0.16299760962901283,0.1611153879239357,-1.1116412638811761,-0.27984692730429167,0.12621433042677863,-0.9665436705175325,-0.27285828872286183,0.1026539284403464,-0.7816150247310258,-0.24255576526776015,D
0.0,0.0,0.0,-0.25617985107589203,-0.1337029290292505,-0.1571098242516638,-0.4303146897832309,-0.398417512998722,-0.24420040962185008,-0.35869945982959694,-0.6389883248606205,-0.32858445944531733,-0.21200428392015103,-0.8184721219348357,-0.4005949173403142,-0.39372487033382647,-0.9525635244325481,-0.08322096569826136,-0.45777070935874337,-1.4024981689703144,-0.183964476675011,-0.4792351828751868,-1.6781618630441226,-0.2644313338332692,-0.48709110949755896,-1.9163854773176296,-0.3335937591019395,-0.19622174602926548,-0.977166746740039,-0.08149954264113896,-0.22313156606641402,-1.3003795933536006,-0.24874421656360793,-0.1767510468705077,-1.074480518931038,-0.3281159180899815,-0.1493511076754048,-0.8496241890817154,-0.3514676643562624,-0.005333185759885975,-0.9288695637095102,-0.10105931869319379,-0.007182377886828201,-1.276951430266879,-0.258641874301262,0.003157734336498564,-1.0562897376210025,-0.26713918376390416,0.0036826116468942644,-0.8290073471483373,-0.2372499292195084,0.1885320159509196,-0.8259217578845531,-0.13658463321341788,0.19560982729510912,-1.081780023029034,-0.26244811105757476,0.17225088842795533,-0.9666621904845738,-0.27371165100311406,0.15347681274459749,-0.8129651454127429,-0.25604260708634197,D
0.0,0.0,0.0,-0.2796331158015182,-0.16177380476931885,-0.2584979905406527,-0.45187143289713955,-0.4547204432714603,-0.39734203700649234,-0.3919616374989247,-0.6945268562781683,-0.5258205097945071,-0.22558170366095942,-0.8668999095839997,-0.6467662377243603,-0.3634020521414322,-0.9805866251180515,-0.13688990864801032,-0.4226888907089118,-1.4548973170710606,-0.2851011929164651,-0.4453422746635561,-1.751295976535374,-0.40918095774767865,-0.44255825469651305,-1.9869706111899688,-0.5087689819208252,-0.15707151103299324,-0.9811152666016397,-0.11287769515278775,-0.1838161203823641,-1.3222166266328006,-0.35410452667851566,-0.14279264301451314,-1.1187459276332288,-0.5032322483414643,-0.11682633342059005,-0.9048606479617263,-0.5648871088269639,0.036921684427225564,-0.9277325159278286,-0.1233039661723689,0.03085591308130521,-1.2956820472581687,-0.35894191988444146,0.03682261368442417,-1.0789321700821448,-0.44588518189445514,0.03176974161290532,-0.8259393091142466,-0.454464873338961,0.23702424236019734,-0.8421990636114598,-0.1565386916267642,0.218579647748404,-1.1096131902788247,-0.35277384148478824,0.18926580380238348,-0.985437657062903,-0.42565348317684826,0.16252779916919938,-0.7998200342934382,-0.4448532940610167,D
0.0,0.0,0.0,-0.26279820914713237,-0.05673715689202876,-0.3088975754015484,-0.4309651621275221,-0.2774329246137185,-0.4868000710990955,-0.38470723910310606,-0.5232799404701447,-0.6292188407536937,-0.2333630332128955,-0.7491859307066739,-0.7639988592852668,-0.3853704661192889,-0.9287255596841115,-0.29378047652370415,-0.4170536975746728,-1.3701015333762732,-0.4821411483223353,-0.426102979413726,-1.6689627424048372,-0.6304928047521902,-0.426799553039661,-1.882805534810524,-0.7369808802871979,-0.16595891339094532,-0.9574997317094823,-0.23590655531876595,-0.151820691891781,-1.2517230448513241,-0.4807421036607776,-0.10431684072225277,-0.9967104045395982,-0.5970727707055453,-0.0896942288399471,-0.749431707571144,-0.6337539796799941,0.05210370721994035,-0.9088944543704349,-0.20935637059018858,0.08027270003128965,-1.2184888255245765,-0.4531876765165653,0.08788536051983283,-0.9532580429490014,-0.5046180292314351,0.08043350479387253,-0.7143100701324211,-0.48613489886401046,0.25757316591684737,-0.8238998743982324,-0.2044548975422168,0.27039530788445787,-1.0124522274499577,-0.40839434894306237,0.24185678523466925,-0.8356941997497026,-0.4477414958612383,0.20692905215635743,-0.6411940465778037,-0.4349325072785856,D
0.0,0.0,0.0,-0.2543932741815558,-0.10804685886699582,-0.40163728977021285,-0.3818384863743902,-0.38347327178864304,-0.6176520772790972,-0.30939201329242705,-0.6199065144263374,-0.7982235199126951,-0.12727994761838846,-0.8724913736544138,-0.9716320092927835,-0.3353010221789978,-1.005450454118333,-0.2748720700859829,-0.35422958099635665,-1.4820896515497641,-0.4654880267798548,-0.35819231350099284,-1.8263476293275143,-0.618492134519176,-0.34052098628212113,-2.087500699372182,-0.7331938880693343,-0.11727635406149993,-0.9725042490501208,-0.2012007513840407,-0.02862197043698351,-1.2761640006666548,-0.5264081153346795,0.029929165744024044,-1.0787927697122552,-0.7113005144376328,0.0451355413142166,-0.8211831665726207,-0.7667061412610336,0.08560817996366132,-0.8861466134581579,-0.1731319283731718,0.16473373830261143,-1.1809121467117931,-0.48514233107196514,0.18366161887958266,-0.9830151664169364,-0.6313924362514854,0.17535159157053926,-0.748031097407421,-0.6551917784124165,0.27810794933410105,-0.7968298150550823,-0.1751439567430128,0.3076656654258477,-0.9726157065538169,-0.435592038294791,0.28427993686129,-0.8701826433750126,-0.5595086766111037,0.23889389876391862,-0.7155488087643294,-0.5978896784252126,D
0.0,0.0,0.0,-0.27623747965169315,-0.1439405456243554,-0.35808320436029445,-0.43465592205509773,-0.414291198983023,-0.5425854641659706,-0.36321874125059483,-0.6400758167842467,-0.7032389860683864,-0.1686717181045142,-0.8511927996382117,-0.8546495214739663,-0.3360633689880317,-0.9880765303050513,-0.18515288151294346,-0.37429218775095885,-1.4635312917221306,-0.3622327999626531,-0.3729490012194957,-1.776799368889115,-0.5065997098750655,-0.34391449864171925,-2.032564233273885,-0.6152954876920794,-0.12762268292152698,-0.9830792680291123,-0.13140625394271113,-0.10644463331277865,-1.2948682240050446,-0.44932036151476135,-0.07261610503402913,-1.0580333541488693,-0.6280745339334751,-0.05405104278386957,-0.7948508300738566,-0.678730347181303,0.0677256893017111,-0.9333773738784701,-0.12572665671115696,0.09329167169831076,-1.2289009398313595,-0.43497811421769367,0.09028437876771145,-0.9920929717294944,-0.5671567945971092,0.0866848670054762,-0.7371139617718728,-0.5779990095873682,0.26482562239039437,-0.8808463277427319,-0.14911190970778043,0.25037168053037767,-1.059586241281069,-0.39636558898383584,0.21796181578988405,-0.9091498250532081,-0.5058944656516454,0.19580883900019544,-0.7177080058163118,-0.5351453705039354,D
0.0,0.0,0.0,-0.23892940128475712,-0.12356864771390379,-0.21537034257352639,-0.39898262467618983,-0.40000901216797474,-0.34149460698271583,-0.34073161705201965,-0.6514803592377372,-0.45656156314490426,-0.1800231655533031,-0.8425513937638672,-0.562443370875328,-0.2884280645555027,-0.9814132685352202,-0.14242826234440145,-0.30892340027988663,-1.4302156699035833,-0.27976208782152534,-0.3125402451841323,-1.7214205730116046,-0.379813808003176,-0.2930486783134183,-1.9603558515802813,-0.4555253356550418,-0.09300392173955703,-0.9874538697080241,-0.12761318795371787,-0.08025164043003359,-1.2892258621542942,-0.34967736683203415,-0.09002663218547609,-1.0297370093205753,-0.44151464771354204,-0.09464030006239581,-0.7846610376529479,-0.45296920692365705,0.09343100437105109,-0.9174976278095904,-0.1399993745836331,0.12821401730408702,-1.233558900360127,-0.34747599006754154,0.09086583708939602,-0.9795539096224604,-0.3613500756827877,0.06703149170060402,-0.7374391985527695,-0.3175822762697931,0.27651730344356446,-0.793637965491908,-0.17156650027164577,0.2826800808820919,-1.002591437791359,-0.33331981708659153,0.23236322844992693,-0.8457595002864288,-0.34773022712194424,0.20291536451982506,-0.6705608724331016,-0.31982023022170986,D
0.0,0.0,0.0,-0.2327504971157177,-0.1639419771070359,-0.18043805557711334,-0.401366283571731,-0.43586239080739786,-0.2989177068504288,-0.38211838976201995,-0.6680507933542396,-0.41691157715596766,-0.24718108666319044,-0.8713390407212915,-0.5263571662165781,-0.2923931703019519,-0.9850990464202914,-0.12178633405473915,-0.3328146911178525,-1.4326408045709718,-0.254904115973049,-0.3467828110666792,-1.6954149468816329,-0.3530263221782993,-0.33312632501595757,-1.9340443659248105,-0.43154984981023975,-0.11326450255759336,-0.985551029179966,-0.12593776773744542,-0.15032621494765383,-1.3261434592017298,-0.3329900584013196,-0.17713581877846196,-1.0729880203764384,-0.4245180310233434,-0.17508109746263315,-0.8606519031253688,-0.4487941456441084,0.06320749931396848,-0.9236365571111915,-0.1545955240039237,0.045833079286527675,-1.270454673869075,-0.3524810720945215,0.0036146386128492283,-1.0169412842735541,-0.3671636297958673,-0.007265981162098937,-0.7756632392674581,-0.3327362987457889,0.24532281879742895,-0.8045609475181544,-0.2005674337451281,0.23396050355238687,-1.0723152896564123,-0.34854411611636493,0.16017597845169707,-0.9256566718584142,-0.3614666763721453,0.11505670333783397,-0.736267506083626,-0.3424995021331544,D
0.0,0.0,0.0,-0.2269375019633362,-0.158433930683894,-0.16579875897583926,-0.3903650679491487,-0.430470499929096,-0.2742868190376693,-0.3994837495125479,-0.6541734760582788,-0.3857231583290643,-0.2789706016887705,-0.8474282588118692,-0.4888098737428846,-0.2704002047976087,-0.9935123425526535,-0.10072234273817957,-0.318818163006743,-1.4435992299922362,-0.2228340388429429,-0.34418163507841626,-1.70129850879048,-0.31407994983697046,-0.3394055449851596,-1.9332501625144378,-0.38819919422228555,-0.0996928332926715,-0.9890791956785802,-0.10855267691721215,-0.15895020260591355,-1.3410177323739791,-0.3004073882303412,-0.20260409761137585,-1.079605062983491,-0.38703749396472986,-0.20586020110037206,-0.8492895968411032,-0.41134914379582405,0.06995617192882439,-0.9233909777580647,-0.1406802131840604,0.04130086943144785,-1.2814350180108725,-0.3225438291655985,-0.016359930289443908,-1.0271566818353426,-0.3393319742057103,-0.031434752053572955,-0.7766915771222116,-0.3114313590297649,0.2504737711482729,-0.7981569220403011,-0.18945950867880143,0.240697147978189,-1.0800711049548926,-0.32439380355283526,0.14843481005649575,-0.9365754554651382,-0.3387443810597941,0.09021316817571225,-0.7389060967699213,-0.3257258921155898,D
0.0,0.0,0.0,-0.2294280335167431,-0.13542213147189577,-0.15790797942659845,-0.4130888889439326,-0.4217853949815168,-0.2607414407208813,-0.4589385537311067,-0.6669018951988522,-0.3666832937081213,-0.33439909534810963,-0.8399045348036528,-0.464523838789627,-0.30022462290148216,-0.9892980079309037,-0.09419280676467122,-0.362589777880424,-1.461051741728822,-0.22693597943487795,-0.39717057368940434,-1.736075061121014,-0.3245080833299553,-0.39565544221306786,-1.9818514549193136,-0.40221452856294126,-0.12923994218029936,-0.986254805888408,-0.10294899323087829,-0.21217932823501537,-1.3531647122382175,-0.3025520877505497,-0.25973857026503,-1.0563823365035585,-0.3840121943903134,-0.25251783930557115,-0.8100290749506583,-0.4006719464481266,0.04320901220583294,-0.9245565531640841,-0.13634923187571166,-0.00897541530709838,-1.285821332304735,-0.3227810967214677,-0.07689593255955321,-1.0049584399368798,-0.3273021180385712,-0.0834756394440397,-0.751855106816826,-0.2869856887827651,0.2255026371417441,-0.8049468880035827,-0.18600342711289916,0.18943025181152168,-1.0924568783487514,-0.3208409745500653,0.09503294229953393,-0.9235992402267761,-0.32611983116970833,0.05475445422898958,-0.7215983032332199,-0.30460160812930825,D
0.0,0.0,0.0,-0.23317528392702508,-0.12797348020339486,-0.15406385590120428,-0.4211270392298112,-0.398707169518866,-0.2573487354910739,-0.4851896916593678,-0.6281537428334194,-0.36622828931168194,-0.3946084552357394,-0.8376337196572119,-0.4676027469435731,-0.3311571451850195,-0.9765433540566454,-0.09667394074465106,-0.40376517300077447,-1.454676599656263,-0.23092141171681335,-0.44718518646531846,-1.7298074140642536,-0.32767858931503885,-0.4511723298452719,-1.9780970630365435,-0.4029886272945022,-0.16658050503599703,-0.9800345859098095,-0.10855019927453148,-0.25719206962935126,-1.3579063028270424,-0.30953967861620896,-0.30735265667077394,-1.0631175959346817,-0.39052788519670134,-0.29683392837441597,-0.8216476494911915,-0.40614647903954393,0.00327654517292322,-0.928701493446078,-0.14441359312565386,-0.05993360997670417,-1.2907148861243174,-0.33162527215947174,-0.12752921846868404,-1.00252154520833,-0.33415746754860165,-0.12831352331850246,-0.7453487753233498,-0.2915087316064257,0.18785617561637752,-0.8194085115299803,-0.19633167462680123,0.15155317264749085,-1.1103550988358037,-0.32712781137210917,0.056467927308945426,-0.9427175192295453,-0.3282598103071251,0.015577650813712717,-0.7364946040272158,-0.3037705255060024,D
0.0,0.0,0.0,-0.24918338330696851,-0.12788932185963986,-0.14025823152436684,-0.4496002553858176,-0.38852852848880126,-0.2387073026773875,-0.524169575762372,-0.6166793394011928,-0.3442214028051715,-0.42969784820847595,-0.828484562251952,-0.4420526104029824,-0.34064786654987733,-0.9795557837127551,-0.08575633246799516,-0.4190228564157644,-1.4684471914575554,-0.22025999908779587,-0.4734864450750124,-1.7370383646176157,-0.31921132810587455,-0.4813573357188781,-1.9850275563357096,-0.396901866083158,-0.18104245574525193,-0.9783242282922724,-0.10052528813218226,-0.28350315090600847,-1.3651262212806943,-0.2953938125950421,-0.34138897633604703,-1.0595452175841968,-0.3740709098979309,-0.3249789991471288,-0.8100485947763192,-0.3917849709644402,-0.011930307708051879,-0.9246499959202027,-0.13858542920415226,-0.09104205429234853,-1.3216206645074808,-0.3163600233785044,-0.17001994404301982,-1.0303386722029522,-0.31303922215541696,-0.16300479396967507,-0.7682219618248581,-0.27017513072667554,0.1742518514172029,-0.813028451035982,-0.1920087933743139,0.1071730723889689,-1.1279349955195368,-0.3191611091210371,0.0017018681164049317,-0.9562949847584387,-0.3190976268828679,-0.02919130964408425,-0.7428169142430091,-0.2947849045698598,D
0.0,0.0,0.0,-0.25264132048275467,-0.1318873828542473,-0.1545561502421618,-0.45112802898192417,-0.3839116994006806,-0.261511141967092,-0.5289470651431578,-0.5978341318864717,-0.3754538360905938,-0.4505411008358438,-0.8279897470366517,-0.48171349400484376,-0.33937269575570284,-0.9797518244036293,-0.09387088206611882,-0.41635141073571197,-1.4716561415484641,-0.23167775899354418,-0.4734892889788309,-1.73978892528179,-0.33241042765553447,-0.4817268138029226,-1.984040721138277,-0.4110784745601432,-0.1817692515835348,-0.9775352206534125,-0.10669972615169039,-0.2837070904779741,-1.353578589062301,-0.3162950943638339,-0.34431431017739617,-1.0569779892985554,-0.40806017991017896,-0.32982768448161326,-0.8090157053801804,-0.43257519065853545,-0.01802296232555689,-0.9240282286800466,-0.1445021242276985,-0.0967529167325329,-1.303839355218468,-0.33528768575919643,-0.17760150345325212,-1.0264582659860348,-0.3481907175444231,-0.1745795168649649,-0.7662490122247935,-0.3142039714929608,0.1632924509860778,-0.8102079313166799,-0.19862471314869548,0.09460871099235724,-1.1093485846466475,-0.33469452183924125,-0.012563215876777648,-0.9489005470202484,-0.34716636224252473,-0.05004251306997594,-0.7381553426268627,-0.3315172262113787,D
0.0,0.0,0.0,-0.2548599993235356,-0.13517917774800708,-0.12867920328811117,-0.45590482825028206,-0.4043446250602015,-0.21898297978882997,-0.5401400660092038,-0.6339950796508391,-0.3189886309339991,-0.47063335519261734,-0.848473210561651,-0.41129249138003,-0.3547649693087663,-0.9774348723460929,-0.06979971034671592,-0.4336897302182979,-1.4679758369646676,-0.19654932276772846,-0.4899977588657659,-1.7294939686277087,-0.2897813717322445,-0.500632706155368,-1.9683236735925924,-0.36287060081728256,-0.1995297046841344,-0.9758715883428606,-0.08867096488617215,-0.3049081677650817,-1.3632896022920338,-0.2815758344803906,-0.36155004350786907,-1.0764862332911955,-0.36237655436729566,-0.3434666894672229,-0.8334259205244925,-0.3802133395203127,-0.036126544658284444,-0.9271564457282977,-0.12967438385096872,-0.12315868323210359,-1.3233702493162116,-0.30280159018464897,-0.19923474886720274,-1.0525413820456835,-0.30351301434660594,-0.1907524520098591,-0.7962540364583269,-0.26288434987757087,0.14409400377620554,-0.8220187814504525,-0.18526981841776657,0.06243322325859859,-1.1303659195937215,-0.3074204746980358,-0.040076735438830814,-0.9759128421755429,-0.30995215607649773,-0.06775751196386483,-0.7681460010758645,-0.2872178413045421,D
0.0,0.0,0.0,-0.2528097263346215,-0.13007999733254172,-0.14507521484245306,-0.4504125729365578,-0.401403277626351,-0.2401552010091216,-0.5329649699690889,-0.6367036590620181,-0.3418556291097113,-0.4854757288521088,-0.8896595701439104,-0.43549829096297277,-0.3505208709656707,-0.9734497664855776,-0.08715173323505156,-0.4371788456327137,-1.4649274670108794,-0.2186629181273719,-0.4923109154164039,-1.7345992031756008,-0.3139194567278771,-0.5007884857078692,-1.9802863353357578,-0.3878777030414116,-0.1961045483632642,-0.9756961642141994,-0.09777525887942319,-0.3031825856386269,-1.3689409588825534,-0.29415794113867577,-0.3740951653010025,-1.0755185906455835,-0.37346280870487086,-0.36433246695715954,-0.8334215726703584,-0.3905346967018259,-0.03313450962845122,-0.9288126546740305,-0.13208336747414293,-0.11278248672793542,-1.3380476942566453,-0.3138553100592395,-0.20347237413073518,-1.057997795244232,-0.31432299151652465,-0.20495502334946447,-0.7921451833123863,-0.2724859092245035,0.14978001418178483,-0.8260533652194741,-0.18194551051602037,0.0816277689639581,-1.1340730247540867,-0.3147721136178411,-0.03292382038434295,-0.9791196735892521,-0.32153155987982146,-0.07505651647991819,-0.7680886319844261,-0.30070304830890876,D
0.0,0.0,0.0,-0.23675168097230181,-0.1230648783051082,-0.12938866514826936,-0.44613837514248167,-0.39396853785139513,-0.21152319248456575,-0.5348843515101827,-0.6231481263193538,-0.3014986329243086,-0.5213401549861167,-0.8642042250548019,-0.38335665112882966,-0.3443163806993396,-0.9781478924110159,-0.06298852045879032,-0.4306887764711724,-1.4624591069372377,-0.18991307238751584,-0.4861684545442738,-1.7378667959628373,-0.281694423427503,-0.5043561379578811,-1.9803685322628473,-0.35108031186020316,-0.18820019288114248,-0.9791045586398521,-0.0770386308949023,-0.3128294699850432,-1.357533846627648,-0.2725753643006459,-0.39857836927716433,-1.0625205927103814,-0.3447053335640173,-0.3987305925529618,-0.8149666684004234,-0.3523926331695636,-0.02491103927983213,-0.9364603781295435,-0.11460851281938661,-0.12416796514357427,-1.3265380348933387,-0.3034713459990965,-0.23775863697459085,-1.0346554160846098,-0.29398983783674393,-0.2501773096843425,-0.7687619719296583,-0.2385610056259363,0.1555801181754111,-0.8404777033619882,-0.16597031675774307,0.06958131739367075,-1.1275965266693002,-0.307004275117481,-0.05655703975822436,-0.959505086547661,-0.30629586628951644,-0.09923661653215544,-0.7523996138701812,-0.27388838676550153,D
0.0,0.0,0.0,-0.25161522184422147,-0.1351117762004693,-0.12437917486299925,-0.45998187631027615,-0.4031390702270891,-0.21440954225478137,-0.5589732436094295,-0.618623510413189,-0.31564391942499903,-0.5455463520475405,-0.8633666326914193,-0.40990597644085097,-0.34104577222519616,-0.9913893705264192,-0.08660918274232292,-0.4282904369886577,-1.4925924835942355,-0.23140715655885932,-0.4906531303030177,-1.7595574097476354,-0.33813973695911814,-0.5158710802844626,-1.9996211344604315,-0.4172001978147524,-0.1889657465012249,-0.9757120846785019,-0.11080557053491025,-0.3271217786419159,-1.3505658325544718,-0.32519302994621135,-0.41361041761648476,-1.0417456472323057,-0.4123489582449045,-0.40588488713578785,-0.7849223135900414,-0.4320691495430285,-0.03142352583155219,-0.9258434263306417,-0.15752520809881165,-0.14575896651476095,-1.341820413109378,-0.3558525528449465,-0.2628968297223794,-1.04712189647876,-0.35319218769469435,-0.27158060535559936,-0.7704737548768748,-0.3043672509548438,0.14557699872394164,-0.8266881694739587,-0.21752265354256062,0.04447423207995578,-1.1364716381448108,-0.3605111061086093,-0.08432004128506518,-0.9763453167844475,-0.36137004446323817,-0.12293297425270164,-0.7676442643966103,-0.3319444103806165,D
0.0,0.0,0.0,-0.24183248208241345,-0.14974147558227419,-0.10810991228126048,-0.45554367598058476,-0.435083966353404,-0.1879504435273876,-0.5753369350831542,-0.6850922130422474,-0.2834898558219627,-0.5629669811170397,-0.8764576931593027,-0.37380846369799986,-0.32977058351664273,-0.9907689878242333,-0.03926442978989218,-0.4109779689224899,-1.4662476697173115,-0.16002004605388415,-0.4720682060435477,-1.725936100336918,-0.24516849649321043,-0.49348708742942454,-1.9561412542614716,-0.3098574216102389,-0.1806531888419276,-0.9813895894623993,-0.06510682802952561,-0.32417371112799814,-1.3575614583751048,-0.25523741628303315,-0.41160843906599026,-1.0620893746466942,-0.3224321014403034,-0.4047257575181426,-0.8038289874079378,-0.32646412707700073,-0.02309993851000264,-0.9271524468119839,-0.11323105690610624,-0.14633306394743248,-1.3269436499687512,-0.2931767484504642,-0.2627334421732944,-1.0391811132149307,-0.28015858192412,-0.27520051252571676,-0.7671547731048537,-0.22298153065125131,0.14661605795166346,-0.8192962463665213,-0.17383015837515292,0.03884262268562511,-1.126645428230128,-0.30037004516099675,-0.09127524851434109,-0.9740563193367834,-0.2923580661605237,-0.13782918750143217,-0.7666536604151803,-0.2564143135434213,D
0.0,0.0,0.0,-0.24479484669649354,-0.1309614375825971,-0.129518847965064,-0.4710783982861495,-0.3903200050405516,-0.22934225806211053,-0.6030943119676526,-0.6280243301506145,-0.34295238887135693,-0.5772086437504945,-0.8401764504449649,-0.44983068998044734,-0.33484984960683867,-0.9834304983301024,-0.0639758906259703,-0.4127865300329898,-1.4530421149938533,-0.1954057080786359,-0.48036168532245493,-1.7114922581527594,-0.282665705565543,-0.5018510849990296,-1.9364301248471965,-0.34653376492413546,-0.1878825664452592,-0.9785239930047193,-0.08479938879521971,-0.3321480404433678,-1.344495104961131,-0.2907752093825683,-0.43756701662508285,-1.062778681412879,-0.359897454899834,-0.4369595445371783,-0.8091742963705654,-0.3605406694125506,-0.03600987160690002,-0.9293722432434162,-0.13047927028407513,-0.1641736566393258,-1.298010167607989,-0.32288259479333303,-0.29553188981976697,-1.026736000347876,-0.31538434112302416,-0.3117763496394974,-0.7699447232751707,-0.25783739670269995,0.1304291289805282,-0.8240103356342801,-0.19039323068914552,0.020490003698241326,-1.1233152137132763,-0.32022465585224974,-0.1172533477194188,-0.9892866883336631,-0.3178973716241531,-0.16635528675796574,-0.7972229044322947,-0.2850914181679482,D
0.0,0.0,0.0,-0.24981671950146359,-0.13403470487776167,-0.13026315108601536,-0.47496110753946025,-0.3880158337621265,-0.2318762883530515,-0.6034111006228414,-0.6208112242495138,-0.347498250342745,-0.6032016840668811,-0.8441364453321282,-0.4571065817788392,-0.33799071907325573,-0.9832085002413536,-0.07309518078807266,-0.4168021970536484,-1.4705186973319495,-0.2091228399809427,-0.48457764553416877,-1.7335135567287887,-0.30171382091207083,-0.5053017755110866,-1.9641993744365795,-0.36938418100227566,-0.1912913807243659,-0.9769693870504196,-0.09454324104288678,-0.33928806781465753,-1.360941332380776,-0.3014377326524886,-0.45229587056997705,-1.0774856848329557,-0.3717094041801323,-0.45527929626774094,-0.8236616690472057,-0.37520580414487403,-0.038129119041482744,-0.9318225833918985,-0.1406743139177914,-0.17001471945677066,-1.3233113261764415,-0.3300632324036867,-0.3058889653110899,-1.0483188037529172,-0.320635508876362,-0.32362784505103404,-0.7847576276580382,-0.2646861913959907,0.13147761317533616,-0.8311096408278702,-0.2017943628481039,0.020045502754190567,-1.1327317184704462,-0.3324104514153494,-0.12153580038484994,-0.9923129508978669,-0.3302891711758239,-0.17230411071181415,-0.7957257437539932,-0.2986344802016847,D
0.0,0.0,0.0,-0.26432213071256694,-0.11636058032186389,-0.15269801681041317,-0.49039033372823676,-0.37324950332303675,-0.2602744446888769,-0.5877007547540841,-0.6145929744885503,-0.37717562910873187,-0.5380336705657983,-0.8757560182267037,-0.4856461461468761,-0.3585128139456576,-0.9735583040232625,-0.06835241465851134,-0.43893149402225756,-1.4567027068939804,-0.19783104156671538,-0.49899854588012416,-1.7386640025838447,-0.2886410751036765,-0.5091434803509446,-1.9794054523123505,-0.3577802701736341,-0.20894289205765684,-0.9747713951048248,-0.07850856732851406,-0.3248165525594453,-1.3668963010641664,-0.26955459146282823,-0.40530835477842914,-1.0899971618615776,-0.343630030899345,-0.38960592706300484,-0.8550743408559441,-0.3534649327470437,-0.0519903692934946,-0.9323062632769119,-0.11625725521534636,-0.1505642778127054,-1.331144728812532,-0.2926804685030191,-0.2506457650056114,-1.0637070687758348,-0.29493291982065967,-0.24691253769884006,-0.8069111529313056,-0.25218937149018106,0.12525118071858327,-0.8344105494768469,-0.17101507402317384,0.03556355891574977,-1.1461069906700323,-0.2949745047512744,-0.08020383775322183,-0.9978388533398953,-0.3013544116742652,-0.1101548776970775,-0.7872422435354912,-0.2796474987402547,D
0.0,0.0,0.0,-0.23776941282334416,-0.10969028775350068,-0.1468441492208763,-0.4320881884826479,-0.3984098187831303,-0.23925108350944355,-0.48957234448070963,-0.6735249912585933,-0.33552548169283236,-0.411954590340562,-0.9100295752280235,-0.4220923602672329,-0.34483653368687495,-0.9624672482160934,-0.08004925996591371,-0.4236885420796156,-1.4381930922270658,-0.2059250330867346,-0.4730385150926831,-1.7282013315437579,-0.29156472850711856,-0.485219146134976,-1.9744965946901851,-0.35573813861242143,-0.18668873883769574,-0.9787650729260408,-0.08465368752318535,-0.2726490072791373,-1.376125535684274,-0.2614831147359828,-0.32820841401375295,-1.1207803021329963,-0.31576586448624644,-0.3254844848427875,-0.8955938999591099,-0.311368143272166,-0.019236668779248678,-0.9368312261114712,-0.1139182676050086,-0.07782363056145078,-1.3186929324811403,-0.27853992044788056,-0.14830243846544036,-1.0494535511799645,-0.25820563463982515,-0.15073088754772787,-0.8058741830026956,-0.2001588613430044,0.16034838504133064,-0.837296169441958,-0.16007420602940128,0.10927050070908742,-1.1363673231553006,-0.2794140025493293,0.01237300554111496,-0.9827696761822615,-0.2717458590622064,-0.02364108516150158,-0.7858576387174916,-0.23808015438914837,D
0.0,0.0,0.0,-0.23783010648628714,-0.07765628464154062,-0.14553518655355535,-0.43901013535927924,-0.37633999264815327,-0.22848898248563587,-0.4822969111645217,-0.6687915001942067,-0.31235194430925656,-0.36038599155958667,-0.8680446169424346,-0.38621425744976656,-0.3470657462367009,-0.9649817644203371,-0.07730888002938378,-0.4080655305365847,-1.4304065996743112,-0.19304222691527734,-0.4449397550785358,-1.727330713195413,-0.27104541679553684,-0.44885287435109794,-1.9752422651721873,-0.33084711873645023,-0.17827559434189194,-0.9809850801815257,-0.0767208245738443,-0.24628780767274852,-1.3690840391005272,-0.24061819040278304,-0.29829177377515426,-1.1315150655473627,-0.28522966692435026,-0.296925405095861,-0.9056252154617535,-0.27507739029991257,-0.0021608045720575403,-0.9292321492459439,-0.09958400943607414,-0.03884164514779778,-1.2938384200389959,-0.25466355221403014,-0.10587097008694141,-1.03617594829419,-0.22858036139984572,-0.11043880034650531,-0.7998929135375898,-0.1674044973001265,0.18320436103869459,-0.8197686052584838,-0.13911688191179142,0.14440428111496398,-1.112601479606148,-0.25429242994857715,0.054077061006728294,-0.964556953740464,-0.24412122001232925,0.021340454913657013,-0.7746576562297731,-0.20813006568098907,D
0.0,0.0,0.0,-0.2543792125992463,-0.10073390973246657,-0.15496869865064125,-0.454349081221227,-0.3749150483330666,-0.2508300132799517,-0.5056696032641571,-0.6395000811747882,-0.3495255298505088,-0.40329251001252786,-0.8569695318019822,-0.4389466979234627,-0.3598022507039943,-0.9635586115332446,-0.08672877137537491,-0.424967053719722,-1.4304490598582078,-0.2082067757303527,-0.46760837070711814,-1.7103816990801772,-0.2949919139985748,-0.46958788252908373,-1.956410271666862,-0.3632668281957879,-0.19639411114413416,-0.9763718121658088,-0.09015230177849094,-0.27123695216864185,-1.3507086767936662,-0.2715797735892045,-0.32554680698531263,-1.095230903211046,-0.3377690283156182,-0.3183435767756729,-0.8717030046122682,-0.34430978373350657,-0.029902882518736355,-0.9281251827113866,-0.11756322267973122,-0.07819203075007546,-1.2909254849270848,-0.28361608092359486,-0.15034137891776106,-1.040359943860793,-0.27793665918388083,-0.15662281159862498,-0.8068926839838697,-0.23304577343784463,0.14934624844228034,-0.8209845532278712,-0.16179487330206058,0.10350181044889312,-1.1076726617194208,-0.27711214127251727,0.013000235477091563,-0.9682521589918911,-0.27619297130860704,-0.022554777937186108,-0.7839874844414195,-0.25124740793059813,D
0.0,0.0,0.0,-0.2602067304926011,-0.09721357382176958,-0.16574878983906152,-0.4746300727428029,-0.3705314707662737,-0.2675734182825979,-0.538202745426181,-0.6484971990178431,-0.36941915468920894,-0.43891509017268787,-0.8828983166272807,-0.4614124789139147,-0.3524005031045723,-0.9683609050671946,-0.1033188290322232,-0.4209393881134567,-1.4658199043279692,-0.23005670263302216,-0.4677954193754689,-1.757877593052141,-0.316808066654427,-0.47776845290419767,-2.00923331887017,-0.38330689639168336,-0.195664945794442,-0.9757117918389199,-0.09849735150623291,-0.28472559205720394,-1.360435354557096,-0.28339165782024395,-0.3479886606789685,-1.1020020638200978,-0.34456163857208455,-0.3499668136811404,-0.8771856303045481,-0.3469794738446273,-0.02793161434119072,-0.9290057723671924,-0.1188587787741202,-0.0780417332517888,-1.327282810713735,-0.2922121903841403,-0.15823715864230017,-1.0647615596199802,-0.28129996066531027,-0.1685387099565102,-0.8182118975701326,-0.23039293116050513,0.1576635659707543,-0.8289682435909412,-0.15688913182677203,0.1004371893596796,-1.1358366142946912,-0.28700025417224057,-0.0024516141944177414,-0.9834718578655627,-0.2903720272137816,-0.041799576986025606,-0.7848003716908043,-0.2642985626234905,D
0.0,0.0,0.0,-0.25677145401632917,-0.09396731252704285,-0.16285554472490052,-0.478443586687155,-0.3600127471123616,-0.266152778404417,-0.5673067424202425,-0.6246100675940647,-0.37248220204659954,-0.4942241824715355,-0.8784922840428461,-0.4685382620333752,-0.36417972514026803,-0.9579930554537799,-0.09483227465483593,-0.4379736600068439,-1.4461386601963784,-0.22311122428164198,-0.4869219334776671,-1.7300297750198026,-0.3063549883304818,-0.49271698818298515,-1.9780132525853071,-0.36836981905869826,-0.20649452595718779,-0.9738755413581474,-0.09447984279247969,-0.3081787004617983,-1.3604742479630152,-0.28476031463987483,-0.3801544503700154,-1.1052191441172996,-0.34310072904955713,-0.3762046770848376,-0.8719371673981474,-0.3388616175183691,-0.040892396400645604,-0.9295034148609463,-0.12045426050684323,-0.10903467747151466,-1.3185445148702377,-0.2977859488162897,-0.20358629612076568,-1.0629786059469175,-0.2866111638261347,-0.21584212476709083,-0.8183522438952033,-0.2310233447238173,0.14302923029077197,-0.8288597321159356,-0.16413535763153703,0.07771735405878792,-1.1277309835479592,-0.2926712441987413,-0.036954253560250845,-0.9986580395404776,-0.2961273422213228,-0.08825317602266158,-0.8106570962055019,-0.2679873882728283,D
0.0,0.0,0.0,-0.2542133260113461,-0.0513783081217932,-0.19004044481439716,-0.49662938676477913,-0.29589020970320373,-0.31863097568351245,-0.6237071232845343,-0.542401017952694,-0.4465091077482779,-0.562925753180025,-0.8150562440702405,-0.5638000498658149,-0.3575483438382474,-0.9587463685547316,-0.13166444975913116,-0.43302353591126447,-1.4564989871049203,-0.2780552525159376,-0.48484929160260476,-1.7603289566017712,-0.3709259939354409,-0.4987402834602886,-2.007845753072486,-0.43587745494118896,-0.19296977280736474,-0.9736220782165304,-0.12174857531814653,-0.3179754375495866,-1.3376634731474024,-0.33626584925623626,-0.40597589412633056,-1.053956855856231,-0.3917183071659525,-0.41700511793754674,-0.8174567259625358,-0.3766246077625466,-0.021774756637616403,-0.9275885390010798,-0.14045655584921446,-0.11746280324372688,-1.3175332016494101,-0.34215656954629825,-0.2267560364944986,-1.024304100515609,-0.3178120646248138,-0.24953428272000394,-0.7727083812266264,-0.2444601823295799,0.16462431524117138,-0.8256340481255819,-0.1779548116426051,0.07661911766784292,-1.121752594475101,-0.3273549219392527,-0.049213915045904055,-0.9685625379155175,-0.32262641852137985,-0.10780315083775246,-0.7775511170351783,-0.27949882190841113,D
0.0,0.0,0.0,-0.28373790351329986,-0.0983684313300778,-0.18224772218643803,-0.5195544437827543,-0.3490582909439527,-0.30442913952221423,-0.6386430694014368,-0.5966104661208363,-0.4342115897679963,-0.6172568205582094,-0.8944317935355106,-0.5562630712448703,-0.39187031841283393,-0.9563841925793826,-0.08584838007880558,-0.4676021885221915,-1.462652237268755,-0.22964316745539057,-0.5243478595735265,-1.7532158711678894,-0.32794942372108005,-0.5404362582284944,-1.9931785827390442,-0.4003268639680639,-0.22921697625553866,-0.9692364006165137,-0.08966815218466845,-0.3739484316932536,-1.3353943460745648,-0.32170174479130953,-0.46862967641758413,-1.064440412391051,-0.4090796553334338,-0.46832916095408017,-0.8335948854855897,-0.4179579744458976,-0.06368120638835469,-0.9387196632033622,-0.12579512691532013,-0.17274604037482066,-1.331408394519028,-0.34651438552433933,-0.28532469645425,-1.060885150864336,-0.3629076918408586,-0.30121713305575537,-0.7982765207809686,-0.3166406277123005,0.12568166499057135,-0.8564149641986383,-0.18041493432731143,0.01573469940206398,-1.1378626865329624,-0.3483212339529686,-0.10805736560246333,-0.9962653508497654,-0.37696508082916946,-0.15590024217685308,-0.7970978839832057,-0.359922047476856,D
0.0,0.0,0.0,-0.28717223880283255,-0.1309037055959829,-0.1731582586303802,-0.5258667886724936,-0.3853442047801557,-0.28840713556739167,-0.6568528169598479,-0.6294554252219328,-0.41589151160776183,-0.6130190779376438,-0.915600099314474,-0.538110579564365,-0.3815104176655924,-0.9673742588435843,-0.049754133810047195,-0.44491770485077753,-1.4438698729713177,-0.1835185724648532,-0.5003548490994837,-1.7152023383444157,-0.28924080127340523,-0.5096361231011564,-1.9598588762953226,-0.3752874224092294,-0.2190918731006215,-0.9734325088418475,-0.06654248170250116,-0.3434989619294822,-1.359152510144801,-0.303530789093029,-0.44993220063452355,-1.1172363114419734,-0.43015393351478515,-0.46196250245990245,-0.886876043338392,-0.47144313877920657,-0.06075452127849622,-0.9368249769084714,-0.11430438671066893,-0.16010438307677757,-1.311692759730219,-0.33951330615091363,-0.2843041962453593,-1.0728863210089599,-0.39835559069863324,-0.31101662818673115,-0.8171016554198899,-0.38395730822236496,0.12357061027462261,-0.8431598813719734,-0.17891198655446836,0.012119375352489133,-1.122773246902623,-0.3417372064649686,-0.11194442097750178,-1.0049819145901282,-0.3903053128416243,-0.16124946233511622,-0.8167598631067398,-0.39531587063785595,D
0.0,0.0,0.0,-0.3007022630044886,-0.1370798818625949,-0.17769525327591337,-0.519390738349661,-0.40594790086769367,-0.2886821591911645,-0.619480766970896,-0.6724588937183308,-0.41061994045109756,-0.5872069576381866,-0.9744368084706113,-0.5272766416862524,-0.376123630709028,-0.967901663069277,-0.04374441550393441,-0.43845492010393267,-1.4582426386960856,-0.17048145420627733,-0.49246376395530067,-1.7408452433805737,-0.27357895902833385,-0.4995587416154111,-1.9881119862744927,-0.3577741265952109,-0.21471976317283287,-0.9751834656328211,-0.0539688026489655,-0.32158521406570545,-1.3890371179850174,-0.27555886613769387,-0.4394108879729468,-1.1789478884228741,-0.39897319373724727,-0.4645318347631545,-0.9605171967520579,-0.4428367964561267,-0.05874043508692046,-0.9415381507848084,-0.09584619821821919,-0.13448148667023765,-1.3609745783978642,-0.30792897895398197,-0.2698214170680134,-1.149656082088025,-0.3729072328765245,-0.3090252225092452,-0.8916050194072479,-0.3680031434065431,0.12664081552520476,-0.8541187438726171,-0.15511806117587223,0.026227698032110038,-1.1567131551081677,-0.3140600544687461,-0.10306907634208078,-1.0617520097454678,-0.37055235893467114,-0.16126387734892483,-0.8722825188548001,-0.38383665034027553,D
0.0,0.0,0.0,-0.26377929091946134,-0.17521110683449734,-0.1394234513473099,-0.4612120347656732,-0.45132749488808116,-0.22904555416893488,-0.5505693976999855,-0.7209590944346318,-0.32952090044361615,-0.5099228577359269,-0.9895862410226638,-0.42126195445890174,-0.33859015509949303,-0.9774148175984614,-0.028217723947494826,-0.3948328196369465,-1.419558879338038,-0.13771105589901111,-0.43863882725215647,-1.6682944110470448,-0.22389954266253134,-0.44521593592329467,-1.8892834554828646,-0.2924466063628284,-0.1910984318218254,-0.9807460019514801,-0.040232685858969074,-0.2799007369710426,-1.3681747803261706,-0.2250740819117235,-0.3479193380339728,-1.169759661383109,-0.31702136050615926,-0.3503110465498067,-0.9488971607885608,-0.3436584801041992,-0.043471848110008295,-0.9358507599956798,-0.07801228609951062,-0.09851572664097631,-1.318798869252099,-0.24571748088794826,-0.20337150914026914,-1.1425688302110513,-0.2738792443626983,-0.23733204691493218,-0.9214093255370365,-0.2522916129368154,0.12203971816472758,-0.8333903357400306,-0.13147382065120294,0.06272111089452226,-1.1261625258955013,-0.24185962884566578,-0.05179669774917635,-1.065367274652444,-0.26364561699484673,-0.1180281886490144,-0.9140040876427118,-0.25813054920053624,D
0.0,0.0,0.0,-0.26085506700728045,-0.15383946259721037,-0.164771086640948,-0.4665128897952877,-0.43348971386095847,-0.26849816424199496,-0.5500711106863728,-0.7195845326470396,-0.3761773339151766,-0.46870113266095703,-0.985573491026343,-0.47363345026848974,-0.3382807230825205,-0.9753654736017052,-0.0695059555492897,-0.39790703138375083,-1.4541956300742005,-0.18900229865473728,-0.4399687031811784,-1.7192182563692349,-0.27612041747023797,-0.442503685769152,-1.9550044197154317,-0.3432271624532889,-0.1790581578183293,-0.9816195234075286,-0.06604004379073915,-0.2537267287525634,-1.3730173045498402,-0.25072906162830805,-0.32916493578314127,-1.1709455900570753,-0.32852256126622353,-0.3412722042758041,-0.9527082392746268,-0.34328178972044826,-0.021748271905954273,-0.9358389104794229,-0.08971735879926794,-0.06919210071657463,-1.3324735962130747,-0.26029190675601277,-0.1747448417600359,-1.1256594910165616,-0.273326987701976,-0.20838792527425934,-0.8929586807630138,-0.23912798584752,0.15437634177450915,-0.8339158408490428,-0.13082239146375454,0.10631279451475226,-1.1255617734584575,-0.24933597175036476,-0.0076166738708932065,-1.033895643075353,-0.2652924294221203,-0.07451058370803514,-0.8622647761959529,-0.25161288541956517,D
0.0,0.0,0.0,-0.2406103948381052,-0.16843961929373055,-0.16039636856137024,-0.43285833988277406,-0.44533646008492084,-0.2623820222683513,-0.5200460962900157,-0.7174227257418574,-0.36849925455048627,-0.4322245510430498,-0.9577238189917053,-0.46387290345362436,-0.31941135242518487,-0.9725478204465022,-0.07273543448134268,-0.3813377580829217,-1.4307062041486398,-0.1952504268321908,-0.423663117095975,-1.6894562988894228,-0.28431488824155265,-0.4296089724117935,-1.9187660091080165,-0.353367682673038,-0.16661235881102157,-0.9835136915635642,-0.07029324575261596,-0.25865108421665517,-1.3531248375452658,-0.25196286539816865,-0.3174809509179549,-1.140037303164522,-0.3250007119404965,-0.3206660526622315,-0.9342746038043525,-0.3390872672184991,-0.007306004798194062,-0.9336660839082093,-0.09465055600708339,-0.059587449067510324,-1.3126164127639388,-0.2622722299233444,-0.14584043679020953,-1.0966167541207779,-0.26573109880396734,-0.17053183922812418,-0.8637698777420515,-0.22692444018458358,0.16438152414284887,-0.8238645060181122,-0.13702016604273007,0.1108620231233639,-1.1058405259544113,-0.2594425638121564,0.0008864782755353775,-1.0069479640583185,-0.27367034575801014,-0.06144459493541622,-0.836359634163054,-0.25788764301345196,D
0.0,0.0,0.0,-0.23708337840078025,-0.17216895585337288,-0.1468654941212426,-0.41195925048811516,-0.4522469682983646,-0.24296995004526498,-0.48138200671866854,-0.7179854329161274,-0.34532515361333943,-0.3936490384494749,-0.9291668861124722,-0.43665285507416696,-0.31146023959449903,-0.9860835639726447,-0.07184802890626892,-0.3672197335322228,-1.4596798896562606,-0.19374860736274935,-0.4141508508645435,-1.7206246276222685,-0.27932551631936337,-0.4141846769685726,-1.9498901547072411,-0.34459242224625536,-0.1566050449880012,-0.984507456761836,-0.07886651675234427,-0.20932716767547907,-1.3767600448257475,-0.26542792546496874,-0.28212709374675216,-1.1582690780587592,-0.3394544321948411,-0.2902504444566404,-0.9361458263937409,-0.35076642543837794,0.0015988156442827077,-0.926003672293391,-0.1101572448818185,-0.02845023722335201,-1.3054314360066477,-0.2770125973198308,-0.12441288371125253,-1.1036927881235066,-0.2813440535953703,-0.14781901014918,-0.8800940796481297,-0.24217570188671897,0.171739269713731,-0.811320642687225,-0.15803980270270662,0.13561760326124267,-1.106383737490182,-0.26948182436417895,0.025378803322895018,-1.0228853006984446,-0.27573143362973007,-0.03082267715593574,-0.8598156851019804,-0.2562076805407745,D
0.0,0.0,0.0,-0.23016111753901294,-0.19712363165442143,-0.1277098761586991,-0.3922770780004534,-0.48410300076274226,-0.2146140465960156,-0.4239613340129874,-0.7376755524411601,-0.3109205456546553,-0.31903568655747755,-0.9088091401218029,-0.3976739606879474,-0.27881915525177886,-0.9980694200334461,-0.05553981420989329,-0.33713623089640843,-1.4569153526394678,-0.16591103676753444,-0.379136291192093,-1.7066822652118618,-0.24802228584430988,-0.377326941980122,-1.9229627385244428,-0.31289929030976005,-0.12186177940474145,-0.9900776632198997,-0.06997090476286043,-0.16449301332067043,-1.3622672909887517,-0.24415394454723188,-0.22481667282450546,-1.1409390780235495,-0.31977514717711675,-0.22800893947654335,-0.9251252455069775,-0.33802157008299005,0.03418369899888286,-0.9268804518746097,-0.10537388412316102,0.013570517198932272,-1.3020792160867063,-0.26048873262606753,-0.06082982685112057,-1.0933420580670712,-0.263532845801737,-0.07803223694866572,-0.8664571513379157,-0.22954979381422758,0.19761694576345004,-0.8050974980814791,-0.155881728890221,0.17353953188958296,-1.0871812621050427,-0.25947207560358704,0.08327840557596991,-0.9993137954894695,-0.26084580809684643,0.03682509633341427,-0.837709462157937,-0.24138671628507472,D
0.0,0.0,0.0,-0.2375700709905837,-0.19169239471861776,-0.13953043127615866,-0.39537048907949346,-0.471603873883552,-0.23024058604783953,-0.39815937537956025,-0.7018466896610753,-0.3286246616629448,-0.28261704100292945,-0.8681553630539444,-0.41881064486825575,-0.291904573163429,-1.0054996808860284,-0.062141519662528254,-0.3415853765386914,-1.4590897993414242,-0.1718946594119594,-0.37633090467788566,-1.7056735354029302,-0.2571348943392146,-0.36911688244242197,-1.9153490044894976,-0.3261254244366621,-0.12112728060594947,-0.9898390965575962,-0.07447647158028894,-0.14470997955216552,-1.342754171940461,-0.2547059034971817,-0.18906629461928692,-1.1132156961853763,-0.34650283549950495,-0.18631934645907075,-0.8949531722373407,-0.3780632998714513,0.04275394703424962,-0.9187327597138029,-0.10859627301610329,0.03190962697708435,-1.2757291886488153,-0.2705140162688911,-0.027133535029253246,-1.0705700157700568,-0.2963178363560646,-0.03974609949875214,-0.8461007574876541,-0.27991182918266894,0.2131691368631767,-0.789460099077128,-0.15739304385556374,0.1948141374128675,-1.0684784062267698,-0.26648188484930496,0.11550403823313567,-0.9775577330293913,-0.28144320587749094,0.07465562783746753,-0.8169253868653048,-0.2746009431790979,D
0.0,0.0,0.0,-0.2422021281582402,-0.2102170053027463,-0.14496440420422524,-0.3812816972730904,-0.501131463067312,-0.2339003910737821,-0.33831396433834465,-0.7426272738438306,-0.33159557659364974,-0.20951942974667975,-0.9156512413211091,-0.4229662172361406,-0.27638001072487217,-1.0181592168241447,-0.06791534991312864,-0.30666744890695663,-1.4892664923832115,-0.17549159248769974,-0.3327776222981922,-1.752790099298081,-0.2608228073227932,-0.32043106610471495,-1.9824420088562862,-0.33266747380458367,-0.09027937862789075,-0.992719729575885,-0.07973187759825968,-0.09960701725781983,-1.3682397891501694,-0.2601491887952623,-0.11969019981201216,-1.1394607896132256,-0.36082046799857054,-0.10867063062176306,-0.9133323337460885,-0.4021125368080759,0.08420746144634202,-0.9118084896815909,-0.11250076321813726,0.09450334025958046,-1.282286286349263,-0.2707783358795958,0.05180472276778418,-1.0943472151202243,-0.3090276960810489,0.033544266190674334,-0.8709910245459386,-0.30517064215082296,0.2601372560337581,-0.7782649306388303,-0.1611444307634635,0.2667971993106332,-1.078216776290374,-0.26672116053548245,0.19683847105789273,-1.0154316565637571,-0.2896607622864584,0.14402921293192772,-0.8626637163453942,-0.29242594559396895,D
0.0,0.0,0.0,-0.22659868616591336,-0.20672793715931534,-0.15903725596613974,-0.3466603798625452,-0.5203306343004482,-0.24651507666364814,-0.29331345768668415,-0.7894757764107346,-0.33584216902325786,-0.17583467915877846,-0.9877512128256407,-0.4160128960195562,-0.2682858475576688,-1.0237400787727464,-0.08344042529644609,-0.29165196529179344,-1.5042657742707268,-0.18561994476959298,-0.3008112839332261,-1.769481853292345,-0.2646496262769545,-0.2825138665005654,-1.9960778049414796,-0.3309559156812855,-0.07883414988508257,-0.9936305332810569,-0.08052043308067056,-0.07191801004775916,-1.3725449760740163,-0.2446105404174442,-0.07800504439770456,-1.14453867005097,-0.3306915699442643,-0.07809429902536953,-0.9228434099924008,-0.3633400869200422,0.0951049622425269,-0.9119528140878785,-0.09917702929224646,0.12850260008989847,-1.3029456174934655,-0.24774339425558523,0.09731620189065801,-1.0943854447115817,-0.2730091261057117,0.06992946944610584,-0.8709982844315397,-0.2606704941860636,0.26843723040655154,-0.786874485289254,-0.1343885951723514,0.28800411990867253,-1.098827284386639,-0.24156018695052411,0.23070702417460967,-1.0190592423312088,-0.2604953483863718,0.1749902603774383,-0.8653909937052936,-0.2575367106122177,D
0.0,0.0,0.0,-0.2407521202566557,-0.2092408695633576,-0.2098814201074068,-0.3541189807968735,-0.527742771934253,-0.31303138926331536,-0.2847181000122731,-0.8187362059059776,-0.40980260426006115,-0.15848521697827114,-1.0313891231372763,-0.49576565192463823,-0.27190404439913834,-1.0280369262143567,-0.10570557698013042,-0.2841735581688865,-1.520730257957418,-0.20276688487366404,-0.2920540913306211,-1.7945790629285532,-0.2843220473117862,-0.27256206947334494,-2.031744024895934,-0.35750537858938414,-0.0735633390923471,-0.9940428134455846,-0.08041965045168441,-0.05364358983280233,-1.3731164457868068,-0.2598335708885627,-0.05631588673389159,-1.142567600592367,-0.3766980912013812,-0.05846518361818826,-0.9149179077203132,-0.43152467709127573,0.0983981781063095,-0.919189740766179,-0.0797803842554687,0.14922356402696835,-1.3101536841048889,-0.2400834635134457,0.1326587876989249,-1.1485623356043801,-0.3084650772271027,0.09359790406683104,-0.9306409982463847,-0.3272097975741848,0.2665585622742137,-0.8062055252488629,-0.09890550105850138,0.3111990010748413,-1.1123796176697944,-0.21660116528070286,0.2733169217268812,-1.0617584349404057,-0.26896872112879733,0.20555388600548477,-0.9121998621977975,-0.2933876585370492,D
0.0,0.0,0.0,-0.23186974070546623,-0.21257508057555224,-0.20701237993886693,-0.3447170543833766,-0.5333257375318756,-0.3056537066792665,-0.2605539567505946,-0.8206088075233823,-0.3949153617314482,-0.11049197404866358,-1.036905874227488,-0.47215363212942796,-0.24903925146658337,-1.035827506414318,-0.10321597584904639,-0.25080072618517685,-1.510759232034825,-0.19754692776355467,-0.2471462394563042,-1.7741845634886686,-0.2796952656707678,-0.22274131227555546,-2.0054500006743963,-0.3534667820452371,-0.05141009565881696,-0.9960602999956369,-0.07225566300957294,-0.0209466646682559,-1.367100281328577,-0.23681970648817957,-0.012502749381262087,-1.142363085361498,-0.34373240047083603,-0.016903407358529344,-0.9289264138909817,-0.3953751473057163,0.1144484773222619,-0.913856848395896,-0.06601889155444976,0.17380121868775075,-1.3149321154887295,-0.2136214122058115,0.16605263375516122,-1.1373490914929005,-0.27046950938049996,0.13170820362718322,-0.9222065457708354,-0.2845062745658061,0.27229344368931213,-0.793260192580592,-0.07976765524466349,0.329660145025731,-1.088898909413356,-0.1944857515632466,0.3083281712842971,-1.0378139791318477,-0.24436233171405075,0.25199061944878093,-0.9115870729095139,-0.26687197527010803,D
0.0,0.0,0.0,-0.22032782812559867,-0.2044882570443575,-0.23874088206146946,-0.32280968785364744,-0.5250860206444076,-0.35744134494273994,-0.23710378928313372,-0.8180160120819032,-0.4631165822225429,-0.08356554693563593,-1.0330235721787753,-0.5574180219661108,-0.24492634617401685,-1.0353950483162566,-0.1452813840654159,-0.24143360238050296,-1.5242972562876946,-0.2512336624355241,-0.23322102977345888,-1.8023701484755261,-0.3413096474654019,-0.2065931527050388,-2.040472485901519,-0.4232236837520146,-0.03916629875087356,-0.9931828391361213,-0.10979002271459287,-0.009049201464015031,-1.3556273511139525,-0.2987982922669492,0.0006796095426723708,-1.1195553086575913,-0.4226079940634448,-0.010155604037698114,-0.8916985916013019,-0.48334493122780614,0.13515861408376048,-0.909481084001476,-0.10051873967307018,0.18785411978360825,-1.2991972962810399,-0.26309704421173113,0.19379068311537076,-1.1379449570879494,-0.33656463059566843,0.16144844816838208,-0.9247754919515164,-0.362101080284476,0.30026893764927676,-0.7889477289385888,-0.11363927385113835,0.3503387192476071,-1.0947224728666576,-0.2397800614294167,0.3364062831759391,-1.0417064319466673,-0.30224646834134505,0.2785916835618272,-0.8991963189149194,-0.3347338305367527,D
0.0,0.0,0.0,-0.2320790451768846,-0.20168367912078863,-0.18957515983639797,-0.34547996421218996,-0.5226863297305543,-0.2957171400895131,-0.24269065845210008,-0.7787089025401378,-0.39773806278087026,-0.07533094968784063,-0.9628033302768101,-0.48991899294853714,-0.23204472573928397,-1.0335532825815266,-0.12866912574575773,-0.2308729004139144,-1.5117733847624906,-0.23495371243553803,-0.21705857132034673,-1.7756613683026814,-0.3137889950745432,-0.18996542586709278,-2.0052599167694636,-0.38152738974911526,-0.03928474793121496,-0.9921981444272604,-0.1183196973250108,0.004800404353696735,-1.348133989372346,-0.3004709757723776,0.01426738883899974,-1.09943635011254,-0.396461903127512,0.0005970287069390814,-0.8725913429380291,-0.43324200663113016,0.13089757269155586,-0.8968534585575112,-0.12968411232052007,0.20732005317151178,-1.2719352327733526,-0.29426744063847626,0.1932095840251891,-1.0669261296563757,-0.3333159186679077,0.1463721855211233,-0.8556237266500749,-0.32900408064760095,0.2908017613667398,-0.76098194171458,-0.15886320236457427,0.3579774197912835,-1.0569705788376826,-0.2828604096432106,0.3284510477966976,-0.9749732402800613,-0.3159562729551603,0.26161513021984806,-0.8362265531946204,-0.321614474384043,D
0.0,0.0,0.0,-0.22837764494020138,-0.18218179567165166,-0.2282407333782193,-0.3461151218592189,-0.4800296499931149,-0.3494328525808962,-0.24740527979800575,-0.732084716965092,-0.4597495464260073,-0.08591027000499105,-0.9295320170754475,-0.5598069281521918,-0.26861063256109313,-1.017680935498772,-0.14806193153472452,-0.2905866028921128,-1.4878262535582665,-0.2635913759744076,-0.28674096698570223,-1.7587316432115812,-0.3513705196069762,-0.2672602984211527,-1.9895510017511993,-0.4248708276394185,-0.07619360656951282,-0.9898663754657763,-0.11982943311297715,-0.05069615942849095,-1.3253901084305812,-0.3149589217126166,-0.01337950780273764,-1.09566958128369,-0.42409870324674803,-0.005912013161946844,-0.8750844667787174,-0.4676485408781936,0.09236912356283977,-0.9126549224840116,-0.11804401017908288,0.14682018065168784,-1.2535579649705872,-0.30525773747672175,0.14772668641419293,-1.037263958558266,-0.36323862740366575,0.11582583686568833,-0.8131911201174268,-0.36592896708488665,0.2543239614723283,-0.7989515715477477,-0.13655077682010938,0.2991957775418226,-1.0692303412844757,-0.287477726105339,0.27100730579924426,-0.9510917750169611,-0.3383552524386832,0.2131305511601171,-0.7833213607287709,-0.35133589003481086,D
0.0,0.0,0.0,-0.23006231433930427,-0.16106418493462143,-0.21622357829835637,-0.3612543133743758,-0.45153265035416135,-0.33700299502479925,-0.2676059652187622,-0.6748306302617139,-0.44882361934218656,-0.10953127394948084,-0.8447671631050049,-0.5504496197066193,-0.2657071694586308,-1.0067850953285165,-0.15236678469408552,-0.28983813570990397,-1.4824905331726475,-0.2697318318508561,-0.2902190993136047,-1.754283194716506,-0.3566645533773866,-0.2692139082041712,-1.9876790521114949,-0.42894093816019707,-0.07815285431703221,-0.9881553505770528,-0.13206488741540073,-0.055120392602191245,-1.322502436590517,-0.3239934392568244,-0.02413029711145396,-1.0765079031573348,-0.42177486890952526,-0.014755648245211783,-0.8456307995649166,-0.4559372726403586,0.0897802739077342,-0.9117766089671844,-0.1368598318361012,0.13661381594300906,-1.2538605126162263,-0.318137183321306,0.1375898678925374,-1.015741531807792,-0.3583728673356676,0.11341228490053042,-0.7765309609077234,-0.3483597196778307,0.25309187644826225,-0.7915999896349022,-0.16171549045192285,0.2943510376968342,-1.064240339806316,-0.30910457642595085,0.26515713652729245,-0.9262431888105248,-0.34645021768059303,0.21579313074261197,-0.7397302782741245,-0.34779504931294847,D
0.0,0.0,0.0,-0.22885528882130712,-0.17191185263499426,-0.19431426961303835,-0.36454970741031045,-0.46065342720831143,-0.30669318053051053,-0.2779036406950616,-0.68535615847764,-0.4141046709178829,-0.11577887159579495,-0.8355584036795737,-0.5111530137955259,-0.2584998121295191,-1.016847543362206,-0.13212883870595682,-0.277987286976507,-1.4866638700900812,-0.24929256001178784,-0.2778741184780809,-1.7606538254570676,-0.33438018755267046,-0.25288707635354163,-1.9980712601127117,-0.4041955446458868,-0.06886994323990518,-0.9902210809819991,-0.12132246987666054,-0.05289654942686048,-1.3275077239205424,-0.31054565411901247,-0.04004805885089409,-1.0668506812216465,-0.39670486784530246,-0.032336902636191794,-0.8267375869916912,-0.4203369632196641,0.10117685505249752,-0.9071858625674637,-0.13440351380915586,0.13746059693504037,-1.2390460408609794,-0.31132330680281417,0.12022665131758078,-0.9822149369007991,-0.3304858029597048,0.09780780776705482,-0.7378775883061978,-0.30357627289386446,0.26528125281263804,-0.7809807280079777,-0.16644087430827392,0.29537727859800755,-1.0644956986591605,-0.3016513540557287,0.2507333603338053,-0.9229413543027936,-0.3191825719969525,0.2013541721872192,-0.7352986117799534,-0.30562551892553513,D
0.0,0.0,0.0,-0.22276561352640262,-0.15745216977777846,-0.17322037741853033,-0.3707739832031422,-0.42995830899881254,-0.28103591858401866,-0.29803386170515744,-0.6438116647263034,-0.38612328648763233,-0.14552278594011409,-0.7865769832867536,-0.4812325613666914,-0.2408977097203972,-1.015666825509945,-0.13331497356116329,-0.2607175871984687,-1.485282737941467,-0.2480851552832597,-0.2610481507644649,-1.7481080346226803,-0.33181804347361293,-0.24264074793192614,-1.9827285818344944,-0.40160289735162996,-0.05871317491425409,-0.9893794425231958,-0.13297022901378555,-0.06368874338172699,-1.2968160283833214,-0.3193911027892013,-0.07086187496397366,-1.025418450706834,-0.39896486806515336,-0.08262988901350377,-0.7883315129831951,-0.41939406930573103,0.10929600200301058,-0.9020551596730592,-0.15293737170475952,0.13293251947013623,-1.206230119815441,-0.32198114901367586,0.09689008829099217,-0.9391376924866321,-0.3239695426530726,0.06092980900398919,-0.7034055274842841,-0.28928604068976216,0.27418145102148245,-0.7656832632185523,-0.1905902153008097,0.2772699709665005,-1.0067535897123174,-0.3156626354968834,0.21632353598433993,-0.8571620846141091,-0.3191699222670938,0.1692165163321237,-0.6889025400255574,-0.29815682523062503,D
0.0,0.0,0.0,-0.22513712916923542,-0.1641446606794374,-0.14701550143628755,-0.39202236122728423,-0.4531292160582136,-0.2444327724965709,-0.36646275941709955,-0.6888987906760298,-0.34237137628170206,-0.21914777677767128,-0.8067890622615675,-0.4299571674373536,-0.24371838070232127,-1.0253863221280406,-0.1011564046382665,-0.26325206827674463,-1.5024557114545323,-0.22046953588639528,-0.27516208902398814,-1.7724544846097834,-0.30525392263070195,-0.25517712382975916,-2.0041630829614085,-0.3734788462147695,-0.06995795499901569,-0.992113215816363,-0.10400601682052056,-0.08753453928476798,-1.3139639964121077,-0.27886146159640685,-0.14717056335484927,-1.0386564434794208,-0.33653858693011096,-0.1625351560666699,-0.8120061762724804,-0.3412694284132009,0.09588970415192209,-0.901451594228613,-0.12865422489170433,0.09722630071336037,-1.2362651155284512,-0.28871735958984174,0.01754785712245448,-0.9754323967134425,-0.2704836251214001,-0.007547409266425587,-0.7417460637467778,-0.22014154023499213,0.2620805223262538,-0.7532667008533209,-0.16936485907019347,0.24214230406139123,-1.0119234676265352,-0.2913962981453779,0.15217196248499862,-0.8702779212419456,-0.2867733467471735,0.11206283593256121,-0.6984892235649899,-0.25709079308043314,D
0.0,0.0,0.0,-0.20411683123276678,-0.11853864208980903,-0.15964463758330888,-0.37304080760227226,-0.38982037626149807,-0.26516702154531313,-0.3971371339866272,-0.6190197800321241,-0.3697130174979128,-0.31356194702730755,-0.8196259606493089,-0.4634423447302896,-0.24700062155340743,-1.0184464499965857,-0.1204577592359289,-0.292556040882315,-1.4900059518681539,-0.25263964101614456,-0.3194395596283972,-1.7778320983858007,-0.34166076899659814,-0.3155242214039354,-2.0200664152029018,-0.4084232509802109,-0.08412666737085153,-0.9888101344572408,-0.12319586775426938,-0.13883548143218735,-1.3197585376425816,-0.31119136832357486,-0.21135198942936284,-1.0473683738963573,-0.36486349419480885,-0.22749574377278803,-0.8194722599500616,-0.3617184583979892,0.07636161593958414,-0.8933585462762977,-0.14978788765547738,0.048340884716485955,-1.2274595407703595,-0.32419181384432927,-0.048401328811695614,-0.9587702826251152,-0.2952539694016229,-0.07805261146033053,-0.73001154509147,-0.23352403400226376,0.24123008134954638,-0.7384938664525588,-0.19339009022738154,0.21360885681288153,-0.9979251040148571,-0.31935988409036675,0.10721429693776721,-0.8487674980950091,-0.3029975955598561,0.054862514760583236,-0.6795421647365297,-0.2631441591589632,D
0.0,0.0,0.0,-0.2196962792617874,-0.16869956880031725,-0.1414627987869305,-0.3789260274820073,-0.4813829263041421,-0.23070128283419086,-0.41030901622976274,-0.7501779071239396,-0.3247518094432737,-0.317649474534597,-0.9642131566255195,-0.408517494604495,-0.2031248155300886,-1.029009434944536,-0.069466623004862,-0.2043707925333694,-1.5225245947346142,-0.18042237008372722,-0.2067973608782992,-1.8023770512347355,-0.2529200149252188,-0.17359923575171016,-2.0282869451273577,-0.308111310617666,-0.052815192153224444,-0.9959720368978185,-0.07245865852628303,-0.09113909697270972,-1.397880060025646,-0.2365740366888508,-0.19679487524542025,-1.1697437083246227,-0.28564445514671327,-0.22550845634213904,-0.9533703892108333,-0.2814433123421133,0.09944307599994473,-0.909036781788997,-0.0997297825080095,0.08776884626478743,-1.310546104440549,-0.2572679523416741,-0.04304018779895279,-1.0922437562489442,-0.23941899723838483,-0.09227087715765223,-0.8632467467692327,-0.18522063223721152,0.2563324737127819,-0.7650943533179635,-0.14288727484497404,0.22991149638448688,-1.0756774625463046,-0.2578502838868522,0.10317857405493566,-0.9764019563117511,-0.2532621682086588,0.03629025868305897,-0.8027449378823198,-0.22309259668558676,D
0.0,0.0,0.0,-0.22435129689595387,-0.13161214176015945,-0.1418590767480545,-0.3814702748000617,-0.4838543857841863,-0.22695831919201112,-0.41190725645749054,-0.7843406479447784,-0.3157401999075296,-0.32996658008972274,-1.035412309986805,-0.3957169237961623,-0.1613722155667672,-1.0366575588254168,-0.08219564315310161,-0.13191707730165256,-1.558042070321216,-0.20254318089986262,-0.11249113001758065,-1.8751711093705474,-0.2804072246997459,-0.0775116715699314,-2.1166169455687234,-0.3357420502538128,-0.015377417019776777,-0.9964351711158279,-0.08294868780861088,-0.07276775746758259,-1.4071200693383574,-0.25992095195369935,-0.17951220143859076,-1.1848441326719863,-0.3046245840887424,-0.21433093514774795,-0.9564806034689552,-0.2914506942409547,0.1338493712584168,-0.9045696195179411,-0.10783845867985416,0.12290635467876557,-1.3365244666529388,-0.2734555323133014,-0.017261477204562236,-1.1231925428502432,-0.24589829078535763,-0.07588071605980079,-0.8896302305494566,-0.18156927698193379,0.2892013580649826,-0.7543958142658451,-0.14870643294553643,0.24961434811101954,-1.0790035405365672,-0.27744174699676455,0.10973346629488763,-0.9855261634330296,-0.2706358391423221,0.03248389213675969,-0.8145029423583958,-0.23275924779402077,D
0.0,0.0,0.0,-0.216911440515957,-0.1167867016408132,-0.11685174961779961,-0.37751056838889996,-0.4903543940867224,-0.18040025794210235,-0.4005539263203554,-0.7809079542566426,-0.248841660037732,-0.3572517726979243,-1.039486251864986,-0.3104228062548942,-0.14085726274809893,-1.0462630272127937,-0.086858306745041,-0.09768741467016982,-1.5808873686403753,-0.21677284465243013,-0.057013788104122026,-1.9085298433460816,-0.3108310328784947,-0.0071031859298562715,-2.1683140846529567,-0.3786402492070483,0.011113665738166778,-0.9950561721360717,-0.09868992211856661,-0.0440008976142332,-1.4288459341026523,-0.28861415780809757,-0.18489810810093016,-1.1928189885170484,-0.339446118722592,-0.24338193884209294,-0.949076325009752,-0.328767183396134,0.16045555501755432,-0.8899301129619211,-0.13052873925247457,0.14520524973251323,-1.3242685588253138,-0.3090363721861371,-0.026776764322054083,-1.0933791655703458,-0.2759358296289671,-0.10224606622479758,-0.8519463007948067,-0.20306035658658111,0.31563032628274745,-0.7234812021368427,-0.1749102287031905,0.28109260407862274,-1.047937076463615,-0.3114580117822064,0.11727631751388636,-0.9535026710198777,-0.294581607336424,0.022131047183302433,-0.7935959706159672,-0.2459316636052227,D
0.0,0.0,0.0,-0.20474765060295277,-0.13351470005404772,-0.12963800988909313,-0.36468234772537456,-0.48650866683467453,-0.2120283342267355,-0.4291214705604336,-0.7688031983603955,-0.3011868949449697,-0.4060509304642167,-0.9832540334864177,-0.3847451477867955,-0.12386080408498065,-1.0511316990246855,-0.09351820023419873,-0.08406529218958712,-1.5700369331312969,-0.23055081879411074,-0.062436109267170484,-1.888818981911155,-0.3218491854691287,-0.02233753937081617,-2.1439225501352883,-0.3859456820848323,0.01773655276392208,-0.9941348148132204,-0.10668357264516737,-0.057885909852745096,-1.4159875557813795,-0.311813303206543,-0.21764476672845556,-1.1790494839532972,-0.3669626367765739,-0.2754304343193444,-0.9472484117568852,-0.35457447492576155,0.15970290770630233,-0.8894585812813679,-0.14206180603232613,0.11288494247326107,-1.3155331533244496,-0.3435714921206867,-0.07292075049271739,-1.0762162427042106,-0.31912006074989974,-0.14413571738002695,-0.8320986935302904,-0.24458173817705417,0.30956841948910974,-0.7299401726218043,-0.1900284256137205,0.24957958683739007,-1.0561478084867417,-0.3397885747865785,0.07961849882933571,-0.9438528300230434,-0.32734061309807655,-0.007611917801054959,-0.7670124919085646,-0.278153383707524,D
0.0,0.0,0.0,-0.23358424069878053,-0.1236857991002375,-0.12974241106653103,-0.42125083708721994,-0.4539738364644061,-0.213125161469618,-0.5032954538841442,-0.7254528561270358,-0.30587801313743623,-0.49374739929395195,-0.9879077144565688,-0.39113689169731874,-0.18641268520534698,-1.0328948816843333,-0.08090307038322689,-0.15028154690087986,-1.5522367327923228,-0.22098095668987092,-0.13479703519323238,-1.8667769787585733,-0.3136359116374145,-0.10196272516218502,-2.1178901479497667,-0.37733916130909306,-0.04265597553986253,-0.9943320721646014,-0.09738684724126088,-0.1473244827340814,-1.4032867479198936,-0.30949910867494873,-0.3010843209354093,-1.1575148237868853,-0.36596785320559827,-0.3433593740879563,-0.9303831017250335,-0.3512496020395389,0.10226949599116485,-0.9140347660209539,-0.13858356801998253,0.03673551516308191,-1.340436220339986,-0.3393616700311564,-0.14115107389538262,-1.0927866787702887,-0.3152675166989623,-0.20169257193853102,-0.8499818167670006,-0.23962676178608133,0.2627026411772749,-0.7765687746257824,-0.1940234909223584,0.17764230549774515,-1.0853118684246197,-0.3411710721999946,0.010999425540987567,-0.9729547611109233,-0.3333638920744483,-0.06865601138308888,-0.8014450394366134,-0.28600514555439593,D
0.0,0.0,0.0,-0.23012107812407745,-0.1139376331967735,-0.15706255468411545,-0.4302386975741995,-0.40864886205703393,-0.26387592614911076,-0.538953920913405,-0.6567153428118846,-0.3760359001036648,-0.49852013267097267,-0.9222092839552605,-0.4792549303142601,-0.21832110769305674,-1.0205436052262595,-0.11327150008678889,-0.20108234121435883,-1.5388490671504516,-0.2640147296789827,-0.20441443093943293,-1.84686675868939,-0.36594629023371356,-0.17944613722788416,-2.0994998896646697,-0.43754685442438235,-0.07655482583422878,-0.9897771598298879,-0.1203350843294321,-0.19325089995000566,-1.4086821476922304,-0.3403540347068611,-0.33935746373812176,-1.153705476997286,-0.40794642307958684,-0.37167113479442576,-0.9253397996401436,-0.40358380217419926,0.06869392127166878,-0.9152994160184258,-0.15369331383302376,-0.01431288386496717,-1.3451824609929592,-0.3603108709459539,-0.1779621852083631,-1.0888308363816963,-0.34687943075234107,-0.22151151598413077,-0.8408818868164138,-0.28044961502135984,0.23266828490511712,-0.7858750360756688,-0.20315872998725631,0.13783301204903092,-1.104413862102148,-0.35344036790754313,-0.019432252679626064,-0.9906362645251428,-0.3541691417836809,-0.08454598071509112,-0.814210034862644,-0.3157699110086117,D
0.0,0.0,0.0,-0.2294704911845364,-0.12587965247816413,-0.09567217989920584,-0.3934526504720558,-0.4712240336734853,-0.1462225460411461,-0.4242089916534979,-0.7486825391365142,-0.20692591869660884,-0.373166211035968,-0.9408651385866862,-0.25987778760341224,-0.231695851726874,-1.0209607550897033,-0.042992447209388794,-0.23403985958031154,-1.5210392360553189,-0.14674096485626206,-0.23334823257170467,-1.8119727320700432,-0.22140529169435155,-0.2126383283423415,-2.0522476846942412,-0.27922694543555354,-0.07908807897095302,-0.9949184741468411,-0.062308150076903775,-0.13928277941459985,-1.4017012625590732,-0.22561634681829207,-0.2461139115562282,-1.1970021756314304,-0.2751894200425324,-0.2842742951027054,-0.9773959704457531,-0.27073741280814334,0.0756675638070479,-0.9167379345677025,-0.1004711561630318,0.03570399836179462,-1.329261773765,-0.24633300333365277,-0.0926508492406167,-1.1316448702365087,-0.2238033580279481,-0.13836109237593336,-0.9145707722999152,-0.16825558683664654,0.24431683886859276,-0.779469104836231,-0.15125687765455653,0.19568574973319017,-1.094569353973639,-0.25621254226427426,0.06055401851994538,-1.0266329968650794,-0.24669764687361012,-0.01407980245461944,-0.8880693359092192,-0.21294481801203802,D
0.0,0.0,0.0,-0.2540801711109408,-0.1112012417228769,-0.11603526110076703,-0.4441798028430516,-0.43432131910200994,-0.18108678163371442,-0.4806516312597709,-0.7217076895862145,-0.24985605025516697,-0.37470548303203455,-0.9174329684044054,-0.30852655169973425,-0.2621215489483379,-1.0095750830846197,-0.06875385033492784,-0.270664351810538,-1.5269690767390967,-0.1777518615165111,-0.271024455591169,-1.8329677204727717,-0.25469667607557167,-0.2464471652255996,-2.0711159117433695,-0.31268368943121105,-0.10387924209671724,-0.9918744313820621,-0.07344532273686673,-0.16143099182575682,-1.4232532165972027,-0.22767458624032702,-0.2514571028535027,-1.19953107139249,-0.2686326799457396,-0.2727581288823504,-0.9564104291150958,-0.2603810411433852,0.06123754710785148,-0.913910221240407,-0.0990219228641252,0.042966468458453706,-1.3490741599672926,-0.2431059911396421,-0.0812507584186804,-1.1320929717615862,-0.21626758160107004,-0.12462045685903823,-0.8953171889115046,-0.157614973383281,0.2347347524398264,-0.7743903253215083,-0.1379321751222065,0.209471091993994,-1.0971484743499567,-0.24677470390794964,0.07429433628331329,-1.0225494348676478,-0.23782404743745886,-0.002531839754744833,-0.8777870515739807,-0.20431403529567813,D
0.0,0.0,0.0,-0.23463000984586724,-0.13583647141249272,-0.13520577871496825,-0.39892304501537157,-0.4522319935126863,-0.21110856840548944,-0.42481161499963027,-0.7343943042933933,-0.2877516396099839,-0.3194341552016948,-0.9346484995898636,-0.3520399214552077,-0.2556207510349138,-1.005685673970769,-0.07805678399857201,-0.25884546593926727,-1.5039222157265257,-0.18331695912924545,-0.25857599612711596,-1.788009264527319,-0.25461224697862317,-0.23610844355937396,-2.0114735550346476,-0.3091756455895642,-0.09606785371696648,-0.9923857731880101,-0.07708076709692922,-0.13385414050660677,-1.4078300269873905,-0.23634112702962756,-0.21085728892246172,-1.1914842171649345,-0.28420560101707404,-0.23666896023666636,-0.9557190596516245,-0.27939511467226347,0.06798815833661193,-0.9189241816651489,-0.09767057865614909,0.0566087775034298,-1.338689362000855,-0.24428561948365668,-0.0396531074569641,-1.1367975819458929,-0.22565732224677573,-0.07438194206129244,-0.9034912350725375,-0.17251571758524312,0.24071457655552045,-0.7899540801078585,-0.13328902055423514,0.2197377874458508,-1.107053046582217,-0.24410862275574757,0.11688727634994332,-1.0529024307848176,-0.2422275661004549,0.05719249356852331,-0.9150961204444856,-0.2139106650915081,D
0.0,0.0,0.0,-0.23036367843553615,-0.17026118166568732,-0.13916017707103495,-0.3790709503692888,-0.4852047744129835,-0.2147449615359297,-0.37163389474977104,-0.7707228595819944,-0.29242471060869635,-0.25115510115210443,-0.9461308670564692,-0.35646069899786115,-0.23281741917976143,-1.0126858159789485,-0.05015447421339836,-0.22147978947598684,-1.484155056697327,-0.1396159464933732,-0.2162277506112158,-1.7370687848509816,-0.2031547589696916,-0.18485087924900118,-1.9504593208165582,-0.2565381369433726,-0.07120093597354377,-0.9963258010545308,-0.047595429082411746,-0.0831701516537344,-1.395569047604812,-0.19897227080889401,-0.1528696480959101,-1.1960081833312994,-0.25917771178593146,-0.1835206416639924,-0.9854913174123385,-0.2677867239457108,0.08238536070106155,-0.9199601961223545,-0.06751662330715091,0.08787305219999464,-1.3103178616902562,-0.20665766923379994,0.005858244498734919,-1.1378293626990685,-0.21198000395615066,-0.034852593895847654,-0.9260954709044613,-0.1798145538174275,0.241103254978983,-0.7903820113846809,-0.10315770945561235,0.22628821071874525,-1.0946707825502948,-0.20287511374194578,0.14304345624022716,-1.0604783851987183,-0.21772992053869195,0.08881873914178857,-0.9405204269922219,-0.20783072174339465,D
0.0,0.0,0.0,-0.21972497652861678,-0.19285692313615305,-0.14404418174195516,-0.35603355859353025,-0.5160491916890388,-0.22481127276820284,-0.3453692202118599,-0.8057811924257943,-0.3076828726749889,-0.21650299419992472,-0.9860130845735351,-0.37721599931569944,-0.19569995852815653,-1.015024926034351,-0.05208567716320652,-0.17541883048060436,-1.4761473459740064,-0.14696632969614654,-0.1705757455134756,-1.7270932877105303,-0.21132606645695842,-0.13816038187375618,-1.937441194289783,-0.263360528823289,-0.037832935896335414,-0.9980836956595014,-0.04896534917812455,-0.061479318082386804,-1.396754229270392,-0.20743106830182295,-0.13334545347294133,-1.1912470742411703,-0.26645483434644446,-0.1609132208724762,-0.9701458483082497,-0.2700814506450438,0.1158628703313939,-0.9203497940735884,-0.06955370075432057,0.11811352890282674,-1.321665489306586,-0.21478918799756935,0.03805989959938493,-1.1494418846386185,-0.2215879487246795,0.0010179920992159591,-0.9377191287053208,-0.1876294574678761,0.2745716342909744,-0.789609678570951,-0.10610860466102867,0.25673188277231823,-1.0953190528600096,-0.21149794207135653,0.17432181332234167,-1.0631966108466386,-0.22897858069865576,0.1211967506947675,-0.9457669287146176,-0.2184945376780782,D
0.0,0.0,0.0,-0.20847842930190963,-0.23645747882783832,-0.1378297485776047,-0.3252119818878208,-0.5512509099603972,-0.21687907167918646,-0.3086753627556863,-0.8354594795247497,-0.30198955594612087,-0.17600630342979923,-1.0114693843051663,-0.3757877086103095,-0.17018824321739026,-1.0256486845876138,-0.03530126843949589,-0.14782166375776368,-1.4730137819989322,-0.13028327493960498,-0.15210445254398997,-1.7135248158171854,-0.20154117384354045,-0.12534422533131023,-1.903339793576778,-0.2564511820029876,-0.010259465006256149,-0.9994427522090684,-0.03176363383726993,-0.00069177247943652,-1.398802785375125,-0.18817247103834114,-0.06724019105295277,-1.2235864303741981,-0.2650364495684889,-0.09910071364197603,-1.0127874786310822,-0.2839170782110726,0.1441128989438358,-0.9248030382813461,-0.05090513776176093,0.16834685698874077,-1.3229229541913736,-0.18849042723821796,0.09435319404566203,-1.1813184742426879,-0.21299896869513107,0.04883932494477226,-0.973394966096759,-0.19392365182108073,0.2971537026483125,-0.8037059013910128,-0.08540672746262341,0.29304096024340537,-1.1007759900728205,-0.17636037374722022,0.23117351457001467,-1.0910219667966732,-0.19829138550773576,0.18176674203233206,-0.9787227728838362,-0.19475207989839596,D
0.0,0.0,0.0,-0.21582778020655455,-0.22860581783778813,-0.14542376099033752,-0.3318361936329334,-0.5612332919547076,-0.21584665326652688,-0.2947927499488779,-0.8660834579830226,-0.2871785742101904,-0.16093483822716154,-1.0400106521922328,-0.34393278222978946,-0.17790231577451138,-1.0205811311181259,-0.02901334945545656,-0.15664736075308552,-1.463420270432608,-0.1106709636582361,-0.16481223950815338,-1.7052836850241417,-0.17564401669786817,-0.13857719863392592,-1.8969195080279317,-0.22935039488413872,-0.017333611339859823,-0.9997162640498118,-0.016338216310405194,-0.01711215433191184,-1.3932199852813492,-0.15834361002847833,-0.08039143207432069,-1.2303802360574547,-0.23269531183181866,-0.10277128082308118,-1.0202924120963026,-0.2536554006544456,0.1343945801012923,-0.9248958400020795,-0.027201226129250036,0.15843694277791445,-1.3132105506820564,-0.1506645466357154,0.10332397152200007,-1.2034595668248094,-0.1812984280352936,0.07301894426101511,-0.9991921279794249,-0.1719270369063372,0.28848931570044445,-0.7974263918670917,-0.054608109794963534,0.2976233068205225,-1.090008220383469,-0.14125619312649262,0.2404261649554243,-1.1082454270795405,-0.17113658926568334,0.19188202735646556,-1.005959574941503,-0.17606781497633023,D
0.0,0.0,0.0,-0.22260295990455967,-0.22660160399215823,-0.15568407050168823,-0.32203258620142045,-0.5549110987861444,-0.22698795578629288,-0.23985457443850255,-0.8381491175857122,-0.29535728043075404,-0.1002201976755993,-1.0136959688589728,-0.348963458115191,-0.1823677367326753,-1.0299008850148192,-0.043844971929836066,-0.15561645149038802,-1.471096284194576,-0.11827434107695499,-0.1448112988097207,-1.7052538690732266,-0.1770524108583669,-0.11227551264721503,-1.8966121479212574,-0.22780896080330168,-0.008365773510454174,-0.9996303929235121,-0.0258668006749316,-0.0022187255258607303,-1.3551877999298647,-0.16557805021011207,-0.041698225592866754,-1.179236833696055,-0.24004041192144057,-0.06551444231657987,-0.9729181752528169,-0.26332292654963346,0.14679686906831957,-0.9126062833100189,-0.030495253084167024,0.183793546825502,-1.2788666422297539,-0.15664199759023456,0.14145742592367883,-1.144737667655615,-0.1891331783528749,0.102712396202605,-0.9440991215813009,-0.1824145327283169,0.29796899361438595,-0.7805588289503089,-0.05183931050337798,0.3116560829162621,-1.0467171305309393,-0.1471699378881129,0.27204156532183366,-1.0412829875927592,-0.18203253001328898,0.22848403586175384,-0.9406324215485009,-0.18951852134527397,D
0.0,0.0,0.0,-0.23015405104573505,-0.21329365968943462,-0.14971399543026395,-0.3461455840932307,-0.5516739405759948,-0.22176280506454216,-0.2551062638874712,-0.8317285721439214,-0.290383793605117,-0.10336562555172792,-1.0020692168854415,-0.3474486105343848,-0.2001172532702923,-1.0278333996176499,-0.05967556870322073,-0.18477057373821865,-1.4679617748771283,-0.13715737093163732,-0.17390414795854514,-1.7257849656396247,-0.20145176196943335,-0.14495777383632924,-1.9356958446922343,-0.2588949868278761,-0.025131974131615713,-0.9984813609803046,-0.04902403136387789,-0.0016011892433660205,-1.3599024891219134,-0.1871474616014576,-0.03858330958233858,-1.1898694572828608,-0.2654535903063374,-0.06820835467062397,-0.9844154405848597,-0.2944224145629066,0.13200855236286363,-0.9051516063715872,-0.058791922603247754,0.18081582536086754,-1.2711930162222402,-0.18192156699067985,0.15001768565181708,-1.1600310057434884,-0.22130727361405184,0.11268693735671441,-0.9643180642902996,-0.22344069726470842,0.2845031627397596,-0.7612259379090587,-0.08387280815972055,0.31839345297882454,-1.0517942017091408,-0.18102009696601962,0.2800616810302747,-1.052633087728579,-0.2178354534613171,0.2272509542786956,-0.9428684729453083,-0.22943366149725178,D
0.0,0.0,0.0,-0.2410208395895919,-0.21886806711282245,-0.17724673715174288,-0.338904359901988,-0.568866349457513,-0.252099111938454,-0.22864417627549202,-0.8670438490648984,-0.32107308312359367,-0.06501742597552605,-1.0632197430459158,-0.37908420687469346,-0.2013510227219256,-1.0375785648879945,-0.03550292199943228,-0.18933937225325626,-1.471386589346444,-0.10336678954682789,-0.1742829171237714,-1.7308850676301208,-0.17380736789377604,-0.14424210014921948,-1.937226764203093,-0.23862274188552426,-0.02055535416122427,-0.9997305648022368,-0.010783098604178027,0.01068539383100184,-1.3579422856581629,-0.15141086450317473,0.0133716805368749,-1.2319173790944562,-0.2680682818503102,-0.0009102589019054873,-1.04332491924733,-0.3260996209480541,0.130678820342946,-0.9101384216869334,-0.0090681449701312,0.19620122405392088,-1.263266267013309,-0.1400962071182747,0.18619032460010693,-1.1801563493496414,-0.22957261940369347,0.14608307685806793,-0.9824021969800188,-0.26545033357029146,0.28240498280158893,-0.7672277740877718,-0.02341969073379774,0.3273947644680478,-1.0470900072632745,-0.12833128130202157,0.30819521869621186,-1.057441888467713,-0.19775794635418092,0.2537790777198669,-0.9423926973398256,-0.23422038333350179,D
0.0,0.0,0.0,-0.21117233573986402,-0.2575333069151472,-0.1768222740910686,-0.2932189593967574,-0.603469172017073,-0.25568684670162817,-0.1816761251621893,-0.8927805808964953,-0.33261423441542204,-0.010162647060560137,-1.087984388985608,-0.39941869376939826,-0.1884350975016846,-1.0509869002663266,-0.018267938748706535,-0.17135483890143188,-1.4818698162240005,-0.08433986122594865,-0.15317824206615227,-1.7223415556921855,-0.15556640791898899,-0.11729154188528214,-1.9168371418469523,-0.22151439229397918,-0.0033678630996341764,-0.9999876958417105,0.0036422058328084033,0.04764736231351674,-1.3665303218437204,-0.1362973799279943,0.040307550605378266,-1.220743095821612,-0.25468669329850313,0.01967063255040508,-1.0344340777396013,-0.31582017428314907,0.15151017443635492,-0.9116916301081338,0.0016023680717751577,0.22307184643981204,-1.287454806217453,-0.130200844050709,0.205011166168637,-1.1846858192334009,-0.2151705520397527,0.15708830567972812,-0.9899654680336023,-0.24863708164008808,0.29746389308441307,-0.7786558544115872,-0.01668613486530978,0.3427913534306881,-1.07199355760572,-0.11450219937593699,0.3266073277772926,-1.0676977337191893,-0.17446875946160686,0.2734459181745418,-0.953353739587276,-0.20672270049221633,D
0.0,0.0,0.0,-0.18833908712455535,-0.2800442559955166,-0.15051364368738482,-0.26677408075210757,-0.6137744926697538,-0.21941100134734504,-0.14392256735668552,-0.897944390793031,-0.29006802976911683,0.033202057106047504,-1.0725568473643459,-0.35206567899177815,-0.1684867597658835,-1.0468492480160076,0.004331474780606127,-0.1530767801077976,-1.438788577527951,-0.05849011973540642,-0.13802434198464922,-1.6683211682995984,-0.1264560157165267,-0.10434253794593597,-1.8532394117535882,-0.18752620650802274,0.00978369154485574,-0.9998273938653823,0.015794361529126638,0.0703960563750143,-1.360666054632709,-0.11302146627284725,0.06421470166566705,-1.223592131855144,-0.22015971736934856,0.04730800837401862,-1.0411875687356136,-0.2730703063119267,0.16037220036128608,-0.90849670589142,0.005224112164738308,0.2404466822454892,-1.261477317593935,-0.11671824572350911,0.2200613699591017,-1.1648936124493086,-0.18913658023613075,0.17559826694556316,-0.9805265032395286,-0.21373215583843347,0.2975441294479201,-0.7716629590687962,-0.019766914121010157,0.3502582142283715,-1.063231426060971,-0.10427804250449162,0.3265936229400738,-1.0451528919010078,-0.1477903671057235,0.27016800293654,-0.9161321233405681,-0.16776383169922574,D
0.0,0.0,0.0,-0.1824996186755592,-0.2831283284042468,-0.14243626407990115,-0.26213094913741164,-0.6160414335854858,-0.20525947963235372,-0.1599272585010739,-0.9065643343225327,-0.27060935645733486,0.0007950326159180316,-1.0968008803357003,-0.3274821943179517,-0.17411391751242375,-1.0373306364615507,0.006394764055955451,-0.16179801047119352,-1.396955122065473,-0.05764027637508605,-0.14469978112089388,-1.612707098210229,-0.1269253178648812,-0.10367101087724896,-1.7918511941820716,-0.18848887219081326,0.0031543983812372797,-0.9998759637367872,0.015430713278507239,0.06838167810082481,-1.3629608228860717,-0.10515036571765941,0.04627988968672852,-1.252190419196367,-0.2057827910703193,0.019091430540281663,-1.078005072972357,-0.2566373163231895,0.15244898295759493,-0.9136267557521796,0.0031209460863736117,0.23124032360203398,-1.2599686065971902,-0.10920895472255737,0.19784422139647714,-1.1907481217632019,-0.17499348560952885,0.14542826524775626,-1.0221303700191178,-0.1984941787206489,0.28319103186949035,-0.7785697028099166,-0.023906528394606014,0.34868894211123747,-1.0559816638898152,-0.10111401499952087,0.32155934140622205,-1.059416157467211,-0.1406743004036961,0.257574004377944,-0.9481246051654353,-0.1600212771419514,D
0.0,0.0,0.0,-0.20169065971633157,-0.28125768407325175,-0.11926463412624706,-0.2826893910508171,-0.6130848709313507,-0.16518729271669044,-0.18028930742573554,-0.8941443466296389,-0.21706204614201802,-0.04350582909176606,-1.0657488540661466,-0.26113359497065913,-0.18501478905024835,-1.029795097438492,0.03024832674532532,-0.17964346331710054,-1.3906599627642031,-0.028518813218773195,-0.16765549348272363,-1.6065138837694999,-0.08944729627238797,-0.12674819437098406,-1.7868097072197946,-0.1431347452217095,-0.010938738344891065,-0.9994132994862263,0.03245613676143108,0.04003657638808479,-1.361575914447402,-0.09066468476194443,0.0011028750405080927,-1.224496487370081,-0.1792171459795788,-0.026954217498672228,-1.0391536240600499,-0.21533956156849846,0.14000906202622768,-0.9183995661417091,0.014233292726942825,0.2016618679799072,-1.26118140256746,-0.09940793955288642,0.1570837740095158,-1.174271727745052,-0.151702881852623,0.10973712727873927,-1.0012996128283869,-0.16132914321002978,0.2770713655971489,-0.7907589794770246,-0.017075395512419888,0.3125940038557125,-1.0523694856851986,-0.08993833744291235,0.27378213701384735,-1.047863882005695,-0.12042690159409633,0.2234769120622849,-0.939633774825589,-0.13091531445099208,D
0.0,0.0,0.0,-0.22655359200479888,-0.254407479872736,-0.11432508585126334,-0.3338308205323601,-0.59970197164961,-0.15738886409757777,-0.2521778034186109,-0.9035739780247735,-0.2086295870160831,-0.12287611947833031,-1.0719603230707102,-0.2505578808054688,-0.21636767897877618,-1.00947461020571,0.04685789238911965,-0.21939411177193616,-1.3582962422160683,-0.012217625036541505,-0.22632317658834963,-1.5712655653355372,-0.07061460736635286,-0.19412553142512862,-1.7546974940089717,-0.12124991280837596,-0.04564894030316589,-0.9978677245306352,0.046649529357224516,0.0030585513057559293,-1.3664236223599144,-0.07273848280223458,-0.056155883293251545,-1.2703466001764425,-0.14777579909617936,-0.08921902151570078,-1.095456333910773,-0.17186120209809114,0.10328320614721098,-0.9337245722861662,0.023591632678636454,0.1569546371521222,-1.2853105686463293,-0.09410084785573904,0.08445679258528982,-1.2142766765739066,-0.13602374976921794,0.03678671341702771,-1.0405043517732315,-0.13383445419868276,0.24703728978429204,-0.8217740225949453,-0.01265620710811051,0.261369594173125,-1.0958327566719217,-0.08801146103800714,0.20265881509047728,-1.0980253494327596,-0.11261923596005592,0.15671444653618724,-0.9812081468547166,-0.11610785725270963,D
0.0,0.0,0.0,-0.2466318075149306,-0.253217838527982,-0.11006708191912722,-0.3912986404986094,-0.5857317557774994,-0.16420437130800147,-0.3493317629814128,-0.8941771910252074,-0.22571806315752807,-0.21532822042739894,-1.070279464378877,-0.274803177643985,-0.23090551282199603,-1.009780972024151,0.011958240847924113,-0.22137405744028874,-1.4171542263778238,-0.05820032829938832,-0.21877064269018376,-1.652894952761614,-0.11775284413260494,-0.18681296625175262,-1.8490017149203097,-0.16788978177866823,-0.07062547158027725,-0.9974789798791113,0.006908506596277765,-0.0370527137690958,-1.4003355717300852,-0.12119985699280054,-0.09744442923250506,-1.2959339808956187,-0.19122526468906328,-0.13176333101755452,-1.1137565877755313,-0.21023573748293542,0.07932956783744834,-0.9327655506312406,-0.019180798853837493,0.11414433503444607,-1.3055963188607733,-0.13824654501676803,0.031651420900154444,-1.2238652416677098,-0.16571172531331912,-0.020951729257540602,-1.0462347645028611,-0.15330232936718396,0.2314691653816136,-0.812182569050394,-0.05866977755332855,0.24132192213628315,-1.0874304216550472,-0.13680810052985223,0.1642678345660624,-1.116903432189171,-0.1579352532994624,0.09714674820216743,-1.0287552256111392,-0.15730341924570193,D
0.0,0.0,0.0,-0.28243017033362594,-0.18639222356705717,-0.12583136518385699,-0.46299086970639125,-0.5102536593777028,-0.19142874388716533,-0.4852839048064917,-0.8207508513933275,-0.26257679131426925,-0.3852298326948497,-1.066218336456102,-0.3231846673710208,-0.2935323141795726,-0.9918363264996753,-0.009629408467370586,-0.3061532766363091,-1.43514846098545,-0.09073700682726127,-0.3116880462357709,-1.6893393455126988,-0.15710007166640746,-0.28959709020465285,-1.8963500853028015,-0.211101768935643,-0.13108532697031813,-0.9912405506767998,-0.016087502821739232,-0.13346982511302982,-1.410312786486756,-0.1668488611262962,-0.22143925505800413,-1.3232435586411397,-0.25218813565655335,-0.2700097177382611,-1.136802863994551,-0.2769881542712034,0.02266563472944928,-0.9431687473039541,-0.04584364436723331,0.028468738830346695,-1.3390997041220072,-0.18156206770552016,-0.08153410953335208,-1.2753297221677746,-0.2307122436251928,-0.14437564365123348,-1.1024989394854874,-0.2311190171091754,0.19176954933624193,-0.8360541127260128,-0.08872665027832148,0.16995425077540957,-1.132029508799098,-0.18153461746960736,0.06812819455844596,-1.1445639904808427,-0.21709805992906195,-0.01132776102909005,-1.0406554214080332,-0.22520925047984836,D
