feature_0,feature_1,feature_2,feature_3,feature_4,feature_5,feature_6,feature_7,feature_8,feature_9,feature_10,feature_11,feature_12,feature_13,feature_14,feature_15,feature_16,feature_17,feature_18,feature_19,feature_20,feature_21,feature_22,feature_23,feature_24,feature_25,feature_26,feature_27,feature_28,feature_29,feature_30,feature_31,feature_32,feature_33,feature_34,feature_35,feature_36,feature_37,feature_38,feature_39,feature_40,feature_41,feature_42,feature_43,feature_44,feature_45,feature_46,feature_47,feature_48,feature_49,feature_50,feature_51,feature_52,feature_53,feature_54,feature_55,feature_56,feature_57,feature_58,feature_59,feature_60,feature_61,feature_62,label
0.0,0.0,0.0,-0.20651691050072632,-0.0723818852848179,-0.11115503376138335,-0.40558377659886574,-0.23676950365542296,-0.21755377562649655,-0.5650790946456471,-0.407873752799823,-0.3338525049550221,-0.6150567754434051,-0.6110311974609008,-0.4378911828804854,-0.35545912546216163,-0.8318397510680915,-0.07851873845816762,-0.4957858873842003,-1.0072829327630621,-0.2623232489653233,-0.5432771521737598,-0.8871365501603111,-0.4074770230175637,-0.5470788232895918,-0.7315306252516289,-0.48521656676400343,-0.21219295676120015,-0.9714617168735206,-0.10600132900153295,-0.3472981012594282,-1.405153498892539,-0.22581409828230464,-0.4249263387022042,-1.7043155784987434,-0.31547639506585934,-0.48888403371748684,-1.9707408779442577,-0.37695950216529023,-0.03974699209589252,-0.9706241872707589,-0.1603830328094166,-0.11031576384506173,-1.3578480322222735,-0.26181877543398957,-0.1466119729141914,-1.6016958402351016,-0.3192556683046943,-0.19121560129862514,-1.8288063583026322,-0.35541335567226834,0.14054045852054547,-0.8668385370472289,-0.2275713070045822,0.18221733510631788,-1.1369340683817681,-0.2785258839703964,0.18701874966280888,-1.3132123349674043,-0.2881116540261793,0.1770621563288802,-1.488902720197256,-0.29561296547948474,F
0.0,0.0,0.0,-0.21013309241215697,-0.07612785661994147,-0.11069976538900547,-0.4102072217229055,-0.24256732806035572,-0.2158552138132877,-0.5655353166858588,-0.4175360559377097,-0.3287141086038201,-0.592473208594566,-0.6289486495840523,-0.42828438155080994,-0.3453768098440722,-0.8412127874581921,-0.08313199011961099,-0.47719377008715286,-1.0284217059457996,-0.26416977668034425,-0.5277166601779684,-0.9022781362142869,-0.407699135036587,-0.5338487371515875,-0.7407405767953339,-0.4846465377814106,-0.2073806917182374,-0.9723477793228448,-0.10739201436046183,-0.33900989216800137,-1.3997547566470345,-0.22743861516904823,-0.41839676261788344,-1.6934390541142217,-0.31978547496386656,-0.48090780539819417,-1.9514434228994166,-0.38326759673528715,-0.04057444026114903,-0.9621760475768018,-0.156870235109493,-0.10813949177237196,-1.345083390041723,-0.2563982550549463,-0.1459939523249339,-1.5851951103847568,-0.31251690149353906,-0.18528818654786836,-1.8078185283570476,-0.3474969245345659,0.13604719402493695,-0.8509927891249355,-0.2186659722808057,0.17851755712400558,-1.1238633073715072,-0.26818948549874827,0.18158909308224114,-1.2994032084339355,-0.2760699522069237,0.17474741941225855,-1.4744505924409221,-0.2814478888695489,F
0.0,0.0,0.0,-0.2075631359406123,-0.07281150817224609,-0.11500018734218025,-0.414624273742541,-0.25141616060143973,-0.22093189107988334,-0.5739335622403684,-0.4284945567457231,-0.33325318205423804,-0.589804532498628,-0.6356122072431105,-0.43296593932840605,-0.3581978635213853,-0.8296157421697204,-0.08901486602895574,-0.4770498511762349,-1.0137423741244334,-0.27039045824579544,-0.4992303949645272,-0.8775595968025385,-0.4142107885230792,-0.4862355073975832,-0.7129622362040534,-0.4919747729782565,-0.21203673604745304,-0.9706315954759099,-0.11364298671819677,-0.33813861335042966,-1.417584439080999,-0.23649915728849386,-0.4120183493026861,-1.7189379051885987,-0.33371482875000574,-0.4726812819814416,-1.991583749018279,-0.39888654413442104,-0.03362284842439286,-0.9678604058607992,-0.1629485733283232,-0.10233842669847282,-1.3660986168013518,-0.27024722957587244,-0.13593453496940477,-1.6186364165718024,-0.33555717708091715,-0.17535751564964736,-1.8538317106285882,-0.3746224392906989,0.15368503477711223,-0.8618500323159424,-0.22357136131792665,0.20270442248959747,-1.1363738205828808,-0.27634145183135117,0.21112564112798618,-1.3152147236462601,-0.2855224216340517,0.20537430276041044,-1.4899882288308877,-0.29152072737257373,F
0.0,0.0,0.0,-0.2036567662565017,-0.06992507967876974,-0.12806502592730473,-0.4039109211123702,-0.22957209641500162,-0.24130610774211006,-0.5453718008417568,-0.3960404714641335,-0.35812193962031097,-0.5764411531110162,-0.6004590037172329,-0.46060972024701025,-0.35963168023990383,-0.8305777259737173,-0.11866667425147193,-0.49026449934652666,-1.0033860832386796,-0.31528611934117473,-0.5135613473539569,-0.8240996011319709,-0.46412644793057856,-0.49237626981647037,-0.6415575672438162,-0.5417488035866751,-0.20402505223256026,-0.9687705984389933,-0.14091595247400465,-0.32734197374867025,-1.4335784973919723,-0.2789053883378342,-0.3997991964373122,-1.7334972491120657,-0.3768141513801913,-0.4573463571390364,-2.008227547164839,-0.43941218722685915,-0.02111883701604324,-0.9606017833651104,-0.18869793515071223,-0.08887043496984944,-1.3716985271978943,-0.31031645252780815,-0.12417889753232697,-1.63003252694876,-0.3759872417938623,-0.16158356121141754,-1.879498718430983,-0.41161462840536134,0.16852437892623665,-0.8489976863596742,-0.2481486969913701,0.21016843597769685,-1.134773166744386,-0.30756718780876074,0.215342273629059,-1.3106942623588795,-0.3149594106154879,0.21017126676921152,-1.4844285715282903,-0.31770651685600537,F
0.0,0.0,0.0,-0.1997028618421582,-0.07309741941617331,-0.1085767827171577,-0.3859584512754003,-0.23128797513106958,-0.21511933626212507,-0.5206490809508972,-0.3708356887454646,-0.32981752314783913,-0.5790225136729978,-0.5331271184988535,-0.4336073319784704,-0.35081536179221284,-0.8289659631124722,-0.10029469272129744,-0.4993491687561472,-0.9610203371271978,-0.29540631221006103,-0.5186859210044388,-0.7722691688939279,-0.4478588310326069,-0.49471429683809726,-0.582759063351728,-0.5287051051628614,-0.20087191526450085,-0.9703688887148776,-0.13429331134581812,-0.33116423982450444,-1.416315829202405,-0.2703967834957614,-0.40300360617174225,-1.7151285539425798,-0.3734925924612167,-0.4601439631450801,-1.9907288071470686,-0.44167676485505736,-0.02117014496810496,-0.9672701219874573,-0.19208585091086733,-0.09354322209926587,-1.3804255733312887,-0.3136511321007391,-0.12849108655121733,-1.6396281440683986,-0.38402455225294757,-0.1683301993225331,-1.8844832540356506,-0.424165581970548,0.1659260604819886,-0.8562442112453735,-0.2599933887177075,0.2112406611882058,-1.1353139434149053,-0.3170392194534947,0.22156433309734597,-1.305829945348196,-0.3232830829662995,0.21760758106720693,-1.472692224693215,-0.3268243358398851,F
0.0,0.0,0.0,-0.19183187739588878,-0.0743663738831718,-0.10152433908329021,-0.3803701643003189,-0.21307068374077337,-0.21178861410882505,-0.5215869002257956,-0.32184064109511124,-0.32864242888638595,-0.5587284530205724,-0.4754104380472102,-0.4396954126525745,-0.33933117612223357,-0.8376107418170757,-0.11785510852447877,-0.5047514290768854,-0.9201877288824833,-0.31973077454870646,-0.5391244608719757,-0.7188015636094985,-0.4825819535360927,-0.5181486385623313,-0.5182681495305099,-0.5704795374545573,-0.18966180981580347,-0.9687334435881184,-0.15994972076030586,-0.33142518112204705,-1.4121775431467924,-0.3017457591466672,-0.40758302142295383,-1.7178704253309336,-0.4117347882816741,-0.4662374470685888,-2.0003497246960005,-0.48427004596161555,-0.007107458054912936,-0.9559168657112295,-0.22320515019730955,-0.05597037104451077,-1.3793994885585972,-0.352645300778196,-0.09192160657727806,-1.6440399038840312,-0.428972186198566,-0.13961277293150062,-1.8980306638871833,-0.47257451990465266,0.17949768652213685,-0.8261664433905885,-0.29350721514292094,0.2366092525259471,-1.1187887494496818,-0.3595879070809503,0.24816976713201647,-1.303264112725393,-0.36457812649565885,0.24029222712425338,-1.486476823153092,-0.3651811476903596,F
0.0,0.0,0.0,-0.19512138025194609,-0.07220402685690211,-0.08413141749550687,-0.3787662662522457,-0.21590561644779913,-0.18689987037466274,-0.5195883204181576,-0.31213775297320456,-0.3009112254517255,-0.5806370011246998,-0.43246617758246814,-0.41001086172055945,-0.3289303126248235,-0.850379502732665,-0.1025638839861406,-0.5035546698243343,-0.911372345008532,-0.31056849746198173,-0.5536870915836839,-0.6955531084534902,-0.4830321426253203,-0.5472881925280765,-0.4793281949021063,-0.575868199679543,-0.18578864983876336,-0.9707794992530703,-0.15188726549993384,-0.32585827343883667,-1.421536310627261,-0.2920360385329911,-0.4058071831802737,-1.7225916776095238,-0.4015427786088956,-0.4682552181494828,-1.9995742024788197,-0.4749250426279869,-0.00872220967115943,-0.9465400673469287,-0.22113187481227653,-0.06605408699220564,-1.3825274595577213,-0.34683029441080754,-0.10934614674403509,-1.6528028942540367,-0.4180585755416223,-0.16354798695110034,-1.9146285244409949,-0.4587723883069096,0.17399224148429818,-0.8102696165300879,-0.29723780482486867,0.23998925604736066,-1.1069169867349884,-0.3550995495193214,0.2546966667877439,-1.2976257427153175,-0.3524107439825404,0.24987358377572158,-1.492801418899854,-0.34908052917958504,F
0.0,0.0,0.0,-0.18376144557266413,-0.05874665922748938,-0.09951980759946588,-0.37544354571538946,-0.19388892461820653,-0.21362244200595026,-0.5027301185193254,-0.2723978351070729,-0.3348253799952699,-0.5505170321328742,-0.33901838882970214,-0.4476361790684887,-0.3461224681316743,-0.8450916957928986,-0.13226634507598561,-0.5331050238318041,-0.8778526202303892,-0.3344163470244607,-0.5587151088924014,-0.615159854364536,-0.4894436088732233,-0.534994570215034,-0.37437998938043415,-0.5715814856128414,-0.19220116835695256,-0.9649085819976587,-0.1789137760752081,-0.33300924846330365,-1.3913560717159823,-0.3200065355974182,-0.40869968759063746,-1.6736623353162816,-0.42393733361379876,-0.46189319563871273,-1.9476846907443626,-0.49431069717486986,-0.0074903991155838385,-0.9356370889229205,-0.2451861986863531,-0.0642075455610856,-1.3689008794955462,-0.37692749241981066,-0.10434746088196505,-1.627195060058734,-0.4519885534917438,-0.15089099585901544,-1.8904141121369564,-0.4962594782167668,0.1846979023751152,-0.7923883839664817,-0.3184623939622439,0.246897902974646,-1.068748272401619,-0.3828152605783178,0.2618413559110779,-1.2475132941298384,-0.38621215249749696,0.2603582142058554,-1.4449365272296817,-0.38872013225416185,F
0.0,0.0,0.0,-0.18426824757242327,-0.04345877324970817,-0.12193995695700824,-0.38873575652281084,-0.1584515048361454,-0.24765101287288213,-0.5149833915017149,-0.21205879559302326,-0.37314755576232167,-0.5266773113864579,-0.2796850247127874,-0.48887913763218876,-0.34973275945185434,-0.8319947883959083,-0.17335878869271543,-0.5101532452152638,-0.8299814233837107,-0.37370971396850294,-0.5068865122394027,-0.5349716676643435,-0.5219806997289941,-0.4781240170835214,-0.2780469946797008,-0.5993334759252564,-0.19295562813863235,-0.958484606099123,-0.20994138572619495,-0.3294247892281835,-1.3630699836764222,-0.3467983648187446,-0.38637728916906566,-1.6370436128801673,-0.44922955610653625,-0.42870105201493275,-1.908432029948442,-0.5212467944115486,-0.005902118424734461,-0.9290479874503398,-0.2653765047634155,-0.05792702006659443,-1.3526921483970964,-0.39660064496101705,-0.08644122164589163,-1.6133444412685394,-0.4745934525269716,-0.1267258895752519,-1.8722168680093911,-0.5227245753843592,0.18786946930430445,-0.7806935403127455,-0.328377843888058,0.2446605140956462,-1.0639103160157792,-0.40014711024029015,0.2615338637178381,-1.2354689557308525,-0.4051753767899222,0.26195229628666705,-1.4186099118707274,-0.40718854078724237,F
0.0,0.0,0.0,-0.17395027143077155,-0.04224399819071966,-0.1222926492088978,-0.3588514300281815,-0.13858644671281495,-0.26189770235112103,-0.4862390764370999,-0.18651442914740068,-0.4039694057073919,-0.5107461075344568,-0.23645407820988595,-0.5402352953659053,-0.30918872296290245,-0.8290498925210713,-0.19850215485344203,-0.5050617896255339,-0.8353257985758337,-0.3967497280392585,-0.5152482501468716,-0.5434943318715701,-0.5442071607866814,-0.48840055867553633,-0.2960062838958839,-0.6240651791307907,-0.15473683646073688,-0.9603040496090576,-0.232104811984948,-0.30785406273540233,-1.35510822318058,-0.37385513332925013,-0.3678720648407978,-1.6234253123316897,-0.48184778926906174,-0.4061437805294203,-1.8909332637198777,-0.5613190481041208,0.021949822101466773,-0.9253739894650385,-0.2798250879216291,-0.04371412643131103,-1.3539033586602043,-0.41187109475177786,-0.06408270982824706,-1.6081487913677237,-0.4930744088970752,-0.0817212457298316,-1.8423332798607457,-0.5448097181712656,0.2078623194862649,-0.7726568275935661,-0.3343426215644397,0.261470949514148,-1.0667418680919636,-0.4028268114282555,0.2804341356915264,-1.2435936908573204,-0.4111609303863515,0.29263326383593424,-1.4211729034466647,-0.4187506426025593,F
0.0,0.0,0.0,-0.18892527614757637,-0.055482865341492195,-0.11638503697349707,-0.37971173526030266,-0.16460483922624844,-0.24958513650142272,-0.5068564660166939,-0.21291256576010661,-0.3878298871194226,-0.551991263412608,-0.22953405379750633,-0.5220885942544481,-0.3375643295780485,-0.8295907858548056,-0.18146938927711143,-0.5219116491684231,-0.8524856939840268,-0.3888197190272928,-0.5396391862710312,-0.5804006991486869,-0.5497543854016197,-0.5238808060305782,-0.33440267619517133,-0.6371114184906871,-0.18553298232014695,-0.9578449825718801,-0.21934106280691412,-0.3322531072519443,-1.3608965057522293,-0.3599857340284639,-0.4084457760664922,-1.6348399500363393,-0.46545474767225326,-0.47459858090729323,-1.8789245115239397,-0.5414254891257098,-0.0036711124981770446,-0.9262995201689854,-0.274640739839761,-0.07354423313199297,-1.3598307760536241,-0.40038087028882896,-0.10318545968675474,-1.6205935460435066,-0.477745448828863,-0.14031617943283656,-1.846104205419379,-0.527180152912713,0.1905944295870398,-0.7806177897719945,-0.3386095932266193,0.23986982091937503,-1.0732280757247485,-0.4037315634138521,0.2450966459272505,-1.2566999866944668,-0.41349863099512574,0.2316026423179795,-1.4327859364057531,-0.4228547741843554,F
0.0,0.0,0.0,-0.18860063107350583,-0.05488895331784102,-0.09396970707907466,-0.3746328736430752,-0.18181378528339603,-0.21296564505995222,-0.4920926244579213,-0.23111474450522687,-0.3419885942365546,-0.5878239910442422,-0.22122818941526165,-0.4662119328820517,-0.33681513582159195,-0.851680534622154,-0.13842513133395712,-0.5681428142335803,-0.8534722213519036,-0.32381396706502064,-0.6083149926812539,-0.5501069743405604,-0.4748462338060629,-0.6090859486198615,-0.2895630739692654,-0.5590093744244957,-0.19496431297271832,-0.9630466578100136,-0.18582263464938412,-0.35216767049908976,-1.3600838963379995,-0.3098808016463726,-0.4417986496518603,-1.6207204060592193,-0.40938532326147287,-0.5235967029487646,-1.8578621940967788,-0.48403737379577155,-0.02486662442579465,-0.9230627399751433,-0.24963058236955213,-0.08466725319293225,-1.3446762692370062,-0.3611715099302739,-0.12199490503853604,-1.607483690836208,-0.4325137901757454,-0.1721242785547672,-1.8484542333115344,-0.4806314030097825,0.15552489755656643,-0.778979828998885,-0.3211067279093835,0.21428485410319867,-1.0660346767426323,-0.3640442164759569,0.21951052256738626,-1.2434234926493293,-0.3598139295282969,0.19988308621890694,-1.4241655106020261,-0.3642771763096638,F
0.0,0.0,0.0,-0.17215829700265514,-0.05807203652386353,-0.0838008954417625,-0.35836406388214653,-0.2029493163148423,-0.19005406470726563,-0.48093246672659246,-0.25401222995509054,-0.3087377789448668,-0.5829358014625715,-0.23366758624779835,-0.4218461198836091,-0.3543429507583195,-0.8568316181617073,-0.1078455854011601,-0.57051026966885,-0.8380927460088118,-0.3012419891402518,-0.59923819120079,-0.5396393503974217,-0.4617314333892545,-0.583999061620565,-0.2878040057131706,-0.5506782365074864,-0.2197858232903219,-0.9625700428211175,-0.1585973030790482,-0.3703705095083315,-1.353537642600569,-0.27833324070984505,-0.45063017401334265,-1.6136919098893787,-0.3746388067570675,-0.5196161718957919,-1.8542352451588686,-0.4467107851178102,-0.04546338770293195,-0.9245640882789432,-0.22852772158867432,-0.10681909492525389,-1.3555991859069008,-0.3348312169471819,-0.14249582575289968,-1.6167134962857352,-0.39931876162829555,-0.1938714995448852,-1.864588974118418,-0.44299613652636394,0.14292952397523917,-0.7854001219158729,-0.30693602709161194,0.189379380824754,-1.0685926253122253,-0.34897051737055834,0.1939402072919368,-1.2441259960795523,-0.343529547772592,0.17830593044246923,-1.4248124478757516,-0.3454425999581749,F
0.0,0.0,0.0,-0.18176121451830463,-0.02492685804017359,-0.09221344054355747,-0.36270501183709963,-0.11523311909753373,-0.21225708205680827,-0.47289535381671854,-0.16449036514875157,-0.3460476347756606,-0.5545657535348153,-0.20106163394305032,-0.47738420747197335,-0.35989004591143803,-0.8494318331814176,-0.11527706659714856,-0.5662849777576989,-0.8566945617108211,-0.32170512960260433,-0.588017271571584,-0.547035501356427,-0.5017690681302606,-0.5620372029089653,-0.29620398899451766,-0.6031171567497997,-0.2044981047550912,-0.9642390686027111,-0.1685928341648952,-0.36926036009769675,-1.3897562461769135,-0.2932659502272249,-0.45350935011253707,-1.6557565532083551,-0.4097177538038085,-0.5144712652370746,-1.911509452740816,-0.4972109047170764,-0.015258745493837123,-0.9220125419968479,-0.24088345884951665,-0.09202871745675412,-1.3847012427333651,-0.35814991414719266,-0.13838046455202277,-1.6450422165113643,-0.44192145886846257,-0.18120200567205894,-1.889827228641431,-0.49642561801022916,0.19089253314872381,-0.7676522698415915,-0.3203877066277003,0.22742130090629595,-1.0716042560519736,-0.3736988529354604,0.22297732264144068,-1.2474007702789849,-0.3759415103802688,0.21059263698049469,-1.4276788150567263,-0.3810409070299872,F
0.0,0.0,0.0,-0.14750481689060846,-0.051383362241122735,-0.0944907517484562,-0.31324432877695135,-0.1768265143031676,-0.19784183099252894,-0.39841334999442796,-0.24366308081835636,-0.3153639371002273,-0.4270978166547341,-0.2700445773744024,-0.420854040253638,-0.320917390145603,-0.8691378100710373,-0.07291371751896049,-0.45196750356786936,-0.907223462008018,-0.23016871317411763,-0.45593955932216046,-0.6186886758816327,-0.35403038088796973,-0.42812775938221276,-0.40337184660188785,-0.4252120257541243,-0.18299900002941707,-0.9760678073375072,-0.11748617564455892,-0.3160547410743972,-1.387466705834711,-0.21602969275476014,-0.38362916630384136,-1.6343477302455587,-0.2972538319505588,-0.42702013473632366,-1.8823978077731616,-0.3634584560594787,-0.009112686582762587,-0.9633984839979838,-0.18499034355433303,-0.08547449042279519,-1.3858707606986294,-0.2838754519619137,-0.12176246325711475,-1.6313155061933902,-0.3461288450462086,-0.15668012705067422,-1.8736830916339478,-0.39039570698642956,0.18743643023030854,-0.8466922770548825,-0.2630238025232363,0.2141814781645154,-1.1081148785495887,-0.30417612745543454,0.2146172139714761,-1.2574001650101643,-0.3027399979276521,0.2078538676227325,-1.4285833867174231,-0.3094783067965388,F
0.0,0.0,0.0,-0.18049339039417903,-0.05102869043394283,-0.10552218778680854,-0.3732191287649425,-0.17153714660624128,-0.22596857300226486,-0.5087522581658485,-0.2311403680417727,-0.35445487512818624,-0.5979841381313296,-0.2789760200561467,-0.4766206273706355,-0.3436036243450522,-0.8519868366453494,-0.12587816549117387,-0.5618193484697145,-0.8737310677625598,-0.3264740733764468,-0.5992437659668186,-0.5748818669478164,-0.4944585140908509,-0.5855310934193064,-0.3390181990162481,-0.5877419208532402,-0.1970997235600966,-0.9663379513367627,-0.16535616946096052,-0.35374203287590783,-1.3666659957714153,-0.2944109605563409,-0.4297691350989424,-1.63116543051809,-0.4033276617322091,-0.48491092087270976,-1.8869383312136028,-0.4819541318104021,-0.016507677340473183,-0.924219708900181,-0.22441372369899917,-0.08638864343563608,-1.3391400460939007,-0.3409272736013689,-0.1257796003865989,-1.5882377231236027,-0.41449933778795073,-0.16801622981371395,-1.8274035598693055,-0.46028976928274123,0.1785553515121154,-0.7796173078026799,-0.2919230067954112,0.20643159026861532,-1.0587584850184595,-0.339633938358853,0.19931399875340458,-1.224320986116861,-0.33461229594507463,0.18494971056869783,-1.3957268352171404,-0.33313251946206607,F
0.0,0.0,0.0,-0.2035970586632822,-0.09049350399826299,-0.07768357351371215,-0.39833978434129425,-0.23994061812350861,-0.17543345178228317,-0.5641749538223266,-0.3104671629066712,-0.2827584437300128,-0.6694469532396482,-0.38228532986128244,-0.3835543586566222,-0.3880979802994543,-0.8479902822211238,-0.09910807136596125,-0.5920445367267756,-0.881566146679037,-0.3048792851937776,-0.6281346810858526,-0.6707418482998571,-0.46883824197078605,-0.6093302987139403,-0.4747075004503964,-0.5549421884749355,-0.2439089957452898,-0.9584563561009334,-0.14788446586523166,-0.39625425286772076,-1.3539700009977673,-0.2849199237561563,-0.4741564862498345,-1.6422890581084122,-0.38498954960020493,-0.5431270062052754,-1.9125228332633213,-0.4511502653327657,-0.06481605522986371,-0.9367727667310913,-0.2178340471155191,-0.12932796558279444,-1.349963751377475,-0.3350338120084055,-0.17145004392697885,-1.5945135319864643,-0.3974802373314192,-0.23754907155085345,-1.8322775621955345,-0.432626825394254,0.12562819861712088,-0.8060374589813972,-0.294656300262309,0.16804927872732933,-1.0826800178843776,-0.3492469158941339,0.15437491570931192,-1.2553358875417333,-0.34702032875943867,0.11310706133154803,-1.4304387091028996,-0.34242083882913316,F
0.0,0.0,0.0,-0.20019226773315876,-0.08026547394845825,-0.09771039343282427,-0.3972301693322272,-0.22010491831135034,-0.20709433859261384,-0.5668565989023362,-0.30307806674657334,-0.32585087023912523,-0.6673829796323578,-0.39212062336112263,-0.4389671034304416,-0.36783202745456206,-0.8411157067270195,-0.11039045894613107,-0.5560424623688334,-0.9247298518446709,-0.3089386054693369,-0.6322510897740617,-0.7204394506640648,-0.4704779335184143,-0.6606193916397466,-0.5201326525920879,-0.5588169799458441,-0.23278792872389864,-0.9611432685491323,-0.1483691260442258,-0.3811317755775692,-1.3667481481758388,-0.280375123846002,-0.4775383297409782,-1.639725729154357,-0.38177818067002733,-0.5587536357457861,-1.8922048287075512,-0.4530378320063587,-0.06149882653648611,-0.9386687305753396,-0.20778300765385282,-0.1272182476769972,-1.3466680173873185,-0.3211771110409271,-0.1823052413144318,-1.589988072095573,-0.38565381385894076,-0.251756811988733,-1.8215569874779973,-0.42610780726725817,0.11627978391214992,-0.8096242954795898,-0.276560429661195,0.1546931662480311,-1.0755611763626127,-0.33162281443764113,0.14218393404814988,-1.246452104846639,-0.33324449172490944,0.10828738568553828,-1.420506963097936,-0.33472644666400647,F
0.0,0.0,0.0,-0.2174433312605384,-0.09785676394824849,-0.08830156348920723,-0.43249185484085445,-0.24113441585518092,-0.19193946890265656,-0.6114985228338239,-0.32573620326268876,-0.30508011080946257,-0.7170901369634703,-0.4304796957791024,-0.414045960449122,-0.37343925774983755,-0.8413733196936826,-0.1117806546557095,-0.5847088600015498,-0.9262467710554291,-0.3093956157759028,-0.6803307856363575,-0.7441517003910583,-0.4741777000029585,-0.7229536295228133,-0.5596902189754797,-0.5663342537336975,-0.2399183173701352,-0.95873143800156,-0.15255566452198377,-0.393987748866876,-1.3788957126750723,-0.28607451950221163,-0.48807742354027667,-1.664422337735387,-0.39259107485410216,-0.5708745861089134,-1.9190788979051199,-0.46799503779354645,-0.06780169092038264,-0.9472418038812205,-0.21294836002140968,-0.13603761821361193,-1.356526031843904,-0.32429441954497,-0.18540496938208526,-1.6009128426355452,-0.3947600677883905,-0.2582681762582264,-1.8268359701819619,-0.4401237181870296,0.11157413714977518,-0.836564536406153,-0.2816843246964364,0.1505290443718587,-1.1043738441721744,-0.3370265376302313,0.13359974185771759,-1.2701307417280558,-0.34271716388419843,0.08430125324210443,-1.4320810309495442,-0.34698977765577305,F
0.0,0.0,0.0,-0.2197322021856876,-0.09253780629754581,-0.09778927999785737,-0.44183910670732274,-0.23703298985279925,-0.21296407743635018,-0.6386954243235754,-0.31319616152964647,-0.3352519939809372,-0.7565082151532428,-0.4096115161317899,-0.4549252234456771,-0.3441830610277659,-0.8506084263317727,-0.1352317287431557,-0.5772356498357926,-0.9076495992631536,-0.32517688040259096,-0.6874308796971963,-0.7217456633210247,-0.48681097815538993,-0.7410975259811611,-0.5365808319536417,-0.5783478239774767,-0.20329944380716916,-0.963793561430822,-0.17254363822577842,-0.36398053916452106,-1.3797900799957084,-0.29541781538936296,-0.4546741719114871,-1.6682535062071326,-0.3942431831083105,-0.5390378164817292,-1.9134386520846864,-0.4673139854950182,-0.033406330816422164,-0.9331109146896852,-0.22842194731308194,-0.0909672688743154,-1.3430551474763204,-0.33100318914298116,-0.12768856742581983,-1.5900914034846052,-0.4010147802886347,-0.18997212060467883,-1.8102433883656583,-0.4495329891476883,0.13533387471468877,-0.7996432192281253,-0.29279647577036205,0.18755340686363314,-1.0767863858249858,-0.34477986520363724,0.1804484352493115,-1.2458444780809632,-0.3504904945103829,0.1378157352543535,-1.4087481493957712,-0.35684927547454537,F
0.0,0.0,0.0,-0.21948759907494123,-0.10816437172845307,-0.06491067172302453,-0.4341501565802416,-0.2699390700421863,-0.16316558837198722,-0.6345352117756924,-0.32373771072513396,-0.27191875491579476,-0.7848830154164482,-0.3689958655312287,-0.3811755691845349,-0.33745528290427623,-0.8734370634900147,-0.11466045488607265,-0.5776225862609726,-0.8914455239427523,-0.30200885357563706,-0.6988632120691604,-0.7049381914454993,-0.46844265508587635,-0.7574549119528168,-0.5220448666375767,-0.5637462658789948,-0.19762406979390726,-0.9657119260446811,-0.16836033657950766,-0.34898898436902326,-1.3832443778719425,-0.2857847229000381,-0.4461306565124583,-1.6745771466485742,-0.38380218090168455,-0.538063021310277,-1.928713226985167,-0.4562687095564993,-0.02945218167056361,-0.9197809481190367,-0.23694412509335389,-0.06866996488759665,-1.3522558491206618,-0.3351865337123028,-0.10664520920417705,-1.6056772189813797,-0.40501120532298623,-0.1746550007151598,-1.8368394567513249,-0.45347430973965347,0.13634871501269238,-0.7674976144718996,-0.3108062724387246,0.2138138313566239,-1.0412497466488595,-0.3611940770110992,0.21177077853528803,-1.2266429470701783,-0.364582179385547,0.16497150316057582,-1.4137426694158608,-0.3688609847678947,F
0.0,0.0,0.0,-0.23427492206602699,-0.09097229539357705,-0.07175191367438849,-0.4521020279620108,-0.2462391477469988,-0.1826808412730704,-0.6513682402751674,-0.310766461387567,-0.30493488148398085,-0.8253168406417921,-0.34636008722739065,-0.428469703437825,-0.34947181661490057,-0.870848717041966,-0.11985888012298876,-0.59300184112483,-0.8500513511324573,-0.3052615150795907,-0.7150284022070942,-0.6422407668843643,-0.47779170905727963,-0.7891895922870665,-0.44949452406579793,-0.5779887723117595,-0.20912994202354535,-0.9624186309401033,-0.17324850985969817,-0.375422250909075,-1.3666993229475266,-0.2915355548080754,-0.48902372180650305,-1.6387463959606894,-0.3996000418705904,-0.6046752419303033,-1.8608146576325586,-0.47969053902642494,-0.03585783612605035,-0.9089172577332661,-0.23974122018644287,-0.06210127285302738,-1.348303560793591,-0.3384242913594938,-0.1091345750143546,-1.5924331394145732,-0.4130914308302955,-0.19656954954288267,-1.8026402464511964,-0.4660613590795348,0.13683915269235974,-0.7548652404047016,-0.31182742498452637,0.22881433419986483,-1.0420835971061018,-0.3658923923630477,0.21398565286080035,-1.2172049330563717,-0.3706223492659929,0.14303333541918048,-1.3879155057118506,-0.37623805784621833,F
0.0,0.0,0.0,-0.24633922621350962,-0.08468247716200229,-0.06153526382798908,-0.48240888936502185,-0.22235511449926298,-0.16623606577201475,-0.7013252700626332,-0.2831567594946939,-0.2802049684842761,-0.8813312687272588,-0.3465674009087584,-0.39551580199009795,-0.3609790239899295,-0.8546097488565305,-0.1322274923678414,-0.6260962474787588,-0.8202236611977344,-0.3226057553516941,-0.7646775197711719,-0.6228909554634384,-0.49815257202040114,-0.8539072978894126,-0.4413610208096292,-0.6017320805126709,-0.23406771540595755,-0.9535105437961858,-0.18981556172805672,-0.39276861880729236,-1.3868785278446927,-0.33514884385603866,-0.5194059740148037,-1.6736415690755235,-0.45525520558446964,-0.6560875778231614,-1.904770693767845,-0.5367017882259536,-0.05867753730062841,-0.9051772159134411,-0.25617479671751753,-0.08182190877009676,-1.3633813054266295,-0.3756619969324566,-0.12926048066838144,-1.6342017855838733,-0.4534923262349864,-0.23298690619275572,-1.856968267773029,-0.5003301012487923,0.11629427111157563,-0.7579175857935524,-0.32478347213374326,0.20869970776717162,-1.0638591138774314,-0.3871993602046877,0.19550843382075878,-1.2520749613318338,-0.38660375230474703,0.11826508494990132,-1.420335099574412,-0.3835009896224699,F
0.0,0.0,0.0,-0.25689536735460233,-0.07141080164848436,-0.07793492114599153,-0.5062236452858145,-0.20033247948589744,-0.1914866298419631,-0.7266863640088861,-0.24788736059875113,-0.31228176811851893,-0.9168596724725474,-0.3111474558356393,-0.4337146185118036,-0.3972650318727318,-0.8357891065266335,-0.16979949730306007,-0.6732727655913743,-0.8139118780381035,-0.3585576747131416,-0.802482950780908,-0.6142637937994215,-0.5235626095603841,-0.8878322950215721,-0.44090650259401754,-0.6210876242889378,-0.26853058484284786,-0.9369921539948416,-0.22346594451071305,-0.43350770912603126,-1.3489861339645914,-0.36761118117122166,-0.5561671829085622,-1.6423679647936074,-0.4898073739336589,-0.6891410436721989,-1.8866711571992598,-0.5770862668058746,-0.09113842613520325,-0.8914077432169815,-0.2847720128368218,-0.11115505625962507,-1.341243025159273,-0.40936523953550447,-0.1589304287426228,-1.6059046715987684,-0.49204592191190105,-0.27372832632265603,-1.8194070881662303,-0.5447857136508201,0.08503343118151983,-0.7542479098482879,-0.34896418239815086,0.1867960533585906,-1.060736395489923,-0.426259643344419,0.1683440399624226,-1.2455024333864415,-0.43473719395511995,0.07491051043539224,-1.4014473840630348,-0.43698670421617153,F
0.0,0.0,0.0,-0.2680821082121138,-0.043400509220438616,-0.10013478960729959,-0.5346056774263162,-0.16442448480908273,-0.22255728560669713,-0.7712870939170421,-0.2049567462505107,-0.34910745317914804,-0.986075524050947,-0.2542466751960084,-0.47690361112976576,-0.43679845443768245,-0.823132459265505,-0.1770643986965626,-0.6934367374831371,-0.773961558924248,-0.37474258192674387,-0.8447814763970777,-0.5875420069355021,-0.5465620143751204,-0.9558426527082522,-0.4277157573895823,-0.6479476497346227,-0.2965133909787014,-0.9270940917085063,-0.22929534249411054,-0.43859964887933856,-1.3501758789780234,-0.37541569788019574,-0.5581726841752293,-1.63646962639527,-0.4938141139781114,-0.6875328661615366,-1.8631239996929925,-0.5720140348256296,-0.10767753204823849,-0.8907895791461808,-0.2942310953678961,-0.15331961527039387,-1.3472119879055389,-0.42747573512637316,-0.21078967337090806,-1.6296771132645256,-0.5123251968324889,-0.32102618903217195,-1.8556220445502174,-0.5610903357563093,0.08051798977729138,-0.7496702644323117,-0.36480638672472543,0.1696241692446674,-1.0641167729373484,-0.45856446942969303,0.1485148535548397,-1.2640580269191017,-0.47450326663331954,0.05827146481780832,-1.4290232641951326,-0.47665704718604746,F
0.0,0.0,0.0,-0.250622835447308,-0.06903790544056641,-0.0886172683295161,-0.5121164881781041,-0.20137194688774507,-0.21601484116574793,-0.7513700621958679,-0.2654103103775733,-0.3512395387344135,-0.947648153054404,-0.3376403058769913,-0.48847128980133564,-0.40452767117006727,-0.83634602313594,-0.17495764813614836,-0.6740796109039857,-0.8117869954188808,-0.38207480365847024,-0.8248233253697792,-0.6343751754513931,-0.5648594868052154,-0.9187944435551503,-0.46810854099567184,-0.671959713376887,-0.27661871319566883,-0.9340763955535443,-0.2257949839559576,-0.4489424357954553,-1.3577447058429384,-0.36415580059287617,-0.5758127871743743,-1.6502373614399937,-0.47834071646209986,-0.7065232699871459,-1.894147389152892,-0.562201032712745,-0.10452060215672884,-0.9019146549437503,-0.2883147404173568,-0.17112963214359886,-1.3625656013166818,-0.4011822025038721,-0.22339908309524775,-1.6283303893026186,-0.47383290021899227,-0.31066635146410987,-1.8538980563514142,-0.523416575428573,0.06575175724375557,-0.7775193762808452,-0.35727931890139164,0.1336329395428066,-1.0909328652246442,-0.42516798746040274,0.12770151818986517,-1.2950490062761968,-0.43371825611166714,0.07273381439621476,-1.492731314750824,-0.43926477492794597,F
0.0,0.0,0.0,-0.2598440929603769,-0.0575642378569921,-0.0889316901059864,-0.5130410367984646,-0.18367411489873475,-0.21313935651770932,-0.7458867990895531,-0.259138220775054,-0.3426250590779427,-0.9447417623497512,-0.3336667669400727,-0.47244516448206475,-0.4127419179289173,-0.8303914532653727,-0.17385469666885145,-0.6749829558430642,-0.8261015889294177,-0.36584398591069006,-0.8248079057856752,-0.6597376925407822,-0.5336159495683549,-0.9240890584701935,-0.5038874176242548,-0.6327307790672525,-0.2788053300963142,-0.9343147497532188,-0.22208902787725743,-0.4343104827611153,-1.3554377015416939,-0.3673260220184883,-0.5569150313618088,-1.6453088749778897,-0.4805579669111998,-0.6878428307966569,-1.8852947806580027,-0.5583677024749792,-0.10333102047746358,-0.8994660697826777,-0.2803327579986,-0.15478417809783868,-1.3416070717613278,-0.3993591584137306,-0.19518685741008698,-1.62334738557295,-0.4774443482861082,-0.2721311280121317,-1.860427987000803,-0.5271846660097167,0.07096806119972106,-0.7732422025908215,-0.3434880616948449,0.14620011569902341,-1.084254346471232,-0.4131225825958011,0.13975809631691552,-1.2964372928533172,-0.4234433203893617,0.08546739817407117,-1.4947289372783632,-0.4286791519474427,F
0.0,0.0,0.0,-0.2527720353833849,-0.06439381856370287,-0.0947645421484062,-0.5089092260672196,-0.18907559792678674,-0.22527662926953307,-0.746317282656523,-0.2662292120736367,-0.3622639592554705,-0.9372713979480878,-0.36426266033263527,-0.4994841249738806,-0.3958069671574962,-0.8399224138778918,-0.17172790499280144,-0.6626283702548332,-0.8300191782171217,-0.36415065733517327,-0.8072973253144745,-0.6476190436689052,-0.5368885064294104,-0.8975416068748276,-0.489581144407107,-0.6415447567846704,-0.2718356845416393,-0.9379336052930466,-0.21537389041331306,-0.4375937940305314,-1.337143484896799,-0.35295334518234406,-0.5601613057096706,-1.6164817130319886,-0.4675903658284905,-0.6898540544867229,-1.8608586788874453,-0.552838913314411,-0.10267320531314415,-0.8996173887662924,-0.2702166249414971,-0.14662305295663888,-1.3419774594097242,-0.3809307609391177,-0.18446975606326024,-1.6104230821828027,-0.4565954849696689,-0.2628157011303121,-1.8401884300548257,-0.5099826980871682,0.06663248610698858,-0.7766321638214425,-0.3312988271750976,0.13790804129845663,-1.0900260126618648,-0.39346033729375585,0.12811158549565127,-1.2922747475574687,-0.40134432742086074,0.06929403368330588,-1.4824258279742775,-0.4084050130475662,F
0.0,0.0,0.0,-0.25626894375118975,-0.05746106276699661,-0.09164337967990153,-0.507713132005997,-0.1918337446447598,-0.21063534983952562,-0.7548440616054124,-0.257726572984152,-0.335171855149431,-0.9541041522967542,-0.3363854871859607,-0.46105727951810554,-0.3893783378427948,-0.8417077133699791,-0.1621297898514952,-0.656880791627486,-0.8257687059270855,-0.3548810319547821,-0.835550535955588,-0.6609537561787011,-0.5329448098047506,-0.9562975711031202,-0.5182808755630431,-0.639570189888345,-0.27246848634972165,-0.9406369464997552,-0.20239332702910046,-0.4253615935510468,-1.3367543236045332,-0.33336835011142446,-0.5406855313093263,-1.635971496224706,-0.4434377861303795,-0.6587191714501056,-1.8940872991579114,-0.5242114799183484,-0.10597694842654971,-0.8977942993316397,-0.25449637490930604,-0.12710655469460924,-1.34103694715501,-0.3597514665808145,-0.1459925498192322,-1.5997610757429552,-0.42946544301193684,-0.2141942256638665,-1.813260404227925,-0.47539358546223975,0.058567892695910485,-0.767473110078879,-0.3132818760039121,0.14289717334807103,-1.0762331178800593,-0.37378131890290334,0.13415796261563606,-1.278781216941101,-0.37624771837627946,0.07261367800783228,-1.460667852431065,-0.37522913532882257,F
0.0,0.0,0.0,-0.2701053013962709,-0.07888114837198162,-0.08247733116085398,-0.5208656003045752,-0.22693665154201306,-0.20172624507488102,-0.7609086471788142,-0.29431262333569486,-0.3292715389962292,-0.960239839938175,-0.3726442953839189,-0.4568681715319275,-0.3704369347280096,-0.8479815340114877,-0.1735649675521068,-0.6459052901800346,-0.8343080167876666,-0.359902380324922,-0.8155767471252058,-0.6572368077359932,-0.5279161526990866,-0.9356800061642899,-0.525470627400846,-0.6278728343610388,-0.25505036926543634,-0.942518629213557,-0.2158887276421865,-0.43124329514813703,-1.329248216128873,-0.3403366750648887,-0.5395581828918903,-1.6249767464626752,-0.4393626695507429,-0.6543851507993425,-1.8881567284726053,-0.5141780793317994,-0.09644414826949738,-0.9006281843412248,-0.2678029037922805,-0.11928244049291845,-1.3415252697727325,-0.36378237434421334,-0.14551440822732217,-1.5891649000686734,-0.41764626921302583,-0.23258882656210986,-1.798499132180492,-0.45550626663010807,0.05824608840746639,-0.774341851744802,-0.3267683320840844,0.1590142664288021,-1.070677655960411,-0.3773827456953191,0.14328680510868594,-1.2589794366026021,-0.3725770585285631,0.06541658130617689,-1.429105083805208,-0.3682599871232871,F
0.0,0.0,0.0,-0.26989492227409,-0.09347100076274514,-0.08194277207412277,-0.5154856294753001,-0.2489297548987083,-0.1964635763501864,-0.7556336330926697,-0.3163868673368682,-0.3185821732099045,-0.954479068451854,-0.3920272789457484,-0.44245620965234644,-0.37994350516135944,-0.85769786906592,-0.14692243701969457,-0.6466750666121447,-0.8526058080327309,-0.3299160372435504,-0.8100038349252322,-0.6830447755260147,-0.494854703553646,-0.929470045234035,-0.5368060260053129,-0.5936198418147897,-0.25494006734321384,-0.9472081711105624,-0.1944279883258097,-0.4240712885262314,-1.3382423505858412,-0.33139591498860144,-0.5378406043291675,-1.6152341451400656,-0.43945254906182635,-0.6654723656454633,-1.8615571136375737,-0.5179679304596986,-0.10081488493258932,-0.8918862821883942,-0.2541021157355542,-0.10679754480817145,-1.303594213505016,-0.36660341833743215,-0.1379795387304852,-1.5599680931359157,-0.43639358333345946,-0.22988218682212877,-1.7827403790637057,-0.4832464741877135,0.03801244433647475,-0.7374389739388207,-0.3187795633623516,0.13105403261065007,-1.03131452305137,-0.3767106316964924,0.11930488149924261,-1.2237662989348441,-0.3763058140408592,0.04605867716796423,-1.3971183922849215,-0.377768309221551,F
0.0,0.0,0.0,-0.24487460398742456,-0.13556738979414573,-0.07455715007948503,-0.45758581420744243,-0.30550122273573754,-0.185867814115389,-0.6847528607764911,-0.3882544078189102,-0.31247737392708747,-0.8787594169806586,-0.47496819296550497,-0.44168038428249967,-0.2951999664651485,-0.8965939788818413,-0.11045044039836281,-0.5533286481815258,-0.9062872126594058,-0.3079154685839988,-0.7284343422060021,-0.7353577903974833,-0.49729514269342495,-0.8530989410816313,-0.5893899261764175,-0.6098113171588191,-0.19901576242310645,-0.9666273176828316,-0.16132065898837578,-0.32844361920809045,-1.366190760377389,-0.2945120721171331,-0.43826566684663776,-1.648945205000515,-0.40941695318640126,-0.5659888587158475,-1.8884431548148737,-0.4930246333424934,-0.06267717100167979,-0.9067097745299623,-0.2291598773880586,-0.04342059141606735,-1.3408370481440062,-0.3349300363953046,-0.07134178642932912,-1.593177261358134,-0.40353129807527544,-0.1648655807788918,-1.7965390935907253,-0.44822019767400606,0.061861799600708554,-0.758604460251504,-0.3047743357833516,0.18151076994609064,-1.0599710251806125,-0.3574451853311978,0.16284111097349047,-1.2482870858968733,-0.3558123454480119,0.08024717299724274,-1.401333123584914,-0.35464299328652416,F
0.0,0.0,0.0,-0.2612840542571765,-0.12275380367699212,-0.06599637392005435,-0.4916343767268689,-0.2774884182690462,-0.17844093959831175,-0.7276488065895694,-0.34643988998667613,-0.30227056211584463,-0.9249807085533817,-0.42172840219208063,-0.42812269226773636,-0.32932280831635685,-0.8860630977489217,-0.14387767674500676,-0.6081360346442395,-0.8679989299615635,-0.32972006725033903,-0.7849642042456892,-0.6997577098055523,-0.5055337713385755,-0.9190825777833903,-0.566280152402279,-0.6116624457129928,-0.23537771940155322,-0.9527132733723456,-0.1921841511401866,-0.3713739749212839,-1.3472170884831078,-0.3300728240497703,-0.4814844901723301,-1.623929137178936,-0.4434270529642183,-0.6135887660838433,-1.8501133270181385,-0.525269113702402,-0.09730790021360569,-0.8846536598440793,-0.24895574574826262,-0.07140030716778359,-1.3161901181798363,-0.3546884875332676,-0.10693610137938546,-1.587362951415025,-0.42098246288934765,-0.21348017718102866,-1.7973260234465522,-0.46401925596371996,0.023796747215397637,-0.7381163530590457,-0.3101420317716352,0.14532454387443022,-1.0329672663077207,-0.35986206630007195,0.11991281020802266,-1.223074772590896,-0.3540909134093577,0.029581508426420343,-1.3776946932132457,-0.34946915037554765,F
0.0,0.0,0.0,-0.242870095157225,-0.1260056836604816,-0.06507787005412925,-0.4618555604048293,-0.2767011842359831,-0.16518484085415577,-0.7058173971658386,-0.313160928816512,-0.27861225152677704,-0.8931708977309687,-0.3600689874588014,-0.3959908838132047,-0.3409106034059601,-0.8803748679801299,-0.1278779821929216,-0.5961682526548844,-0.8879353106006427,-0.3029285515078628,-0.7719831012508928,-0.6991220994408,-0.46117613936802504,-0.8931567939240502,-0.5463865600636394,-0.5528552291123731,-0.23350149101562173,-0.9556913358904502,-0.1792515667920601,-0.3513637969838582,-1.3663693278752322,-0.304912074817818,-0.48390850016759995,-1.6411788640742904,-0.400143452310376,-0.6322995991150806,-1.8540177432129379,-0.46682595062855686,-0.08749894863886466,-0.8997472154734728,-0.24204291836121147,-0.03705377553827279,-1.3374376740547966,-0.3457789582682612,-0.07806189758596066,-1.6059535702339003,-0.4060071267473792,-0.1945374851734888,-1.8136752406405752,-0.442129516287542,0.039882624887060895,-0.7517952061356938,-0.31079342914548436,0.181060796342791,-1.029637261350272,-0.3658354072398342,0.15684596356029368,-1.208550535851002,-0.3610010767584715,0.05129120098763639,-1.3420102485745835,-0.3558044589145599,F
0.0,0.0,0.0,-0.26590217731620774,-0.1207630382949385,-0.0753903190142779,-0.5113763322504092,-0.27888297489792996,-0.18703271883151432,-0.7666193498971801,-0.3384560563215869,-0.3120075768132925,-0.9600219589756781,-0.4268383466933905,-0.44163578333439285,-0.36030084288481706,-0.8753113778608487,-0.1373442053128876,-0.6230649846635137,-0.87975581993406,-0.3259482140296642,-0.8030733398819282,-0.698441189207129,-0.5042452887145533,-0.9328912082515242,-0.5543036874921294,-0.6104841929870315,-0.2568449887522425,-0.9480775864175143,-0.18756210141070925,-0.3718307764607412,-1.367321597540052,-0.31612438541350674,-0.5073538632225038,-1.629665273086056,-0.42498573325539196,-0.6634264018088242,-1.8373939358419618,-0.506176727673595,-0.11446292373169595,-0.8931250476020451,-0.2504211644407427,-0.0814978600825739,-1.333537286424457,-0.3498054471082969,-0.12007167335981762,-1.597100038888184,-0.41975172137282996,-0.23753505408607442,-1.803674090100778,-0.4687352185616276,0.005575599750629858,-0.7522794728518851,-0.3208244287654421,0.13423708770993323,-1.0460573559455264,-0.3684865823195905,0.11210476199193704,-1.2330011765412459,-0.36697200634568816,0.008143077416448768,-1.3825110548448605,-0.3697006474475345,F
0.0,0.0,0.0,-0.2783786127129576,-0.10815673735593767,-0.05447407487545094,-0.5087216363731626,-0.25266112648929223,-0.14976766663785865,-0.7606344045476652,-0.29916582802564556,-0.26065557966997194,-0.9541912129649156,-0.3791215073169822,-0.37694015648456386,-0.3669002816991571,-0.8561399670624058,-0.11384662646231036,-0.6386790498645568,-0.8536145636986284,-0.2780797121952894,-0.8226450598510645,-0.7110412905802297,-0.43502932902964964,-0.95270981760738,-0.6007497469370187,-0.5281020515503053,-0.2684821517262526,-0.9494468952519809,-0.16268966562389733,-0.4046624492565571,-1.346400074573273,-0.2731794798778419,-0.5225852260655981,-1.6154032131227598,-0.36082669203016876,-0.6614495752351384,-1.8193292168790727,-0.4240914029864196,-0.12956347879338675,-0.9161973191145701,-0.22175628446638718,-0.1267649626300225,-1.3303550790400034,-0.30296072689647713,-0.1638105905309645,-1.5837452692131089,-0.35645615613873566,-0.2716874762705657,-1.7751642833771686,-0.39221009273101715,-0.0022257167396497798,-0.8114221962920644,-0.28754132878041755,0.10951969483041214,-1.09494354336484,-0.32878841820349536,0.0807462187845541,-1.288862531395509,-0.32770855460624626,-0.018934295001524513,-1.4408022512058838,-0.3274908463236147,F
0.0,0.0,0.0,-0.2796588983576181,-0.02318591050678012,-0.08806288764330052,-0.5325484803695951,-0.15421235026606192,-0.1925640636957663,-0.7752790465017037,-0.21057243637621592,-0.3047928192273046,-0.9748506472762078,-0.2679955838144992,-0.4162794088399495,-0.4550737878010789,-0.7966164027337925,-0.13788594493061493,-0.7063568436263319,-0.7919151169589613,-0.3235829790109695,-0.8834768802926323,-0.6395230592212039,-0.4863749331978579,-1.0133085891489708,-0.5059697177014487,-0.5798610853994832,-0.31987719949604604,-0.9309335327034645,-0.17618551282899075,-0.48682759753789645,-1.3082914522905262,-0.30013520473575334,-0.6031164217851465,-1.5773779001720598,-0.3853566321491501,-0.7356177837288358,-1.7928795523241294,-0.4428151231635414,-0.15579461462874153,-0.9254388197098838,-0.2311232822907903,-0.1909951771198024,-1.324732051132983,-0.3331138759380775,-0.22450941169478242,-1.5618616112531976,-0.38371640169875365,-0.3058017350629342,-1.761108628165486,-0.4115517629211565,0.0066149535394578445,-0.8217954548720691,-0.29457154226113846,0.09532483781545531,-1.1248870130442485,-0.3589381614509404,0.08181454273758322,-1.3207536365696801,-0.36345227053189383,0.008414918593562899,-1.4920221802839524,-0.3598362751618165,F
0.0,0.0,0.0,-0.2747956961441194,-0.015181570317985555,-0.1090292935322423,-0.534354908713251,-0.16171718206845484,-0.22109340317494777,-0.7860123523357674,-0.23259903562725062,-0.33327900281815515,-0.9894136074106067,-0.3148079442889478,-0.4430052251889146,-0.4307304038268504,-0.7892824654905594,-0.16099736473387885,-0.6941393482263098,-0.8047377729735318,-0.34348936080508413,-0.8917602336047181,-0.6802975720893303,-0.5039975902102335,-1.037475845651032,-0.5628686652455125,-0.5978300919404905,-0.29494854257162495,-0.9380396086787779,-0.18189846009419544,-0.470719755503312,-1.303225140765587,-0.3064762311239879,-0.5848707044413374,-1.573227438934657,-0.3973844584173329,-0.7115394205050324,-1.80245080805016,-0.4611906654661569,-0.12776994690228866,-0.9395440150738636,-0.2176484732519291,-0.15635016059343088,-1.3245046975278214,-0.3168798378550711,-0.18579182998994975,-1.5684351251934858,-0.364018213163666,-0.26204242704228176,-1.7768302339538948,-0.39137308312640456,0.03766807072192783,-0.8392031443764996,-0.262256996086,0.11475097672185479,-1.1514211728230002,-0.32051801652224404,0.104644896522613,-1.346763636374291,-0.3152539972656389,0.04135625170441984,-1.5175149102288708,-0.30503668742619744,F
0.0,0.0,0.0,-0.2783102137608526,-0.011230267880444811,-0.10164568222970333,-0.5439031255862088,-0.1607704746482696,-0.21083879837390213,-0.8032878593647106,-0.23655856228354472,-0.3220301606071789,-1.0146932733046266,-0.32602038774434194,-0.4301714970000465,-0.43486994702628107,-0.7883414168299177,-0.14621247401064624,-0.7024649116427512,-0.8221130026955069,-0.327597241946545,-0.9015830287091364,-0.7102621914438743,-0.49021820654613607,-1.043908036480607,-0.5985024204767193,-0.5865861428261984,-0.2966337379467527,-0.9397221760532231,-0.17009014476310025,-0.48026827479992734,-1.3069538078397591,-0.28936291903745337,-0.5904156069258069,-1.5692890803027277,-0.3765403706559417,-0.710979742756461,-1.7917856371813163,-0.4390422828034884,-0.12435096287478693,-0.947103876189569,-0.2100216797642776,-0.16004349874285317,-1.3329097776215768,-0.3033613565254661,-0.18674298555219662,-1.576490110353399,-0.34741190341158573,-0.2612948487048684,-1.7856020784789965,-0.375077955945425,0.050392207941623725,-0.8556073644835742,-0.2589224939752552,0.12565482644198456,-1.1635479210851845,-0.31461303810662605,0.11484385677314779,-1.3576127253471764,-0.30995139086411533,0.046717642544054507,-1.5280257766049028,-0.30149599238682145,F
0.0,0.0,0.0,-0.28444410291873584,-0.01567814913535819,-0.10104047037263353,-0.5639147734708074,-0.16625616645302724,-0.209357182952692,-0.8281551548823951,-0.24986111060411376,-0.32030883598680404,-1.0371411743709444,-0.33989556735726434,-0.42719815297585406,-0.44839926943286496,-0.7760856400241674,-0.14678790420478052,-0.7264511651960168,-0.8130028503448142,-0.3447076360494462,-0.928059335193457,-0.7201832662760087,-0.5174957915440427,-1.070355218997337,-0.6254513077020725,-0.6182470325668357,-0.30752611803918334,-0.9350927418752387,-0.17615121576645043,-0.5136297565350798,-1.3247847870169336,-0.3076587861620022,-0.6378661061374183,-1.5957110829862198,-0.39922724287441824,-0.7675328311665255,-1.8209734363345573,-0.4615276628915229,-0.12833579645676865,-0.9567397624474273,-0.22378668635483956,-0.1924576305686296,-1.3599910073644055,-0.32953619219584507,-0.22877821326174294,-1.5923345183660196,-0.37556478744625765,-0.3065043380798503,-1.7999190208895863,-0.4005490235024894,0.05727936643702048,-0.8709816128045416,-0.28087811444039656,0.12153803043866704,-1.19187125544234,-0.34174879511126827,0.11161335433611455,-1.3874465183930786,-0.3389614943478618,0.04633167767342514,-1.5715274218114528,-0.33023085204882485,F
0.0,0.0,0.0,-0.2952285100001616,-0.02000310888187915,-0.11658259195162297,-0.590767926004728,-0.18878591036023246,-0.2249747930008305,-0.8570955809817331,-0.30841244889362734,-0.3295380276048347,-1.051047051372885,-0.43874540231074616,-0.4280024256902676,-0.4410909949475284,-0.7776334727350481,-0.16657962173626165,-0.71269130564167,-0.8596306607099574,-0.3421607982430972,-0.920443073596474,-0.7862218897409201,-0.49396853923876977,-1.0711270326184905,-0.7130010289943253,-0.5861015126282025,-0.2946049240137274,-0.9385787096627997,-0.1796606370760714,-0.4789814487311841,-1.3315282882723092,-0.3024436731292504,-0.5879358692815946,-1.599039909056452,-0.391420411810399,-0.7026151455861909,-1.8320428030321543,-0.4553642894213325,-0.11496846750882023,-0.9596643391128475,-0.20805730466235092,-0.16095844320562253,-1.3430268170167905,-0.3043940629730286,-0.19335633374958394,-1.5757523134543279,-0.3538473357643337,-0.2708926250277332,-1.777107840826964,-0.3849895786645543,0.07333413250306013,-0.8778934318393691,-0.2464169919533943,0.14054028926249537,-1.1845655429805289,-0.3046120651122119,0.13070745980450418,-1.3794436867203972,-0.3083498031155057,0.06365649323577144,-1.550535287225544,-0.3070944511347023,F
0.0,0.0,0.0,-0.2985788097299039,-0.031077357555953818,-0.10461161575503426,-0.5900915013716093,-0.20614939591119508,-0.20352825583506978,-0.8484172366319206,-0.33307648054949995,-0.30308211294009235,-1.042028390679281,-0.4720472223870084,-0.39822813064468177,-0.4263325015274383,-0.7812789953314887,-0.14168656075432998,-0.6990032745237971,-0.8702399389586833,-0.3040528004213604,-0.9087168037129547,-0.8247540285834346,-0.4430837709571736,-1.0612977996748858,-0.7770862189140082,-0.5264785871839874,-0.2836782102462307,-0.9449701199381321,-0.1629667004501459,-0.4733738806729518,-1.3486281272078398,-0.27418538567818995,-0.5854145525982267,-1.6234590638039044,-0.34890655350289507,-0.7028556660612312,-1.8507393292037446,-0.4004439675576234,-0.10422460730086483,-0.9703993206239988,-0.200734600864594,-0.15708113071770793,-1.345945005402216,-0.2912106818349606,-0.18434283266296242,-1.5669685144867547,-0.33023660064390215,-0.25866205283226046,-1.7566949663011562,-0.35168982870310656,0.08711588252040242,-0.8943548459752225,-0.24913599022244864,0.15187419543001543,-1.1979975519016532,-0.30731338236140565,0.14130453068527163,-1.3860331749323118,-0.30745658414489524,0.06678480849600935,-1.5512503535370603,-0.3011501741323419,F
0.0,0.0,0.0,-0.28893040513522866,-0.05582975913591561,-0.08487359349623377,-0.5850373064561478,-0.2328741201053025,-0.17825262274574455,-0.8458945782440384,-0.3711886436609127,-0.28145903814934864,-1.0490194764017255,-0.5216869727745731,-0.3813317114605696,-0.4217630544468551,-0.7879852865153472,-0.1062054367372821,-0.7042298094086236,-0.8765949600889097,-0.28010043944041674,-0.9118917415859994,-0.8748329173874794,-0.43179122207853243,-1.0662192686032996,-0.8533502206058547,-0.5196403737650916,-0.2842072845795959,-0.9491614398460153,-0.13534688951480056,-0.46182388702393623,-1.3548710842175336,-0.2353294367256099,-0.5758523985568074,-1.6343381556545244,-0.3026328240775336,-0.7003794258655758,-1.8671355228405497,-0.3490596302247454,-0.10672585109889755,-0.9881003176337965,-0.18353022092875912,-0.16664768033809393,-1.363843841023018,-0.26204991447615295,-0.20411397609270926,-1.5824204378035505,-0.28780464469055844,-0.2854706952610793,-1.7755509532677611,-0.3002015181862101,0.07845798668887072,-0.9279397815765404,-0.24407835267948189,0.16706124235621378,-1.1938552475646733,-0.29204115042819606,0.15523395803753717,-1.3650739833743029,-0.2841656918641377,0.07153018436918343,-1.5250002167243162,-0.2705360400914327,F
0.0,0.0,0.0,-0.30715132153335406,-0.03349941469054106,-0.08619509104783206,-0.5906788178732185,-0.23468908832018281,-0.16849016161278746,-0.8469994239217524,-0.3734874721286208,-0.25788226077916276,-1.0509954124333578,-0.49935005063306703,-0.34080875712076114,-0.43830672239958934,-0.7818930237951555,-0.10117381644311751,-0.72807069306387,-0.8723732205008479,-0.2641120327499693,-0.9423541372727737,-0.8365994738187708,-0.40497820763834064,-1.0991726529822536,-0.7954436057694585,-0.4860708381828518,-0.3020571385339369,-0.9448879554839613,-0.1262863280091295,-0.47996842101838166,-1.3500227585889941,-0.22842444745191795,-0.5846413114579198,-1.635990108770813,-0.29259199239837314,-0.7062325851419042,-1.8732365392491663,-0.3322741968751042,-0.12951247001033622,-0.9757445401531346,-0.17000364505093177,-0.17083241430438628,-1.3584591819217493,-0.25141759431261074,-0.20342195163774485,-1.5794837482562651,-0.2754667232682411,-0.2939610896295926,-1.7624149621756284,-0.28163702827809944,0.05047687063984095,-0.9159967374467898,-0.2252368212170454,0.14201893042721672,-1.1982051186031895,-0.2784623796396769,0.12611805645380172,-1.3761043762767462,-0.27249810629396576,0.03320661383088878,-1.531469926858616,-0.2565799343343965,F
0.0,0.0,0.0,-0.2863709897551237,-0.07028760430299251,-0.08616967228110888,-0.56566561064276,-0.2817389541838325,-0.17228516066496521,-0.8223935170155449,-0.42950219603812706,-0.2662062027443099,-1.0236497775574656,-0.5556903030792706,-0.3548646503466003,-0.3933481596648401,-0.8031624802955697,-0.09406316167649462,-0.668221790660939,-0.8867353871493389,-0.27339144438309887,-0.8745476140921838,-0.8671618035199594,-0.43098484652704655,-1.032163661115713,-0.831747510827154,-0.5223860833257452,-0.2576105804607188,-0.958668004836631,-0.12079919427398937,-0.4251585173090765,-1.3428721654107374,-0.23908620888911178,-0.5388955860940444,-1.6242627267264047,-0.3215903726697859,-0.6648126114295098,-1.8557170426233502,-0.37658182882065006,-0.09556513587462565,-0.9900238884509213,-0.16807477307990482,-0.11873556058014537,-1.3555324101686297,-0.26082698467422644,-0.15943926362263475,-1.5656917374784278,-0.29581573754870466,-0.2482650600050661,-1.7535262021852493,-0.3104980271884959,0.06756128560275551,-0.9230106779032127,-0.22649435856447298,0.15554848248521272,-1.202779215560044,-0.2794573327103084,0.1421213004858621,-1.3834109335942595,-0.2774020512538825,0.058956559786462755,-1.555628806218458,-0.26768569010527304,F
0.0,0.0,0.0,-0.3103795049951452,-0.07584383121318791,-0.07935395952982471,-0.5825715735602848,-0.28825332115596103,-0.16139587013792847,-0.833249562365133,-0.4429726909694836,-0.2549717981784605,-1.0259124920060574,-0.5797015774534402,-0.34683440347586875,-0.39838421749284036,-0.7998362620279332,-0.06841525725740234,-0.6500839996325385,-0.9256104155576153,-0.24580609104215706,-0.839416648821257,-0.9103760549184152,-0.4050577365670872,-0.980072444907741,-0.8718818771425682,-0.4985028342538199,-0.2617472844819967,-0.9600028066984855,-0.09941312889820388,-0.41946244881947864,-1.334939164270082,-0.21223425023407283,-0.5466031522775446,-1.605876488404131,-0.29752045893791734,-0.6773296965338181,-1.8335276456338927,-0.3576299755835033,-0.09312701725069092,-0.9994880692092787,-0.15317435766904097,-0.13206104143728295,-1.352298518664249,-0.24280526458151305,-0.17430959542495156,-1.5600678736774334,-0.2885894089311827,-0.2603437877308327,-1.7371260783530438,-0.31601792712111576,0.08155004741351485,-0.9409105360269125,-0.21852925472447662,0.17402325754840642,-1.2102783784298454,-0.2701086219627469,0.15678411818955348,-1.3781743914317677,-0.27634107189779084,0.0695642499533756,-1.5218510727949945,-0.27776741915595404,F
0.0,0.0,0.0,-0.30899191108244173,-0.05627706560753139,-0.10771194718766483,-0.5940080667786201,-0.27911947735588416,-0.1888100656931266,-0.8541849852614568,-0.4504497558317813,-0.2738511455877846,-1.0544148149104495,-0.5898473705417085,-0.35416818834597386,-0.4353394828984343,-0.7836122208037754,-0.08044189104439493,-0.7032546817399254,-0.9354063183294734,-0.24001817316762525,-0.9128504830875528,-0.9631780083677864,-0.38091892055917975,-1.0706204131886776,-0.9600884264082177,-0.4639231316665558,-0.27805717340970854,-0.95614375671662,-0.0920506643497605,-0.435064767060463,-1.3385781721732486,-0.1962178892603223,-0.5493724316685565,-1.6097562806311698,-0.2727409918311947,-0.6723445366845057,-1.8349513282919274,-0.32432142251336815,-0.09818226115529331,-1.006126083509544,-0.12722303256857453,-0.1259957135507929,-1.3376707080630204,-0.21352597561329809,-0.16846664335579128,-1.5493766530978936,-0.25397626983962196,-0.26041230000764404,-1.7270773559892127,-0.27325197369572435,0.08392846340770242,-0.9634739522477829,-0.175609848276402,0.15726371760878224,-1.2302192847929028,-0.22486171536833643,0.13862938158121635,-1.4010171972737009,-0.22613133958768813,0.05083963445091659,-1.54127669823892,-0.22064697780875323,F
0.0,0.0,0.0,-0.3071978514586259,-0.062027538226054404,-0.11656645397223898,-0.6079070180350589,-0.27817321392586053,-0.19813620776430213,-0.869042097244472,-0.46270400583680643,-0.28200241407145876,-1.0588164381180143,-0.6334326918845266,-0.3592452095776623,-0.4395503113346513,-0.7788053576387337,-0.07952617909955335,-0.7150329523168424,-0.934415572773619,-0.24802275487054198,-0.9239818086282673,-0.9733844591250029,-0.3873277696505236,-1.0808857025814422,-0.977081469380472,-0.46495145782154457,-0.28279105971967206,-0.9547043908032709,-0.09256750360456134,-0.45214645377708074,-1.3633126553338493,-0.20582435667338075,-0.5695041602005108,-1.6345869299521327,-0.2799250210741611,-0.6898145994022064,-1.859792795990441,-0.32195929636492837,-0.09911107193734311,-1.012103656023603,-0.13265345787249486,-0.15504263662708986,-1.3445971485824473,-0.23737246755623762,-0.2023962695292108,-1.5627876850829305,-0.2813333639964026,-0.2948776074070265,-1.755524622313573,-0.294320984837363,0.09330846941722963,-0.9729184754792036,-0.18593536585720205,0.13682545196923768,-1.237967070499505,-0.24619309622379493,0.10940752097449061,-1.4129680248111536,-0.24775259849167633,0.014680668920848582,-1.5542518848677553,-0.2375511040143453,F
0.0,0.0,0.0,-0.29790032315568754,-0.06059095626410419,-0.11715623072602042,-0.6042199166639742,-0.29409805887126395,-0.1884635482135285,-0.8576773501433117,-0.49717263541678935,-0.26069569279776844,-1.0348810028944806,-0.6918712449485767,-0.32441796651941374,-0.46057383626556025,-0.7737639089658936,-0.05610569483496125,-0.7122603875198882,-0.9348463472782097,-0.21877078690699814,-0.8990914533838431,-0.9856976552451328,-0.3498220028235066,-1.04869218474646,-1.00167407202029,-0.42185663115804345,-0.30788238857434214,-0.9489470564774566,-0.06861427554473266,-0.486040346303426,-1.3528966446828103,-0.1872565271253843,-0.6025643287289307,-1.6114215885107508,-0.261689001371714,-0.7179588893776099,-1.8344025127883548,-0.30078124348383084,-0.1258117668397823,-1.002835444455302,-0.11004226372555043,-0.18926577399787892,-1.3289503741535007,-0.22889195665398002,-0.24370384925677716,-1.530184320866997,-0.2763244082347157,-0.33725442470468486,-1.7124612622772921,-0.28596191639588625,0.0680644191542635,-0.9576021498795206,-0.16387496748448752,0.09562614458779221,-1.2185912372349907,-0.23005643917965593,0.06864864033820715,-1.3833189737258746,-0.23380892501842643,-0.018860949388270647,-1.51598470058762,-0.22419055326210582,F
0.0,0.0,0.0,-0.3139532770281602,-0.04730298319664073,-0.11723718386450586,-0.6244819567552573,-0.2656316092495815,-0.19654791028928673,-0.872322240455293,-0.4713876967835082,-0.27879304176762093,-1.0399304978174817,-0.6885895285503012,-0.3516145826122981,-0.4853438238362012,-0.7702630400776352,-0.0561985687152134,-0.7346596297585332,-0.9446768841999154,-0.21809702536106879,-0.9160340807903328,-0.9748242592597957,-0.3462066035993991,-1.053365689768031,-0.9681055511834489,-0.41590706648558373,-0.3333360529117486,-0.9401794126646793,-0.07035444428544947,-0.5223775983340705,-1.3389053910075677,-0.18798749543766843,-0.6476243082628036,-1.5972617024442903,-0.25859920720223084,-0.7656964834758063,-1.825955514888518,-0.29468154553298476,-0.14766558913890468,-0.9898598657530284,-0.11400931050307035,-0.23213418136049357,-1.3223757946742372,-0.22659620725366292,-0.29308675611434937,-1.5284002692668694,-0.26485428708167363,-0.386104102976317,-1.7191746703595383,-0.2709058524649432,0.052217391533773486,-0.9397307978322472,-0.17085947077749647,0.0642483031306986,-1.1979506915374731,-0.23261289310331115,0.03275831877664044,-1.3568110944673655,-0.23017633020464145,-0.046880654389546424,-1.4902629535052665,-0.21680382031451303,F
0.0,0.0,0.0,-0.2957306529448661,-0.05533167421098752,-0.114005320233971,-0.6001489944308155,-0.27101538142073456,-0.19082973220302493,-0.8381275996961759,-0.4856592713498648,-0.2725920732205613,-0.9967309809260168,-0.7106148474443509,-0.34540037716637334,-0.4871900585243597,-0.7743584021894417,-0.04086557205797376,-0.717631867216577,-0.9464367580241565,-0.20038375386545887,-0.8852603799099988,-0.9751807776731883,-0.3280139255753224,-1.0166635807650597,-0.9688441810003996,-0.3978040632917899,-0.3441081947733643,-0.9371303472188492,-0.058105616004784234,-0.5297053618106207,-1.3327972364977756,-0.1737958191447962,-0.6551719667066485,-1.5902871488266987,-0.24737233474484865,-0.7720193077057721,-1.8268851979041576,-0.28697268556537137,-0.1637438650234112,-0.9848068990028388,-0.10635060980507141,-0.2598711294981713,-1.3074745808970876,-0.22214107680230527,-0.32319635785409057,-1.5082619530223955,-0.27010322566809225,-0.41514141315226566,-1.7023278892911797,-0.28374166463847955,0.03447217753013205,-0.9411328593048446,-0.16773776614636063,0.04372993959998252,-1.198260674745063,-0.23439820150829013,0.015169704062676372,-1.3514186276688365,-0.2409317497520287,-0.06313814825940658,-1.4849412126616626,-0.2355395351203479,F
0.0,0.0,0.0,-0.28180414032865886,-0.06284114387878842,-0.11749684728855644,-0.5714208115860051,-0.2639423463134197,-0.2000357187286889,-0.8010078369002639,-0.4794929154396492,-0.2869783569999148,-0.9487938863405893,-0.724992096930972,-0.36372674217859896,-0.47236384469841936,-0.7778297640408897,-0.04326660938468129,-0.6907030186015093,-0.943648825239043,-0.20900974080443244,-0.8473317269918504,-0.9621216165019925,-0.3403407070947994,-0.9695570836380124,-0.951312454445524,-0.4114441010141761,-0.3394293633285375,-0.9387852153255951,-0.05890693334794978,-0.5258211020064244,-1.335543024233524,-0.17715657152739622,-0.6386857858731201,-1.5856019843033187,-0.250137316693063,-0.7402867790842952,-1.8182249502870091,-0.2893401358237148,-0.16366582173723684,-0.9788313139017445,-0.10633016398887891,-0.2614087084820773,-1.2880925598716002,-0.22243536006098985,-0.32116716347632285,-1.4772471886017113,-0.26800558748433273,-0.4107150688741989,-1.663914799462601,-0.2808218286871875,0.03435705241453542,-0.9240693389193155,-0.16760215657384903,0.04360652985106184,-1.1691064248851346,-0.235561428426136,0.012082970760132934,-1.3133581425341556,-0.24227082331853722,-0.06925456293189426,-1.4419765901343968,-0.23729661123223156,F
0.0,0.0,0.0,-0.2665268570339265,-0.06565824376817227,-0.12030591541338498,-0.538069446486238,-0.2658740967204271,-0.2072386055523849,-0.7575487309570331,-0.46883074981185774,-0.29888799088906837,-0.8922357272243306,-0.696613611462159,-0.3806753446419897,-0.46605128226850273,-0.7811448946874471,-0.05879883669208995,-0.6786921371630172,-0.9536994251769747,-0.2358597657667685,-0.8229573716738692,-0.9491102735444383,-0.37644674796332617,-0.9244457988395864,-0.9175875398252653,-0.45125912786895916,-0.336907233603495,-0.9388513898401399,-0.07107449430616916,-0.515218869626151,-1.3337374215946292,-0.1892146223536222,-0.6255230931427611,-1.593003543989004,-0.2622312917271931,-0.7240005440759992,-1.8307759188212207,-0.3010169599142005,-0.1606227858185282,-0.9779436397293534,-0.11459351132046451,-0.2677207131379591,-1.2859509545965095,-0.22231529909662545,-0.3287526250772688,-1.4726417675312018,-0.2592472401535535,-0.41198012275138657,-1.6515003242418154,-0.26640151549762464,0.036002575574510566,-0.9265623434824463,-0.17339220251331844,0.03000826038882133,-1.1699859842222495,-0.23530545551479104,0.0019093270153354234,-1.3076633217130653,-0.2353832550756035,-0.0630055606942894,-1.4291574210499804,-0.22368639629489448,F
0.0,0.0,0.0,-0.26156832308957667,-0.0604790646450106,-0.12277778819045106,-0.5211675661280996,-0.2675580013987219,-0.20528962172403,-0.7324821356070159,-0.47622809388599596,-0.2907026280924453,-0.844362383738591,-0.7241971009306649,-0.3644627714279585,-0.47053154281522014,-0.7819516093511877,-0.045274080392490895,-0.653023920316072,-0.9632894802067212,-0.2076802506513983,-0.7768174752180711,-0.9793629341619317,-0.33725380353018286,-0.868362812668561,-0.9673207556958586,-0.4083568992968048,-0.3488901948921,-0.9352469744027184,-0.05990599952186399,-0.5335476913721655,-1.337111195822163,-0.17560002887732187,-0.6482547985001116,-1.6022621644661683,-0.2538745303298824,-0.7484918986374981,-1.8456993077010284,-0.2974932849608196,-0.1778450506111263,-0.9761941554643877,-0.1058479830591912,-0.3004269880970954,-1.3029115902431359,-0.2197652001185803,-0.37219412072708813,-1.4927261272415273,-0.27315636806058674,-0.46166385412376226,-1.6795836299324802,-0.29324250546599095,0.020231862986105634,-0.9268174246456974,-0.16583976712426002,0.004250779494828635,-1.1645046927314762,-0.2372768833033885,-0.027462334865883366,-1.2960843079891964,-0.25109134245002823,-0.0925144823986946,-1.4149802418411341,-0.25107189685337017,F
0.0,0.0,0.0,-0.2543122007750905,-0.0627057579541649,-0.11472437931550841,-0.5053175796383169,-0.26963402195069924,-0.19442921490237605,-0.7140341717451838,-0.4793226810962387,-0.2802141157058115,-0.8054411582283773,-0.7222143536394514,-0.3534784311831842,-0.4630527535787772,-0.787513150490988,-0.03132840798319423,-0.6334016348073127,-0.9796604906831987,-0.1979616513498719,-0.7442573345860565,-0.9766896100282846,-0.3345597100699819,-0.8204626720038449,-0.951416235648902,-0.4093776002665377,-0.3444073698262439,-0.9375252981372223,-0.04929380247131835,-0.5325012973687604,-1.347281966591377,-0.1653635380309505,-0.6518419099551717,-1.6245405280208616,-0.248705261808085,-0.7584367834625197,-1.8755287043325253,-0.2955756256253832,-0.17288195694617375,-0.9792144530962462,-0.0983617653717912,-0.2968569369236324,-1.3090446264788187,-0.20649525352223097,-0.3690104590715146,-1.5031314314843789,-0.2565682562984904,-0.45929682219575285,-1.6881078880575917,-0.2736045267692374,0.025705281298979834,-0.9359926736683355,-0.16163003140264212,-0.0021021518009873277,-1.1847391117606156,-0.2209573464646413,-0.03623987812536793,-1.3212793269010954,-0.22593086523163558,-0.09647657842878234,-1.440022273696064,-0.21938114731826883,F
0.0,0.0,0.0,-0.24328950783959225,-0.06856945929107973,-0.10667501694671444,-0.4858551073940552,-0.25621731834200595,-0.19762357734787128,-0.6944103764534512,-0.4431228554806001,-0.29581076928592887,-0.7915965380257401,-0.6806326506875989,-0.38315204896909466,-0.4111975974776138,-0.8064358755926108,-0.05287826617439985,-0.5859943092975523,-0.9878054098704131,-0.23454184682255005,-0.6997102516242307,-0.9738108124952836,-0.38154446710398837,-0.7713284298976704,-0.9243132976671197,-0.460414304856451,-0.29737839441799424,-0.9516110787684898,-0.07747544964985291,-0.477290363734666,-1.3711391576483019,-0.20091788657866716,-0.5864274507635839,-1.6629027798002478,-0.2826013085151404,-0.6806581649945728,-1.929917223311346,-0.32801072731564956,-0.13189259938592401,-0.9798585457016065,-0.13170712458004843,-0.23744817574864704,-1.3384977539677325,-0.23846447595020193,-0.29547613434239095,-1.5644939774517947,-0.28536591004378153,-0.37516429535083645,-1.7745870250836329,-0.30278390760969653,0.058445574844683025,-0.9142487460194876,-0.19962741324935138,0.05660132371229379,-1.1715225010908143,-0.25726812905075297,0.025183102385159493,-1.326682222828771,-0.2613378114512049,-0.03783603233508187,-1.4638793910551535,-0.255520669811683,F
0.0,0.0,0.0,-0.25304313004913853,-0.04749746326643554,-0.1085445796193932,-0.5037414901061541,-0.22121873720683324,-0.20358521472244384,-0.7158260997617497,-0.3982338807183988,-0.3045325729978204,-0.8147399008194275,-0.6204859578301315,-0.39539498959737734,-0.44528744359340744,-0.7885252582067627,-0.06574962163951686,-0.6495868633652326,-0.9316512712063013,-0.25429019819145243,-0.749538252759229,-0.8875232995902951,-0.4038290970344889,-0.790342008865359,-0.7984914713973854,-0.4817502149583873,-0.3226499159560076,-0.9422633673563944,-0.08964808013432203,-0.5203215399464018,-1.356061497962715,-0.21205191369772824,-0.6324820715528386,-1.6409952356924207,-0.2869156631237829,-0.7254275547690971,-1.891956512962406,-0.32783036398183085,-0.14940058205440343,-0.9678034804434482,-0.14353483527690958,-0.24764640830923126,-1.3263838375165213,-0.2481195488036947,-0.3044268156103305,-1.5502622748673938,-0.2874986086063719,-0.38105710833938844,-1.7568942655639812,-0.3011267572587571,0.042868372392096704,-0.892327547222859,-0.21103603788055547,0.04599351854404572,-1.16589855166258,-0.2670731517589304,0.015241429791941508,-1.3311782530649439,-0.266224133085746,-0.0441256653246644,-1.4856999550439045,-0.25733073986628235,F
0.0,0.0,0.0,-0.27263920469794234,-0.030571874183898874,-0.09424033388495802,-0.545525640240375,-0.16842287854374682,-0.18609549392647093,-0.7648607716048337,-0.28800111638003434,-0.2835363534760967,-0.8998048076121479,-0.4658681630350663,-0.37167615546666133,-0.4817358197611105,-0.7636582167060756,-0.08040864886426659,-0.7103367168576912,-0.8413689390669393,-0.2737800125439288,-0.8396874684349394,-0.743107090072514,-0.4315949075963684,-0.9077452806175421,-0.6286749396975821,-0.5170085256551675,-0.36559900519118144,-0.9235585264985008,-0.11565904865221949,-0.585262858297148,-1.3032336423874473,-0.24373317480671844,-0.7190821945550085,-1.574344140542645,-0.3269759850682533,-0.8370681002635723,-1.8177453516702557,-0.3776016093300321,-0.1955097004887302,-0.960959964705528,-0.1777384457240532,-0.2983108431882571,-1.3381504231444081,-0.29227640889449713,-0.3649646299005522,-1.565050041052483,-0.34477381637546467,-0.45810471333211633,-1.767673081941879,-0.36846770213781516,0.0005049928202874887,-0.8936973783072062,-0.2501327959914472,0.009678360412252618,-1.191965971599625,-0.3188892672453651,-0.03613506966737381,-1.362526795169281,-0.3240661018490185,-0.12723311659028788,-1.5135804531814763,-0.31891130113021254,F
0.0,0.0,0.0,-0.2626030489014804,-0.035092976046228005,-0.09211150325712059,-0.5205832901885187,-0.16414777588522036,-0.18576397780186524,-0.7357680905405044,-0.2688739225277089,-0.2857604739437848,-0.8739899128650442,-0.42648972640652494,-0.3793733309144611,-0.4777468606935441,-0.7647406096941625,-0.08455900855227659,-0.7058779039642505,-0.8271913812582232,-0.2784959411076434,-0.8145717933460978,-0.709072630039882,-0.44315795420105925,-0.8670261194857616,-0.5836737089124627,-0.5337720655653336,-0.3547924621826338,-0.9273240515493331,-0.11913191090767498,-0.5732476983661924,-1.3019049631702628,-0.24683331268295913,-0.7072891889678027,-1.565174295528212,-0.33928639396348836,-0.8319870427690946,-1.7933137997401867,-0.399473299675528,-0.18110550774333886,-0.9616937738012191,-0.17772964032599653,-0.27765700630059276,-1.3304955491677062,-0.2844239585915888,-0.34634530911492095,-1.5507569769543097,-0.34003722415900106,-0.4416420814189057,-1.7491783964027918,-0.37023667380702097,0.011213316799695195,-0.8878910513479412,-0.24634832839577833,0.0211242753804627,-1.1757019392541601,-0.30106512589899487,-0.024441716441303912,-1.3423303377719675,-0.30071315074223365,-0.10903232703257917,-1.4956430949426442,-0.29576998682191824,F
0.0,0.0,0.0,-0.25304340321336455,-0.0493024501040787,-0.10735756557802559,-0.5010821940173944,-0.19101300707622626,-0.20727987837932596,-0.7077140695316025,-0.31444035371932766,-0.3145509167912706,-0.8175561384675868,-0.49261053231817065,-0.4132513176241204,-0.4636895505774174,-0.7766140194210578,-0.08028671324463582,-0.6547197042871248,-0.907259976283771,-0.2681074841062439,-0.7542877553931092,-0.8129521449019438,-0.42412525329304196,-0.800741169868341,-0.6901892303062371,-0.5095847787998388,-0.33801256562158877,-0.934847929747318,-0.10865934717761119,-0.5286226268110079,-1.3149011012418104,-0.2289740593210813,-0.6512455513919364,-1.5848835411952522,-0.31923448910765906,-0.7635687381926434,-1.8173668448672038,-0.3803406510811749,-0.16311396469094974,-0.9742518732946341,-0.16417189457222053,-0.2681588954827212,-1.3308102376894375,-0.26433546969229726,-0.3306985466342497,-1.551066277025979,-0.3200599770338231,-0.41400522045052274,-1.745774322379417,-0.35325053174936005,0.030259643911817496,-0.9085258877384937,-0.23259541300280656,0.026824193417915133,-1.1831265284681771,-0.2814719989072913,-0.01086410697365829,-1.3398489630530737,-0.2838977270220723,-0.07875522243465453,-1.475945283557655,-0.2839061166248827,F
0.0,0.0,0.0,-0.2529099007243116,-0.059655087097227756,-0.10612350793534214,-0.4920662909017551,-0.20766038596602976,-0.20541620814520467,-0.6951759513278779,-0.3395538351863607,-0.312573929484123,-0.7890373580357981,-0.5240111995150724,-0.4102853217158109,-0.44360370739549787,-0.7878740984010946,-0.08042912347004591,-0.6383212542318375,-0.9278063386898632,-0.2685002493134606,-0.7345899536293545,-0.8322505259175064,-0.4210583236536668,-0.773608900475721,-0.7022603921983758,-0.5023373732154864,-0.32040172295553243,-0.9411499853212529,-0.10760781131930773,-0.5063477658951366,-1.3262323707174601,-0.22517022003841333,-0.6236650395223631,-1.5973276115017068,-0.30957506327961315,-0.7299192917988627,-1.8292954120501954,-0.36605661165117054,-0.1482028265963571,-0.9766989794666463,-0.16234390421294867,-0.2540705902956454,-1.3324383394514088,-0.2581740100580335,-0.315434402381798,-1.5565689765220094,-0.30928770571808933,-0.3956521993478963,-1.7524584722549215,-0.33984722779118104,0.04023935979505274,-0.9107545801519105,-0.23049230114514063,0.04642586947777368,-1.181396571903319,-0.2761427304910957,0.018694396183085854,-1.3455283453050053,-0.2787799520643011,-0.03758680962960677,-1.490200027215397,-0.27930546883141494,F
0.0,0.0,0.0,-0.24704399494052817,-0.05721347112265352,-0.11705730275874976,-0.4968305460780459,-0.2118611043486219,-0.22096769276775718,-0.6920566703663522,-0.37280936178102747,-0.3331179772355761,-0.7573523377284278,-0.5794287568362156,-0.434325754041141,-0.43383148477655886,-0.8005640640631462,-0.0792823656884675,-0.615912851185361,-0.9812925995056921,-0.25823951990052796,-0.6953454597676176,-0.8988823266450952,-0.40098095303837367,-0.721716192430979,-0.770949855088448,-0.47778240010304857,-0.30445122285481624,-0.9471139014613564,-0.10141356201640422,-0.49221158225548867,-1.356750796147436,-0.2177138012550809,-0.6050263194268882,-1.6343893599058306,-0.31076209576551905,-0.7016499219680105,-1.871214448326793,-0.3754961469959318,-0.1298851438363022,-0.9792979569050376,-0.15089876803579247,-0.2593590032880613,-1.3467416793297393,-0.2511785086173997,-0.3309153054356807,-1.5806516875350904,-0.3155195059345589,-0.40559276331308114,-1.788349868407472,-0.35593516081785703,0.06504879768634436,-0.9206728468442261,-0.21356949514468215,0.04644963136450658,-1.210916930331349,-0.2649780777882491,0.010455190760354635,-1.3801558737393507,-0.278109526495165,-0.039649696525058425,-1.5387780592220885,-0.28746528674503224,F
0.0,0.0,0.0,-0.24353909709230412,-0.03775623798215324,-0.13276870178155853,-0.5090103371751769,-0.18164457894877836,-0.24650981188279045,-0.7029664563933749,-0.3398620210561778,-0.3640972506544588,-0.7432416267024347,-0.549901848822627,-0.4683966437859053,-0.4469551181116165,-0.7901371353934508,-0.10882949133003111,-0.620825549195024,-0.9847603368480518,-0.29794293777930225,-0.6836404686911065,-0.8862910086692625,-0.4445228585840463,-0.6945303646103872,-0.7481498772648688,-0.5227573589252791,-0.31482145211596946,-0.9406469708637591,-0.12677038097452656,-0.50970323946348,-1.3686583921907916,-0.25850150786502274,-0.6205706885832344,-1.6635229995155316,-0.36140994204383087,-0.7106657132624387,-1.9227477781371203,-0.4309080800980144,-0.1370253454799961,-0.9646364966962746,-0.1717603923154632,-0.2649656295143224,-1.348905024823491,-0.29341929037800624,-0.3392518457003307,-1.5883651960054344,-0.3713936954451862,-0.4143352720459994,-1.7978050608246239,-0.41586472053148243,0.06587221917380069,-0.8988186152436367,-0.2289200299838464,0.06353788094928411,-1.2031006047815362,-0.29662871640628485,0.03715081557118325,-1.3824766802152446,-0.31866304771171167,-0.006501257844088934,-1.5488253833436476,-0.3317214747311806,F
0.0,0.0,0.0,-0.23851529588563272,-0.04088714182747216,-0.12940415117689716,-0.49295584327045794,-0.17922064209318486,-0.2457031810197215,-0.6861658456015698,-0.34469791834615754,-0.36555548643125774,-0.7195592644521492,-0.5565003773354176,-0.4722121418917585,-0.4451169869774292,-0.7887307600452326,-0.10760729043652516,-0.6069138381851339,-0.9644339900647322,-0.29816552638637944,-0.6527347195805377,-0.8534326733828608,-0.4467947835734451,-0.6460033483763336,-0.7059117056062504,-0.5259196254813646,-0.3130813537113971,-0.9414087605318089,-0.12541774815472714,-0.5065676187811313,-1.3609029556525827,-0.2567716303281091,-0.6173233258323334,-1.6516558929503393,-0.3560440130041832,-0.7060244423505628,-1.913904261476814,-0.42175895384460094,-0.13347414899323184,-0.9620054687296281,-0.16964635930837932,-0.2553544973734152,-1.3340610935403074,-0.2861084662506272,-0.32316353285861316,-1.5693719212158754,-0.35568201134226973,-0.38920853969617325,-1.782149315770427,-0.39489253076925873,0.07201017859862126,-0.8899003809264662,-0.22597477981972758,0.0770306190074576,-1.1830488778491013,-0.28742873023919663,0.0537973587586357,-1.3585525420277018,-0.30267547711768483,0.019057768271760898,-1.527804575379915,-0.3109558563189695,F
0.0,0.0,0.0,-0.2346599838981019,-0.054219606798072924,-0.11710444030515695,-0.4730564087115482,-0.20377303019912762,-0.21676340058230445,-0.6358591613571777,-0.376471818323102,-0.323900402258041,-0.6387562075313701,-0.5906103652934861,-0.4144679754559985,-0.4469557695305905,-0.7923697303605738,-0.06884204697314682,-0.5853099530053255,-0.9865778196736998,-0.2420049992780745,-0.5889117882774942,-0.8650739184689833,-0.37858936431377915,-0.5486117661644535,-0.717225499881488,-0.45188160137316924,-0.31053395845395504,-0.9464373581826259,-0.08845896044612542,-0.4913040437586167,-1.3649544086759355,-0.2002998574659233,-0.5826085135335758,-1.6535011402863173,-0.2926950205089886,-0.6546011066407025,-1.9067522052779802,-0.35716986323770117,-0.13229163605147737,-0.9736641222903394,-0.1355706756099367,-0.2615064996673686,-1.342656252879446,-0.23538191009636733,-0.3286628682988966,-1.5742896263700366,-0.3001857048182341,-0.3968476845412056,-1.7820528694531736,-0.3388336254123999,0.07378153739480113,-0.9132433292979477,-0.19561802616718826,0.06890649406330544,-1.1985350746343064,-0.24578841983152167,0.0444569166104396,-1.3706417491706033,-0.2602494361807651,0.0061709377351781905,-1.5391090929489217,-0.26976911465889636,F
0.0,0.0,0.0,-0.2181193596683706,-0.07454595619194607,-0.11992029688165072,-0.44484109348221884,-0.24045358622474797,-0.2202106666085219,-0.5896207682134819,-0.4179733665258643,-0.32581079288212134,-0.5521404661697951,-0.6193964301530027,-0.41831799118211216,-0.41276778994892527,-0.8161545165944243,-0.07506031869711903,-0.5317222594766622,-1.0043521708640426,-0.2502910514278858,-0.5317006606159675,-0.906289073768376,-0.3911983612341684,-0.4927616820267671,-0.786904385073548,-0.47001002962591015,-0.27036072495000857,-0.9582388544306369,-0.09318463534277723,-0.4291673528051497,-1.3736201065236076,-0.2165336803311181,-0.5086165015243106,-1.6549106084337073,-0.3177915879753976,-0.5665122476161577,-1.9082451524178055,-0.38606593196161654,-0.08527380891949712,-0.9711317417932777,-0.1372063705339859,-0.19263270404875496,-1.331648999502247,-0.24852090235856203,-0.24835701119216702,-1.5604239436171816,-0.317803800121924,-0.3002108527290172,-1.769678980166767,-0.35649888111121714,0.12605095101362435,-0.8906055382591314,-0.19335554421985468,0.13434868076349113,-1.173335127050394,-0.25225141488230923,0.11520028615956568,-1.3431593086308908,-0.2673870676635858,0.08863368750522059,-1.5123166881748282,-0.27504835307789816,F
0.0,0.0,0.0,-0.2145309641261954,-0.09680999160961219,-0.13983740912570472,-0.4261704246735661,-0.2815020019600232,-0.24170164509766076,-0.5416402937328092,-0.48685685591977895,-0.3464737733063915,-0.48596500527017994,-0.7041932979617689,-0.4330240508854665,-0.3696003273198305,-0.8465697934851719,-0.06684275556123714,-0.47223190155634637,-1.0307489630878899,-0.2391937071126632,-0.4610284493201734,-0.903488371688459,-0.375312871035148,-0.4096596505141059,-0.7686104267375768,-0.45053216658667344,-0.2302543727260918,-0.9702593140667379,-0.07469797391668075,-0.3689613471542693,-1.3871185552666443,-0.19043827801891092,-0.43733695805572886,-1.6592299745509538,-0.2835956992571339,-0.4842040232657574,-1.9080549449979884,-0.34838163200164796,-0.0629722052940176,-0.9750142731357955,-0.11408105789361145,-0.1585063665063926,-1.3328624535846925,-0.22417443394752468,-0.2110307727748435,-1.5618834170967606,-0.29167391725299613,-0.25482883991561367,-1.7834396131543206,-0.3307216993462901,0.12707303888787275,-0.8909127687115734,-0.16866670028386474,0.1360142646786385,-1.1576803613723967,-0.22607180567663795,0.13399082748769472,-1.3108395288599846,-0.2444454584692371,0.13162399762259194,-1.4738518296653564,-0.257012024018318,F
0.0,0.0,0.0,-0.20922426849222908,-0.10550387188643044,-0.13291473331403425,-0.40877163715294423,-0.3072719671144772,-0.23184720472078962,-0.513957722737054,-0.5246082858009382,-0.33533944327465276,-0.4446444221164706,-0.7290878348098185,-0.41954685194525443,-0.3332199505990627,-0.8682260578319132,-0.0608512442802069,-0.4189743245738104,-1.077282225397506,-0.22572227805934061,-0.4196372844080723,-0.9347894208921101,-0.3540476067066377,-0.3785290527476952,-0.8007787483260337,-0.4248137290295468,-0.19575376516466117,-0.9782351289909166,-0.06882220449813692,-0.32750593567427433,-1.3917974064561855,-0.17969141321543453,-0.3922458050450406,-1.6591063294729946,-0.2666198966117579,-0.4352930997819108,-1.907472202246882,-0.32663526228828094,-0.03178878239477217,-0.971747660926156,-0.10759169069974663,-0.12262773720665081,-1.3351519980675242,-0.21101192710547764,-0.1659413491418997,-1.560976233065078,-0.2735694061279608,-0.19901685913522144,-1.7791534105299307,-0.3099914112889415,0.1566393710400182,-0.8826290254990171,-0.1610861437231822,0.16317689162787827,-1.1517450334771655,-0.21491773560909325,0.15751953993678752,-1.3033256172562255,-0.23267839828614167,0.15054075441650747,-1.4639573853038537,-0.2445224159537311,F
0.0,0.0,0.0,-0.2214010212093301,-0.08056974261240904,-0.1316959265833585,-0.43017027009710196,-0.27891417300476923,-0.22608545681910427,-0.5418443696248,-0.48698367363708056,-0.3241886055021639,-0.503207350764198,-0.6957344100302052,-0.4050890185343819,-0.37233314964533815,-0.8428933554663173,-0.06427130987276514,-0.4835377049906227,-1.0092752425843896,-0.23448545618611102,-0.4787576346195298,-0.8614771352389349,-0.3687530787162169,-0.4325081337068247,-0.7149809130689891,-0.4428954695142004,-0.23196035581844393,-0.9697130798354482,-0.07649141209724551,-0.3717708025676807,-1.3781989076230452,-0.19099493305722423,-0.4473412099373321,-1.6498730122667296,-0.2843160278876216,-0.49906608166943517,-1.896724806758221,-0.3489782483139647,-0.06547316386069058,-0.9751490214454679,-0.11901316976964299,-0.1709657731303074,-1.3325568930200755,-0.2292583511431415,-0.2276620911521931,-1.5622892580866374,-0.2997130740443433,-0.27017423194425444,-1.7807042980570893,-0.341093067598829,0.12348386900252221,-0.8878557571570304,-0.17567596394773186,0.11987056663821503,-1.1578615734843976,-0.2347041350291302,0.10816465947102144,-1.3118465204776204,-0.25483824607019145,0.09881224334409686,-1.4716734818530577,-0.2687266140714255,F
0.0,0.0,0.0,-0.2171493673475415,-0.08504809505495974,-0.12757805153977492,-0.43049283517335574,-0.2509213858195432,-0.22951458512169717,-0.566787948455489,-0.4394194627255563,-0.33556639192190846,-0.5534275622070032,-0.6527510091746385,-0.42589817153459897,-0.3857161441675369,-0.8351267140426655,-0.07893825237427801,-0.508906435714879,-1.0348604401566805,-0.24951264802193995,-0.5121761216456764,-0.9218537363207312,-0.3823129662517014,-0.4748731404028318,-0.7911442847616237,-0.45471900009678895,-0.2461578023670028,-0.965058171588995,-0.08982795657897225,-0.40284939778972145,-1.3797647445298873,-0.20714334555258826,-0.4809130562517541,-1.6555069334297217,-0.3011876560918971,-0.5379302691792859,-1.8979504197681214,-0.36586932081011697,-0.07064061455016989,-0.9727927856489919,-0.12805358718585344,-0.17909856807677205,-1.330387581825045,-0.2306737527373838,-0.23599333853078439,-1.5694229824996482,-0.2978900915248876,-0.2851906250460801,-1.787923935934193,-0.33904234250637294,0.1260829639389864,-0.8893505993846539,-0.1799042570524108,0.13201782265545697,-1.1526337077893531,-0.23149552055535005,0.1206644498522255,-1.3137691205699749,-0.24943455369076903,0.10799177802397344,-1.4760008653764243,-0.262049465827849,F
0.0,0.0,0.0,-0.24419923587699904,-0.06659079638741713,-0.13376010772412095,-0.4638592630658159,-0.24218034403626926,-0.21485884186916424,-0.5610663075021635,-0.4501369077004212,-0.29582133573371994,-0.5226718563482463,-0.6741721578186147,-0.35802790210932084,-0.46328646483763003,-0.8133858850794261,-0.02326649284375334,-0.5631611721252097,-1.0196762690296848,-0.12301410358965341,-0.5561197222562942,-0.9440683388208471,-0.2150548274981165,-0.5123732366093007,-0.9071946486875235,-0.2764361036280137,-0.3457435168515651,-0.9378551489240919,-0.029818453878106988,-0.5211307314890936,-1.3373595911837566,-0.1024201601817852,-0.6188742847490155,-1.588537814771014,-0.17473326863159017,-0.6938878780542684,-1.8167310735406212,-0.22632061534836745,-0.1916057066755234,-0.9610923773187632,-0.06658677175305344,-0.32974824381315954,-1.3022646040261079,-0.15118611175167038,-0.40879935972501863,-1.5094755379091755,-0.2199015352954122,-0.4717071731566392,-1.7147244942695374,-0.26311397601275976,0.009275206313928147,-0.9211586288296666,-0.11747296115829187,-0.030431407052779365,-1.1722165621782565,-0.1728234081764785,-0.06209874246117941,-1.3184039903835465,-0.19975668958679077,-0.09144564457326416,-1.4836789927274003,-0.2191826820039717,F
0.0,0.0,0.0,-0.23630949558174488,-0.07256222405834101,-0.10501424747367621,-0.4655509942478708,-0.23667180039124244,-0.19728550969151112,-0.6542975520541392,-0.40278575684297924,-0.29859216154093476,-0.7339649194481741,-0.6018293786222669,-0.38912294860036356,-0.4142375401825045,-0.8119750730945531,-0.06163745760819091,-0.5916246718443654,-0.9811849037892435,-0.23151285085666107,-0.6750573123253062,-0.8965428420218233,-0.3699994754121187,-0.7051805147306924,-0.7696133974121652,-0.4450787192683936,-0.28696449118715356,-0.9541354404312868,-0.08530499464094986,-0.4629749154584308,-1.3504942305324736,-0.19639003608120412,-0.5820553978345256,-1.6212574759818625,-0.28323370701206096,-0.6816223060047056,-1.8483586030118242,-0.3420351224426087,-0.1148239097195684,-0.9731116636837897,-0.13545669282830194,-0.22544136900695794,-1.3341556575328226,-0.22822386611482495,-0.2967060126380255,-1.5650107356243932,-0.2862355066740373,-0.37458271904242296,-1.7723630701925546,-0.32324030602238935,0.07385547921752356,-0.8942610086763327,-0.19842730095890718,0.08284287745536828,-1.1454363234727734,-0.24526680584273677,0.057794741085829875,-1.3119087683209862,-0.2570848694219902,0.015228251237960589,-1.469402719895071,-0.2652983468042593,F
0.0,0.0,0.0,-0.2303992935340892,-0.07520090533518899,-0.12161689955715946,-0.4348083554271853,-0.25847926287917317,-0.20279594370669626,-0.5536315023758349,-0.4683809954369298,-0.28940146556871293,-0.5470874005285857,-0.7006117868157709,-0.35744785079149527,-0.4533987087082398,-0.8071212065986598,-0.02653863804193535,-0.5827942562605473,-1.017952481125397,-0.17884679434217865,-0.5725543470710783,-0.9225274452531755,-0.30598444447022566,-0.5204042353920864,-0.8285089355607138,-0.37755838617157855,-0.33196253895699873,-0.942576215735137,-0.036755275262903925,-0.5170146701418826,-1.3371334230538328,-0.13327956606107666,-0.6092195461116268,-1.5919611135596328,-0.21522461799102272,-0.6864836967794544,-1.8271027238706232,-0.27124158294259665,-0.17317528509880492,-0.9660754353117862,-0.07813735825185361,-0.31112154934890524,-1.2932669169145974,-0.1685080248583227,-0.386667098562252,-1.5078072449692805,-0.22446368062917357,-0.45802223514984497,-1.7145846398029545,-0.2572994863673241,0.02308068871756059,-0.9100601109428481,-0.13468235535816594,-0.010005852733428118,-1.1519186919010451,-0.18117163665232777,-0.04519695789454979,-1.2960132522469276,-0.19282258362380497,-0.08459135729323233,-1.4460327464008442,-0.19993681831815474,F
0.0,0.0,0.0,-0.22603265965000688,-0.07821794583708458,-0.14868772334472746,-0.41205912029237646,-0.27936650096839555,-0.23193683225835085,-0.47461420868457643,-0.5300400344137403,-0.3124988140968509,-0.4398737546477455,-0.7771006407152128,-0.3699417719835753,-0.4791204832383131,-0.7913741802834678,-0.04883906768192947,-0.562542865890625,-1.021906483196914,-0.20553652387674684,-0.4840398996894408,-0.9256494258521792,-0.33244870687993494,-0.38733491745292525,-0.8317699988757434,-0.40020000553383306,-0.3510715187840395,-0.9354961412315805,-0.03994694530862917,-0.5211763765412445,-1.3458881801669493,-0.12918540355712305,-0.6016301932766873,-1.621075717061189,-0.20196962476906574,-0.6808523416784179,-1.8798390493132013,-0.2490021450417748,-0.18686875962881325,-0.9655806787675884,-0.06467490952854385,-0.3280594400281437,-1.2919782924234884,-0.14712197248261677,-0.4013509627677487,-1.5001811641256075,-0.19480093408046462,-0.4747833691465004,-1.7009007498458932,-0.2195889630890275,0.02044189073160502,-0.9150587547726303,-0.10794995538674318,-0.034067815987050686,-1.1419243295077166,-0.14875392676885135,-0.08108791823028788,-1.264297785298284,-0.15356896295713882,-0.12762406140050606,-1.3917822142464917,-0.15318487987430526,F
0.0,0.0,0.0,-0.23515218923427295,-0.08500445713768436,-0.10065524389920728,-0.44862279575984615,-0.26822065876285667,-0.18821957754848662,-0.6084419612740735,-0.45378965152328055,-0.28673961965691935,-0.6443978349530032,-0.6756066413791961,-0.37250525213826585,-0.37042854293776867,-0.8400368132818106,-0.03894579651595708,-0.513356653453611,-1.0460169111700286,-0.20984657231739456,-0.5740091790857222,-0.9380711353899243,-0.3501696636233409,-0.5865586331458208,-0.7976032324811884,-0.4244513023249023,-0.23880904103128597,-0.9690922716583935,-0.06189031373076091,-0.39230594463998797,-1.3771304080728226,-0.16598436787450202,-0.4852384782038254,-1.6573370782873753,-0.25206939459220473,-0.5629198482395975,-1.9020341470500326,-0.31066061973618003,-0.07161295671200987,-0.9765346280842275,-0.1132697343116617,-0.1866626652980004,-1.3285077864852173,-0.19692785870189336,-0.24634152851971094,-1.5582525440992632,-0.24919089551430995,-0.30710838478738267,-1.7663615870727636,-0.282226275830874,0.11557839517505157,-0.8929490561127014,-0.1783695333795867,0.10767772846930292,-1.1516417503548106,-0.2149552441585742,0.08056507016984722,-1.3092509762946327,-0.21978329046703268,0.045006020100735865,-1.4584812235609288,-0.22268802632684603,F
0.0,0.0,0.0,-0.2452508674371274,-0.10745156240752893,-0.09869581125812887,-0.47367369560714884,-0.30566842283241996,-0.1983647312036629,-0.6664584069183261,-0.46564106316507364,-0.3045895417846858,-0.7788754108716989,-0.6449244635377551,-0.40293612362125486,-0.33638810098750466,-0.8541117617601065,-0.09969072603643298,-0.535361604989862,-0.9999098520764749,-0.2900036211063268,-0.6570603930037469,-0.9159888320371863,-0.44576500476215153,-0.7351773283963066,-0.8080106589831527,-0.5316436037666725,-0.1921568146489855,-0.9723688688424575,-0.13256900652111278,-0.33866135257287683,-1.4030879698649013,-0.2550220592322089,-0.4294588373190576,-1.6912833416026993,-0.34447624298503043,-0.5195870424659941,-1.9494454938125385,-0.405537724544367,-0.013782817090544373,-0.9595628934265354,-0.18923343925914501,-0.07475316678078532,-1.3504709703788926,-0.2930785713032556,-0.11419774749777424,-1.5848455972903999,-0.3485930469397905,-0.17889537147525703,-1.8056024918216724,-0.38191569906296663,0.17002358503183923,-0.8449506779326642,-0.2569998506967887,0.23166679062452655,-1.1147927170876741,-0.3113183562593782,0.22147330469771564,-1.2871725750292191,-0.3161579566362992,0.1688359969185237,-1.460558906871918,-0.3178628314627711,F
0.0,0.0,0.0,-0.2530752755476562,-0.11764581076237049,-0.0812444947792321,-0.47662620213050894,-0.3178074759969632,-0.16999511877888054,-0.6627411123670688,-0.4708780026055305,-0.2695239727213926,-0.797457098578144,-0.6290721438501182,-0.3644718258111545,-0.35356654596643894,-0.853338748705361,-0.07784706902817128,-0.565063902889877,-0.9752456336293798,-0.26326452128645267,-0.689325111835978,-0.8973923629335638,-0.416217946315466,-0.7635361999226391,-0.8015619941690502,-0.5009377689695034,-0.2133419979379367,-0.9692097912189335,-0.12295353805889842,-0.3631737924622655,-1.4008331446597944,-0.24519285237028915,-0.4602718343482049,-1.6921524374526657,-0.3346449213011664,-0.5548417760558841,-1.9508862424759845,-0.3945082192242342,-0.03725848776380879,-0.9559667024204693,-0.1915465646466987,-0.09636955360650418,-1.3551084067852495,-0.30133165691923663,-0.1379769740651294,-1.5937487453032022,-0.3636499474045999,-0.21335778400722466,-1.8152797019872515,-0.39998854079885726,0.14626388407723365,-0.8387093324777906,-0.2693444708802476,0.21823749093334538,-1.1156803175310264,-0.33355995252264703,0.20726384368603826,-1.287016232063812,-0.3451581199619069,0.14189114288447474,-1.4514616567464234,-0.35047029401981133,F
0.0,0.0,0.0,-0.25432846206392573,-0.09493801456214895,-0.08191043604876053,-0.4889573383963656,-0.2791070258998571,-0.17743802216532026,-0.6900284816238238,-0.4094403195108814,-0.2804977443843281,-0.8383208655594679,-0.5548532586338525,-0.38106728717202754,-0.3666583232946193,-0.8427375016367853,-0.10210378904644377,-0.5904724790081105,-0.948876207919165,-0.2917348300559443,-0.7196899703241707,-0.8470908317603518,-0.4515328444950984,-0.8000257833956121,-0.7232727526494404,-0.541938487425716,-0.23157819867570095,-0.9612950512076046,-0.14927612810455154,-0.39795628484346646,-1.3854923510829014,-0.284259794808256,-0.5128465511903973,-1.6748145037666227,-0.38698259409609576,-0.6271935576346563,-1.9261074871803268,-0.4554677836181601,-0.05709081504905856,-0.9457781205173265,-0.21600414165869825,-0.10627591566231541,-1.3575724733128347,-0.3363425720699852,-0.15852452245157345,-1.6035738319712785,-0.40819340031274126,-0.24762834955792404,-1.8269198861721234,-0.45009793278348526,0.1263982847677492,-0.8251105584087168,-0.2892193944773383,0.1917049297617322,-1.113352326665872,-0.35896632813102847,0.17607282127894705,-1.281212664570137,-0.36820052637271583,0.10530317924521097,-1.4377830688810422,-0.3706280796223539,F
0.0,0.0,0.0,-0.2518449510884988,-0.09491795998336737,-0.08622618400132823,-0.48632407225373886,-0.2737719893594928,-0.1829596058794379,-0.689357197659859,-0.3964192584138701,-0.2873148057054027,-0.832213349975571,-0.5437136716469502,-0.38818909173881927,-0.36428786606017477,-0.848386448505383,-0.0992440292777492,-0.5843230665783296,-0.9588579650246205,-0.2945557027595996,-0.7110863894911817,-0.8460156828825794,-0.4577473777228964,-0.7862437297179554,-0.7059322070999747,-0.5490623773912434,-0.23382481472547015,-0.9616719066722876,-0.14322395028725665,-0.397948046116987,-1.3817256181315145,-0.2819508177638406,-0.517720041127399,-1.6562156487481285,-0.3851780455756297,-0.6359324409176597,-1.894157506564272,-0.45280612756238553,-0.06485717193971723,-0.9463713109414258,-0.20853931338341966,-0.13104132821408662,-1.3419827906058952,-0.32956150357908653,-0.19598300884732056,-1.5803600519082008,-0.4007048928421441,-0.29085631206287643,-1.7999842971073814,-0.44201678395324195,0.11085986081653501,-0.8247983480544634,-0.28163643623823087,0.16537616463017776,-1.1052578297126154,-0.3489422228417901,0.14844559687419578,-1.2730379699036845,-0.359611339409112,0.0836149928849487,-1.4351286117653501,-0.3642021893930766,F
0.0,0.0,0.0,-0.25359033267226844,-0.08776084181693661,-0.0755087611460598,-0.4872055500875407,-0.2594429271171242,-0.17250326840349936,-0.6855361728352709,-0.3686703247317989,-0.2770524941697013,-0.8344017938024942,-0.48872303946365353,-0.3799001159442306,-0.3684083892205683,-0.8434893641689243,-0.10706030897473841,-0.5954283309514071,-0.9302710592074154,-0.29521991069929504,-0.7127210268599521,-0.8033834195057141,-0.45466881168837614,-0.7819669353581892,-0.6601371111910239,-0.545160331209892,-0.23278397013543314,-0.9597403960941333,-0.15719413269286475,-0.4013118309036966,-1.3836850470414286,-0.2940410923619432,-0.5180919436184411,-1.6627637309769658,-0.39760366422006144,-0.6362303583820312,-1.9019383487234178,-0.4661986412655276,-0.05673436343804099,-0.9326762350066712,-0.22429747021342994,-0.10492847148394711,-1.3435175981835925,-0.34330262379505216,-0.16103737344157995,-1.5861295044730004,-0.41222711860796146,-0.2513695247411385,-1.8085097144770075,-0.45294086942982836,0.12398174740031401,-0.7987444113576428,-0.2966794956851145,0.18310797278842117,-1.0829354686662431,-0.3630402605029161,0.16483963511123378,-1.2539851461299236,-0.36696820780323497,0.09912189664824679,-1.4212505066772059,-0.36620425334810436,F
0.0,0.0,0.0,-0.23896245384917056,-0.10715169865303241,-0.0771859383006754,-0.46120281697230403,-0.2869541458002452,-0.1759586182622933,-0.6597246869031708,-0.3999074318501323,-0.28645850123411715,-0.8068986301931276,-0.5214954758785321,-0.3950406458168195,-0.3487863156629821,-0.859115996906784,-0.09588352007767102,-0.5844482573905867,-0.9265604654420031,-0.288404940946091,-0.701707861919948,-0.7845241989490679,-0.459755128526196,-0.7658448180109543,-0.6289263473987233,-0.5581790349127381,-0.21516023679804683,-0.9660016832992337,-0.1433416211853881,-0.3670109556419524,-1.3755968616604273,-0.26810768043943634,-0.4773920431384582,-1.6652196704601283,-0.37178011373211384,-0.5900826770826331,-1.9114746404234928,-0.445964842927912,-0.04085052281250694,-0.9397658740831376,-0.21008387860549219,-0.09936145959864305,-1.357125390304927,-0.3122952220561129,-0.1584954251003543,-1.602934719728589,-0.380021418576257,-0.2540537494113831,-1.8191815466078896,-0.425338497253626,0.1335501953674428,-0.808717874042607,-0.2850533439700092,0.19606559672051835,-1.0861443007074993,-0.3326930071959772,0.16924960076344614,-1.24685098772556,-0.3338837270766037,0.09376372159726647,-1.3965806088074515,-0.33610443942988355,F
0.0,0.0,0.0,-0.23684648471820446,-0.11934138168091041,-0.07622746139357924,-0.45532383707970525,-0.29010548820548593,-0.17480833529463508,-0.6476101331167134,-0.3939809961768806,-0.2834301050692247,-0.7939444647176637,-0.5113265858478662,-0.3905951796006982,-0.33878533312107256,-0.8636818046915726,-0.11278553441437211,-0.5762038160407051,-0.9533268743022747,-0.3042226940013562,-0.7010675908463461,-0.809891186133574,-0.4699589925833109,-0.7715823060864421,-0.6548179450467613,-0.5650253532664993,-0.20228400539731956,-0.9662480338751296,-0.15951776764004513,-0.35314759355844316,-1.3999314165596057,-0.2851114314769209,-0.4553177796100986,-1.691156094387654,-0.38874783165250304,-0.5569875032918712,-1.9462903682992727,-0.46352797901758264,-0.023418177499314515,-0.9361141417385742,-0.22303017421213545,-0.08036704532984766,-1.3542863639169516,-0.3273354019619353,-0.13379883092638553,-1.6049937813498427,-0.39688214798143495,-0.22059429376355863,-1.8371679378447834,-0.4443970838014758,0.1561618549104081,-0.8030898015690391,-0.2936474337591439,0.2235217822891732,-1.0707385192370662,-0.34425077766940937,0.2102795768271658,-1.233449652595999,-0.34632308128948486,0.15157433126163739,-1.3973088206708593,-0.3495392731433164,F
0.0,0.0,0.0,-0.23795692192081927,-0.11670220020182721,-0.07607502975732777,-0.4624156307491668,-0.29552270985903495,-0.17097363826446738,-0.6458796360529999,-0.4020358075612835,-0.2743938540053168,-0.7735894124546168,-0.5276646241177243,-0.3751537000724301,-0.33899367049447804,-0.8630794897451989,-0.11374002511891194,-0.5608522800098571,-0.9669681305449782,-0.30651357266199813,-0.6718779879982814,-0.8171357935780319,-0.4682719210220014,-0.7341154442167618,-0.6528778943279842,-0.5589935605901554,-0.20345659738005129,-0.9655052078502662,-0.1624964817974405,-0.34464287046904285,-1.4050966033775225,-0.29567937921337595,-0.4417216574813014,-1.6923811656165064,-0.4001666334533172,-0.5390757146014113,-1.948523229086617,-0.4715174230905056,-0.02552293875261678,-0.9275643004262879,-0.22850611793270312,-0.06809501629600317,-1.3565528078973872,-0.3447462209132343,-0.11260953823583862,-1.6052913380190135,-0.4172500709582181,-0.1885092544447535,-1.8384671292392816,-0.46209994995108905,0.15675341396435588,-0.7836802042013913,-0.300224912596806,0.23495037367461585,-1.0616537110225575,-0.365025271447903,0.22790750872970258,-1.2258200492132774,-0.3712661334120116,0.17443379582760804,-1.3873622239664616,-0.37329848812753635,F
0.0,0.0,0.0,-0.23677254651536495,-0.11009137346277455,-0.07986668726480797,-0.4549771043049036,-0.28271716197841473,-0.18658850994766255,-0.634709325582168,-0.3733236466076649,-0.3021296322710736,-0.7780689420555842,-0.48076088364573066,-0.41599480360651636,-0.3179751696081541,-0.8732319023695347,-0.1286104087511975,-0.5516485328359043,-0.9520359635194618,-0.32392108841871425,-0.6713000368568174,-0.7837640797344957,-0.491991391258076,-0.739313310825649,-0.6088426901518745,-0.5880893002948014,-0.18086996941754754,-0.9668464895115818,-0.1802606997712653,-0.32947906747101735,-1.404694925027162,-0.3122560095693109,-0.4275980406238723,-1.697790421447196,-0.42086328425311365,-0.5254596115870246,-1.9569630508262084,-0.4979100804541094,-0.0035436209145687323,-0.9171486759664894,-0.24851700176905808,-0.049644810017271945,-1.3644457518609996,-0.36319217134125364,-0.0905574411351175,-1.6175068307879368,-0.4403097150671706,-0.17006973907919676,-1.8537814792215634,-0.49190358512649995,0.17484493047065033,-0.7593392011845129,-0.32272108397959026,0.2649500139114384,-1.0266067486572028,-0.38814738978741664,0.262068023240697,-1.1942675687823543,-0.39741546786108484,0.2065172799051358,-1.3678053835180768,-0.40391156043058724,F
0.0,0.0,0.0,-0.2313502918543985,-0.1153685549237094,-0.07627316770272714,-0.44374484468273534,-0.2898568890814157,-0.18254308932376437,-0.622380046459794,-0.36704604687225284,-0.29948980674260717,-0.7591490246775537,-0.45296237481187446,-0.4155913299539862,-0.32217486022829517,-0.8806289808958531,-0.12742919921476772,-0.564501171882707,-0.9342199126794289,-0.32506735843555457,-0.6836014126632223,-0.7500691665933722,-0.4968471884683337,-0.7488446588317044,-0.5645519094453431,-0.594753359334544,-0.1775984848722205,-0.9674304318031683,-0.18038053606813184,-0.31552267076609647,-1.4073869749342052,-0.310453432191382,-0.41654177672525833,-1.695628615146579,-0.4207508992141544,-0.5195173725997279,-1.943354764717148,-0.4996727138314748,0.0015926644661612408,-0.9114384376804555,-0.24898756275642425,-0.03297415633194707,-1.3573529319166464,-0.35651633280652323,-0.07605405951454623,-1.6124864562566985,-0.4332825744502659,-0.15774246348475068,-1.8468311924327705,-0.48616898114534807,0.1780272791515716,-0.750579945348934,-0.3238226639302159,0.2724681363648153,-1.0200938561917265,-0.3797261766936976,0.26576520933998055,-1.1875296691430204,-0.38546369783922857,0.20678124589864968,-1.3603229355831474,-0.3917358583166525,F
0.0,0.0,0.0,-0.23105160075318848,-0.12284237054107816,-0.08232190780086028,-0.4470959387391954,-0.3015694749835257,-0.19249200996796306,-0.6299296677469817,-0.3777253525521065,-0.31134607099662853,-0.7622820998336278,-0.44497705378937874,-0.42956917032787356,-0.30417960979600944,-0.8902712238502825,-0.14484001398581445,-0.5525224580932181,-0.9380215204251945,-0.34226621191470896,-0.6725020599355582,-0.7443815404751647,-0.5119940129321182,-0.7405116628315932,-0.5515303015855488,-0.607347963169545,-0.1567130673182788,-0.9688933190236411,-0.1915378575714196,-0.2959965770487682,-1.397948207796851,-0.31531051112367225,-0.38565450537666307,-1.6834310409554012,-0.4203021637635014,-0.47942123883364973,-1.922552596649776,-0.49848592668384456,0.021179815734046866,-0.9007335687377485,-0.25337037114921,0.0019967733796420173,-1.3433394152001639,-0.3588682066195512,-0.03201503702329621,-1.5926149217654924,-0.43489177069468377,-0.10643985848100788,-1.818235361227876,-0.48890055781151703,0.19533521251352623,-0.7324949759478043,-0.32139821679735814,0.300168930035808,-0.9999554496868241,-0.3814114587788743,0.3010956696308837,-1.1634098856024249,-0.3908042371454353,0.24885590379740682,-1.330484368857311,-0.3996327946408767,F
0.0,0.0,0.0,-0.22924727141562926,-0.12125944850098078,-0.08652799274841419,-0.4508411411553433,-0.2978206423381353,-0.1923622044814835,-0.6375731870304686,-0.3731017577041426,-0.3031577817791652,-0.7694495582413012,-0.44401849495091295,-0.4126113301191454,-0.31072300829276933,-0.8860326624721389,-0.1513589110076713,-0.5515174344827588,-0.9427040997584568,-0.3405287334981257,-0.6745325189308677,-0.7431657017289259,-0.5004408982761578,-0.7452405442118956,-0.545486508631032,-0.590632720718135,-0.16622570174174287,-0.9666027216336813,-0.1950594642944177,-0.303762479975224,-1.3914115309533135,-0.3137472579211238,-0.3825784771863634,-1.6878993128646709,-0.41579450239606364,-0.461565725241189,-1.9524377944514841,-0.49219685432916505,0.01594112403202828,-0.8916105920663944,-0.2535433588096384,0.0041575549495645155,-1.3339625392848173,-0.3600573502158211,-0.02330711390594818,-1.5845979077992058,-0.4407105557543647,-0.0943123097686667,-1.8144067812463354,-0.4974574661836492,0.1962751880191435,-0.7141478129051274,-0.3171861456409865,0.3057743625891914,-0.9633174756691432,-0.38362535407894743,0.31142186283869444,-1.123842790871421,-0.3968278812090497,0.26049047680931287,-1.2918704040640088,-0.4066819664061028,F
0.0,0.0,0.0,-0.2190451239942444,-0.11348736022552672,-0.07938771924471162,-0.42793807307669,-0.2821240918213855,-0.18615362364054397,-0.600720696089152,-0.3591329918553698,-0.3034572841149561,-0.7167057962431806,-0.43471599824675156,-0.41742142263599025,-0.3215980242996598,-0.8753737939095819,-0.12756730664239188,-0.5537670045117898,-0.9389824240952924,-0.3253277495863227,-0.6544617040131462,-0.7428646055407525,-0.48951541128196435,-0.70053982489493,-0.5484299988668434,-0.5815331723210213,-0.1771457636470602,-0.9682005656802748,-0.17665515287784833,-0.32290840647044666,-1.3999132656598192,-0.309780539384353,-0.41427078077459834,-1.6902314720780793,-0.4143340342085758,-0.4991341478528287,-1.9407411070929408,-0.49155337485754136,-0.0016027608013446928,-0.921531113713776,-0.2432214754295461,-0.03361196006304369,-1.3665680150113741,-0.35968552558866396,-0.06902859122369522,-1.6259930069837154,-0.43622768414710045,-0.12937097019822785,-1.8660217759068147,-0.48850711195752466,0.1755132641199093,-0.7732732352756398,-0.31564955518201143,0.2652932251719521,-1.048578393789273,-0.37784316983798,0.2777625163828824,-1.2298656663038705,-0.3917092029142423,0.2509572810980495,-1.4188283474294385,-0.40513713760349646,F
0.0,0.0,0.0,-0.21584184078428714,-0.09736258939182228,-0.08782342370933352,-0.42259566283517597,-0.2678521209756871,-0.19616047698192762,-0.5966815658162358,-0.34156656768957605,-0.31313777647640917,-0.7163097700856379,-0.3966409290144496,-0.4261146788927533,-0.34256941991720513,-0.862066415954137,-0.13330993961687312,-0.5596076730250201,-0.9292237042269956,-0.33299699578674824,-0.6490336781000723,-0.7260191043191727,-0.49615474080541105,-0.6840416890985228,-0.5267055586468522,-0.5862962047926273,-0.19770333660531694,-0.9638542109999514,-0.1786013735467504,-0.3398415874118633,-1.3908003231059278,-0.314135336045166,-0.42834259856709184,-1.678393092323593,-0.41629646710527546,-0.5078737743167063,-1.926284328409725,-0.4887604504592418,-0.02168648555219057,-0.9225331630275735,-0.24260850227810352,-0.06466520203816262,-1.3519809773345486,-0.3617020122922085,-0.10328509405687705,-1.6091299074304517,-0.43644521230425143,-0.16342117596648656,-1.8421297340232992,-0.48424552163579665,0.1619080571398937,-0.7780877006933113,-0.3134003156209064,0.2501711506772467,-1.0607918367196885,-0.3761674499879084,0.26042704402772626,-1.2479262957809973,-0.3886003515804411,0.2318431189043757,-1.436834435336455,-0.3991401098071375,F
0.0,0.0,0.0,-0.21820209181857597,-0.09630047208835753,-0.09393255672046259,-0.4251737380443417,-0.25947932253686873,-0.20851777400628335,-0.5983566727868223,-0.3308073826974591,-0.33037014251298,-0.7077289990240121,-0.39231833044145287,-0.4492153864732086,-0.3322882248543547,-0.8641606846198441,-0.15088001792210387,-0.5533390712171941,-0.9251580041283264,-0.34644268530027195,-0.6478121343077354,-0.7157211912531402,-0.5035951925930634,-0.689987514460263,-0.5123916078699747,-0.591203922306274,-0.18541139328472792,-0.9632732012998361,-0.19423530806159178,-0.32873669248815285,-1.3876060325479407,-0.3300816738386142,-0.42183499896287024,-1.6678034568244362,-0.4342932184938286,-0.5048306020335898,-1.911844688774374,-0.5107423948214775,-0.01230436725785302,-0.9217315344820977,-0.254346299984991,-0.05491591142381919,-1.3483783371509983,-0.37323826747073185,-0.09919589182664071,-1.614681355458739,-0.4521539715159601,-0.15678602996908914,-1.8625488222170088,-0.5059801339964314,0.1615514795823933,-0.7767222439771441,-0.32078353671101056,0.23888255030169345,-1.0612613979052439,-0.3819062494845903,0.2543038414187771,-1.2537665228835715,-0.39634092173710983,0.24467307867696636,-1.4565697228781933,-0.41138084155606647,F
0.0,0.0,0.0,-0.20805353841602572,-0.10199584816646251,-0.09151003883609718,-0.4177663798885749,-0.25679408917657565,-0.20018118774076366,-0.5877510672880569,-0.32720909183338037,-0.31716162581058355,-0.6905715934254743,-0.4004375736892472,-0.4306687140800532,-0.32253829982751286,-0.8645469388691016,-0.1384174645978382,-0.5380335233640277,-0.9297285158496928,-0.33274383913705957,-0.644251921684071,-0.7165926235606513,-0.4912724035510335,-0.6932486106459276,-0.5191019883225428,-0.5793383279546224,-0.18127279740221558,-0.967176293897534,-0.17807355065985042,-0.3206744592267421,-1.3932357697480775,-0.3053022366960915,-0.41201446086311416,-1.665769302717086,-0.4048404092905195,-0.487703610196583,-1.9108618549397898,-0.4810688787444582,-0.010412453069382713,-0.9301515790681133,-0.23538775652717098,-0.04142444796206074,-1.3531837127553967,-0.34681648068109217,-0.08545162063230256,-1.6116548232864016,-0.42270340662934425,-0.14188315607335122,-1.8578872526743868,-0.47642167227988214,0.1614351423888751,-0.792324048131229,-0.29989842782619924,0.24585164140667354,-1.0640882339543223,-0.35531535757663485,0.265063871588668,-1.2485717734454909,-0.3699188097954325,0.2573694675875207,-1.4438280380634625,-0.386347285554457,F
0.0,0.0,0.0,-0.21666860389896705,-0.10364177837781155,-0.08991570356401556,-0.4290600180118744,-0.25316225958364413,-0.20332728792053448,-0.6214686077580654,-0.3174796174719657,-0.3228309883240102,-0.7539331818000437,-0.35579220908397335,-0.44249714489008357,-0.32712478550672025,-0.8686343962660322,-0.14874492255471447,-0.5364708430390365,-0.9357404920831983,-0.34006992730848845,-0.6546249474283403,-0.7462358957893409,-0.5026653039327946,-0.7173901763746461,-0.5556086724904481,-0.5961478412106204,-0.1771146275187707,-0.9653633903178851,-0.1915827062989914,-0.31259558506775575,-1.3890130848196722,-0.3257178884588927,-0.41248773830708096,-1.6762091543021442,-0.4326389372084928,-0.5014277513461182,-1.9233997768731834,-0.5098052164606017,-0.0033051590865777894,-0.9169169090452779,-0.24916977440657515,-0.03520037409237586,-1.3525837429906438,-0.36457278994342296,-0.07144409721921038,-1.6222170357142482,-0.4461642286073971,-0.11876062862203011,-1.8598618265028217,-0.5005955598877055,0.17623078958173766,-0.7669299931932805,-0.3123549139289631,0.25824018871107207,-1.0512574100054832,-0.37437559856123714,0.2664997433805645,-1.2421909200822672,-0.3879720491024061,0.24547356997938952,-1.4285626038039325,-0.40038482223348704,F
0.0,0.0,0.0,-0.2272994700381678,-0.11741448010627742,-0.07429836385332513,-0.4496186662748462,-0.2959498166798997,-0.18017668827635444,-0.6547444791049694,-0.3812646597514134,-0.2947490490282791,-0.8082439465962432,-0.4480263487993195,-0.40958856369650176,-0.3157009012771618,-0.8828899169039656,-0.13812393767458592,-0.5500452841170579,-0.9417695244596357,-0.32570103589122057,-0.6902427570510852,-0.7739637113845149,-0.4893976634858146,-0.7704597958818264,-0.5968773931411973,-0.58521372560626,-0.1734733571191554,-0.9671064474479549,-0.18604331128639384,-0.3168098983900755,-1.3978001989781461,-0.30569768509039047,-0.42321705577772795,-1.6929056191597744,-0.4066758750125461,-0.5205756263506349,-1.9452095330291455,-0.4862134999135284,-0.0032521992410155074,-0.9133478988189048,-0.2475526820618031,-0.026631957588012484,-1.3643024525199328,-0.35009443535468754,-0.06531518473769313,-1.6313133839252518,-0.425400807315226,-0.12256287900139358,-1.8769105206952168,-0.4821524932711636,0.1623551032639879,-0.7534904745159364,-0.3143351706978109,0.26054927126484545,-1.0318280091915155,-0.3742680348271759,0.2726388796329107,-1.226593545224093,-0.3885194255030826,0.2478487560145177,-1.4324688502940288,-0.4039179949720444,F
0.0,0.0,0.0,-0.2259999674524929,-0.11386578165969312,-0.08944975794616714,-0.45051553242224723,-0.2895047552574346,-0.2089565504711768,-0.6631689203970963,-0.39083323628258354,-0.335041538200958,-0.817600502792181,-0.49456657354754996,-0.45977641451465945,-0.3010138432098977,-0.8897266256861996,-0.15928992430760233,-0.539802031214519,-0.9347704774260035,-0.3577787101944683,-0.6838595656308665,-0.7701732223797793,-0.5312743447994166,-0.7694363003941017,-0.6099487437685845,-0.6317205690351387,-0.16063284456617397,-0.9658702621616385,-0.20320365626234893,-0.2913664692499069,-1.392086312268127,-0.3341376985720855,-0.38515151498045286,-1.6918654307350607,-0.43678929305497877,-0.4772406774561379,-1.9513557541181932,-0.5114803578540558,0.006982281469015423,-0.8972747191475895,-0.26185651695115003,-0.0028129116503443205,-1.3406669829194064,-0.3746774135734709,-0.025765873220254833,-1.601876480391334,-0.4466049821082006,-0.08398271008877975,-1.8422335389697617,-0.49505426431363436,0.17110378241407748,-0.7262783851140617,-0.32704160256124504,0.29496381618715445,-0.9929208577817029,-0.3962201539667232,0.30703281578739533,-1.1804182818409201,-0.40886886242358583,0.2662999421365824,-1.3756609950888368,-0.41740316742986205,F
0.0,0.0,0.0,-0.23473523944272068,-0.12060252966446774,-0.06474292589062836,-0.45532283183457606,-0.30123452252352134,-0.15947999562867815,-0.6620708493835089,-0.37824953931504623,-0.26690505908777423,-0.8143347034808257,-0.448409266561157,-0.3739369890223995,-0.30157142907604984,-0.8864679139742704,-0.10920374949023112,-0.5437823517519039,-0.9565857555408775,-0.2877462388049202,-0.6881112977386318,-0.7828224070815726,-0.4437141300437696,-0.7674628069998546,-0.604389715915872,-0.5332534202859806,-0.17162414361045708,-0.972568480985065,-0.15702134607874327,-0.313986587296435,-1.4049173211313613,-0.2723742323670449,-0.4254762499941307,-1.6813743395926168,-0.3662996816998775,-0.5384322149938673,-1.9049974296708128,-0.4364925684422619,-0.009050341966933434,-0.9291852366795561,-0.21972114464644338,-0.02694432917803279,-1.3829834904840863,-0.31609567318260323,-0.07434768815763225,-1.635910166166265,-0.38238556580581323,-0.15207294038421731,-1.8546547886599642,-0.4292984753479649,0.15036564366532268,-0.7923152803580435,-0.28869798084584974,0.24215143287018231,-1.0655990033177802,-0.3438607568032993,0.2446266337133087,-1.2421878140270746,-0.3575893194195666,0.20067550457916838,-1.4212026554339912,-0.37057767405837533,F
0.0,0.0,0.0,-0.2260741742779835,-0.08789200732341107,-0.08133902875160748,-0.4457801301643566,-0.24237215221206357,-0.19053616381359173,-0.6482041215201132,-0.3103649904215761,-0.30866324775222287,-0.8022008992618359,-0.3647351682998338,-0.425610100151368,-0.3382716493533665,-0.8596071797392497,-0.13969938805085133,-0.5859217954966517,-0.8893867728634016,-0.32945185630390883,-0.710965425946841,-0.6942913780816024,-0.49321525339261274,-0.7841068658174984,-0.499952663241772,-0.5854627104619969,-0.19553850655581625,-0.9635532113834501,-0.18256478654593034,-0.35950045646129286,-1.3784169124788408,-0.3063438534771012,-0.4649454710705337,-1.659327076807358,-0.40370001625769,-0.5784075096649351,-1.891651124734028,-0.4740898651873716,-0.026270414225276834,-0.9196627480294851,-0.23977913515606372,-0.06866325663809697,-1.3530775172541625,-0.34495528246492446,-0.10617702678510155,-1.6074708923682977,-0.41293385725753085,-0.18023934614513512,-1.8279256587252433,-0.45765197713202144,0.14271649583882692,-0.7809739081857703,-0.30327593248638535,0.2328845964276805,-1.0530003473235956,-0.3655672440841577,0.23175805133007718,-1.2360787566109983,-0.3778755135222154,0.18125692933109494,-1.4198297030308227,-0.38671402708637465,F
0.0,0.0,0.0,-0.23562830650885777,-0.08250255110204152,-0.07325990385382303,-0.46383338388391593,-0.2320637069974337,-0.1739085808881418,-0.6559400781333445,-0.3052739638114914,-0.2853348342308624,-0.8042943258628925,-0.36091606880587657,-0.39506663962519495,-0.3596686504794554,-0.8473564792465414,-0.11377683607241203,-0.5968747909153677,-0.8924677102070111,-0.2886937157813929,-0.7082205763482149,-0.6957630390772586,-0.4408545007495563,-0.7629618826810429,-0.503178030313672,-0.5282851497132054,-0.22491211690401205,-0.9615314942940846,-0.1577077206427795,-0.3892587448616257,-1.365473478303603,-0.2704271319659545,-0.4964256494390272,-1.634627699086615,-0.36310791615408894,-0.6059316843429805,-1.8606081057524606,-0.4323220665917404,-0.055282669387811255,-0.9309965556575844,-0.21651652330317606,-0.1122555699845687,-1.3505633822564793,-0.3122455681787623,-0.1561208557153655,-1.595878478362503,-0.37949987387511847,-0.23338566401931649,-1.811590516834972,-0.4263487329324094,0.1182051131314154,-0.8029234620289677,-0.28173031379756064,0.19846207555041911,-1.072683125575512,-0.3349936069217378,0.19198840458054378,-1.2459888333366544,-0.3458017177636746,0.13605609952675268,-1.420747898349624,-0.3559922696213247,F
0.0,0.0,0.0,-0.2405322343254951,-0.06437693894735075,-0.09182399728664133,-0.4741628292185898,-0.20749634495017338,-0.20104978223849376,-0.6816515316550613,-0.2905758636048404,-0.3141437187301257,-0.839902665227918,-0.3592395034728799,-0.4230856910683664,-0.37738522865243,-0.8425391826018466,-0.15984704278009088,-0.6171254887639196,-0.8471636526575153,-0.3497882153190432,-0.7319983139779134,-0.6404456452792519,-0.5085663826309079,-0.8039304022057776,-0.44737656795965375,-0.5951088591117721,-0.239494201140932,-0.9508003343444807,-0.19652290408573356,-0.4021116076889027,-1.3416240991489603,-0.31872982636407526,-0.5134840117742392,-1.6232114675211657,-0.4061363189895756,-0.6331494423453422,-1.8565886606364208,-0.463366908212857,-0.060794548112910886,-0.9063227028382301,-0.24709564631737335,-0.11550145942927341,-1.3372477860087872,-0.3556115859800384,-0.16048529507836426,-1.594026955491947,-0.41155995621332203,-0.24289377105936683,-1.8083658977098438,-0.44180250683061745,0.12001833488027677,-0.764501625045463,-0.30493003158640336,0.214200777558424,-1.0370348624791235,-0.38063924489489476,0.21026773021295808,-1.2255256245316837,-0.3890528282879778,0.1526629575247057,-1.4049742439024862,-0.3861384455997031,F
0.0,0.0,0.0,-0.2477816315280689,-0.030252651108971722,-0.11639979839917551,-0.499756681344043,-0.16659448747343042,-0.24559369544618898,-0.7399161383047637,-0.24514276129401955,-0.3736410665923042,-0.926893360362139,-0.3158289207885473,-0.5013468622383047,-0.3966227567117715,-0.8281453040773246,-0.20984286602784788,-0.6230396289588133,-0.8421919785695672,-0.40246723613122387,-0.7666322860135724,-0.6456297781821326,-0.5669147220907703,-0.8793096160261454,-0.47651288701554667,-0.663319356351891,-0.24730159630671097,-0.938582677328803,-0.24063349368375256,-0.40140535867713967,-1.344959973952229,-0.38067012595791466,-0.5237732342854485,-1.6236765512178752,-0.48945890598080477,-0.6551962277443224,-1.8601419323995765,-0.5630442337571616,-0.058630626880561205,-0.8951895486099445,-0.28152214412458976,-0.11049342666688185,-1.357974954193185,-0.40613488116784124,-0.1605676553900372,-1.6248253348257826,-0.4806039066084268,-0.24623813845336207,-1.84916854211076,-0.5242211711369332,0.13132692413302954,-0.7551098836616653,-0.3289808971294301,0.22516438982063788,-1.0624358127413718,-0.41764202453444393,0.2172191295950614,-1.2678273602784407,-0.43509339904868566,0.15828830553422837,-1.4562951360737528,-0.43881807065027945,F
0.0,0.0,0.0,-0.24919569410380454,0.004733248753702457,-0.13471048110533698,-0.5213333548715432,-0.13666717462251632,-0.2586310311891743,-0.7674099267869157,-0.20851024338149832,-0.37647297556314474,-0.9538457047752336,-0.2844608115759031,-0.4900253928633881,-0.42071413687087106,-0.7993549514866092,-0.19996780744645765,-0.635683822771983,-0.8489679331502108,-0.3660902430496274,-0.7944417753350802,-0.6811858793652078,-0.5020475363906465,-0.9194678267562432,-0.5004741742596932,-0.5828517807199372,-0.26086520113763456,-0.939196874084193,-0.22329034584124333,-0.4096875073300911,-1.3285812955433138,-0.3334053219812199,-0.5205828145656505,-1.588226155009924,-0.42516417595451783,-0.6374503085299732,-1.831125858319067,-0.49302433235884763,-0.0673598913569278,-0.9205353198581259,-0.261176441085534,-0.1315233390507456,-1.365465270219429,-0.3731396696273453,-0.17617322816777303,-1.639775109799006,-0.4552339102050604,-0.25443805746187376,-1.8735782841757853,-0.5101575640189704,0.13045812970549894,-0.7702112805519878,-0.3069738567401274,0.22246905331750166,-1.0755877141537464,-0.4028250394797657,0.22183710523120984,-1.2893656053417846,-0.43756044775640457,0.16764290775567753,-1.4689719722354475,-0.4555150569595064,F
0.0,0.0,0.0,-0.2584223614951142,0.00017541081260888673,-0.13073477751454735,-0.5303299955728615,-0.15400292620214753,-0.24998037078897728,-0.7782037592337062,-0.2436384987176599,-0.36364876190378886,-0.9683191437545692,-0.328423412083021,-0.47316401075751796,-0.41902924588303786,-0.8160127184374691,-0.19245197561340532,-0.6433236861496908,-0.8816953295824853,-0.3459046393909435,-0.8144940556364226,-0.7297578495169982,-0.4722966253255191,-0.9621150380761331,-0.5763494429878442,-0.5465401417617408,-0.2586869340768629,-0.9427078705689291,-0.21067259172779904,-0.4104735996798487,-1.3489631962053383,-0.3022912651979917,-0.5141836244539248,-1.6148817808499976,-0.3814661880126783,-0.6256463540546539,-1.8466030243043787,-0.4439940745292659,-0.06917594013265517,-0.9154615873735105,-0.24283381631073886,-0.12246749263863733,-1.3677454222380998,-0.3420108915326397,-0.16532614724671105,-1.637277404895265,-0.4157902732241517,-0.24962463542507737,-1.869250113665877,-0.46637638903639955,0.11847932392317735,-0.7681721702059732,-0.2832243809127112,0.21217458875117287,-1.0865214351028512,-0.37326221297969414,0.2130783427995314,-1.298230635019095,-0.4033709773279218,0.14986232484325807,-1.4799484696134466,-0.4188946724257155,F
0.0,0.0,0.0,-0.2495853408310044,-0.03277593398566612,-0.1165785721598591,-0.49992730597080076,-0.18087414939314117,-0.23167498454640068,-0.7321374291327107,-0.26860769474587187,-0.3444258615756871,-0.9172523137299188,-0.3545041138209827,-0.4554607821471458,-0.38486370211829024,-0.8349514522168089,-0.1715119609350741,-0.6276106148277479,-0.8595801041664007,-0.3324831382110659,-0.7980353124693061,-0.6941774814209346,-0.477380749396886,-0.926939227676108,-0.5426191123608277,-0.5653305164458767,-0.2482296338280166,-0.9489348573567274,-0.1946912565653019,-0.40473987396558414,-1.3217374524572725,-0.29989412378785735,-0.5150281018699795,-1.5840492444877814,-0.3937792597946497,-0.6278570105194888,-1.8135581127276215,-0.4654338183519905,-0.07409747707337774,-0.9062833840460871,-0.23062262854697538,-0.10439762714843155,-1.3257361891850203,-0.33170217758933584,-0.13961765476804916,-1.5853171588104504,-0.40733970355015303,-0.22516760359354274,-1.8042478430265303,-0.45894603025330577,0.09609280349776113,-0.7596735502448448,-0.27409893986599043,0.19830986668131542,-1.0469363556038018,-0.35046418602560697,0.193650486243466,-1.2486987945318495,-0.37243532776517024,0.1265016709334169,-1.4248166731197427,-0.38490620977179535,F
0.0,0.0,0.0,-0.2557336455605574,-0.027114491346322062,-0.12003713375678234,-0.5105848014469713,-0.17732360518177084,-0.2412771405269232,-0.7526442936354293,-0.26466595416919186,-0.36070532119691406,-0.9507531069713966,-0.3508526137332859,-0.47796183628229777,-0.38478231021878573,-0.8362440395630945,-0.17967987887237735,-0.6179417173587692,-0.8746339749167469,-0.35306853202568295,-0.7997540489039068,-0.7040290598630462,-0.5041815400740288,-0.9450170019241507,-0.5401169938215384,-0.5939070704062868,-0.24064694830008657,-0.9487332190252248,-0.20492517022535367,-0.39139047509220043,-1.3543836313391986,-0.31699935459839296,-0.5171050131247799,-1.6301136305075206,-0.4138528687570349,-0.6494658550270989,-1.874957892105178,-0.4868997489883515,-0.060758845871563466,-0.9085689641609203,-0.24335624121075636,-0.0929797596523407,-1.3533736484487695,-0.34606037469897644,-0.1345207544492831,-1.6251577403565187,-0.4207849037604647,-0.2237853088514727,-1.86250185157488,-0.47227367740186027,0.11265854773968688,-0.761266820192283,-0.2900731842757603,0.2121217810978662,-1.0609860923795142,-0.3636340847759111,0.20717056102804693,-1.2671381087016307,-0.38170410773052926,0.13817447029719632,-1.4528448209449594,-0.39225183633757704,F
0.0,0.0,0.0,-0.25809176195299477,-0.07192716076754517,-0.09426549151387748,-0.5125001609510847,-0.22884165892373629,-0.2075096588883652,-0.7485464322670091,-0.32693561950507516,-0.32615946742215146,-0.9371924040828549,-0.4258212693905841,-0.4441082511086537,-0.3639730146585273,-0.8602600259156583,-0.14725932541095552,-0.6231469817296184,-0.8935235622134262,-0.3303145627340168,-0.7953873502347035,-0.7436710405263404,-0.49867682979572353,-0.9179738615515908,-0.6049647970554596,-0.5989214913832527,-0.23622037104556967,-0.9537123258907919,-0.1860987258072158,-0.3608661885019659,-1.3608659690202547,-0.31262259540317405,-0.47669045356416734,-1.632898744350447,-0.41882861826918194,-0.6080248769851283,-1.86591370264556,-0.4940132568956623,-0.07115030440075451,-0.9083969530584229,-0.2388885319015017,-0.07721472837418142,-1.3396138157915076,-0.3397504084944299,-0.1091440494460533,-1.600732845418756,-0.4149613418735374,-0.1981890192600463,-1.8217588947923924,-0.4663043934480979,0.08792365967916925,-0.7741906332365665,-0.29967031341874345,0.20068799463935225,-1.0578368493965906,-0.36077860684289526,0.1957823377133234,-1.2508472257517667,-0.37380555918254266,0.12248080790960261,-1.4292047575631834,-0.3821618967225649,F
0.0,0.0,0.0,-0.2730638920600367,-0.0641716052003919,-0.09213956302739469,-0.5263185320689291,-0.2131272440536087,-0.208910528756884,-0.7627799643231171,-0.30167234146281163,-0.32966373705843166,-0.9574147158568248,-0.40604625412040607,-0.4499449507725911,-0.37627332552577564,-0.8481676834093972,-0.16440941061377376,-0.6457203175150356,-0.8476428561076835,-0.353594462079957,-0.8315222136465485,-0.7043715556346615,-0.5275729999096131,-0.9604778218522831,-0.5819831394540019,-0.6321936141634871,-0.25588115938829703,-0.9448470082774524,-0.2044234898910804,-0.39225062341315936,-1.357401478369733,-0.3436044994925569,-0.5084143852514741,-1.6442431296057434,-0.45503524689974656,-0.635184156253108,-1.899270178728624,-0.5326850769655074,-0.09577130214996546,-0.9017450448712246,-0.2557109869438562,-0.09567658303421919,-1.3494236268095186,-0.3718108766740488,-0.12030251062225965,-1.6154771128689127,-0.4486121813279159,-0.2080042206848098,-1.8434058569815768,-0.49603116204253556,0.059711764571244205,-0.7678044708757742,-0.3127361577279692,0.1774197756409632,-1.0671576832970748,-0.3838243806221778,0.16584498055322663,-1.260491312889403,-0.3945483418918979,0.08287341803032654,-1.4363019060686706,-0.3976464090704088,F
0.0,0.0,0.0,-0.26273905900412536,-0.08102962353942883,-0.07501063506021015,-0.503733955465336,-0.22464334457316154,-0.19003777454046375,-0.7408431996168906,-0.30128752460418673,-0.3134489332587918,-0.9304328246067405,-0.4036632572263283,-0.4385406608503637,-0.3362023120069038,-0.8674134792101856,-0.16016527719970647,-0.6106671011926487,-0.8446808196721118,-0.34634887585663515,-0.7910041346760184,-0.6958528754447912,-0.5239789561919072,-0.9239289023676758,-0.5748122424997146,-0.6323071487520292,-0.21720022620722226,-0.9548198345829276,-0.20283773125965107,-0.3503732485669866,-1.3470651274030216,-0.3360352946581398,-0.4678601348999849,-1.6343996311193651,-0.4484953886133654,-0.6051753053589858,-1.881512502785674,-0.5319724793698919,-0.05948178930630956,-0.9094382394665294,-0.2536752222801071,-0.05859101888437711,-1.3451537706633783,-0.3547342534211471,-0.09107212289263816,-1.5998607263721778,-0.4234102170808365,-0.19118687101987636,-1.802806437920125,-0.47102256709168855,0.08841118875029107,-0.7830783637267855,-0.3099496290996341,0.2085499658710991,-1.0863090426720536,-0.36122052653280823,0.18819468755245827,-1.27709231753056,-0.3622453792718131,0.10081983806004015,-1.4424958554615654,-0.36317451102025095,F
0.0,0.0,0.0,-0.2677186616844231,-0.08031562728445063,-0.08432794928944644,-0.5032700334246557,-0.24489940670366023,-0.19083220142384547,-0.7381367498118314,-0.3190882463415247,-0.3060677698875227,-0.9339422091179357,-0.39188331301812207,-0.4201429281093149,-0.3823579986526419,-0.8531542444655974,-0.12488837387889613,-0.6114993242211744,-0.8984617945044601,-0.30360075145530663,-0.7892083266429177,-0.7318269269384508,-0.4629638899118388,-0.9139492799289062,-0.5921506157163894,-0.5562652333966398,-0.25108058689405793,-0.9536302234912595,-0.16597570824956823,-0.37324544886897,-1.3262850527938945,-0.29223765621057357,-0.48845583559940114,-1.6132281691164854,-0.38615963948512944,-0.6112036906728651,-1.8625471858482645,-0.4512925882391257,-0.09506348922955402,-0.9162098800963134,-0.2235636161536056,-0.09253610658535658,-1.3215457067013594,-0.3252484802576515,-0.12966520524835917,-1.5761054018606988,-0.37990082760852445,-0.21270045972338894,-1.784424527790503,-0.4126776953667938,0.0502387089909238,-0.7784908370777578,-0.28889273060958903,0.14361890727468976,-1.0720770385262892,-0.3488073946916617,0.12716545056292317,-1.2723532627529064,-0.34993683140165405,0.061542141514815955,-1.441678402803311,-0.345920308974996,F
0.0,0.0,0.0,-0.2617962022670052,-0.08407530690951158,-0.08576550656902301,-0.4908718321837609,-0.26098150806755177,-0.186877893210714,-0.7222342782293915,-0.33907218058100885,-0.2963583645250349,-0.916361015986827,-0.4066513834965051,-0.4035657929348712,-0.3700031909730334,-0.843810193125023,-0.10263161751195679,-0.6129536516149103,-0.8838883262232866,-0.2841484985969559,-0.7933288617989086,-0.7331921633782451,-0.450823090731904,-0.914529336678343,-0.5960977775279422,-0.5487797870448179,-0.24870706574764057,-0.9583047208067458,-0.14070130605898307,-0.3829447040526015,-1.330240062949066,-0.2671553885984959,-0.4887891504848449,-1.6215165668769542,-0.3690761855168007,-0.5985846865228621,-1.8777568241412814,-0.4378414810840338,-0.0981128637606333,-0.9324633865700881,-0.19644376093596286,-0.10355295059778422,-1.331604835268568,-0.30293209231383167,-0.13586674308534752,-1.5863989216980778,-0.36010706888434124,-0.22013944848496167,-1.794818260260981,-0.3907230145526694,0.05118123092949164,-0.7970125700447053,-0.2601975527024764,0.1353679999174663,-1.067568188500751,-0.3234093849290838,0.11356184817784029,-1.2557122062871438,-0.3222700538808751,0.03638513634592843,-1.4113878594924303,-0.31377188580131116,F
0.0,0.0,0.0,-0.25616505600611167,-0.0921572236767999,-0.09095950537447096,-0.4816473825859977,-0.26414828545464913,-0.2015157683821115,-0.7140415991717322,-0.3433475571846408,-0.3199783431708556,-0.9135322443612367,-0.4255229199357274,-0.4362890475445214,-0.3465574358161254,-0.8465011546673251,-0.13001746369575143,-0.5901301662973198,-0.885798241860052,-0.3139359297760363,-0.771246943616136,-0.7320047249442149,-0.4757863487067101,-0.8941208562640081,-0.592778168823162,-0.571544020862904,-0.22579196185138953,-0.9598752354661277,-0.16630550893505158,-0.33998640421702164,-1.3347030100660966,-0.3051270413523306,-0.4420915292746883,-1.6264343043431913,-0.4129251613475115,-0.5542987769520082,-1.8744489994217894,-0.48828921468683545,-0.08626678626160364,-0.9306941634341277,-0.21799816327741506,-0.05532262447153886,-1.3241042641852374,-0.33080336907677677,-0.09261792279139132,-1.5753453966816504,-0.3902764954405698,-0.18387072801143164,-1.7743539426301622,-0.4252458806780055,0.049972733199932645,-0.7914038980843132,-0.2770775273154257,0.16158232095369335,-1.0712229698699562,-0.3459525536383718,0.1432647950551367,-1.2649938875050322,-0.35040760388683734,0.06721351700093829,-1.4213568228759923,-0.34802826065276643,F
0.0,0.0,0.0,-0.2558396791815661,-0.09691215983446905,-0.07937366765293788,-0.4712018525930427,-0.2679243232328225,-0.18347609049535238,-0.7094650669850141,-0.3472288041013861,-0.29787525370417006,-0.9098868236095582,-0.4236439912366191,-0.414587455861368,-0.3286281106350658,-0.8647289935970413,-0.12129622578563205,-0.5795872767344474,-0.8849220425842085,-0.2901244781647427,-0.7630523105410896,-0.7388301818121662,-0.45104175707531174,-0.8944905933426894,-0.6182566670998612,-0.5483176377563757,-0.22268373600459038,-0.9615053393248837,-0.1609951433080459,-0.3438803808324371,-1.3525501963864295,-0.28683976281337925,-0.4532015814696593,-1.6273941185931777,-0.388020479280376,-0.5783624987771299,-1.8607778291373025,-0.45882969406482726,-0.07858244578789896,-0.9172048538824891,-0.2133572845100523,-0.043699846834956764,-1.3438771248384134,-0.3143632051941176,-0.06919137609657021,-1.599966012813296,-0.37636854445153267,-0.16679327551288825,-1.7958220653809414,-0.4135044392844545,0.04988602079783202,-0.7784163894854768,-0.27240127791122093,0.17619472590026491,-1.0854525802527546,-0.319846086999748,0.16497045412214476,-1.2699377337106033,-0.3143997538947862,0.08537935070159201,-1.4077362833983817,-0.3086447392587336,F
0.0,0.0,0.0,-0.26122429891172005,-0.07158773515069904,-0.08098442199588973,-0.48815075411344583,-0.21849624758060085,-0.18420204866553358,-0.7253584707808032,-0.28534614417934867,-0.2979776102743762,-0.9198300444696745,-0.35833795916691763,-0.4129766576080638,-0.3697056496046519,-0.8469703453174292,-0.1207136049820358,-0.6177681321956932,-0.8535367529592575,-0.29901522083415816,-0.8043888745363954,-0.7119781799812235,-0.46650226047130944,-0.9470012950745689,-0.5954848094602776,-0.5650410531680301,-0.2545106662523171,-0.9538806274862421,-0.15917307960284843,-0.3724710596015959,-1.3415610482297866,-0.28797799900347987,-0.48227507240523887,-1.6019379440004662,-0.3874907968991552,-0.6140397445546129,-1.8065119752304148,-0.45419006712413446,-0.10402421353635653,-0.9234952742967955,-0.21144508578799526,-0.07721672902546978,-1.3353065628528198,-0.3097483256173463,-0.10716506164961576,-1.586539467454133,-0.3682381899438132,-0.20472304643499376,-1.770866908037614,-0.40182618851800106,0.03372054405450443,-0.8055743366793666,-0.2719152733962143,0.1591155859688085,-1.1041168836013242,-0.32183406024950184,0.1416230197269724,-1.2916334357522694,-0.3206588737826113,0.054966632169506875,-1.429488755321309,-0.3158424818044542,F
0.0,0.0,0.0,-0.2660803868104032,-0.07229302673132984,-0.07153815195500571,-0.5055655067927344,-0.22176975511363448,-0.17471488820129794,-0.7496198708964458,-0.2892700827837062,-0.28781862152386317,-0.9514321536049577,-0.37201545401876346,-0.4002383608850656,-0.37914795654381034,-0.8338484566619673,-0.12414539246173514,-0.6632296577638876,-0.8243719517077722,-0.30706059023173815,-0.8526251100252609,-0.6913464896727066,-0.47783338618437493,-0.9862170124873142,-0.5758897786325375,-0.5783458395448059,-0.278133026995367,-0.9464896214631238,-0.16370527101161758,-0.43473714916153117,-1.333082203623699,-0.2862497481000666,-0.5390644325337641,-1.605054508643704,-0.3766621501504267,-0.6626235371142534,-1.8288856758177967,-0.43983488415555355,-0.13156191265903483,-0.9319519635956909,-0.21623390776160287,-0.1447647894214596,-1.353214562936042,-0.30634508653449055,-0.17501168647436355,-1.598138532765692,-0.35023225257476037,-0.2691715951252626,-1.794659629242025,-0.37621691985681466,0.007281985691842685,-0.8198001182244203,-0.2766279239530572,0.10524034838964189,-1.1209650300783316,-0.31415838130981366,0.08859592963586888,-1.2982394690021382,-0.2972394901870456,0.008038219353076775,-1.442356917930685,-0.28210117032494564,F
0.0,0.0,0.0,-0.26827249105500095,-0.07136597680677373,-0.08068837998823193,-0.5068995387003159,-0.21991988247246047,-0.18271091393128389,-0.7648719120119648,-0.2954916049074993,-0.29485945681139164,-0.9692748931332674,-0.38318743408867106,-0.4048314839105233,-0.385810100003633,-0.8245572221454116,-0.1107322276403719,-0.6641129819675401,-0.8287551574110218,-0.29489174188805584,-0.8516667889286031,-0.7043608580198947,-0.4679033268927286,-0.9873603265065029,-0.5922328678397906,-0.5696750118498638,-0.28231565777002493,-0.9487753843925271,-0.14185605150535718,-0.42069192025847474,-1.319410757726144,-0.2636697835095396,-0.5260902730506518,-1.5865221979740594,-0.3537869261098145,-0.6572103383137348,-1.7953419391767358,-0.417454713228735,-0.13741942573250598,-0.9388597250177937,-0.18880523554833642,-0.12711095898079863,-1.3313474157685583,-0.27241493211207507,-0.15467164153802598,-1.570004358250242,-0.30651591809355944,-0.25032441233535246,-1.7557859535264697,-0.32666816868436094,-0.0032492455258840065,-0.8300403660520362,-0.24610126484917233,0.10719089835220054,-1.105191362700396,-0.27806682361700974,0.09242365715449272,-1.2765313281047719,-0.257712917542143,0.011887237299407794,-1.4120354643882893,-0.24025180820095934,F
0.0,0.0,0.0,-0.2905631866609652,-0.014930549741683008,-0.09434581719588812,-0.5537053825915723,-0.15678158725192542,-0.2008817476814508,-0.8029464167417465,-0.23626370908895541,-0.31387508966455174,-0.9936531423170936,-0.34305937428421135,-0.42392911397647404,-0.42278377941134315,-0.7968100481603533,-0.129977367265553,-0.6769472024054192,-0.8271045889383595,-0.30562917101029813,-0.8583739512670622,-0.7102796596196194,-0.4632045345022296,-0.986951656739918,-0.6009763272582893,-0.5564143924429081,-0.2906576420305846,-0.9436573182476982,-0.15820556515743353,-0.45033272380969114,-1.3139880996657698,-0.26877363384985514,-0.5585381266181366,-1.5758674027251014,-0.35328938416311206,-0.6804706334868651,-1.782212987973716,-0.41604609355456856,-0.12643830890773647,-0.9530216727506943,-0.20371535609975247,-0.1569285022208799,-1.341433669860341,-0.2866739973551014,-0.19931965074382452,-1.5750975739059432,-0.3318346370082714,-0.2954399630419914,-1.7615239613561582,-0.36431485397115837,0.03872613972763053,-0.8555906429665969,-0.2596336020713251,0.13383700854408043,-1.155857872325985,-0.31272192654422803,0.11799069819285318,-1.3414904133091534,-0.3177247253496275,0.03677846298337437,-1.494452773184587,-0.3182115040816103,F
0.0,0.0,0.0,-0.2888474211793796,0.0009493192144674028,-0.11346942072210889,-0.570641848523663,-0.15681597478752524,-0.21735531341382158,-0.8219166745740372,-0.26435751407416525,-0.3192100404746178,-1.0106047054267675,-0.3803946656186174,-0.41353476608132833,-0.4506507896756057,-0.7820847141639024,-0.14193749189852795,-0.6979350794389854,-0.8392603175925664,-0.31593922397563895,-0.8980863926692142,-0.7557985419423027,-0.4681741555812345,-1.040194927544504,-0.6639896928702197,-0.556490933200434,-0.3060506892181744,-0.9387897183035263,-0.1581355128889969,-0.46096621941387583,-1.3241451186666027,-0.26782631376705174,-0.5589275095045912,-1.610818858932308,-0.34566505280308285,-0.6551923069169105,-1.849351567033244,-0.3984301509497981,-0.1213786254259158,-0.9525029739151312,-0.19292894711904282,-0.16398868109890563,-1.3390552100549857,-0.28427633963461085,-0.1860170771724519,-1.5800253710979082,-0.3255455180404232,-0.2402198809788248,-1.7826836384180929,-0.346645329649468,0.07475607052520111,-0.8580244716000497,-0.23852867197570715,0.14919671276346427,-1.1657937609303817,-0.2990706740434368,0.14439911065114142,-1.359979823863796,-0.2973581787618441,0.09002638304016976,-1.529192578256379,-0.2864207607094831,F
0.0,0.0,0.0,-0.2887872278053894,-0.01855660323949855,-0.11847120757600377,-0.5764838298076979,-0.19652694396729242,-0.2225105700982436,-0.8355679364978562,-0.3379021362594359,-0.32527121953084315,-1.0215753681529836,-0.4828551219680956,-0.41862259660362605,-0.43139579232149716,-0.793639321537657,-0.12047055637530217,-0.6821912579683272,-0.8552410540600922,-0.30452714424920957,-0.8792863830295233,-0.799672497218475,-0.4653327492318101,-1.0185625197654138,-0.7266360932140206,-0.5566158852779868,-0.2952644635108694,-0.9454015632163904,-0.137966593259543,-0.4459391716263695,-1.333724468008875,-0.2520931118375472,-0.5448521578031732,-1.6228885895129288,-0.3274360391182788,-0.639366756402907,-1.8614927197782265,-0.37386472600775394,-0.11792105643408833,-0.9626456185093087,-0.1789687048443996,-0.17343726093595593,-1.3445444309741634,-0.27742682613521247,-0.19940344615133834,-1.5859819158907462,-0.312505374750602,-0.24687184475523688,-1.7921586617348575,-0.32399362108579915,0.06747526233203846,-0.875901530997002,-0.23267886149373668,0.13039946673358868,-1.1760924359733775,-0.2954493707879656,0.14121123166765281,-1.3794271976596515,-0.29203199630262583,0.11521369257846432,-1.5704719599394799,-0.27748953388282466,F
0.0,0.0,0.0,-0.30032622281141264,-0.02333230910653196,-0.12226522868065408,-0.5797443319293565,-0.21316167529861038,-0.22123870599396425,-0.8251145735900128,-0.3729716122069901,-0.3192205644583283,-1.0021500197919697,-0.5356951575646551,-0.40752949372383324,-0.4336078005285851,-0.799417601935367,-0.119499827048522,-0.6778579238310769,-0.8934289291935195,-0.3008750440086243,-0.8711862215984132,-0.8340390002944774,-0.45505740994668775,-0.9994864779626816,-0.7526251988933361,-0.5406849661106298,-0.29305435125247453,-0.9469087382848176,-0.1322232527653368,-0.4450761315882379,-1.3361427566784734,-0.24203629438653967,-0.5354337275286591,-1.620290190892645,-0.30767940748104844,-0.6219910826997932,-1.864513585153731,-0.34791840702096677,-0.12227493009998394,-0.9662960124031099,-0.17106849181229727,-0.16835065178581787,-1.3423243120457342,-0.26747112132493794,-0.19040339737007733,-1.5712113827900387,-0.3007558353426753,-0.23688977432841898,-1.7728461232483739,-0.3117744538540763,0.053416202548915305,-0.882646405303199,-0.2234693659949232,0.13692358827877918,-1.180969093497577,-0.28493099213998596,0.16022416558214486,-1.3795042657051884,-0.285981804380762,0.14366645351556237,-1.5724336289561416,-0.2758461911870864,F
0.0,0.0,0.0,-0.29218777068677215,-0.029886895615759156,-0.10832393652921621,-0.5584051066537572,-0.22655217808222192,-0.20480529923538876,-0.8069045156654225,-0.388281040754792,-0.3080374358365019,-0.988611230736487,-0.5458943098994619,-0.4027257339113385,-0.426037995213866,-0.809907112460495,-0.07302051400568266,-0.663516618434772,-0.8867617177059921,-0.26006922059858545,-0.8446188983826812,-0.8516185009731341,-0.4227149782571108,-0.9631209300148167,-0.7850669540021286,-0.5109569321962975,-0.2882321521493923,-0.953195931103811,-0.09132219551931704,-0.43419692875696203,-1.3216377040664435,-0.19302121813925008,-0.5180939173612827,-1.602156218911597,-0.25286668806044516,-0.5962446962777951,-1.8470857330564054,-0.28830184521589924,-0.12014372619948807,-0.9724160622384076,-0.13973298094142847,-0.16221937832294625,-1.3370481171994397,-0.2200020523908454,-0.17945306042455647,-1.5556745656990498,-0.2337471161179516,-0.21595453171543053,-1.7468126286324106,-0.23223014072874856,0.049582631839768736,-0.8963950548964759,-0.2040975875749082,0.12623141560355972,-1.1836021408174116,-0.24954772957353571,0.1541692082642589,-1.3790323550426005,-0.23954812560107544,0.15153630977045013,-1.573426773009481,-0.22185819078532093,F
0.0,0.0,0.0,-0.28423663694462287,-0.024639925662219574,-0.11487933291580746,-0.5523231588434395,-0.23282689659464736,-0.20883177376593154,-0.7921832492614432,-0.4088379511163998,-0.30488871650090965,-0.9646639916770349,-0.5847075742720297,-0.3901368933579755,-0.4135277057760863,-0.804592097777512,-0.08934320172562442,-0.6402462546285251,-0.9150140756421312,-0.2693871635846006,-0.8256680371987797,-0.8780067627423044,-0.4245744488465574,-0.9570898369091493,-0.8123910273951281,-0.5096187568792422,-0.2750684328210641,-0.9560286105820975,-0.10171849887718519,-0.40471918350476477,-1.342315554864485,-0.20798753514493995,-0.4923849527764884,-1.6260336101333253,-0.2703674316792587,-0.575822513498506,-1.8674401150371622,-0.304971323362819,-0.10563954917980976,-0.9739208008677628,-0.14118237498724567,-0.13483390157252412,-1.3416493682312014,-0.2289100818667895,-0.1454461648430408,-1.5631485664999163,-0.24400712604006375,-0.17861841471684747,-1.7550453941093649,-0.23918744534364167,0.06821678164199789,-0.8939910326742645,-0.19549993826157328,0.15116501509283242,-1.189928449296526,-0.2469265332175562,0.1799095371682958,-1.3887026577014747,-0.2346530827851266,0.17473915438891405,-1.5796772349443324,-0.21205886081146566,F
0.0,0.0,0.0,-0.2949929051772419,-0.04819444853638098,-0.10119488962914765,-0.5680570417716442,-0.25046843939238467,-0.1929269812339674,-0.8213523916827279,-0.43267650540293223,-0.29024835939864985,-0.9975972740158213,-0.6184935706899319,-0.37876542199300955,-0.4332565429887223,-0.8069925197348679,-0.08804662145829914,-0.6789064543633128,-0.8978326151487152,-0.2729637811087412,-0.8468311208702531,-0.8834858011659047,-0.4293747953050511,-0.9596271426559526,-0.8437668054337921,-0.5140614983324651,-0.2861763477646852,-0.9519235683920847,-0.10929143571088211,-0.42473920745613014,-1.352587638988991,-0.22046484037818426,-0.4995417602422979,-1.6464318599854408,-0.2801057586895885,-0.5860873132145934,-1.884146696045578,-0.3116667560283838,-0.10432369455817161,-0.9671901354237554,-0.1567071902131366,-0.1448558959009212,-1.3300024992906305,-0.24927790010392578,-0.14839321528412272,-1.5410496367711273,-0.26192078856229595,-0.18536906595418373,-1.7292942333266412,-0.2532745924464159,0.07543419711680777,-0.8870945226133131,-0.21786479463790542,0.1643183760636634,-1.1635333096858853,-0.2710687960238755,0.19707317007420658,-1.3500000781913593,-0.25802658040826626,0.18581331459491096,-1.5429024786629408,-0.23446238852455062,F
0.0,0.0,0.0,-0.30085084970279513,-0.055199703583618025,-0.11497196941077552,-0.5868304690016397,-0.25406709808465977,-0.2183092963640032,-0.8426461226008374,-0.4398281344664794,-0.32562702237324825,-1.0197309790428053,-0.6342187114364474,-0.42359788266020704,-0.4178799776885188,-0.8093878530057452,-0.1041423959801135,-0.6651347191750475,-0.9344808968893644,-0.2973278254075864,-0.8577995701029331,-0.9262037425140862,-0.45833947271792025,-0.9913317455697734,-0.8798674765676997,-0.5454771530778014,-0.27000291020722156,-0.9555251886336377,-0.11861720940184926,-0.40161033705308896,-1.3550129449808255,-0.2353198094038567,-0.48201924049390527,-1.6453261023609163,-0.3009123677138419,-0.5606319686616877,-1.8907621892472388,-0.33993602449619165,-0.09764907677182792,-0.9744828946071081,-0.16008155387975878,-0.1142942832378664,-1.3306908732127845,-0.2532242433513587,-0.1187866472195079,-1.5435625383969236,-0.26075313725674076,-0.15266838550561418,-1.7369054806799804,-0.2515306256317327,0.07323764792755028,-0.8936822486236059,-0.21715180359453232,0.16245298535351618,-1.1828806834805514,-0.26932450120610896,0.1985420395040237,-1.3806923199241148,-0.25139238827398114,0.1958215507127718,-1.574604178263085,-0.22609020733686666,F
0.0,0.0,0.0,-0.30461440655161837,-0.057854041814026785,-0.11501055329525486,-0.5916421595230291,-0.2533586376428298,-0.21865254926652564,-0.847193401696209,-0.43503878842713967,-0.32691850332889316,-1.0219605375200467,-0.6329013922559237,-0.4282228335496329,-0.40355831543778103,-0.801645493286458,-0.10456165195729075,-0.6429528948287376,-0.9302672943182935,-0.29837359973624794,-0.8385660546944456,-0.9230538011906478,-0.46053316946077394,-0.974115782933362,-0.8822341555534359,-0.5493189568128624,-0.25340157338668867,-0.9595533617813348,-0.1226580144111653,-0.3797497250696485,-1.3627927568532379,-0.24350092664638143,-0.4695594146490291,-1.6552720525776292,-0.3141212383243526,-0.5598113567981239,-1.899030301117518,-0.35700878753114346,-0.07897208828678813,-0.9881737811348861,-0.16821149690343504,-0.08406674567890149,-1.3528231635770136,-0.27036306965704093,-0.09463153210237732,-1.5750121801344295,-0.29140077369970396,-0.14174097605555958,-1.7753015179693041,-0.2917029988329656,0.0925717690345704,-0.9108947731369759,-0.22827717977518563,0.20008777036622175,-1.2016870399189392,-0.2901179963120814,0.2408885415656971,-1.4082452845165643,-0.2829143546323766,0.23219909622298338,-1.6064633329094415,-0.26607405179095067,F
0.0,0.0,0.0,-0.2968501540360087,-0.06897742801979757,-0.12164156025351824,-0.5817352827624841,-0.2876296073369832,-0.22301786937788393,-0.8432743075673028,-0.48547797688577343,-0.3249131310109624,-1.0311003375852117,-0.669744625007554,-0.4184316630962359,-0.38684385204250665,-0.8099086988074706,-0.11847904419462674,-0.6398431524689328,-0.9414932916637947,-0.30844519633815143,-0.8470594727374539,-0.9531722256119877,-0.46237400641290055,-0.9982588635066952,-0.9344487968204319,-0.5464953904435728,-0.23247173146221797,-0.9639110337242782,-0.129739790101386,-0.36524406056230246,-1.3781004576271567,-0.24865203095074415,-0.4430144218864447,-1.6636390538896533,-0.3127805753625122,-0.5205759372254818,-1.9071160545785137,-0.3504289795970113,-0.054672293014249314,-0.9857487976571404,-0.16805292977541214,-0.0660713010577375,-1.3383097343801946,-0.27301003158425013,-0.06889975743965668,-1.5547964919393646,-0.2998967198460294,-0.10948972229503927,-1.7544478677837247,-0.30324183440725255,0.12349239558887098,-0.8985471302312912,-0.22009163381444155,0.22819092027244522,-1.1820801814043833,-0.28221578473071685,0.2574133421733748,-1.3796650662661627,-0.2787114313067413,0.23331136744169728,-1.5667729977543565,-0.2654533254857657,F
0.0,0.0,0.0,-0.29482522196023003,-0.0669013572525136,-0.10698101051181676,-0.571678358040474,-0.2931682444897253,-0.19670011109470362,-0.8240654177037949,-0.4832430170811415,-0.29000601356296063,-1.0068810345658041,-0.6616938375018214,-0.3743555109790706,-0.3731132910682676,-0.8184675616368703,-0.08872756194018093,-0.6206255356369085,-0.9643434618534115,-0.2652171620237142,-0.8236017768564253,-0.9715063630535407,-0.4160178741191203,-0.9689085884625891,-0.9494364275415055,-0.5001176791907493,-0.22189186846882447,-0.9697173872121659,-0.10204012762547976,-0.3493078925679131,-1.3857245231029758,-0.20893282342361122,-0.42880034390080624,-1.6676348296156194,-0.2769659946698017,-0.5071421316805648,-1.8977766648700378,-0.31836247439701015,-0.04245421615282566,-0.9940234739196976,-0.1402979070054351,-0.0520441310576822,-1.3388272308096718,-0.22906290086083317,-0.052117539715078695,-1.5474118934542809,-0.25645420936567354,-0.08840844732036109,-1.7326785361986705,-0.26242259048534033,0.14120944221766768,-0.9197848184510717,-0.19188846517880648,0.24849887064529408,-1.1958103576769477,-0.2407308639228963,0.2682871004305138,-1.3872186980089927,-0.2342186069793877,0.23223370756533107,-1.5625622740351452,-0.21976658628245166,F
0.0,0.0,0.0,-0.29514185997353637,-0.07219140573838885,-0.12797995627301031,-0.5755122388602724,-0.3047111907300812,-0.22026595153759382,-0.8305012155618565,-0.5070240712315097,-0.3098990825335922,-1.0085832734570697,-0.6798551614726409,-0.3898380513331523,-0.37956905078548003,-0.8156501308498839,-0.11499369667027849,-0.6408424398555254,-0.9640971347937172,-0.2819131325419461,-0.8516118699002063,-0.9898907127964552,-0.4172709497963893,-1.0000855864699363,-0.979562943809138,-0.49117326583268034,-0.21965892447215438,-0.9684772040620014,-0.11748132665230121,-0.33752257624527454,-1.3783247491751485,-0.21928119058391143,-0.4069573725542519,-1.6579050353694242,-0.27212318888627685,-0.4803222639482834,-1.8832041972365405,-0.3017447529615788,-0.044546776324137984,-0.9904741165460395,-0.14622093999284078,-0.037062699926655486,-1.3286910875014992,-0.23676199975228615,-0.03364922702644382,-1.5378463403448064,-0.2584630532091268,-0.07132484815429943,-1.7254415657006164,-0.25827401129473404,0.1277039821193871,-0.9040368674169328,-0.18961044188617715,0.23400647618597395,-1.181486754914381,-0.24574816049472326,0.2651946689885535,-1.3746591090864717,-0.24021255311632067,0.24088310747056516,-1.5509654451752009,-0.22373725727287186,F
0.0,0.0,0.0,-0.3098067760782305,-0.07380803598020934,-0.12441738798245344,-0.5971832189411013,-0.3032811140665443,-0.21759525896016424,-0.8527730965764214,-0.4968521005213953,-0.3085110796928522,-1.0261742164404468,-0.6738615165161943,-0.3905148908074862,-0.37577225168112505,-0.8153636004039108,-0.12338043665578775,-0.6405086832371074,-0.9573473070845423,-0.2972988781618322,-0.8581742532648428,-0.9922986873178946,-0.43970372681032766,-1.0156296625686974,-0.9922214605485256,-0.5181686515432717,-0.21364529671150098,-0.9685942471841571,-0.12720405463195986,-0.32776638018342263,-1.3758703036004483,-0.23163442522802283,-0.39822603595734035,-1.6555159155655976,-0.28527158379581785,-0.47443295373161604,-1.8821051196596557,-0.31667167823599357,-0.041311537056931774,-0.9931324129641722,-0.1566804713538967,-0.031755162370198056,-1.3325066639424459,-0.2470817670509606,-0.02780662369270142,-1.541526980169359,-0.26770559361722673,-0.06527744304158727,-1.7392402461061882,-0.26907465037682704,0.12143828617558787,-0.903195370775726,-0.200809286107443,0.23807065480222828,-1.1690140890066227,-0.2594933926319873,0.268607709770057,-1.3657240134346074,-0.25634658709748903,0.24204358797406314,-1.5567224589464705,-0.24254944521199429,F
0.0,0.0,0.0,-0.31098464832054457,-0.06553423834905912,-0.11521823753024689,-0.6015657074006163,-0.29212161058913527,-0.20076478038321705,-0.8561211098475853,-0.4752464917429871,-0.2851628238007025,-1.0324402667553352,-0.635537643649784,-0.36113591492929864,-0.404971939176531,-0.8094634927277686,-0.11155377878967018,-0.668886992030717,-0.9455909080948617,-0.279392710653826,-0.8819745551514057,-0.968794199910369,-0.4187671044452784,-1.036022914308842,-0.9585685035583684,-0.4957909248449673,-0.2453009261900422,-0.9623972213995459,-0.1167006591786913,-0.3674058616449208,-1.3600614346576487,-0.21472373458621397,-0.44370097309955303,-1.6329405838499378,-0.26845006030681673,-0.5226532257072491,-1.8526342656343864,-0.30114922933954125,-0.07154728713026019,-0.9852782969731829,-0.14628383584849364,-0.06968582548488729,-1.3207635264575834,-0.22823856391955155,-0.071950024779959,-1.5243354248618075,-0.2482276115813191,-0.11062328799553123,-1.7157068606112513,-0.2509899105583537,0.09699773356326964,-0.8955623631329577,-0.1897663103497995,0.20374652471771437,-1.1591872972894322,-0.2403619336936006,0.22810656892321923,-1.3515688750796642,-0.23482236450453975,0.19961740259753344,-1.5385901956480255,-0.2206524252745014,F
0.0,0.0,0.0,-0.3074887780984459,-0.06624323740777815,-0.12647468118733352,-0.5989537972678047,-0.2934181340528685,-0.2199052456763604,-0.8525130452334082,-0.5046231308777384,-0.3133300326686078,-1.0313234250324743,-0.7008934269164543,-0.3974110987998229,-0.4189364341970954,-0.8086261525858943,-0.10228414970990524,-0.6743614926504296,-0.9652723214898185,-0.2795492336793837,-0.884757896703806,-0.9894182779747328,-0.4230139152920933,-1.0358970198719328,-0.9768739201894782,-0.5005384533975173,-0.25741309509515525,-0.9602469264022042,-0.10800156854718562,-0.3900651272906482,-1.3676639307427259,-0.217085121109476,-0.47400085728065483,-1.6513153990730993,-0.2770190431592165,-0.5597961709007521,-1.8949843428851267,-0.3103680384585827,-0.07277142360214534,-0.9853048286565561,-0.14181850898848583,-0.09066702729337711,-1.3243526051632661,-0.24002006612360358,-0.10300262486166624,-1.5316211366546375,-0.26396340900618176,-0.1541686498960632,-1.7243816675942245,-0.2637926679277458,0.11139347601773969,-0.906124235293701,-0.19032088332710945,0.1981520909342032,-1.1780876350559484,-0.25050805231901746,0.21733017052166353,-1.3755468115430651,-0.24619858537399453,0.1857327838570202,-1.5597208267689802,-0.23027846831769064,F
0.0,0.0,0.0,-0.3020443624620638,-0.0743640853288228,-0.111679250636973,-0.5925756525520615,-0.31927999710717697,-0.18937020794903045,-0.8314056657305979,-0.5427840544325299,-0.26988207401392483,-1.0012161771633774,-0.7429524201948063,-0.3422441187018896,-0.422726235997198,-0.8138549782539285,-0.06812725055174362,-0.6610000208906383,-0.9718186077368244,-0.2394085026611225,-0.8478508547848813,-0.9961127085282185,-0.375148927403951,-0.9860375525267945,-0.9888179073790455,-0.44646026152030266,-0.2717222064560964,-0.9587792807697888,-0.08312239941915235,-0.4209151208815897,-1.3678527231859414,-0.19833670410873908,-0.519487691530969,-1.6329919772662966,-0.2591867050204003,-0.6148068137828815,-1.867892331091831,-0.2882220272215785,-0.09696620659618432,-0.9745026376211788,-0.12710213651438418,-0.12498491315000172,-1.300441037628574,-0.23998952312938185,-0.15088338130869852,-1.501803542565729,-0.2680982771916616,-0.21146948690159034,-1.701950005288823,-0.26448612114835635,0.07856317626602302,-0.8813255357923032,-0.18400679198766198,0.1463229507306199,-1.1386703937109715,-0.2508852867797365,0.15794838206335443,-1.326180012938417,-0.24774309311513393,0.11963064866563974,-1.5086444909610126,-0.23087539322490713,F
0.0,0.0,0.0,-0.2993131938974434,-0.06886341385927255,-0.12360368072015172,-0.5905057566582023,-0.29292727484412273,-0.2157663623245797,-0.826794487463841,-0.5199007285116605,-0.3092838210610307,-0.9758878645738781,-0.7454186956174639,-0.3920536698543837,-0.43077118903982753,-0.8085153808610427,-0.08786886122340742,-0.6706911693201225,-0.9763167424256394,-0.27222394312612447,-0.856402620567809,-1.0014420195876352,-0.41371582895412923,-0.9891522690501354,-0.9844479151101067,-0.48621337866423664,-0.27725726406489204,-0.9556441397503563,-0.09936139936641444,-0.4248376780788549,-1.3749429874370138,-0.21826485033056253,-0.5169596366802408,-1.6563328519693306,-0.27620673439514687,-0.603959030532236,-1.9050001835009247,-0.30107007291893095,-0.09302087653910812,-0.9731768671217428,-0.14130204529844187,-0.13659812913807964,-1.3211266290808512,-0.25398835178158463,-0.16887860735231244,-1.5354548059624502,-0.2750471955126857,-0.23269337279129082,-1.742591890331504,-0.26622188073090913,0.09769530001311053,-0.8822887715894182,-0.1977914860457411,0.16294133155284593,-1.1370517531264548,-0.2662530661431001,0.17221036392478048,-1.3200293669018097,-0.25968954083383067,0.13469625822558753,-1.494311897933622,-0.23834508704248755,F
0.0,0.0,0.0,-0.28729201991882897,-0.08038227747351195,-0.11429777322924006,-0.5618340589273371,-0.2996143240684286,-0.2038037826220559,-0.7729039525402999,-0.5292925844557652,-0.2974720245053359,-0.8949588340651922,-0.7789763638699106,-0.38047729880484615,-0.4029101728734961,-0.8255434908495453,-0.07121812479562463,-0.6074444322086653,-1.025853116985779,-0.24762507575331968,-0.7612167402733461,-1.0291930866490493,-0.38282883500975673,-0.8732099304477268,-0.9928192342752664,-0.45245742416930657,-0.25169694085911526,-0.9636450439057511,-0.08964864370444266,-0.3955098308144018,-1.3918493848830065,-0.20322012357819758,-0.4870356509719034,-1.661851489773622,-0.26721829018644105,-0.5702716013195192,-1.9064828463531052,-0.2994141559371151,-0.06321820842125883,-0.9741867958721905,-0.13839419851509357,-0.1290017290660565,-1.3194625051190412,-0.2492336342785521,-0.1679314146800552,-1.5205128015508547,-0.28315819843190526,-0.2317023974972069,-1.716384080831257,-0.28718417833231685,0.1384864496685085,-0.881864616392086,-0.20056636682769857,0.19839749069773335,-1.1399209572732645,-0.26795571767193666,0.20544411701071938,-1.3158631106490342,-0.27076414710919255,0.16804503775646729,-1.483862998511252,-0.26012219542923776,F
0.0,0.0,0.0,-0.2733480501017167,-0.0691430560178491,-0.11844180407969737,-0.5435373322019472,-0.2934940964898108,-0.20593718088898572,-0.7547881495531235,-0.5273378239640444,-0.29563415692895284,-0.857740420089333,-0.7911223621037111,-0.3722313194230798,-0.41649625781925564,-0.8208210824706862,-0.0630241164487168,-0.6043650086450084,-1.0107690877650812,-0.23870661064419985,-0.7442557723050004,-1.0349569457368044,-0.37267265217956114,-0.8501747516990988,-1.0159835439229705,-0.44119211459025465,-0.27036432813071387,-0.9593147544863744,-0.08135313085047823,-0.41913833127431877,-1.3991032243891999,-0.2021613094679393,-0.5121413332615026,-1.6869457537371537,-0.2685664829992819,-0.5940931210621185,-1.945191830431406,-0.2974375469190293,-0.0784015921744493,-0.9714132203023996,-0.13063169962582755,-0.14674188129944116,-1.3258180424318795,-0.2501066251553683,-0.19066053967621843,-1.5333715952457487,-0.28699136944401676,-0.25447849128940775,-1.7314182834630845,-0.28740053481440675,0.12983097288725579,-0.8815796982768108,-0.19299820427360226,0.17527841700614472,-1.1453189311263705,-0.26254102119098116,0.18051139855386908,-1.3224153567975636,-0.26388872754860704,0.1497816835321899,-1.4907334571826798,-0.24954920940764944,F
0.0,0.0,0.0,-0.2650286474787612,-0.04940175396842597,-0.14089879809079156,-0.5326312039852606,-0.24011932321432594,-0.2409402917745364,-0.7341615044347277,-0.48399572635757926,-0.340611879541373,-0.7856792874582927,-0.7666082471498049,-0.42187664840697997,-0.42704850772262826,-0.815023082451316,-0.05798773731038653,-0.5879034267731664,-1.0222287309850973,-0.2342327493436997,-0.7014408132132547,-1.0433051648803313,-0.3682533969866224,-0.7791357023913401,-1.0058124390295484,-0.43342463401739856,-0.28279066904076294,-0.957364287365396,-0.059017444716160224,-0.4338895513330102,-1.3894858713412739,-0.16246350528190204,-0.5267378537393631,-1.6730660753155686,-0.21680301135324642,-0.5999354111272736,-1.9316274510561438,-0.23931110592612267,-0.09009649657432367,-0.9769628577027214,-0.09592530732112198,-0.17442335347195292,-1.324378972607032,-0.19237212262854927,-0.22335716969792582,-1.5237324573548054,-0.2172546366502177,-0.28282712845648333,-1.7121654670394517,-0.21349240211424017,0.124054042043581,-0.8995378939230902,-0.1508258012213335,0.14944915659196,-1.164033982488087,-0.2022241796584142,0.13730414804911958,-1.3298317925333283,-0.19883376830172336,0.10184598331765915,-1.4882547428331916,-0.1826400202194576,F
0.0,0.0,0.0,-0.26560857131655363,-0.04742897725849911,-0.13229722101691377,-0.5246466231222207,-0.24500776670031424,-0.2192338434781572,-0.7145042522077864,-0.48792651685380856,-0.305640007786377,-0.7574602926920025,-0.7553057699880128,-0.3733467309302273,-0.4400221160623119,-0.8089705554889368,-0.03480987926979842,-0.5809096095685804,-1.012034477806687,-0.19017625695798968,-0.674957177337361,-1.0583934371824937,-0.3103917551421138,-0.7384121099740659,-1.0457929499307503,-0.3706163209233499,-0.3042991531819842,-0.9518791658906511,-0.036442817070659966,-0.4639575619986303,-1.3795376246540643,-0.13003648700760917,-0.5571026564790181,-1.6604113351253105,-0.18208205793266521,-0.6342573200741268,-1.904828286677305,-0.20416539600837022,-0.1187200839466381,-0.9733372193521603,-0.07269061764720906,-0.20594480752604935,-1.3071404716967894,-0.1649419939890566,-0.25576627120179524,-1.5010670409296314,-0.19350940234419095,-0.31696086349600544,-1.6816920810556342,-0.19302292464717102,0.09167183581096379,-0.9052672519694658,-0.12553169471506795,0.11815269984684452,-1.1646338423480151,-0.17574208545233697,0.11030808557900587,-1.3295075490624084,-0.17685550116415436,0.08184918754335634,-1.489936474052764,-0.16540685150487602,F
0.0,0.0,0.0,-0.2613557153536349,-0.03641879092767049,-0.12590289792669276,-0.5189279777382593,-0.2427575583821802,-0.20109137747481987,-0.699371255854086,-0.49194897327729203,-0.2753262023150057,-0.7368121852100766,-0.764109278844327,-0.33315377621693254,-0.4513936223840081,-0.7958072851758704,-0.029607952629555158,-0.6104030638647124,-0.973143909344304,-0.18030939762079554,-0.6891954584099702,-1.006939546961473,-0.3022024135473369,-0.7247326915527572,-1.0134905540106018,-0.36898687813238695,-0.3163775020792552,-0.9479472484215449,-0.03607340277978767,-0.4962476339304913,-1.3744768155355622,-0.13882496020606763,-0.5981371480497923,-1.6648070419292356,-0.20605750967487937,-0.6769716913205732,-1.9205983614885846,-0.24031977570497726,-0.1316695624332342,-0.9759710573928355,-0.07516084631248664,-0.23153504636465075,-1.3309226019219405,-0.18223568033004048,-0.2857184427312254,-1.527265372537889,-0.23072579939531992,-0.3452087583875308,-1.7104374304531036,-0.24341939425332174,0.0843939729010323,-0.9102736733811714,-0.12843159861738518,0.10398307060366765,-1.1813462616871238,-0.19022265689316734,0.0915727540191306,-1.3451123969500502,-0.2026069329509084,0.05866440437611554,-1.5024409192426347,-0.20060743115654026,F
0.0,0.0,0.0,-0.25285270917889086,-0.03509133761238561,-0.12615205007816854,-0.5093650964080985,-0.21756967181313372,-0.21213373514937395,-0.6964589143260375,-0.45181783423777055,-0.2976733692806727,-0.7286623918606527,-0.7233774279702888,-0.3642542375013637,-0.46105357580394135,-0.7905025778183287,-0.04410208058444917,-0.6259455998714728,-0.9983997362134208,-0.2145064939501849,-0.7025018634481235,-0.972688098602688,-0.3482786765889652,-0.7266847995773084,-0.8965907637459544,-0.41723182925762925,-0.3322538656472113,-0.9418513693097033,-0.05023312544449002,-0.5152791439718829,-1.3494046777367161,-0.1587721471198917,-0.6238604060024237,-1.6190826514762113,-0.23191542672539683,-0.7068482819942348,-1.8593967767864295,-0.27198116483459367,-0.1478959924852456,-0.9708294923731604,-0.0888664021422883,-0.24580535617659185,-1.3182877436318108,-0.19135074593914173,-0.2990233377097944,-1.5128692363993526,-0.23407067179742616,-0.35491703649024814,-1.69554129017846,-0.24717509739502014,0.06418905879783766,-0.9015352953156758,-0.14214585062227353,0.08080156845974482,-1.1675042583097017,-0.19829773506194168,0.07255015493754632,-1.3236171436719026,-0.2036360100906156,0.049135609199110655,-1.4753600458631366,-0.19769425114006903,F
0.0,0.0,0.0,-0.27530853266486355,-0.013173622808939562,-0.12822976302965508,-0.5609939769979848,-0.20439903631481046,-0.208894788602917,-0.7623774917298297,-0.44122341465777665,-0.2880714821321051,-0.831011976571861,-0.7169729107874071,-0.347736602971768,-0.485516587683899,-0.7757336708419672,-0.04416832644919145,-0.6504532507253803,-0.9853212915516834,-0.20240303182286762,-0.7598700423371727,-0.991562531587846,-0.3203588141662587,-0.8342648213489839,-0.9492898197314836,-0.3776507030643482,-0.3494846297951679,-0.9355736704440262,-0.0506201610904891,-0.5301937717506215,-1.3712058483536465,-0.14994322828534026,-0.6395291843906363,-1.6486929076634684,-0.2020345605661752,-0.7278720363314325,-1.8945331247296524,-0.22198585932298967,-0.15716837809730078,-0.9706414506805838,-0.09068438360582694,-0.25495286205440737,-1.3297330416511555,-0.19404963464282118,-0.3111289076893936,-1.5294380025994059,-0.22819394674880925,-0.3756846733234966,-1.7161330628880989,-0.2294060981039077,0.0670781280768803,-0.9093503574150786,-0.1454757252179693,0.08810270040954701,-1.1790239426676397,-0.20839819046194663,0.07661013831935141,-1.3458784753789148,-0.21380317478456926,0.04191235599871186,-1.5044672572197948,-0.20344451874663136,F
0.0,0.0,0.0,-0.25738448062258873,-0.07813061933237234,-0.0984045236568422,-0.5087327355250971,-0.2769397326567882,-0.18992707479724155,-0.7295525847365715,-0.45824752022615617,-0.2883677693814488,-0.8711993933385263,-0.6499212280482156,-0.37739041664866807,-0.3985538569755807,-0.8270457603882257,-0.06984832851772133,-0.6071660255434066,-0.9538922872733826,-0.26204592412718,-0.7485665659536694,-0.906799838168752,-0.41762482171935233,-0.8321280656187817,-0.8295299184962747,-0.5007816662831903,-0.26187477458447284,-0.9599305190113158,-0.09977475185134455,-0.42479186248370815,-1.36138248177892,-0.21812131646511618,-0.5179658456962158,-1.6379260259097832,-0.2877674095384778,-0.5956905414160246,-1.891824283506332,-0.32815161694234507,-0.08267660978993374,-0.9649116973418814,-0.15892884792498027,-0.14689242728593752,-1.3235961854954597,-0.26278490570383095,-0.180240350069586,-1.5416539841257493,-0.2973637859425259,-0.23448578683304744,-1.7512928798310505,-0.308671915080513,0.10765047004765611,-0.8606346413163087,-0.23096692553608156,0.16394947908711863,-1.1294851659822662,-0.288447508591097,0.16955547297830167,-1.3124483902843826,-0.2865258614891791,0.14053358669470925,-1.4931982688885759,-0.27694125568988487,F
0.0,0.0,0.0,-0.26190621730937724,-0.09134189397973737,-0.08762262563257449,-0.502008701898776,-0.3138378561030977,-0.18245742778035387,-0.7257974862395905,-0.48008278031789126,-0.2826219181218494,-0.9034227926484,-0.629825801403772,-0.3760324706608206,-0.3712690233190131,-0.8461058056601855,-0.10771574290212642,-0.6029498580476332,-0.9433750034843355,-0.3057704433683332,-0.7720901319842951,-0.8793150905642542,-0.4664043189435456,-0.8755441684149367,-0.7887922509433446,-0.5533938354009871,-0.23142604578364043,-0.9616757600402422,-0.14704325174577396,-0.3694328725430909,-1.3848735047223082,-0.28419684444396615,-0.4436604317717887,-1.698229527129051,-0.3667074469744651,-0.5088138663515538,-1.9736339524791076,-0.4142094535377183,-0.06006566431337703,-0.9446249223096175,-0.20889677191661812,-0.08613330776099251,-1.3462363686632333,-0.33259667599407516,-0.1068103401980074,-1.5963224726110916,-0.3795363334949972,-0.15743142337217592,-1.8259796973422586,-0.39556475478789815,0.11788479260357447,-0.8182397664217592,-0.27891552267435876,0.20947495421268136,-1.1024503704355024,-0.35821002972311045,0.22492566702885358,-1.3055975891434977,-0.3643938100459283,0.19219461193619705,-1.5064880894232378,-0.35656585732602786,F
0.0,0.0,0.0,-0.2602579696977727,-0.10832568994149552,-0.08492519399787629,-0.48905039858806915,-0.34036680058643193,-0.1760223074947031,-0.6967507068512167,-0.5135444596994376,-0.2727236644928576,-0.8569475308188116,-0.6650525891997293,-0.36511613214326105,-0.355171056113887,-0.8596282142116326,-0.10819435459862449,-0.5725020174688294,-0.9847312537926847,-0.2931352793903658,-0.7309652701049084,-0.9145095154929019,-0.4462180078996052,-0.8304620024727897,-0.8190670814910689,-0.531973661160872,-0.21044630586601598,-0.966204536417467,-0.14886620218724886,-0.3412135326611119,-1.4035530241600143,-0.27218028499494595,-0.41305961183821455,-1.709552226825645,-0.3544650985624234,-0.48029358912984177,-1.9770825361013136,-0.4081877728105703,-0.038057458679157614,-0.9351053377486785,-0.21068778246565834,-0.04210133814034404,-1.335186579128654,-0.3254173878624787,-0.052578499244348764,-1.5783428127457169,-0.38393371061253645,-0.09855835874291183,-1.8088528485165314,-0.41427877102243255,0.13331246442471398,-0.7941924502741583,-0.2796998775086473,0.24033276641514167,-1.0728217500241028,-0.3543011688577032,0.2580296684321755,-1.263341732295137,-0.3658926486413591,0.22368940613273214,-1.456240977921029,-0.3672358751420728,F
0.0,0.0,0.0,-0.2604207536215389,-0.11717004804650101,-0.08962225518393385,-0.4800275620977782,-0.3553348785529509,-0.18389093262356399,-0.6715842486672416,-0.544084712518053,-0.2835591177275148,-0.8257858591339804,-0.7086530628343319,-0.3795652676397621,-0.3184936769938614,-0.8725515469170305,-0.10472420066672987,-0.5282418550128971,-1.0022602446965272,-0.2981269344151782,-0.6815896687459713,-0.9622486533963815,-0.4577519723807121,-0.7831118766168211,-0.8885288876630558,-0.5459390526930052,-0.16602482709723618,-0.9748314287104702,-0.1487932874347361,-0.2855084747071852,-1.4107956068281253,-0.2817694262883276,-0.3606198592693589,-1.7187275820770889,-0.3711864240223723,-0.43363295049542866,-1.987326479986435,-0.4246692059951364,0.009898321306528528,-0.9406744594223525,-0.21526489984911096,-0.004876652788854882,-1.3507330410480187,-0.339896120783339,-0.01992635851727568,-1.6057409273757854,-0.39849916090439763,-0.06335679540578845,-1.8475298206831738,-0.4240354551083931,0.18105612868881912,-0.7978319709065737,-0.2895337546680185,0.2757008436653155,-1.073865419454501,-0.36804716055491393,0.29479635518582675,-1.2657406860673595,-0.37679597167006235,0.2705663112241422,-1.4600304423913917,-0.3725438399824583,F
0.0,0.0,0.0,-0.25190126672274304,-0.1313492155482875,-0.09222485081047867,-0.4651232249748112,-0.36988712408819124,-0.183069541956618,-0.6455662315342545,-0.5647980008794138,-0.2784102154037983,-0.7629931020174547,-0.7498721632768488,-0.36879570192019423,-0.2904360788756336,-0.8815670409407078,-0.09772923366809394,-0.48276762582895927,-1.0307489042364855,-0.2869684467875268,-0.631726936569171,-0.9937996433392237,-0.4395341131284607,-0.7300752992426013,-0.9182631347357356,-0.5233905318973329,-0.13658386877964032,-0.980969759916409,-0.13799701778925894,-0.2509591637582551,-1.416108153393169,-0.269190161572817,-0.32330763414381813,-1.7199187723605311,-0.3550177446106691,-0.38979786989355514,-1.9886070697873828,-0.407282610992527,0.03401992645490426,-0.9428980742035399,-0.2019901867249917,0.03155599825923493,-1.3388710175784913,-0.3258288913259879,0.018490534814187165,-1.5847977252442917,-0.3816510431841212,-0.021449723867657144,-1.824445193976469,-0.4062514870058127,0.19784705065358035,-0.7903811794409416,-0.2743410590497215,0.29151974697790584,-1.0617282199712492,-0.3518757910560796,0.31408939873005914,-1.251371874864451,-0.36020965146701994,0.2961840142936768,-1.4443875809422526,-0.3572659596707729,F
0.0,0.0,0.0,-0.23904482469660085,-0.12159794411706047,-0.10364697604260625,-0.44993229982034827,-0.34833485440244066,-0.2038541706502165,-0.6264014399474979,-0.5464936872997068,-0.3087572283284625,-0.7264021698474947,-0.7471523069725285,-0.40650623222006244,-0.27857163528294665,-0.8822711887145751,-0.11067828080822277,-0.4586382903261233,-1.059277013078692,-0.30427102648276844,-0.5922527146538413,-1.00324349723315,-0.45692875790688253,-0.6728124466118934,-0.9141971219928935,-0.5384203022223512,-0.12689358130762382,-0.981245836552151,-0.14510212704159378,-0.230093914828628,-1.4425711854793806,-0.2758505704663659,-0.28397507226479235,-1.7561648566350536,-0.3600993865394306,-0.3282772592903182,-2.0395448255530835,-0.41149040186439245,0.04622979719929513,-0.9414786258177614,-0.20415596597591298,0.02836369027763932,-1.3411249683985278,-0.32104618408518354,0.017519339903890586,-1.5856422858737416,-0.3762096134251678,-0.011018064556837733,-1.8296261707416843,-0.40289529744249275,0.21465605882921243,-0.7890905040965888,-0.2734435378057022,0.30158104881075654,-1.0619112740315118,-0.33648952376518837,0.33078972191045186,-1.2420716200998314,-0.3404666251139647,0.33118013792346024,-1.431461248605535,-0.3374746022260173,F
0.0,0.0,0.0,-0.23005359332736733,-0.13303253655685518,-0.11047820140736535,-0.4307399838805341,-0.3654534466355207,-0.21331459538627096,-0.5983142551790965,-0.5650742229598568,-0.32160173918385276,-0.6892178444277938,-0.7640578335106502,-0.42123473398266115,-0.26355174147780264,-0.8855798389659676,-0.11049491978451001,-0.4288669804017788,-1.0784793505944164,-0.2969575563310605,-0.5481887301985701,-1.0109633329044128,-0.4427220401349279,-0.623514090641693,-0.9075428112322499,-0.5199636142121659,-0.11132222783623406,-0.9841540622797909,-0.1380150110957615,-0.19707058656221615,-1.4366395772914977,-0.26235609070582455,-0.24498527825627991,-1.7486985757232358,-0.3456607174972447,-0.2896736843819661,-2.027949370870054,-0.39911773182503385,0.0576147036550698,-0.9461719813136279,-0.19065317253304018,0.03852960952152102,-1.3366810478143618,-0.30010846266942587,0.030057474782847576,-1.582349946168937,-0.3589180020904902,-0.0006728243749371255,-1.8187192012322924,-0.3913132416950399,0.21980834281292763,-0.8007002633510266,-0.2548026829296868,0.31287925531152366,-1.0602870300682599,-0.31178586403024205,0.3437351774320195,-1.2369447575716055,-0.32126429104313264,0.3415738518062085,-1.4184494377195551,-0.325615894461942,F
0.0,0.0,0.0,-0.22431919592027308,-0.13306157498983864,-0.10656970882218436,-0.4202368286194296,-0.37516816450745144,-0.20373067153730892,-0.5835282479747886,-0.5877475675145781,-0.30794647713068374,-0.6465255117370303,-0.7943350689893581,-0.40205884277436776,-0.25914900695900367,-0.8895028356518708,-0.08895895197604384,-0.412373022192893,-1.087616124565326,-0.27035770868964293,-0.5220505266988633,-1.0256529938840495,-0.41167883149201456,-0.5842658265871329,-0.9249698145272534,-0.48510897066601655,-0.10461040471160869,-0.9875504225247047,-0.11747691772152737,-0.18253482359394,-1.4425995474105069,-0.23384476610289795,-0.22222525593053818,-1.7560727421923499,-0.31079978041080447,-0.2542113641777231,-2.0344912623673626,-0.35927661796695387,0.06565167646743346,-0.9482032144538802,-0.17299462577347524,0.053170497382734494,-1.3361699453028912,-0.276567321018148,0.051798905768510796,-1.5762921981422642,-0.3295768674337788,0.032907537575585545,-1.8075295659628494,-0.35775549806325124,0.2284624730633032,-0.804265618554142,-0.2404727204009856,0.31589338820202345,-1.0582777929915699,-0.29409949936112795,0.35201559362344575,-1.2320723100292301,-0.30163343517597124,0.36312953259015907,-1.4099823634214033,-0.3041501774189327,F
0.0,0.0,0.0,-0.21217045112646796,-0.12698712922270528,-0.11658851202932696,-0.40585266252482805,-0.3615725073042868,-0.21896586487609027,-0.5592134100693853,-0.5708362100293017,-0.32525350282824617,-0.6121109558107308,-0.7805337343863494,-0.4198609678820596,-0.23993415270374743,-0.8927520567134072,-0.10494217109335285,-0.3789685229946871,-1.1140003165364212,-0.2913127539745617,-0.4774704228277928,-1.0479980688064297,-0.43500273336469647,-0.5350043751844937,-0.9351513617495842,-0.5099146852883102,-0.08587990855891178,-0.987868359999196,-0.1293860294560897,-0.1598584707831296,-1.448741711859331,-0.25469444498559657,-0.19705037120747768,-1.759555929445203,-0.34026396856865176,-0.22666501565233643,-2.0320469002671735,-0.3942517518838594,0.08148673340552537,-0.9393296677303511,-0.18033642678222822,0.06983281217869645,-1.335923532630489,-0.29466206996692285,0.06760201328021993,-1.5786488325757928,-0.3572528695298307,0.05179770692556355,-1.8114031876078012,-0.3913834360398613,0.24025264907363975,-0.7818679759358983,-0.24277135790770482,0.3307464509909915,-1.030825971735056,-0.3075585519188765,0.3705712988834237,-1.2059014177291945,-0.3237542192408685,0.39016003958192874,-1.388229332864086,-0.3316231543283361,F
0.0,0.0,0.0,-0.21180196581104083,-0.1310477451021637,-0.11568338029722494,-0.402251516701126,-0.36501352616474836,-0.2143996715916288,-0.5534379002541584,-0.5917390156508471,-0.3183747055004074,-0.5821212005393784,-0.8165516691402697,-0.40932340345682705,-0.24026373949579752,-0.8908907454217926,-0.08791129971043922,-0.3660387909346445,-1.1302523781203828,-0.27927785213196293,-0.4581334608688678,-1.0644882742813113,-0.42696600840219556,-0.5094782788442107,-0.9457288328109523,-0.5029873797726897,-0.08502474876460446,-0.9904174863190677,-0.1088301194106444,-0.15320175729458224,-1.459243324062028,-0.23886093797711047,-0.18907554510877808,-1.7667391473311984,-0.3291572536166265,-0.2151557388202933,-2.0321622127143573,-0.3848076427670986,0.08665025371795333,-0.9494665026298582,-0.15728089404605855,0.06990392443979512,-1.335229724597618,-0.27273678910032706,0.0627882556609249,-1.5841936227276852,-0.33607012865226993,0.0471396436471175,-1.8271839084669776,-0.36855695953868,0.24853391567464087,-0.801083343271295,-0.217620906114719,0.33319989501102804,-1.044722039398363,-0.27589537418808785,0.37112556451110235,-1.2122283754970238,-0.2874232364949298,0.3937052773630074,-1.3864944279173508,-0.2914905482617784,F
0.0,0.0,0.0,-0.2052918709189959,-0.1476400791367142,-0.11809338102865416,-0.395184927934361,-0.3862690552291777,-0.222215890920474,-0.5379303478793684,-0.6218662544923262,-0.332094605661575,-0.5427151208549297,-0.8487636675717684,-0.43035039097204697,-0.22459867176328244,-0.8902401853004852,-0.09345616282551669,-0.34941835557216366,-1.1193526004097791,-0.2831787104705066,-0.44215011241942037,-1.079727216202734,-0.43122308794964304,-0.48962464370510395,-0.9784011823688248,-0.5092207618716503,-0.06975655326523125,-0.9911476378875675,-0.11296186607191835,-0.14077299692060907,-1.4694531950366911,-0.24713277760663174,-0.17762219917635488,-1.785171268035485,-0.3409119378448374,-0.20320334170395316,-2.049018785179209,-0.40036968194513983,0.10303641163636729,-0.9501267908832445,-0.1588566534177079,0.08803682794778933,-1.3461872378206685,-0.27640415037507116,0.08292493038747624,-1.5868824548862208,-0.3375472771951235,0.07381842698237592,-1.8183295489421119,-0.3688473407202329,0.266805575756757,-0.8029162355410866,-0.21685558312861494,0.34587020567473503,-1.0660437330442176,-0.27696892981879817,0.3812823634518313,-1.2392859183262854,-0.28903688978596315,0.4072067564239932,-1.41699035938768,-0.29392702797768694,F
0.0,0.0,0.0,-0.21044119700926817,-0.14238679645612207,-0.1180996780614138,-0.3997560317489575,-0.38187605027839516,-0.21905088284058105,-0.5389916174280672,-0.6171108815068408,-0.3262236765847145,-0.5382065223555056,-0.8361428436621717,-0.4201397528963511,-0.2341157193353151,-0.8900325805771335,-0.08020206219717184,-0.3503904426354643,-1.1309103258463453,-0.2734110546221805,-0.4331118570640077,-1.0821665679783197,-0.42337121297157876,-0.4739798923483889,-0.972426545607934,-0.5005734574315501,-0.08102402367289634,-0.9917962950984879,-0.09886969513843537,-0.14491283466728178,-1.46840672833353,-0.22987847475533008,-0.17941899593837182,-1.7787867028441489,-0.3212854066868921,-0.20326242777078443,-2.040236035981063,-0.3775899100832915,0.09132197309987285,-0.9510814996800454,-0.1458737340585214,0.07384110658841728,-1.3442417649887526,-0.25968323981986613,0.06888834803409728,-1.5781693910299737,-0.3172074979837551,0.06170750487261589,-1.8059642539401737,-0.34500261726130776,0.2550715590473079,-0.8029043102144341,-0.2059507898011372,0.33236551699095385,-1.0602215822143835,-0.26315821302040326,0.3703966560504137,-1.2304858211692713,-0.27284997203785305,0.4013483437393893,-1.4071249537651576,-0.2748673806338347,F
0.0,0.0,0.0,-0.20738551448223483,-0.13751108093746828,-0.1157624486289652,-0.39202413145819054,-0.3748430453169087,-0.21519072584702595,-0.5305898650183378,-0.6081164226370978,-0.3216062066732671,-0.5392235046521097,-0.8351630975973591,-0.4157114806427372,-0.22802865268157482,-0.8911164169277598,-0.07800625591053785,-0.3521398220756792,-1.1191870107686284,-0.2741879999144132,-0.4398516111413087,-1.060317221072138,-0.428811651545612,-0.481456778999081,-0.9491299368404338,-0.5097651658308723,-0.07251106510146418,-0.9923163903899224,-0.10025131820263766,-0.13250748907969667,-1.464780603553177,-0.23463244625125504,-0.17337158091623062,-1.775491803477422,-0.33033955765819717,-0.20308371491523367,-2.0432465329859912,-0.3895138540360054,0.09641197996042936,-0.9492430508761046,-0.15068354751781826,0.08739035571809525,-1.3326096258410913,-0.2648530301514059,0.0832752694112003,-1.565532164786087,-0.3222038393081058,0.07253001372439576,-1.8010515316255855,-0.3500566396819486,0.2546096422815198,-0.7979864771075388,-0.21415584507251254,0.3329772183534436,-1.0497891813067441,-0.2688303923208958,0.3636286956721641,-1.2201383413250058,-0.27540345586614723,0.38152151057721706,-1.3998477744503115,-0.2757453109765057,F
0.0,0.0,0.0,-0.2058674448329356,-0.14582253291705494,-0.10853132733176486,-0.38061653319763633,-0.391947033912309,-0.20058966146171656,-0.5085423977791893,-0.6214656348861455,-0.30025891525341014,-0.5101119609665867,-0.8370388354867523,-0.3872704777461478,-0.221448788125304,-0.9000958864645316,-0.06820946434873991,-0.3331156589356695,-1.1432550028176351,-0.2506428364091331,-0.41350670900980885,-1.0680453814386974,-0.3949119970211848,-0.45200441367345584,-0.9423496449576259,-0.4699907637463335,-0.06305358768742769,-0.9939277355076557,-0.09017705732816599,-0.11068306546445485,-1.4494265514244866,-0.210469837189726,-0.14019560963961092,-1.7538145055002048,-0.29820226913879677,-0.1622482263971716,-2.0183809121753327,-0.3543268518195471,0.10538954160486931,-0.9462331478720163,-0.14008426180244593,0.10263807286344301,-1.3226913083443477,-0.24403170373523733,0.10012626381435541,-1.5627103747785624,-0.3025707481454391,0.08974886060447484,-1.797708247417848,-0.3342543713205798,0.2640659612193049,-0.7956310433835704,-0.2022852018356577,0.353005797197619,-1.0394689646456101,-0.25189897181970033,0.3897861716188619,-1.2070306865433955,-0.2610907752991769,0.41052781753528655,-1.3793673622921028,-0.26522969587700634,F
0.0,0.0,0.0,-0.20838524274065415,-0.1313848374985012,-0.11185072287831656,-0.38597868312817646,-0.36446882366267824,-0.2094699732574408,-0.5050957161287328,-0.5790302450705933,-0.3128426530490544,-0.5182611182533915,-0.7992418978402814,-0.4035108213015462,-0.21397910554470906,-0.9005412119058724,-0.08703888406462627,-0.3149698256417758,-1.1381976196152854,-0.2705511872217967,-0.39981907484652685,-1.0471983457986551,-0.4126926264017929,-0.4501674228303337,-0.9141729683057197,-0.4856969248601674,-0.05114419558684313,-0.9924078688468803,-0.11185210372884327,-0.10056723936471873,-1.4583433208746475,-0.2333705104359466,-0.13452810114074554,-1.7636794972676038,-0.3215349055852635,-0.1615143092984458,-2.0345062932709763,-0.3783499930433822,0.11851489260222062,-0.9405693368308575,-0.16359849196242043,0.12215759121983981,-1.3265542300543758,-0.27060262950195996,0.12006359484054223,-1.5737949645246048,-0.33351113416441885,0.10621842612577506,-1.812329682737699,-0.36941097878601853,0.2800315903988748,-0.7842362772709668,-0.22705330587759384,0.3748160367512548,-1.0322068173687702,-0.2804611558570994,0.41375715614160047,-1.200586028792867,-0.2918592484449134,0.4324841763445008,-1.3734605132700684,-0.29821772923792994,F
0.0,0.0,0.0,-0.20689054599342216,-0.13540441109261028,-0.11415987655184542,-0.38774833472941317,-0.3668299164200714,-0.2159860248704527,-0.5126695900094936,-0.5834468561826422,-0.3243820311042845,-0.5175892581170785,-0.7900581436386455,-0.42155777718641785,-0.21402927106259645,-0.8965440464954277,-0.09178172478272296,-0.3196378446234942,-1.117114448419138,-0.2799426335854655,-0.40623348667004977,-1.0285720979675372,-0.4263949425051108,-0.45571037938412734,-0.8956732697676141,-0.5035774928895046,-0.05251656947333847,-0.9914831330353814,-0.11917720770808607,-0.10220481229210089,-1.459260245228358,-0.24693920973767688,-0.13800184907589028,-1.7690016867256655,-0.3413875833901256,-0.1639497803612044,-2.0405347463891155,-0.40304021981823096,0.11754044260508908,-0.9409656925116547,-0.17303490915912306,0.11660568898538379,-1.3382517070497766,-0.2844963109818937,0.11080964468272475,-1.5910095147134538,-0.3490924801250206,0.09783555990246641,-1.835398263299456,-0.3869785351785936,0.2779210987069089,-0.7849333205816428,-0.2388695136676382,0.36883404914893736,-1.0348795999925255,-0.2950171440608308,0.4101450123955359,-1.1972971516635655,-0.3067514531776864,0.43705152482081294,-1.364899452605056,-0.3139833140666675,F
0.0,0.0,0.0,-0.1959207436819618,-0.139526311106084,-0.10840241106549078,-0.369976274208178,-0.36702254243359855,-0.20955166016353757,-0.49992622599494213,-0.5744618902834381,-0.3189320696207144,-0.5080819922911665,-0.7697705181683849,-0.4176772342227828,-0.2086728395354457,-0.9017239738710575,-0.08630530236324471,-0.3412156169635609,-1.0973378286206525,-0.28206957424139234,-0.43096323732938674,-0.9796318548419061,-0.43560803629028677,-0.4709775176598534,-0.8231919864717941,-0.5156843517183554,-0.05219296282095948,-0.9916887315124342,-0.11759827559632485,-0.09717848769840129,-1.466749355961802,-0.252889779133827,-0.1323620869232555,-1.7739355610121026,-0.34965966529142606,-0.15511603143207586,-2.0481344706088405,-0.4090760931374775,0.11773399149172076,-0.9379590683663077,-0.17513403671881148,0.13055114542448398,-1.3443544517100332,-0.2933428453420608,0.12724006909035931,-1.5980161402583584,-0.3563654852614493,0.11440629448040796,-1.8505001351087804,-0.38850666952701296,0.273876231021042,-0.7762103182640557,-0.2438365407891137,0.37169698917364247,-1.0377003457679987,-0.2988485930595383,0.4147673371625185,-1.2092050772223253,-0.30296636583290204,0.44370322383234784,-1.3909556251292858,-0.30231872333839743,F
0.0,0.0,0.0,-0.1940823625463857,-0.12364026675956837,-0.11440027576927114,-0.3722565445492063,-0.3263133172810527,-0.22755372136700727,-0.5053259921616857,-0.4946963078250174,-0.3475695350418382,-0.5174983874728545,-0.6769373734863521,-0.4586917877921504,-0.20411167439047292,-0.893727388631259,-0.11575137801974024,-0.3499435052462915,-1.065344565989643,-0.3145872051718514,-0.45193534456922946,-0.9127487637853884,-0.4741890536952783,-0.5006029491860587,-0.7327017383875692,-0.5597941170654909,-0.04506657716836708,-0.988089474069195,-0.14713325543869876,-0.09332628591232041,-1.4581655589195865,-0.2832094408236951,-0.13146201426146575,-1.7676137463401582,-0.38485931415729485,-0.15450100678750964,-2.0459844462218912,-0.45145936409355997,0.12331737938121722,-0.9304138670496002,-0.20210957106805202,0.14006526030961916,-1.340194296138638,-0.3204049740158896,0.1338125474353563,-1.601813371820193,-0.38626657303132206,0.1178070418256166,-1.8610904876277314,-0.423586871886823,0.273449625754088,-0.7605222172292259,-0.2677032091809103,0.37798254285938254,-1.017884951400123,-0.32065758448541487,0.42114101742763566,-1.1895388369720516,-0.3207701241400982,0.45039456560596824,-1.3713552224128698,-0.31996523014524253,F
0.0,0.0,0.0,-0.192740634344022,-0.12940549845015847,-0.12156978069830002,-0.37571023787836716,-0.33684709389132705,-0.24257397594009522,-0.5235151794604591,-0.5097309902146675,-0.3690190095148069,-0.5550149443302713,-0.69361176810831,-0.4881563042601898,-0.203047077437474,-0.8968024333855238,-0.13382247786442722,-0.36605724114034077,-1.0583119824785008,-0.33713222674305215,-0.47917038716444094,-0.9214311550699613,-0.5015621456324977,-0.5382541061559097,-0.7524725608943525,-0.5919403779779475,-0.043697186801870146,-0.9856962047530544,-0.1627683869829369,-0.09541679656845141,-1.4578599920766375,-0.29995407997112694,-0.13007160000501874,-1.7662416485318382,-0.40317438889099144,-0.15147786984878955,-2.0379895447388723,-0.47420701941985005,0.12678368184419944,-0.9234387077648983,-0.21533197078297125,0.1462690384353169,-1.3364105984787682,-0.3335912654358441,0.15084924715379353,-1.596112448408521,-0.402580020413696,0.1439691993072827,-1.8511137435405576,-0.44494162735791953,0.27928856980095773,-0.7529086785364094,-0.2790656694061462,0.38705440732546337,-1.0110185287142008,-0.3355004665447899,0.4340655527946819,-1.1806912898655997,-0.34092264150065543,0.46493450464651903,-1.3621954456423302,-0.3457861015699406,F
0.0,0.0,0.0,-0.1938225846454785,-0.15699260491495817,-0.11269382385745019,-0.3667361162550058,-0.3730929555665814,-0.2255383224483841,-0.5021208395527161,-0.5511576272090855,-0.34458180596159416,-0.5381246362553815,-0.7255236941699956,-0.45597651166337505,-0.1843434774113703,-0.9110390640432421,-0.1214574813077763,-0.33850140389947864,-1.0696995491010364,-0.3191401213400538,-0.4506599178944933,-0.9294260359302594,-0.4759124609508508,-0.5152304747278943,-0.7510571029372504,-0.5617457399071341,-0.03245616492862791,-0.9878134186064825,-0.15222104775325884,-0.08174094642547725,-1.4378055360939317,-0.28805151161392345,-0.11620560675310007,-1.734712283086833,-0.38700383260791477,-0.1411223884454732,-2.0080491953248703,-0.4560249352972596,0.13111904399862298,-0.922861493094024,-0.20641774553290204,0.15407572498169336,-1.339240256840708,-0.32602197935756627,0.1626902113004399,-1.589713919948741,-0.3882268115693762,0.15837428488334676,-1.847465889677584,-0.42592002289402303,0.27539658096919467,-0.7498548769617395,-0.271723947960332,0.3812406299503068,-0.9913406736690706,-0.3329933328179784,0.4270433093247114,-1.1580680209254104,-0.33872072277743936,0.4509979860617209,-1.3441298571511617,-0.3431917900657945,F
0.0,0.0,0.0,-0.19666731098440177,-0.14062708807492263,-0.10712757731558684,-0.38090806852729553,-0.3459804985416363,-0.2217608651895047,-0.5152452224943371,-0.4991007265365297,-0.3422902702120504,-0.5532011739559879,-0.6384200182604353,-0.4539914870791589,-0.1957834406475122,-0.9121939973795588,-0.139368095578175,-0.37434586444164347,-1.0546094418707028,-0.3377137234914809,-0.4704711473856829,-0.8795410309766885,-0.4863768931350746,-0.5220740094563969,-0.684904963029235,-0.5647432542217815,-0.03407805921950668,-0.984034409651805,-0.1746853356783433,-0.09502293312977399,-1.4423778133801133,-0.3077836642085585,-0.12352644820039953,-1.7352941017632078,-0.4010491941560941,-0.14634546849578553,-2.0055779778644016,-0.46905999530714565,0.13562954775186617,-0.9152598189395258,-0.23139480008888416,0.15332022439283835,-1.3333404407156686,-0.34948451267734554,0.1642768990944735,-1.5851832982397613,-0.4135970724266872,0.160579809283173,-1.8393611847986289,-0.4555871040757374,0.28739340207159714,-0.7431553357060516,-0.2980314701831726,0.397328625863783,-0.9863120937478325,-0.35758297463909605,0.44140603105542514,-1.1468378755680535,-0.3645345378259014,0.4627810015296302,-1.329169899715868,-0.37234977029162847,F
0.0,0.0,0.0,-0.19596257248737342,-0.14742329901344087,-0.08742124292472592,-0.3873150538796425,-0.3427163130112974,-0.19939854265023674,-0.5522645791284868,-0.46209893861365364,-0.31772886552382207,-0.6385318132195303,-0.5788994770728693,-0.4329116966517318,-0.21270896875737733,-0.9053161791422898,-0.15590426663577112,-0.4166581697114898,-1.0178354585254938,-0.35937205206230816,-0.5256438058450601,-0.8578813550346698,-0.5201528818709156,-0.5852471492666015,-0.6708029464873997,-0.6079948917579916,-0.05538948623640647,-0.9778822443051772,-0.20168867367092444,-0.13928476849116006,-1.4445655027027178,-0.34207522766690107,-0.17648986885183857,-1.7595925242193386,-0.45092506881444055,-0.20515698336636462,-2.0438478567390255,-0.5294550862150954,0.11813222140616741,-0.9049915597413767,-0.2624405750491315,0.13323247517215184,-1.3468178928674746,-0.38486452512649255,0.136789907324448,-1.6181549839377722,-0.4639281821300988,0.12222837308333766,-1.8859488914172644,-0.5168080940112977,0.27889341298002496,-0.720468475821752,-0.32844232793336453,0.39944417282352945,-0.9600457711308858,-0.3912365437752932,0.44016928737502486,-1.1361790542438588,-0.4006050658806711,0.45694963239153646,-1.3342090310532306,-0.4093321239427752,F
0.0,0.0,0.0,-0.19895860651267328,-0.13262788183273677,-0.093654201352437,-0.40159104976453386,-0.30693811138101984,-0.21955471501474885,-0.5934297255598645,-0.3942229775581303,-0.34861361021589643,-0.7423027412560558,-0.47664649117067226,-0.48038109823048836,-0.2493026672881042,-0.9007654830315751,-0.1984141607743294,-0.4882507853016687,-0.9681977390250746,-0.4029548211144798,-0.6265366029390915,-0.7909748809683551,-0.571910997808065,-0.7034271552325931,-0.6169752801519558,-0.6685347373520968,-0.08829912192011914,-0.9648469251816366,-0.247535201609139,-0.19998215787858123,-1.4329225938274393,-0.4003099259114233,-0.2545985902232133,-1.7621247548991879,-0.520336687163091,-0.3027656677579858,-2.0677191323477695,-0.6055069282364922,0.08905723160990366,-0.8753737144469909,-0.3065804495653081,0.11295059742547578,-1.3352106208748253,-0.4422688829611595,0.12134402848001775,-1.6231665538720514,-0.5360082036301367,0.10269571788535596,-1.9073615036654097,-0.5967589724530421,0.25565648375149913,-0.6787485674937803,-0.367544888609023,0.37916458488481525,-0.9431437114058303,-0.4437262946153033,0.4148548707947963,-1.1287982158556775,-0.45535899203849195,0.4170793649969399,-1.3362475992515879,-0.46312729245305834,F
0.0,0.0,0.0,-0.2078207925911194,-0.1325747245496526,-0.0959303035106938,-0.41979477560029926,-0.3171378539765635,-0.22479612844443814,-0.6248018216836408,-0.4171715074642908,-0.35780193729580023,-0.7803718571867848,-0.5210253951762256,-0.4939353375188256,-0.25508457193500905,-0.9036151732890347,-0.1900874611313698,-0.502550516941566,-0.9531624073536962,-0.399148950470207,-0.6495294699355845,-0.7847658122667618,-0.5777804881610323,-0.7408045469326103,-0.6147826593285693,-0.6817270118544376,-0.09664415435488106,-0.9657337259193155,-0.2408698363245724,-0.20777685558003128,-1.4238324322266334,-0.3922817607183853,-0.27893830541727466,-1.7479571598652803,-0.5166365816127003,-0.3528243578843078,-2.036788530955515,-0.6058265236203616,0.07753866572408356,-0.8736559730636534,-0.30317559744790723,0.10341781922616398,-1.329104744262915,-0.43518339487038343,0.10290022599727588,-1.6174206808791416,-0.5270347324348024,0.06598856520231067,-1.8963346050648298,-0.5884474039657009,0.23578936684592922,-0.6772773432503041,-0.3687322529422307,0.36456366692203834,-0.9351251214317816,-0.4439716859870809,0.3965419378881756,-1.1267402681239211,-0.45537445148829014,0.383994492611818,-1.3411500885512884,-0.4642837281174565,F
0.0,0.0,0.0,-0.21032985070470933,-0.14894272947403014,-0.08685640959224648,-0.4163173871708851,-0.3460251198937411,-0.20920259252807993,-0.6161540758096815,-0.4385411671161036,-0.33707541411158803,-0.7644491253985386,-0.5302757521860819,-0.46631116516104326,-0.2306097465617033,-0.9148222032425625,-0.18791895268811568,-0.47397139204347843,-0.9782704640742969,-0.38761525438961086,-0.6333344211042551,-0.8137728016306737,-0.5556620674947491,-0.7329630043723988,-0.6434415567904785,-0.6530839068367483,-0.07769625323959085,-0.9687368188283999,-0.23561041589615922,-0.18579642667651045,-1.413946109120667,-0.37312922243371616,-0.26707259205474787,-1.726194523957785,-0.48017518195435216,-0.3500364165116908,-1.9965780160178332,-0.5610689097918986,0.08530700458165892,-0.8759585149343359,-0.29442459591042985,0.1154918548085138,-1.332405274405855,-0.4132448425445737,0.10962401257074435,-1.6065988468334396,-0.49338304437712144,0.06813413854819177,-1.8711158236213985,-0.5509880118361697,0.23003046572568156,-0.6764354727290373,-0.3571912487572139,0.368995860883659,-0.9240602970415096,-0.42805664457495335,0.40197505956649204,-1.1059026072575617,-0.44237810262819444,0.38576364048493933,-1.309025345453466,-0.45607648997796774,F
0.0,0.0,0.0,-0.20807042295525824,-0.16794490000560458,-0.06327043445829014,-0.3968194928579284,-0.3763913246281589,-0.1722122234225424,-0.5882966349703415,-0.4681385567583564,-0.29092643580810457,-0.7435686071463422,-0.5457140341246942,-0.41386503104598155,-0.20667966412700667,-0.9384481287791655,-0.157240332048663,-0.4498060621920823,-0.9950164848162466,-0.3532359099766648,-0.6083988330633724,-0.8260215112751753,-0.5272153188950004,-0.7039061995877789,-0.6599573259335412,-0.629477766093415,-0.06128332747682488,-0.9744738915330607,-0.21597450889811246,-0.16481469201142734,-1.4177186422259531,-0.3500571125372226,-0.2476824458195189,-1.722543217447112,-0.45959199586592253,-0.3313000839797319,-1.9870778131346434,-0.5403364115171515,0.09883099052965671,-0.8689666935658042,-0.28467146442748725,0.14282012485083714,-1.330866024160513,-0.3985331628097406,0.13988062527902048,-1.6059087716413591,-0.47871304621440786,0.09991732220962164,-1.867092431994018,-0.5356245596904896,0.23954908476958645,-0.6648302792885985,-0.3558290736357749,0.38083435998416626,-0.9078297738479304,-0.42212093991546795,0.41455984954489783,-1.089824940289076,-0.4342229196904738,0.4005270058541156,-1.2916841547377989,-0.44595025159253987,F
0.0,0.0,0.0,-0.21589486656557058,-0.1806958758147429,-0.06315517159976028,-0.38925210973414304,-0.4034835447250085,-0.158801380074705,-0.5676675564349496,-0.4896885606375997,-0.26760651144845765,-0.7168941751870861,-0.5343288032998627,-0.38114091890658075,-0.2000690778448283,-0.9543078317831332,-0.11522180936270732,-0.44809458763909177,-1.0267899156365734,-0.30482348967409434,-0.6047102857568148,-0.8725577953367224,-0.47657367840931353,-0.7145921430074234,-0.7039551257985805,-0.5748222847662329,-0.06333496599074206,-0.9826933105623716,-0.17407624610761177,-0.15740159865714487,-1.4311803143294393,-0.29653895136433045,-0.2605099452172071,-1.7068962064584685,-0.41437806641385544,-0.38365976446691447,-1.9125823187884985,-0.5029843758451958,0.09268712261215714,-0.8869024683754066,-0.2465142632679151,0.13930297750491957,-1.338495328284222,-0.3508666556033202,0.09716465472937064,-1.592796884766507,-0.44644078461858155,0.006370055633380493,-1.7971374347170044,-0.5155743339353417,0.23099968264223367,-0.7037400447266228,-0.3235265515485476,0.3607481701878991,-0.9801398756727715,-0.3874622192693726,0.37071501756656894,-1.138877778252709,-0.41352032381107684,0.3190093854301261,-1.2873292979982869,-0.4373950646619097,F
0.0,0.0,0.0,-0.26321712293303795,-0.07577793535253746,-0.11312689472595779,-0.47967885329942334,-0.321390441922644,-0.17080391747147763,-0.6187591581197044,-0.5857117175550186,-0.23336191413191879,-0.6484935681157644,-0.8547535858814859,-0.2797744504691029,-0.44250461518640644,-0.824763997108638,0.03173920065134926,-0.5653974546520298,-1.0039890900649344,-0.07931483915080544,-0.6057534844451057,-0.9917911724285804,-0.18116132418980735,-0.6148574846408555,-0.9799092585718939,-0.24127358326386278,-0.31023098598251636,-0.9502632952859038,0.027502817468233933,-0.4619734821081921,-1.3152427948017555,-0.034590324107697884,-0.5599458169821483,-1.5595312483974078,-0.09148180759451773,-0.6425644899526894,-1.7817911042736092,-0.13020107233951,-0.13864093362300767,-0.9693756561319866,-0.011432755075143183,-0.22827781010230783,-1.2825165102522755,-0.0830193680614966,-0.29009919808816714,-1.4645870684021187,-0.12770921508917596,-0.3515172805255195,-1.645291711663761,-0.15160670574637744,0.06361121736471939,-0.9141953566370312,-0.06597660924538784,0.09089488065650951,-1.156469787049091,-0.11009137823297153,0.09578950441766533,-1.3110764967809658,-0.12866730727792078,0.085471007811472,-1.47451700057815,-0.1401240185850636,F
0.0,0.0,0.0,-0.2642138609367791,-0.07776562557294274,-0.10838919679631562,-0.48389774682998354,-0.3202523103133819,-0.16322028519012222,-0.6212856060969161,-0.5818622585267927,-0.22371033450700387,-0.6440138681932893,-0.8470395069684579,-0.2675999564402319,-0.44343002470836507,-0.8265697084231906,0.0362414352826876,-0.5636403163796242,-1.0006759479034986,-0.0726894974563739,-0.5895636249696602,-0.9634858360611127,-0.17387189148554139,-0.5844079752485268,-0.9348026609305211,-0.23426106534392524,-0.309791077329959,-0.9503550406776011,0.02923670749962307,-0.46113622987553365,-1.3171147000309722,-0.031026858047505684,-0.5547715897463401,-1.5613734243531927,-0.08842314843145062,-0.6320472795222735,-1.7811466826774782,-0.1286076129823069,-0.13870085280134045,-0.9708463402086938,-0.012335505705889952,-0.22708337849508242,-1.2833370813188971,-0.08370344911541655,-0.28500216075207413,-1.4635412870591156,-0.12944634852186976,-0.34241839330037216,-1.642406268062219,-0.15463076677526982,0.06479508420378358,-0.9174985241982886,-0.0691312634771428,0.09435406615699865,-1.159484665988711,-0.11386461097039399,0.1013891887190879,-1.3135646005913784,-0.132893682207962,0.09188460626499227,-1.4779272383251645,-0.14512742062785916,F
0.0,0.0,0.0,-0.26321094320549404,-0.0808284423084004,-0.11170954124784864,-0.48575883409048154,-0.33055465589573185,-0.17030891382613875,-0.6118172473042164,-0.605708635563494,-0.23247956695720567,-0.6065309101142127,-0.8700008554778424,-0.27684392915649175,-0.43789471955472625,-0.8330871745538447,0.018833540712297602,-0.5430922852728585,-1.0403499270134515,-0.10066819544327749,-0.5670823601701858,-1.0150161351673888,-0.20389557020801027,-0.5597718523527159,-0.9962052439123409,-0.26437078346514103,-0.3030998541197142,-0.9528735238905558,0.012748564664405895,-0.44784825271379197,-1.3345960043723346,-0.06137246107015289,-0.5376730089220416,-1.5801220997210255,-0.12372816178848305,-0.6107285214182474,-1.8031166547260724,-0.16397313799677476,-0.12788632667491442,-0.9688538710954903,-0.026355766370729308,-0.21922211981016426,-1.2922376912446496,-0.10599304989283256,-0.2775669400392439,-1.4805488059777656,-0.15152860717328223,-0.33135372339467073,-1.6689812563458049,-0.17382961697324256,0.0784292342638992,-0.9083439188873926,-0.08015284830305028,0.1017758148612564,-1.156697908098185,-0.12777731779716212,0.11018335726224611,-1.3095746482048638,-0.14423130552918248,0.10900180316915763,-1.4710300469060573,-0.15227194909726818,F
0.0,0.0,0.0,-0.2705095962670613,-0.09032647039119876,-0.12064902902640526,-0.4921449164434254,-0.3508427005822986,-0.17517501523586562,-0.5991064782138398,-0.6408164910353188,-0.22995182415458934,-0.5863731692693317,-0.9098266545336974,-0.2658827616785635,-0.4354322948263077,-0.8444499228232382,0.020706408054602467,-0.5321421199258624,-1.0600853036291882,-0.08111235870771114,-0.5361187083768277,-1.0207490706483364,-0.17465363317467314,-0.5124386016952701,-0.9993447506864779,-0.23266128219132606,-0.29232479724441773,-0.9560509758049257,0.022643864035526127,-0.42652099363496265,-1.3211715501434342,-0.038955247958919324,-0.5095098495458363,-1.5449086847452296,-0.10085130455693474,-0.5763833916738549,-1.744882211484958,-0.14463239681353987,-0.12075457660574963,-0.9632007471337248,-0.008665877812819127,-0.2067693496761043,-1.264849658843708,-0.08323161521857528,-0.260882255200539,-1.4381983856179843,-0.13484174538034374,-0.3064603739475614,-1.6139146814012795,-0.1636372223666825,0.08287595679408592,-0.8978767384826947,-0.05503140331110076,0.10576162910372362,-1.1349498397227071,-0.10481529019542865,0.11235007927362801,-1.2777108419101035,-0.12888828373313058,0.10863600197196623,-1.43157943336396,-0.1436390864378346,F
0.0,0.0,0.0,-0.27155002275556733,-0.09060220862931354,-0.11426135676259194,-0.49416645065493864,-0.3569254123246527,-0.1717016739919691,-0.5958897422099382,-0.6511241543580315,-0.2308621486480055,-0.5824896638094008,-0.9282125165264441,-0.2717814605250136,-0.42342504781025564,-0.8440053282796726,0.014613178800388808,-0.5220439256203924,-1.055595014674532,-0.08856193056802762,-0.517004821088806,-0.995815199654928,-0.18148076057623866,-0.4793952400451917,-0.95231329137327,-0.23902562110334685,-0.2772763533581135,-0.9607118911462672,0.012267276738925102,-0.4135963870224474,-1.3343010832211328,-0.04991238924867944,-0.4901775515039332,-1.568576492310467,-0.11303797020463331,-0.5504700194661655,-1.7810402201564859,-0.15979380159665718,-0.10462352943820044,-0.9700269306777402,-0.021673000550965087,-0.1887080185052334,-1.2874393338717403,-0.09745935023069478,-0.24161806276477257,-1.4817969095356023,-0.15343794604530286,-0.28696059707303895,-1.6689337007205867,-0.18739943978016757,0.09944471107173693,-0.9048697929817234,-0.06916303635864322,0.12511775071778364,-1.153708432729579,-0.11941944284093446,0.13385996352626062,-1.3077343591887265,-0.14578525907044035,0.13045675583750224,-1.4657931047420214,-0.1640723994592382,F
0.0,0.0,0.0,-0.25837149474892535,-0.08418319675256176,-0.12404866136760598,-0.47459953697201007,-0.3219304423685756,-0.19701160585446853,-0.5773070241374902,-0.5888624392588038,-0.27139042218572895,-0.5690009566056851,-0.8561206068099929,-0.3261022425090134,-0.42169460202925463,-0.8404014109487749,-0.016010878701908742,-0.5276428392050415,-1.0481846153382535,-0.14808865986951483,-0.532724545861893,-0.9539876568849668,-0.26107572842080085,-0.503840978534085,-0.8583804267682661,-0.3266083242316269,-0.27562226874260526,-0.961070584438168,-0.019382897122398685,-0.4107979764142644,-1.3305253548782165,-0.09654817921741639,-0.489366685273825,-1.5640961920598735,-0.16639221751171998,-0.5506123467395421,-1.773307602125632,-0.21840152650858277,-0.10168437524048854,-0.9679599321221578,-0.0556531136630111,-0.1707199808115642,-1.299666896740364,-0.13676512750444159,-0.2162812397443947,-1.500714502342669,-0.18856226772549903,-0.25778148587621486,-1.6896109746210113,-0.22102172273100773,0.10050999965641866,-0.8915670824864796,-0.10694839538639489,0.13618323648434782,-1.1522092785048552,-0.1590909584648092,0.1469057611205054,-1.3194859288461747,-0.18191123419000377,0.14236408990725508,-1.4895603523631555,-0.19782629365240856,F
0.0,0.0,0.0,-0.24084021108537104,-0.08717008105927729,-0.1042561670939231,-0.4551309204243324,-0.28784474011151434,-0.18681811881461158,-0.5761786299897732,-0.4991494250269308,-0.2763050978156653,-0.572932278402232,-0.7427877385915607,-0.3497124009304325,-0.39368873531681425,-0.8434489571157722,-0.03748025458545552,-0.5013400974568651,-1.0894072776249333,-0.1983607751642051,-0.5403753542662788,-1.0102844011181042,-0.3293333369513395,-0.5376662383547554,-0.8832810858756988,-0.39992859889116406,-0.24740753032656684,-0.9673143904223017,-0.055609208047226834,-0.38691110931149836,-1.3702119918986324,-0.15734454816066382,-0.47780923011844995,-1.631309497688536,-0.23931903653860814,-0.5485452607941138,-1.8623447431528835,-0.29439011502322915,-0.06597524930181768,-0.9690957799118131,-0.10212861605602862,-0.13821741908977395,-1.3247721894144706,-0.1915620597568696,-0.18504977845225518,-1.553737253577867,-0.2430338630245748,-0.22974452569848286,-1.7625583980038535,-0.2729041251577889,0.1315453610002187,-0.8768146365016565,-0.16146337228237037,0.17164237679484842,-1.145406635243167,-0.2088874266857897,0.17817929689799794,-1.3240731474173066,-0.21887799977127087,0.1731062334696765,-1.5000561065914617,-0.2236565197330565,F
0.0,0.0,0.0,-0.2324153164315374,-0.07665042071476696,-0.09645125950221485,-0.4505214118768783,-0.26653091093868364,-0.1826811680713368,-0.582480969813561,-0.457942610498442,-0.27565633985247495,-0.5789608109277053,-0.6907183119493464,-0.354147827007018,-0.38516675573833953,-0.8371610207670387,-0.05557701366461468,-0.5369389498108424,-1.0394133066676634,-0.23183515120062648,-0.5663143141896313,-0.913555243600739,-0.37390278303655927,-0.5410435245298424,-0.7567387979143462,-0.4491748235681487,-0.23690304931488806,-0.9678035792628827,-0.08504808752265335,-0.39005985060240006,-1.389892861959766,-0.19797842330247462,-0.4723526026511914,-1.6609348482554085,-0.28762795088065307,-0.5313461500671577,-1.9039402464329915,-0.34647747594611705,-0.051607077840502766,-0.9672342506382902,-0.1411109535732113,-0.12489675168429999,-1.3485624504574707,-0.24604240898846236,-0.17309497438505494,-1.5851442560959323,-0.30807181233747083,-0.2215525262743118,-1.804600941370963,-0.34184573850378347,0.15119404085422924,-0.8600026275178474,-0.20743305027284867,0.20056508052164482,-1.1457179204551136,-0.2661442284825366,0.20731845666656148,-1.336113226087818,-0.2795074387928946,0.19518577901218226,-1.5224433830087756,-0.2843116294339211,F
0.0,0.0,0.0,-0.22053697499983385,-0.0768586763713008,-0.09802037327401227,-0.43236834120236245,-0.2569609341778379,-0.190384024506845,-0.5796216976287047,-0.42730379661455165,-0.2916496753243819,-0.5888533312068521,-0.6363145467247605,-0.3809806322984031,-0.3663717725785557,-0.8397335694590939,-0.05865347444387556,-0.5211970487313294,-1.007256684308905,-0.24359796659228863,-0.5587370373700635,-0.877994996597475,-0.3964516449793613,-0.5461576049115318,-0.7122149721194034,-0.4789378745749851,-0.2246959579396126,-0.9702939622706107,-0.08967359291786244,-0.369131303789886,-1.3924065572573856,-0.20581068912995218,-0.4570113139017811,-1.665417761041535,-0.29953291805505006,-0.5289632241693432,-1.9074250584528136,-0.36219999878767895,-0.041259797339361734,-0.9685931391624943,-0.14762460781428446,-0.12177343400682757,-1.3604730605866144,-0.25053486410805564,-0.17403864248747358,-1.5977323836345458,-0.31174652879443393,-0.23204843529737132,-1.8218455744394115,-0.34723785790557893,0.1578028022237486,-0.8570706745914615,-0.21698442747735144,0.20815787779080278,-1.1383633670276585,-0.27150809382535895,0.21409295430816355,-1.3250927554179313,-0.2827875546134042,0.1976281181161798,-1.5131173748866231,-0.28827603840784444,F
0.0,0.0,0.0,-0.22408740326469065,-0.08100169849972474,-0.08550888661786012,-0.4367112330500164,-0.2646869952334831,-0.17284259992918388,-0.5790876384032938,-0.4248921269194815,-0.26932159420159413,-0.5974264128191917,-0.6093888504076073,-0.3567122482890818,-0.35519654331602896,-0.8416608625269233,-0.0683593245889127,-0.5399240098492849,-0.9884549376600534,-0.245408528418495,-0.5915710137339039,-0.846397275569373,-0.38885057520117955,-0.5812535032873668,-0.68205554503222,-0.4671163572408917,-0.2185242590822271,-0.9695575531680621,-0.11047759631402171,-0.38075015830376646,-1.4032087920341259,-0.23244037931465777,-0.4708673843465692,-1.683450340756298,-0.32744676794126565,-0.5382075641360203,-1.9384670244670212,-0.3894335398525082,-0.042191542391125825,-0.9625917031780851,-0.1758534986740858,-0.11662442198235393,-1.3663105068708916,-0.2919638073458255,-0.1669287603416105,-1.6124918510219095,-0.36264939339577906,-0.21942103721808398,-1.8494446506281528,-0.4030625367432833,0.14817735614347713,-0.8444809898973796,-0.24911023990732753,0.20411459136593177,-1.1305455630428953,-0.31377244652376857,0.21678986014733886,-1.3169164851424868,-0.32864036286412995,0.20726582323354562,-1.5055236134371033,-0.33684318246609896,F
0.0,0.0,0.0,-0.21400042707755998,-0.06803392222903347,-0.07350256910415896,-0.40714945148010645,-0.23356576844549315,-0.1566590217778985,-0.5371288538008563,-0.3615000890991294,-0.25326921752922693,-0.5812761640177998,-0.49631588426931317,-0.33912102279586914,-0.3799203591540903,-0.8284705776257119,-0.05872686314367047,-0.5555938918127091,-0.9447972065994841,-0.24103920764341072,-0.579542423141799,-0.7361936439355649,-0.38797540024651717,-0.5451164456938596,-0.5272176932665892,-0.4661953771607011,-0.2500124692839602,-0.9622517678700595,-0.10754208680085162,-0.40613228861539713,-1.3823374146858523,-0.2266037218033694,-0.4983034071347084,-1.6581554134068657,-0.3148167097574205,-0.5726874024179606,-1.9145252232705139,-0.37458422147881376,-0.08033202882849877,-0.9592348726971662,-0.18006256137203164,-0.15947189277898294,-1.3643546496641545,-0.28720094873880025,-0.2087494945753465,-1.6137267046037436,-0.3457331628185175,-0.2647286269576331,-1.8522503789245204,-0.3806824747755147,0.10470004172768747,-0.8478333003835558,-0.26141564119136596,0.15423956514197135,-1.1297252061909473,-0.3115438523374919,0.1609940033133122,-1.3197555900640277,-0.31516675012165835,0.1468717478210058,-1.5087409037745958,-0.31894935177801675,F
0.0,0.0,0.0,-0.21948123774421566,-0.06637124935023393,-0.08130821651262833,-0.41239298983170025,-0.23953336686482574,-0.16712807118535064,-0.5181528605111162,-0.3620127802298868,-0.26500449936551396,-0.5279925106620529,-0.46253560683507033,-0.3501295708086878,-0.35549771098713234,-0.8469801590217214,-0.06614674947706395,-0.5282649844843351,-0.9300020463449352,-0.24061353555400147,-0.5448801694101345,-0.674607157718566,-0.3782334729247401,-0.5143339383241029,-0.4417695562724469,-0.450972832918932,-0.21877617956399742,-0.9695299066578018,-0.1102213380044709,-0.36325878329127814,-1.3694039680714019,-0.22038800100504494,-0.4363772621609645,-1.6299398344506113,-0.29641668542451227,-0.4956496106366493,-1.8729558913775772,-0.3497734678226936,-0.05267636623009102,-0.9476127757084961,-0.17893046921744127,-0.11789453381194698,-1.340479999805548,-0.27943081601750736,-0.15361262111126625,-1.5735174535095635,-0.3295180555041373,-0.19508267940394727,-1.7938947384300987,-0.36005452985440256,0.12670004144956282,-0.8208881458552436,-0.25762511914189995,0.17663108381653328,-1.0970061982936146,-0.30334180561164703,0.1883769070767623,-1.2616161259109284,-0.3025399663308595,0.18244423990744843,-1.427434030337416,-0.3041657315690046,F
0.0,0.0,0.0,-0.20808568350144463,-0.08563451836191388,-0.09287230393765149,-0.4092015003338069,-0.22205697965635648,-0.2021065395642846,-0.5522322348627521,-0.3098947664882946,-0.32034728623675923,-0.5997486765176759,-0.39640783432219173,-0.43153922089389424,-0.34527024892453123,-0.8439848168587912,-0.1258516553039582,-0.5605721729267549,-0.9341300600995309,-0.31812777670569026,-0.6083714541919475,-0.7035667481122421,-0.4650005180858241,-0.6017503106826548,-0.48371793988773465,-0.5422158082979746,-0.20187271156406744,-0.9646954305505142,-0.16914530617409615,-0.3580850589590159,-1.391884059208867,-0.2984932532080081,-0.4443269317169782,-1.6730591139381052,-0.3916496427925773,-0.5174680904790465,-1.9314461214109662,-0.45693342218649413,-0.02530449241296157,-0.9394559023817314,-0.2324245977260344,-0.0885162341744463,-1.360002243507922,-0.3477480629605521,-0.1262953936452963,-1.6144166261622301,-0.4144350087417069,-0.17448966977250022,-1.8535478639383753,-0.4562610269374885,0.1599379855115764,-0.8041985073909094,-0.30351323494199683,0.2178830269678724,-1.0927828567427789,-0.3597081105487817,0.23169804121461843,-1.2727451512171097,-0.36552061009648396,0.22372980894395905,-1.4543450349409275,-0.37128768063852813,F
0.0,0.0,0.0,-0.20600245626418592,-0.09885651625847032,-0.07323133215110422,-0.39531017546753106,-0.24459609622478312,-0.17874603785793983,-0.5346791490377831,-0.3302617240300334,-0.29866668998355,-0.6473361811557952,-0.41367655916382495,-0.41657025251828084,-0.3311930657012752,-0.8730371475378114,-0.10019374521004432,-0.5577179344690627,-0.9417970830559739,-0.28220275121923616,-0.626456744285026,-0.722040285681339,-0.43888495450668064,-0.634736208772663,-0.517276700953267,-0.5258817278972938,-0.18581141548936705,-0.9708904947375624,-0.15114815613195223,-0.3279834679457157,-1.3912563566049112,-0.2564725890522387,-0.3974529252620278,-1.676096915519291,-0.3516967294398867,-0.45537960069240807,-1.9202750246362745,-0.4271096389986841,-0.011583826107347537,-0.9151246768464211,-0.21995937806465032,-0.043527396811362334,-1.34909096399391,-0.3170241329808774,-0.06881456054813494,-1.6095624218299482,-0.3932942556308781,-0.10913115242095493,-1.8404313385613957,-0.44842509527305874,0.1717803276801077,-0.7520553815703067,-0.2950828089166155,0.25996263020878163,-1.0190969327903159,-0.3390995863918706,0.2737586191321377,-1.1983470069723374,-0.34801052075292455,0.2606582694026288,-1.3855243500067598,-0.36188671189570143,F
0.0,0.0,0.0,-0.20137854358004703,-0.12846755301004845,-0.05932498189308072,-0.3854361877936746,-0.28479331741746394,-0.1590885033794819,-0.5380522340077465,-0.38762364024999824,-0.2756336621562706,-0.659384147665266,-0.48779501238907885,-0.39292292747633956,-0.27296634544648046,-0.9026880151269616,-0.08512612787142573,-0.49668372709185155,-0.9981282392408967,-0.26549663716044847,-0.6098220491619102,-0.8166669786530655,-0.428302508688802,-0.6531382180021025,-0.6368641944040919,-0.5222300092919447,-0.1290091024138379,-0.9815243165588752,-0.14130345890320192,-0.2518396320555309,-1.4230304759841412,-0.2465614363495311,-0.33543791600047845,-1.7142496408047783,-0.34491048651235134,-0.40197754340803893,-1.9589189072884108,-0.42192553245211234,0.04172684557611382,-0.9140821068116656,-0.21385371590130095,0.032938417799968804,-1.3623811338551661,-0.3029627664644391,0.0020967451764185617,-1.6247059886125903,-0.37181773087002096,-0.03541565456965235,-1.8596094039904079,-0.4233899086833514,0.21458318849533062,-0.7447385006000581,-0.29223541444958157,0.30517551263968806,-1.0068909217164745,-0.33289233323236017,0.3200021114906992,-1.1909521582976232,-0.3381447487529995,0.31739854312986077,-1.3881431988040347,-0.34804598720976154,F
0.0,0.0,0.0,-0.20493740691476717,-0.14441508404769018,-0.0728524702666709,-0.40473166941354843,-0.32600063896855974,-0.18133500009173403,-0.6094968430996649,-0.4043385687531927,-0.3009543267993549,-0.7590123230281722,-0.45934787944347627,-0.42410247925860395,-0.2614460140558953,-0.9139156672479066,-0.13968235111434052,-0.5065292518459827,-0.9938678188931493,-0.32207512344963785,-0.6507646681371667,-0.823991335572584,-0.477355576350539,-0.7245139453750311,-0.6419730291761298,-0.5670101353406077,-0.11016018718181424,-0.9746907640620682,-0.19453186785760646,-0.23629469654899024,-1.4309489776376265,-0.30543533357821684,-0.3239948653075642,-1.7209736265417788,-0.3989641721754459,-0.40482088374781355,-1.9522515656483255,-0.4746173080882876,0.0587758283650395,-0.8976374587364543,-0.26395728952130293,0.07984528030732088,-1.3647392409611474,-0.374895430344489,0.048205788386585534,-1.6345144043910733,-0.450863526932206,-0.005233288066232969,-1.8792094978727085,-0.5052990624466472,0.22046255970886353,-0.7104753883800262,-0.3377614351236003,0.34203041034084325,-0.9892804054343566,-0.4141634061103801,0.3598661524380077,-1.1723023730912936,-0.4323759471167173,0.3305310543804608,-1.3717893417720506,-0.447814944574989,F
0.0,0.0,0.0,-0.24003223317851266,-0.13123547707420077,-0.06868907090742356,-0.46738817767659424,-0.30280003619784995,-0.17900610118233484,-0.6850537177960061,-0.4026079584831166,-0.3003915665755514,-0.8713458020118594,-0.4833995768929109,-0.42235058538933196,-0.3517843162891001,-0.9040781221371261,-0.13833835543329884,-0.6061184550869779,-0.950250195616264,-0.34590457297813554,-0.755114736544061,-0.7851977703316172,-0.5302370926686735,-0.8489362351963371,-0.6296879518944125,-0.6334619364123062,-0.21637309124401496,-0.9561533662095125,-0.19736622221577624,-0.3427805156314495,-1.4268532687366715,-0.3303217943976072,-0.426833034002378,-1.7406589202556337,-0.4386584371432321,-0.507910893200499,-2.0140251092904333,-0.5133104946573268,-0.035113762413769525,-0.8693762595941404,-0.26985403199378516,-0.03424849205689944,-1.3339843469997965,-0.38034911503030777,-0.05405772656931611,-1.6091730604439314,-0.4490030560687515,-0.11692998564975304,-1.8617512460833539,-0.49050239678779567,0.13945351870507208,-0.6847110395537719,-0.34747535048499234,0.24566600067686534,-0.965688489637652,-0.40138602006978275,0.2555017081136617,-1.1630050536274428,-0.3934420196947292,0.21674913306397364,-1.3644194133037153,-0.3845124685879721,F
0.0,0.0,0.0,-0.24642406277459197,-0.06874056592244712,-0.10353387624875231,-0.48453812518942835,-0.21459516450087188,-0.24426048352824883,-0.7120314652918006,-0.2852015053254765,-0.38363888887545705,-0.9132229411118842,-0.35579795085524524,-0.5321862019089615,-0.3415753412225224,-0.861909866089262,-0.24957378768165192,-0.5968976625740096,-0.876167279862442,-0.4389112334400181,-0.7778179444886756,-0.6947036097744611,-0.601943424071529,-0.9122472309193606,-0.5462847649652913,-0.701982935516249,-0.1822569997601675,-0.9361685943594946,-0.3006172798981959,-0.3266919647467074,-1.3571212610189036,-0.44800935991174484,-0.42411353092534465,-1.6718680694219246,-0.5728311254473201,-0.5153911426620932,-1.9545759604487603,-0.664866239064608,0.003506346542532981,-0.8350434581757334,-0.355409233489755,0.01710691746884887,-1.3332544923088987,-0.49863424276981166,0.0032790959783711507,-1.6631451964155686,-0.604832210381611,-0.06092533030448533,-1.9547400858562105,-0.6762748742283786,0.17834767586587008,-0.614615529194708,-0.4096637275544741,0.30340236469928455,-0.9168161273970286,-0.517722010595418,0.31889771397813893,-1.1436889642697787,-0.5477168245017351,0.26966350391370886,-1.3556748418875493,-0.5654758930828276,F
0.0,0.0,0.0,-0.2549244569037869,-0.02384895921462931,-0.14219113834500485,-0.5235901063966456,-0.11589522536152223,-0.3247264283254785,-0.7780872056361791,-0.132585205518773,-0.5004895707685948,-1.003502920938135,-0.11469326962779057,-0.6897339184055444,-0.39057990539324655,-0.8281593114392565,-0.39011569422569453,-0.6232782204864139,-1.0279434093011206,-0.5972009940433357,-0.7909764387729761,-0.891138169878034,-0.7433943719109138,-0.9189512602040109,-0.7616773406130751,-0.8307674593616406,-0.19122926749300656,-0.8735765454382801,-0.4475437258125833,-0.2396311154512243,-1.4106255639585257,-0.6076714536658471,-0.2673131048078816,-1.735580379185423,-0.7233335614253923,-0.29342719743686574,-2.001969674910697,-0.8121859146556901,0.01551085882658378,-0.7584230444797551,-0.5100999017342865,0.00719598653820748,-1.2876906496108076,-0.6724932059105853,-0.03258449632498146,-1.6423254644625207,-0.800083582607264,-0.09806667462387447,-1.9460501902883434,-0.8944365663723687,0.21759434170739975,-0.5274117193371414,-0.5736884977893814,0.3366694545439795,-0.8567070396293485,-0.7106431450738998,0.3500547454025262,-1.0773267428945148,-0.7630855997089016,0.2927718894385702,-1.2668845714528478,-0.8020307568013584,F
0.0,0.0,0.0,-0.2966519557404411,-0.09100551773981887,-0.11149007324562493,-0.5782753373822367,-0.214381501536735,-0.26564255246180385,-0.8408970360320608,-0.23801345297108825,-0.42794795139023567,-1.064120584790479,-0.2580214001702931,-0.6000873806061954,-0.382042555531125,-0.8932095153700912,-0.25166640085408537,-0.6408566158097876,-0.9115703860654706,-0.44461492886709386,-0.8268369458238428,-0.7053367184291107,-0.6004534682433216,-0.9410246839191141,-0.5129175689417308,-0.6918572232167793,-0.20522631361229537,-0.9248363630762112,-0.32024968654641034,-0.2922193074167362,-1.418032606645274,-0.4505476192405168,-0.3810793390887136,-1.7607171538715993,-0.564685225761565,-0.4570373925714839,-2.0345281835608104,-0.6589354914793655,-0.013337723285444122,-0.8302006654725352,-0.39900032754490933,0.011770929954831151,-1.2779816987904407,-0.5315991587278526,-0.04136999181085113,-1.5793654575746796,-0.6391175810900556,-0.14228975489785847,-1.845907045729252,-0.7198266002292343,0.15354792603373293,-0.626147358042607,-0.4829900586174906,0.27042206261726837,-0.9145939012267716,-0.5779006625167709,0.25756349546516033,-1.1126237910321013,-0.5978739626225588,0.1660343207380754,-1.3110387494510294,-0.6183796836592949,F
0.0,0.0,0.0,-0.23399452858499914,-0.09523491181394325,-0.12717470223399105,-0.46231994754436173,-0.22435004160069605,-0.28457445123910685,-0.6977959258923789,-0.2658400387840808,-0.4452445959403598,-0.909948430755542,-0.301000917572364,-0.614153334935418,-0.28210881958940703,-0.9238454465382487,-0.2693024316987476,-0.5196224661726511,-0.9265729023027237,-0.4644171976503394,-0.7139330532334003,-0.687250239598846,-0.6198064667762001,-0.8628926788817918,-0.4861770877505946,-0.7092589007035777,-0.1104313089774845,-0.937231956857186,-0.3307584995781201,-0.1775616890582159,-1.4175560380796228,-0.476314160473335,-0.28477480224158097,-1.7492754007439504,-0.596270362497806,-0.4002430752422857,-2.0063709328393995,-0.6891285026263007,0.060493025400154145,-0.8213633249749509,-0.40207366613236806,0.1253786790855284,-1.2658285550745358,-0.5438568718901879,0.06940610424943011,-1.5788134207945255,-0.6519206823925072,-0.04883507630699776,-1.8329686921871655,-0.725742097286583,0.19678361728111127,-0.600249938516544,-0.4788430041001913,0.3221152772722451,-0.91770544938949,-0.573388346065879,0.30098002019707754,-1.1319721591248666,-0.5910518960629829,0.19530094850453483,-1.311229147753199,-0.604792442748232,F
0.0,0.0,0.0,-0.278661228971873,-0.134323786309245,-0.0829859272462338,-0.5088942013047425,-0.2656370520323859,-0.22191383038328327,-0.7443246427324128,-0.27808342888138116,-0.36657520946483924,-0.9657714941763554,-0.26634100790194787,-0.5218702831702375,-0.35844631573670716,-0.8688666377389149,-0.23322790944749455,-0.6037630160479515,-0.8783567972767864,-0.3882287645323155,-0.7437588456523969,-0.6841802061782578,-0.5017557623839108,-0.8291830295181599,-0.47845158668025733,-0.5703393914345501,-0.17981171927858233,-0.9396658569646277,-0.29102546772578525,-0.3916928336083469,-1.3813998207023996,-0.4189146263725471,-0.5081481935088239,-1.693433392207452,-0.5173626560602668,-0.6175668092126896,-1.923092206742664,-0.5976312571988206,0.010156368008971552,-0.8770257048047079,-0.3520543398983984,-0.07555158358031663,-1.2833406885540968,-0.48872322472678204,-0.1706856234653502,-1.5710159300551725,-0.5958567569638882,-0.2980647162514261,-1.8248065902035895,-0.6756772733044717,0.1890045352741836,-0.6930385934681875,-0.4127726445223722,0.18854842087610194,-0.8909647594806012,-0.5097026658921207,0.10989095486093534,-1.0491316569165707,-0.5406038369064741,-0.013755615564069545,-1.204864840504337,-0.5710954569254537,F
0.0,0.0,0.0,-0.22924429481633798,-0.1319879136388583,-0.08063656316724228,-0.447252488819468,-0.2879377244097347,-0.22023405831774076,-0.7083656609001354,-0.3098279987988757,-0.3726800428304653,-0.9331660318990347,-0.3166333941746925,-0.5374118347526454,-0.3168848619107782,-0.9128727926317858,-0.229678451511338,-0.5848397400979954,-0.9408138999308955,-0.4078522410459599,-0.7709145575124676,-0.7353518596840013,-0.5537910002074949,-0.897979181985174,-0.5674956328996733,-0.641936095350016,-0.19540508263696585,-0.9316893955158891,-0.30622169087587087,-0.33736252146832935,-1.4135356589805774,-0.4566835646919368,-0.43928100936282816,-1.7276629757043231,-0.5773628356849164,-0.5288597413389423,-1.9724530410021501,-0.6657193850938008,-0.032063808555633365,-0.8024015350737359,-0.3870647060308478,-0.018166513397908427,-1.2762339565625955,-0.5368045855584118,-0.07811632612618812,-1.5689793491274637,-0.6475110665782721,-0.1915707968776247,-1.8190411592004072,-0.7191055554693024,0.12705411347170478,-0.5782474313788492,-0.4678027704333988,0.22449730380335073,-0.8710800971035494,-0.5637587735664998,0.19887005004292968,-1.0523942273522138,-0.5810510822333705,0.10347602713383906,-1.207090362367253,-0.594983732576283,F
0.0,0.0,0.0,-0.2605062375758073,-0.15371072055028806,-0.018983250570183286,-0.4746507639814793,-0.33586159513292574,-0.13092760980504,-0.6846791714616787,-0.3772364298740753,-0.2667652298236039,-0.8864145626335882,-0.38385239317555275,-0.4149185652237566,-0.3742061553248801,-0.9128770545301768,-0.1533634688447761,-0.6076477218219747,-0.987402173555345,-0.29983888040053586,-0.7714186784106458,-0.7871910484381877,-0.4158588295796746,-0.8800795895914292,-0.6152304549726259,-0.4867829651419509,-0.2577185963938776,-0.9323213562593555,-0.25368881279135186,-0.41050394691376296,-1.4597307039887386,-0.3737328724012477,-0.5341198819901808,-1.7601534136374977,-0.4759471431370166,-0.6407063979963724,-1.9901378149976436,-0.557957061118722,-0.10500771750156884,-0.8288535198312242,-0.3564385585525018,-0.09944845054148932,-1.3598535210880613,-0.49031740460213746,-0.15166955733853957,-1.660606468362762,-0.6086670745306291,-0.25045112646663376,-1.91262390131907,-0.6912679609118129,0.0665670648869351,-0.6375110847112253,-0.4530557259367612,0.15932171726457667,-0.9770446916228069,-0.5507516508811253,0.12944065735414925,-1.189024896361663,-0.588574749526006,0.019355736546275936,-1.386119744211327,-0.6214436031271025,F
0.0,0.0,0.0,-0.2648563552874765,-0.07699727624423165,-0.06674003217945439,-0.5061580958099003,-0.23101608803639026,-0.17905653005854338,-0.742274848588608,-0.275538925055657,-0.3066566313106727,-0.9400068796742993,-0.31004968438718883,-0.4421649002165059,-0.38648081278494134,-0.8696317357071538,-0.15388636988671095,-0.6370056190634686,-0.8765760344601212,-0.30843231004289906,-0.7723228459527014,-0.6565947145166443,-0.44665217723331113,-0.8558996545521689,-0.48318365836816274,-0.5311461263458249,-0.26767569556994303,-0.9389569340875596,-0.21612403367056904,-0.445538041665742,-1.3743503487375448,-0.3277137799883724,-0.5624195130100111,-1.644439698884785,-0.4377870823470969,-0.6659000573087744,-1.8838465831920699,-0.5289811296314044,-0.10180036830728918,-0.875643366531306,-0.28539961739070646,-0.12279811091901213,-1.3522755514979046,-0.39732957852177864,-0.16162278823717724,-1.614540837782264,-0.5004097712393778,-0.2588128658596762,-1.8438353920985915,-0.5770488208680489,0.0743297758204362,-0.7202797709282799,-0.3562405290282725,0.1680960765334584,-1.0580265653970669,-0.43433436964164623,0.14071857547102648,-1.2499974502762787,-0.46019855049570096,0.029951910061806305,-1.4174652693001828,-0.48523601519912785,F
0.0,0.0,0.0,-0.2555927605838104,-0.11196737894685029,-0.0424099683525698,-0.4748295394378393,-0.28005556644835816,-0.12391497062578614,-0.7028481606342472,-0.35639026681892827,-0.22622223888362014,-0.8807835295620431,-0.4321658260471392,-0.3315844139405448,-0.35864739925054956,-0.861261200371569,-0.0565077024322544,-0.6005322510176481,-0.9224869015356668,-0.21193479563526854,-0.7583234938102141,-0.7478131892716324,-0.3603343177089877,-0.8419639750061181,-0.5752216556485356,-0.447293271113886,-0.2472495723392631,-0.962069371424116,-0.11528301499205297,-0.39358724558026903,-1.3470868013894672,-0.2036757039198243,-0.49989566925981,-1.598493875056544,-0.27996558666476934,-0.5998863947526206,-1.803885816455797,-0.34054025785776554,-0.1016279654113601,-0.9425814489660621,-0.1911387666644153,-0.11560700181878683,-1.3556481105428642,-0.26297385042544386,-0.15142631470007792,-1.6025145112273498,-0.3086688953380157,-0.2346391875019161,-1.8091984190808819,-0.3434005872846975,0.041888101846950805,-0.8209263530059127,-0.27505958020417226,0.12543640854935953,-1.0909270280123382,-0.30999558592999604,0.11230763740768643,-1.2747686744021107,-0.3030677078317812,0.03413871540140745,-1.4382605795158612,-0.300883102506784,F
0.0,0.0,0.0,-0.24986088335860226,-0.06857062876389843,-0.06487968023277238,-0.488711514611319,-0.21555613102084734,-0.16596224737586066,-0.7285758892536246,-0.2848141074997639,-0.28304911954982687,-0.9191562043583118,-0.36092099371249625,-0.3996321740828188,-0.4096423649252809,-0.8429215540818983,-0.09364083556338577,-0.6588613907848825,-0.8145351193437613,-0.29083958901443213,-0.8042440041097846,-0.6157355861138588,-0.4827801898145566,-0.8924531100915287,-0.45311521809891886,-0.5955103107916391,-0.2998852725393897,-0.9429214675823504,-0.1448030707075041,-0.47238018959652595,-1.3013193066426239,-0.25254592179625546,-0.5773830144653717,-1.5877880701303477,-0.3517153182631033,-0.6810778268914589,-1.831048687606482,-0.42651631805949347,-0.12947824840881328,-0.9235647732307852,-0.2139380244991122,-0.16750847395685597,-1.3707095692096625,-0.29892307891351816,-0.20082027071886985,-1.6335523073303864,-0.35104602489939774,-0.2886984590016024,-1.8429935814206915,-0.3865229264679775,0.046874360453830796,-0.8130613443334377,-0.29187830477779914,0.13728002293452085,-1.1158758088241025,-0.33627685685023234,0.1252723607213555,-1.3245695315307136,-0.3304810388679315,0.05414847547089621,-1.5106766195627126,-0.3230996776294242,F
0.0,0.0,0.0,-0.2404920562442593,-0.09411010217037152,-0.05337982875406167,-0.47439426692516895,-0.256910902228816,-0.13981571173551358,-0.7044040047257545,-0.320135061561556,-0.24175966877673177,-0.8828569379678606,-0.3685185430527071,-0.3428298482184849,-0.3927916921468435,-0.8438238142690158,-0.06867600072858768,-0.6255729034579635,-0.8460676078383271,-0.24277679237577898,-0.7735654608121197,-0.6555469445895894,-0.4083209095533364,-0.8584596892179652,-0.47428632073699845,-0.5049507924148532,-0.2753648287252714,-0.9537076493373954,-0.1208963634541657,-0.442237200030874,-1.302038203968238,-0.21671512750418448,-0.5505876094974633,-1.5672412195591308,-0.2951297481478123,-0.6524906700612155,-1.791914928566328,-0.35764017420728356,-0.11510076408883378,-0.9365408721630681,-0.1919195707811629,-0.14241961103613734,-1.3348456402361544,-0.2707085256007816,-0.17294543410824523,-1.5799065637654734,-0.3120992222537376,-0.23805993375520623,-1.8005019068129557,-0.3429156474897831,0.04333872792285008,-0.8101302449219613,-0.27114595124690727,0.12530142246669923,-1.0863814631306186,-0.3085236650232442,0.12348313174600767,-1.2723294130305847,-0.2960824181291603,0.07025809705264854,-1.4559366485557088,-0.2894958737704964,F
0.0,0.0,0.0,-0.25408541146377217,-0.07794304584185824,-0.07028649034468902,-0.49061206695104237,-0.23297421238364313,-0.16635955091734342,-0.7217430939143149,-0.3043193747595344,-0.27451469257897204,-0.9158704928824832,-0.3413160890808939,-0.3818688851372625,-0.41362165950670926,-0.8243024397359052,-0.08431497635693123,-0.6571486401164072,-0.8150973769785085,-0.2707684855380822,-0.8042377733272073,-0.6435421351195187,-0.4472560410133985,-0.8921696949955898,-0.4849522044009687,-0.5510088515346254,-0.299061690487874,-0.9449738329671191,-0.1326143291276116,-0.48820571342077185,-1.3054390863638723,-0.24460842805564242,-0.5952765276611643,-1.5769455070853446,-0.3357514219559374,-0.694496898286563,-1.8105647323071241,-0.4033178007186984,-0.13277453633341785,-0.933059400235893,-0.20088442934139206,-0.18522508927628312,-1.3313533792058114,-0.29408889967998647,-0.21738354886650157,-1.5757674170792264,-0.34630567168350884,-0.2812161158177296,-1.8022185453623705,-0.38069803802744834,0.03811449075461814,-0.8133833126458866,-0.277868532173715,0.1003654725310774,-1.100450635165142,-0.3194720577670434,0.0974755569057402,-1.2859933583666159,-0.30991851293065154,0.051970941518509936,-1.4731895689498047,-0.3044305374787766,F
0.0,0.0,0.0,-0.2511680790872925,-0.0413831435380685,-0.09242619937040655,-0.514050418775623,-0.16303661996837052,-0.2046219560484795,-0.7697324980912682,-0.20848007759101603,-0.32262280996191656,-0.9800107867041571,-0.2530931834292226,-0.4360209744015882,-0.46336262693133007,-0.7844061966811586,-0.11896621792254837,-0.7173598487217326,-0.7625443487164222,-0.31962244632587133,-0.872340137672399,-0.5983369082378398,-0.4985730535336355,-0.9675391124629705,-0.4483632921860541,-0.6018302644426948,-0.34891063558135993,-0.9238658336649519,-0.1572682096444628,-0.5697681529640831,-1.2716740962856858,-0.29157653915827003,-0.6931174412491341,-1.54496406959469,-0.3885872988137982,-0.8086227492145499,-1.7925218466182413,-0.45454797746411246,-0.1769018073935209,-0.9350672819586058,-0.2163219283936397,-0.24759302138804967,-1.3334184126854438,-0.3288545987433445,-0.2891140125756817,-1.5881203176478749,-0.38352486769733746,-0.3727933192024075,-1.821342211274074,-0.4138592771813599,0.012019280844371278,-0.8329266642267366,-0.2838279839761042,0.07081667848899822,-1.1375634379880162,-0.33798186855874357,0.055187775974022676,-1.3325077745108347,-0.32978792802907386,-0.014603822214716858,-1.5190745664159544,-0.32049804425392314,F
0.0,0.0,0.0,-0.2558025972905585,-0.035419797401566734,-0.09810121585748836,-0.5164823372955817,-0.15750842462543854,-0.21393327076380828,-0.7711958408951233,-0.21605605572537576,-0.3369542978926346,-0.9799520802453913,-0.2751573325652522,-0.45578886957402265,-0.46271247139398364,-0.7810783226433567,-0.11886391202691392,-0.7183487855431967,-0.7659450684859269,-0.3275420835394631,-0.8726819327864838,-0.6158805542514895,-0.5127051940545935,-0.9699797595989859,-0.4723813151599678,-0.6182842324950502,-0.34323938733277926,-0.9264455072592188,-0.15454916713663333,-0.5532999819508586,-1.2774999316361404,-0.28673195224757897,-0.6710956222477016,-1.5508783457779514,-0.3796751970149908,-0.7855452371360483,-1.7949332894366175,-0.44262652389501284,-0.1670252593521212,-0.9395443974514175,-0.21329858059615067,-0.24063930663404104,-1.3352530838052556,-0.3247168937311369,-0.28143732861660836,-1.5757263778970423,-0.3746363713437257,-0.361523903203045,-1.7984486422262318,-0.40101562224344384,0.02401769880872736,-0.8360434923791418,-0.28224032867540155,0.08840688778302339,-1.1322932122811697,-0.336436709481555,0.07444505709001044,-1.3144626850539014,-0.3286639873702491,0.006364490617483227,-1.4932339744433696,-0.31882926636155584,F
0.0,0.0,0.0,-0.2668425925902474,-0.038675721945756,-0.08604889826379888,-0.5287751289240908,-0.1547260018350555,-0.20068502987744496,-0.7870819843055489,-0.21045828157178834,-0.32451639669390886,-1.004457885059897,-0.27653490589676477,-0.4477329062091304,-0.4721599461533635,-0.7849529382222041,-0.13146895959289148,-0.7254001206990994,-0.751107515614941,-0.3202461763691041,-0.886552097766963,-0.5624611048875435,-0.501423455881748,-0.9917969614835995,-0.40836993317921405,-0.611007848483278,-0.3576968759649025,-0.9188902691673339,-0.1664139962699475,-0.5758839186847287,-1.2580389918730979,-0.2827555535300511,-0.7012419719974747,-1.520058810630165,-0.37944536233452897,-0.8216095402157886,-1.7458672416633012,-0.4551920594101437,-0.19047268960593416,-0.9248171421370892,-0.21706284756203706,-0.25483390187171123,-1.3350534006338246,-0.3095247166150846,-0.29006025470383395,-1.5793665116945168,-0.36093765866644567,-0.36634206896078286,-1.7970917437177947,-0.3981940165566385,-0.014359336056531845,-0.8344503368074593,-0.2765575271970015,0.052388402081499176,-1.1371578751092117,-0.32096042745368253,0.03921057035904338,-1.3245899918008142,-0.31471970059718524,-0.02572029578209181,-1.5017946780045648,-0.3124776039541224,F
0.0,0.0,0.0,-0.2636759089692018,-0.036923345184449514,-0.08085833631792819,-0.529074140449776,-0.1430642641557127,-0.19292115306385554,-0.7832898154664362,-0.19037006821451025,-0.31242583151253006,-0.9927452780056847,-0.2655271739541227,-0.4317941900971901,-0.4673860710829311,-0.7851176363652573,-0.14533323623061092,-0.737238167786854,-0.7607807667541818,-0.3280342429690167,-0.916195089231292,-0.6004414824108035,-0.4998759865093093,-1.0364578669612217,-0.4719092803690893,-0.6053515091589602,-0.35457919424684325,-0.9175895352943338,-0.17973046409996235,-0.582710801875281,-1.2646844095080807,-0.29806002477074167,-0.7096943312061522,-1.5228749475412526,-0.38980351474454705,-0.8348674182485376,-1.7461253465106201,-0.4612168929851105,-0.19072759052753097,-0.9250976401705953,-0.22680666604809144,-0.2579701363632694,-1.3284994844771705,-0.32009170691007305,-0.290521023187295,-1.5772611382078179,-0.37084457536677984,-0.36518035100576685,-1.8008296679734455,-0.40772106645473644,-0.01656542767467067,-0.8420232484705855,-0.2812097582651007,0.04604473031115448,-1.1418567533468635,-0.3278001769407914,0.031066821652782867,-1.3263205474981583,-0.3222329561576518,-0.035611975693952976,-1.501799804560214,-0.3198321181776491,F
0.0,0.0,0.0,-0.2807862478986017,-0.013634957115315734,-0.07294808407633561,-0.5490596266281838,-0.12811656276556874,-0.18097384897359362,-0.8062675055539132,-0.1831745506867813,-0.29865820847262653,-1.0092171347775367,-0.25081972275219044,-0.4156029464767386,-0.48859525835228396,-0.7702901261354578,-0.13523535096811332,-0.7496578004973424,-0.7546749817366188,-0.30417694761547126,-0.9147491655523315,-0.5925521590455687,-0.45987738833707514,-1.0277236771417706,-0.4676173680795957,-0.5541247307185438,-0.372819140377549,-0.9114315814311279,-0.174064243709323,-0.5915067041562441,-1.2695681280799946,-0.2901123954005315,-0.7103820293113644,-1.5394992080081575,-0.37289160762410395,-0.8269443179088203,-1.7611560982078691,-0.43366353081103437,-0.21083833428585075,-0.9165332703875895,-0.22395481823731186,-0.26789096341236396,-1.3166118254488184,-0.30800294161731223,-0.2983477628583144,-1.5636162582827484,-0.34566917998082186,-0.37012464300693476,-1.777747564115455,-0.3714563059200436,-0.03583727182764016,-0.8290145013090715,-0.2812218699298174,0.021255991909153327,-1.1435083856549206,-0.31729098402634687,0.0019739148269027197,-1.3371726655351235,-0.3008319896754295,-0.06577911622082751,-1.50900688736765,-0.28896191095225265,F
0.0,0.0,0.0,-0.2843764352152415,0.0015699651985512002,-0.10060204735021092,-0.5720830224485114,-0.13404407477466976,-0.20918919563797123,-0.8455597519000875,-0.1899404536803229,-0.32088899407770477,-1.0659286426320356,-0.2540419041683007,-0.42811577894936387,-0.5124933974861894,-0.7411808180817817,-0.1408888765310784,-0.7790543008075838,-0.7205636308304342,-0.33382840160147703,-0.9593035377661974,-0.5766153640954251,-0.4969337342532663,-1.0731191300567104,-0.4508683392185188,-0.5912440717569906,-0.3826267629990871,-0.9069516286150703,-0.17616896318396227,-0.6122963412653747,-1.2518273515784808,-0.30553746211615673,-0.74010471998338,-1.5295184227974712,-0.38744652720286527,-0.8590003586277474,-1.7747111317911983,-0.442639437225919,-0.1996971774133644,-0.9298627660688265,-0.23151908314960903,-0.28157887619738814,-1.331667283221063,-0.34423214046063605,-0.316724093449116,-1.5825185863035167,-0.38746411736723246,-0.38918600104183254,-1.8082843184630402,-0.4096692386347432,-0.0014032200787962884,-0.8339040477218768,-0.2957827004953832,0.0490752505096675,-1.1597284178698217,-0.3705326031076599,0.03143469083789189,-1.374211384874137,-0.37153297055712264,-0.03421731026409091,-1.571122638251167,-0.36441521897845164,F
0.0,0.0,0.0,-0.2760345294474722,0.011000901099597867,-0.11849094263346974,-0.5594264638630307,-0.13795714204741844,-0.22903526742421207,-0.826965662588299,-0.2312033864831194,-0.3392329920410195,-1.0343456364657144,-0.3262579227931392,-0.44383653736793005,-0.4865366494715471,-0.752999111978183,-0.1431344688094765,-0.7453229914374705,-0.7860186097051638,-0.3337410075349379,-0.9301320797867899,-0.6631164335943325,-0.4964605015000092,-1.051092296894042,-0.5457352192611681,-0.5894585463125831,-0.35652698875634936,-0.9196763781366621,-0.1645717648497492,-0.5652507577924228,-1.2764068272607219,-0.29058775872277026,-0.688151970288522,-1.5491692652262647,-0.37375459306120973,-0.8030477469092302,-1.7931163188815216,-0.42761346388722504,-0.17584661097094142,-0.9438589781337384,-0.20768171982859823,-0.25269812084438475,-1.3346680752345514,-0.3184398036194997,-0.28847445149014195,-1.5803254073799524,-0.36403478333306283,-0.3468977932278272,-1.8004108824031533,-0.3849121503843897,0.016537969009214767,-0.8616353849587303,-0.26132642728041505,0.06411286726383753,-1.1892732040481677,-0.3306093973150171,0.0644530232642518,-1.4088639317360836,-0.33184041513521323,0.03387739015700173,-1.6154989970108111,-0.32359589956183754,F
0.0,0.0,0.0,-0.2899447140096145,0.010186608234156702,-0.11925626767779046,-0.5836474152345602,-0.13571142328534982,-0.23125101633441913,-0.8537804607242958,-0.2454411315721495,-0.3419949874435465,-1.0586070993924566,-0.367655578185406,-0.4446944560865072,-0.4809068287719044,-0.7564553494107951,-0.15011129947709576,-0.75399700642172,-0.8065478837069949,-0.33715373067453164,-0.9524935253335169,-0.7083454060812211,-0.49390885616548214,-1.0811857388825181,-0.609960027457822,-0.5838211715500344,-0.34361003080866465,-0.9241551798472429,-0.16694115816412344,-0.5471835882144686,-1.293611844192471,-0.29005991757250926,-0.655986714462535,-1.572905995757922,-0.3619678112890049,-0.7564110901617513,-1.812352302799507,-0.40883319012023356,-0.16453180365277004,-0.9478828843834545,-0.2057259255440626,-0.21845408937252964,-1.3388218991856493,-0.3075601747348979,-0.23842422555065648,-1.5804765612497076,-0.3381835959292904,-0.28922567573650726,-1.7949394297301633,-0.3506184553386468,0.026141159990373187,-0.8668585801499189,-0.256274298691119,0.08407609813131786,-1.1895629571204653,-0.32361668332585936,0.08429781323378278,-1.4033786911551245,-0.32214188696103757,0.04277607553393953,-1.6059443384068388,-0.3115199464287161,F
0.0,0.0,0.0,-0.2976167455549953,-0.0028748439874894172,-0.10191489962368057,-0.5945554319839012,-0.1539680278851127,-0.20909640785331196,-0.8671763452925788,-0.2648846335219228,-0.3181510522189888,-1.0714968010257597,-0.38244801361208014,-0.41909432849753525,-0.4709046542216548,-0.7569971047578488,-0.13881999658547134,-0.7343032594870179,-0.829432191958007,-0.3300580731623733,-0.9256601327971321,-0.748105643108785,-0.4914897493268083,-1.0599115457989965,-0.6620695310338287,-0.5864934881143559,-0.33792932280170046,-0.9265225156005291,-0.16540798310858948,-0.541883031787212,-1.3051003303283741,-0.3010336229232542,-0.6517175233398477,-1.58200735867457,-0.3913355768949748,-0.7538864447233934,-1.827878179526053,-0.4530882323640002,-0.1617538290417304,-0.9574703096758425,-0.21109017973577174,-0.21842317044879286,-1.3488095033655871,-0.31899316188163174,-0.23067610185629397,-1.5830194670695779,-0.3608836300539385,-0.27747587296575776,-1.8075588610624695,-0.3833152971555381,0.0303015877137768,-0.8812359795840884,-0.26638756449944123,0.09017422614568484,-1.2046410048924816,-0.32598362942432557,0.09388941997457113,-1.4129316173566713,-0.32392150608467063,0.05561175923105753,-1.6192436275975421,-0.31796912189857585,F
0.0,0.0,0.0,-0.30368282672988295,-0.009203087084282162,-0.10109919234863643,-0.5998021533686614,-0.17839692450788203,-0.1960879144706053,-0.8660905062521356,-0.3131503317045828,-0.2941859364396507,-1.064228579150754,-0.44572369182382526,-0.38276015259080354,-0.4631984511723564,-0.7717198591983698,-0.09693651878099747,-0.7203906115450978,-0.8523521901760899,-0.2822358198747749,-0.9185453856266783,-0.8098010772850662,-0.44091934376445174,-1.0632410735653013,-0.7574631412042198,-0.5316465769862563,-0.33033266279294865,-0.9359160864515971,-0.12223506458151301,-0.5171083642164022,-1.3238879979297535,-0.2386490235623326,-0.6210100297582705,-1.599033579857051,-0.3120410766093547,-0.7244048826725176,-1.8378623168880552,-0.3592293412250611,-0.15547211749162962,-0.9704405477877391,-0.1724696232188448,-0.19631662857985435,-1.3374635037316411,-0.26642170781617547,-0.2091108551435561,-1.5673320035840752,-0.2983258340753886,-0.261120649742809,-1.7820080990409397,-0.31193026058404066,0.03485379325844981,-0.8986519308504392,-0.23515975429638894,0.10369305831317281,-1.1961615521916413,-0.2869619745493308,0.10529665198122479,-1.390749450776596,-0.2822125187484411,0.057121757104120235,-1.5766745823097006,-0.2724698118909708,F
0.0,0.0,0.0,-0.2963351710353954,-0.008396005192271438,-0.11811705521282644,-0.5944075635937017,-0.1950622108846189,-0.21648042909011564,-0.8604317675780836,-0.35368687892833944,-0.31664944137188666,-1.0518985180321467,-0.5173770293260554,-0.4079668837474466,-0.47203332798352504,-0.7637989617416153,-0.10967791283653985,-0.7322608204454645,-0.8507324221172807,-0.2875226350855135,-0.9316934059429679,-0.8127159982568618,-0.43700137186532517,-1.0738543373957816,-0.768978675458771,-0.5239873532204633,-0.3239824125554906,-0.9373732353125729,-0.1279328498641529,-0.5205923665168875,-1.3220937219018183,-0.24061134508748777,-0.6281637796602245,-1.5984569952557899,-0.30750255582369396,-0.7403268553387065,-1.8321491994514651,-0.350534309097414,-0.13370321587685483,-0.968879743851908,-0.17227623154212882,-0.17645027433923358,-1.324471939712561,-0.2704587420397363,-0.19128275030659658,-1.535966643213757,-0.29969541472226763,-0.25019446559655883,-1.7413117974145318,-0.309908872005016,0.06976447235514902,-0.8902236746664208,-0.23013878194974957,0.1445782395753309,-1.1876238976502902,-0.29722887259947744,0.14937708783165307,-1.3845488714569367,-0.29879124803527407,0.09480107482559634,-1.5763136413584522,-0.29027187509142144,F
0.0,0.0,0.0,-0.30891642031013966,-0.033543393061151186,-0.10638770076677385,-0.6211906256030513,-0.2369422245032289,-0.19900431786767844,-0.8923157123001186,-0.4138561853544536,-0.2992156319825311,-1.102082854107165,-0.5745924251081798,-0.39262025413587487,-0.49073865334135613,-0.7572967379038809,-0.08665606199300979,-0.7600274703036373,-0.8497038635844093,-0.2673935462118478,-0.9701702379751431,-0.8217283340492263,-0.4183851330916979,-1.114957571096866,-0.7727649995615994,-0.5035859490765671,-0.36172545297902126,-0.9260249285503818,-0.10785419959548241,-0.5382697438717265,-1.304532105517437,-0.21492416842748238,-0.6456204731002673,-1.5697047857897597,-0.269906686149674,-0.751293319313005,-1.7908076654109342,-0.303043294200035,-0.19393277700453526,-0.9655243621483768,-0.15704410246543235,-0.23715818497963317,-1.3128052290092822,-0.25076980515256386,-0.26026642704349695,-1.5237207502396266,-0.2636817044929079,-0.32704545770970805,-1.7120941433130914,-0.2606904096205686,-0.01731142947565579,-0.8972762753153133,-0.221368475479263,0.0638769229616359,-1.1693914556642535,-0.2849828001925569,0.06730160252637918,-1.3549761387903076,-0.2785885294805103,0.0010063798579462927,-1.5245434055414544,-0.26323881390542997,F
0.0,0.0,0.0,-0.3055213911466579,-0.01188730172682423,-0.11758545638042671,-0.6083837342630214,-0.21017144972666046,-0.21339699020022093,-0.8810703934480647,-0.3706101189800709,-0.3105456950905322,-1.089252875248065,-0.5168297397814986,-0.4005211686316987,-0.4737756077237585,-0.7539505129273562,-0.11672380561990654,-0.7524386699086422,-0.8423605957239573,-0.2949005349959846,-0.9692006343623051,-0.8187549976954618,-0.4396732118888998,-1.112992342591189,-0.7701632972541913,-0.5230023490326899,-0.33360357905633403,-0.933244583454895,-0.13327865355301122,-0.5067976833728041,-1.3075626990675557,-0.2503947827728512,-0.6216398038862675,-1.5839570614729923,-0.3152488725404186,-0.7301201611563829,-1.8120832103837403,-0.3563083151336678,-0.1663529788971779,-0.9776611750468334,-0.17544988080425103,-0.20610666386319207,-1.349628912259861,-0.27977324742816473,-0.23684599262388564,-1.5887154004158106,-0.3078808888458826,-0.30910351394697216,-1.7959691592610092,-0.316199821469101,0.011247956550767805,-0.9092817560772263,-0.23092580158116674,0.08641678704004334,-1.2145448711379623,-0.30461810854487553,0.07972904284644348,-1.4227403364276554,-0.30983310689493787,0.011047115902300331,-1.6017946891906978,-0.30352523980442453,F
0.0,0.0,0.0,-0.28685955190767004,-0.00683268326091445,-0.11812549811702208,-0.5656239208878316,-0.18653882033910707,-0.21838897925569398,-0.8289355212790572,-0.3182782906682671,-0.31780677914555955,-1.0270840416091889,-0.4355509441753031,-0.4148142477165592,-0.44831011021854467,-0.75861312348254,-0.12850114257231343,-0.7230391828799927,-0.8287569630850677,-0.3025173205420355,-0.9384947356820986,-0.7983810457802774,-0.45760855867606187,-1.0905746847811242,-0.7544012748243147,-0.5526945300935591,-0.318779754287751,-0.9371349149278715,-0.1419775316005035,-0.49880021619172676,-1.3143251516131063,-0.2697959835980124,-0.6179945525795316,-1.5696433104733987,-0.3609910430737542,-0.7350603059117139,-1.7803196921091033,-0.42275743144918404,-0.15586588798976905,-0.9819005350937453,-0.1756420287491426,-0.19044109878957083,-1.3826065181874176,-0.2880555740742862,-0.2238600459192026,-1.624663601639545,-0.34694055249216166,-0.30274525075476044,-1.8295981876867058,-0.37817322967720357,0.019558715559816784,-0.9140568905410634,-0.2195053858544783,0.09193499690538025,-1.2470116469698522,-0.2920932662747373,0.07608726071155744,-1.4561324513124645,-0.30679439661624686,-0.003407723885292761,-1.6292336067584416,-0.31132759059092796,F
0.0,0.0,0.0,-0.31381025962845405,-0.00341014995613068,-0.11213894357127271,-0.6119288158016882,-0.19059032320629854,-0.2050176411791308,-0.878040890500696,-0.33477964633030494,-0.2993210949501065,-1.0792426151904657,-0.4644743935017262,-0.38695464053639383,-0.4635112246713054,-0.7487756490116081,-0.11372632888521017,-0.7317528807600834,-0.8190787733898577,-0.2825827816007401,-0.9473851619656141,-0.7792175386090248,-0.4263975550533498,-1.096302644192861,-0.7263541720050742,-0.5094894970525801,-0.3285599782129662,-0.9359758193442895,-0.12648164419978544,-0.48365504836593154,-1.3029821308523248,-0.23343707404553032,-0.5920931845532114,-1.5746161697052161,-0.2969002251227867,-0.6972571221726723,-1.7913065699171313,-0.3396843068543966,-0.17433024943639835,-0.9953419782266345,-0.1631717139418118,-0.1921058574921937,-1.3764314149247452,-0.25496465269092605,-0.22930014323966727,-1.6169211486739419,-0.2888881746212643,-0.3085879999504443,-1.8114542060051864,-0.30331324632572443,-0.010118811479683071,-0.9411536250762799,-0.2126784299785506,0.06405195006615923,-1.2632404469748646,-0.2751378965537107,0.03826822978318551,-1.4693439025668147,-0.2811413192418894,-0.05024691380053553,-1.6318558762376807,-0.27645703862905646,F
0.0,0.0,0.0,-0.29731928387860523,0.0173614929138968,-0.10761056424799015,-0.5998381823093605,-0.16523487253256866,-0.18921005867136886,-0.8658090993542605,-0.30494456732157155,-0.2732978935873892,-1.050027918530673,-0.4190138347952107,-0.3510722454284728,-0.46501172340928143,-0.7418145015800985,-0.09421243904798357,-0.7189365321461697,-0.8508196285143721,-0.2429706937257359,-0.9271793848048386,-0.835090961791884,-0.3742691959353134,-1.0792555817114518,-0.8094981213964886,-0.45271151198816934,-0.338149084275005,-0.9350849849482427,-0.10616622687239294,-0.498852789771852,-1.318760996038758,-0.2115083785250756,-0.6216694997449574,-1.5896626243607066,-0.2787529532388372,-0.7392752932724205,-1.8055470069342372,-0.3222533836320458,-0.18751008670599398,-1.0002404009321972,-0.14081670770747717,-0.21292365825132184,-1.3918904927181335,-0.22985785768753086,-0.2515188809824025,-1.6343201232774855,-0.27229801060883874,-0.324176151835656,-1.8273007725611985,-0.2904743365839878,-0.023734645525199938,-0.9600584518384271,-0.18806388309119737,0.041841394218536165,-1.296195204235277,-0.24384883969691465,0.012092356845855821,-1.5042388981984227,-0.25355893212778446,-0.07387913937799939,-1.6635141038414745,-0.2522148804682921,F
0.0,0.0,0.0,-0.29426112133109356,0.017205862422088224,-0.11251258269618875,-0.5909009978597767,-0.1462088044437751,-0.19556421689636178,-0.8489697911944216,-0.2693271207827525,-0.2806891080434547,-1.0214450324821798,-0.38476433824775236,-0.36059481147388595,-0.4740167525225966,-0.7368679078962198,-0.08582323975908503,-0.7270189693069425,-0.8414075463534991,-0.2357468511726014,-0.9303029037797612,-0.8548581845842308,-0.3699332447799738,-1.0752152364047554,-0.8477275515232883,-0.4509329343158112,-0.3472802956384568,-0.932357712282069,-0.10052607925017584,-0.5117144507647999,-1.3146301880039453,-0.20119402760042254,-0.6324498636226134,-1.584028362414528,-0.27509488123978026,-0.7472044410649081,-1.7965604193959832,-0.3260728716826306,-0.18918738184919223,-1.002164952157573,-0.14007156190685124,-0.2125677931124316,-1.3955093870278863,-0.2304254786724774,-0.24906987230165478,-1.6407317072854175,-0.2879442276692782,-0.32312792305389554,-1.8342151124965431,-0.3191459612086056,-0.01716354231809937,-0.963209829242895,-0.1925920288017415,0.051383152157837196,-1.3006417952144342,-0.2541780556703454,0.028308648264977698,-1.5147536632000995,-0.27595454640970135,-0.054502052483462,-1.6809664044233987,-0.28535649792941997,F
0.0,0.0,0.0,-0.3238115288171036,0.02245280763895366,-0.13228708511122234,-0.6538301713102928,-0.1744678205395824,-0.21449940611962953,-0.9290526994698234,-0.34907658152019494,-0.2941008216870211,-1.1234100004255703,-0.49387074101676554,-0.362997219298798,-0.5477529063594859,-0.7078728601696522,-0.09309809598813129,-0.8317467770327903,-0.824282740058142,-0.26517981072949526,-1.0543045363509858,-0.8362814311356076,-0.40499732646740283,-1.2130971687712662,-0.823761246000492,-0.48115695338349646,-0.4065552526309021,-0.9086964710526833,-0.09478159132776487,-0.6033050788829492,-1.2864452719151414,-0.186533079114184,-0.7155989424985804,-1.5495770000191125,-0.22680378071249213,-0.8191075787309912,-1.7498794414258572,-0.24575545540748783,-0.22520443182225913,-0.9814840582460747,-0.12843910993172256,-0.2903357938091061,-1.3319377302985869,-0.21331702834092586,-0.32181917627762807,-1.5507613974151901,-0.22070022652371926,-0.3810943691717223,-1.7302868447636743,-0.20735702927639063,-0.028067488197126626,-0.9543492726297879,-0.1801215513081703,0.005870162155987113,-1.2682844397127584,-0.2410617023395722,-0.008971356762994214,-1.481197552325894,-0.23719386458384487,-0.06937385679775393,-1.6608842805475326,-0.21779295124921452,F
0.0,0.0,0.0,-0.3191043715739245,0.016471548375931348,-0.1315224654357828,-0.6509761911523418,-0.17331781235905458,-0.21544001657833517,-0.93020648437143,-0.35914815504534986,-0.296750997570741,-1.1289926283015042,-0.5123810032537015,-0.3674762349133604,-0.5503062447860029,-0.7165714667419485,-0.09566754352532275,-0.8504683357276063,-0.8549120249652316,-0.2741723330125275,-1.079398629993641,-0.8812018459413093,-0.4171449337127219,-1.246107806870625,-0.8769698740966964,-0.49518221516554756,-0.4098794728363019,-0.9070760801829995,-0.0959781355688891,-0.6111596051757815,-1.2935481270081826,-0.19796092957321906,-0.726072685256011,-1.551941411128425,-0.24842382959809395,-0.8347543763362951,-1.7558293286260453,-0.2734238340877162,-0.2242284833300759,-0.9755068424289279,-0.12695545738677105,-0.2947216271456165,-1.3122511140660515,-0.22089254045367243,-0.32618266614615615,-1.5200402332319547,-0.235055663641127,-0.39056779377349293,-1.69902009084491,-0.22528325534274857,-0.017568547593729528,-0.9507449435059412,-0.17487158365493483,0.015319828798095975,-1.251889012908554,-0.23748913565235982,-0.003123812553386184,-1.4535941640444805,-0.2338391976372871,-0.07037412703245972,-1.6238384201808145,-0.21514094461056613,F
0.0,0.0,0.0,-0.3182546088653681,0.017517499106125455,-0.1322856695059719,-0.6535889139152665,-0.18043287525907137,-0.20938318360130617,-0.9263367701675368,-0.38063585967442926,-0.28497328919417414,-1.1152978437970031,-0.5592205012473492,-0.34873933429777915,-0.5474090288314142,-0.7220652000603159,-0.07558063059739044,-0.8442426673458496,-0.8622205606275315,-0.2565916631399521,-1.068186085277472,-0.890056809732675,-0.40145836244277,-1.2358114191959506,-0.8841146017510709,-0.47911328386105956,-0.40356739882471854,-0.9117523452610622,-0.076426536731709,-0.6052254299607319,-1.2949183545601803,-0.17795147269113987,-0.723726967377564,-1.5419219543155112,-0.23124916270483878,-0.834224827184078,-1.744057765686164,-0.2574758203747279,-0.21465593388929585,-0.9790610389168949,-0.1106554733371021,-0.2905323074957222,-1.3077450878437937,-0.2101143187295086,-0.3331306309134906,-1.503479359341955,-0.22751140786839982,-0.40563439233371157,-1.6805979418431507,-0.21796469095734172,-0.0062793771355533394,-0.9511391696674277,-0.16226195304347635,0.023301285034088657,-1.2453046323691788,-0.22961090728826508,0.005434931642654683,-1.4425002888865206,-0.22909070648584248,-0.0613259772188496,-1.6174028393396587,-0.21191650237525764,F
0.0,0.0,0.0,-0.31863266603585466,0.002669269438138673,-0.13063835423257578,-0.6539566389253149,-0.19154115389730084,-0.20303238857328929,-0.9229071298327147,-0.3938990728488908,-0.27551310823442854,-1.1127768853936528,-0.5846135458516113,-0.33508562576543466,-0.5540072347098419,-0.7165347359815526,-0.040126634392679855,-0.8322356975883881,-0.861147724562142,-0.2076476514406858,-1.0346094900969933,-0.8895548328750559,-0.33833007615854244,-1.1849384244545003,-0.8770068383848848,-0.40469863908227505,-0.4186109566364016,-0.907164782593115,-0.04262539391892362,-0.6340608969970555,-1.2986619595004938,-0.14028455783953817,-0.7646527552225788,-1.545150355510056,-0.1878137291674398,-0.8830335221229785,-1.74874937729861,-0.2053615626915083,-0.22959694278981033,-0.9789686607605104,-0.0816873657263055,-0.3201332928082838,-1.305516963819277,-0.18573387455517618,-0.3753961570531107,-1.5146575664661497,-0.20700744123236184,-0.4583823456163471,-1.6969777187628667,-0.1962335173385447,-0.017592645796565474,-0.9607374444417301,-0.13768659730368352,0.005276300578002051,-1.247202608838159,-0.20484089257793786,-0.018385974777944517,-1.440165126383628,-0.20614744331151863,-0.09101806886521412,-1.6052459329099196,-0.1899933080933917,F
0.0,0.0,0.0,-0.30153010287292187,-0.02360077908238957,-0.11017866871090289,-0.6177496867362547,-0.23124837587394742,-0.17507533755828844,-0.8791459915313896,-0.4325115709736523,-0.24404647913674565,-1.0647374394952256,-0.6265542367495998,-0.3023405314891614,-0.5331276093017113,-0.72597635099523,-0.02242634830202609,-0.7914776548122987,-0.8616158693267143,-0.1906539919662962,-0.9794468407293628,-0.8902528468150909,-0.32551343197223115,-1.1196179003447824,-0.8813338019375779,-0.3961040784570667,-0.40837501632562423,-0.9120771829333079,-0.03667503801616999,-0.6111742414350392,-1.2991884546803532,-0.14210372172253338,-0.7323348863014854,-1.5419972010453822,-0.2020677315633876,-0.8412877788789379,-1.749602387468676,-0.22994604927520268,-0.23122526681879427,-0.9783546096197527,-0.08455487895442207,-0.3181155767974879,-1.3169932595178715,-0.19425076540421476,-0.36745931811467286,-1.5210230089888286,-0.2252385148105804,-0.4477658451500929,-1.702861303488113,-0.2232267468231226,-0.02652656928680631,-0.949499277820469,-0.14672702630715145,0.0025689128640404573,-1.2344381951557615,-0.2125790034710966,-0.013534816041452511,-1.4200427404392082,-0.2140265198910049,-0.0804153102865244,-1.5756506817222857,-0.20119769533208945,F
0.0,0.0,0.0,-0.29919813458280725,-0.01519265962169215,-0.11404182942961037,-0.610160782936335,-0.23074952098443452,-0.17990005450525895,-0.8668318577013786,-0.452761846650711,-0.2514263291762124,-1.0450166032083628,-0.6660095492806061,-0.31202686797095236,-0.5315063153870268,-0.7325082434694672,-0.009801282381566502,-0.7748196448795253,-0.8745958793057349,-0.18083063552407536,-0.9533772797835655,-0.9059909212920885,-0.31761599909097366,-1.0833509216906334,-0.8983521104106916,-0.38772070469421577,-0.40846276487954064,-0.9125027080960675,-0.022292990474679975,-0.6137635094030683,-1.2928204880279477,-0.12882037834517227,-0.7396574376878803,-1.539417298104137,-0.18698952965114485,-0.8522421613828632,-1.7610505471904094,-0.21233781222818887,-0.2339648149849142,-0.9747455134121304,-0.07100183938837314,-0.33151092077799477,-1.3118329358026855,-0.18300204970458897,-0.3918429709147535,-1.5037763815514065,-0.2117703295488767,-0.4814331248613051,-1.6832410447185562,-0.20611411214364264,-0.029635330613451742,-0.9403135851645319,-0.13517365845197635,-0.012180968589977944,-1.2246968609978268,-0.20090589143362303,-0.030366438767583992,-1.4100961169638304,-0.2022490363628327,-0.09204550879606882,-1.5735716961145494,-0.18859140407347955,F
0.0,0.0,0.0,-0.29325955422493794,-0.010043609893502978,-0.10031390967308158,-0.6081433781029996,-0.20015863148035928,-0.16332882430499798,-0.8389930329744278,-0.4162935837045005,-0.2334232380783424,-1.0130202190987105,-0.6213433977332101,-0.2937131275981145,-0.539528275772605,-0.7312226525229085,-0.019397707381365873,-0.7773296751366335,-0.8854145973909563,-0.17573496458112922,-0.9471724072369878,-0.8997359630215314,-0.29979058391433216,-1.0788218274408423,-0.8794752403912479,-0.3655774620887381,-0.4210460917887948,-0.9061031019854753,-0.041198994668330706,-0.6346512894810826,-1.2964253869730349,-0.1533496469130547,-0.7730240566961842,-1.5342241662204614,-0.22239489570315493,-0.8951354856054349,-1.7504934473494165,-0.25761464685386,-0.25205687864785625,-0.9681761565924231,-0.09392871746669723,-0.36385086352605545,-1.3141882438076695,-0.21128266166774187,-0.4345546461252092,-1.5069272802187674,-0.25672152259532033,-0.5301416121880863,-1.689629352885792,-0.2671445701064881,-0.05039123278437749,-0.9353078163051086,-0.15887818880115745,-0.030356031897713284,-1.2214969539269613,-0.2288006015053743,-0.04728645851631388,-1.406810484030123,-0.24078335330547457,-0.10943779709490627,-1.572752853042015,-0.2388297688049249,F
0.0,0.0,0.0,-0.27809607857362106,-0.011032938761031667,-0.11067405642518953,-0.575593428685152,-0.1918577558033689,-0.1890847801094743,-0.8056824489037211,-0.39722701116827697,-0.27262932365818543,-0.9575221153902471,-0.6237154573491649,-0.34426746991520313,-0.5242224998696914,-0.7407667161419946,-0.0464178437907513,-0.7446633291550248,-0.8991495458002681,-0.22170966287562197,-0.9008850742932512,-0.8942081193690669,-0.35788178559932304,-1.018262677775501,-0.8611294005595138,-0.42852915831147154,-0.40653297083776885,-0.9113208309833203,-0.06500220486790002,-0.6194420326575979,-1.2980330992004327,-0.18556662166369114,-0.7605410988712493,-1.5437545085535043,-0.25217944251265767,-0.8867048711755413,-1.7674917701102497,-0.28270954647107105,-0.23127662140114344,-0.9667448778994254,-0.11493761580930746,-0.3525839508766403,-1.2979915644217792,-0.23004947638052148,-0.4292281863884619,-1.491068949762383,-0.26340284471143943,-0.5246381028622394,-1.6789533393442424,-0.2638463449113088,-0.026291833895169134,-0.9251447027050552,-0.17883055464669206,-0.022832899194831585,-1.2041967192027394,-0.24440929668041905,-0.0495255341337813,-1.3821633564998868,-0.2456800152714278,-0.11076936277712833,-1.5464304712052466,-0.2330313353398738,F
0.0,0.0,0.0,-0.2652350727351117,-0.009245695020230513,-0.11154625914139077,-0.5557088316514003,-0.1946499714213549,-0.19221550397806575,-0.7796047966636012,-0.3953245255126721,-0.2767630690895825,-0.9118081606420676,-0.6270855252446454,-0.3503730873781678,-0.5046434193099982,-0.7450448543809699,-0.05669924278153487,-0.7098281218157957,-0.8935500718651473,-0.2323127370599094,-0.8527636009276162,-0.8952277720282737,-0.3713496081320952,-0.9564148996121907,-0.86716903835142,-0.44462319970189806,-0.3875512435343858,-0.918723156121214,-0.07584059626365443,-0.6048168521744316,-1.310664524175755,-0.19050644853633622,-0.7441893949971139,-1.5711350081208368,-0.25720428239790405,-0.8643132663989741,-1.810630481248563,-0.28913272649850763,-0.20734654616128953,-0.9726513439506518,-0.1255292677144239,-0.3384513188414857,-1.3187173693040457,-0.23748796434492403,-0.41737718127414897,-1.5178472904084395,-0.2749978247315857,-0.5118877737197174,-1.7075757681415087,-0.2799321368175791,0.003525412759006559,-0.9256300557702293,-0.1887811693080344,0.010885164874404373,-1.207015667090744,-0.25597758743833265,-0.014029559596287128,-1.3850296071293084,-0.26057939221536897,-0.07465961696403825,-1.5491481470423303,-0.25074194662727994,F
0.0,0.0,0.0,-0.26632782912043135,-0.014987809228183834,-0.11280220232284385,-0.539558206597513,-0.20191578932702944,-0.19144272650493774,-0.7313691688453514,-0.4116230058076552,-0.2743372569586348,-0.8373004217862547,-0.6583126937111294,-0.34451320765149446,-0.49980059654945413,-0.7546290968375579,-0.055699844691453254,-0.6911430784582611,-0.935043381253231,-0.22507833965994237,-0.8023400605859377,-0.9204989302171988,-0.3596790343204805,-0.876514375855758,-0.8742804763949731,-0.4311918330293967,-0.3790545273917932,-0.9222854010620338,-0.07554670245369886,-0.5774869243527143,-1.3200547830726685,-0.18700200544168216,-0.7103785021206773,-1.5851929672376852,-0.2603770548384901,-0.8288184217951342,-1.8211644660758675,-0.30069744867693793,-0.20394031636369114,-0.9691561402979314,-0.12574545039723392,-0.33076950668711436,-1.3152913060223779,-0.23614416835775487,-0.40728240762978113,-1.5237606048653565,-0.2858316567621443,-0.49946771220320235,-1.7195068401212823,-0.3028395092007745,-0.00028620167331545665,-0.9208530570876478,-0.18914339816161432,0.009590427271685409,-1.2044378931034234,-0.257743570141478,-0.0079322383768675,-1.3816203882240186,-0.27161112241993324,-0.059632980652008546,-1.5451341458285548,-0.27136552958404264,F
0.0,0.0,0.0,-0.260345370733772,-0.021798516666505924,-0.1236064660407571,-0.5247239955348999,-0.18496929219512268,-0.2138468364998677,-0.7140583894207082,-0.39770405178441415,-0.306934556687128,-0.8022952976487577,-0.6592035106038823,-0.38554318550187416,-0.5067087435821052,-0.751912730891234,-0.06383420629723634,-0.6876888010259274,-0.9461361698456495,-0.2297564925792634,-0.7740593659311302,-0.9345027096821411,-0.3620592903082541,-0.8157489376116849,-0.8830296242810186,-0.43413565442811447,-0.3880662180353194,-0.9183250434474346,-0.07799823714053616,-0.5925959789196154,-1.3179501789076125,-0.18935823825623416,-0.7200197904351722,-1.5924427776243382,-0.26801429189286247,-0.8291818922799614,-1.8391256373711489,-0.31556139666016836,-0.21179597514974646,-0.9647893865566357,-0.12202624827227135,-0.3415243050711781,-1.3158451979172099,-0.2285594257487365,-0.41511236692099357,-1.5311900885278562,-0.2827174371695546,-0.501454426481129,-1.7257408974960886,-0.306848283872853,-0.0026499880525111355,-0.9205769026428419,-0.18006696202369252,0.000832961499228155,-1.1981657998701374,-0.2468519111017892,-0.020379303645713193,-1.374113402611097,-0.2657309317685587,-0.06714976388977598,-1.5332742580937626,-0.27142310862794955,F
0.0,0.0,0.0,-0.25781944909952353,-0.025669580497423777,-0.12193720621698885,-0.5148859523180117,-0.20842095861151066,-0.1997866627642064,-0.6661329471514713,-0.4470971033046821,-0.27796656543895154,-0.7204001896213396,-0.7110294099173512,-0.34275005760624366,-0.5255075436521811,-0.7554528443373851,-0.056538751586524896,-0.6938359658570548,-0.9297444787005226,-0.2003786622718586,-0.7265211192905575,-0.9218998332422942,-0.31727135255317934,-0.7139176273600756,-0.8956270764057332,-0.38451921187588384,-0.3967067311158893,-0.9154116204717795,-0.06815669147322403,-0.5922797977484474,-1.3167651192775318,-0.17316161840859104,-0.7063389904911888,-1.5925254319961528,-0.2551945164104896,-0.7983101562923464,-1.8381620105900776,-0.3075023361340318,-0.2180964932539884,-0.9553457563388718,-0.10667334121061607,-0.3473346924623908,-1.3036242701266574,-0.21464879053389244,-0.4256097689619056,-1.5164366058286,-0.28151567513673115,-0.5016842515290526,-1.7048721478748767,-0.315449404834118,-0.005308994955345482,-0.9064969175858848,-0.1573266095516494,-0.004483399669658072,-1.1827255395437248,-0.22417440040070136,-0.023901778317556105,-1.3485081900038707,-0.24953506569458309,-0.05882267060909594,-1.5006061142743836,-0.26245371322618616,F
0.0,0.0,0.0,-0.24356702851470227,-0.03637330359035817,-0.13766134905826963,-0.47857058636412736,-0.22625413491175095,-0.22589171502992866,-0.6027905707792982,-0.4750438970030343,-0.31082438842039084,-0.6124443814745364,-0.7406050074829199,-0.37859082160011864,-0.4937133118289879,-0.7836609935175475,-0.05868296575267497,-0.6140714336513379,-0.9832552030912232,-0.1999401059419242,-0.6227173081176383,-0.9760567115170885,-0.31444523197788765,-0.5945330332873212,-0.944975556435405,-0.3806818180510826,-0.36205088675718117,-0.9299158993183501,-0.06461869383764193,-0.5358617686121707,-1.3409786820278085,-0.16327200033687175,-0.6428854571780375,-1.614955975440644,-0.24305704904050518,-0.7321369899009393,-1.8532878252299303,-0.2944283881371824,-0.18740799233057018,-0.9553816340883713,-0.09932076799350205,-0.30917084522432164,-1.3055094641282952,-0.19687964145872439,-0.38450048533505876,-1.521763619884498,-0.2577080098863562,-0.45418220275513765,-1.7209258136362402,-0.2910482917549624,0.018686572215609484,-0.8940453555755836,-0.14843268578820534,0.009513168430735292,-1.1692321241324695,-0.20830773164974759,-0.008487591505390699,-1.3384471212667552,-0.2312115630567625,-0.034523809481469186,-1.5046111841228351,-0.24397939466453128,F
0.0,0.0,0.0,-0.2500014326867476,-0.05338483145954195,-0.10771134628780098,-0.48925641519851654,-0.24038253610714153,-0.1959531804808999,-0.6711636424762877,-0.42610055590200474,-0.2884381639062524,-0.7601799059272561,-0.6561762311493783,-0.3718059338084473,-0.41979188271484297,-0.806769371482564,-0.0736763456566626,-0.5994829585882733,-0.9826156003524211,-0.2574621870898267,-0.6998366289478459,-0.9428500173554474,-0.40682177526013985,-0.7512475732564052,-0.8520660396165092,-0.4857760518877748,-0.2901269111352421,-0.9518994719984946,-0.09855846307705127,-0.45973302136361976,-1.375071469369625,-0.21876809509202347,-0.5675282653783705,-1.6580143478820295,-0.30329021660605554,-0.656493097006766,-1.9030061428210625,-0.35337927395994034,-0.11321417213269509,-0.9685481693864647,-0.1511441757760249,-0.2023595243660626,-1.3475113325936694,-0.2608173337604654,-0.25646045484039187,-1.5832268763750161,-0.3162102659905854,-0.31826266421259547,-1.799523979085687,-0.3401001566160847,0.08163681536365103,-0.8808715521457374,-0.21567569310656598,0.10002267348162654,-1.1874966843959758,-0.2817867816439249,0.08825878982643796,-1.3845823463911786,-0.2927689716145716,0.055081445071998913,-1.5713494353293938,-0.29171360079988956,F
0.0,0.0,0.0,-0.2703784041770972,-0.05172327028955739,-0.10043751945057772,-0.5176826013160081,-0.24275248041530706,-0.18951654657771227,-0.7217703124495062,-0.4124709361165277,-0.28547934590033786,-0.8384507861248406,-0.607445310378469,-0.3729788652672098,-0.43829057816974787,-0.801196290193535,-0.0733164130987945,-0.643286060329954,-0.9395262925756808,-0.2533555472463488,-0.7743490070942116,-0.8744902476428122,-0.39876056562974155,-0.8501352834660657,-0.7766462156955195,-0.47515288012540524,-0.29668369987112914,-0.9492986573221103,-0.10397519625957079,-0.4639412189295288,-1.3436258126434861,-0.21736077975384904,-0.5675192049590962,-1.6227708695319685,-0.28595943690344694,-0.6569689915353033,-1.8627877540486406,-0.3259212010812718,-0.1188776191059454,-0.9645384196967408,-0.16358984786419797,-0.17420406385189613,-1.3550348790334934,-0.2717096954239829,-0.21841963817347035,-1.5939398147811936,-0.31623269390205877,-0.2845822297800333,-1.8050244238332882,-0.33270376060145396,0.06741170923356607,-0.8715518887768204,-0.2347096338981158,0.12200478611407489,-1.1787527680749779,-0.30414141662108857,0.1176146109616733,-1.3794379455570789,-0.31272813568748015,0.07224175076615201,-1.5666397394036717,-0.30877978830774766,F
0.0,0.0,0.0,-0.2722323803427021,-0.05620350127222666,-0.08941971567978635,-0.5179050100877056,-0.24681311796104896,-0.17402940574069994,-0.7236150484746757,-0.40799203643267634,-0.26529719880330305,-0.8572800832757944,-0.5735222225606782,-0.3498494995024458,-0.43145358345638984,-0.8049895139560584,-0.07601394873600976,-0.64398682406025,-0.9180185770703798,-0.2607683874324842,-0.782971989143159,-0.850664541447873,-0.4134604533259469,-0.8596128761697305,-0.7519883752369576,-0.49587055759645604,-0.29159227302116353,-0.9500105077607626,-0.11159740793804057,-0.46265656248532694,-1.345357486309125,-0.2293644881000343,-0.5643365053169155,-1.6287308662470723,-0.30445157171902704,-0.6533474547412059,-1.8681872302508604,-0.3506402594795015,-0.11407959584838159,-0.9647396000679965,-0.17386642718653314,-0.16104398524864968,-1.3592060275496465,-0.28504252573443695,-0.19675920490172416,-1.5973159526286336,-0.33447907984448,-0.2612596527345914,-1.8100154267547586,-0.35554740335441504,0.07283106194232096,-0.868170746233673,-0.24582417132458179,0.13902304107532387,-1.1744445693007584,-0.31834065210767987,0.13544428584757612,-1.3681567952779612,-0.32794987686732363,0.08393372524663238,-1.5499785899141698,-0.32504562336213616,F
0.0,0.0,0.0,-0.2731184859416605,-0.06442617340054174,-0.08139267223530261,-0.5102489686440337,-0.2531546074586604,-0.16092936587930962,-0.7067449104676947,-0.41412003182695206,-0.2495290742668202,-0.8326322961196648,-0.5816353297069883,-0.33083855826459396,-0.4327596787061574,-0.8089923243516628,-0.059896625669154456,-0.6328675445818803,-0.9317841703948816,-0.24088953363731125,-0.7529504475860528,-0.8537443690499751,-0.3880602199777141,-0.8138234638295866,-0.7429901176960972,-0.4663773852555548,-0.29390958094293157,-0.9506320049292108,-0.09957886037819105,-0.45887405299034467,-1.3412141823506425,-0.21197459068706379,-0.5615474609812847,-1.6175254499830047,-0.28180058198075597,-0.6515332808001455,-1.8516104635253272,-0.32428469888160405,-0.11818944945725396,-0.9620779118556821,-0.1664875150959337,-0.1729923461461991,-1.3488352999359048,-0.27290751029307275,-0.21189682125796339,-1.5843844788097066,-0.3188813068807667,-0.2722053590745662,-1.7948715534080681,-0.33888105820497405,0.06554906909482422,-0.8601727558414511,-0.24319776485187106,0.12987879099944777,-1.1496764008273987,-0.3126926982446146,0.12795081519579354,-1.3424876846840432,-0.32228965502955864,0.08668064314726001,-1.5268713214383283,-0.3203702768490037,F
0.0,0.0,0.0,-0.270310007893068,-0.05231469890884244,-0.09354096491598542,-0.5152625111284155,-0.2254589746107075,-0.18483552945707965,-0.7140420933800561,-0.38446864073087206,-0.2823649177493343,-0.831490925253988,-0.5696796279067151,-0.37229776672906506,-0.4283817501695935,-0.8056413770083674,-0.08907550155139501,-0.6366791978372899,-0.9244779854939407,-0.2697785776992844,-0.7581249249806395,-0.8504204941204474,-0.4168905867143233,-0.8221007281630779,-0.7483263810257176,-0.49670582366365434,-0.29191992667167677,-0.9481925138729104,-0.1253543499339906,-0.4632173951207388,-1.3631642954908678,-0.2432867324385705,-0.5691111477035454,-1.6515720418808175,-0.3201437833379019,-0.6636569395656347,-1.8984239539106589,-0.3688219554820227,-0.11558942216843213,-0.9597660858935364,-0.1867145106346344,-0.18129450103395806,-1.3742906859155306,-0.3008674757933044,-0.218432559299531,-1.617368368837461,-0.35463590871567396,-0.274395942230452,-1.8395597466369857,-0.3801087532122064,0.07322408569732841,-0.8647826327665973,-0.2573456759353973,0.14151129753387778,-1.1769734676178507,-0.3321552563439453,0.1465161150526742,-1.3759196214181793,-0.3456861810448341,0.11053008534340401,-1.569360078696605,-0.34782709118828903,F
0.0,0.0,0.0,-0.2573923972572484,-0.0483051075893588,-0.0943459363763923,-0.49728178559612807,-0.2275885937118936,-0.18350902427160698,-0.6844250485635054,-0.3903773743661684,-0.2799832812960355,-0.7748808490027089,-0.5883893957869467,-0.36763031947701574,-0.4147968403071893,-0.8086074928546586,-0.08096509729033075,-0.604456280624551,-0.9562025092598895,-0.26048614896693534,-0.7073892195487145,-0.8686790069290544,-0.40631400891133074,-0.7515577879596252,-0.7490721994323268,-0.4851119438492221,-0.282505679720209,-0.9520813349739428,-0.11718221929993343,-0.45158293027701374,-1.3801729656830994,-0.23725439626438125,-0.5549613101213985,-1.6690706521273266,-0.320627210324247,-0.6407498482604347,-1.9179537181851818,-0.37351620100354826,-0.1066678764628295,-0.9628615690925657,-0.17845612431400426,-0.180976443544009,-1.3697208213561902,-0.29338918524400426,-0.223432319809132,-1.611348486501307,-0.3519045986859828,-0.2737474090698314,-1.8321857605443583,-0.380896388806991,0.08495855201933257,-0.8708336159371505,-0.24914322852132084,0.14688724461395505,-1.191184224067767,-0.3202725491358682,0.1618670280665129,-1.4003548929458816,-0.33385032138826104,0.14723711308357196,-1.6051277489918678,-0.33783352880690815,F
0.0,0.0,0.0,-0.25284417029604617,-0.04125550308719285,-0.1053052903928474,-0.49643135370863856,-0.20383166314869614,-0.20624032893306923,-0.6788961317256749,-0.366567265612909,-0.31194831004791146,-0.7465728732589393,-0.5768564918139395,-0.40815795453625875,-0.41260837266296296,-0.8106679904351776,-0.09945387080748647,-0.5973537308606196,-0.9585894407368559,-0.28116237226331614,-0.6937140731957692,-0.8655993959909731,-0.4288887096613131,-0.733598284174101,-0.7399555763186986,-0.508639278149666,-0.2756890311186359,-0.9522962753355785,-0.13087154810290882,-0.44718201483879955,-1.3746487066460311,-0.24706468897838324,-0.5564773042720077,-1.6584937850593935,-0.3296881720031264,-0.6469324480029665,-1.9057059512520522,-0.38389162971528995,-0.09604845317445634,-0.9549218282467413,-0.18703152732802852,-0.17074357527890913,-1.361220347980904,-0.2986896868565096,-0.22307828495803586,-1.6032001362751385,-0.35765140357649916,-0.27839109889398755,-1.8209960536234802,-0.3893005747717422,0.09732399239613257,-0.8550880025626191,-0.253261518522082,0.1592127123743639,-1.1740426186863362,-0.32579673531743497,0.1690622886631348,-1.38478991387431,-0.34190978195304805,0.15434782443794337,-1.5911600487315922,-0.3481884459657792,F
0.0,0.0,0.0,-0.2531947069061942,-0.05322148559664956,-0.09965310047709416,-0.48955533527747785,-0.2145738956642768,-0.19610508100823246,-0.668996389543339,-0.3876896634161375,-0.29977419994421683,-0.71794803516109,-0.5995870475108884,-0.39165852051583805,-0.41195379524319886,-0.8045636659355029,-0.08447769082425162,-0.5885052175790448,-0.9698914639749141,-0.26001919459067097,-0.6597663196853649,-0.8732324468762732,-0.40077166719817137,-0.674810530243047,-0.7383435536034134,-0.47662800733882543,-0.2757139961842996,-0.9544278737138947,-0.11423320964613522,-0.4410976829299155,-1.3755151842855502,-0.2329711155194004,-0.54176510664774,-1.6670444693539301,-0.3185660269817715,-0.6263331524697654,-1.9140098010552375,-0.37594053658507964,-0.1019052656506466,-0.9646094809560255,-0.16839650391833258,-0.1826271393331365,-1.3560742049226016,-0.27421894609421094,-0.2313866764569252,-1.6008722412074636,-0.3324568361518757,-0.2834795246515467,-1.8225614409795872,-0.36594096071725024,0.09046051647314074,-0.8733503706169866,-0.2329279840178728,0.14708220806262776,-1.1726961415023887,-0.2958082994733903,0.1546078867881571,-1.373820084114495,-0.31303236611262697,0.1419192922873928,-1.5732809446378733,-0.32301804127283895,F
0.0,0.0,0.0,-0.23791209484741918,-0.0685401727323651,-0.0976009654302013,-0.46113050541521766,-0.2317957349388801,-0.19332733387077589,-0.6162278569603336,-0.4017565419784366,-0.2972058445854178,-0.6634363196397114,-0.6166353366019953,-0.3895805601151401,-0.3980014669866827,-0.8177533268446269,-0.07581863273330902,-0.5539493981715311,-0.9875570021506698,-0.24707868509135758,-0.6102307103413889,-0.89178765229213,-0.38561158344684593,-0.6163766581266225,-0.7610520391822704,-0.459256167615657,-0.2571743770974233,-0.9604668593188654,-0.10660559044772058,-0.4084017492752727,-1.3876705551897446,-0.22227433141086492,-0.49262522022136124,-1.6750695228524883,-0.30840912892075456,-0.5588224927370231,-1.9210066829161814,-0.36529907520465604,-0.07827716951330822,-0.9641923464339248,-0.16109425072911143,-0.15173266416916628,-1.3476785181839703,-0.26518865599305647,-0.1941099723801142,-1.5921174688214474,-0.3247168246925373,-0.2388405222015615,-1.8155345203284134,-0.357671579127656,0.11922880168508276,-0.8698748133599875,-0.2255456769355191,0.16899043958835203,-1.1699534788605537,-0.27903565660942686,0.17833733601442966,-1.3653301283502257,-0.2877523025358175,0.17120838129668522,-1.5570604311134726,-0.29147755625136407,F
0.0,0.0,0.0,-0.2503090025301282,-0.06539053166122154,-0.08397425124408223,-0.47709753981628866,-0.2405752266093354,-0.16319197892743809,-0.6513676446462413,-0.40866648654155596,-0.2514236496867372,-0.7253501215252728,-0.6121444595255519,-0.33083297852417104,-0.408177630290139,-0.8087068048856602,-0.05469019893480297,-0.5840727942956171,-0.9761546728006145,-0.22743453876210765,-0.6677356592472,-0.8995631880558224,-0.3702630985950947,-0.6973803647236047,-0.7785695927066768,-0.4460557809695138,-0.2813563938654523,-0.9555389019665128,-0.08822690326459055,-0.4453005891757428,-1.362552798846698,-0.1994074204440066,-0.5465954374430557,-1.6417802191741657,-0.28155922676780437,-0.6283275179343131,-1.8777538999919277,-0.3346769796486063,-0.11567701743625561,-0.9721000862747832,-0.14657970731566908,-0.1938766780199499,-1.3394618700227683,-0.24357398188459195,-0.24015953148328606,-1.5685634244263207,-0.295773170979041,-0.2900989201936862,-1.7740333269276023,-0.3234316887936331,0.06267185815847522,-0.8866516943986876,-0.21504289216573216,0.09072800897097238,-1.1721653437288966,-0.26734674653958573,0.09135984122622627,-1.358795724090553,-0.2737047297229763,0.07783248603767048,-1.5365553560269176,-0.27408878760562344,F
0.0,0.0,0.0,-0.2557023930165221,-0.05302614417277429,-0.07872715311086807,-0.49578023473659205,-0.21772556536235893,-0.1542102080334312,-0.67862604670373,-0.3729117461347242,-0.24007869273045904,-0.7711912821282001,-0.5689041626929918,-0.31661478522210645,-0.44236065168274724,-0.7905792798249612,-0.04703748675671637,-0.6280251779053436,-0.9335943928991391,-0.21721997354530917,-0.73043165248967,-0.8421413206078532,-0.3595418999823718,-0.7764526692582643,-0.7171145843184253,-0.43681357554228434,-0.3295772864639712,-0.9405806863122577,-0.08177276309020967,-0.5063936675299652,-1.3277858355616377,-0.1874731610572146,-0.6220002160868244,-1.5874031449574286,-0.2612930488761084,-0.7182377605480778,-1.8119088672968402,-0.309328744052943,-0.16750472819716894,-0.9690145860717658,-0.14183848052051934,-0.26495722469197547,-1.3185075412024045,-0.23272284209654587,-0.32485506223056265,-1.535021825563366,-0.2745700549138242,-0.3979012600713107,-1.7344454601118218,-0.29714359076398306,0.015177962254166023,-0.8914153506969741,-0.21316849077958364,0.04467901510042356,-1.1549937037891247,-0.25993327063374727,0.03372720890832043,-1.3325730211031988,-0.26007424624904363,-0.0055940145654195935,-1.5014379465192247,-0.2575217416786827,F
0.0,0.0,0.0,-0.2544310450038988,-0.040794371367086746,-0.07753492484969804,-0.49325640787828173,-0.19394050684113484,-0.1541121193059965,-0.6820825205450877,-0.32782174787918994,-0.24179533191183677,-0.7838982268253191,-0.5144209620434889,-0.32177354696039884,-0.4599724240265927,-0.7824940954944426,-0.04288323551360611,-0.6546211966772464,-0.9021813547409178,-0.2160680152224328,-0.7598700113083922,-0.8058183933548423,-0.36319586408868754,-0.8038559269713051,-0.6792945492639623,-0.44356559407953394,-0.3482339105341488,-0.9339657089386189,-0.08025707495839639,-0.5375731052539623,-1.3040049625547723,-0.1881583484683476,-0.6639964586979256,-1.5572106336285598,-0.2665955861488258,-0.770233109271679,-1.7810062030807574,-0.3168267378492875,-0.18444671739075902,-0.965452778305858,-0.14303019717094975,-0.28768990619385865,-1.3114428808536436,-0.2361109874798651,-0.35760788421320083,-1.5216095673604642,-0.2803844448896848,-0.44410617480298836,-1.7142468361243979,-0.30314128865434414,0.0027502872885316544,-0.8899566031264173,-0.21667375722090457,0.022582696211278654,-1.1608067569546658,-0.2649795628809611,0.0005076066010921521,-1.33086366462652,-0.2637132438435125,-0.05312090197013101,-1.487596704233222,-0.2584033639576035,F
0.0,0.0,0.0,-0.2532239759314157,-0.06120839143004196,-0.08382298715909801,-0.48786432991741774,-0.2247586414350618,-0.16389646363367552,-0.6596357622120292,-0.3722987319776238,-0.25263484961476695,-0.7430444608158009,-0.5572082413616644,-0.3333043397158545,-0.4224423129973592,-0.8052177509177286,-0.06171638713899999,-0.6172320373401129,-0.9550195052415755,-0.24140230887503125,-0.7059164538413222,-0.8572205926873416,-0.38973642281637305,-0.7363313538988446,-0.7227654147101485,-0.4694299695029004,-0.29941331443485886,-0.9489274498211752,-0.09944024394083892,-0.47297466895923573,-1.3490882861460987,-0.21676122588966198,-0.5921216089507875,-1.6153320293810067,-0.3035841726924588,-0.6949091509725343,-1.843092294916737,-0.35875520825819324,-0.13415850495701528,-0.9703299896155574,-0.16171514567537168,-0.23293729210540534,-1.328816428483136,-0.2610280490915377,-0.29522784367871074,-1.5600326127216089,-0.31679832746702175,-0.36439084598193017,-1.772650273972009,-0.3481972204973247,0.04647927235859927,-0.8861467363119576,-0.2344235103770941,0.062394783992307794,-1.1589655084604884,-0.2860908727679459,0.04525424191687565,-1.3360834198852654,-0.29108787003202746,0.0066765656666164215,-1.5031125017541018,-0.2912197891873274,F
0.0,0.0,0.0,-0.2493167966578778,-0.06754202253979737,-0.10083702735598275,-0.4771850421984636,-0.23406753084977702,-0.19237703969110845,-0.6559967804570929,-0.3993225486493487,-0.29228397320179755,-0.7211311166816778,-0.6023855417134778,-0.38135910653267496,-0.4175879789368826,-0.8085537877063228,-0.0670258907972332,-0.593117909616169,-0.9678336607868561,-0.2484882807966793,-0.6803067065630308,-0.8822046552327467,-0.39661330667825495,-0.710618950040975,-0.7585616489259055,-0.4752846936056446,-0.2807754286789439,-0.9550226336301406,-0.09537781662580536,-0.4453543746501957,-1.3627005702861157,-0.2132535118322971,-0.544708679261626,-1.6416413041404159,-0.29679466739129534,-0.6305355990642179,-1.8777109593208103,-0.3506478914523854,-0.10301328483644655,-0.975875143817406,-0.15066823407138794,-0.19045785620825967,-1.3412871678741554,-0.2477081147256467,-0.24009566900146911,-1.5738956218906877,-0.29656207759313014,-0.30057334251893414,-1.7869307758130313,-0.323121892605441,0.08957890890940849,-0.8928570111327911,-0.2186181843740238,0.10795492243140861,-1.174162103763616,-0.26372705268842866,0.09037678452043509,-1.3453353524170546,-0.2636492523810505,0.052294243792306794,-1.5042742830558717,-0.2605984461487666,F
0.0,0.0,0.0,-0.2518948806048921,-0.06753667451138415,-0.100402067707617,-0.48376015809314615,-0.24310779808399008,-0.19067733845283066,-0.6689659246833045,-0.40812531466647434,-0.28869494408857105,-0.708170269197956,-0.5969769897618621,-0.37556067565562995,-0.39982308278447964,-0.816655909027288,-0.06428895538981244,-0.5794668032244773,-0.9706913977641384,-0.24082746767098484,-0.6625212969209214,-0.8750972409510223,-0.3826578965380431,-0.6862213109487367,-0.7425789483707043,-0.4581756110393127,-0.26142705901575364,-0.960759508387562,-0.09272033141260835,-0.4257651907060477,-1.3558871629453797,-0.20126055251680594,-0.524767038188789,-1.6285885461847915,-0.27803692343673986,-0.6083907797001831,-1.8621014248487506,-0.3292699692793831,-0.08618609917581865,-0.9731321096454987,-0.14890655253943,-0.1652536306761635,-1.3395318069751934,-0.24127350736511746,-0.20915228967175198,-1.5714533904973174,-0.28736803980687525,-0.26277172135428534,-1.786091991609937,-0.3144414349485125,0.09700378765226708,-0.8800494494420367,-0.2178130878863718,0.11599339976089666,-1.1563526863557818,-0.2698624320019152,0.09794849152603398,-1.3324248717550686,-0.2755034303490189,0.05892902880171632,-1.5026721051383554,-0.2764803400366643,F
0.0,0.0,0.0,-0.23116612810654172,-0.09795630650348035,-0.08973316268873437,-0.4353745907687684,-0.26710098687422706,-0.18167252431821132,-0.6020906466052677,-0.42826841709943325,-0.2864905785812956,-0.6636325229306922,-0.6291303586693021,-0.38283398900133897,-0.36009213516805993,-0.8252918984450581,-0.047069317569287526,-0.5257237487265293,-0.9625216699852119,-0.236008330198355,-0.6184165862127956,-0.878557879388219,-0.3973402438303491,-0.6505933530729003,-0.7513247527167257,-0.4864354317968489,-0.23038467864426895,-0.9696164730632273,-0.0822605313039288,-0.3836885646371327,-1.3682817786143233,-0.203527664776861,-0.488344824861229,-1.6487520726619658,-0.29519986628124123,-0.5742708227955864,-1.88932686344191,-0.3574706866913735,-0.05986125833780337,-0.9877522317891573,-0.14492387400191348,-0.12578259594351998,-1.3618257352251557,-0.24243357823603146,-0.16618810367482684,-1.5961294219394575,-0.28919156779438726,-0.2147215776248543,-1.824633995604274,-0.3167155332769827,0.1170395030296751,-0.898560087236379,-0.22040656906005526,0.14930968710081907,-1.1705477529448698,-0.2651773805706972,0.14327234901554542,-1.3508355013326383,-0.2637650862429463,0.11989463621480062,-1.532432038224232,-0.2618963797239101,F
0.0,0.0,0.0,-0.21799836051773036,-0.0854150617662185,-0.11753688170078211,-0.429325760796696,-0.2556819980525543,-0.2277111828451614,-0.5979369641670748,-0.40707224264967656,-0.34191023941547527,-0.6576692675358201,-0.60194776781404,-0.44715246270740544,-0.34295848032739207,-0.8295664607114077,-0.1158591052350784,-0.513401034142082,-0.9784845910286007,-0.31433703454453016,-0.6045636545889416,-0.8663592725911082,-0.47295654546156557,-0.641657793571395,-0.7216246399707603,-0.55885497307054,-0.20395856396438694,-0.9684747051422516,-0.14303024045709328,-0.34472175548722833,-1.3884070685758845,-0.27924842789799137,-0.43314486778369804,-1.6764589166012587,-0.37978445120334825,-0.5025962753405367,-1.9383391066592914,-0.4459624503534125,-0.02928531915747968,-0.9703926114313939,-0.19509941502858627,-0.09606383210916625,-1.3717883985733241,-0.31202150908038523,-0.13956205950965114,-1.6395485391229094,-0.3780996923225383,-0.1882348438097977,-1.9016869349761978,-0.4172903830109078,0.15089763847418836,-0.8564778109377411,-0.2586334933333785,0.1955667190036645,-1.1402260376239566,-0.32167869817078887,0.1995756432716106,-1.3371926329720967,-0.33272474835641647,0.186339385658941,-1.535639082682976,-0.33779661807466527,F
0.0,0.0,0.0,-0.2312586147607828,-0.07555979030915237,-0.09927024030044479,-0.44245720946826494,-0.2322095921507532,-0.20441779910402907,-0.6036751357572036,-0.35457023035153584,-0.31790894571864065,-0.6790952320326834,-0.5206424703329947,-0.4255790667798128,-0.3663334611746415,-0.8218520627912924,-0.10421454140250377,-0.5544993813379357,-0.9530674027153302,-0.29321084624596216,-0.6455863686046823,-0.8334230253964917,-0.4453590510345457,-0.6794400409535104,-0.6829044313975496,-0.5293264196017574,-0.21949344074400934,-0.9650057368789435,-0.14348016330170263,-0.37260069257404477,-1.3915486220289113,-0.27753164836146615,-0.46704810942360425,-1.6791768560998863,-0.3791883137184868,-0.5446819351074997,-1.9323873518823587,-0.4488489728842754,-0.0400617442965679,-0.9701038134215663,-0.2054059265784953,-0.1025356366260795,-1.373827181577181,-0.3227246924146156,-0.14202996837165585,-1.6298205466023208,-0.3929973496305509,-0.1930629841165056,-1.8711772911233298,-0.4369730098396376,0.14613636841248853,-0.8636417380793312,-0.2763582832517388,0.19494529104936112,-1.1643896601087258,-0.3394721880067742,0.19578712572832463,-1.3580760315493754,-0.352058091460175,0.17056641511421727,-1.5489533546104444,-0.36068074347293616,F
0.0,0.0,0.0,-0.24076806310531929,-0.0802184309702006,-0.09730191299249721,-0.4636033543859085,-0.23275675755108433,-0.20341632647122113,-0.640407377353476,-0.34625464354557367,-0.315417465434593,-0.7077267929570029,-0.5118869069260086,-0.41896170636839375,-0.37146178618897696,-0.8321691650007055,-0.11915181703550469,-0.5744592288307968,-0.9222966991155459,-0.3158299836596854,-0.6545840697828404,-0.7553181259924384,-0.47195861398340305,-0.6771829395004721,-0.573599818269005,-0.5559983196177903,-0.23084266836492623,-0.9603986975692603,-0.1560320613509579,-0.39818970885581456,-1.3823564581102747,-0.28902750672221106,-0.49585978963147914,-1.6749713114963634,-0.3874744135343864,-0.5750415667215512,-1.9319826732838314,-0.45514614933898134,-0.05013166654061908,-0.9530028908134476,-0.21391485897249723,-0.12965637594413532,-1.363616501264749,-0.3248841535427847,-0.179977071212785,-1.612838573818832,-0.3826561740903636,-0.23443398311104272,-1.8474809969209305,-0.4186846914689724,0.1383889023543403,-0.8384830249293308,-0.28105329054554196,0.16943536887134356,-1.1339309983712325,-0.3378615072209527,0.15941314890228936,-1.3297738885262664,-0.3398923817291505,0.13607665118970214,-1.5297068935612237,-0.34003955492128307,F
0.0,0.0,0.0,-0.23189704508788173,-0.06833154440419616,-0.09878086347150986,-0.46677314021986444,-0.20685700169278565,-0.2157440594580161,-0.6481683232072142,-0.30622982849279273,-0.33925149009973815,-0.7256199267327678,-0.4577985208606931,-0.4579387173180656,-0.37618240997518565,-0.82634928745025,-0.13508814373127215,-0.59573433084225,-0.8900616403566071,-0.3387032869622268,-0.6821884091390547,-0.708411198261217,-0.5086351667275395,-0.7064711797384967,-0.512339171204713,-0.6044627144432055,-0.231360397016222,-0.9568600278100968,-0.17575907905925292,-0.41200816753077785,-1.3773660680897613,-0.3166218026277881,-0.5245898828341451,-1.6665695840839145,-0.42959845467521046,-0.6136673000278735,-1.917049393633899,-0.5108459435532957,-0.04947441645851187,-0.9486572252227982,-0.2353318373276322,-0.12438328922652292,-1.3764303234503399,-0.357488188042961,-0.18004086764251806,-1.6427748994660465,-0.4341654172754002,-0.2412081479646532,-1.8918611988878302,-0.48450350557592803,0.14020319122323174,-0.8305680265859344,-0.3021759674351401,0.18059920842446997,-1.1291992437746796,-0.3639710421883728,0.16730108399922605,-1.3307751797976435,-0.373255553006931,0.13483325939363336,-1.53791381696212,-0.3821302749701261,F
0.0,0.0,0.0,-0.240728539122592,-0.07136517747512616,-0.07882398987839455,-0.4677799021873675,-0.18668785540018218,-0.19314375824035043,-0.6510135768785306,-0.23667292771715612,-0.31644224089903855,-0.7838093154685187,-0.3181212884647623,-0.44247440448588465,-0.4185212159519061,-0.8122598791578589,-0.14627036684012648,-0.6644732085291738,-0.8524366169899523,-0.34369750419018485,-0.7510094554240587,-0.6548137062545666,-0.5142375290473034,-0.777084009710175,-0.4631629200922016,-0.612653027064135,-0.2737825547061642,-0.9409021113591833,-0.19936481529697567,-0.47499547875602355,-1.3607191756730868,-0.33203151954423354,-0.5841388343251293,-1.6469265669565047,-0.4483135484075692,-0.6819422897232431,-1.9022479583824725,-0.5353267680476329,-0.08448841118882353,-0.9206556248008497,-0.2659664998246659,-0.15305628594537077,-1.3690659831590437,-0.3864289296672474,-0.20484565035159502,-1.637884943857881,-0.47489449036099285,-0.2810209469077677,-1.8823846948682386,-0.5359005745838095,0.11423813946588011,-0.7966752100664136,-0.33540226401415996,0.16730756699967866,-1.1145057318601248,-0.40530438902653165,0.15259148374858109,-1.302987267427256,-0.41617288771155275,0.0975790132414449,-1.4896350628207515,-0.42491790758185977,F
0.0,0.0,0.0,-0.23785770746487309,-0.06918941684929791,-0.08767344587414842,-0.46741395363496663,-0.2005169907275672,-0.20063686109940104,-0.6533843702242191,-0.25570886668597526,-0.3209085095284247,-0.7855352132817813,-0.3324435610015444,-0.44129246978164355,-0.4154143860216314,-0.8178341431120093,-0.1409394863172852,-0.6571571493032768,-0.8521473176168387,-0.33557157078211836,-0.7513388065841753,-0.6523505821617112,-0.5045708672550686,-0.789114034296437,-0.4528345385508704,-0.6027413661621644,-0.2729093822120208,-0.9434824789048255,-0.18804595475643324,-0.4694444784365367,-1.3468883064441826,-0.3144129844733053,-0.5818107568495499,-1.6288508427099828,-0.4256539341960925,-0.6823770308205939,-1.8798932074846915,-0.5099842550775017,-0.08498731522944278,-0.918805455414359,-0.250941471011011,-0.16898406894039772,-1.3599107238680204,-0.3638406078039219,-0.22088763994298694,-1.6236406406963328,-0.4471765778269454,-0.29381615285002816,-1.8633318272880868,-0.5061368821408248,0.11334898055986095,-0.7893905157630594,-0.3190234532751562,0.15310476992540972,-1.0885170776151478,-0.3860320348402685,0.13316385992359298,-1.271865270995074,-0.39876460284839976,0.07913853927004051,-1.4561175728054474,-0.41023275935746095,F
0.0,0.0,0.0,-0.24821460329151335,-0.07309672308498956,-0.07480377310727171,-0.4788417623015114,-0.21173810163836862,-0.17339824828168246,-0.6770433891020188,-0.2785180843450609,-0.2806899968577841,-0.809743446237814,-0.37501823260936074,-0.38574341156915426,-0.45128372071026024,-0.8082652717424205,-0.11385252831144974,-0.6721511919390132,-0.8403406941346165,-0.31654109526533014,-0.7651505433296933,-0.6589238502100541,-0.4892700860999542,-0.7930861129769429,-0.4696503250498855,-0.5866205387258139,-0.31599731015651583,-0.934180369346669,-0.16568867644219876,-0.49494892299234816,-1.3436380188632806,-0.30369593290072094,-0.6050759358924338,-1.6317247672166393,-0.41124847487504296,-0.7031446484500519,-1.889457717528939,-0.48504342148658425,-0.1277024052085443,-0.9288338127994291,-0.23524803244782502,-0.19057272785567136,-1.364032367669681,-0.3556004853941702,-0.2417924081489707,-1.6270647211846367,-0.425782627107497,-0.32043755832989845,-1.8697928143917901,-0.46747036424790533,0.07522751192139873,-0.8110447580286019,-0.3100333687765014,0.12725889260006096,-1.1161208715005415,-0.3745316493466662,0.11050665005136896,-1.307908136940993,-0.3749734294840227,0.05783922649464399,-1.494154055819677,-0.3720175324422252,F
0.0,0.0,0.0,-0.2595708804756651,-0.061162672088072974,-0.07576743621333482,-0.49507794495380697,-0.1734701139981887,-0.17992235469361786,-0.6759242022676694,-0.2402772319811039,-0.29239971274682297,-0.8040911436643354,-0.3376207850516839,-0.40563319387352503,-0.437021524468211,-0.8002523699460328,-0.1271216148060419,-0.6727935217923772,-0.8440357914035433,-0.3173376351019108,-0.774532551626542,-0.6846852218239247,-0.4815129285668263,-0.8103215384381118,-0.5200346190492953,-0.5777014862510456,-0.3019078374076094,-0.9358419039235846,-0.18180095866782722,-0.4950906754931614,-1.3479697188558168,-0.3142572746639316,-0.6139942571320196,-1.6380871844437672,-0.42209408231883466,-0.7184751698882202,-1.8956944652411718,-0.49990799882242887,-0.12170085961051727,-0.9321889272661301,-0.25199007775683707,-0.1908999427175375,-1.3691987534008803,-0.37058150313003874,-0.2496159427691446,-1.6281805883799305,-0.44950848165556617,-0.33112442522598956,-1.8662134606797143,-0.5019843239859865,0.07200874754940252,-0.8140732627927207,-0.3264912799749446,0.12061601121634247,-1.1119548090780234,-0.39611462120852436,0.0992108135321045,-1.29081303784081,-0.40579800274787003,0.039693821707062926,-1.4680765084979828,-0.4122128183079699,F
0.0,0.0,0.0,-0.2589016988922199,-0.05108066257192489,-0.05496254094376867,-0.48922921080233533,-0.17811837489802212,-0.14001741157397665,-0.6691853430198417,-0.24289903223965872,-0.23687956319892334,-0.7950742168794414,-0.33389664445906453,-0.3336075355819897,-0.44751138961890985,-0.7975367271576297,-0.08706095321829214,-0.6696760007863024,-0.8329067355300162,-0.2664596082079451,-0.7776833383942862,-0.6603465871391359,-0.4215526330858456,-0.8124308991694399,-0.4827161804191913,-0.5107793434684329,-0.3233465419128803,-0.9344721247335522,-0.14902637997664184,-0.5140721702432499,-1.3352480739268988,-0.269899831891756,-0.6394319636452016,-1.6138880856223565,-0.36329007311975337,-0.7476371781127996,-1.8614454849415527,-0.42828284773092534,-0.14947425861795682,-0.9416118292099597,-0.22808362460470924,-0.22698204818844497,-1.3817618154243119,-0.34166021122936924,-0.2862267641838283,-1.6391765561675868,-0.4127404368904229,-0.3634982542035151,-1.8818903910357232,-0.45780986942610874,0.043448763421409305,-0.8268632304331798,-0.3106170541541205,0.09237199188317233,-1.124512676480054,-0.38014149702064004,0.07787741585970911,-1.3031666636932258,-0.3893671694016011,0.02619543817070438,-1.4818875063890633,-0.39384819174712754,F
0.0,0.0,0.0,-0.25107249895875283,-0.05513814312582864,-0.06743242820326803,-0.4808412751653842,-0.169673844807542,-0.16650882456141022,-0.6648343151900089,-0.23464789400837383,-0.2784951980946537,-0.7899905193140951,-0.3367226768878334,-0.3890333625938634,-0.4321194606171769,-0.8105657179643815,-0.09852744583209581,-0.6658091419100812,-0.8303970245585753,-0.29254392250867833,-0.7660817206402465,-0.6534092795747429,-0.46050706998915264,-0.795432021171644,-0.4628935813430388,-0.5559183909725236,-0.3072324033676569,-0.9387622849307896,-0.1559923803025538,-0.49174463103612065,-1.3463345537472533,-0.28221367191859376,-0.616307715195885,-1.626887357823421,-0.3836010503576104,-0.7240495350453773,-1.8679692327893067,-0.45659525068664686,-0.13630212446202422,-0.9344542735372702,-0.2317401961382198,-0.20906648042113316,-1.3618919076573635,-0.3438107429682207,-0.2725527455097796,-1.616994133432538,-0.4146842954066141,-0.3612437016312971,-1.8553814245268987,-0.46224878877793973,0.04332724725366148,-0.810719812857073,-0.313288739762207,0.10353764598474069,-1.0966738298296277,-0.3743217134368027,0.08978457297450018,-1.2759156798879518,-0.3791119463139199,0.0341451022597805,-1.457766344019039,-0.3838321407778832,F
0.0,0.0,0.0,-0.25637436573163086,-0.06423486892768335,-0.06899209032679493,-0.48395799803797906,-0.1843870126230202,-0.16468362162319983,-0.664109000117719,-0.2510565251390039,-0.2721782801043622,-0.7849112517190227,-0.35289540263143593,-0.3790397934465216,-0.4349394411462647,-0.8081274676438209,-0.09690665739009482,-0.6630957575044063,-0.8622223363656866,-0.2855883072978749,-0.7626060284262103,-0.6970663150866155,-0.45148385261884666,-0.7984545352539405,-0.520880340060549,-0.546443631187518,-0.30728054985063785,-0.9395704498121724,-0.1509504339948764,-0.4795599864954773,-1.3501520939663976,-0.27377356916487783,-0.5873403032320851,-1.6312154119793858,-0.37479723448622737,-0.6812150432900614,-1.8769991201800917,-0.44694482657020435,-0.1385142205889162,-0.9358705153026797,-0.22306554698241857,-0.20571686366597428,-1.3472630060166446,-0.3292320076608726,-0.25350379218178903,-1.5997838518758845,-0.39997687096295403,-0.32540656814535157,-1.8325792877571874,-0.4472285387097501,0.037783682400248916,-0.8218731472323116,-0.3012899911587842,0.08803428844967902,-1.103497788188057,-0.3555110944254977,0.07670473804957766,-1.2730543457005266,-0.3576382254027758,0.03059336272571105,-1.4424977129044494,-0.3601996295131943,F
0.0,0.0,0.0,-0.24575765472504732,-0.0639494619733556,-0.08164839899495155,-0.4787561181571421,-0.19731691365159382,-0.1838839953235591,-0.6716960045720096,-0.2843307903152011,-0.29786084159035625,-0.796554077684138,-0.4021310024189908,-0.40976900765679836,-0.4229399038490073,-0.8125580870758533,-0.09884499141077926,-0.6599180611986254,-0.8672170733924142,-0.285568845584951,-0.7709254425230005,-0.720905545333526,-0.4532311558799138,-0.8172887706500558,-0.5556131883516477,-0.5511283928821951,-0.2909357676683544,-0.9455231168544933,-0.14609043290027393,-0.46393520370734365,-1.3463501705471779,-0.2625743988751353,-0.5795490224346016,-1.6263323448661933,-0.36079306453905563,-0.687543116068202,-1.854640621343065,-0.4348450812936521,-0.12183036777690016,-0.9431921229850606,-0.2135526055277887,-0.18239168330369088,-1.3528495598571277,-0.31178420466688056,-0.23390083835553532,-1.6039684580770337,-0.3801431335769827,-0.3182745898906929,-1.825343967813619,-0.429608375503365,0.04976249983114347,-0.8311195321645941,-0.28962640538373224,0.10986796336418483,-1.1191844923932432,-0.34162896721276453,0.09282545952345356,-1.2933644790839518,-0.34844048262331834,0.028209393518308222,-1.4572125273302856,-0.35679921800730774,F
0.0,0.0,0.0,-0.25433624282050726,-0.08633565863466958,-0.07536675773809896,-0.48963568506918476,-0.23492263810655,-0.1680934062742944,-0.6761606981075029,-0.34289504589372877,-0.2720354432347285,-0.7837636740075089,-0.4759417214908902,-0.37289833504242986,-0.39187712695197785,-0.8304390584043865,-0.08520430242903927,-0.6201684217268046,-0.8999352580134368,-0.26130039049832615,-0.7422161025013221,-0.7717387070370071,-0.4186270502284273,-0.7963821075018614,-0.6195577532747263,-0.5107569428839607,-0.26564773933928515,-0.9552480582291466,-0.1301246549788789,-0.4229823088845981,-1.3490747370469143,-0.2441807857844295,-0.5336361696266773,-1.6192117700838722,-0.33382379670002926,-0.6349272665763289,-1.84168144086283,-0.40049383725258636,-0.10489612962248396,-0.9525039411071315,-0.19529343052291567,-0.1534338275348545,-1.3555017050885054,-0.2919527931058139,-0.19956284592564733,-1.5968844863839424,-0.3531803688305178,-0.27542416854861346,-1.8119126849256029,-0.3963069851948074,0.054810667739353,-0.8370531998078822,-0.26895701482900525,0.11925236743753946,-1.1100736036715544,-0.32126894890466073,0.11006448991542546,-1.2750699939633652,-0.3279207195261542,0.05606149366332823,-1.43230503806679,-0.3350714740567842,F
0.0,0.0,0.0,-0.2450986885616797,-0.09479719944222575,-0.07815848762236166,-0.4674248810391385,-0.2753181447269577,-0.16186107352537157,-0.6461804857975172,-0.414949439658249,-0.25735733046015724,-0.745810354518852,-0.5636303858450843,-0.348271078273708,-0.361654404226248,-0.8472995830260336,-0.06553691031459441,-0.5742728106317088,-0.9702438478673194,-0.23916405827779286,-0.6936110203303989,-0.8497666959998293,-0.39031945649454464,-0.7476121919729412,-0.7019803212482585,-0.4752999493460608,-0.2344356350767697,-0.9663533547118258,-0.10583537614310198,-0.36791402403868134,-1.3697800795546913,-0.21507816867725185,-0.46241726453033904,-1.6402135865510898,-0.29921538910402357,-0.5469215369395846,-1.8721142719731634,-0.3577090052686157,-0.07313111565643159,-0.9567138020264644,-0.169205745511745,-0.11281993774621576,-1.340850710443728,-0.26083034041645514,-0.14886581105993207,-1.5805145304186572,-0.3180414565239384,-0.21452933793702117,-1.8000570387447854,-0.3549693554540099,0.08663061515559463,-0.8401108783792813,-0.24254701603195988,0.14117130659944935,-1.1037968175076478,-0.28614983609211103,0.13235769525697952,-1.260688382317839,-0.2873247049241511,0.08141433142952291,-1.4090083262846784,-0.28870152177005554,F
0.0,0.0,0.0,-0.25286440687287526,-0.11606856738795514,-0.058587096715599224,-0.47458732354357863,-0.3039640474335244,-0.13865425895882208,-0.6522075881126914,-0.43341960705890376,-0.23236412362618258,-0.786883686522789,-0.5478950357145237,-0.325441651317462,-0.32903902375498656,-0.8650759000938569,-0.04949196687175963,-0.5393478444550007,-0.9663909754948953,-0.20660976950602183,-0.6443073766484805,-0.8763192326094804,-0.3496346520384133,-0.6932517902728067,-0.7607074721679122,-0.43463762681609364,-0.19958660100134207,-0.9744966520577386,-0.10257418695261433,-0.3371160763632494,-1.3744858328204497,-0.20406614638462298,-0.42661083090393603,-1.6382394978118777,-0.2920767807391656,-0.5079946154107268,-1.8598669359491518,-0.35948371858832884,-0.04836389629889616,-0.9534447137362171,-0.17580173121994522,-0.040896573134094116,-1.3430528096014205,-0.2705522285785306,-0.06016206300262062,-1.5732866474522127,-0.33895872570464064,-0.11705197667682951,-1.7833935320342962,-0.3875654599880727,0.09983055085252233,-0.8166124081173793,-0.25573354847587415,0.19671557914602383,-1.0847663199348632,-0.31157327180279104,0.19321953559753743,-1.253048117349338,-0.3267482319154569,0.1336326964492943,-1.4185737808357832,-0.34082504185282214,F
0.0,0.0,0.0,-0.24487273741871157,-0.10351720355517921,-0.08025269937468167,-0.4664246329404148,-0.2923320967516055,-0.17706392917449584,-0.6503672512379872,-0.4331569709828427,-0.28282884103848194,-0.7999269229270622,-0.5672037926903924,-0.3877621113214791,-0.3319077127563461,-0.863053633143841,-0.0884106230921812,-0.5373925137916824,-0.961204278835697,-0.2349127746397522,-0.6650326447822504,-0.8749859796779336,-0.3691618666101578,-0.74195150864367,-0.777766736579861,-0.4520736615760149,-0.1938446670746581,-0.9722360030333974,-0.13107783738053752,-0.32885766906940717,-1.363449876525799,-0.23434428926907222,-0.42420171492823605,-1.6318317350782878,-0.32258976318694826,-0.5084346874842718,-1.8586506523062962,-0.390663825147922,-0.03937514458809583,-0.9422548331036324,-0.1915078272870212,-0.02118721041875976,-1.3367498020852076,-0.2863857346293931,-0.04032653436200338,-1.575848043294263,-0.35931630660089786,-0.09546636740118838,-1.7855187594629913,-0.41251998150146046,0.10971242990644782,-0.8015870581081707,-0.25890228764781253,0.21566207328273101,-1.072966194192071,-0.3153447851515863,0.2153286871182609,-1.2520425337448267,-0.3336538916004248,0.15864224608107239,-1.4228425817517916,-0.3514028573262851,F
0.0,0.0,0.0,-0.2355696020658266,-0.10652085775537656,-0.07901032091100035,-0.45295945183659525,-0.30080193229500635,-0.180942377595439,-0.6706752579238856,-0.43286522695819335,-0.2938912134431651,-0.8285716322238571,-0.5645809406922593,-0.4071086334270817,-0.30316179254152203,-0.8691892015866477,-0.10577056201270225,-0.5297460704858739,-0.9588202449471636,-0.2642478869859083,-0.667093111088149,-0.8356484354902263,-0.4114051116457617,-0.7475573026159195,-0.696166509968846,-0.5037772234464611,-0.1741132466220133,-0.9738630396787152,-0.14586074625640374,-0.30276441548613986,-1.3669266792155992,-0.2501460852877113,-0.41949486786162504,-1.639561065667789,-0.34246537550029515,-0.5292840179836347,-1.8535923551936426,-0.4219981463576276,-0.031282283620899375,-0.9417153747719561,-0.20205436040203686,0.01278252673755814,-1.3497960182180255,-0.2924773556012714,-0.0014367471967437421,-1.538910595864863,-0.35569353788970165,-0.05409763864988637,-1.676044366205263,-0.4068486916962707,0.09831957463383699,-0.8080677300517136,-0.26633902670246135,0.21601757962994064,-1.0781238278310394,-0.31941795266774686,0.21789376276161776,-1.2613858727101417,-0.33510239330113073,0.16483549425309296,-1.4193860054724021,-0.3554541048224453,F
0.0,0.0,0.0,-0.22913023791944734,-0.12305302070449349,-0.07003746320541832,-0.4565864183215393,-0.3127288452357248,-0.17210975032049564,-0.6552103279928537,-0.45144864785418876,-0.28565484249286077,-0.797780002045759,-0.5978240280250645,-0.3973184441777943,-0.28444038396688254,-0.8641512555917288,-0.11301444462840457,-0.5252861441610915,-0.9695538956033711,-0.276783158549694,-0.6783446968295629,-0.8758439271157947,-0.42265572619370634,-0.7702312138162438,-0.753410757026812,-0.5126755864785965,-0.16564585988574201,-0.973658581711537,-0.15668572162833314,-0.2861322996339413,-1.3727916839981205,-0.27426371926815446,-0.38352488742271557,-1.6429109840415839,-0.3628048575495145,-0.47886801250413324,-1.8668425801661972,-0.43263271919022106,-0.026732882013497418,-0.9482550757238083,-0.21438186289376496,0.012886671253696113,-1.3561325266253645,-0.3101478468775004,0.010218126023289097,-1.5906330750045363,-0.36322836452984575,-0.0347824909980741,-1.8020190329278536,-0.4028108573358269,0.0929472526744386,-0.819524315552331,-0.27936915784350164,0.2068749509036207,-1.0727148577694519,-0.32647818866855405,0.21240291234083428,-1.2487912212437726,-0.3279263789967848,0.16266009246920615,-1.4262259562342405,-0.3354493645882269,F
0.0,0.0,0.0,-0.23504764630526045,-0.18394267583995738,-0.04633729929880231,-0.44371120023698096,-0.39584114590805164,-0.1303723393724163,-0.6640742808326028,-0.5377347284186863,-0.2304888492435206,-0.8358016852348471,-0.6681451389090471,-0.3324224226440434,-0.2808107955738966,-0.8916577882615886,-0.05687479574387443,-0.4966188691888571,-0.9710181357429543,-0.23605875312382454,-0.6606914035508098,-0.8886461624475338,-0.40291177217454976,-0.7670111194216294,-0.7803636495070116,-0.5006156171086005,-0.17800843208838907,-0.9774660050331786,-0.11346015648636891,-0.26987342293509764,-1.4006294865155409,-0.235803481616428,-0.3343016395090854,-1.6729631488087167,-0.3208817182057346,-0.3966098502963627,-1.8976132494666689,-0.37934578091379684,-0.05066282094871813,-0.9432496048394887,-0.18895532007137705,-0.0031642107452684223,-1.3490831371646186,-0.285681101857725,0.006164084437095907,-1.5899808357884417,-0.32554974303396306,-0.02688577313222716,-1.802872649171356,-0.34664562122738934,0.05913687170557587,-0.7992768599833269,-0.27185947425417506,0.15458510388516605,-1.0749539047213024,-0.3074121244602151,0.16271217804970595,-1.255371329208549,-0.2867917255726414,0.12277133838486651,-1.4233268803490504,-0.2724392777270127,F
0.0,0.0,0.0,-0.25488061146246604,-0.06746621688370348,-0.10991451529065743,-0.48251949944952766,-0.28790634402351367,-0.22291418603927565,-0.7254842188486404,-0.44422672360065724,-0.3332399471910278,-0.9074617514777845,-0.6029875499665749,-0.4392719882248521,-0.2637162691681398,-0.8613144385798351,-0.19318279319400783,-0.5255730118770151,-0.9742271332850612,-0.36651916620319747,-0.7508635088406128,-0.8886603304212483,-0.5176946277890629,-0.9076742064940397,-0.7954170457386273,-0.6063681916060855,-0.13962679329419514,-0.9664217733948189,-0.21571581885154695,-0.22038755845277785,-1.4418403818107406,-0.34684603155587757,-0.2904163171402983,-1.7873377816203215,-0.4401940296715389,-0.3566308178677981,-2.0763691439967307,-0.5063480885215522,-0.003070544277120467,-0.920893414392573,-0.2480479384743344,0.10049994376121227,-1.334439404927451,-0.352717069677541,0.12259793022390669,-1.583375636471023,-0.4086311964598767,0.07577618771905364,-1.778732990083965,-0.43888750399717363,0.12789525501347618,-0.7858635953155485,-0.28823339902688194,0.284176389764356,-1.1011269747731183,-0.34468484077621203,0.28731936739365466,-1.3158896837134337,-0.3382664645104761,0.21118997623822694,-1.4794461309479807,-0.3282567021375756,F
0.0,0.0,0.0,-0.26352489717791533,-0.10747301019423432,-0.09262214830316408,-0.4713053876225778,-0.3001340267440483,-0.19909080318665603,-0.6986651726216073,-0.43173698964992396,-0.31389752560028,-0.8783549180860867,-0.5743255113174274,-0.4274950749482035,-0.2756804798928203,-0.8799902241843555,-0.14111875417185424,-0.531463849558465,-0.9500742429360527,-0.3225699352182064,-0.7477613377570506,-0.8596171994333162,-0.48261760308677204,-0.8988109216200628,-0.7689350268648958,-0.5711609917465273,-0.16378023959169702,-0.9710930691342385,-0.17364988971701392,-0.2199245162260107,-1.4037689440663064,-0.29763882698008287,-0.2770185416600115,-1.745853252789038,-0.3785230601714928,-0.34003688237383217,-2.021763484520965,-0.4329956263668342,-0.04867387478328253,-0.9324679480784801,-0.22329042976147712,0.07413980901407484,-1.3219079477430207,-0.32555231749184055,0.08377320654957224,-1.557700827158352,-0.37472282260238704,0.025684591413684493,-1.7298066816842737,-0.396147037137407,0.04109321978612076,-0.8153310300441589,-0.28226131565124796,0.20955147494288645,-1.080080962179081,-0.33615418605938685,0.19765661664901998,-1.2934996182287002,-0.3326184289147255,0.11548751247711346,-1.4562462056830887,-0.32284082974077477,F
0.0,0.0,0.0,-0.2556310877001377,-0.0378807434194945,-0.1598962774854779,-0.5142518303116693,-0.11890912347280741,-0.3493969513301565,-0.808640668452713,-0.12716082051266986,-0.5302036780267092,-1.0270531859526044,-0.17404725831639317,-0.7190275171114072,-0.30153258182216924,-0.7711556350365578,-0.43764387707595304,-0.6280905295472924,-0.7816208132509663,-0.6670284246355986,-0.8979327000074603,-0.6254643595689134,-0.8210176990250636,-1.0768346824935433,-0.4915854781589204,-0.9025994493720131,-0.11839109680468805,-0.872370769358297,-0.47429188161573643,-0.1947931002296427,-1.4859458105081393,-0.6777386259989663,-0.20883699378073134,-1.9481739030953245,-0.7840592683038077,-0.20520872806710072,-2.340669022537126,-0.8632697905593807,0.07850824095148543,-0.853116116586353,-0.5135502901048691,0.20182457592383135,-1.2927922040445212,-0.6957946707452526,0.20786175227075013,-1.516267176140549,-0.7849689335282093,0.12411225955874738,-1.6917150122445932,-0.8312536634328094,0.2676136162688571,-0.7347274453245927,-0.5578316081777641,0.41069292850955585,-1.0942580503551123,-0.6649161232517488,0.3663786057275382,-1.365038732675214,-0.675879967104122,0.22688285990937485,-1.5810229351983962,-0.6837682658375027,F
0.0,0.0,0.0,-0.2625417631127861,0.009973095906787273,-0.1298360062383379,-0.5239595278944703,-0.09406191194946467,-0.26986374739939056,-0.7734398395956399,-0.15788694549778526,-0.4099499257135385,-0.9433213136035248,-0.2448987720654402,-0.5516849256370949,-0.39369829331084194,-0.8131615315984797,-0.2573618390385273,-0.6602758373263465,-0.8382672353136517,-0.42875280444290803,-0.8725926927315332,-0.7284653367454174,-0.562845578110974,-1.0244880547840047,-0.6468996022222879,-0.6369076981361765,-0.23888927736119359,-0.9271915566037952,-0.2885268280844574,-0.28310469036454644,-1.4007540148391309,-0.40837707658021993,-0.29841814842170994,-1.7990934628714046,-0.48412709884416333,-0.30924871243338703,-2.10461142046838,-0.5420577576267153,-0.0684726042431015,-0.9150536043561199,-0.3301956677491766,0.038799930498347124,-1.3360350223374973,-0.43808704317006614,0.0536998256067142,-1.5554965987313933,-0.4913699975917258,0.0014137864607045648,-1.6932320412684316,-0.5186231810532984,0.09645720866647572,-0.8090633286217186,-0.38267191377176585,0.22458553310985047,-1.152835992648476,-0.45246851426521184,0.2193541088402981,-1.4018998007463974,-0.44918848155657715,0.14325130829173577,-1.5856735947146121,-0.440407152699392,F
0.0,0.0,0.0,-0.26814525460741273,-0.009205381155687526,-0.09746383987452654,-0.5126526215406448,-0.10469828843076949,-0.21870853355593403,-0.7549084264655413,-0.15158175247230943,-0.3434340521826665,-0.930811693479413,-0.20939848244165712,-0.4734845953507738,-0.4436635944374207,-0.7948975016396638,-0.19767323659013222,-0.6966443615634612,-0.7889373234251625,-0.37226961805188963,-0.8808581016700404,-0.6668739597728454,-0.5216730244769651,-1.0134715905476626,-0.5598532455730971,-0.6071854558833075,-0.3180044011021801,-0.9194943340590434,-0.23109169286878414,-0.4897601729889277,-1.3217108463344525,-0.3490021572878611,-0.6056605332429196,-1.6328601611591516,-0.4256474182347959,-0.7231090582441398,-1.8913201857173787,-0.47818137394695054,-0.15711400885153162,-0.9136966065496133,-0.2738682000227446,-0.16032133838787,-1.3728885351722129,-0.3791225307770484,-0.15532466912060153,-1.6814372095306853,-0.4363802707286165,-0.19127284255545823,-1.9379530659733837,-0.4678134102710637,-0.00032097115114860375,-0.808408064677251,-0.3226489072694041,0.10362211205905195,-1.1567609729383865,-0.3995729486326844,0.12290086611423813,-1.4054458478856031,-0.40577180075698216,0.09601193965975938,-1.624659973515781,-0.40151815886234016,F
0.0,0.0,0.0,-0.2907085469811761,0.003963377411291393,-0.08608702647139226,-0.5326702057421451,-0.0860070915815562,-0.20009828418743,-0.7753453844382282,-0.1286385989963389,-0.3191536993188473,-0.951653652554645,-0.20090705353344687,-0.44219422250622714,-0.46540893000238365,-0.7728556734344709,-0.1878951576261068,-0.70559634553961,-0.8112102004089818,-0.37047840808948274,-0.8960943594054,-0.702462506575319,-0.5224471976412484,-1.0261478242413393,-0.6028039440086118,-0.6077313952841066,-0.35357402374173524,-0.9069297336256538,-0.22904992469062174,-0.5238748338342457,-1.3265271776728829,-0.36905401607091587,-0.6467078811046458,-1.6485551228091908,-0.45436192263842246,-0.7642426685053809,-1.912716978602684,-0.5065402744367019,-0.1998483998300254,-0.9182603474118595,-0.27994139014627895,-0.18976379807860796,-1.3743248567250155,-0.39794478642096703,-0.18112437550305494,-1.688119748428137,-0.4551809001138528,-0.20466176805977224,-1.9572783133526368,-0.480122567103524,-0.04412136528305226,-0.831172201910526,-0.33622092938256004,0.051655994579103234,-1.2112902385532058,-0.4127715078878802,0.07825113840868596,-1.474098342140852,-0.41528797132394274,0.0791578602098685,-1.7108398983087885,-0.40560426040110936,F
0.0,0.0,0.0,-0.26619340526731533,-0.0026571685818477355,-0.07932769541968913,-0.5095107693101685,-0.07741271635492868,-0.19769555442805867,-0.7562749949572722,-0.08824041707413123,-0.32489054860297417,-0.9408391387579339,-0.10613284219766368,-0.46009466284897366,-0.46961999034993024,-0.771585895777945,-0.18113722066521157,-0.7148765554538119,-0.7853343919225644,-0.3516897313248603,-0.8842433836031133,-0.6354195435529184,-0.49983961578943586,-0.9915772123243968,-0.5109667732421508,-0.5868152177685877,-0.35192034226442703,-0.9082709516303185,-0.22626522296863058,-0.5509083775578159,-1.3035649159608567,-0.34834757826534707,-0.6770506159332039,-1.6044144448319377,-0.43029322163199124,-0.789892761299701,-1.846109435029367,-0.4896920307638509,-0.19422707699952754,-0.9184488478053724,-0.28107095779315866,-0.20334262824549626,-1.3887752868455694,-0.39097087320934504,-0.19831875561304854,-1.6962539620749393,-0.4571957175763572,-0.22249440592580808,-1.9616302428780208,-0.49801952181133524,-0.02717434628294273,-0.8362737481466171,-0.3399349725601474,0.0672862392894538,-1.206935940224689,-0.4185282206081532,0.08959797656768162,-1.4657671502574312,-0.43191215170333247,0.07660129193055588,-1.7115728192012511,-0.4378250227401356,F
0.0,0.0,0.0,-0.2711845585772313,0.009376810276098654,-0.10110802607359652,-0.5216104468162076,-0.0676779553411962,-0.22431771417174592,-0.7653249133169808,-0.09549665027816513,-0.3522014572901927,-0.9401010058006779,-0.15799689646625753,-0.4844812510643987,-0.47023177522112836,-0.7711608612046906,-0.1899497509104805,-0.7274312690418995,-0.7695979817135915,-0.38308856907216404,-0.910035642428348,-0.62373171812032,-0.5507843367905713,-1.0304340053744312,-0.5002796384498583,-0.6467457325489389,-0.35530611551543206,-0.9072032441866968,-0.22525505102986498,-0.5528808700768297,-1.3054897123835945,-0.35598743835660485,-0.6753832752879343,-1.6087812010855251,-0.44018243756411335,-0.7901193501046313,-1.8619989455668127,-0.49685910263264,-0.19912410060811284,-0.9153699778666713,-0.27456102020041967,-0.21098033122945173,-1.381683937606268,-0.38961268094003565,-0.20345585281959527,-1.6897853991104557,-0.4503075831474517,-0.22951169995792972,-1.9585498044954386,-0.48246380534329103,-0.04073741761007251,-0.8261393123382785,-0.3307668730722958,0.050408696969146245,-1.1942942666200385,-0.4116377200029947,0.07605539075011399,-1.4459915986253626,-0.419835078934269,0.06382442372048826,-1.6808589258629956,-0.4172283450443392,F
0.0,0.0,0.0,-0.25249268584944595,-0.01116140020324694,-0.09498722096643623,-0.47996764229145594,-0.07404864311980586,-0.2248105934052201,-0.7101087821431348,-0.088796920587651,-0.36230748066712287,-0.8769290500447536,-0.1282854907604363,-0.5047385456891655,-0.4339931840827217,-0.7789969356096804,-0.19295792874331996,-0.6898434981244541,-0.7599189280040023,-0.36788567596618726,-0.8571454634134459,-0.5986726210923599,-0.5132922078757887,-0.9633452154381581,-0.4693136435208906,-0.5946473004222659,-0.34142176459116635,-0.9115396365100489,-0.22918697549071596,-0.5486100865545873,-1.285336332006222,-0.35293140830693615,-0.6760396504976933,-1.5722044510711908,-0.4197544713398352,-0.7899967164097108,-1.8031057388613934,-0.46329622952030014,-0.1995349573823175,-0.9256056534713264,-0.2776244597301311,-0.2152789535055519,-1.3876205408876914,-0.38817896009918906,-0.23438940426818575,-1.6794467377038846,-0.4322366777877458,-0.28605405823326885,-1.914740733524834,-0.45205634550353546,-0.040619428890052385,-0.8551367310373785,-0.3335284622073739,0.053520593385046784,-1.2046401814472505,-0.4056635554483573,0.05259488992499934,-1.4482820878160418,-0.4055222726563941,0.012333767077207295,-1.660669783510545,-0.39761896456278845,F
0.0,0.0,0.0,-0.2550248389068933,-0.011132206397190965,-0.06612114038139975,-0.4601489325227399,-0.07993593047448189,-0.1854987776712386,-0.6719396250735442,-0.09227589937525321,-0.3209855771617423,-0.8139192666599362,-0.1450869452991662,-0.4608575187152418,-0.4220456927668186,-0.7910564891903639,-0.15621432194391527,-0.6748675787515297,-0.8023000078442795,-0.3339931131263836,-0.8509692693523668,-0.6543091366229846,-0.48338228327748595,-0.9493147514838896,-0.5277809357302358,-0.5661767198600915,-0.31962554456810094,-0.9238196475467848,-0.21070541062364603,-0.4987312563087051,-1.3179974341903384,-0.3312182444490422,-0.5996401077002629,-1.6452088845361041,-0.39744128334530426,-0.6818545069010485,-1.9056658351255136,-0.4439625125160251,-0.18005885358645646,-0.9335861947590504,-0.27845559116096846,-0.1628978870998344,-1.399617269024258,-0.37966043753475265,-0.15525988032094948,-1.6653711138741933,-0.4129566856798572,-0.1805546099368908,-1.869290264570055,-0.4271250319516851,-0.028033280830667414,-0.8557382272322929,-0.35343613411409924,0.07231937704904058,-1.214539311456723,-0.41775209247981443,0.07430755125560434,-1.4711121017575168,-0.411075441116386,0.038036060111995014,-1.6976967816618607,-0.3990527060177503,F
0.0,0.0,0.0,-0.23490050756828643,0.00145544032604389,-0.0923573157958047,-0.4608157937450597,-0.05882099027046762,-0.22622809024669321,-0.7062576933675866,-0.04903532693919979,-0.3698119004513094,-0.8836397971014945,-0.09044529203211234,-0.5185781106397934,-0.42178743544041475,-0.7715506705694242,-0.20381202646518187,-0.6636981213274631,-0.7762927835268036,-0.3885380719573082,-0.8567066779337316,-0.6195583892302152,-0.5417550056005463,-0.992456129683281,-0.49062406067116177,-0.6288088126996245,-0.3225577546955384,-0.9148283961973602,-0.24299279906354918,-0.5127755660200902,-1.3007898690867665,-0.3881373171920058,-0.6422817464780458,-1.6172087251961773,-0.4727932210424864,-0.7639536940798581,-1.8759721490456216,-0.528081490390393,-0.18786119872206983,-0.9377667788023005,-0.29210814821691283,-0.18431039155451834,-1.4077755345584175,-0.41309149972038767,-0.18056214287915348,-1.7145031777270665,-0.4655675463706514,-0.22486251599961593,-1.9636336665362741,-0.4896603400816282,-0.04554505845279716,-0.8722855288140684,-0.34756092075493306,0.05450917922515464,-1.2338963848021902,-0.4225567287979603,0.05652692593191121,-1.5075141421414997,-0.4251765025450008,0.009865167449872052,-1.7438430862672678,-0.4191094465431411,F
0.0,0.0,0.0,-0.261588496360879,0.0031755558676979517,-0.10715937654700537,-0.5153194931242364,-0.06323283314833096,-0.23587524832599416,-0.7962924587207317,-0.059682829227886355,-0.3673912961647815,-0.9922661864184082,-0.0976299428659924,-0.5025502884019548,-0.4393645590618545,-0.7638004273402959,-0.2204438216766353,-0.7170531129273983,-0.7754937362586369,-0.40717865141218507,-0.9250702880202847,-0.6374567118441699,-0.564394084472266,-1.0575840693496894,-0.5181007234959286,-0.6521807308670332,-0.3183134814475747,-0.9139438891559765,-0.2517599948426533,-0.4784026488593799,-1.3744918932219248,-0.3969440513535576,-0.5612675462882477,-1.7739951945826369,-0.48998324497603013,-0.6280372212662165,-2.107746062554872,-0.5527788751029467,-0.1722956635645597,-0.9428870582258847,-0.29324121380427287,-0.13601503179104493,-1.397873676004841,-0.4196517134805382,-0.10820836897018347,-1.6706432341989907,-0.48480590969579185,-0.13241372257786388,-1.876765874058002,-0.5127940884934421,-0.029429494894512048,-0.8846902021886687,-0.3408556816793509,0.058858452560827904,-1.2709035524319536,-0.41527246426250713,0.04362252660973996,-1.5643682151998575,-0.4162499173887184,-0.022668075124273594,-1.8013352747151046,-0.40790864380052483,F
0.0,0.0,0.0,-0.25781065989368346,-0.011559530372932654,-0.11708350429360709,-0.49591159085776937,-0.08188835919518005,-0.26146652394821995,-0.7755962432521541,-0.0900910090105568,-0.4097696016992027,-0.9705847063222491,-0.16114428838629902,-0.560659409347646,-0.40693893616043914,-0.7787402028585036,-0.23920511918020174,-0.6551363449370037,-0.8041333632271315,-0.43191370519928496,-0.8646223229320583,-0.6572142716589902,-0.5906711367395758,-1.0074556042593827,-0.5402879523249273,-0.6780100126259421,-0.30522153440507693,-0.9151290550910075,-0.2633982298035624,-0.4299771129108157,-1.3422515991273267,-0.4134579703169218,-0.5020704592012616,-1.7174821914382965,-0.5028255998702322,-0.5647206314758572,-2.018575266497391,-0.5624842976953025,-0.1787029963893192,-0.942461873393186,-0.297835434776915,-0.14180418503480172,-1.3935380244402207,-0.4149148559595816,-0.14385627561697717,-1.6529032669374073,-0.46244643977242883,-0.1873265545728734,-1.8473717614650744,-0.4820328303461447,-0.052630034412915236,-0.8920214193717922,-0.3414659237656092,0.030416666688766737,-1.2630958985790925,-0.40507057262741897,0.017091450379000846,-1.547452867553974,-0.3966587020115123,-0.03464457569854426,-1.7793622130527968,-0.3832264409918259,F
0.0,0.0,0.0,-0.23443256952714678,0.031185974834843307,-0.0972600852757315,-0.4782385802733642,-0.016556661671439845,-0.22909132748836478,-0.7047233400691301,-0.013261462085126534,-0.3672334168123661,-0.8761177689685586,-0.04553267886705949,-0.5153035105670669,-0.4370430076326481,-0.7402648708155005,-0.21988675809705188,-0.6634395235853255,-0.7575440736462309,-0.3894559553506241,-0.844335683375219,-0.6101187892376626,-0.5347623506241609,-0.9653312931851609,-0.4869647092820332,-0.6272749717442955,-0.33045874726347335,-0.9025208416955248,-0.2761397230792003,-0.5391355562740556,-1.3641039329140228,-0.42815234650821804,-0.7124985236763495,-1.6626432946013936,-0.5396776184966705,-0.85667980995051,-1.924175734268029,-0.6219681128792803,-0.17716431765423057,-0.9370952656883079,-0.33989420133834203,-0.1633618078245284,-1.485114416888764,-0.49331892291039436,-0.21460287649577725,-1.8315411521475806,-0.5978647433531877,-0.30216093477437705,-2.131742415709646,-0.6621893562152327,0.0006699094992314038,-0.8439772732118813,-0.40422610826197125,0.08867204740958047,-1.296774309700067,-0.49894779314123344,0.07606419045073223,-1.584294775687441,-0.5166665704480287,0.00707810015306622,-1.8290428645445544,-0.5298885945433147,F
0.0,0.0,0.0,-0.2568453036724947,-0.009343458572284668,-0.09633375605289526,-0.5400172693444547,-0.1042369817774677,-0.22793869156534735,-0.8382750373808916,-0.13414685966526135,-0.36368578327574524,-1.0589974140807161,-0.19667586756111832,-0.5019897198210769,-0.45668228146914647,-0.7452562749183663,-0.20508373298780577,-0.7266441538049437,-0.7369454994258764,-0.3987940445960917,-0.9231961515521977,-0.5714611178171455,-0.5690443617441406,-1.0610346872777356,-0.4301001750209945,-0.6688088134911587,-0.36429519578947545,-0.9007552085654451,-0.23649326537330645,-0.5638602526741611,-1.2974847371956975,-0.3717667180322707,-0.7065394310683834,-1.5986133215211091,-0.4561161344884884,-0.8473528574336836,-1.8530649151254937,-0.5148734843557389,-0.22267074811655863,-0.9269316858240817,-0.2774825572630903,-0.2651511006652886,-1.4155605256995059,-0.38690153491161156,-0.29411553775367416,-1.7168688101568013,-0.43116205670877567,-0.3599144716641339,-1.9636724799425036,-0.4537302181431166,-0.08341452533473688,-0.8450173483977336,-0.32499187608507596,-0.016643361555076445,-1.2177661552066907,-0.3812674438538802,-0.022696031828318097,-1.4598293449961632,-0.3680734713738758,-0.06484472146873013,-1.6645419334950784,-0.3530681843884107,F
0.0,0.0,0.0,-0.2861141413018144,-0.1823757691331953,-0.06868336451643052,-0.590488325029705,-0.35444612879166304,-0.2368561591186131,-0.8613614573615607,-0.29424739349393375,-0.4092243479467111,-1.1213784068690549,-0.12504746344900416,-0.6029480092111417,-0.5438591277241255,-0.7727930147536864,-0.39730427577848154,-0.8097141642516105,-1.3908708308841085,-0.5848238647228888,-0.9737365301803061,-1.7989218828358582,-0.6938906145728874,-1.0761418872108446,-2.15055798109746,-0.7830807257960621,-0.32711038749896865,-0.8073751729152516,-0.4910642774121758,-0.5443430569661308,-1.249547287586412,-0.7917033394648287,-0.6721423615842853,-1.1869458472849974,-0.913543390608944,-0.7382016494147621,-1.1087518679820456,-0.9567649195020695,-0.06836807962509715,-0.7517756068520444,-0.5778253971403045,-0.150911897799681,-1.4308336634944538,-0.8410756311210672,-0.21083773236048042,-1.9154427634759532,-0.9832651094494067,-0.28307245818939303,-2.3358056529925713,-1.0639374767539374,0.19627087291677026,-0.6528404349682296,-0.6492205665017085,0.2909799503926621,-1.0985429497260435,-0.8353654317945973,0.2830105859575385,-1.3852021559275292,-0.9018636257697924,0.22174823753126174,-1.6746323542270722,-0.9500724984949086,F
0.0,0.0,0.0,-0.26372474901564846,-0.012279073778258084,-0.08179414085528666,-0.5329095477535725,-0.1105420270056852,-0.20080754587604185,-0.8071964808340752,-0.14211494796787666,-0.3252403297237817,-1.0127481344780227,-0.21846961557587377,-0.453082510588144,-0.4599764683672903,-0.7899132623994535,-0.18389677738284857,-0.7207684274786116,-0.7202076320443568,-0.37341410666952146,-0.8854219233669266,-0.5152017073453516,-0.5502826150036746,-1.009421085601459,-0.35637054699102316,-0.6573195555338981,-0.3586898662541863,-0.9060880862033475,-0.22437905402891065,-0.5767495813116671,-1.278939302297526,-0.3524902033556262,-0.7247455206116168,-1.5446532879478898,-0.4579363066326476,-0.8751477277695403,-1.7667305801401922,-0.5362012555706809,-0.1958668913116466,-0.9005597197280065,-0.27320286085467077,-0.26549040354942216,-1.3960516987798544,-0.3837327541609479,-0.3089318077032659,-1.6966026280388724,-0.45984615667005074,-0.3939003667886938,-1.9516822024847773,-0.5101816585508594,-0.024854186819800013,-0.8026615825624039,-0.3252262408311041,0.03880414576394298,-1.1727424048049968,-0.39725087416809973,0.016924152941237062,-1.4077685969874318,-0.4081383103839124,-0.048688222798369374,-1.6212370582025308,-0.4120200015865004,F
0.0,0.0,0.0,-0.26199258518976815,-0.015856773666694784,-0.08713752192932944,-0.5266182807813536,-0.11674595989356251,-0.20352507785899124,-0.7740826050137388,-0.1709396230248288,-0.325281624906916,-0.9713855167522557,-0.2679648577512621,-0.4486863245091061,-0.47123132536290435,-0.7742685610322696,-0.15507310014995446,-0.7332496136081185,-0.7459420058921692,-0.33909179278372525,-0.8932196195782666,-0.5775896747790149,-0.5048219931698342,-0.9817483181935815,-0.4285141882406794,-0.605172253375449,-0.3712804124122296,-0.9060161651130809,-0.2031884935541159,-0.5857560942562751,-1.3011543770950913,-0.33956092942182176,-0.7224766808038069,-1.5753451853898577,-0.44136268586943644,-0.8434629743314649,-1.810016316659878,-0.512952093112225,-0.2108575856565725,-0.900694962121275,-0.26479915049871783,-0.25995198609218795,-1.366709237743137,-0.3876260901154485,-0.2972656704451798,-1.655614263013817,-0.46193865226842656,-0.37659848633641607,-1.9041489518769046,-0.507892949533553,-0.03409074470489699,-0.7793658121844508,-0.3304232697059489,0.029462853695642315,-1.1225512204604235,-0.4012223359318776,0.016689776167974228,-1.3385923301335436,-0.4066501507275769,-0.047588424891311515,-1.531247682437769,-0.4087673840437313,F
0.0,0.0,0.0,-0.27922604548288027,-0.02512240104360184,-0.08673457923417047,-0.5356402130901519,-0.12544182882734625,-0.21268309490007764,-0.7892636215369312,-0.16663921646959204,-0.34651188838921415,-0.9895995453095225,-0.24469894867151507,-0.4877108760175248,-0.4710696327758699,-0.7907214807998749,-0.18780344301583363,-0.7329764438613585,-0.7635725551459962,-0.370828624504769,-0.9034343828983925,-0.5991861711569868,-0.5376720136629624,-1.0177991542549683,-0.47646404616471205,-0.6398386571636804,-0.3582903529752351,-0.9046184898260944,-0.23085365673871774,-0.5713280287127012,-1.2893726080132197,-0.37189888142242167,-0.7034058458000352,-1.5704545562277803,-0.4813242496284102,-0.8267596726822578,-1.8138798548969253,-0.5605329508972667,-0.18756044355469395,-0.8914120000323686,-0.2819046945353834,-0.22752583431636803,-1.3553181868347823,-0.39555044836701153,-0.2549338112036774,-1.634361136776923,-0.46970158081087415,-0.32618804698685017,-1.8667490264013944,-0.5182389390202939,-0.0068874661985460295,-0.7873415638471005,-0.3377868958362518,0.053176112690769724,-1.1471234104242716,-0.39672127418569086,0.03504208086269077,-1.3763723920680855,-0.40097256553672894,-0.023221504030620635,-1.5759527683051682,-0.4046265410976996,F
0.0,0.0,0.0,-0.2517041229509647,0.016129317381181514,-0.11314895823037294,-0.49450146482096596,-0.07015186152820137,-0.2636767199421777,-0.7588445194526595,-0.10188489838576958,-0.4180125005626907,-0.9694848489131533,-0.11282108545593121,-0.5835339942114216,-0.4654541977777735,-0.7646461167691819,-0.2445906134075128,-0.6941863471144977,-0.7778646253102125,-0.43193957792812154,-0.8476918528383935,-0.5803411820378934,-0.5936230538002656,-0.9620078765973067,-0.4147317191641375,-0.6920783878439001,-0.3198283524462523,-0.902816530682594,-0.28745806111111377,-0.5413187053859578,-1.3326704669031038,-0.4281320658640658,-0.6961541714783991,-1.630767601444795,-0.5395197946423117,-0.8328549893214615,-1.887368350584981,-0.622407458535479,-0.11884822864288153,-0.891112980808325,-0.33687991299047637,-0.1737037719765265,-1.3953331918437948,-0.4669364409264093,-0.2188418362072993,-1.706375138814087,-0.5568095328557282,-0.28307273850327985,-1.9819947267001947,-0.6170945228196897,0.10204430102902702,-0.7732335857189779,-0.3898030794081144,0.16522856911729178,-1.1506407578175468,-0.4745918542377785,0.1505614985589965,-1.3971324903606912,-0.48500567453780596,0.09919228616858305,-1.6155764535156627,-0.49230455431382886,F
0.0,0.0,0.0,-0.2655525699356992,0.014081981138356786,-0.12666993222535974,-0.5299749724004138,-0.0848592471824863,-0.27060718797919925,-0.7680923355080308,-0.1282559879124146,-0.4066163621100495,-0.9623330033252464,-0.183101049230325,-0.5440402029292752,-0.4766453346740128,-0.7659925653750028,-0.2768405388021645,-0.7180408545387922,-0.786017929967546,-0.48876713448907855,-0.8888741061299286,-0.6027533333002498,-0.6594007364164655,-1.0069021654232493,-0.4441704806847947,-0.7585227865616193,-0.334154008832039,-0.8920085996369854,-0.3044039364974471,-0.5178254856730765,-1.3432469145432273,-0.49329622408339324,-0.6528845995692875,-1.651001931235228,-0.6275609336452737,-0.7789881242534796,-1.942769564582457,-0.714659823787772,-0.1371591325815748,-0.8787319280666934,-0.33484128271376074,-0.16394462360381706,-1.3897058200504881,-0.4857578181521502,-0.19197809590422385,-1.7081739395211082,-0.569403974590613,-0.2542173406605163,-1.9965095622153008,-0.616030839338806,0.07833524547181861,-0.7623055400254125,-0.36842912299374986,0.16227484901176184,-1.1487432783547116,-0.455494831399416,0.15518986467914286,-1.3974005032628798,-0.4609403023868661,0.10812747410050505,-1.6178375930664384,-0.45740203561026566,F
0.0,0.0,0.0,-0.23678554352401557,0.059370535719331756,-0.17208075723742416,-0.4941375669904939,-0.009889582941184798,-0.3356772063573136,-0.7126211384376347,-0.02899958786920776,-0.48836685689072085,-0.8987618370968009,-0.02036881147645077,-0.6479498801946765,-0.46793109614244177,-0.7510897737863417,-0.3357164040701205,-0.6662743227820637,-0.8675624175881365,-0.5299788338249216,-0.8144651958198886,-0.732048084872068,-0.6744249953672874,-0.935798076026078,-0.5996947677102142,-0.7581360508132307,-0.28541534596692664,-0.8879782663199555,-0.36060044208234926,-0.3695364374871965,-1.3824966110920023,-0.5023998830613017,-0.4061974983081788,-1.7431486069878486,-0.607434214290544,-0.4235948431702025,-2.0504855538257054,-0.688766108560939,-0.06887794096064913,-0.8725578861017149,-0.39777982265928735,-0.0917512063017989,-1.3357275800727682,-0.5341157674341551,-0.13040967057395647,-1.5930980824609984,-0.6293328565011161,-0.17784870249852602,-1.8070755968373213,-0.6953637835855001,0.17224006976318224,-0.7436416483857019,-0.4442967633880321,0.24527464818334185,-1.1348997784085135,-0.5501506417965598,0.2523181971910817,-1.3886064145839487,-0.5818219737690532,0.22868477620514063,-1.5960653493204817,-0.6020445987755089,F
0.0,0.0,0.0,-0.25647483777280705,-0.043902836939616205,-0.09427978949175013,-0.5187346714863118,-0.17106469624469592,-0.21406809246358832,-0.741747550764571,-0.22622375137780226,-0.33870240739556284,-0.9271703422317646,-0.30249906794674297,-0.46313555623617964,-0.4223481129630984,-0.8128498480442625,-0.16179321911850103,-0.6667244979064587,-0.8104113782411121,-0.3713555139435065,-0.8096163276183743,-0.6186272381117524,-0.5587030592699302,-0.8846863285696394,-0.4464933521275172,-0.6685298070184852,-0.28920308486180174,-0.9339735691777253,-0.20989270540883115,-0.4609814393064328,-1.3302782301246103,-0.3466310025468015,-0.5700203909742824,-1.6114779626642297,-0.4575363768375394,-0.6615814404656035,-1.8511005582757905,-0.5353454392461673,-0.10543999105958134,-0.9190110467458941,-0.2745357471989274,-0.17315070146910153,-1.3934741382292843,-0.39823701301450326,-0.21405523028872556,-1.677760177073549,-0.47207158904965735,-0.27541520843905387,-1.9231651735050805,-0.5169072834206186,0.09388014374102786,-0.7892399115098117,-0.34550014919998684,0.1750095156698583,-1.12648104022973,-0.4337710279595489,0.16665110364820418,-1.3555532904855547,-0.448850802664229,0.11617553366720142,-1.5685353203936172,-0.45120723126439516,F
0.0,0.0,0.0,-0.25561972356003904,-0.07658798643165884,-0.07166780069066467,-0.5144359769134942,-0.2257189280162699,-0.18115640770296526,-0.739001192061918,-0.2823650532756942,-0.30065430579284613,-0.9138649367121191,-0.3406357428253348,-0.42383668547170467,-0.3982870124489273,-0.845757120508245,-0.13441059108371353,-0.6556122747476157,-0.8355275792192972,-0.3335589130962428,-0.7923416681145107,-0.6344041208476053,-0.5194942986946307,-0.863867482688712,-0.43153475186126466,-0.6307808167397201,-0.2725004737457811,-0.9419515354966919,-0.19613973739084364,-0.43622942429891043,-1.3323466536252544,-0.33103587270565965,-0.5592872855773651,-1.571556709118356,-0.45028089866651283,-0.6782219094858912,-1.7640465841334652,-0.5333432940151428,-0.09876852580216927,-0.91272829538041,-0.2720608381051008,-0.1412309728890464,-1.395435668901316,-0.39282459636694317,-0.17653490962014234,-1.684812509600588,-0.47677329857903167,-0.23861439729978445,-1.9416879138524257,-0.5295721570780378,0.07987033529862807,-0.7647877473966959,-0.3521790567223652,0.1761459554319423,-1.0725049546214143,-0.4310899543878673,0.18410359823607753,-1.290071070650146,-0.4436899592131748,0.1396548548500294,-1.5017899548555573,-0.4478450326910341,F
0.0,0.0,0.0,-0.24810381672229556,-0.0658804131920697,-0.06595088774572709,-0.4886615234194018,-0.21508133456420214,-0.17557752523664386,-0.7053318919321755,-0.27654722225983086,-0.2950202008919875,-0.8845866351398762,-0.3196015125680181,-0.4156023582193158,-0.3848869386446362,-0.851910918910007,-0.1602215265966781,-0.6217429422996336,-0.8466773564624521,-0.34700060527668586,-0.755845600783496,-0.6348354478416739,-0.5077639159117274,-0.8382517811072357,-0.4512121976722428,-0.5991132057935475,-0.2513627656804453,-0.9441966743523481,-0.21286004832152913,-0.42701923134071534,-1.34348880886249,-0.3401853881152921,-0.5493790288838765,-1.6205324734967756,-0.43344218112339766,-0.665022212110851,-1.8638143379986511,-0.4967508438548222,-0.07420465480418569,-0.8953082564769469,-0.27501858178439614,-0.11350587794818798,-1.3851035092514945,-0.3938642657290261,-0.14272555573791412,-1.6636843788785918,-0.461416830942778,-0.19893859038810413,-1.9166566311897022,-0.49981357489413597,0.1108605094528478,-0.7391794538792741,-0.33946504116570103,0.2232517162269318,-1.0463048303701652,-0.4193178029072063,0.22571022158132545,-1.2641375155096473,-0.4303246868656939,0.18132743660441875,-1.4829589018948839,-0.4303913904993403,F
0.0,0.0,0.0,-0.23987135479082528,-0.07556784985235322,-0.05335638383880676,-0.47794828007755774,-0.23358424598504082,-0.15107413390680102,-0.6718354996633481,-0.2883874623705105,-0.26021992981349873,-0.8269124298465158,-0.32304241064046435,-0.3717080023190944,-0.3641701062089464,-0.8647974878902118,-0.13163722850937684,-0.6291181463760207,-0.8897810123541513,-0.31079255314355075,-0.7553272659397151,-0.6856816256718267,-0.47232702649102504,-0.8078287927924535,-0.4845861659125758,-0.56711543602192,-0.22547446329099152,-0.9550993396341299,-0.19221477007266838,-0.39354517685705825,-1.3797787111631776,-0.29793364238950565,-0.49937916212269357,-1.6671785311968328,-0.3893566993797056,-0.5944215148616839,-1.9128308736512625,-0.4628129398492596,-0.05424242869327919,-0.8963665094120761,-0.26467328906020887,-0.07425585265210258,-1.3745922222309368,-0.36360883974127106,-0.10138686142228572,-1.6473605401542968,-0.4411910096007018,-0.15427310412072248,-1.9039685147854026,-0.5000260833545719,0.11363080196087481,-0.7252770633989744,-0.33932564503285595,0.23125271762709543,-1.0122436510237967,-0.40340329787705054,0.2456304758344255,-1.2145713859311995,-0.41939631027638186,0.2097819745559103,-1.4342557504669182,-0.4353948747471987,F
0.0,0.0,0.0,-0.2348081147258755,-0.1245096274851616,-0.04370929042613135,-0.46431058276891524,-0.2926345315376251,-0.1320604860325895,-0.6717348343747731,-0.35664209770977745,-0.23499943585372535,-0.8254332712583486,-0.407738347019093,-0.3411619700456477,-0.34792157565425164,-0.8689454704338292,-0.10861612563026121,-0.6063302638054155,-0.9383860013384611,-0.2812154238077347,-0.741802565002521,-0.7668276592474075,-0.4342069779950145,-0.8099323533103064,-0.5852603277030619,-0.523267318622675,-0.21786979128425749,-0.9619278293857835,-0.16500789405028185,-0.3733698986816587,-1.381147076071888,-0.26323988411091476,-0.47324643174888126,-1.659798897347788,-0.3440088551398351,-0.5692296094318027,-1.8901458574971264,-0.4129860837420328,-0.052450231998493704,-0.9214018171928547,-0.2342668657035886,-0.06616301925960197,-1.365356143767196,-0.31800769224506437,-0.08678068146690913,-1.6332241480767067,-0.37751706040299376,-0.13140664059639107,-1.8842997096601428,-0.42754857703471455,0.10994907235318407,-0.7809728474318339,-0.3074477191909987,0.2065946096322792,-1.0486464897101562,-0.35647701565234685,0.22237462272173583,-1.2297124108908963,-0.36239067153752264,0.19692673646293815,-1.4245334858878578,-0.37383990548035173,F
0.0,0.0,0.0,-0.22831389004051908,-0.12936342073033058,-0.07374574861875953,-0.44402015649223453,-0.28888672938042576,-0.18196279816092087,-0.6278923549277753,-0.37385048905236246,-0.301892933078405,-0.7529037436172672,-0.46239366689572464,-0.4215980477823198,-0.32710503937307867,-0.8719274298326114,-0.13021162866311153,-0.5585714404626474,-0.9414323104597527,-0.3162861947313936,-0.6819407771175163,-0.7798541261865929,-0.4779151842529445,-0.7390118777778525,-0.6115858231843245,-0.5711378913149164,-0.18429888550269893,-0.9664776750092806,-0.17875912427375146,-0.33029760047175327,-1.392546387005611,-0.29287727080843684,-0.41545192796223507,-1.6798672034567448,-0.38289655154535923,-0.4902614596677229,-1.923283042978918,-0.4531448337117616,-0.011803321768038864,-0.9161897764351482,-0.24309816740457416,-0.02088940170767727,-1.3731458789010238,-0.3433957322369348,-0.040078656803253634,-1.6371364411695357,-0.4070518477530161,-0.08630477616871939,-1.8832391549000642,-0.4528395070971758,0.1637008369032823,-0.7585232937121702,-0.31404699535658653,0.27661380977777345,-1.0285090403322321,-0.37576420434934127,0.29033205205040746,-1.2121688854826738,-0.38685713286077716,0.2610933152720167,-1.406978488404527,-0.3965470993316423,F
0.0,0.0,0.0,-0.23200059238819726,-0.12562663539887772,-0.04179552549256347,-0.4333636406569538,-0.2990414745366599,-0.12537766120373742,-0.6006529386726049,-0.38944197087076876,-0.22588098267422968,-0.7289398212948439,-0.4615116142923999,-0.3268972834580987,-0.32630355462015537,-0.8865317717379595,-0.06751386868938777,-0.5592593378830536,-0.9581552601742287,-0.22277012907498264,-0.668489670629568,-0.7788048059100017,-0.3644325846990229,-0.7129088267513004,-0.6020923552840555,-0.44766361531168225,-0.18541653657239326,-0.9744118987779624,-0.12705179843443437,-0.3253847234518357,-1.3866069183796859,-0.21827453209924827,-0.4056853488757046,-1.6576886342315797,-0.2954651728139123,-0.4742041461482569,-1.8908972243941413,-0.35891844808074147,-0.021261445246815686,-0.9285400654459817,-0.20182566828310125,-0.021413300491114326,-1.3608616796941708,-0.28493649798407633,-0.03345435196086756,-1.6185091256800277,-0.34278398878448035,-0.06642875579750111,-1.8586358985638343,-0.38745707467916146,0.1450897723441963,-0.7832013360533859,-0.28061279419376767,0.2325665205239919,-1.0462745057538456,-0.32012416527128434,0.23794347945591837,-1.2129367057747311,-0.31957727251118345,0.20837148861407742,-1.392760691744419,-0.3261878146873324,F
0.0,0.0,0.0,-0.2070617251082517,-0.11738977942946087,-0.06155269928494737,-0.4090068313537528,-0.2766760981638487,-0.1603534492073294,-0.5817020516230886,-0.3583051030034861,-0.2768212666528536,-0.7321622917111509,-0.41997164957335464,-0.3918817444574917,-0.2987506284311671,-0.8889654146857935,-0.09415815103649666,-0.5583301437966695,-0.9492181352825548,-0.26803168925080384,-0.6807649840940144,-0.7570266948590708,-0.4243933805109964,-0.7339716867242031,-0.5863079864106742,-0.5143490025265793,-0.18193375742023346,-0.9725722647251563,-0.14492514550048186,-0.3359750084687874,-1.3828138048350525,-0.25034822533539847,-0.41794624719691664,-1.679915043707527,-0.33794460026091555,-0.49292169189275836,-1.934706395851312,-0.4089155473379816,-0.0273391541753518,-0.91713526384503,-0.21244604441472614,-0.03556476790823268,-1.3682070846903829,-0.306975072331253,-0.05293024876182261,-1.6449840751823974,-0.3706167695645497,-0.10530403411014942,-1.8960490780779804,-0.4169679329435382,0.1363286472509223,-0.7774429463757879,-0.2863099789985367,0.2408726554528626,-1.038706074688832,-0.3314589347292988,0.2527401711108111,-1.2166534739975288,-0.33760236637242375,0.2160593651584187,-1.4110601010447053,-0.3490526178064245,F
0.0,0.0,0.0,-0.213905196246088,-0.11307556303276951,-0.05999272333818844,-0.41507640186142575,-0.28053815370647134,-0.16141738189599228,-0.5843922025128816,-0.36345342380150025,-0.27989371362149457,-0.7330446897076109,-0.397566609624932,-0.39828548681301007,-0.3281078733271537,-0.8761206713450294,-0.09033181323516395,-0.5675769754345972,-0.9480383637048313,-0.25996851442516833,-0.6762240194407279,-0.7528282502369638,-0.4084622097692696,-0.714695557222386,-0.5569391149488264,-0.4929341451589361,-0.19652063890384938,-0.9696604790647382,-0.14538979958981,-0.349004780948342,-1.379045354668101,-0.24324502079668733,-0.42543492635965585,-1.659799338724246,-0.32151971632604615,-0.48730451688464727,-1.8957321094027761,-0.3864021608629183,-0.036799962810110935,-0.9251265953913185,-0.21802394268275918,-0.05792735592817305,-1.3531488213748408,-0.3053384353880071,-0.07641637845485318,-1.6190900043746745,-0.3657080660458794,-0.11058774077171549,-1.8608923835545168,-0.4124078861052031,0.1291789052334264,-0.777066087324398,-0.2970196686787653,0.21601154058457056,-1.050349054976096,-0.33557985899859955,0.234632903531421,-1.2360821732545861,-0.3377285311770066,0.22383561280792824,-1.4321613813609546,-0.3477482386641169,F
0.0,0.0,0.0,-0.21578526557735456,-0.0674230847487092,-0.09511261331722103,-0.4161608180333204,-0.20092130362247992,-0.20586261822835103,-0.5329095868083735,-0.2868250925884306,-0.32594260523757507,-0.5619840695220958,-0.3751633150605289,-0.44031526309926483,-0.33854368557564396,-0.8416559887942431,-0.11900260254708585,-0.5436124242754203,-0.9079957848562429,-0.300422663527118,-0.5979744424362259,-0.6692013580578962,-0.451859999313986,-0.5918338291855736,-0.4474470531752148,-0.5359428685224329,-0.19694909299998398,-0.9675547595684103,-0.1582682596195441,-0.3374115713247063,-1.3799135719835072,-0.2777996577615294,-0.4170077362315229,-1.6530287199248508,-0.3698073552461453,-0.4757832203476162,-1.8926440550413905,-0.4364268430770625,-0.03164991714834234,-0.9420605140223047,-0.21746148465388135,-0.06393502294533653,-1.3646188499105814,-0.3242159142558951,-0.08748993533284276,-1.6264416031046638,-0.39392581503385626,-0.11519000122922357,-1.8647956871975875,-0.4395134914362103,0.14084851970170467,-0.8076241142134563,-0.2842333955151829,0.21262483699936408,-1.100394517795626,-0.33038205255326714,0.23290022293725762,-1.284563633437282,-0.3335529193067877,0.23670542275127185,-1.4691949948412113,-0.3395787126266088,F
0.0,0.0,0.0,-0.20960711880415242,-0.06395032703562985,-0.09157937002015526,-0.39777163521564407,-0.19837014057378818,-0.1994260927094716,-0.517587201943588,-0.28679793749155835,-0.317248675845065,-0.5353988916038991,-0.3313997890038623,-0.42883361591666613,-0.3357783765175661,-0.8428261871766087,-0.10920803275303091,-0.5176322809955697,-0.9202159911742777,-0.2820927355577765,-0.5598422106890836,-0.6680405869805544,-0.42076056672927725,-0.550715751710593,-0.447114983377303,-0.49692293416635674,-0.19466318540021676,-0.9692465180358206,-0.15055707065853244,-0.31926851523721334,-1.3753104220963128,-0.2668451731099056,-0.38367646295205204,-1.6341238305303414,-0.35036137395048295,-0.43045622462222255,-1.8783534826323287,-0.40952387308888766,-0.03097158543127133,-0.943550092374335,-0.2118680818104242,-0.06428045140620339,-1.356917258199833,-0.31773512548870414,-0.07980950179798318,-1.6076606056412062,-0.38067979693097553,-0.09978088785778443,-1.84249514582865,-0.41920405878102046,0.1420327091955641,-0.8063913849203147,-0.28090855667333114,0.20826749687556292,-1.1047737280832686,-0.3246939480074123,0.23063535819374842,-1.279756492213748,-0.32364290031310006,0.23673332449819115,-1.454482897695079,-0.3257771259098606,F
0.0,0.0,0.0,-0.1995930649737939,-0.07062915925787665,-0.09782406638341347,-0.3946290932150785,-0.2155251574803708,-0.20972862530212186,-0.5032984030198442,-0.28960681568089663,-0.3338235278278412,-0.5387535049205239,-0.3061641270803791,-0.4524121376177472,-0.32394849485606525,-0.8464182508695148,-0.11779196554882362,-0.5239956268044376,-0.8942196722993592,-0.30397397274675897,-0.5682533617941634,-0.6137732252745042,-0.45216324251247497,-0.5599721341393653,-0.36724385102634477,-0.5325051562283712,-0.18402619008528673,-0.9691991766288145,-0.16366831515208383,-0.32174830421199585,-1.3881865547448347,-0.2860487027514254,-0.3964439582288156,-1.6480755988145497,-0.37703362953333924,-0.4518550932295296,-1.88382099932352,-0.4419405395109149,-0.013331144501834301,-0.9402983514693202,-0.23106122427941903,-0.06169278450587533,-1.378563701806756,-0.3467245420731828,-0.0943697073169872,-1.6488733725103588,-0.42088093310416674,-0.13356162610114367,-1.9016741084434523,-0.4672130667542734,0.17179443946319892,-0.801217777444413,-0.30696477652994525,0.2372675302744211,-1.1054529382321703,-0.35702741408293476,0.2549228326690736,-1.2950845874567682,-0.36250941937951825,0.2505621997772676,-1.4861462436929636,-0.3705519812957474,F
0.0,0.0,0.0,-0.19515429578450202,-0.09252840446864463,-0.09944551201945305,-0.3775032987738066,-0.24460605504605287,-0.2103233412966641,-0.4810685018631812,-0.3210303331387406,-0.3332325679207174,-0.536065733905853,-0.3552938753061812,-0.4475495525202572,-0.2951347877968293,-0.8682957653622451,-0.10772873217172524,-0.4844586510486939,-0.9357894690845417,-0.3014225590405384,-0.5417273014005547,-0.6630136971530743,-0.4539365685772182,-0.5437715778788247,-0.41895461799076966,-0.5345992501398995,-0.1532138186043884,-0.9767672319994678,-0.1498375796679837,-0.2747181787401132,-1.378498533865571,-0.26667562349429247,-0.33440325107504243,-1.6401691351908398,-0.35375210778944965,-0.3780631230843542,-1.8907689813388375,-0.41909745704049584,0.015823296475911748,-0.940561741895767,-0.21615441911859387,-0.008345512078630253,-1.3649475734436196,-0.3261301984939824,-0.02498560140107864,-1.6255118334469785,-0.39156872751884875,-0.051263846312659365,-1.8793646259371661,-0.43380443172010874,0.1930893700488757,-0.791114347833161,-0.2926588708209197,0.2772869463552323,-1.0750191517348828,-0.3386484379324037,0.30721139124354346,-1.2539527675574615,-0.3403344497955426,0.31366451360356856,-1.4418619272442292,-0.3464304834009249,F
0.0,0.0,0.0,-0.2378130166569222,-0.13470707069632293,-0.06488892352497565,-0.4601508314065749,-0.32915012595712,-0.1824627524668464,-0.6564901893518484,-0.40891586887646264,-0.30928649294073485,-0.8113259985431597,-0.4639336367616544,-0.43786396120976534,-0.3099886488314227,-0.9032300386459258,-0.17487303984756788,-0.5681479642913198,-0.9587441772337983,-0.37144445905885587,-0.708804133409407,-0.7787541824332894,-0.5412013712480337,-0.7840545199366437,-0.6028027733499521,-0.6406381920144834,-0.17163352297077764,-0.9566930343301244,-0.2351177829447595,-0.31457064531786677,-1.4014696039723245,-0.3625004457723791,-0.38694276777052616,-1.7115685029598213,-0.4634497455549501,-0.4508692382672076,-1.9871101030267249,-0.5435361020531653,-0.010875565395853536,-0.8698247313561345,-0.3056877747212559,0.01423207014744609,-1.3508638023328756,-0.41900456951171133,0.018750856544407626,-1.6224373767824949,-0.498611368456047,-0.00527142746242813,-1.8886939537051755,-0.5588206936905997,0.14050622890582626,-0.6742389944777148,-0.37809578972472613,0.28289063047046337,-0.9361046751844799,-0.444685781491987,0.32260861669671703,-1.1288243980056638,-0.45817004933081645,0.3201277431847005,-1.3498455808914436,-0.47378196143161794,F
0.0,0.0,0.0,-0.24267564662796506,-0.16959912261306093,-0.05424629335295347,-0.45872495236981986,-0.37910494467847183,-0.16745163784568107,-0.6588063085444582,-0.46794359830602256,-0.28936921532970294,-0.8304641278528659,-0.5352939526669773,-0.41460807872162697,-0.2918208780024665,-0.9255091976950289,-0.18128771650362982,-0.5501134865456521,-0.9699479133451043,-0.3783084485455602,-0.6984619474242049,-0.7987111797891618,-0.5469038260178568,-0.7894766250642001,-0.6432852965114405,-0.6438671477796033,-0.15573461320957604,-0.9571110122655223,-0.2443056291789669,-0.2904875226446012,-1.410633790711143,-0.3797256668347938,-0.3496264562576587,-1.7333828455100881,-0.4841695372171141,-0.4024943442017705,-2.027649699784254,-0.5630949957773482,0.0033209596534451743,-0.850398834467214,-0.3144602959568618,0.06028237780511198,-1.31417184437013,-0.43565919701588035,0.0770964760744487,-1.5946800821159879,-0.5166050717485098,0.05514234758700275,-1.8736282642641646,-0.5733652375080044,0.14721893687666252,-0.6467549039098528,-0.3839260842168235,0.30853405489311314,-0.8919779453378558,-0.4535456781493577,0.35551221094884694,-1.0834556296917572,-0.462446831891147,0.35606603565752026,-1.3067205654351246,-0.47215461093798344,F
0.0,0.0,0.0,-0.252892510695013,-0.20238386960977592,-0.05099905348534187,-0.48211833833358997,-0.43215817658164085,-0.16280874013275443,-0.7007243850125833,-0.521109413857128,-0.2853200096977968,-0.8853172064675052,-0.5383219564378207,-0.4137993856031111,-0.2799971983314566,-0.9181559052360777,-0.18019466861582403,-0.5418034990670946,-1.01533533338558,-0.3651784880261196,-0.7211822637943457,-0.8660808952519434,-0.5241030021423805,-0.8368718685676205,-0.7217322444396773,-0.6188805186860139,-0.15048301182270754,-0.9579621931993293,-0.24426072044743027,-0.2824463387120325,-1.43100409935423,-0.36684428757057574,-0.35916288370629346,-1.7534714136517588,-0.46136451676272494,-0.425089499042688,-2.0434803615651123,-0.5384981450091183,5.004373478904685e-05,-0.8642307783767924,-0.3150397014183078,0.05395215047607141,-1.3450970224659604,-0.41896086513191916,0.06798991852174693,-1.624399613758545,-0.4942329602761627,0.0493846588018751,-1.8986853206385277,-0.5535686906315028,0.13334653571889424,-0.6667321781571233,-0.38704006229138044,0.29925652966502125,-0.920571516314345,-0.44628652713479056,0.34585875681262535,-1.1184574550412814,-0.4550011743882894,0.34356525244724334,-1.34473420538874,-0.469116635332225,F
0.0,0.0,0.0,-0.24240783551129796,-0.20543124604432655,-0.053987980695882634,-0.47398758806978813,-0.43909433677798687,-0.16542500240746924,-0.6986659975863524,-0.5405169408061135,-0.28851981460315196,-0.8809552979551405,-0.5955927525984003,-0.4200809463899867,-0.28505006999372473,-0.9273984705789234,-0.16804437723038543,-0.5388292694867097,-1.0310200692477518,-0.3486801674205621,-0.7006595498211755,-0.8890958898799348,-0.5037177545780629,-0.7984176700466654,-0.7380160809227226,-0.597303269791191,-0.13524856933975793,-0.9622247628643642,-0.23628654261757462,-0.25650422814577634,-1.4380623471174603,-0.35044281887729656,-0.34446959369104724,-1.7485745938101536,-0.4480448599416536,-0.42248951773098925,-2.017754364766047,-0.5309998402931823,0.026659322570262045,-0.8639614064999726,-0.3126163065682269,0.08847313801017113,-1.3474287666217644,-0.418217095525912,0.0974060781768977,-1.6285231825882243,-0.5012912831993703,0.07477748488345616,-1.902249064263834,-0.5692528358189002,0.1644619721905122,-0.6554089576818886,-0.38976335401578427,0.3282604414998161,-0.9114206313187557,-0.4566141860724198,0.3711263799353108,-1.1048733169373537,-0.4700933637751626,0.36247091383282043,-1.3276981794142122,-0.4891199619977555,F
0.0,0.0,0.0,-0.22652381677722394,-0.19498203691609914,-0.05073133151007821,-0.4506348910748265,-0.40898534245222284,-0.16262281520602703,-0.6506932145697149,-0.5023973583894952,-0.28857170634193724,-0.8016809394673264,-0.5687825386105394,-0.4220645698581993,-0.2516611429613858,-0.9330489738108003,-0.14990958390627243,-0.48536396297573287,-1.0409080900214598,-0.32796136886213034,-0.6404721473353403,-0.8900027640132269,-0.48637529366500126,-0.7351474412454005,-0.729712204504755,-0.5832733941772517,-0.10311706012691266,-0.971010142147588,-0.21565290574741572,-0.2121894999836741,-1.4430280600092573,-0.32735454610374853,-0.2928935472065096,-1.7472040751439515,-0.4306700394935596,-0.36144015329456997,-2.0137907469301797,-0.5199083907484677,0.05751390979330509,-0.8734931165400782,-0.2895719837971026,0.11924818770197776,-1.3508540873849004,-0.3879331795888843,0.1289079125024597,-1.6293283439431885,-0.4684608738762096,0.12034048797930474,-1.8981145510827704,-0.5366165680457134,0.19784179337060018,-0.6736680849007434,-0.3647667962141826,0.33722260471309834,-0.9399632706157942,-0.41881451303939876,0.3842862753609441,-1.124646991338726,-0.4266380300893813,0.3998153760504858,-1.3398574406042485,-0.44408351651123584,F
0.0,0.0,0.0,-0.22598943310420866,-0.18440282922391524,-0.06540831252960999,-0.43820567359344675,-0.4023181976397887,-0.1764800573590077,-0.6153823358290444,-0.499624748737441,-0.30162359030049135,-0.7622759818478116,-0.5145200681022528,-0.4307514513867218,-0.2648347754883286,-0.9292181895635365,-0.14279615716722416,-0.5025255055533993,-1.0262572001247754,-0.33481501653612467,-0.6423756324500541,-0.8528929905330677,-0.4957369833688892,-0.7323417973303816,-0.674651825663164,-0.5887181886068111,-0.11138741532949813,-0.9721275755959812,-0.20630273985600345,-0.21564538986461274,-1.430760483645617,-0.3182636148196515,-0.281324019048926,-1.7384429050426025,-0.4167009748720526,-0.34658744590076707,-2.017894654837667,-0.5009127029648516,0.06245528022156427,-0.8835973830947491,-0.2843220139236832,0.10471896745939603,-1.3659534192087732,-0.38881341114555557,0.12129619069639085,-1.632236000599923,-0.4667542398840791,0.10709236071800116,-1.889084691076314,-0.5290733702701658,0.2233083682287282,-0.6922781165035179,-0.3672179377845715,0.36221181322730517,-0.9550337933232961,-0.4256005564655324,0.41646234549851696,-1.1355192116928823,-0.43703547051730207,0.4222978161985168,-1.3449653786281794,-0.45508580667660825,F
0.0,0.0,0.0,-0.21242400268767464,-0.16620780513305017,-0.05291389050703872,-0.4097873146503933,-0.363941428594275,-0.14809212805115055,-0.5781483183729713,-0.45720142920911366,-0.2549956816675886,-0.688227480661029,-0.5150091905384037,-0.36483869407490255,-0.2516012297528388,-0.9181400542692221,-0.12184795377086499,-0.48676988675947047,-1.0089136776798058,-0.30315658684271585,-0.5974009556078016,-0.8357711793336603,-0.45902339251301977,-0.6448165961754444,-0.647745007297559,-0.5475417654873891,-0.09722253711671007,-0.9787190478016179,-0.18071193581743406,-0.19899105481329485,-1.435437240851967,-0.29710443545641735,-0.25761319623751366,-1.7442170075884196,-0.39562814951430675,-0.3060716095688068,-2.0099770567930673,-0.47115684841440536,0.07244473024345525,-0.8949742214876785,-0.2514908206750316,0.11063717288402085,-1.3527880889443213,-0.35724584593031067,0.11894934348441617,-1.629138131400889,-0.43868191612019364,0.10878358071292725,-1.8861449934265633,-0.49702209560414373,0.2297553946891843,-0.7071296445133447,-0.3240555651618643,0.36366674698824025,-0.9704226459600875,-0.38292743158786585,0.4048252423043401,-1.156152174567954,-0.3952402889131929,0.41467410388960746,-1.359907429237029,-0.40867622522171243,F
0.0,0.0,0.0,-0.17673544879815178,-0.14800756681920135,-0.07405546467531399,-0.350287454317777,-0.3565959595533364,-0.16435464521013546,-0.4625685002521275,-0.49378684396992223,-0.2712064062373984,-0.5412223796509521,-0.5407610248176842,-0.3753825940186416,-0.2113736089497894,-0.9192191280133246,-0.06356898678974487,-0.38886991350692107,-1.0395463541262322,-0.20386792752690708,-0.46912856727948926,-0.8362080085225254,-0.32299571116964326,-0.49098074337909936,-0.6444144505829907,-0.3944796345225133,-0.06614983441157188,-0.9916347496203385,-0.11083646851434062,-0.167786494038447,-1.4366053159236585,-0.18923664280303046,-0.2302991246564675,-1.7134319805862162,-0.26019959889095484,-0.2855743699888203,-1.956021085384459,-0.3258543193514438,0.09641651512452905,-0.9363889322711777,-0.17904769310034846,0.11693351514802533,-1.3668681154320057,-0.2666920290214641,0.10969090876856552,-1.6196658825285266,-0.3312783831647392,0.0824519878101515,-1.8503684553416584,-0.3824788911106993,0.2585903333364401,-0.7757453691852498,-0.25581512604840534,0.36673579834253617,-1.0346456456349862,-0.30013820752729814,0.40159134585388234,-1.1983350049812844,-0.3082957215979112,0.3960973312498947,-1.3839567554136356,-0.3259300845420409,F
0.0,0.0,0.0,-0.2185714318728918,-0.14104798447429756,-0.07730705982539707,-0.42248380791279877,-0.342989242531242,-0.16807806368958897,-0.528878567155895,-0.47448669690296963,-0.27265274817970914,-0.5483298085602972,-0.5525216835044078,-0.3720125559528212,-0.24806463413849267,-0.9088094739600161,-0.07951135606315547,-0.4300970610726711,-1.007645910427438,-0.24487866462893915,-0.5190028687968671,-0.7899057910654,-0.381731892766205,-0.5560087820012636,-0.5712450973181864,-0.46065260115971995,-0.09843083443410265,-0.9865143878064073,-0.13076977282061591,-0.18931315508970922,-1.441481670774586,-0.23172812527605727,-0.25593243077513966,-1.7158133280067644,-0.3154971604232768,-0.30878134577193167,-1.9565614311500257,-0.3825968010923942,0.0738063279179093,-0.9269673990864706,-0.20363616891048075,0.09043110678540862,-1.373084514350604,-0.30321911604283913,0.08605286089491193,-1.6280610583507265,-0.36934975040321355,0.0699366785311031,-1.8745224119004398,-0.41831500753910417,0.24346813806078066,-0.7513976299431597,-0.2851128414171512,0.34587112590220187,-1.004100448397372,-0.33964973156273326,0.37707354592610687,-1.1612346977940846,-0.34873975990090217,0.3759935753367853,-1.3418006796501198,-0.36202951038092424,F
0.0,0.0,0.0,-0.20256121372616542,-0.1370738987877772,-0.0844550708542425,-0.3907781515314671,-0.32939637112886144,-0.1816798476224257,-0.49693602252726116,-0.4528797986252928,-0.28994095960684535,-0.5266909904301518,-0.519763349025204,-0.390630968668686,-0.23514450248692376,-0.9108947419144477,-0.0927841833049445,-0.4162578952070858,-1.015359061989264,-0.2552301564640925,-0.49711622819963164,-0.7954718137633303,-0.38386512996956695,-0.5256900602499296,-0.5849552605006614,-0.45641162569875293,-0.08385490954451004,-0.9868220358720498,-0.13838577839729413,-0.1695286057823083,-1.4185690149186392,-0.24717236080136307,-0.22678716568128607,-1.6852777120191227,-0.3287564607869016,-0.2682335143282337,-1.9292647204296047,-0.39065325537816686,0.0808659809786411,-0.9241472678202076,-0.20412658224981756,0.1042984543763745,-1.3424892392382624,-0.30641505028052135,0.1073543028205773,-1.5893710103858147,-0.3680810609163718,0.09726039517217584,-1.8269920263702224,-0.4107181651484227,0.24388901858863593,-0.7535221320314859,-0.2783150348687837,0.3387498581234118,-1.0097980200997199,-0.33156787242551167,0.3668585970192894,-1.1704363200453745,-0.3375819379914195,0.3674823858851872,-1.3458213711801577,-0.3464355872697181,F
0.0,0.0,0.0,-0.22407845548591654,-0.1597787712368673,-0.05426235906156668,-0.412658498567398,-0.3513409991371691,-0.1410950693029807,-0.5342984716493163,-0.46607798088046987,-0.24349530118536264,-0.6061601589808123,-0.5404016820932648,-0.3447850928559234,-0.25092293971662966,-0.9190740724554906,-0.06845540794173864,-0.44429154435733237,-1.007832878749103,-0.2304113479486565,-0.5416040049090001,-0.8362714403352575,-0.3706726361126051,-0.5778351882356153,-0.6509637979246703,-0.45238716970024384,-0.10801766522136123,-0.9856140109646526,-0.1299892510567531,-0.2020953278205096,-1.4275013917766475,-0.22605945096960375,-0.26501190695394367,-1.7090502993513468,-0.3090092398819392,-0.3149613332815857,-1.9449027444638474,-0.3764841241853139,0.05261198804027455,-0.9237295782420001,-0.2108015001856908,0.06805368896682387,-1.3662137816866655,-0.30005726195648175,0.05814440850273529,-1.6236656139026944,-0.36805771053599096,0.03683571933741399,-1.8617848280126237,-0.42189950030158246,0.21199930533713504,-0.7524303946845137,-0.297861540402906,0.31191021014574444,-1.0095891185316705,-0.3508703455914171,0.34088262256757834,-1.1765263867576525,-0.3661066778253028,0.3396349836553399,-1.3621681148584177,-0.3847438264237642,F
0.0,0.0,0.0,-0.2140637308341802,-0.1484028898324874,-0.05718970415667624,-0.40264909555703854,-0.32030059075000855,-0.14216710560137533,-0.5490744848866803,-0.42828627647558376,-0.24263529999518743,-0.6510759727881709,-0.5385996935985266,-0.34388591055666085,-0.2815660784275479,-0.8903246582129964,-0.07367145230986002,-0.48906065132658033,-1.015290022066868,-0.23638342237505697,-0.6084265124612542,-0.8934613670888008,-0.38478610844954386,-0.6681595092801351,-0.7401370811626794,-0.472280492450154,-0.1505778609460741,-0.9809250127396257,-0.12293261233159401,-0.2597586164526907,-1.4233015624637002,-0.22287898248620283,-0.34042582667298665,-1.6942023649809408,-0.3122234309145076,-0.411294955032975,-1.9154104334773094,-0.3815822758667276,0.011729940571048028,-0.937991921276055,-0.18863849840553354,0.02432660945952321,-1.3666074706803981,-0.2771572320910771,0.010457093450398688,-1.6238236530197976,-0.34481746302652316,-0.031549655926464526,-1.8599319037082387,-0.39450818857567627,0.17461804487350827,-0.7963193328488013,-0.2601719651719109,0.28260186766879347,-1.0497146451633903,-0.30690782130653604,0.29225417523390784,-1.2123922383430794,-0.3147205434268371,0.2559656903822304,-1.3822504963256121,-0.32510894132279167,F
0.0,0.0,0.0,-0.23185233170659386,-0.10985023392404841,-0.06935986242239972,-0.4567171746553425,-0.26345949091469545,-0.1753207747825896,-0.6321054810261896,-0.36531236474618106,-0.29333510972432697,-0.7383133056749238,-0.49334982779282804,-0.4107030625824358,-0.34868289556522625,-0.8586411933241095,-0.12356524919079795,-0.5815794609581917,-0.9437949187615643,-0.30188900866859,-0.6878297612916092,-0.7796655323610967,-0.4562123582795448,-0.7296897871744453,-0.603243969166212,-0.5453570680282752,-0.2089173709971471,-0.9621802086610569,-0.1748221329140146,-0.36066819746917866,-1.4122248827820483,-0.2932185103904597,-0.45133326230801296,-1.71525166711645,-0.39200394776822894,-0.5290126990058589,-1.9726524072777238,-0.4671165883857606,-0.03724163036957423,-0.9193542188928386,-0.23960651549934187,-0.04963307617988045,-1.369561636929302,-0.34313274935392496,-0.06867220527056547,-1.6287229703579547,-0.4150741207520222,-0.1201188500099577,-1.8635276007774801,-0.46665063847674526,0.1370318085920572,-0.7721816985238061,-0.30898024070686253,0.24348160146702105,-1.054938036166591,-0.36167788981115484,0.2511730411788873,-1.2368709387628551,-0.3669699902501591,0.2121650904833254,-1.4208078346173798,-0.37522423278407907,F
0.0,0.0,0.0,-0.23869287394287622,-0.11257079551315098,-0.06593376618444594,-0.45396845824718574,-0.2771809201356842,-0.1675675996696206,-0.622703074404221,-0.3792710957761229,-0.28226384723304104,-0.7414954465103112,-0.4970913315226305,-0.397327874572514,-0.3370583689490466,-0.8633455070276838,-0.11377613953535236,-0.5699760897681148,-0.9526768134228046,-0.29637475128123,-0.6858852101898274,-0.8018298907156475,-0.45466965369882506,-0.7340898145589876,-0.6403019621437138,-0.5465514965474949,-0.19878626792135456,-0.965014247380256,-0.17097228441773057,-0.34845490177349614,-1.4189591590720194,-0.2949365192665447,-0.4524465818997818,-1.715000870101059,-0.3973079621155688,-0.54189465998812,-1.9715867234552347,-0.47246739570292484,-0.027365902820321704,-0.9326848267852784,-0.24298194574313448,-0.055797647679968296,-1.3956663297978282,-0.3537298954804529,-0.08568543464022553,-1.6666304787600472,-0.4291744406119735,-0.14134180298765933,-1.9183902493365221,-0.4813001171025285,0.14771330866818622,-0.793673652242491,-0.31965890076649617,0.24760212164760273,-1.0917538222123855,-0.38054870129366397,0.254821783865284,-1.2755995604472432,-0.3887792735993084,0.21138511669818946,-1.4621286449163615,-0.39736244355885486,F
0.0,0.0,0.0,-0.2491674908103854,-0.12053945019910477,-0.05005053439320887,-0.4680180005379153,-0.28951791672682536,-0.1338147773597639,-0.6321512565263409,-0.39830203311168316,-0.23109795040920195,-0.7412490591082,-0.5195266281266845,-0.32791138402046843,-0.3422618811806203,-0.8648215614567285,-0.07882699043263852,-0.569819778120454,-0.9425092204102108,-0.2484285768189125,-0.6915611655031771,-0.8012069033989352,-0.4000061478436914,-0.7493579601374479,-0.6505987129922999,-0.4885101695005044,-0.21571996661616052,-0.9669153605780584,-0.1361601317615618,-0.3721184882765096,-1.3900478000808716,-0.2473114646707603,-0.4795715822225801,-1.6663949586570523,-0.3391364414739931,-0.5696275042788388,-1.905665762788805,-0.4064835985566282,-0.05255665542968613,-0.9377885816556242,-0.20894217019455488,-0.09223637963570298,-1.3605960512852848,-0.3061112934872954,-0.13082203860210628,-1.6099291864615688,-0.3702434773517602,-0.18919068994371632,-1.8428296783854394,-0.4150457084384862,0.11409195764634922,-0.8025293502438476,-0.28635436640399775,0.19319188150690694,-1.0706376198415193,-0.33637487457276555,0.19311966597953972,-1.2452534109743445,-0.33956271054979237,0.15248714815932146,-1.4252537723664886,-0.3445315619705135,F
0.0,0.0,0.0,-0.24671569642590777,-0.10706155450288211,-0.05878168441698656,-0.4630469366025652,-0.27059940022460455,-0.14579533029465466,-0.627236464456793,-0.38338370583765885,-0.24720905202498633,-0.7406166574992272,-0.5055312553504152,-0.3474040640036244,-0.3669220366275232,-0.845820025209219,-0.07782690643233293,-0.5839786079448116,-0.9520754578413445,-0.24407896917964805,-0.6940512909859685,-0.8098069993086723,-0.38971449855918394,-0.7395257594637182,-0.6515616159466184,-0.47427499780152127,-0.23651954919794876,-0.9629223944865588,-0.12976503783173352,-0.3914761695789755,-1.3872187938744298,-0.24130022557989078,-0.5027321466840172,-1.6636592299798325,-0.33143199331341466,-0.5988682055996842,-1.9034619626884957,-0.39804263912650256,-0.07027052726195399,-0.9454849875081651,-0.198381419530127,-0.11257808839030257,-1.3711244769896722,-0.2948871880973792,-0.15378269982726706,-1.6211619668608572,-0.35862767068963874,-0.21840858856342454,-1.8507299424069987,-0.4033231056249992,0.10155885770183677,-0.8241386499322904,-0.27308041422517604,0.17992631228135747,-1.1041236119378472,-0.32265526333296735,0.1733894048631786,-1.2779638380022795,-0.32877407314327556,0.12328308331076578,-1.4496981487919445,-0.33674828001131785,F
0.0,0.0,0.0,-0.24196366049492124,-0.11021302213272381,-0.06117888709485217,-0.4565445315670756,-0.2780837887319008,-0.14504747326537187,-0.6250537040711558,-0.3992183757360486,-0.2445207501798125,-0.7180910433083156,-0.5310598424400601,-0.34116957530591213,-0.3629409275960228,-0.8447965801388445,-0.0578634421163538,-0.5642095796899645,-0.9415696151953017,-0.23720722167597358,-0.6660416230098511,-0.7874843310395786,-0.3937935717834236,-0.7071090710708048,-0.6201737449791491,-0.4833434177693173,-0.24416918123514156,-0.9635014003531259,-0.10975637773052517,-0.3955161429900512,-1.3779085346843865,-0.22982475706821,-0.5115347910476229,-1.645303479009176,-0.3251025468445054,-0.6110274613340897,-1.8798420312071449,-0.39207258656641497,-0.0852643453534986,-0.9524694507983491,-0.18182610698050294,-0.13358024275950336,-1.3574052316296368,-0.2857357399730429,-0.1843028739308953,-1.5917927654123885,-0.34553020488371916,-0.25746923182306325,-1.8153147958361275,-0.38350661019493687,0.07784510395900772,-0.8354942803468414,-0.26141949354991734,0.14254834640387506,-1.0973658619429947,-0.3119777971292116,0.14018854785818122,-1.2603853520844222,-0.3135675918883968,0.1006299801932956,-1.4279662502434558,-0.3159348327085096,F
0.0,0.0,0.0,-0.23007989138206542,-0.09725671139917726,-0.06518730502608731,-0.4381071388985612,-0.2549770709105125,-0.15201808360711586,-0.592170734667987,-0.36968539299815434,-0.2557912151009204,-0.6620844610237281,-0.51572009248902,-0.35600723824312713,-0.3520300737700823,-0.8432108883013089,-0.0652872183096728,-0.5435716973616255,-0.9553213835757471,-0.23934818428612822,-0.6408827020815936,-0.8038182608148208,-0.3937611847215039,-0.6796390118484121,-0.6319369002015165,-0.4835600569901998,-0.23195757158829833,-0.9661283604925366,-0.11310029193093488,-0.3699803143166906,-1.3761410947879154,-0.22609536113435907,-0.4864529521567539,-1.6462091027989036,-0.32088383030373047,-0.5913307084087099,-1.8793515718201428,-0.392257422615558,-0.07114336148501368,-0.9598911438000766,-0.18089812613547293,-0.11302436044999088,-1.3835792797362705,-0.2809430574505373,-0.16050234926866164,-1.6236678190462157,-0.3455467612996252,-0.23728309483803736,-1.8400028133368538,-0.3898735929262518,0.09566613427328668,-0.8498876637188921,-0.2566350961859735,0.18358656622925862,-1.1243082586710462,-0.3090182422181597,0.1867060432686213,-1.2873154845877175,-0.3175331180111193,0.13925976174929242,-1.4461660138646364,-0.32683326524933826,F
0.0,0.0,0.0,-0.2305930718796201,-0.10034871020978824,-0.07739785381081822,-0.4419958644027025,-0.2526668715628152,-0.17216556026766405,-0.5846268072771136,-0.37161505887428287,-0.27989889939804774,-0.6459464420555926,-0.5290746537203718,-0.3826917730749426,-0.33701986404915846,-0.8506437831849815,-0.08332626641671474,-0.5369158905078197,-0.9605537093044896,-0.2588815001859395,-0.617739929928231,-0.7951145391862208,-0.4079084502081409,-0.6380082802151478,-0.614760806253845,-0.49323405255867625,-0.2044413708757925,-0.9703841125204873,-0.12867944685245125,-0.3559136408572103,-1.3886232058652306,-0.25245357936302876,-0.45939435198406603,-1.6585872342721852,-0.3550372381101878,-0.54100965229167,-1.8940893398018863,-0.4293400663441788,-0.03700554466578784,-0.9588398981401356,-0.19311372139859032,-0.08354146545170572,-1.37540174749961,-0.3040156148573635,-0.1272678814059821,-1.6170581533261905,-0.3766792256680711,-0.18906729519679574,-1.8390207100890723,-0.42466742518840994,0.13863278443828952,-0.8441207271182911,-0.2648128728609261,0.20299410360717993,-1.118055598719159,-0.32410041332516737,0.20202353137194295,-1.2867322858917352,-0.3372196598167184,0.1656233277189629,-1.4543668084603834,-0.34843967090900607,F
0.0,0.0,0.0,-0.23661476878439175,-0.11385564190975883,-0.07989267300626056,-0.43296101602313164,-0.273442380729142,-0.17028270267308265,-0.5665380936320347,-0.39965923288995886,-0.27449834573985443,-0.6188743917205675,-0.5492330719079647,-0.37226831330458,-0.3333314438622439,-0.8508139796043328,-0.0641699481496165,-0.5171567318397434,-0.9842712454555991,-0.2326166219364433,-0.5910831086544218,-0.8258590822531883,-0.37728495771447107,-0.6091095232771048,-0.6488630644609845,-0.458088214123401,-0.20704606778390142,-0.9730379472948549,-0.10163207633143895,-0.3540256669549722,-1.3691507521587654,-0.21011476522487854,-0.44335563188041843,-1.6360057983746115,-0.3005101877345197,-0.5156407978115393,-1.8609174807906832,-0.366102421903673,-0.04214557241529454,-0.9600251292391057,-0.16096958498727962,-0.09997345292491193,-1.3477996663596952,-0.2527375615335846,-0.14142453753804526,-1.595218723134065,-0.31374794185542865,-0.19968416076728707,-1.812928878131903,-0.3555774056619232,0.13314701645780677,-0.8465125273091069,-0.23025953580100592,0.1855249333674134,-1.0986111791014896,-0.2732035379731132,0.17977775253003705,-1.2531149566521496,-0.27766555378827745,0.1440856197339777,-1.3951553686636609,-0.2833808110981256,F
0.0,0.0,0.0,-0.2161316256036117,-0.10793804653633339,-0.09225010058350654,-0.40462449550992624,-0.2758973256781641,-0.1857419891088439,-0.5294357674881062,-0.4176375215367161,-0.29079863796457983,-0.5613871129713842,-0.5928188898143716,-0.3855097403299775,-0.3201843871686059,-0.8600489432074899,-0.05777205629025504,-0.47649674015374005,-1.0111490278118354,-0.23937407136971897,-0.5237507001482314,-0.8471753758664736,-0.39060548311299226,-0.5245394070449084,-0.6637008927534088,-0.4726626496232575,-0.1799301916355989,-0.979215539843199,-0.09360583671742384,-0.30195441579290694,-1.383344064142897,-0.20610730202888006,-0.3828519333724415,-1.6588466111938025,-0.2977468321548504,-0.4526446279183324,-1.9041119215775772,-0.36140911101580553,-0.010279975928763195,-0.9630502373032215,-0.1562225873271557,-0.06701159922989948,-1.3372799673561415,-0.25199215932715535,-0.0973621460792213,-1.577571747322731,-0.3111581445349892,-0.14448004881929943,-1.8042718327523541,-0.3497963054674423,0.16499833314266174,-0.8402066933669935,-0.23079175514763395,0.213101375440476,-1.084587844186542,-0.277069238604885,0.21399170009904286,-1.2378754743345008,-0.28154387470676673,0.18752516268430008,-1.3887064206824602,-0.2855619749432538,F
0.0,0.0,0.0,-0.2208153510621284,-0.12269091622168972,-0.0978400600281,-0.4233401282197944,-0.31844263322366845,-0.18628889335821383,-0.5437345087102397,-0.5075460083025557,-0.28398764659313147,-0.5200505163403207,-0.7000017234610404,-0.3697383931453833,-0.3071715454999875,-0.8732022336953659,-0.04856523699575272,-0.4447465076247936,-1.054276980066624,-0.2235734224321559,-0.5083132404644546,-0.9363737387565598,-0.36753684755077526,-0.5186446408149578,-0.7784464813236235,-0.44472248884273075,-0.1653488523981211,-0.9832852117588102,-0.07622302373335715,-0.2746484709420034,-1.4045184619734798,-0.18768326470177704,-0.3501227845544542,-1.6776855813562561,-0.27541703115230015,-0.40941254214182554,-1.9111766054788155,-0.33316595410959665,0.008351820955200095,-0.9632937391994654,-0.13160105040111691,-0.04408961547405554,-1.3395376824139065,-0.22794690648059526,-0.07269008658547016,-1.5785203943679502,-0.28604552430988955,-0.1093331634478218,-1.8000978168375252,-0.3211829510608017,0.19123261635330507,-0.8421564250993339,-0.19903239539708334,0.24109238536783023,-1.0910090799432768,-0.24685830301830386,0.2488748030818004,-1.2419519013194198,-0.2544888816598747,0.23616644524317204,-1.3906721577781336,-0.2586494711476947,F
0.0,0.0,0.0,-0.21403318121110573,-0.12928500398136566,-0.09800080099214606,-0.3986010239497123,-0.325691933225723,-0.18463872041696128,-0.49990366124926106,-0.5204464811579597,-0.2817700872047793,-0.48833486380409674,-0.7111141307985099,-0.36723365253769163,-0.2977091408918422,-0.8782357723934044,-0.041305668639273416,-0.4033674757614401,-1.0435877655325696,-0.19868985419074686,-0.43514751015751274,-0.9396958867282217,-0.328194521240347,-0.4221302187388433,-0.8102727586521153,-0.4028297640997843,-0.1479549548088353,-0.9862268933992923,-0.07393136062251703,-0.24908988519520125,-1.4099618204190978,-0.18364181668001675,-0.32604054226606993,-1.6800942410460347,-0.2713588239441797,-0.3824615746422214,-1.9136344178683002,-0.33274700308019517,0.025646388155047654,-0.969099931303517,-0.13332028526838804,-0.026308702766500453,-1.3512535466774953,-0.2332341262963959,-0.05667046448560603,-1.58888743222447,-0.2954002377857253,-0.08532663838460147,-1.8163029014990528,-0.33627382306553055,0.20813534621349003,-0.8518144846559983,-0.2048686195505469,0.25450503075233655,-1.0995633530238331,-0.25975201044905694,0.26338285584942595,-1.2508030648099058,-0.275395894341134,0.2586129988211868,-1.4073359728368018,-0.28822874539985793,F
0.0,0.0,0.0,-0.2058897254295758,-0.13948047389348125,-0.08517624159946839,-0.3818194693010009,-0.34818334508016946,-0.16374925083694622,-0.4897069506567711,-0.5424248953451694,-0.2566429781903846,-0.500603376232129,-0.7430175050883778,-0.338497420046011,-0.2885622553510778,-0.8768926501149316,-0.025231957726142458,-0.41192100061614956,-1.0721568039763083,-0.20243799570933027,-0.4551899801475241,-0.9497853786438457,-0.34969956819036896,-0.44917473812799985,-0.7973908762603771,-0.43047513419468286,-0.14181044100793777,-0.9878861316370872,-0.06301420268674371,-0.24215967137519376,-1.4218011002874291,-0.17965238938515293,-0.3155476165026375,-1.6967401255067862,-0.2739072229842408,-0.3750155336207841,-1.9475233318577998,-0.3372652937521422,0.02795337884457813,-0.9752583159255458,-0.1288037783919482,-0.028842112069600655,-1.3621517836273234,-0.22969899751214087,-0.06387671468141803,-1.6005931794942783,-0.2874301022251866,-0.10127864358109318,-1.8362598265323387,-0.3222189904402797,0.2064351693612337,-0.8607918841338195,-0.20679174037957576,0.2514517280039323,-1.1147122232957194,-0.25546619017211636,0.2577085593447845,-1.274754563576346,-0.2626684939825942,0.24680673744437973,-1.4368176200360523,-0.2677244873373011,F
0.0,0.0,0.0,-0.21197643833381788,-0.15318418290004476,-0.07158160407815221,-0.38966288724352366,-0.38549538240397563,-0.14332354824764965,-0.5014257727534628,-0.588664851421366,-0.22954661316753586,-0.5100377975368985,-0.7919607651247964,-0.308674437552636,-0.27863799065074446,-0.8820583122488326,-0.02119725721228853,-0.40590725975399033,-1.0620716018716618,-0.18539972733100923,-0.45769314404954353,-1.0053360651130323,-0.32718541722369804,-0.4636009327366498,-0.9008688441201064,-0.4073886407390685,-0.1400020551199764,-0.9878436167747711,-0.0675604422685503,-0.24871001978252463,-1.4374843668659756,-0.17436095276129185,-0.31945743718429886,-1.7415747896424325,-0.2627323925980764,-0.3745024494181558,-1.9974006079916409,-0.3211393902448267,0.03225136504816322,-0.9685598328162235,-0.13858957336872588,-0.014579696984543884,-1.3529665415519778,-0.23093335810374305,-0.04074448443689019,-1.5926024856966279,-0.28189576330364907,-0.07061214097446061,-1.813543141423209,-0.31279175225275085,0.21488143498788026,-0.8502308707818049,-0.22067635419298726,0.2714528306038139,-1.0937224085132162,-0.269017415112146,0.29240516743811173,-1.2485247387412541,-0.26891768105825076,0.29756376597522327,-1.3989624655135149,-0.26705773788685067,F
0.0,0.0,0.0,-0.2389704791089638,-0.1572297010324542,-0.059802220033798044,-0.437921211051397,-0.38430445607608316,-0.12016211207425835,-0.5813027525214676,-0.5832110499628094,-0.19532950587205095,-0.6346820323238226,-0.7707055734087085,-0.2640087479452955,-0.2801970809066568,-0.8803592164701441,0.0032770345526052865,-0.4402632218758128,-1.0311232103938193,-0.1450545378978848,-0.558527515776653,-0.9901834023477623,-0.28048376938761727,-0.6292627908550451,-0.9292826248552798,-0.35969474268203744,-0.15179968407589856,-0.9875695176778648,-0.04078362009393961,-0.26596597708630815,-1.391354397889648,-0.13745212043896116,-0.3569579258622709,-1.6594510204631836,-0.21706988134831717,-0.4337125541903206,-1.8974471468118923,-0.2712367172039255,0.004320970599072604,-0.9768489434431141,-0.11006090821452999,-0.031482659753304366,-1.3358691318894043,-0.19683209065697327,-0.05921917973632126,-1.5660337580534425,-0.2501831236578327,-0.10234724068503528,-1.7860267381966635,-0.283464668207346,0.16812744915278935,-0.863089425096333,-0.18958947346964478,0.24137797174372427,-1.082468824098951,-0.23512013145891233,0.24987527274053856,-1.2374358799188945,-0.24395300083112817,0.22095800796212958,-1.3949370403549928,-0.25066291779272754,F
0.0,0.0,0.0,-0.239085700838204,-0.14897195291688417,-0.053158313047872746,-0.4430925212897563,-0.38737184861846663,-0.1124915035399689,-0.6031303327225567,-0.5872885481758233,-0.18813561379105406,-0.65432092218147,-0.7720779569654245,-0.2573663597203326,-0.2829918880123799,-0.8815695216585129,0.001024292218613977,-0.4551995471764456,-1.039574627606982,-0.15958072961208428,-0.5763657140593919,-0.9768537167945872,-0.3020824775257048,-0.6412292685841259,-0.8918685348583045,-0.38238719645915725,-0.16048635940307313,-0.9859226782775805,-0.04691056281382961,-0.29775292742625725,-1.4034818890578618,-0.1489284613275111,-0.40313950338860033,-1.6855678860714556,-0.22731367188782778,-0.48844486732607206,-1.9380980898673723,-0.2777756588285022,-0.001533271819951906,-0.9741379284535662,-0.11936238103278465,-0.05909106463279277,-1.343108421171124,-0.2028328497690339,-0.09720800942314045,-1.5753689474084414,-0.24202217653417843,-0.14377323587207044,-1.7990787923805174,-0.26381496971452323,0.16358347634067058,-0.8592091331124238,-0.20245057884478884,0.2129786174816014,-1.096936206858597,-0.23555417029547493,0.2200402116242425,-1.2607278329109628,-0.22641720416572805,0.20034891384803963,-1.4287140735256691,-0.21928827285843205,F
0.0,0.0,0.0,-0.24187592235635752,-0.15908283001692916,-0.05112568953543689,-0.45371698772442826,-0.38891132539104245,-0.11873850954782511,-0.6274198560718167,-0.5690541661287111,-0.20204288207030402,-0.754339936125349,-0.7253727785222805,-0.28285716790047716,-0.2873881462968607,-0.8815444024240361,-0.02119952812613094,-0.4895154615463367,-0.9830602842172057,-0.18330083295424882,-0.6291207526905652,-0.9483315947236619,-0.3334486782104089,-0.7181503269691953,-0.8995320409243933,-0.42196546072220736,-0.1629462296670163,-0.9839155278958165,-0.07320355321157995,-0.287142539994227,-1.4009817170401304,-0.1813849005117491,-0.3849860029295103,-1.6846665873205395,-0.2679546979590627,-0.47193605491402435,-1.9337333743413159,-0.3265232528703029,-0.0030019011420374963,-0.9652127538962797,-0.14700482654316072,-0.024682807931744065,-1.3586911472492842,-0.24149173950722147,-0.05048106044675668,-1.5980176011263505,-0.2971710323299029,-0.10286025313390156,-1.824368202838127,-0.3307834172011303,0.16124575003689698,-0.8412551695593199,-0.2288471326842993,0.25076361800038965,-1.0761738451308012,-0.2702535041485904,0.2607150516376622,-1.2373603827823432,-0.27226753316612334,0.22040267590402207,-1.4033821120844614,-0.2748659978093525,F
0.0,0.0,0.0,-0.23609807695274201,-0.17448012358088816,-0.0523882860294056,-0.4560079325819382,-0.40433249194331444,-0.13657888151957792,-0.6520271914375507,-0.5716964775947825,-0.23634375775535368,-0.8042044536150988,-0.7143926974198951,-0.336216623731469,-0.27953426535784553,-0.8817014410549093,-0.057598669568123685,-0.5052405418465795,-0.9615125018607702,-0.23629594610518145,-0.6596749550082047,-0.893916648153272,-0.4085875773868911,-0.7621436443877114,-0.8230096341895861,-0.5138675182805322,-0.15584213937559183,-0.9817035638974704,-0.10941361992843339,-0.2864472891050953,-1.3965463220739183,-0.21683172092280154,-0.37993022386904096,-1.6768548158448764,-0.31139371290738277,-0.47100099392973505,-1.918167697141717,-0.3864393883784794,0.0029015711608078583,-0.9650364384008653,-0.18003741353494865,0.023364642365978204,-1.3701574418642082,-0.2679960941420942,0.009936001316841966,-1.6055163680340572,-0.32248247122631746,-0.04700528476853535,-1.8224358031756016,-0.36347262506066685,0.1560853722845404,-0.8552699215701418,-0.25857302440008156,0.2651570579729479,-1.1095554347232626,-0.2934958246905841,0.27352401798595066,-1.2667359852351412,-0.28817720526423357,0.2206328328939639,-1.4299996689733234,-0.2910922981163312,F
0.0,0.0,0.0,-0.24357674995008377,-0.15975544982569037,-0.05864203265306823,-0.4715947336022493,-0.38116406441252293,-0.15004908164862965,-0.6758130753453271,-0.5394231988454199,-0.255562897627069,-0.8382639925187745,-0.67794978116038,-0.3623990721570596,-0.29890399714427013,-0.8743315352570937,-0.07526839529154114,-0.5441240373381577,-0.9270884365510306,-0.2559607849013877,-0.6950792072728127,-0.8471216911562687,-0.4318362799840843,-0.7938497351366338,-0.7617560838509968,-0.5387036545325564,-0.16757446904963041,-0.9777386268974676,-0.12627737245995077,-0.2958432351595268,-1.3865920247935577,-0.23597507074507612,-0.38887531636232564,-1.6733789524425777,-0.33245112514674136,-0.48587057656510924,-1.90654834034794,-0.4088504631064293,-0.006849970752919887,-0.9545808751540169,-0.19486946150310014,0.04034566784761197,-1.3552737408341693,-0.2857158006386231,0.023011205390548215,-1.5957863008146465,-0.3447981910014078,-0.0488239314105591,-1.8022705405523096,-0.3890164908425785,0.1416139111823934,-0.8293244507426709,-0.27063454191969805,0.2697348454450636,-1.0784639631295372,-0.3073765138987232,0.2728765935722004,-1.2309460860717005,-0.3012275392691991,0.20882898138410233,-1.375700888385015,-0.30338730363868344,F
0.0,0.0,0.0,-0.24255967725504196,-0.1735537552429855,-0.04271338023130215,-0.4561301520061306,-0.3877831348520682,-0.1352775785610728,-0.6521961272239434,-0.5415081624282789,-0.24617822404880527,-0.8092648575900937,-0.6910491006354309,-0.3617401372379855,-0.2760711257163377,-0.8803393230566058,-0.07384026985504387,-0.5077815036286225,-0.9603394686635409,-0.23960182370032784,-0.6601282275818033,-0.8784224495777188,-0.401623329502533,-0.7522800323647502,-0.7855743120518457,-0.5030431054898474,-0.1482688253274183,-0.9801716779940304,-0.13145279416731423,-0.2768131552955186,-1.398032905676803,-0.23113898722996867,-0.3791779853773735,-1.6628260522055196,-0.32237655608234905,-0.4795439052790654,-1.8689583876382616,-0.4010693913654355,0.0041510135637698045,-0.9569948954576727,-0.20340508769812676,0.07003105437203337,-1.3702553221455416,-0.28745149775191725,0.05088190394155828,-1.607877129837307,-0.34804680824933404,-0.024201914896334536,-1.8094924418082785,-0.40000555269713106,0.14361862822856317,-0.8336391148403025,-0.2802124388767534,0.29263427042277,-1.084782398775805,-0.3194168699199343,0.3153821555102814,-1.25023410495086,-0.32226900531416425,0.2665078659081727,-1.4140870746689524,-0.33545700345523427,F
0.0,0.0,0.0,-0.23474475776447498,-0.1803509287001101,-0.05594418643578829,-0.43932381233915546,-0.3999977320999473,-0.1502206752124383,-0.6298607931467077,-0.5599349692482065,-0.26190606784476544,-0.7917230862350781,-0.7007483789327416,-0.3782677923584446,-0.24977267029843217,-0.8873728668546216,-0.050125307451493406,-0.45860851713272405,-0.9601767533519314,-0.20840613396441623,-0.5765992340514384,-0.8636597673162743,-0.3648071205061453,-0.6422026014740653,-0.7470083815286048,-0.4640868737208893,-0.11772718453077874,-0.9875688000467755,-0.10415457357518171,-0.2350205474727797,-1.3918419292676087,-0.2087281895850963,-0.32751910235386034,-1.6469230042491048,-0.310508805516353,-0.4157083336023192,-1.8498333122078208,-0.39524418106964676,0.027459024195432367,-0.9539879009691409,-0.1758335362875905,0.09455121828146297,-1.3428141799562587,-0.2737996631759475,0.09058115976620014,-1.5710608068793444,-0.3485185644602984,0.038566783018486615,-1.7727890495049652,-0.406968061761879,0.1583155498872832,-0.8141592356478304,-0.2529288392385455,0.301049419016791,-1.0513554574861252,-0.30791747666189295,0.3259882505920482,-1.211195730475036,-0.3233717688401181,0.28461060135606214,-1.3779922516541312,-0.3447073039080316,F
0.0,0.0,0.0,-0.23719629332160336,-0.19327948261581981,-0.05055392277758281,-0.44067325189892004,-0.4316489099332497,-0.13218690918077589,-0.6405059236754032,-0.6091332920614921,-0.23221823047643475,-0.8002927788213523,-0.7598670860860868,-0.33545285267385627,-0.22247729089473778,-0.9115584028695155,-0.026821310673694507,-0.44299036559616656,-1.0044866284439673,-0.1773546757232859,-0.6069528119231068,-0.9329965998796733,-0.32673922695221225,-0.7103896376456342,-0.8335145324364744,-0.4185960594033892,-0.08209370652323315,-0.9935528977640214,-0.07818735635633883,-0.1723754183875155,-1.368546310890663,-0.15910316275492567,-0.26417445897711206,-1.6394244082417386,-0.23981561659021747,-0.35636294872333507,-1.8559998038586965,-0.313310873172415,0.06029108083299194,-0.9690548052573308,-0.1506801145133078,0.12390662150578916,-1.3207885306814815,-0.219891620745806,0.09765818348789213,-1.5486553410082702,-0.2737982102616091,0.035487303373753755,-1.748034054312518,-0.32211685708790705,0.17786860962019896,-0.8419042245753966,-0.23182627927215405,0.29186625213750045,-1.073670204209716,-0.26274571390659424,0.30284784807692006,-1.2376383073400485,-0.2642667685072198,0.26107322530194293,-1.4041867830947325,-0.27678214685489766,F
0.0,0.0,0.0,-0.23927678764832802,-0.1782249110392904,-0.06504099140146814,-0.4454424384852792,-0.4112279160769416,-0.15135324713497966,-0.6594778281804211,-0.5966782598690737,-0.25616724650730743,-0.8242944284304624,-0.7499014511810717,-0.36307945559576366,-0.2585708848327627,-0.870913666014873,-0.039955152192268174,-0.4570764013436734,-1.0120353852293762,-0.202218827622416,-0.618834598072426,-0.9494317515893868,-0.3636261930697067,-0.7278850012198285,-0.8559510920535268,-0.46355737512473877,-0.1257745665028639,-0.9889921008916097,-0.07794474193309404,-0.23140249216987313,-1.371958263273282,-0.174083975801503,-0.3153855602581795,-1.6454887602642192,-0.2679962327130067,-0.402125839268315,-1.867005550855541,-0.34877958509408286,0.018665739250010204,-0.9825319525121297,-0.13742408617066307,0.10517590893680685,-1.3458116927046253,-0.2182268184273001,0.10361526649633998,-1.5455140055279115,-0.2753358942400951,0.04961840504226544,-1.711631520863364,-0.3198721013496321,0.14488320924254822,-0.8815217058207968,-0.20615361161488144,0.26809877780507285,-1.1154360349112753,-0.24516403380897636,0.2951368511284081,-1.2675148310439353,-0.2513938735129809,0.26530511392113054,-1.4172648524751015,-0.2633385124367593,F
0.0,0.0,0.0,-0.24040008869208745,-0.17624887712795748,-0.07845516823142931,-0.45462300700831193,-0.39494721973028735,-0.1736973411682764,-0.6735017645618124,-0.5677408199400149,-0.2862062831579317,-0.8408465498719201,-0.7223599752715486,-0.40103278389451996,-0.2605012424532664,-0.8791587510210198,-0.05745403550326095,-0.48074964230622924,-0.9935968519003597,-0.21779018553400914,-0.6491292159881031,-0.9157142678484471,-0.37522346874141344,-0.7550771876273444,-0.8101467261651426,-0.4717413941125502,-0.12450473563516441,-0.9875574377954027,-0.09606704877010311,-0.21796062492241255,-1.359912289723446,-0.18942164651531235,-0.3144377562060955,-1.621017237441984,-0.2732456001269737,-0.4162947479839771,-1.8123624064527055,-0.3464190941935882,0.01613722003035554,-0.9809203401283871,-0.15775961957500959,0.11615889112695754,-1.315576614272012,-0.24133793787643437,0.09499225011488646,-1.5042856941467166,-0.29357274486756396,0.01442469486557946,-1.6432061511289469,-0.3327350688232266,0.13016419207463265,-0.8848267086885537,-0.23057359729709168,0.2672488560851351,-1.127507015664022,-0.27545901883010276,0.2899348554687133,-1.2786746724009104,-0.2805231236415999,0.24522973081426072,-1.404808810081987,-0.2896586968153201,F
0.0,0.0,0.0,-0.22769185350082174,-0.17210266678492797,-0.07069870099076346,-0.45460347963247766,-0.38688997647897305,-0.1682412747124783,-0.6803781624210868,-0.5563774367116971,-0.28433603986595607,-0.8244473593144299,-0.7212958058845522,-0.4005037884918456,-0.24511503650661967,-0.8827614202424923,-0.04765459519031821,-0.4701729712627165,-0.9977189459739277,-0.2238371380097225,-0.6304867198962324,-0.9015586466510015,-0.39409406314012285,-0.7251111982532598,-0.7793542914236256,-0.4960571850896216,-0.11538743243302503,-0.9894377348990113,-0.08774228851829666,-0.21980667769039983,-1.3643511975749696,-0.179961073222371,-0.32120402228723505,-1.61844595472289,-0.26041910428948833,-0.4258279173463583,-1.8230731360360357,-0.33135400613075777,0.015422162722035726,-0.9818637973287484,-0.15214480688194731,0.058963302949581346,-1.3612614356086419,-0.22001349984098784,0.03208738349913586,-1.5698681554856475,-0.2521358502695023,-0.03564459498369326,-1.7350906570027675,-0.2818203454641683,0.11618329277315774,-0.8846520622767003,-0.2296727365811062,0.20804594625936745,-1.133627732022553,-0.25829159905881216,0.20411780700914106,-1.3026342415348486,-0.2482283329213184,0.15109408557419293,-1.4588092795364782,-0.24779525817447612,F
0.0,0.0,0.0,-0.23277318472685077,-0.15117860056643395,-0.0684461113107757,-0.4733182668791457,-0.3839508235438199,-0.15241657730541866,-0.6814422936966509,-0.5654786306603928,-0.25396956668840504,-0.8261235553159317,-0.7209591365830961,-0.3554840259834559,-0.27051031022859295,-0.8714527310931913,-0.05249933592044794,-0.4937948747352442,-0.9800404970461568,-0.23326911164436295,-0.6529874931548981,-0.8978243822940813,-0.4036530976570606,-0.7558086093166293,-0.7922608375333334,-0.5024269316333413,-0.1401321866505454,-0.9856664909781567,-0.09393901653383387,-0.22544176855630738,-1.3868653294245774,-0.19403377583174616,-0.33471574275244254,-1.634920112054462,-0.27362426946277785,-0.45220786612571173,-1.8210093766641302,-0.3358609407227401,0.0031396311279993237,-0.9874974215218629,-0.15867970020321032,0.064670438390104,-1.377913966499179,-0.23942357187996205,0.01834825629038784,-1.5899835704962269,-0.27325477734025116,-0.07273518852759468,-1.7532631432667563,-0.29342077017387425,0.11825094370103502,-0.8971158133758539,-0.2353361516816895,0.21858449487193454,-1.1622304686692781,-0.2678991852812276,0.19763278278020063,-1.3278809943080263,-0.25339296782955734,0.12180460797365181,-1.4684909300052356,-0.2435595604262095,F
0.0,0.0,0.0,-0.23402953222751227,-0.15167388192818118,-0.10799706646598309,-0.4747381648984294,-0.36870659156640656,-0.21175127664086096,-0.6763206369295149,-0.5352784290197747,-0.3295032015074445,-0.8147848779478782,-0.6849790734210494,-0.4452095908780231,-0.23641429796654537,-0.9100932994431155,-0.08051350121511935,-0.4177233339256628,-1.0144233853539275,-0.23449441560619522,-0.5803816283398219,-0.9196079683143559,-0.37986732065309925,-0.6978137772460786,-0.806940228128338,-0.46677554753798906,-0.07214794547631158,-0.9917139559646534,-0.10629253740731244,-0.0022271799506313385,-1.3386452896227214,-0.19270079227603953,-0.034068291078342985,-1.582824102839937,-0.2669479554814213,-0.0980612939752892,-1.7368678701153673,-0.3323459356977171,0.05472715369160331,-0.9742275440915859,-0.15963325328408406,0.17879107851657455,-1.3010275372221811,-0.24401448166871795,0.10391148341406695,-1.467141741642977,-0.30068860350705984,-0.012976189517402346,-1.5534694807852578,-0.33821942148756656,0.1392546093688611,-0.8558628093199114,-0.22683130351715994,0.2875784516188364,-1.0963237200587512,-0.277326357913472,0.2950327960801061,-1.2677297333151492,-0.2961510902689219,0.2379940589041454,-1.403380238611655,-0.3130032254421936,F
0.0,0.0,0.0,-0.22970883259099656,-0.1743492414011175,-0.07732154139659504,-0.44951408224762596,-0.4000024805393158,-0.16627322339120595,-0.6460759714271271,-0.5762895589365886,-0.27240435330078,-0.7921234689228612,-0.7453128443784695,-0.3780459402046297,-0.21792787142654876,-0.8948147469543066,-0.03826166161494928,-0.38012295839632326,-1.038737689417293,-0.17712233954289752,-0.5059005012356181,-0.9295937128403864,-0.3150709422014389,-0.5953940434036349,-0.8089744682174582,-0.40401640987257903,-0.08065490761920734,-0.993769964609879,-0.07691581967460914,-0.15511825485726424,-1.3319850430585238,-0.1593625770084359,-0.27597897033505736,-1.5588052092238518,-0.24054728795123814,-0.40516697031606363,-1.7247044275424357,-0.31275724106920433,0.05528165037096343,-0.9901186436290265,-0.14004604677372837,0.10321306874748819,-1.359573300682338,-0.22025745352984963,0.046117169781702966,-1.56434277086435,-0.27803539536271926,-0.04463119529022686,-1.72461082571785,-0.3251288892343283,0.17257505584405608,-0.8908980386990777,-0.2143100348727481,0.29070322934030146,-1.138475471743785,-0.26197567141467615,0.2933294221670671,-1.3013817383353787,-0.2779399117893903,0.23551335974675272,-1.4514501079845188,-0.2978109053614657,F
0.0,0.0,0.0,-0.24336569773193306,-0.15853012127089247,-0.06962677245598828,-0.44836920647676787,-0.38585336794514824,-0.16277277213294097,-0.6412117421869651,-0.581413929709027,-0.273038938725345,-0.7740390927355586,-0.761198241398418,-0.38424827225562724,-0.24414199333654102,-0.8735910725260988,-0.05592584904094548,-0.44312152750462236,-0.994435537010652,-0.22094478193480127,-0.5879437852975956,-0.9234804580915822,-0.378862411674424,-0.6786231425599906,-0.8149510112515848,-0.47654550069366963,-0.11091955492276714,-0.9886949896445848,-0.10089137617968019,-0.2248382084457119,-1.3803348828723567,-0.1953785352618998,-0.32686060276087775,-1.6562596377297387,-0.28231179220098096,-0.42669638155118683,-1.8761947537180899,-0.3576876292074985,0.0419492100566661,-0.9837868780346082,-0.16822908674530954,0.08916047493000746,-1.3731743490698913,-0.24887707883858148,0.06973077746984856,-1.5947367239082273,-0.3051917233307099,0.00709125710339516,-1.7873905146941242,-0.35257893738742324,0.18236601507942804,-0.8767989926610408,-0.2459856596514712,0.3114313558302119,-1.132833031595757,-0.2853434223458919,0.3272452805317435,-1.2949412509982334,-0.29057037407667874,0.2814007123262847,-1.4559940851247133,-0.3046333580933917,F
0.0,0.0,0.0,-0.22937741705064904,-0.17896988266424763,-0.05949805608620096,-0.42827711043780475,-0.43456802759204827,-0.13717887674933457,-0.6111008988276673,-0.6436707627831465,-0.23075038030565337,-0.7412143488821155,-0.8242145437906555,-0.3252475706001828,-0.220349976653513,-0.8859582847021785,-0.04186524422505884,-0.42163781498281705,-1.0080782063365985,-0.20739633529910945,-0.580862597566833,-0.985528076408026,-0.3670157907500088,-0.6870038795550402,-0.9298679792523508,-0.46621496288943537,-0.08891783289691911,-0.9921313649782387,-0.08814178134875907,-0.18677145230245634,-1.3884385703328526,-0.19268990481751436,-0.27897713463901613,-1.6565713197592407,-0.2851246780358177,-0.37303740535242347,-1.8772175933265913,-0.3583904759434717,0.06114997802914724,-0.9854768718121448,-0.1556734828560099,0.11116260573772523,-1.3576084935826334,-0.24819789334347286,0.09290805040061048,-1.5681359557372112,-0.30925782493431536,0.03160141904159841,-1.7581285044559107,-0.3527136924497598,0.19722700992170344,-0.8780844674834799,-0.2320031539358756,0.3289336477219709,-1.1109364320094368,-0.2809384685115902,0.3514491736314091,-1.2618782282295848,-0.2926912676792292,0.30919299004960116,-1.4149957521528034,-0.3061919205295615,F
0.0,0.0,0.0,-0.22182403043162,-0.17683332221093093,-0.06483404704699472,-0.4077033557573982,-0.4291822322112824,-0.14377569771500745,-0.590118510417899,-0.6373145955940549,-0.23969880446025615,-0.720386880095927,-0.8201433307582202,-0.3377938887001799,-0.19644726766395956,-0.8938192143374396,-0.031209024175546937,-0.3900788551893726,-1.0252315842558783,-0.19069370959784898,-0.5529874518359607,-0.9870276927557884,-0.34590383901868066,-0.6598925732297538,-0.912138955998363,-0.4431711402604507,-0.05732406302778654,-0.9954002099916968,-0.076761798744376,-0.14564514005490087,-1.3820261192804408,-0.1734459474258062,-0.24545528443675219,-1.6384965429933742,-0.26172762205742595,-0.3455403776928919,-1.8417780143998275,-0.3347647933842737,0.09010824470998931,-0.9854389835406764,-0.14555152491401024,0.14923012158918386,-1.3421972984483819,-0.22789288340753475,0.12614321080991567,-1.5522853167029873,-0.2833653810047436,0.06391774436488931,-1.735558066526515,-0.3270145273412388,0.21589457743560128,-0.875332026960567,-0.2249888805718919,0.3305552011672784,-1.1178924793101137,-0.26653590042980735,0.3487860704647954,-1.282372890165229,-0.27421968577912215,0.3101552907503746,-1.4469037546016528,-0.28756523663142214,F
0.0,0.0,0.0,-0.23351762789110525,-0.16500333588585425,-0.07481327624966912,-0.4272182330653412,-0.4134225931401842,-0.15491156542652468,-0.6139910887530933,-0.6245843865325725,-0.24892405811615678,-0.7541795757796727,-0.804606731633218,-0.3447017496990938,-0.22604927637907957,-0.8822096613684841,-0.036091055934466335,-0.42189732489352977,-1.0059493029405717,-0.1911791921238363,-0.5851596042559482,-1.0002271520889032,-0.34100118620137315,-0.6979579004209532,-0.9562781013900439,-0.43515865002242216,-0.08905296013653813,-0.993074697348723,-0.07663038416099753,-0.18434248481686927,-1.380990555213725,-0.17506687844497634,-0.28018851158231695,-1.6460490494447342,-0.2617863879267161,-0.37457220051569795,-1.8642085642769557,-0.3316440303696792,0.062164088800379554,-0.9871636163774015,-0.14109751182943367,0.11286563759379221,-1.3470396022701163,-0.23072718524813968,0.09745473867536426,-1.5613748604941018,-0.29016752661884676,0.040960424059818736,-1.7559661028289295,-0.33349650422234123,0.19720610066165892,-0.8751172995005203,-0.21630678112548227,0.3169803141406831,-1.117459343543413,-0.26695294276283943,0.33579242286167604,-1.280134489823593,-0.2802220978109375,0.2937877390068446,-1.4466026186977716,-0.2954735869409082,F
0.0,0.0,0.0,-0.23199700505525078,-0.15930516952770227,-0.07714683325508315,-0.4367468575424814,-0.4081135654245181,-0.15971024331065883,-0.6237741109752444,-0.6212057105882812,-0.2548664636603128,-0.765155159714896,-0.7975223785035274,-0.3512957327449453,-0.2333767807609755,-0.8740425377243171,-0.0385668673548671,-0.44688893964315357,-0.9872755963921427,-0.20060255325477233,-0.6014591733744253,-0.9803068334260835,-0.35800013101576467,-0.7031010790432536,-0.9460883252147301,-0.45617091321035164,-0.09775901790386247,-0.99210280792974,-0.07858239571556509,-0.20691308812562173,-1.3956292201624552,-0.19168683696702274,-0.2975059460436874,-1.6724121324516619,-0.29139955504593684,-0.3916404011182648,-1.901481710241961,-0.36650160818448263,0.0580429732305725,-0.9910260219181918,-0.1415873849708708,0.1000452878638095,-1.3556902052435869,-0.24265031339591162,0.08382502744075444,-1.5794258798626395,-0.3104291286067603,0.02175680489307109,-1.7830035475995292,-0.3551816551208114,0.20275207679851814,-0.8891916688862402,-0.21422605588317803,0.31044387703764736,-1.1392852077682738,-0.26749539466277894,0.32679518551201486,-1.3005375957778422,-0.2813665421642302,0.2822845734649886,-1.461920206895954,-0.29513410042368177,F
0.0,0.0,0.0,-0.2398864700141421,-0.1575574828373159,-0.07230089814678736,-0.45458467093823246,-0.39753621322956795,-0.1539157049111542,-0.6402229873165735,-0.5953192209228106,-0.24732326018398396,-0.7772868075530608,-0.7665940906206501,-0.3405442046116939,-0.24479121196610412,-0.8765334782794241,-0.047357462218712995,-0.4667725277770828,-0.9832953378772015,-0.21376502997905236,-0.6180102933004732,-0.9725102419800765,-0.3689396187671548,-0.7203325076081742,-0.9464283042403636,-0.4620416653007742,-0.10634799234892954,-0.9902659770618795,-0.08979643198386782,-0.2234242776115462,-1.4004254971411199,-0.20943261662587317,-0.3202540347566005,-1.6865612171608952,-0.30519949686032083,-0.42249276409490655,-1.934874925619772,-0.3723017861709756,0.05246793153273407,-0.9870686450379723,-0.1535311285535572,0.08586998317986261,-1.363117558509664,-0.25507827563917707,0.07118232072332956,-1.5967929365393776,-0.31533384876659976,0.013124216666043034,-1.8153323354551745,-0.3522957813334922,0.2015625999440389,-0.8776435674818496,-0.22634773574009323,0.3125914427360982,-1.1239959720929629,-0.2737432142157985,0.3329783773930977,-1.2929747679592285,-0.27881999568388255,0.2970257650616655,-1.4643899256099009,-0.2840326477537911,F
0.0,0.0,0.0,-0.2501615767240418,-0.14075666364639589,-0.08433036256093564,-0.472137890664836,-0.3692643940067902,-0.1723625017613608,-0.6677605936838791,-0.5628581940090781,-0.26970294290580255,-0.7863025895276111,-0.7551459486661133,-0.3640760509293396,-0.26920904292520126,-0.8761628635586056,-0.0617006851088597,-0.4702196291284128,-0.9949129367669621,-0.23484695061320338,-0.6128419698657408,-0.9402579489922815,-0.3927887939958368,-0.7011533821414206,-0.8579807802907098,-0.48536216368163976,-0.132692208392862,-0.986425545532159,-0.09673376325465693,-0.262251240413655,-1.4067719213149075,-0.21377181570212578,-0.3507087470311066,-1.6944961616423375,-0.3092618821861814,-0.4376520119693475,-1.9396614427440526,-0.3788671810213929,0.025954349837886265,-0.9777793302368792,-0.15484318178028716,0.04887974044001628,-1.3665436308208532,-0.2629090503937481,0.033524606479270476,-1.5976136632056035,-0.329256909387851,-0.027779339416696202,-1.7995527455736013,-0.3697689417427567,0.1838552082850634,-0.8670241152218479,-0.22183899237916788,0.30405611251777365,-1.1403467607980604,-0.2797114760411704,0.3165778728273501,-1.3076972344509281,-0.291477275462145,0.26308830864550026,-1.464647646891253,-0.30012105188608407,F
0.0,0.0,0.0,-0.24443810283633627,-0.11491072731400358,-0.08503119125092377,-0.46232197395052466,-0.3281383267323212,-0.16812513938960222,-0.6422681280075491,-0.5151633158977893,-0.263883188990134,-0.7610132147188663,-0.7038282047982719,-0.3575887810163248,-0.2985453282479236,-0.857436340860002,-0.040287860712687806,-0.4961746021844669,-0.9893259061808424,-0.1986480415988631,-0.6312845168582354,-0.9443085459553904,-0.3476775807172352,-0.710164086598638,-0.8767602839715,-0.4380481077519176,-0.16786866075305795,-0.9828071719814714,-0.0768776654091243,-0.31258525260181574,-1.3751250746448045,-0.18338415188506033,-0.4317602271501873,-1.651523675871593,-0.28013878457723274,-0.5408506148443524,-1.8808659510120564,-0.35293998387401176,-0.006319951477725496,-0.984832631699236,-0.13817516603943913,-0.018771461052383618,-1.3532577054554822,-0.2391248991307498,-0.06309746836265882,-1.5618713986011832,-0.310416988950136,-0.14678476330113832,-1.7279408563928211,-0.3568986979094744,0.1651872873161359,-0.8925071770274657,-0.20999429846249099,0.252606895237333,-1.1588403539620644,-0.27037970154379254,0.23562563305096393,-1.3204535925878034,-0.29254605287542707,0.1552735474003935,-1.4535554785490155,-0.30993235505864475,F
0.0,0.0,0.0,-0.2833087588390854,-0.04878433198353768,-0.09233099525829368,-0.5403684932274974,-0.28015764127301074,-0.13832265923674994,-0.688543974359914,-0.5124632380169168,-0.1839883178188236,-0.7719835846157624,-0.6841275928319791,-0.22094311279413417,-0.46455273553355886,-0.8709400404168133,0.012538652508916915,-0.5484918105505482,-1.1660615149877893,-0.043125188731833346,-0.5767527239548063,-1.3143857131558268,-0.10808279062888473,-0.5824867477716127,-1.4216106958382937,-0.15557927195848742,-0.32081772060622954,-0.9471116901362464,0.007445572663411127,-0.39586510694946153,-1.2652943599965503,-0.023129154067283903,-0.42413630895366816,-1.4134324280382446,-0.06260729577199733,-0.4272654463289436,-1.512034160972886,-0.09433353093919775,-0.1697015705430504,-0.9636618384808316,-0.020437159793482155,-0.2228473335775249,-1.2576520347210962,-0.05177902660422226,-0.25298825479057196,-1.4015804285610958,-0.06384102166753797,-0.2556600171317688,-1.5083686134093814,-0.07387188780307542,-0.008444602239627475,-0.92434792891816,-0.0632825947522882,-0.047930378187804185,-1.1713306811523727,-0.0826172854463137,-0.08618806943302572,-1.2995336514663938,-0.07452931326385331,-0.1048497190852434,-1.4060606461750753,-0.06806151059076986,F
0.0,0.0,0.0,-0.2863351493528067,-0.07758816467539445,-0.08037449534529727,-0.5378051509685822,-0.2635560517760684,-0.14785486489038024,-0.7422744451601122,-0.4296315498390557,-0.2262925536868281,-0.8316448668442159,-0.628557124213436,-0.29596569849524834,-0.4076951246184844,-0.8108931338749704,-0.020352938899951004,-0.5963102558116734,-0.9439705322450559,-0.1857782678882504,-0.7372962117082719,-0.9132630901710114,-0.32388961897793134,-0.8184955406533796,-0.8438429028392113,-0.3972352045156173,-0.27084877141159364,-0.9613136016456854,-0.0501707316652943,-0.42240922129962916,-1.322777268904467,-0.1474223932787333,-0.529726678092874,-1.5612174239530474,-0.20778085316116565,-0.6217803814162992,-1.7671122220404514,-0.24532294649687084,-0.09515899473983598,-0.990331236413983,-0.11083480025913058,-0.12701989091131582,-1.3241301925074738,-0.204192633357585,-0.15112395773232312,-1.5354512515854037,-0.2378336622514863,-0.19479674926876422,-1.7340805265971388,-0.24970392918028775,0.08763455704633995,-0.9083180314702032,-0.18376835370499964,0.1829178308027329,-1.2002155930125686,-0.2427950557281834,0.21127634894392472,-1.4009279729495208,-0.2492563857908876,0.19937823290623016,-1.598445514902238,-0.2460835029242457,F
0.0,0.0,0.0,-0.28704216539116245,-0.08495548145254159,-0.08526128198797085,-0.5393495731411716,-0.28536691469630665,-0.15530559692554988,-0.7247333604185305,-0.4626951083695923,-0.23721899855923606,-0.8032289910842012,-0.6681436284986646,-0.3099240244991108,-0.4287439304317595,-0.8071621669409312,-0.027582241322455438,-0.6150607853642255,-0.9633318194911075,-0.1918293023479658,-0.7411418808055051,-0.9325393548290184,-0.32557475596125995,-0.8106731625382202,-0.8507424223797461,-0.3931925713770484,-0.28270044389037413,-0.9576463491489855,-0.05471680716018478,-0.42273878585427876,-1.3288512991670347,-0.14210272040687508,-0.5213071987229129,-1.5783367522140062,-0.19435725038978405,-0.60883781548557,-1.7756561668066706,-0.22564103348901535,-0.09693390174745194,-0.9910500069293409,-0.11314280760099632,-0.14635429006312173,-1.3243223070453272,-0.19629971079845823,-0.1772457288910914,-1.5403478800575485,-0.22316577584339,-0.22003936558580772,-1.731836977053709,-0.23016739725113114,0.09350422102503582,-0.9217959349973289,-0.18509593789106793,0.17054472611166815,-1.2071258883868752,-0.2396543790616788,0.1916024860716776,-1.4072404812692356,-0.24319504637467268,0.17858126410870048,-1.601700281694085,-0.23618245977925928,F
0.0,0.0,0.0,-0.2972608513244591,-0.08655790686446832,-0.08870194562747374,-0.5541337397697063,-0.2924443407963157,-0.15526947808829852,-0.7301356232876623,-0.49452060213997784,-0.23044716948972233,-0.7908428385816019,-0.713641722767027,-0.29481445321906746,-0.40339555905869334,-0.8237515737877092,-0.024740645779052783,-0.5851732518769955,-0.9937608007780782,-0.19078850136697306,-0.718361486070709,-0.9693483067408359,-0.33069845748709215,-0.7996184790624893,-0.9014592780862312,-0.4044723237258165,-0.2551647995168251,-0.9656637387388911,-0.04883102264304105,-0.39302859354097525,-1.325461829149645,-0.14475000016253664,-0.49389358004213224,-1.5706781365959375,-0.21035833810463336,-0.583746730732868,-1.77722599627226,-0.25150768495980064,-0.07462980811617377,-0.9890452076133817,-0.10385638708064937,-0.10338008072603479,-1.319912541798986,-0.19583793500814625,-0.13278556557328272,-1.5185644101120028,-0.2322944785081722,-0.17232048482164009,-1.7054879293341259,-0.24388723552995537,0.10760826804611716,-0.9103444264168753,-0.17172326187189427,0.17963057165749655,-1.1988518223998494,-0.23068987157867293,0.1983478234795907,-1.3872727968302416,-0.23761461672158302,0.18997218273018343,-1.5758241298053177,-0.23222663034687965,F
0.0,0.0,0.0,-0.28379532779610306,-0.09741528243374326,-0.0860581454828467,-0.5411517414959591,-0.30743813728958985,-0.1507819755913786,-0.7316391875505915,-0.5103627415488112,-0.22287542346521802,-0.7866605411154673,-0.7218481767488995,-0.2838436831190299,-0.3792911912479681,-0.838081097183184,-0.019041357662636826,-0.5618478256593894,-1.0007038745698604,-0.1863712543851175,-0.7049899352580761,-0.984258595965165,-0.33123986236453096,-0.7943329088235159,-0.9306552834655891,-0.41003627473438803,-0.23648847593127278,-0.970667978259194,-0.04332293542585021,-0.3710442087829213,-1.3497350631166587,-0.14335609795708204,-0.47638250641253777,-1.5956630461919794,-0.21377101841007914,-0.5694090525224066,-1.8124899601688345,-0.2575285168890417,-0.062437267920060935,-0.9904162134845506,-0.0977980970533784,-0.08767619265368529,-1.3358018993733893,-0.19050712455131324,-0.1150510121942117,-1.554330512393162,-0.22964153711115046,-0.15032545758859717,-1.76827066733172,-0.24359694975865823,0.11269947097157706,-0.9095896145219649,-0.1646985718840545,0.1895259948041816,-1.1951411335514224,-0.21858999006857238,0.2067826845185355,-1.3838012250555087,-0.22302017612177852,0.19764458471093838,-1.5785349978587029,-0.21734915229835422,F
0.0,0.0,0.0,-0.2835824255674547,-0.0833408200104339,-0.10383352039819094,-0.5409799407780618,-0.2906832244022156,-0.18425910810406848,-0.727307346104399,-0.4985290863026508,-0.27045788146097677,-0.8053975309584829,-0.7170658257334517,-0.3465192818858042,-0.3862273424317227,-0.8281613195463586,-0.0569275469624657,-0.5672402844294263,-0.9991342948401387,-0.22801984808568027,-0.7032813298100822,-0.9832260615480628,-0.36783304884992213,-0.7869743994130113,-0.9237972545723591,-0.4432576395251388,-0.2340292362852226,-0.9691292513057659,-0.07758099527127216,-0.365894485624613,-1.3529564667297096,-0.1829249457061368,-0.46826804742489486,-1.6127839750714903,-0.25239886062557704,-0.557482424593911,-1.8401509325451673,-0.296643815799198,-0.05254287356582242,-0.9873155871586081,-0.12778191677109943,-0.08585742489945218,-1.3341365424019942,-0.22531948120600345,-0.12107282698948273,-1.5535113252552502,-0.2667900655127646,-0.17050245585264193,-1.7660666481561236,-0.2848819177509532,0.13415214107361292,-0.89786799823177,-0.19147807012274595,0.22245517482018515,-1.1793966584910431,-0.2530465715102269,0.2419169648055432,-1.3704243089854566,-0.2629931425797062,0.22433554594911526,-1.559140065533777,-0.2625470066950253,F
0.0,0.0,0.0,-0.2653387216931226,-0.07956409473247804,-0.09475551549776855,-0.5144673722858499,-0.27747137118515,-0.17438624873743575,-0.7100355146923354,-0.4658695339679139,-0.25925089609609786,-0.7807311883721411,-0.6820553939123104,-0.33442301305282524,-0.3756570582062453,-0.8283428348926217,-0.055366429867321126,-0.5577352922075388,-0.9780625221740769,-0.2254228779410234,-0.6847906649330303,-0.9459531798124844,-0.364949924342112,-0.7582184551480086,-0.8717897303627377,-0.4411583935671375,-0.23747697713390334,-0.967981035402868,-0.08134740580826835,-0.3810585336167523,-1.3500769797008323,-0.1856460188733821,-0.47518506184054365,-1.6010921786764696,-0.2542415107872181,-0.5559681161987653,-1.8231026301586146,-0.2980689783360742,-0.06440662565158896,-0.9785326235334194,-0.13517312944222873,-0.09208408184461708,-1.3369523275169202,-0.23180618697816363,-0.11390581670831032,-1.5617484387757663,-0.27207869458744266,-0.1560686705350728,-1.7801343863639303,-0.29118952268063086,0.11742589052811635,-0.8735097551138551,-0.201024550980923,0.207515673404546,-1.144230278189202,-0.26381564421515274,0.23057363455171606,-1.3361610497211842,-0.27212516098968387,0.21868786506016277,-1.5290551845367915,-0.271173502507695,F
0.0,0.0,0.0,-0.2620661329344613,-0.09441513444326166,-0.08491185462256508,-0.5155844919481498,-0.2892742455818722,-0.16262320935580538,-0.7048707571604668,-0.4823407336100209,-0.2511687497179806,-0.760076845086576,-0.7024583573844885,-0.3293993955726914,-0.3768391470115187,-0.8323185774067738,-0.03578771155014301,-0.5621014271799869,-0.9967767719297799,-0.215902793699981,-0.6840240255704163,-0.9618908958187055,-0.3687749603987718,-0.7480111955810776,-0.8863229457581386,-0.45190182116887206,-0.24416014620820822,-0.9674496370551546,-0.06653587577717637,-0.3786282854339013,-1.369596248273167,-0.17697530168275227,-0.47926209466080333,-1.6287712516645776,-0.25690193278029966,-0.564876234516203,-1.8566017346897923,-0.3082302058821683,-0.06978801409985179,-0.9844769845728643,-0.12584197406250533,-0.11519250414678318,-1.353533910447107,-0.22434235561057975,-0.150591956905722,-1.5718404090767875,-0.27214762980655877,-0.19909715559303934,-1.7812771320134235,-0.2953924905452156,0.11237355742823046,-0.8933397800494455,-0.19721463969528208,0.19732826154902167,-1.1666628659487372,-0.2524004002742625,0.2132974254533447,-1.353388798079237,-0.2628655823262383,0.19381470034001322,-1.5427114036100944,-0.2650104908077554,F
0.0,0.0,0.0,-0.25471114885569524,-0.1003884129110376,-0.08807350311052096,-0.48967655782808955,-0.2929543384262926,-0.1678603133452411,-0.6766767463824085,-0.46788530445939147,-0.25757571212931485,-0.751673750621528,-0.6687747761434608,-0.3373439897830202,-0.36967600076993584,-0.8410681530159598,-0.04582078460134739,-0.556770624910991,-0.9839155147962624,-0.21673761876678102,-0.6791668806592821,-0.9225375403098343,-0.3541893404492877,-0.7394167849969842,-0.8160209668922815,-0.425380477735923,-0.22836394246204939,-0.9707333704968849,-0.0743413289291179,-0.3636533953987658,-1.3423813990396722,-0.1698055091638408,-0.45709144581774536,-1.5904166287552066,-0.22624372490132694,-0.5373948920364722,-1.7968033474268965,-0.2632246644078292,-0.05568122023536155,-0.974004612775312,-0.13305335638437704,-0.08274845768965142,-1.3120664476272,-0.22134107160263408,-0.10556834988110927,-1.519497598103732,-0.25275474319585567,-0.15023702701885025,-1.715595833560405,-0.2678720314030434,0.11666920475608726,-0.8655527544411805,-0.2047966537926491,0.20567941868843864,-1.120794096266777,-0.26076948016145635,0.2248043976841835,-1.2985118790258645,-0.2667719011346081,0.20504222020728682,-1.4790311434228738,-0.26614533874343,F
0.0,0.0,0.0,-0.26242493857164556,-0.10419096008833363,-0.08606688106725874,-0.5004365887367636,-0.29978237716113937,-0.1669048459764703,-0.6791930514640782,-0.48123629101519505,-0.25896261666834197,-0.7558039500320598,-0.6819677369514386,-0.3412281591094953,-0.3750701032361257,-0.8404707210695038,-0.04824902503731157,-0.5558678536817697,-1.021897849389983,-0.21807622511224672,-0.6809539948862017,-0.9471994050536804,-0.35889991488661277,-0.7457953628663402,-0.8268304756704016,-0.43456502119385987,-0.23924904321929763,-0.9677693802130427,-0.07862774345429072,-0.3705264222337261,-1.3649268673020627,-0.1794485483242566,-0.474264986162942,-1.616951952723659,-0.2512610979103281,-0.5589322501856666,-1.8312199528216626,-0.30120457395857536,-0.0680250669219284,-0.9733739655391852,-0.13703219749102874,-0.11031597354230972,-1.3383858544246827,-0.22890148347730363,-0.14637949009878745,-1.5606670016011677,-0.27650225239027215,-0.19476303747305543,-1.7675651182475938,-0.3046453647241719,0.10866315822505349,-0.8715437476309772,-0.20748437473647674,0.19802758600085543,-1.1384893612252633,-0.262977221759445,0.2171373387592296,-1.3309886102900346,-0.2765605273586438,0.19764305748202668,-1.524459040357489,-0.2843003962632738,F
0.0,0.0,0.0,-0.2668486693010495,-0.10445905960093513,-0.08939011259378414,-0.5064282572029137,-0.2888485440318709,-0.17805423397187142,-0.6952597838031109,-0.45862085010009657,-0.2785035292588668,-0.7721256485684778,-0.6572917516307394,-0.37058457855797844,-0.3770013216011125,-0.8366807734509787,-0.05725812160886484,-0.5702701637162906,-0.9966513490139222,-0.24162235325627252,-0.6999773223932979,-0.9218579533415104,-0.3968005445025412,-0.7643151899879734,-0.8133277251232583,-0.4820124568615812,-0.237712559461033,-0.9671953459645589,-0.08958739765716062,-0.3690308320113941,-1.3793594304225156,-0.196315578380372,-0.4742765419318838,-1.644539084335274,-0.27271574109229013,-0.5656437820300864,-1.877649739426913,-0.3268307628268724,-0.061473177482477916,-0.9758935715044059,-0.15061048792622386,-0.0988427814611111,-1.354481867280225,-0.24233679549123704,-0.1331468125206218,-1.5864717988801207,-0.290122637233899,-0.18585542249424297,-1.8087216152894634,-0.32032619019932607,0.11744790556398353,-0.872733666594306,-0.22458147740551646,0.2141360079094735,-1.139217877088506,-0.2755825835202762,0.2317303032326265,-1.325303892788009,-0.2858700621574294,0.20590352662534553,-1.5143342764861538,-0.2927865711459828,F
0.0,0.0,0.0,-0.2558283975084834,-0.11094518479102641,-0.0906787967944013,-0.4919649328820213,-0.30134611194539107,-0.17809585176966647,-0.6726236015778732,-0.45897594610406667,-0.2748945670638734,-0.7450540000869843,-0.650119228474259,-0.3648672074771961,-0.3685022282816592,-0.8446420071467006,-0.07228147734491622,-0.5705270140596984,-0.9933246808844194,-0.24711387212360714,-0.6895955823248107,-0.9004526480652294,-0.3904248542896032,-0.7498631565007099,-0.7683717663944416,-0.46873962107976935,-0.22204662019142332,-0.9691150664257979,-0.10729066356438911,-0.36950071582550553,-1.368455692929435,-0.21750914086345613,-0.47183003104455695,-1.6379434923376746,-0.2995249085391028,-0.5626558072020017,-1.8778793239101563,-0.3565840709407344,-0.04499292336070975,-0.9644675997249337,-0.16772468666870394,-0.0854090883659349,-1.33863490152418,-0.26962496169592576,-0.12070095859760716,-1.5708457227479435,-0.32701914402885657,-0.17795790658072036,-1.793067712821614,-0.3621201717770638,0.13344032790083807,-0.8470549912407762,-0.23833371690301394,0.21764720957400055,-1.112232053900624,-0.3004442612476918,0.22897702696653915,-1.2943737848149521,-0.3123284757456563,0.19693279598279503,-1.4789070730520288,-0.3183889968102183,F
0.0,0.0,0.0,-0.2593899214674722,-0.11589446052421533,-0.07479084430122711,-0.48408128998669764,-0.30440054772916186,-0.1562800433481761,-0.6582525683464279,-0.45605684372220623,-0.24709321462247988,-0.7167574467790196,-0.6362257156787487,-0.3298734598331856,-0.34754534489546784,-0.8562098334530445,-0.07116623538743198,-0.5574534520796107,-0.9970602582609048,-0.2468099101801132,-0.6607328940506021,-0.9017380972541521,-0.3846275916697723,-0.6932408649479784,-0.763936149111605,-0.45909362774493706,-0.20154821924480143,-0.9727056204199911,-0.11498735288113034,-0.34413477201900616,-1.3900428427718048,-0.2349473832351172,-0.4449158835018434,-1.667235327821187,-0.3149314063060594,-0.5326545295229003,-1.9089322148092929,-0.3674813274705688,-0.028708294633796583,-0.9593182299762281,-0.1822575290562282,-0.04780303488817972,-1.3581745418385982,-0.2914845304963288,-0.06946045606234823,-1.6033275137960032,-0.3441470232384523,-0.11246421575414611,-1.8440164663031682,-0.37444509445214663,0.14522025256413246,-0.8253951458045791,-0.257525069762677,0.23720836102633744,-1.0982391421009245,-0.32870981731301246,0.2544319374345281,-1.2929608808419937,-0.3416043059564593,0.2325167811119086,-1.4946871473950394,-0.3466436866169786,F
0.0,0.0,0.0,-0.2561912621742378,-0.12025852903977252,-0.07946310649009167,-0.4835250514994398,-0.30394279323380413,-0.16745954676869373,-0.6689023937277963,-0.44432385856381795,-0.26452428305840553,-0.7274125829487446,-0.6279591143238186,-0.3540857872576072,-0.35046094537025657,-0.8615594487471196,-0.07596634961693352,-0.5505502927718302,-1.0069878926979876,-0.26323029703853995,-0.6721284555786112,-0.9059362590393103,-0.41324301032884997,-0.7267143761252494,-0.7678647978437315,-0.4944224999548229,-0.20926634003532796,-0.9706553267676479,-0.11847293170091286,-0.345005326493924,-1.3879443361440433,-0.23856735395731446,-0.44298919554370664,-1.6613155048678536,-0.31873978152449256,-0.5304300435418438,-1.9073628380049052,-0.37092900586538646,-0.03868856471565747,-0.9489385461183777,-0.18547645611097327,-0.058125309652358056,-1.3471399139698204,-0.2904300596064767,-0.07746142393784829,-1.5869992788646692,-0.33626995543612076,-0.12123248998541557,-1.8228711542053078,-0.3615139139229648,0.1320218600987903,-0.809922855760468,-0.26162672065686426,0.2158694097137734,-1.0798155691982034,-0.3264242427200132,0.23092186014205937,-1.2703479452408357,-0.3293270939483936,0.20838320805408908,-1.465688375384804,-0.3260850635161569,F
0.0,0.0,0.0,-0.2557492267805563,-0.12214526458627875,-0.07324952496037099,-0.4801284000516182,-0.3140151592362827,-0.15695441915028743,-0.6571192638992381,-0.4453566183656002,-0.2490247658036065,-0.7116073810316663,-0.6069272447305395,-0.33373405582804405,-0.33599001095811115,-0.8714696680779529,-0.08614295288132114,-0.5459629202199517,-1.0153030677715138,-0.2657185126060106,-0.6667938731872904,-0.9003542905406094,-0.406546101394887,-0.7225192240075177,-0.7458293179933805,-0.4819735847237818,-0.1946712787680279,-0.9719294554166441,-0.13212201525985945,-0.33062611786210827,-1.4094324306173998,-0.24884623238443868,-0.42097474245792216,-1.6950405515548852,-0.3255834799004525,-0.5024142213577055,-1.9423088802826902,-0.3759922599859566,-0.02292171423800117,-0.934374562398002,-0.2003766101204332,-0.041716436835336615,-1.3480431807881508,-0.3089683476043254,-0.05750611681555553,-1.589852764052105,-0.35979509689132155,-0.09578394767110705,-1.8274725637401104,-0.388327428357281,0.14999365400053433,-0.7825034627557511,-0.27546367976314085,0.249707247229989,-1.059571714378513,-0.34808211686286117,0.27388313901134176,-1.2490384055159784,-0.3564578633414478,0.25698778939820255,-1.4485813749878302,-0.35703079822184774,F
0.0,0.0,0.0,-0.2503201652708654,-0.12738842471785317,-0.0808785013917812,-0.474510615085019,-0.3246674207865329,-0.17162796506989897,-0.6489879411661833,-0.470984063697998,-0.2691013822805682,-0.6686891685609657,-0.6340476228037873,-0.3573382730646735,-0.3215954285533578,-0.8792515728473327,-0.08922258974631728,-0.5197124170308346,-1.0173619035240384,-0.2717559948070469,-0.6245597511907597,-0.8875571380410043,-0.4119677320841114,-0.6655625387054578,-0.7200828033051152,-0.48690319070115046,-0.1774733429223381,-0.9752663635626837,-0.13175254325890493,-0.3002010814653384,-1.4047423225642899,-0.2607241658262485,-0.3801275171502231,-1.68712054696475,-0.34441518218479655,-0.44682453564067254,-1.9369614206669263,-0.39641391243130514,-0.005676493330886961,-0.9308029777672124,-0.1968641614217447,-0.010785919267858003,-1.3360305013378748,-0.31437243094669975,-0.020604849610286975,-1.5873488539398208,-0.36907162163576446,-0.05117831725022246,-1.8348668204440008,-0.39765332163198985,0.16467811701070162,-0.7691380124733275,-0.26874300474000046,0.2597685943399605,-1.0266606449059141,-0.340629789103218,0.27934405821351527,-1.2102918741748407,-0.3473930134268211,0.2622402193265553,-1.4051548527778799,-0.34630086716680275,F
0.0,0.0,0.0,-0.2395818434923944,-0.13018658721327053,-0.08976867407390994,-0.45766718890530783,-0.3205010792845832,-0.1922624435864168,-0.6304262837205077,-0.4576054867800911,-0.29967439686514613,-0.6721062325375555,-0.600708712005005,-0.39956115976860673,-0.30360187923315635,-0.8856125620335902,-0.11994301291080885,-0.5083517304087488,-1.0164883195449166,-0.3072767148969358,-0.6182719444516215,-0.8731937850852037,-0.4497298845638866,-0.6635675072198624,-0.6977997809968591,-0.5258833657321914,-0.150518906570408,-0.9750871729232925,-0.16293883504342896,-0.2639120688040518,-1.408698041718302,-0.3001646471834606,-0.33841526297251195,-1.703925734634343,-0.39154359704426217,-0.40506367866099896,-1.9660881074590344,-0.4495534295444175,0.025296239007511174,-0.9197723602984277,-0.22634844006986904,0.033251242632677654,-1.3344553676340902,-0.3538765716301998,0.029061048044545682,-1.596987626743811,-0.41956370738376236,-0.0018762016593684805,-1.8523861081330357,-0.4554769559900768,0.19750034116203122,-0.7473243878394795,-0.29536961261589734,0.307499233576212,-1.0086155854200392,-0.3738506350632117,0.3367910932743463,-1.1937255521992598,-0.38443916047987126,0.32552245699865084,-1.3903700620318957,-0.38620371067456183,F
0.0,0.0,0.0,-0.2370727296920704,-0.13422767626455154,-0.0809783450127181,-0.45108666246631984,-0.3183058761087247,-0.17945957947119873,-0.6234619889152134,-0.43685940688566605,-0.28186349735940897,-0.6829696690857776,-0.5851334362282449,-0.3806528107605469,-0.2996805109614773,-0.8865051214980355,-0.12703472332312138,-0.5157536952163551,-0.9886199626339305,-0.31507965619135664,-0.6252607804057463,-0.8351839397994336,-0.46866418908674606,-0.676820634566755,-0.6643109624188855,-0.5542923915149769,-0.14064905487968166,-0.9752876462587886,-0.17038735403909658,-0.2516261379599414,-1.4156323973465184,-0.307210417959231,-0.3254558164451992,-1.7119150443307423,-0.4085817390806241,-0.3981485821219794,-1.9787681882895938,-0.47722870941695694,0.039365771050568134,-0.9119159810640574,-0.23027463442573906,0.06081922331460658,-1.3441273820428228,-0.35658803252166477,0.065238460180777,-1.6134367396345075,-0.4332363486088639,0.042671203092172996,-1.8709973379771445,-0.47964526809882685,0.20989212867243395,-0.7370400406418134,-0.2933984458608841,0.3294703334788512,-0.9947132078775082,-0.37601008667854047,0.356573357695354,-1.1849295484768596,-0.39298834774393554,0.34578688091921905,-1.3892952377396754,-0.40076236870306603,F
0.0,0.0,0.0,-0.2366863199865728,-0.1421977779411459,-0.08746614282379771,-0.44749321269680775,-0.33316160601360356,-0.19271029488467586,-0.6144297931342648,-0.460750304512206,-0.3023845938562981,-0.6647632006184586,-0.5861762902765482,-0.40776596064069565,-0.2891420375122917,-0.8955684245129324,-0.13022525583140246,-0.5053505365066285,-1.003097686928366,-0.32464061331954797,-0.6093834634209909,-0.8508456488140982,-0.47753143553605226,-0.649541736560409,-0.671724150498206,-0.5604259073459764,-0.12721505706744027,-0.9760151943468653,-0.17666541727055307,-0.23713475648527768,-1.4265576416722456,-0.32247808840772296,-0.31049102069746964,-1.7327547910703143,-0.4236654219516271,-0.3743596641544863,-2.00390460795996,-0.48819219522170954,0.05368749879431337,-0.908280914742785,-0.2411791890542853,0.06707948885652978,-1.3410284802174735,-0.3756552945146605,0.0717284697734829,-1.617400094713222,-0.44875566109342363,0.054043109271692896,-1.879272818928432,-0.48891084559724013,0.22571381679674327,-0.7266384219628408,-0.31000002144620387,0.33818957086654333,-0.9965981959028333,-0.3934573136178913,0.37050170785810793,-1.186341929436,-0.40486690048367374,0.366621379822777,-1.3870681833555423,-0.40678202150997445,F
0.0,0.0,0.0,-0.23829228519997533,-0.12225727975084648,-0.06987246439745094,-0.442047705479841,-0.2999457054779707,-0.1634019316279532,-0.6035899608370942,-0.40397305267507405,-0.2621120480586773,-0.7002478552394423,-0.5134376368237057,-0.35996083132174067,-0.3151979572303873,-0.8790510340038353,-0.1315160290434956,-0.5326529619122299,-0.9885886607580934,-0.31421811287363305,-0.6458082455685122,-0.8310681858779186,-0.4652014025454735,-0.701898481598362,-0.6563762135844081,-0.5497809853342791,-0.15398746548373593,-0.9712833656746384,-0.18137387914923672,-0.27116350565533553,-1.425814871625424,-0.3183754189563025,-0.3496791868948096,-1.7262322821546825,-0.4218789030499113,-0.42281087719433336,-1.9985450142265777,-0.4912189056130942,0.028241206692178677,-0.9022734627841953,-0.2442168656706725,0.05366959042657047,-1.3525070599029883,-0.37479714127377706,0.0537235190793226,-1.6280797449016913,-0.4577029732338911,0.026250283707981263,-1.8877624206310957,-0.5065340030185993,0.2057111872435981,-0.7228572722454806,-0.3078504360018369,0.33654517070555595,-0.9955522833748592,-0.3940912260877605,0.365212004169772,-1.189635702179806,-0.4123142468996161,0.3529637149038841,-1.3962281791791384,-0.4202501212085621,F
0.0,0.0,0.0,-0.24126345566352222,-0.11229581623551246,-0.0856119763115811,-0.45325403722509794,-0.288049116660114,-0.19495698972465292,-0.6271522084090972,-0.38292844763298056,-0.30507786182171925,-0.7486181976316216,-0.47604401245201344,-0.41340251446772136,-0.31041684626980176,-0.8838722523851253,-0.17279843175727136,-0.5396150831814094,-0.9833772364730361,-0.3686089832477309,-0.6658460630451309,-0.8094716574711908,-0.5290145638256719,-0.7424090352636656,-0.6200241238749938,-0.6178182054342738,-0.1411213992408468,-0.9659434663020826,-0.2168823888300361,-0.25682481168556587,-1.4104936703112423,-0.3609134510477854,-0.33749735904253303,-1.707198998501141,-0.46720615689626344,-0.4207753417619433,-1.975357771491242,-0.5397117173603654,0.04463421904214546,-0.8823233129488287,-0.2734217868927126,0.07401644664562969,-1.337760539919142,-0.40490658518716616,0.0787041843292888,-1.6110956138175139,-0.4895807651939511,0.05661442426544523,-1.8677186506550814,-0.5420282037326566,0.2190728081756794,-0.6868422880935976,-0.3316610145861464,0.35829110373653966,-0.9550211680178523,-0.42169481694581645,0.3867011434360308,-1.1464695179389581,-0.44268098852720633,0.3760416463087216,-1.3508977757393565,-0.4528378563948267,F
0.0,0.0,0.0,-0.2508015375769621,-0.12866861477317,-0.07840806639233294,-0.47640338913722025,-0.3307207185934667,-0.18954769077845116,-0.6728960053689517,-0.42994377706574954,-0.301535112907903,-0.819812580778833,-0.5123202122861564,-0.41367324705317526,-0.3134398627441599,-0.8909688533434122,-0.19651151861767643,-0.5446885579897003,-1.0050559156558312,-0.39243829938231356,-0.684146378674894,-0.8442417132257457,-0.5473211138412479,-0.7776126703735257,-0.681760829267047,-0.6341518910308158,-0.1411736400182104,-0.958416495618618,-0.24800771014252038,-0.26833681805795717,-1.4278921823024426,-0.39836991484329987,-0.34698205599733867,-1.7384551175947223,-0.5024675345083262,-0.4285027654536551,-2.023219795615918,-0.5732232884690512,0.039877694167580094,-0.8625584667886217,-0.3082654451802785,0.061519075178011084,-1.3415501442748197,-0.44927040148568764,0.0665886406574884,-1.6269494279402912,-0.5340632337355948,0.04466153241404551,-1.9035694238857028,-0.5855420450370294,0.20886624334796003,-0.659054431844141,-0.36783791258746196,0.34532338211092434,-0.937914019719135,-0.4675593557907021,0.37501935922240026,-1.1418191647410414,-0.49053273528419944,0.364927182165431,-1.3649106204718944,-0.5013644817954057,F
0.0,0.0,0.0,-0.2583670929929719,-0.1209448637218476,-0.08603755390078362,-0.4897414271917556,-0.3160879019232699,-0.19943684815579793,-0.6898609299661065,-0.42090634237870406,-0.31259097253179546,-0.837514929316432,-0.5068997090571538,-0.42498265272643093,-0.32615302959771536,-0.8939938292876669,-0.1919386066953374,-0.5718221920667113,-0.964317659822676,-0.3839557892919879,-0.7249720799977252,-0.794146703308767,-0.5417360737114403,-0.8239528861903116,-0.6406753022171425,-0.6322617551318206,-0.1656815439142623,-0.9574397060881961,-0.2363447380669499,-0.2985992781605854,-1.395636393518407,-0.37548342089346187,-0.38397169035950357,-1.697596845304277,-0.47475621915839916,-0.47177531592052135,-1.9766187677502938,-0.5449757142584218,0.009318363697283626,-0.8598494259220488,-0.29143750338858165,0.030421251536625636,-1.3238694324009321,-0.4178980513741329,0.03432024237107786,-1.598834918208445,-0.4961377639990713,0.0034590254567746213,-1.861124177469643,-0.5464571946658233,0.1699759885789849,-0.6615799113453071,-0.3483920285567237,0.31244384086033156,-0.9317547039141114,-0.44055383122534264,0.339523047701137,-1.1321364937405394,-0.46335142265940743,0.31938984944002086,-1.3485711340277489,-0.47507239829060144,F
0.0,0.0,0.0,-0.2571311636682869,-0.1038121759594426,-0.08121089553626482,-0.4819349755476173,-0.29039231055532705,-0.1945687302508038,-0.6803169347232927,-0.3980749773715828,-0.3121957367343123,-0.8457114258044895,-0.48092244046172966,-0.43108743260324467,-0.32740010482321674,-0.8880112352721203,-0.17999515537520583,-0.5694621166507963,-0.9744031445122996,-0.3720632353923043,-0.7200580768202434,-0.8129322746680362,-0.534078476626765,-0.8242257294236556,-0.6572304467457439,-0.6267757961767116,-0.16462505615183035,-0.9594138793582478,-0.22896200335812078,-0.30291273308206734,-1.413487130677658,-0.3629000126489678,-0.3872359975941138,-1.7274486894270216,-0.4662859271999192,-0.4790881045322564,-2.0108469014540087,-0.5410095544973902,0.013951120460480334,-0.8665985453848327,-0.2879797503880214,0.03210412774586163,-1.3373986928512902,-0.41368479637882344,0.027168353655991153,-1.6177581529217633,-0.4975542548203829,-0.019508405327871865,-1.8836520069803762,-0.55178207352059,0.18021366257227392,-0.6708524646358395,-0.3487052903512188,0.3262266496651665,-0.9456034206235533,-0.4385815396099636,0.34353262873222884,-1.1452196099964091,-0.4605174108482548,0.3027640444643209,-1.3601522559289492,-0.4724834522594065,F
0.0,0.0,0.0,-0.24466893337807377,-0.11087012640410346,-0.07850079455103652,-0.4643938337578636,-0.3003350970859968,-0.1873530393413342,-0.6607906494867531,-0.3954673765510247,-0.2967314339199597,-0.8222466289000893,-0.48148317985785755,-0.4064096619028008,-0.3124627055738572,-0.8897034039025008,-0.1874086692310387,-0.5584215113112837,-0.9348009611849563,-0.3878751575550153,-0.704732899261376,-0.7712703427999247,-0.5520082949382659,-0.8014994590970382,-0.6129588904386302,-0.6445558566357278,-0.14966731833408706,-0.9593740632447025,-0.23916751576255654,-0.2878213459807312,-1.42847337633224,-0.3933654522524128,-0.3810236924448286,-1.7476674448264808,-0.5016951307748851,-0.4796101931419181,-2.028277284894883,-0.5741671767977524,0.026788936614775792,-0.8671417538406929,-0.3002607140610485,0.06055886370058122,-1.335501545309442,-0.44198724349402513,0.059323207324884386,-1.615216626625998,-0.5257563988450455,0.02036258735783735,-1.8802243547359883,-0.5747882715961269,0.1895698922617742,-0.6669326573617841,-0.36140322842740724,0.3418536193610678,-0.9477527306329957,-0.45955765893820316,0.3649480682262854,-1.1526193311466886,-0.48049185438271463,0.3346729268495215,-1.3701155255508686,-0.48917167734880346,F
0.0,0.0,0.0,-0.25681203777481415,-0.10276758751162789,-0.08833695527941374,-0.4795211591721584,-0.27786779622235785,-0.21257880048722724,-0.6721521447905149,-0.3679265452613545,-0.3380894605849126,-0.8293997989491365,-0.4457861012034352,-0.4651360476949211,-0.3304483113646566,-0.8867313590429461,-0.22513686722848986,-0.568280982052647,-0.9649485332239368,-0.42867533221256693,-0.7092597633096639,-0.775720040960144,-0.5902582213494293,-0.8052133055003858,-0.5954134935928592,-0.6791179843489965,-0.1610672375076851,-0.948223578911916,-0.2737323316620092,-0.30070101184192916,-1.433301211778505,-0.4273118142135509,-0.38539627500264717,-1.7482620539706288,-0.5354026161663114,-0.4711502141833985,-2.028012466032183,-0.6093489995148121,0.022395645285398315,-0.846264964817382,-0.32938125461795154,0.048157155625560076,-1.3370447968722303,-0.47253004109599783,0.04456403757096062,-1.6237990912493538,-0.561682042788595,0.0059140919333405045,-1.8947468957782652,-0.6156811660743674,0.19379639571630228,-0.6399412967167056,-0.3848495961173517,0.34547733601065683,-0.9349156905038418,-0.4810053078149685,0.3700021489167024,-1.1399943902639955,-0.5009193857888993,0.3424931142086509,-1.3568733103501223,-0.5102382357297481,F
0.0,0.0,0.0,-0.25358275679242204,-0.14541655804283105,-0.07511912411493675,-0.4836718444969904,-0.3366221792708079,-0.1906627129995513,-0.6881316920149888,-0.38517936907757605,-0.31009730158505977,-0.8538445300025319,-0.38736586288505465,-0.43967819016223664,-0.3412286952454795,-0.8872490312832363,-0.1978107395960117,-0.575158866958637,-0.9489820741485716,-0.385431332506236,-0.7141348958440316,-0.7800957170376193,-0.5425836354796599,-0.804955944755147,-0.6175003036271144,-0.6346534842564369,-0.16280666308513567,-0.953607686139029,-0.2532318530352181,-0.3128070605838926,-1.3966416177091039,-0.38842291732299816,-0.41279419707221116,-1.6924552134119102,-0.49602312309429086,-0.5075362945580191,-1.9650591932616774,-0.5770801901631171,0.02494377278659082,-0.8615286871880213,-0.31699717943471983,0.04326878693507718,-1.3545424617409094,-0.4486747011409248,0.03316062924577273,-1.6417708070133321,-0.5476700880385741,-0.0020973790671447202,-1.9194511443928348,-0.6160597831983389,0.20030805541922708,-0.6597375078760941,-0.37964422027436723,0.3351490012196628,-0.9491408097797914,-0.4762143385734032,0.3573023686995478,-1.1473455186269408,-0.5061877731636284,0.3303081612179524,-1.3668056843783782,-0.5292537213354039,F
0.0,0.0,0.0,-0.24716957031464287,-0.14376081258397216,-0.08544128101050488,-0.4716361152060666,-0.33395113149962896,-0.20457286983030173,-0.6385786204635912,-0.3967766137560745,-0.32420943611966024,-0.7649621892596193,-0.4167698957621531,-0.4519061707118223,-0.29979132713474815,-0.8872125880440839,-0.2157953350681721,-0.5438008822967676,-0.9050113024024484,-0.424960551132313,-0.6671436971025434,-0.7066382074073666,-0.5973703085365989,-0.7372692605767825,-0.5157311045668465,-0.6970675696512325,-0.11597742390382669,-0.9536580927937274,-0.277642718603717,-0.2516812119741394,-1.4213569670406971,-0.4427347236528426,-0.33929800694593576,-1.7413614385965075,-0.5759167364730683,-0.4181012397584189,-2.035276111107885,-0.6675786246541159,0.07986076291554979,-0.8543528926091335,-0.3466237400043839,0.09650499677014455,-1.3338858004950616,-0.5018609295058921,0.09373318887054556,-1.6305593000992495,-0.6143128981222276,0.0683958709696452,-1.9138982659297483,-0.6845792222200816,0.2630365783627644,-0.6333270728171388,-0.4140463800556742,0.3856999290631944,-0.9132561429643318,-0.5179919144295682,0.41860911382402666,-1.1061330832350367,-0.5440346580493918,0.4140520393407697,-1.315533779247329,-0.558991995496774,F
0.0,0.0,0.0,-0.2443676238272039,-0.16594694740797897,-0.06703205694894228,-0.4613666204984784,-0.37041161242414855,-0.17277019212164185,-0.6295451926624988,-0.4455158792270387,-0.28412025773368316,-0.755601356614501,-0.47996584998582403,-0.40117679688991364,-0.29434431431154107,-0.9027762630439943,-0.18520066505245503,-0.5567978389467266,-0.9475301189620099,-0.3882663056765372,-0.6805143709607249,-0.7648954728107284,-0.555113664775782,-0.7357248931062742,-0.5801631308090393,-0.652064249709202,-0.11813864838406152,-0.9603460547969954,-0.25254448082235625,-0.23443135584003527,-1.4222424996171739,-0.4051926266507165,-0.2982969844179826,-1.7449534274459786,-0.5244209693124332,-0.34997547533666107,-2.0426310397695793,-0.6086162988094612,0.07335729972881906,-0.8571053279627691,-0.32887362270996257,0.11482970108211696,-1.3188344598392527,-0.4732846253530333,0.13081201473885645,-1.5928718529282724,-0.5669715278125858,0.12326172358958852,-1.863233074296675,-0.6247061287064272,0.2504003158815503,-0.6338128509868821,-0.4043713302202383,0.3905492569360303,-0.8910761395870294,-0.49348005370726505,0.43362448486965294,-1.0749550284745197,-0.5060962253497934,0.4394199538770706,-1.2875053075091027,-0.5128518291106848,F
0.0,0.0,0.0,-0.23964318534099563,-0.16206942231274296,-0.07983364656022057,-0.46552253406686533,-0.37384029693491216,-0.1962599076187278,-0.6382867469250516,-0.4367781920340916,-0.3159533566858846,-0.7778570523694059,-0.46470958346524505,-0.44255148244333203,-0.28166256956224284,-0.9011707090098481,-0.20814624535547216,-0.5183840167429579,-0.9760306979852115,-0.41503153893960953,-0.6639651938594667,-0.7754292289641795,-0.5852224913723909,-0.7416039456712792,-0.5845855303910837,-0.6852556394899924,-0.09903069613119207,-0.9570460957574515,-0.27249897581310367,-0.20437160621032902,-1.415397412962059,-0.43375288736002554,-0.2718689568154949,-1.7361052436870053,-0.5592277656913183,-0.32080866180731765,-2.0426199179539153,-0.6476623360666532,0.08921226948526675,-0.8493655894701633,-0.34569894447385763,0.14119423729051728,-1.308947754848251,-0.4949365284084339,0.14745836828284706,-1.5955266274189357,-0.5921093823065748,0.13960536000033505,-1.8896516824394474,-0.652931941734811,0.2638355554246776,-0.6168136650940761,-0.41805164648591464,0.4020005276584791,-0.8787964493801773,-0.5076210096432715,0.4501064068636594,-1.0711762464737764,-0.517133939772539,0.46830641723171607,-1.29200183106719,-0.5223401813767259,F
0.0,0.0,0.0,-0.2538113927632714,-0.15869418171928457,-0.07447014116194423,-0.5013607102395709,-0.3506903553282237,-0.19502938118599533,-0.705700455901502,-0.40097561572083307,-0.3172584549310223,-0.8550211176618413,-0.4196891253988153,-0.44657555123184683,-0.30947926660814934,-0.9048535178262914,-0.23588682434486813,-0.5743548305835741,-0.9327668365817663,-0.4464606697622815,-0.7135239092275777,-0.7200829089281956,-0.624589867285768,-0.8042991561928358,-0.5300322971915264,-0.7289261773946646,-0.13784362422064028,-0.9454857049344549,-0.29505239708620523,-0.2539568251291388,-1.40335163433104,-0.4521465702942026,-0.32695094547314196,-1.7166998058500549,-0.578956271214896,-0.40352472191145256,-2.008652048498423,-0.6716495589970776,0.054182847797854546,-0.8229043995540057,-0.3578667062956367,0.10148310888103637,-1.314560327223489,-0.4910284182823333,0.11771901661495057,-1.6016438174456533,-0.5885681386623461,0.09079706182013818,-1.8781277120688518,-0.6556406873454341,0.230254177344318,-0.594092426504539,-0.4194691296201895,0.3869058422807543,-0.8592738024270793,-0.5053108360601437,0.42486692160248735,-1.039652757854775,-0.5199101247045576,0.41118537178351566,-1.240786527806919,-0.529577892717638,F
0.0,0.0,0.0,-0.27146320398242657,-0.15299218588012223,-0.0846880504315117,-0.5238630212730316,-0.3666757765882826,-0.20378102493067518,-0.7352935725327286,-0.441127551786384,-0.32515789210239504,-0.9026244446574557,-0.46387904278225356,-0.45443938493474917,-0.33734748937009557,-0.9039081244018017,-0.2081058000478356,-0.6036557621940737,-0.9552161272939844,-0.41893880292396807,-0.7570356919558429,-0.772895241702184,-0.6018486260977061,-0.8601029656194867,-0.6049646040413776,-0.708326344384192,-0.16245231160532478,-0.9511951407426076,-0.2623681586659045,-0.31030111614474976,-1.411998219561626,-0.4033614245063919,-0.40449689229501046,-1.7327362460185356,-0.5221953079766604,-0.49870999317189785,-2.0335578492440005,-0.6121492588727393,0.030250622664317342,-0.8383422839892725,-0.3263771970812841,0.057815087714502,-1.3373426725789144,-0.45642208646147375,0.061667776921504346,-1.6276943660129304,-0.5533753300381433,0.023233283393490373,-1.9103526433441838,-0.6205311781738568,0.20550301979239263,-0.6211186741403739,-0.3912981297013001,0.3507984896218236,-0.9056042976372614,-0.48225433665741263,0.37999230396190753,-1.1069073087031338,-0.5025046218082276,0.3512283078395641,-1.3286270976051722,-0.516950968854013,F
0.0,0.0,0.0,-0.2669101348166977,-0.16074692050886952,-0.07661163572153282,-0.5059707607396423,-0.37581211280191434,-0.19350097262765587,-0.7089404232292591,-0.4384972507996884,-0.3149400467018124,-0.8802779334532702,-0.4417262970085359,-0.44273236101838537,-0.3306391525089357,-0.9022724623811065,-0.21115492335957903,-0.5980407874461606,-0.9496748282579461,-0.4139480481175273,-0.7454741832203864,-0.7570416852312415,-0.5864746355323844,-0.8483012034813661,-0.5858527208735499,-0.6871526618208815,-0.17359451449341806,-0.9478861899167709,-0.26716421074474345,-0.3136683960764634,-1.402952392756428,-0.4170121617405125,-0.4113900653745103,-1.7139956668018674,-0.5353352858737495,-0.5117555264026267,-1.9992617685476182,-0.6207054779996586,0.008378636241257939,-0.8344973962152634,-0.32982636674885535,0.04404750213094564,-1.3161143462759344,-0.46391937472962047,0.03938373013674417,-1.6027689054224479,-0.5563884155203611,-0.01813964193793753,-1.8812883461413419,-0.6174466008586403,0.17529061606541074,-0.6229266845479321,-0.3927815304889401,0.34022441951677285,-0.8770858207794913,-0.47948269966501755,0.36493823069690645,-1.068174249141682,-0.4963174412519972,0.31994344427090676,-1.2805631806628388,-0.5083930330344336,F
0.0,0.0,0.0,-0.26529127797099433,-0.14179360685905307,-0.07126632198211583,-0.49544053997893156,-0.3442144866523676,-0.1839941225072592,-0.7069781516026927,-0.4113703022343426,-0.29928696033251223,-0.8871941878648973,-0.41838478547217245,-0.4223051634236728,-0.3410108006738704,-0.9064934504732242,-0.21733378995770303,-0.6054400477101978,-0.9294269952516352,-0.41825071454619406,-0.7624449786498526,-0.7306253037015332,-0.5920753899439712,-0.8754456621740887,-0.5604802708686575,-0.6909062827512145,-0.17241331462108014,-0.9473845754713752,-0.26969633868537163,-0.30049031543556637,-1.4080751223101649,-0.4041986616997464,-0.40061210585660945,-1.7176771382672207,-0.516035173704542,-0.5079500511495169,-1.9955370452890473,-0.5988808642222041,0.015931220537227744,-0.829767665978908,-0.3260441164852563,0.06349260338538691,-1.3175023370141412,-0.44729737832180566,0.06122683725166112,-1.602799776501949,-0.5410176666463045,0.012486451004531397,-1.8727672368729145,-0.6053666931532498,0.18212961076892642,-0.6209607972916673,-0.3815995941480526,0.35211867302412897,-0.8816102734738981,-0.47008485791205296,0.3803464126527538,-1.0734054480253523,-0.4917272954387908,0.34542912848978496,-1.282852550777397,-0.5057907997540629,F
0.0,0.0,0.0,-0.26107964898010905,-0.1077559922978492,-0.07918826823468729,-0.49898217761135427,-0.2657685039960861,-0.20084912020256973,-0.7137311583700022,-0.3090376451683958,-0.3267837176886654,-0.8933219975531264,-0.3242658783888336,-0.4610124020913215,-0.3880447281219447,-0.866829015542761,-0.21900730625019052,-0.6341566817771942,-0.8994210656229472,-0.4139485316393181,-0.7872086346540653,-0.6967775853077356,-0.5794187596693866,-0.8930837914771691,-0.5138857723428573,-0.6739922581673559,-0.21961979874931456,-0.9375882131162916,-0.2696210055294468,-0.38209412529738185,-1.3883820459554908,-0.40262593723328893,-0.49031784515062615,-1.6957381878168694,-0.5123212567973214,-0.5966752038566572,-1.9736427951203168,-0.5938573149348934,-0.029047080491462037,-0.8437221990704817,-0.3246906782334937,-0.02794124186800793,-1.3203192088250868,-0.4437471140468452,-0.047246686378136796,-1.5977308618880117,-0.5314935891881816,-0.10204690396696516,-1.8596938583997955,-0.5922558339815178,0.14794995919790585,-0.6446927515639332,-0.38014761674006514,0.2790067239569647,-0.9169060532817505,-0.4637206004666084,0.29412371163151274,-1.1170913792297925,-0.48056840754983676,0.2601078012743809,-1.330684895099162,-0.4915770641304996,F
0.0,0.0,0.0,-0.218490607174689,-0.10040476073029819,-0.07545376192227796,-0.43329872759381444,-0.2357582573507165,-0.19036711211794702,-0.6144394637814078,-0.29671313336807936,-0.32217408369235273,-0.7567321848615703,-0.34168693478274365,-0.4546486202643393,-0.34806682722844495,-0.8704556893605468,-0.09989407441777143,-0.5874508545461096,-0.909954081853219,-0.28141864007305684,-0.7071299949864733,-0.701944886469368,-0.4437639409123425,-0.7628960311190589,-0.4970271292018252,-0.5374981822973812,-0.21626559263183506,-0.9643033176807205,-0.15280152143730996,-0.37426662533786803,-1.3839183737475285,-0.2646983348924257,-0.4929304606346621,-1.671079952148649,-0.35945378164616554,-0.606773742035912,-1.9021952687050117,-0.4349336126742985,-0.05097533317841792,-0.9183504053889057,-0.22429161090313252,-0.08068522885695503,-1.3677037155285583,-0.3238841694964613,-0.12460827713516508,-1.6398122104670236,-0.39046984257830997,-0.19759606762141171,-1.8761715911497103,-0.43898424549280746,0.11881756764488327,-0.7728080362031394,-0.3033126964204413,0.1987468214114774,-1.064203224364988,-0.348760917913561,0.19733114051669493,-1.2489443572193595,-0.34960996730629207,0.15095546426763481,-1.435909012069516,-0.35825116184545813,F
0.0,0.0,0.0,-0.22574589262453232,-0.08700285798706868,-0.08391084755186726,-0.45827804076548695,-0.22381378435787752,-0.2035230068268879,-0.6583516796107601,-0.2962409358272379,-0.3379879167826072,-0.8101836297243301,-0.3435802413139617,-0.4729480052803334,-0.36247685139152314,-0.858468523701698,-0.11078954386117977,-0.6121023590936125,-0.8774867906552102,-0.3091236149219174,-0.7252887329336393,-0.6637155729606945,-0.4962987350918808,-0.7738408172460389,-0.4717247259951677,-0.6061556520620444,-0.23261742165213495,-0.9597613271956752,-0.1573128410636239,-0.39938436401051974,-1.3689237204882063,-0.2713964580508728,-0.5068161023227147,-1.6488463382225929,-0.3775877983946041,-0.6080668375511762,-1.8748711699770306,-0.46030777059555417,-0.06239254366704197,-0.9213067635871759,-0.2226416122785555,-0.098875583697052,-1.3707318979186123,-0.3206641529316805,-0.13377670534632113,-1.626600563619251,-0.3898435442923057,-0.19349620868289696,-1.8354842826462932,-0.4370379084971094,0.12475021994284577,-0.7892374234313765,-0.2970956203603266,0.20471213886010023,-1.074326099969759,-0.3425244675774008,0.20063341207199922,-1.2579578688793154,-0.34440960435164714,0.15819221706747366,-1.4391038201896191,-0.34913726255983046,F
0.0,0.0,0.0,-0.23025812839180296,-0.0648502611654352,-0.08695172969062998,-0.4541962561581509,-0.19534883359844304,-0.19542080553057933,-0.6475922271270169,-0.2721442325833537,-0.31475952912872873,-0.7888867964598475,-0.33830957493497954,-0.43244472749376134,-0.39447568980329084,-0.8285922589348975,-0.10928010629242393,-0.6174529374374916,-0.853541844544361,-0.28904718088009207,-0.7159936465873827,-0.6436027084366894,-0.45338105598998296,-0.7593891302705964,-0.44975849749757196,-0.5484041333651674,-0.2640579835200182,-0.9525886074729114,-0.1511566282111412,-0.42637208017620165,-1.3421252416693012,-0.25913800295488665,-0.5367624245886412,-1.6096158285859958,-0.3541455291474297,-0.6410921986931017,-1.8219937560420147,-0.4255632376974077,-0.09856851832355566,-0.9323105971289172,-0.2114755491875144,-0.12859327812680446,-1.3377504195596475,-0.30512127203778394,-0.1703531433063252,-1.5855016159170092,-0.3747282054548774,-0.24455533684701397,-1.7917307887117182,-0.422682106680458,0.07942702499801119,-0.8167868988041046,-0.2801935724309496,0.16180438377572617,-1.0790779020658827,-0.3235500409412424,0.15617302610864922,-1.2416075198179666,-0.3286977339587863,0.10464665232016483,-1.3945579749731432,-0.33625846739577453,F
0.0,0.0,0.0,-0.23261980109674313,-0.06806926702387904,-0.09169472219670735,-0.45999010366781823,-0.20391744472196263,-0.20115253976908595,-0.641028369763224,-0.2994861632433992,-0.3181961085938672,-0.7553820620352482,-0.38741941149619036,-0.43232795328536755,-0.37102455743643276,-0.8447775520788224,-0.11660265310064055,-0.6089082847035482,-0.8693792111375167,-0.3003688148469188,-0.7129972488051228,-0.6883061383492618,-0.47160442063672586,-0.7633490074409754,-0.5023269449793017,-0.5719501774061535,-0.23553382463589878,-0.9594744419492507,-0.15470168938495701,-0.38488808123281687,-1.3492188683895427,-0.26658578593270577,-0.4808694303927971,-1.627824983525728,-0.3713435840823,-0.5777061585381849,-1.8558701391778478,-0.4504969567798599,-0.06504739684055856,-0.9246587318221309,-0.21012630934322646,-0.08842775577503184,-1.3432692684045975,-0.3081970519747309,-0.12055090670920734,-1.581858868188872,-0.3854136260867096,-0.19209543265124024,-1.7838678962075702,-0.43892810478730865,0.10898426394975147,-0.7870370358987684,-0.27344092351160093,0.20716077925149448,-1.0426869648547874,-0.3264010199644364,0.20487255480138883,-1.215010031820988,-0.33814322912538797,0.15176367326254006,-1.3870661873601584,-0.34887232456656303,F
0.0,0.0,0.0,-0.24625498927054482,-0.05788810198194041,-0.09640678280767062,-0.4629609254544162,-0.19794056704512486,-0.20002314960968018,-0.6623113240254772,-0.29406413906445594,-0.3082745480067168,-0.8106531274133061,-0.38936632137721183,-0.4122971188370753,-0.3795519656045174,-0.841628204296117,-0.12501356192056645,-0.5958475749412422,-0.9085931777443106,-0.29887201410611663,-0.71157557010066,-0.7462516847428915,-0.4493210206569605,-0.7875879745238317,-0.584296598189458,-0.5328193599983397,-0.2296906648607527,-0.9604242666525409,-0.15756721264512585,-0.36227297326902236,-1.3674776991755488,-0.2640087223404502,-0.46025092823254354,-1.64739531417618,-0.34512799398219596,-0.5645872932992038,-1.8804690594905822,-0.40088662842959455,-0.05097768266739337,-0.9220511623184391,-0.20754071005562463,-0.0663297948489334,-1.352063761962331,-0.3096713613154173,-0.09977640097428866,-1.6229736906512053,-0.37051917568624104,-0.17699328949675275,-1.8504386543715607,-0.4054994474039584,0.12854086496848077,-0.7850299638381668,-0.26525380211716487,0.245761493035546,-1.0399562818076504,-0.33287773656147684,0.23925772050673624,-1.2212990358841576,-0.34230218982784666,0.17113499973914947,-1.388304638715834,-0.34310704225846345,F
0.0,0.0,0.0,-0.24602336132211886,-0.08928634858922434,-0.08700328272929625,-0.4561079912802442,-0.24883142899553184,-0.1847421162940007,-0.6462365990488452,-0.3556311776982843,-0.2887853348068586,-0.7825928011566335,-0.4561607798347911,-0.3891301991453014,-0.34549488951128177,-0.8569382173810872,-0.11711129792222927,-0.5539754914109442,-0.9625457950365227,-0.2974517806067715,-0.6805627994999521,-0.8350887157970946,-0.45196691333593403,-0.7589194372987664,-0.6950796520003428,-0.5371756560863131,-0.19770411963167864,-0.9686848559304037,-0.15020895769479298,-0.3135303568763458,-1.373280783684124,-0.26099703226494225,-0.4021660599593598,-1.6563340760212726,-0.3411678780550042,-0.4994911488349506,-1.8894044014857518,-0.3953331643044601,-0.02661393434604882,-0.9261177952575679,-0.20178561191494637,-0.02876657365763818,-1.341106691116205,-0.30088894879328487,-0.05406327413922202,-1.5931199590941898,-0.35744637142059643,-0.11996039592256974,-1.8054794568962447,-0.38963084898519434,0.13956230965390878,-0.785785622992717,-0.26147080068486045,0.2636823728176521,-1.0204109079599226,-0.3273768681796331,0.26044951670865724,-1.19869202808876,-0.34138775655611603,0.2021496953528477,-1.368042316787949,-0.3455208302343656,F
0.0,0.0,0.0,-0.24271345106419084,-0.10271204802183911,-0.06830219778787225,-0.4641049602139219,-0.27604243812101315,-0.16521886757753088,-0.6616262867744597,-0.369913938727018,-0.27099419434232225,-0.8145059313632128,-0.4612465341636298,-0.3777990027656167,-0.31484044603287104,-0.8798590484285111,-0.11662282847450402,-0.5655935286113262,-0.9498859069788014,-0.28457420608145356,-0.7110045927860768,-0.8068825224738463,-0.43666068499948546,-0.7922088694946973,-0.6543681955846437,-0.5261767760455286,-0.18012558113738988,-0.9693625893848277,-0.1670058242129889,-0.3111698310179563,-1.3853784240321712,-0.27720906482803975,-0.40279270782817433,-1.6753180829145806,-0.36943205610420216,-0.4985413495740586,-1.9183022636336458,-0.43795158282522356,-0.02442943220157173,-0.9077880621414954,-0.2313612091450223,0.001254480547829679,-1.3414596272286388,-0.33378328404107305,-0.016348055125690562,-1.5954977508372854,-0.4074632755514659,-0.08210453647834214,-1.8287680740371548,-0.4581242447685444,0.11826394306943501,-0.7395407666294134,-0.29982870803793155,0.2558393477145306,-0.9930025548894923,-0.370956781917478,0.2713239566670309,-1.1729639720461777,-0.38845706738627833,0.22365757096492744,-1.362357420145742,-0.39964153120901647,F
0.0,0.0,0.0,-0.23628227264666357,-0.12364567163230973,-0.08047526338972202,-0.43888092696882525,-0.29054543666462973,-0.20274402257127416,-0.6428490995032786,-0.37588549488156886,-0.3352818109952059,-0.8201895077700839,-0.4632549144645262,-0.47123173170662236,-0.29079236234481337,-0.9126923008880481,-0.15962649436564516,-0.537509092196396,-0.9250214014817663,-0.3459277101273803,-0.6841202267590171,-0.7401477838765832,-0.5162267198855889,-0.7867440515838802,-0.5992533998038911,-0.6142994312083625,-0.16276285775993304,-0.9650879713136445,-0.2052156420927361,-0.28687145060477903,-1.3794907792890712,-0.32879316000347114,-0.36784296910890846,-1.6640694467688053,-0.4341657298826536,-0.465109864163609,-1.8941017675437655,-0.5111089403001136,-0.007304154410274263,-0.8763126046776167,-0.2616388903098449,0.025230065253999328,-1.3216101626481231,-0.3657012462393476,0.017407143530938512,-1.5703253237178931,-0.44022915577952104,-0.057344322244390726,-1.777326712749633,-0.49061037145201214,0.14089163472621818,-0.7058500302834827,-0.32352270577161923,0.28123340015766424,-0.9653292264667258,-0.384855900164195,0.2878167102893232,-1.1462647489164128,-0.3954267077708021,0.22459033309826257,-1.3222665691187574,-0.4039590897597349,F
0.0,0.0,0.0,-0.27305820515988843,-0.06961768425326986,-0.12396855816155095,-0.5040737175651206,-0.2121493188705512,-0.2649373908774129,-0.7252688559346506,-0.27664070582782246,-0.3970606168796374,-0.9079213530651269,-0.30210304404684657,-0.5449851804266495,-0.3234975365878197,-0.8998096739621525,-0.26823947411584803,-0.390681908358231,-1.2881179817236208,-0.3784014227792734,-0.4477320468197603,-1.481885814576162,-0.47039626915808713,-0.5181444729022059,-1.6470093669235624,-0.5443694148823998,-0.13074799326613679,-0.9454669545548512,-0.2983239851263278,-0.22235112648469468,-1.4734118266981222,-0.4222414220556323,-0.32541532937079054,-1.8075756911243042,-0.5406738653767327,-0.4408182179015622,-2.0989828701364637,-0.6313574142996334,0.05679152862032423,-0.8643858631580752,-0.32660191939791294,0.08814643125727414,-1.3964939924984614,-0.4551886505092131,0.05874332105374105,-1.7466937920575085,-0.5800513574075977,-0.01072901469387208,-2.0471963025596085,-0.6729743676813609,0.22639708488777102,-0.6931997481405191,-0.3546894290647734,0.3740582042682803,-1.0035868070185383,-0.47855910711009203,0.3840037395171869,-1.2430833197297149,-0.5500559626684042,0.3337254814332436,-1.4617737463504497,-0.6011742777406333,F
0.0,0.0,0.0,-0.24729127665230657,-0.04833669136562405,-0.12700051000004112,-0.4903072057810307,-0.16281631447297104,-0.28533933652743804,-0.7031489818648603,-0.21214125422977642,-0.43947758057709874,-0.8921488668404659,-0.22646834997007043,-0.6087218664969628,-0.3188151274810981,-0.903185674080568,-0.2950344450815414,-0.3606812750351214,-1.4131924656455142,-0.43470970354182104,-0.4010502422233439,-1.7666482279505529,-0.5424953847097198,-0.4543782941815875,-2.0425850392280154,-0.626597304763523,-0.1342079132013797,-0.9318166287386801,-0.33720321238121603,-0.21074112176961032,-1.4501754632998205,-0.4901964164409793,-0.3110964018033649,-1.7668049625962727,-0.6090902384768014,-0.40708862669928975,-2.018088872098705,-0.6945830646053759,0.060336004242595984,-0.8368727945979919,-0.37964395871455175,0.08951347985286204,-1.338382654744247,-0.5210416466408583,0.07695169918478205,-1.6961969159474142,-0.6247353404566481,0.03603621104440552,-2.0056243671482443,-0.7029568636461432,0.25729313404429044,-0.6470493692964019,-0.42646248253525154,0.41180752415777994,-0.9491690676405435,-0.5609060102821775,0.42226204396407396,-1.1742764688118779,-0.6197889727310776,0.37084100613275045,-1.3854855163987971,-0.6594374275635582,F
0.0,0.0,0.0,-0.2389170388074523,-0.13970087066861045,-0.086153141918263,-0.4503886790144135,-0.29053118455472826,-0.2210316967199171,-0.6531822550569863,-0.35216109217423036,-0.3656895112707736,-0.8233800926726539,-0.3869815749186293,-0.5145482387244428,-0.2122402781678371,-0.9482215022220196,-0.20423192417987937,-0.4241289185302067,-0.9739824141482217,-0.3630211951600619,-0.6108606183542539,-0.7556085485782298,-0.4920544745274748,-0.7520464944600196,-0.5855547214813486,-0.5642493720145879,-0.08619121677305279,-0.960845939485056,-0.26333658068384797,-0.1113365200977358,-1.419645026750154,-0.3743794066023619,-0.17586331809918154,-1.732016158048882,-0.4680447208120369,-0.2478286230588693,-1.9899569378996231,-0.5394643859172119,0.06684803421536524,-0.8349180990656812,-0.3280579383508258,0.14545566676680607,-1.2968898786759742,-0.4374268238199113,0.1365421429797825,-1.5914238768155011,-0.5263128798530954,0.0682514821802651,-1.8540439802706055,-0.5876281947972151,0.19804520497061623,-0.6051075678381042,-0.3962923041293631,0.37946568048968593,-0.8842916932802701,-0.46435746967042396,0.41474020851957827,-1.0682861265027928,-0.4713731093780478,0.37428595669883247,-1.2509961992466578,-0.47774239884478875,F
0.0,0.0,0.0,-0.22025932151475136,-0.1658653994166335,-0.07965047430767887,-0.4221153115848221,-0.3168906344759636,-0.200593210944285,-0.6438947695194829,-0.37465182832380145,-0.33997685254935617,-0.8190063908725019,-0.41997338322263983,-0.4857880367888629,-0.16946352745660911,-0.9802538094607262,-0.13648019152511195,-0.41254836090938185,-0.9815576249864331,-0.3362425382986475,-0.6023449123899605,-0.7690847156319077,-0.5146600359785151,-0.7341501737531543,-0.5919550492922181,-0.6109621649702888,-0.04629324137486073,-0.9778669644251781,-0.20404199491500882,-0.014620328367323403,-1.4311756159503728,-0.32550028684920534,-0.060333863946653396,-1.7644876378680079,-0.4260716896679961,-0.13772981279237898,-2.0117843160829993,-0.4957585109593075,0.10065315254626603,-0.8428964068155907,-0.2898651721315969,0.21866631810939913,-1.2665361299368085,-0.40255474889027093,0.21601004573263094,-1.565847105411102,-0.4793275757574835,0.14021432048898988,-1.8139836065091635,-0.5221074789026786,0.2127655173273596,-0.626493050366228,-0.38375119529053914,0.40191396114862804,-0.891518351641787,-0.4445675061326618,0.4332233942522485,-1.0959897629755355,-0.4401015769472789,0.38805954365045714,-1.2881188180109928,-0.4333538755893202,F
0.0,0.0,0.0,-0.2377226444900496,-0.1713392361910962,-0.08555095658007306,-0.4341481903900526,-0.3610942320646647,-0.20709966032527946,-0.5957271795533615,-0.4459250812230141,-0.34420093127713147,-0.7315412560205687,-0.5049326421833373,-0.4894824238937538,-0.21188879589971543,-0.9303408367802414,-0.1459872811730812,-0.434800881303529,-1.0559273688600352,-0.3032595125669007,-0.6041831203497087,-0.8899661102331646,-0.44321734519269623,-0.7117179329374232,-0.7090865374059528,-0.5315001714774066,-0.06624123412843731,-0.9756402262735846,-0.20913691156266578,-0.15455564380866124,-1.479511353467154,-0.32180629933911953,-0.2825687193654337,-1.7897627723280924,-0.4354482210220058,-0.41111548585939783,-2.02339424261292,-0.5329080282223105,0.09385294432009414,-0.8933677299332423,-0.28643089184504167,0.17224958112060418,-1.3964894603985896,-0.4140386879016446,0.13226109114404905,-1.7003424548978432,-0.5314199907209946,0.032826588363570906,-1.9424273236623515,-0.6186508845941424,0.253250919127584,-0.7115079962495979,-0.3667766054962373,0.41017248193886346,-1.033880789851839,-0.4555620526750297,0.42475423252509426,-1.2482872615028942,-0.4955610052624825,0.3446350784014679,-1.453282467979375,-0.5354070766149959,F
0.0,0.0,0.0,-0.2716303040208953,-0.039559858282589684,-0.1150939963627914,-0.5236108264065468,-0.1357359901253238,-0.2808613557935391,-0.7944772086522337,-0.17541890392909873,-0.4505270547161027,-1.0093802591335979,-0.22375288921756964,-0.6292278225606746,-0.3816609158119015,-0.8382917786661466,-0.27312790568849143,-0.6260739069951937,-0.8328328670721344,-0.45278474976308203,-0.8014751767997612,-0.6142398760326128,-0.6092822859889996,-0.9400935795848727,-0.4398663690077887,-0.7055397360636073,-0.22282843940654717,-0.921397574076448,-0.31839283452628037,-0.3402347154580022,-1.373709418147411,-0.4433206397161002,-0.4320656648435574,-1.6940969264455263,-0.5564247644077378,-0.5319014525523194,-1.9445198956144314,-0.6504415785340976,-0.028447293023655534,-0.8722792535968711,-0.367251578776005,-0.02042664149095063,-1.349625037543099,-0.4764201310552812,-0.05766742072241839,-1.6567911692986663,-0.5708454530936753,-0.15569015208399775,-1.8864384563160626,-0.6452658192277348,0.16377060629989548,-0.7293393402500111,-0.42119441363582005,0.27519488895466787,-1.0660226963676391,-0.4952151368389275,0.26423259710478236,-1.2964554686277412,-0.5102960030620025,0.1858071283553864,-1.478415099355789,-0.526784340768042,F
0.0,0.0,0.0,-0.2363261055861539,-0.08621216140844801,-0.07930347991783201,-0.4550766029818862,-0.22602428663656593,-0.18896259089183656,-0.6874792065683392,-0.29507342213680565,-0.30946529871480855,-0.8644883375890853,-0.3604768125145843,-0.43220385427734326,-0.32823559157691423,-0.8519800967513574,-0.14656237908312944,-0.5698327087777527,-0.8844738464996926,-0.32848368348964824,-0.7422924336028257,-0.7191947738565573,-0.4897867921618528,-0.8516156545830672,-0.5718029794197579,-0.5821682497849927,-0.19353649236624193,-0.9626206363816651,-0.18948650752686852,-0.3165864284422875,-1.373855987984846,-0.3103848824202029,-0.40230825549448834,-1.6667050390845062,-0.39920182102375534,-0.48946849591631436,-1.8987473362512877,-0.46139748341529196,-0.021030447156638064,-0.92977220483178,-0.24457472048702036,0.022860764065382486,-1.3516404007039993,-0.34310146630412,0.009029497244494587,-1.6159590726717108,-0.39117855141821933,-0.0674057544290659,-1.8298044067755792,-0.4175708312292112,0.14442977127600143,-0.7936279923387201,-0.3072535210322074,0.2741354503192844,-1.0724360114475457,-0.35959863668469844,0.27056696098102284,-1.2741523528620322,-0.3495632840186209,0.20051796689469747,-1.4433193600667467,-0.336222537662668,F
0.0,0.0,0.0,-0.24233113610430473,-0.11201634672520047,-0.06403868515128551,-0.4714290549337936,-0.255555303318373,-0.16606901150588688,-0.6877019454352874,-0.33721743422521666,-0.28032006008473015,-0.8524373925834727,-0.43795709318790443,-0.39414706260600324,-0.33841578709661696,-0.8592249381441384,-0.11387758423691999,-0.5911895230371231,-0.8707475379021363,-0.30137557253827024,-0.7578701871216771,-0.710146408160282,-0.4792399857227031,-0.8617896161351241,-0.5591932673174408,-0.5844758474949764,-0.21908901974928444,-0.9628724752463333,-0.15772316836247244,-0.3599915220076113,-1.3526002343552206,-0.2708273850515203,-0.4408992991440403,-1.645926122239041,-0.3639694009899888,-0.5229977053931282,-1.8877574765403384,-0.4355649386793624,-0.059352794950942006,-0.9378415675738999,-0.21561446627267014,-0.031885236439994726,-1.3620853221607778,-0.30171898723564566,-0.03216750471400034,-1.6059507556328532,-0.3488325892564666,-0.08568566308678215,-1.8053488716573516,-0.3807138857993255,0.09801184582495086,-0.8144015476168041,-0.2810013112092788,0.21618909942181386,-1.0843352129656187,-0.32285335614522537,0.21065139845749153,-1.2770103821389254,-0.3127483391784607,0.1496583580138204,-1.4516078989334626,-0.30345445341063676,F
0.0,0.0,0.0,-0.23200854770837853,-0.12593259339119714,-0.05429592556330727,-0.4493374709755874,-0.28080384003180703,-0.14908786489277043,-0.6829271266224085,-0.36100773888305043,-0.262526954806644,-0.8558109158985634,-0.4596431487904789,-0.3777139612899076,-0.3122841988728294,-0.8753980576234048,-0.07461798609442938,-0.5582175769803109,-0.9271960990196354,-0.24546778422685062,-0.7262391009716205,-0.7655051281997456,-0.4092308549210782,-0.821133704804842,-0.6152158014128963,-0.5050052381972342,-0.19638081218040693,-0.9723247396573447,-0.12656688847262035,-0.3280300347931938,-1.3655345447736573,-0.22165324183939586,-0.4166583990834645,-1.650387508864825,-0.302615189157279,-0.5027839559044045,-1.882613328156609,-0.36716733982715594,-0.04360680971827713,-0.9390406547398182,-0.19616724248844467,-0.02068651734016228,-1.3560127183630923,-0.2746872090819947,-0.023238761068484808,-1.619488452241602,-0.3249343234533834,-0.08071902776938926,-1.8485345437528458,-0.3612856647879292,0.10694504065080411,-0.8144476444919583,-0.2738427440199936,0.21944150973296225,-1.070910248387985,-0.3164201288796971,0.22074219475402068,-1.2614031866252167,-0.3154706311389135,0.1575415794891572,-1.445816239869458,-0.3160178006418447,F
0.0,0.0,0.0,-0.21855423913197297,-0.14297071832843475,-0.04846456189032287,-0.429844974778308,-0.3277047902809901,-0.1369294409603077,-0.6647349122227421,-0.426027782956157,-0.24632658555221942,-0.8460627248535332,-0.5193601482532775,-0.3575383614512498,-0.2912024739126486,-0.8823291020035909,-0.052054955441765464,-0.5266691349066344,-0.9469260618166094,-0.22233266830358367,-0.697960177671148,-0.7898674791412109,-0.3888763771518713,-0.7978120987205518,-0.6439782952648744,-0.4869174194440635,-0.19077405559810962,-0.9754514753621876,-0.10999854055568553,-0.29760360748695697,-1.3816232533381971,-0.20605280567089715,-0.3721683958473555,-1.6628984036140215,-0.28917131468878426,-0.4483212482428394,-1.9106713917437672,-0.3545199536193882,-0.054053011141197475,-0.9395947484341566,-0.1873186999707844,-0.018994615634622885,-1.3701617967855564,-0.2662259617121985,-0.011044489801146917,-1.6348056458728153,-0.317066450706236,-0.06604895148564104,-1.8723623451658504,-0.35345528543969645,0.07458636080810603,-0.8083992677159267,-0.273010760514704,0.19937180743164462,-1.079526014479994,-0.3087992815481912,0.20917535349263647,-1.2656805491431378,-0.2998601796723469,0.14429780100314232,-1.4393752604079872,-0.29642652107915,F
0.0,0.0,0.0,-0.23666417683059482,-0.14584014406266843,-0.05319806906127089,-0.42773618877804737,-0.33823502754954715,-0.14221386266130118,-0.6446497620622835,-0.4385644096377933,-0.24853356299497628,-0.8185540788152433,-0.5162851736472505,-0.35415976030908447,-0.27739014119045813,-0.8918318482994929,-0.05220819929305452,-0.5129345823897921,-0.9181041914524952,-0.22807062829277283,-0.6794854906762618,-0.7800193084453946,-0.4002957129624759,-0.7906613275787162,-0.6549594850153013,-0.500961847594642,-0.17586756774401308,-0.9791103239017585,-0.10204691198070856,-0.26760107005324946,-1.3496272494860129,-0.21854214301801303,-0.3381241383682343,-1.6390006267127715,-0.31053365021243734,-0.4235136357063808,-1.8814987034258717,-0.37412367512719835,-0.04926064341187925,-0.9312165957563774,-0.17014087219312665,0.017042917013243262,-1.3192357408972364,-0.25891219247040737,0.02068436026937621,-1.574495951733997,-0.29725871861384123,-0.04026428508923996,-1.7897513863894257,-0.31727302747718,0.057373899011270185,-0.7882249593170917,-0.24622299416459661,0.1924308314867149,-1.0451714581461675,-0.28010747482836434,0.2004588219955853,-1.2297724587594727,-0.258483063222363,0.1492422805926192,-1.3954460947317584,-0.24003421919279933,F
0.0,0.0,0.0,-0.2622692174079123,-0.09579902368810657,-0.0687527275183957,-0.4709150676427784,-0.2834993656887742,-0.16167983974313652,-0.6963038953324132,-0.3719459203482186,-0.26752941031574157,-0.8837118336874864,-0.46224392293226146,-0.3724067700104967,-0.30750729179596253,-0.8840735037840318,-0.08627811005885481,-0.5465978112049545,-0.8876343068371827,-0.26126503808068113,-0.7406204494629514,-0.7370762340016629,-0.4327921182388713,-0.876007768305282,-0.6126408158797292,-0.5350600376548544,-0.1959539944447639,-0.9719780456244439,-0.12984880009159824,-0.287506670358498,-1.3426051388059506,-0.2400975477238752,-0.3702598181452451,-1.6484109526859345,-0.3353330477432282,-0.46204631093605475,-1.91003105748078,-0.4037550842289861,-0.06047025549083063,-0.9203944220534857,-0.1905943414391607,-0.008739767350824827,-1.3356616788917064,-0.28129040835668934,-0.004972641922178663,-1.602966404437532,-0.3359740180452211,-0.06534185701326235,-1.817333837728533,-0.36879165963604255,0.05773512065180374,-0.7807078114791939,-0.25884635510832793,0.20123945259704368,-1.058132634394576,-0.31188304036507736,0.20388574156732758,-1.2573885442715502,-0.3101666222550583,0.13975947479060097,-1.4250153248760153,-0.3040094066208539,F
0.0,0.0,0.0,-0.2514790067144092,-0.12458437186912776,-0.041592238100481925,-0.45175602014649835,-0.3038087373540163,-0.12844322075392392,-0.6723384715351467,-0.3921501573177721,-0.23509142393581983,-0.8657455021484929,-0.4762127764971328,-0.3430430911785432,-0.2976703845755195,-0.8819465830780453,-0.0565865328071308,-0.5367233101895714,-0.9180997472124187,-0.22720152661554707,-0.7293067816714766,-0.8056446989998626,-0.3930736715554302,-0.8576050149862577,-0.6965516711730848,-0.49148431746945853,-0.1904660750006924,-0.9749791187219659,-0.11462282639147087,-0.273059896202501,-1.3480384465856794,-0.22943597578095012,-0.35664640391196145,-1.6462189083997334,-0.32190183687838353,-0.45761171865905564,-1.9010049995610863,-0.38765620529688316,-0.0673871250683398,-0.9399057706756541,-0.1888250444888611,-0.0028435255437125636,-1.347593051984805,-0.2857733533052406,-0.001115775499637511,-1.6141256873579461,-0.33961192091814313,-0.07058943250290926,-1.8409340272179522,-0.37026366427454077,0.04310315110597563,-0.8077812935242165,-0.267974090663159,0.2022282730015035,-1.084953189051667,-0.3197541665599098,0.2111586119617417,-1.281569800204388,-0.3164699720874806,0.14395822478226322,-1.4545958559452776,-0.30975660099759295,F
0.0,0.0,0.0,-0.25446765794880694,-0.0918031640628383,-0.06970767478598626,-0.4659060762543807,-0.2839832448914806,-0.16257861834541099,-0.7019192799537511,-0.39040085577163136,-0.2688009118965262,-0.8963349825768392,-0.48740236453323943,-0.3731692591453903,-0.29710802847189854,-0.8742009218944099,-0.08320591189871941,-0.5451046518271913,-0.8942375986458132,-0.26344947252048284,-0.7610448162067371,-0.7703620482012254,-0.43818808587792446,-0.9162461934413344,-0.6582595554464864,-0.5394359011832727,-0.189594807394873,-0.9741393842194979,-0.12290756332040152,-0.27199479157422735,-1.3487192170398383,-0.23346186713411343,-0.3540191293855934,-1.6459693900973835,-0.3156016786389991,-0.4493625350789009,-1.8900529803666155,-0.37034300856655644,-0.05502670847331813,-0.9390999925648293,-0.18112779182653568,0.0032136546781401875,-1.348801258206607,-0.27165050889713055,0.006917077090863563,-1.6199887857360273,-0.3087955111382841,-0.05244196094446401,-1.841581977178156,-0.32428883898046046,0.06404845703474672,-0.8217727096070142,-0.248563865372438,0.22208325969380635,-1.0900960087097973,-0.29975747830680316,0.2297662797289981,-1.2888715382090314,-0.2880828024007306,0.1671180820955647,-1.460593016285746,-0.27049479528137765,F
0.0,0.0,0.0,-0.26282016902381217,-0.10443109853940358,-0.061693296038162135,-0.4833601433385488,-0.2679916110829269,-0.1575381297867473,-0.7282672458935947,-0.36237867567959303,-0.26854414969074225,-0.9242955969656553,-0.466446107921018,-0.3786489246119625,-0.3264884516321297,-0.8687921157554965,-0.08447068471608675,-0.5676126199242607,-0.9064025770940564,-0.2551759694303867,-0.7668053970479013,-0.7786237542183962,-0.41983032654212743,-0.9024693114777007,-0.6613503632759713,-0.517848254018134,-0.21963907371292585,-0.9672105401673152,-0.12752430469435327,-0.30548476538996167,-1.3299076413614064,-0.2426244251875465,-0.39361446412146756,-1.6103190075298468,-0.3286377035168506,-0.4968192764240268,-1.8427913834901024,-0.39039710056705806,-0.09348072640068701,-0.9360645807811018,-0.18678490065778428,-0.026503486487794974,-1.3259006419681278,-0.2745987839199929,-0.02450426436523488,-1.5830324349805551,-0.3204308513904567,-0.08318206804836002,-1.7961339254755122,-0.3478918982112965,0.013979619599271634,-0.8209415770791167,-0.25376754191421685,0.16295621457828172,-1.090042167367363,-0.2986161842287084,0.16924961356746418,-1.2902297342187876,-0.2940138951511939,0.1125993074965745,-1.4645131824622797,-0.28755827460265593,F
0.0,0.0,0.0,-0.2667040142170289,-0.09853383037486316,-0.04754298542213044,-0.4806199453619951,-0.2613101903406374,-0.12843778695643068,-0.7132415923613319,-0.36120620841544465,-0.22751172327551988,-0.9004516308417927,-0.47979315432678815,-0.32402063388927793,-0.322403717162416,-0.8684050807459671,-0.060249924237201484,-0.5820238835315475,-0.8937283641620904,-0.23165368862788163,-0.7730884892796722,-0.7798775274291713,-0.40217520251528016,-0.9022864013402441,-0.6914601096356753,-0.5023670865754738,-0.22294056549536082,-0.9691875348612466,-0.10475221489872398,-0.3187052339020374,-1.3379184501038843,-0.21149505002128313,-0.39116497206958595,-1.6195485036550814,-0.2930134525850285,-0.4861384111029906,-1.8454030832742732,-0.3480867597416476,-0.08692347589656084,-0.9388490008252919,-0.16581312005735124,-0.026225282084888033,-1.33564137703392,-0.24699219042614698,-0.01904985415511643,-1.574145627108641,-0.2806965477403392,-0.08552523360075388,-1.7581580031993809,-0.29418258623310134,0.0343761558386684,-0.8408731716567127,-0.23513860826403538,0.18290545774627026,-1.092893106678997,-0.2749683738226257,0.19080338597595017,-1.278674552217524,-0.2646825680179223,0.12837485323938977,-1.4443733061839021,-0.24954328194562583,F
0.0,0.0,0.0,-0.2677707829721102,-0.07235611717836954,-0.05912558288029466,-0.5028935568694674,-0.22795344228780345,-0.14429729776576383,-0.7411007626215694,-0.3344391155251772,-0.24323392444147776,-0.9262032034459615,-0.4545621987517773,-0.3411816900689221,-0.3466975887966287,-0.8454624531882595,-0.0829216896309137,-0.6066794977417826,-0.8688518973304785,-0.2434289444743105,-0.7921947650893505,-0.7548350150552148,-0.4049515496228326,-0.9185300062947102,-0.6657744307067256,-0.5024699329415663,-0.23646817179798396,-0.9640978655701526,-0.12082263583284013,-0.3410003335499234,-1.3481040772868782,-0.22345038379451207,-0.41958035797420623,-1.6216290104417899,-0.3059197894870129,-0.5193602972008423,-1.8456845443417287,-0.3663815538641784,-0.0923859829914061,-0.9457433740455646,-0.17284760750527844,-0.02925154516747573,-1.329038933118686,-0.24938897386110195,-0.02630974229520966,-1.56723545771883,-0.2907553130042745,-0.09864093678567726,-1.7608215102973652,-0.3158710983317015,0.038707782618912084,-0.8459139098776834,-0.23284661097386453,0.19808018286869372,-1.0998672698462355,-0.26374447769646314,0.21760774970898647,-1.2785908555136438,-0.2534617683103584,0.16364785175552074,-1.4396939584190163,-0.24475228579614408,F
0.0,0.0,0.0,-0.28942318548536883,-0.04684087724924554,-0.09260950703508988,-0.5423499534026035,-0.22277622677410427,-0.1856909263386051,-0.7904550959819925,-0.3599358317884843,-0.2866355951890684,-0.9885445431827294,-0.5009859971414533,-0.38286147377159296,-0.3893143778242866,-0.8125035567887308,-0.09871699553568962,-0.6559705765706259,-0.845040001701798,-0.27599918802789564,-0.8530224904012583,-0.7719563521181378,-0.4452553735519121,-0.9855264088968727,-0.712320471198124,-0.5457415595911392,-0.2720192040004648,-0.9545654066543658,-0.12169813915479016,-0.38548346869517086,-1.3280377970279913,-0.2261526490184105,-0.45911706627792614,-1.6154938663861735,-0.3004493872892673,-0.550053925182196,-1.8519683245992156,-0.3550409811749835,-0.12383721234737201,-0.9630805625782981,-0.16613460268303815,-0.07061994617567104,-1.3414557762391492,-0.24788517532842969,-0.07477073039655596,-1.5798396515913053,-0.279380724712313,-0.14176026781143766,-1.7799987426950263,-0.29578475308908064,0.017517138021662333,-0.8740691001068316,-0.22288822754192564,0.159503574297624,-1.142044602845478,-0.26332455326739473,0.16543514595864992,-1.3183406071980368,-0.2523827680659672,0.10073823951343774,-1.475952551262644,-0.2398963780616645,F
0.0,0.0,0.0,-0.2842436733412102,-0.06489257957646058,-0.08117543161070154,-0.5269064595419495,-0.25717471163931316,-0.16007570660764786,-0.7684651173252559,-0.3929128254894258,-0.24867973129484836,-0.9611072225500965,-0.5252007715039841,-0.3305599766946713,-0.3499362970416103,-0.8228821258885637,-0.0495609107813066,-0.5977383448631414,-0.8794146502466004,-0.22064681232545438,-0.8053514113487678,-0.8157131213637663,-0.3823988418114436,-0.9416055992750573,-0.7475298511857592,-0.47575900561570955,-0.22218957302031417,-0.9720157527026031,-0.07627037523863688,-0.3314319093352635,-1.3360348952193957,-0.16838795457416536,-0.400391876744844,-1.6087503041298175,-0.23422971103934043,-0.4716902688938049,-1.8260344436359595,-0.2806712236197886,-0.07468017154903071,-0.9906875196680662,-0.128650762544265,-0.028348443240146726,-1.3434638045336709,-0.20352892472013354,-0.03430434323760589,-1.5839514505684082,-0.22809491996891362,-0.09338994007160656,-1.7727299683713362,-0.23761317859931977,0.06599527126205561,-0.9013256728138128,-0.19406190353889682,0.17285162701378975,-1.1613367804475256,-0.23506899590160282,0.1601381306533183,-1.3355080456544346,-0.22267540584398976,0.08580579188224532,-1.4740406029292799,-0.20575970232655863,F
0.0,0.0,0.0,-0.29885680927428315,-0.05869189529311945,-0.06640742082865446,-0.5464187883284833,-0.24952166443820228,-0.143326096901074,-0.7837416071327522,-0.3834657106328326,-0.23075395040240393,-0.9707413129549554,-0.5278341338990051,-0.31500420728087725,-0.3610211028176061,-0.8298648035382864,-0.0632901847211055,-0.6230258586817794,-0.869727990587631,-0.22509114377684364,-0.8298051685099416,-0.8220629167399897,-0.380541870103977,-0.9764656227377897,-0.7808613513416123,-0.4724970161738164,-0.23546593492290002,-0.9672552030011544,-0.09472679535421968,-0.3563089198966188,-1.330581395545767,-0.19116088028649583,-0.43521193884118975,-1.5983255513216017,-0.26022714846224443,-0.5264286480059105,-1.813711748282019,-0.3083539222130321,-0.0827219823169193,-0.9819881020475641,-0.14548878260586362,-0.054901588655802976,-1.36261585277919,-0.2201016616014879,-0.06345529759368267,-1.5946737401454898,-0.24315620444354144,-0.12712207463703087,-1.7895161776819972,-0.2523164567566969,0.066893090115759,-0.8907459282904481,-0.20636973505487163,0.16687854255414286,-1.172561193905197,-0.24620203449677364,0.15817269900015726,-1.3430748614353065,-0.22894997265779962,0.08991670907602183,-1.4920328603257478,-0.20788574888675382,F
0.0,0.0,0.0,-0.28068640173934156,-0.07993500064998003,-0.07205294145769715,-0.519968565394165,-0.2739402969052746,-0.14765081059798363,-0.7588796704337554,-0.4284133544052349,-0.2361969856874289,-0.9538356498764736,-0.5858710626685488,-0.31674766420226663,-0.30646512405288295,-0.8298240099865953,-0.05808701025289867,-0.5844905118586321,-0.8848145521508629,-0.23445987249527878,-0.790673467908954,-0.8491069215976051,-0.39378117077431785,-0.9375235295812466,-0.8113716164067738,-0.4806369427557232,-0.18372300956048934,-0.9796746045999983,-0.0805203381753528,-0.28385497111775615,-1.3376795680357525,-0.18295900812645455,-0.3540418356739026,-1.631179066512259,-0.2422985512935211,-0.4550477665033904,-1.8657345592179795,-0.2774988886077215,-0.04399528053686103,-1.0101456114494807,-0.12595977314909051,0.015797372920854428,-1.361015881107656,-0.19803035201341465,0.010314725293714177,-1.5913975075325162,-0.1990987281312908,-0.06296976325247103,-1.7807957735834135,-0.18446575482519825,0.07984884732724268,-0.9511022671517819,-0.1849140892251302,0.21822546750255067,-1.193342786077541,-0.21994024699553547,0.2183099726747661,-1.3677383874228863,-0.19779455411487912,0.1466782045224148,-1.526938040956017,-0.1658422907127934,F
0.0,0.0,0.0,-0.2656455966265579,-0.05184089260989144,-0.06644174576757414,-0.510577807858354,-0.22052567963884423,-0.15511920200101717,-0.7530740094636909,-0.36859963876977503,-0.2575732475177468,-0.9486460048077113,-0.5353801160579149,-0.3548268918268076,-0.30444277474854964,-0.8206550945529746,-0.09555457284739538,-0.5881091227625125,-0.8663929704303391,-0.26334141479221507,-0.812966511244165,-0.8209892136540473,-0.4206300573736594,-0.9745133272519021,-0.7737197407376648,-0.5097118526883736,-0.19603381159808037,-0.9733069312707622,-0.11934974759344935,-0.30592578382809266,-1.3379194359356508,-0.2188233119607825,-0.3942455477277509,-1.630755838744312,-0.27715038964184474,-0.505975021254298,-1.8697163437416557,-0.3149957780719229,-0.05875714262616144,-1.001695676668907,-0.15859875722070854,0.012116545514375143,-1.3887183013260436,-0.22812106390846792,0.004290193814142982,-1.6197721922344026,-0.2319039863561467,-0.07488188727848652,-1.7896762910311912,-0.22364655105501938,0.06668282287645942,-0.9488169083423834,-0.2091397969851615,0.23696547723092914,-1.1881404392015005,-0.24211856696003173,0.23600863269987718,-1.364889904947097,-0.22040299724133772,0.157256929712325,-1.510354106368636,-0.19273742057863738,F
0.0,0.0,0.0,-0.3087747344044873,-0.04482792982285525,-0.04646552220373814,-0.5680501494328822,-0.24612770485112279,-0.10813188045113788,-0.823846989658776,-0.4114469387072536,-0.19095129245552672,-1.0208680472490557,-0.5730024712733292,-0.26788819998934604,-0.33391944028344933,-0.8121347247653623,-0.017669855189434494,-0.6155432957348748,-0.885317189904226,-0.1684063379191966,-0.8482106246434393,-0.8563642292485331,-0.31409250017989027,-1.0151516687232536,-0.8267978074406006,-0.39546479436172666,-0.21879671269082446,-0.9744863640382915,-0.05004322950329119,-0.3122642299550547,-1.3384793286920509,-0.12239840346222286,-0.3934166253782759,-1.6357848244155249,-0.16742459827918182,-0.5088185442692884,-1.8764832556247886,-0.19772757706266492,-0.0824043246580545,-1.0159956526227163,-0.10463530224149858,-0.01353262697867728,-1.39578935701113,-0.15344482404068965,-0.002029834694909928,-1.6272873745180574,-0.15258341046904178,-0.0712309749409503,-1.7998366975449895,-0.14408946233318257,0.041942161714294414,-0.9783268271082322,-0.17171251526037765,0.20335081813246542,-1.216419868545156,-0.2020946496833767,0.2353027111701587,-1.3666005715058918,-0.18663633079569597,0.1858579955343972,-1.4897115889013621,-0.16241047133554876,F
0.0,0.0,0.0,-0.31368176953042026,-0.03548452071602522,-0.08604436070469987,-0.5852819095663614,-0.2473496128511936,-0.15551562937116575,-0.8483578147802313,-0.41954621927137487,-0.23615643760393668,-1.0483650401777098,-0.5853919722338209,-0.3097281839851899,-0.3585452131494931,-0.7955020795045495,-0.052294584011841394,-0.6426977628638583,-0.8923548514156054,-0.20961921993461272,-0.877074669174128,-0.8759878201284098,-0.3566520957572337,-1.0400036030853483,-0.8465423350395765,-0.4406854174531698,-0.22533763363173093,-0.9719906548649982,-0.06676164860429648,-0.3285085569273849,-1.3278611076499014,-0.14452196242519225,-0.3997179942287928,-1.6038270140405504,-0.19341203685600253,-0.48731988016721967,-1.8240932925192057,-0.22759684811926073,-0.07676063401189655,-1.031659031711094,-0.10702710551758832,-0.0339894104376301,-1.3894228791034002,-0.1699528721275547,-0.023844641405325127,-1.6116323575260285,-0.17727805732851915,-0.08209004257018813,-1.7861125663415554,-0.17375128126786413,0.06403398483725338,-0.9968095488317773,-0.162275862504152,0.19487949282049566,-1.2505586327506488,-0.2070468811961802,0.20806642565408973,-1.4123659568168598,-0.19732025132300215,0.141136763299576,-1.5404932336409545,-0.1776656917087693,F
0.0,0.0,0.0,-0.3459703220582047,0.000526068649968456,-0.11273738054636963,-0.6577821185472268,-0.21700688011759273,-0.1753854206092359,-0.9211159290471267,-0.4069030981110663,-0.24517601409948953,-1.1276234810222592,-0.5745553035045495,-0.30546927162387416,-0.45309447439119604,-0.7692640285369611,-0.00035224673510460654,-0.7267014652555003,-0.8851175484274564,-0.15719660297325255,-0.945733226825823,-0.8937062563414162,-0.30114523428685536,-1.0993527132505418,-0.8613672032350947,-0.3756852873168445,-0.3017295792028677,-0.9533920138099258,0.0017114431088101672,-0.4347032853645678,-1.3108046852055049,-0.03868061746848296,-0.5150701265294224,-1.5429740733139805,-0.05714926032809252,-0.5948531945535129,-1.7299791300916705,-0.06387591497052555,-0.11231264885242141,-1.0271271129400215,-0.034801242111676095,-0.13358732099386317,-1.3346367190597335,-0.0731526935282459,-0.14247135875028952,-1.5213797705362806,-0.05729647505139517,-0.18822476665240614,-1.6783412097749728,-0.03382386735159702,0.08370491535050302,-1.0038488522237976,-0.09283042950697777,0.15443478992978585,-1.2492737296781005,-0.12138290244972386,0.15488011978604863,-1.397232318484531,-0.09657653143464023,0.09759325435875842,-1.5218772639857316,-0.06258269915237316,F
0.0,0.0,0.0,-0.353876706769311,0.021431217836247407,-0.12750161102462176,-0.695817788719356,-0.18413190668914167,-0.1818931081268021,-0.9614071564414108,-0.3902146237471856,-0.23987574572362394,-1.1499201836625412,-0.5999809202069437,-0.28188059707958923,-0.5166924482544359,-0.7386963333396718,0.01379208880700359,-0.7901671459348253,-0.8610469506566889,-0.13352178738535153,-1.0010404192819728,-0.8948403645677344,-0.2554307115668969,-1.1469093897286413,-0.8785853307004111,-0.3094990130327414,-0.3595555057033336,-0.932821946981355,0.0237287494051871,-0.5127882394399196,-1.2959661156389484,-0.0007597184063294095,-0.602233646008095,-1.5318585985704438,0.013107739838961132,-0.6854811349021761,-1.7119963548197357,0.03817765880187003,-0.1596240377499618,-1.0105739946710222,-0.010775038752423112,-0.19670272943130665,-1.3083673206364108,-0.04812663126005289,-0.19919045635361002,-1.4849615031922554,-0.008751650770455584,-0.23664699761987174,-1.6207545636732374,0.041720304651509034,0.04902000201160646,-0.984548252226874,-0.06983904499429175,0.11761995630694382,-1.2270060789805555,-0.10607202185037831,0.11584576101459006,-1.375502387230642,-0.07630564254564419,0.05922596804131771,-1.4908965449482332,-0.029091681103908147,F
0.0,0.0,0.0,-0.3514711534322476,0.03813988424393996,-0.13176232138749336,-0.6932774574996804,-0.16320027803542822,-0.19125300905614248,-0.9672002784187321,-0.3672407986245317,-0.25059680535459744,-1.158635663474302,-0.5500011061342137,-0.29265199499716793,-0.533710916631679,-0.7323408855419684,-0.007821134670158688,-0.816584950250685,-0.8666866857636015,-0.15017374085154858,-1.0307879821388815,-0.904283103663821,-0.26916829239234225,-1.1757730957502783,-0.89562365117189,-0.32560065335140254,-0.37833530076890887,-0.9256559566570582,0.004842530062456005,-0.5319573414137404,-1.296191341531657,-0.03373077995495259,-0.624157532898839,-1.5464864634729958,-0.037356982197882416,-0.7047165832960519,-1.737279952276416,-0.025167853811577927,-0.18327062018561563,-0.9935640274537979,-0.022313916886157387,-0.21093632485876826,-1.2946255049061859,-0.06187724007554323,-0.20735660120273572,-1.4760474511952113,-0.031375774003725494,-0.23025714030899097,-1.6267736220683588,0.011090703543889087,0.018449619548380133,-0.9609138512533878,-0.07262291983039385,0.08314178456980026,-1.2116348947162938,-0.09896088157780605,0.09826191927044295,-1.3747672791162542,-0.06650846244513209,0.0758952493935488,-1.5152986971449613,-0.021014883509906702,F
0.0,0.0,0.0,-0.33907523896522507,0.023281865851289534,-0.1293990017126774,-0.6847667111400286,-0.19674317078119646,-0.1702306193470081,-0.9573722238804065,-0.41218789438546577,-0.21154652128833942,-1.1185601664195435,-0.6355232332590066,-0.23569626036853877,-0.5156986912207576,-0.7298303157800584,0.03876333298242455,-0.7873203944371038,-0.8908127304517955,-0.0668803838401439,-0.9884451414632278,-0.937653101258843,-0.15797804001537047,-1.1224086035325525,-0.9334164014749464,-0.19695242299035298,-0.3769427923178006,-0.9244379638129344,0.057693867794206814,-0.5252784910895487,-1.2928110324503812,0.04150793352626068,-0.6065894681418754,-1.532552693834413,0.03787467669438247,-0.674213054198058,-1.7285117676053425,0.05037894814155128,-0.19797922614780425,-1.0070503311445214,0.03615578110187805,-0.2277443916886639,-1.295151068306407,-0.0012400648808416428,-0.21240739172109435,-1.4541171554647343,0.009621507367477413,-0.2132298154244464,-1.5925502046678939,0.04185773290179659,-0.01721360287686018,-1.0027688258171807,-0.006408293558906078,0.031330471399185225,-1.266748568918681,-0.045968142871555526,0.10158696857097763,-1.4226847397454485,-0.03440980797000435,0.16184855110040017,-1.557997012595152,0.00015955656857078652,F
0.0,0.0,0.0,-0.3384129108386228,0.049834949541595404,-0.14837061369588384,-0.6710715132966736,-0.1577460415993734,-0.20883338256009507,-0.9310118555612278,-0.3826433876482145,-0.2654427037677934,-1.088888954956571,-0.6102475321111915,-0.30352478895418966,-0.5112158477130136,-0.7354218590484605,-0.01044547875069432,-0.775052032992009,-0.8851463117555928,-0.13005521895394645,-0.9783524480849906,-0.9266206644104086,-0.22819061902485524,-1.1150212987146493,-0.9186861118328915,-0.2705027542847214,-0.3651804493384095,-0.9308304653768499,0.014067130031194175,-0.5152857246396807,-1.3014363590134181,-0.014046198531653346,-0.6057804939227639,-1.5512487019308585,-0.01290370655097285,-0.6870813942703629,-1.7567202239564281,0.0036418326316518777,-0.18414925104153015,-1.0080888231564094,-0.0011891398802298002,-0.22361874851439165,-1.2922688177887935,-0.044110076533154664,-0.2074395958467643,-1.444071533530512,-0.025186637501332813,-0.20893570673357978,-1.5732733807537418,0.012599527118793787,0.001345500893810151,-1.0015364753990184,-0.03913779795816572,0.04917443373679565,-1.2725181562741816,-0.07837907192716626,0.11821823599040238,-1.4230987241909112,-0.0598339146717993,0.17892854341252612,-1.5518043714988823,-0.020593281956785697,F
0.0,0.0,0.0,-0.343558524320159,0.02214921070201483,-0.14943875664285475,-0.6714331582441468,-0.18220852021536932,-0.2238049992509035,-0.9318899362521209,-0.4077359822836522,-0.2927429070239695,-1.0792682880269633,-0.6391035948777612,-0.34745066812834113,-0.5052592099455175,-0.729576613439236,-0.05891560898732906,-0.7672696196394243,-0.8931568068848228,-0.19398862876661876,-0.9545525814270296,-0.9329893702084993,-0.3032387508810692,-1.0814114734009808,-0.9383058679232055,-0.3590993145452714,-0.36312316186434895,-0.930648630295445,-0.04510760741659785,-0.5409196553898746,-1.3189708065926349,-0.11769074074846197,-0.6446665914906884,-1.5707342222859142,-0.1569527431648867,-0.7291025714006628,-1.7768269233697787,-0.17312394833243536,-0.1874407536626754,-1.0136360496929848,-0.06530479156649945,-0.24313343669395743,-1.2920671067783458,-0.1462557905641499,-0.23218967049980077,-1.4256599576891849,-0.16688604158656783,-0.231070466280333,-1.5607937043861386,-0.15885518671167667,-0.00930002061241896,-1.0120095568127447,-0.10403740261229334,0.03465675287440102,-1.2888400370930766,-0.1600272227016102,0.11483783155623947,-1.4367538890277067,-0.16008427509003892,0.17818797435306957,-1.568182673612501,-0.14281759742332278,F
0.0,0.0,0.0,-0.3231699874602864,0.02045567523175892,-0.12919593489403416,-0.6423399383311464,-0.1750521159091946,-0.20658334153534974,-0.9084430973490025,-0.38763131646523225,-0.28322155469522753,-1.0711931923966655,-0.6053073120591108,-0.34380798381734656,-0.48149682242732655,-0.7455757996082191,-0.05628482445461963,-0.7269666756382659,-0.8800896349251142,-0.21882402124710523,-0.9243071668136564,-0.8882629245517215,-0.3543599553747844,-1.06542712431772,-0.8709540655246012,-0.42380388289742366,-0.3443367177321909,-0.9373681131659652,-0.05266161069602499,-0.5067712787761675,-1.3139045965088063,-0.1383061991676234,-0.610903284021742,-1.5791616890724938,-0.18063063167930807,-0.7006410481222957,-1.8024596847595535,-0.19736093559402482,-0.168995628689374,-1.0139162362687122,-0.08168850818847248,-0.22309776173537166,-1.3255989899015888,-0.15467674218577074,-0.2235907741029263,-1.5028609093156178,-0.1523269899132015,-0.23282741179984442,-1.664090641895445,-0.12991734981508948,0.0105654422565822,-0.9997162928350787,-0.1298629723318203,0.06098330103377468,-1.2831241250695864,-0.1670397046424426,0.12447519633419582,-1.4457621926079813,-0.1432568903936995,0.1785509968270638,-1.5908485480064327,-0.10845738449344929,F
0.0,0.0,0.0,-0.33766965507863395,0.020154134365357214,-0.11955388381922569,-0.6477169744944702,-0.1745233060757514,-0.18697948827370517,-0.8932151627627057,-0.3837540904688534,-0.25692517078321664,-1.041342036212009,-0.6138996460053958,-0.3112743920527021,-0.5090135455736415,-0.745078049417452,-0.03530438045607719,-0.7521285783392139,-0.8911005521369464,-0.18464648662761732,-0.9299491309110852,-0.8856588406705348,-0.29941749394110245,-1.0462056262288668,-0.8540172737351507,-0.35215180429602755,-0.3667645166239172,-0.9294404532629436,-0.0403017764372537,-0.541859237738494,-1.293668360168824,-0.1120387015907157,-0.6476380840284839,-1.5424367529544365,-0.1356800162968908,-0.7360223757998824,-1.7583433726118374,-0.1360619031206995,-0.1843782684730208,-0.9979356941726096,-0.08046606465914748,-0.240559962390047,-1.2988183067125845,-0.15261852587196736,-0.24964577879992217,-1.4630045820500077,-0.14318762677135277,-0.26800360465731093,-1.6221686932072243,-0.11297461546101807,0.0032735937787127566,-0.9743266766030465,-0.1393176131374702,0.05746600762746048,-1.246718725682715,-0.18465355359806215,0.12362914829033005,-1.4130449950499446,-0.16404231965201907,0.17907284857947392,-1.5616710273708718,-0.12804858961575757,F
0.0,0.0,0.0,-0.30965178839107044,-0.012259607433220465,-0.11634899674164632,-0.6110516685675004,-0.20271033002727154,-0.18960170995390532,-0.8513669842407916,-0.40469726706935305,-0.26701043243112155,-0.9914002230071963,-0.6243564298817834,-0.33019658184675515,-0.4789827189512583,-0.758346219624318,-0.0408614765010557,-0.7222211271791218,-0.8908297683284678,-0.19646604585928187,-0.9029102518503097,-0.8935154544514016,-0.3173469414909748,-1.019800226042184,-0.8711170335884525,-0.37452002466400985,-0.3460617409648741,-0.9369644180578695,-0.048362699819576804,-0.5377698485818098,-1.284470324004047,-0.12559584620451014,-0.6499711492089197,-1.531117811340034,-0.14984451292217077,-0.7426458053204654,-1.7462072107237097,-0.15073785635697065,-0.1707730263395885,-1.0005166437767923,-0.09049519837800019,-0.22178285369858602,-1.2836310557123045,-0.16861300186057931,-0.2215904179216333,-1.4440763504884464,-0.15560346392776647,-0.23074387740528782,-1.5942410915045235,-0.12195305936314901,0.004046531240954284,-0.9703936163174118,-0.15136580740439784,0.05886451778171307,-1.2354996261467805,-0.20606612533028876,0.13220531002163108,-1.4002098219380101,-0.18744004921283475,0.19392822331175805,-1.545882739463668,-0.1511219174734642,F
0.0,0.0,0.0,-0.2830964523796126,-0.03503690690185466,-0.104630495937182,-0.5610886081078515,-0.22776619962832764,-0.17249640225501126,-0.7879716447418272,-0.4197357794516674,-0.2503826828085042,-0.9108684243175744,-0.6436142127579101,-0.31467584516914265,-0.4672580743765954,-0.7719017765384923,0.0007414344496556903,-0.6732409324342635,-0.8961770821328491,-0.15208891715984965,-0.8314379270178194,-0.8952898822684257,-0.2662304417693971,-0.9306761737638878,-0.8602425576373541,-0.31509659120788513,-0.3442076332949008,-0.9387621547387175,-0.015707387174298947,-0.5248256646987978,-1.2844747592405965,-0.07619583306530889,-0.6291494561836497,-1.513475590002727,-0.07912007337875547,-0.7106440963060933,-1.7166924107317265,-0.06321559476558782,-0.17025838102750646,-0.9893156182008811,-0.0717865535908621,-0.21878142906532083,-1.2853386494358974,-0.14433106209994462,-0.22911581644836074,-1.4643442768002684,-0.11847161305735233,-0.24865661158349434,-1.62794507775018,-0.07559263026595577,0.0076140578413097714,-0.9447724031671049,-0.1473966579767013,0.07561344131472895,-1.2020627078390007,-0.2014162627263047,0.13922839322565353,-1.3761270760142403,-0.1798579929398333,0.1880799903986419,-1.5414987607093886,-0.14152704889274034,F
0.0,0.0,0.0,-0.28467022066120024,-0.022217233177204917,-0.11528987121612105,-0.5597275507765532,-0.20824800648031652,-0.19642397494021255,-0.7720909495785341,-0.4161856692202745,-0.2819926614983372,-0.871161308811405,-0.6634957077261863,-0.3532643344000591,-0.464322871535705,-0.7740763048587119,-0.04770928616751785,-0.6650042398758748,-0.9288199878668089,-0.21434756909193775,-0.8142885705102278,-0.9166961467158043,-0.3423099360353749,-0.908562089050375,-0.8698212995795496,-0.4037482558109884,-0.33569547256041515,-0.9400092556820541,-0.06075482642975847,-0.5108947316313287,-1.3085353631284684,-0.1473024734482717,-0.6127500104166183,-1.5572566618654486,-0.17890554421422322,-0.6944473870076967,-1.774294970873928,-0.18498478368700078,-0.15409915437085533,-0.983375093283447,-0.10847663916624385,-0.21962078308321012,-1.2888673626420402,-0.19709806661154447,-0.25507489883316203,-1.4729892767186223,-0.19707126233985195,-0.29682199002413345,-1.6471543064195042,-0.17479257006700646,0.037955802362859795,-0.933268475203915,-0.17334713183512027,0.10657828001037746,-1.2065610147957366,-0.2382839710367248,0.16543610112137216,-1.3847115365740195,-0.23047543030484222,0.21120567224115241,-1.5568281341063188,-0.20475499461732893,F
0.0,0.0,0.0,-0.29091847160034046,-0.03459971295698386,-0.11525915835984321,-0.5617683251751737,-0.238247420185538,-0.1929253170634762,-0.7683971721386239,-0.45925144062722517,-0.2722622116129552,-0.8657630450835466,-0.700995395899383,-0.33754880406790133,-0.4388835878990047,-0.799850577891377,-0.04664967380236581,-0.6380419340399425,-0.9617899267885193,-0.21365460496632221,-0.7867035835511021,-0.9646714617136638,-0.34696355995670863,-0.8859941688464823,-0.9241804955014364,-0.4127278107090511,-0.2996682848316438,-0.9522844618781733,-0.057907017981058906,-0.450273699090063,-1.3465354287189701,-0.15333314066582399,-0.5362547843077398,-1.6099509249887534,-0.2058598281475057,-0.6033742768737751,-1.8356866642126703,-0.2275902074293727,-0.11426660972864401,-0.9824717237905133,-0.10126132040209218,-0.16301931159527727,-1.31527745012459,-0.19661981846061646,-0.18245345678904837,-1.505011163950437,-0.21744927153782573,-0.20854753539433057,-1.67443775456287,-0.2090753403812965,0.0812170053791143,-0.9157901561686173,-0.1595981921399414,0.15360406538743465,-1.1958685144444035,-0.22067539567645292,0.21533579230194905,-1.3743359576584049,-0.21600901190568292,0.2650345297244917,-1.5401912045085397,-0.1943160544730492,F
0.0,0.0,0.0,-0.2877767818113673,-0.042658323916301,-0.11212572824602575,-0.5471701266521548,-0.2549365939969862,-0.19117960295658845,-0.7390633245337166,-0.48283137466922593,-0.2733374282162132,-0.8318943704994282,-0.7249766310667191,-0.3413173904870492,-0.41348562590206456,-0.814790904344836,-0.041975566784916624,-0.6050403309881844,-0.9728416351158279,-0.20733591020888248,-0.7433240759852726,-0.970905768562441,-0.33947416593459523,-0.8351129615329842,-0.921559763717831,-0.40439332306928916,-0.2681222011921765,-0.9617298462548082,-0.056446328937895446,-0.4031102895003941,-1.3488453931720954,-0.14709528056556948,-0.48470436813733775,-1.6108253339025804,-0.19452679641541484,-0.5518142194204775,-1.8379742240563945,-0.21344166028414732,-0.08150906514240702,-0.9796042528139455,-0.10311510502757154,-0.1162047895637513,-1.3109719523189087,-0.19175175867701802,-0.1244188813998078,-1.4972821479611853,-0.20319909537519637,-0.1450296154625592,-1.6658343870814984,-0.19076945542315968,0.11117267193054893,-0.8983334809225015,-0.16545746801625158,0.18982221806139904,-1.165424308049908,-0.2218454535594942,0.2502195514186606,-1.337960827357408,-0.21138863406508457,0.2940831083827153,-1.5024752803014858,-0.1866479508244037,F
0.0,0.0,0.0,-0.2968766096840135,-0.06548833749061127,-0.11214651166861331,-0.5552184397626134,-0.29802496389024324,-0.18730716384621482,-0.7494703588456177,-0.5359049148683105,-0.26431113317598304,-0.8421971017048832,-0.7789697700935363,-0.3281049527085121,-0.3763468937784702,-0.8319821587441651,-0.04680218212304302,-0.5767799877968373,-0.9867293021250806,-0.20860086560326546,-0.7303188090802688,-1.0122199834878065,-0.3355987753253699,-0.8318303843389812,-0.9967700599996046,-0.3979820356838538,-0.22720535722201587,-0.9720359323164874,-0.059362209655917535,-0.3517554216717125,-1.3615926088206975,-0.1530491922377979,-0.41894496168560375,-1.6172768412443688,-0.19231504303294805,-0.47398976726919645,-1.832283601123452,-0.20314241581091835,-0.05080207727737307,-0.9829061945012181,-0.10474849471307263,-0.06557550731191862,-1.3012279712346249,-0.2015956537910805,-0.06160278907276269,-1.4886192853566156,-0.21038950842158916,-0.07625999267889844,-1.6646173183660318,-0.1911477943042807,0.12451498014218461,-0.8925653391091893,-0.16518992752070935,0.22263388740884463,-1.1576761221912935,-0.22902190316961296,0.28448891256028386,-1.3379454764447694,-0.22141231779360757,0.3175256566100838,-1.5140243424622417,-0.19620122899603226,F
0.0,0.0,0.0,-0.32457393239123833,-0.044417002632699334,-0.12694771380412198,-0.6160310908874793,-0.2839488967615762,-0.1925724028259407,-0.8196989145664825,-0.5445759925774284,-0.25972415255205694,-0.9177526524842055,-0.8068983438242096,-0.3083007551167519,-0.4217562926381843,-0.8084368495500758,0.003383992070716035,-0.6295356430637746,-0.9546181520842917,-0.13193961658817568,-0.7841748779595661,-0.990173145529512,-0.2388404892601583,-0.8847020508784927,-0.9850595344615313,-0.286488652839028,-0.2702011122843214,-0.9627557057383409,0.009633794090839656,-0.4144724270330241,-1.3196741289949312,-0.035262060617692506,-0.48877997687250757,-1.559304790179349,-0.03202822780154948,-0.548740260604089,-1.7631346049328631,-0.0129075879299869,-0.0871561118707672,-0.9920256420438893,-0.02586393457796946,-0.11352871742098213,-1.2624690038723985,-0.08332562831796286,-0.13094480534085365,-1.4252833009723536,-0.05195694838593999,-0.16432938045609916,-1.5716945685911128,-0.004317775176064739,0.0998274500975809,-0.9317652899113937,-0.08326393473792365,0.19259182727801047,-1.1629123032653805,-0.1327551818639682,0.2365374342459549,-1.3336576113045633,-0.11613100139802403,0.24535538317150932,-1.5029716978987746,-0.07913458528780237,F
0.0,0.0,0.0,-0.32208965634687975,-0.04450917802939049,-0.1180849287518197,-0.6140406730719937,-0.2712957576469943,-0.1772231898333662,-0.8125116767171748,-0.524814854843192,-0.23845017800873866,-0.904574112993013,-0.785396777884033,-0.2813163980275639,-0.4356598178253385,-0.8109554663688782,0.002276540867249908,-0.6376531223289031,-0.9768710181481225,-0.1364624464276818,-0.7931888942745845,-1.0169227697574752,-0.24468514843728545,-0.8975397623481766,-1.01337231913014,-0.29300410480653716,-0.2785632794993914,-0.9604066576198492,0.004642339282481378,-0.40807548498395363,-1.305959878607506,-0.04763893192357861,-0.4871631557889811,-1.5389660927246176,-0.05363611409431047,-0.5599293322369061,-1.7405324319465083,-0.04135126966324652,-0.09361409059216588,-0.9884822283367577,-0.03307920123752341,-0.1166656597705957,-1.27623177000924,-0.09565864445200385,-0.1314216710258904,-1.4473556799062834,-0.07905567580381401,-0.1657292426147944,-1.6100569511313398,-0.043318918682036966,0.09648178728584862,-0.9213640670916483,-0.0907621609600884,0.1905296772076422,-1.1497699906434062,-0.14105591311479637,0.2276893248091921,-1.324128845953926,-0.13315138070329344,0.2294648755537147,-1.497170031732816,-0.10453274724721301,F
0.0,0.0,0.0,-0.28113818746588826,-0.05884681371787837,-0.09677715456910228,-0.5391629122339926,-0.2704228782574196,-0.17444363624881004,-0.7501429219311713,-0.48237159105638794,-0.2564637157191561,-0.8545338271826249,-0.695899347662635,-0.3249388592354349,-0.40049900552395945,-0.8246295642499389,-0.03799941451921315,-0.608552692939218,-0.9545404922269204,-0.2016400252241656,-0.7589893666836144,-0.944906045343511,-0.33814507585500053,-0.8531398916869214,-0.8937141746024198,-0.410741614894637,-0.2553914146575444,-0.9650278355344345,-0.05913122663147426,-0.401564974076823,-1.34563894388185,-0.15358799532697617,-0.48300837580638767,-1.6055473508895417,-0.2018015200678335,-0.5505622711225923,-1.8260820953934294,-0.22448017580386345,-0.07682025325820598,-0.9730192561810306,-0.11073071940063062,-0.10856739253420875,-1.3082941778965411,-0.1957745005869213,-0.1168486338295518,-1.5079582642248697,-0.20378286669882173,-0.14438813048300242,-1.6902945104443736,-0.19310057455167468,0.11039415928719137,-0.8805064382101812,-0.17681575442835124,0.18549798128847672,-1.1422272501190955,-0.23323577614477614,0.21765181173178247,-1.3220435612694479,-0.22438021275629486,0.21661715049598332,-1.5008563665237982,-0.2035674769167365,F
0.0,0.0,0.0,-0.2661214683193246,-0.07339399245876276,-0.09571342333730017,-0.5011505060310495,-0.2764632989136601,-0.17788235516223513,-0.6979223356473367,-0.46896992021412215,-0.26437764413706627,-0.7864176398121704,-0.6770931805275545,-0.33827667260296046,-0.36518599179717637,-0.8442064643363638,-0.05482177862956802,-0.5596463265139054,-0.9805042206579614,-0.22183145064873805,-0.6895465607688135,-0.9410204783947639,-0.3614701041032976,-0.7662750069541578,-0.8573068714808473,-0.43571782068178844,-0.22276369603412752,-0.9716746847667416,-0.07889640494134192,-0.3722283627142295,-1.3700359065206764,-0.17426963703222742,-0.4453897391274434,-1.6446626712619883,-0.22561184254815747,-0.5016273544040722,-1.8757806520530778,-0.2536802464131816,-0.045355191962207,-0.9602394716362119,-0.13173741030787,-0.06122680836343187,-1.3160026259428472,-0.21651936122530008,-0.06153667268378221,-1.526604292606748,-0.23023272689617477,-0.07937115032329005,-1.7198563887997493,-0.22730575055899485,0.13598484272724198,-0.8462252289314109,-0.19837215149584167,0.2249161930748367,-1.1032120887554593,-0.2504170876169149,0.2570755791772509,-1.2798485456899371,-0.2395250082681428,0.2593186832169753,-1.4617226389408897,-0.22082695081971107,F
0.0,0.0,0.0,-0.26152382935070306,-0.0904463664439839,-0.09127379742730217,-0.48458559561021414,-0.2875824469043843,-0.17939202179683864,-0.6737688769597324,-0.46851383269523683,-0.27444603534217604,-0.7628348640896248,-0.670021684839479,-0.35910266761512655,-0.35451158850170117,-0.8495571445767033,-0.06292143406895696,-0.5466632986882595,-0.9851178670659224,-0.24272512409247082,-0.6697581034205452,-0.9337530085737524,-0.3917767794182595,-0.7359033470316824,-0.8378918125905899,-0.4720043381485714,-0.2128833586740387,-0.9724197466304044,-0.09529172032721675,-0.3560756760774738,-1.38205237147472,-0.2053542388680946,-0.4245138498243142,-1.6698054046220938,-0.271243977520172,-0.48031551957123164,-1.913309921011915,-0.3112925568549545,-0.038503140714921946,-0.956313324470405,-0.15540486465578196,-0.05138696624105234,-1.319112038298346,-0.25323915939787206,-0.05328138637431996,-1.5307717687294013,-0.2813824841846775,-0.07653189192801826,-1.7292868735128328,-0.2894863826276391,0.13710940595609306,-0.8318769359575505,-0.22755737198965786,0.23228169595795145,-1.0898023369433831,-0.2837919257227571,0.2683044898789023,-1.2680902064904485,-0.27891980576098263,0.2740539308947145,-1.453066026651045,-0.26778341949571116,F
0.0,0.0,0.0,-0.25936918006049164,-0.08730280189565424,-0.09027010770653836,-0.48194703574115144,-0.2835336409798391,-0.17781150987098443,-0.6734563809270152,-0.455449849887197,-0.2710749175931235,-0.7665662064540048,-0.6431037969784036,-0.3553686041964687,-0.3627319014560414,-0.847557157348443,-0.06832781499482757,-0.559712293503875,-0.9686017699273052,-0.24593846998819333,-0.6835433002478348,-0.9093448372232669,-0.39302487475885456,-0.7476106787835721,-0.8054554456567484,-0.47159942985728154,-0.21962562867046045,-0.9702092276442099,-0.10226748175803828,-0.3661796151646036,-1.3853762101381983,-0.21399967835038022,-0.44220578359334,-1.6793193110115008,-0.2825588421164185,-0.5022844079856728,-1.9295479973298901,-0.3229865078809838,-0.04331973525762366,-0.9524797708874756,-0.1623896121242484,-0.06296014970427374,-1.3245363928684792,-0.2645999820597715,-0.06973429209430465,-1.550589625015658,-0.2986148277565786,-0.09389731598726474,-1.7572053508420822,-0.309348732282649,0.13435765613931275,-0.8254792587435471,-0.23324244963281704,0.22269339260220378,-1.0926343914734122,-0.29305896041209467,0.2556099190311491,-1.2779942696398319,-0.2880589887627324,0.26136348528087455,-1.4655077474016738,-0.27579245966887933,F
0.0,0.0,0.0,-0.25945006481553373,-0.06572120942179314,-0.0951283648496634,-0.4887327569482378,-0.2458085878313021,-0.18973093764381394,-0.6716111316036316,-0.4038159251323945,-0.2870600260918716,-0.7670043051374127,-0.5968533943731742,-0.3753066989322432,-0.36630321086520673,-0.840699810935376,-0.09817875254674778,-0.5614612503681211,-0.955267796409491,-0.2728976327594463,-0.6843531178977401,-0.8674490291664411,-0.4186379561722917,-0.7467379175276898,-0.758649132543587,-0.5001291103327786,-0.21459709929079615,-0.9672359033132455,-0.13565689189195648,-0.3662517087351464,-1.3985223759285381,-0.2561687977082414,-0.4522533790231323,-1.704181154927999,-0.3388753422519541,-0.5200777917097141,-1.9687429558675134,-0.3923150153825472,-0.03324791869480946,-0.9432574697363266,-0.19548669368122687,-0.049462106734147096,-1.3559559402914347,-0.31075323293759527,-0.05617954153515357,-1.5861794445907056,-0.36477481276589746,-0.08022325106761401,-1.8034439499867914,-0.39167468221316354,0.15257595859665019,-0.8051094436157884,-0.2635120245612417,0.25018746661038377,-1.0902105635112465,-0.3387806846306441,0.27891337851350206,-1.2844271919856163,-0.34807472308960996,0.27600440645806046,-1.4857260370630043,-0.3477121495911403,F
0.0,0.0,0.0,-0.26046722575681297,-0.06960112170214906,-0.09509277058566054,-0.4897019836598413,-0.2525799794945586,-0.1858240873536028,-0.6735619528751898,-0.41587984090006774,-0.28032664637635213,-0.7529626369708278,-0.6118183853907142,-0.3656679106189353,-0.3842215891269926,-0.8375757594926473,-0.09015564236409165,-0.5769882809552817,-0.958167029353621,-0.2700203150119783,-0.6915253429262044,-0.8839228141801295,-0.41870495410105746,-0.7465550937502639,-0.7812005136684032,-0.49958708564600496,-0.23416571574658274,-0.9639862247108137,-0.1260832111610549,-0.38329638501785096,-1.3956031461592182,-0.24569861486182065,-0.47098204031290475,-1.703721723891842,-0.32491943939740964,-0.5457540315788221,-1.9647865020458462,-0.3743322719179839,-0.05336937169109415,-0.9483647946761198,-0.18629342579078795,-0.07867085363983878,-1.3441760795643853,-0.30027084839394386,-0.09117803357866232,-1.5800190246792332,-0.3495218963866078,-0.12114502649240788,-1.803427609594592,-0.371133510840225,0.1288201230961315,-0.8225740024283572,-0.25566989006062657,0.21743513938656825,-1.1111246320208132,-0.3252100131686897,0.2460808363164626,-1.3016873576099715,-0.3285673668795665,0.2466132146757986,-1.4996676013161139,-0.3233282427283178,F
0.0,0.0,0.0,-0.2535505980304609,-0.07497812097961905,-0.08359602550655597,-0.47799593085351466,-0.26771711537063014,-0.16551430995366967,-0.652827150333636,-0.4409507183492441,-0.25439103005331143,-0.7074160229343124,-0.6385597852974845,-0.33397460912872123,-0.37125654414623743,-0.837673151406294,-0.06342775982600214,-0.5426276393106171,-0.9858362829409196,-0.24252987184827723,-0.640233148311494,-0.9127846039663993,-0.39086802876741994,-0.6811457149199682,-0.7825790067475624,-0.4703363823366039,-0.2299061691161916,-0.9678310563765183,-0.10220665201164515,-0.3719144904614608,-1.3973911529704675,-0.2147775788872079,-0.4500042722685076,-1.7007914463335239,-0.29274752099988904,-0.507285468278471,-1.9558931498490437,-0.34163154058184486,-0.051831876730422353,-0.9570196813435352,-0.1662060136693235,-0.08187592619999078,-1.3448828731722628,-0.269522189565977,-0.09445427689596275,-1.570966205871423,-0.31531324501084734,-0.11694729975859114,-1.781373701833149,-0.3363271437233971,0.1329946340115332,-0.830362062582621,-0.23983044258925487,0.21028294979545775,-1.1025593700694238,-0.2993068847485863,0.23767660959755307,-1.2812501918176742,-0.29861902003746477,0.24405349143369945,-1.464189019734905,-0.29141883783991884,F
0.0,0.0,0.0,-0.23665820187910463,-0.07852432032851848,-0.09885889854167382,-0.4577819976108736,-0.2558146915406225,-0.19262367493153779,-0.6291269568395391,-0.42589653049997117,-0.2939220956824128,-0.6608851989664488,-0.6209957489505588,-0.38319339313098455,-0.3581065236935623,-0.8446521170199331,-0.0741124749507693,-0.5302831573546247,-1.013526496640462,-0.2518785639750171,-0.6169813884023989,-0.9209198136451082,-0.3936030178918627,-0.6453825990651114,-0.7829089782316514,-0.46735360354901473,-0.21608309474561221,-0.9710368860142202,-0.10195813927767228,-0.3396957137993352,-1.3969341527698858,-0.2133347316790016,-0.4076117675806258,-1.694852951455161,-0.2866497300609528,-0.45991272159047425,-1.941281340024555,-0.33261373130907956,-0.044071087857818124,-0.9544397683975842,-0.15607627357646386,-0.07435357907086763,-1.3276842981726158,-0.2533536522587524,-0.08648265538045317,-1.5524604375276068,-0.2915253441140322,-0.10489788280884664,-1.7557316524326447,-0.3082953161613216,0.13200652297446616,-0.8320050112037661,-0.22224401458582646,0.20492882097541548,-1.097829687914345,-0.2721697525063556,0.2348423008344305,-1.2737220568139176,-0.26930849722037653,0.25185127988651534,-1.4515842778238641,-0.2619419460892101,F
0.0,0.0,0.0,-0.23580025732107066,-0.0730458793832485,-0.11030245723951729,-0.45767971741321983,-0.23596954783002053,-0.216153616572264,-0.6263204364306888,-0.4026097231178251,-0.3277802525278958,-0.6328338069437485,-0.6084229486171905,-0.4270438465836648,-0.3350604298639171,-0.8469888297096912,-0.09278953632140484,-0.4990440235095186,-1.018894118339555,-0.27424873036101266,-0.5804929898690873,-0.9238830185622057,-0.4169432429134719,-0.6043763401598489,-0.7827332633087353,-0.49138848389168027,-0.19363888747525207,-0.9741959198038221,-0.11595814371975571,-0.32305895262310763,-1.4041987960444908,-0.23304783869712287,-0.3902187884495721,-1.6981684177037648,-0.30865604076059433,-0.4390110503392679,-1.9394153516939363,-0.35719600326261086,-0.0262361610900159,-0.9563463331712394,-0.16580173983561683,-0.050703846283374265,-1.3251635582903407,-0.26647388150473555,-0.06261904189396324,-1.5437788206736736,-0.3067247640724324,-0.08193006082876368,-1.742213925459166,-0.32587822605618577,0.144915055844007,-0.8380984002840566,-0.22809979175094508,0.22340813256136627,-1.1095737315184035,-0.2804657495075154,0.25502856490000453,-1.2893377890470414,-0.28198164708880974,0.2719144749798831,-1.4751406681225259,-0.2788572479351654,F
0.0,0.0,0.0,-0.22711782161249178,-0.07159363855036614,-0.12036421873735545,-0.44797344657024646,-0.24184586192413027,-0.2290458783069236,-0.6141173422514864,-0.4195753728500105,-0.3418844233763264,-0.6180483170471774,-0.6262072954817431,-0.44073839445833646,-0.3349167872449484,-0.8520176238472453,-0.09605167950908954,-0.5017203164735696,-1.020022979764995,-0.28352988050246264,-0.5742293344292714,-0.9068508175026836,-0.4313717769287797,-0.5902745553310038,-0.7551118519815407,-0.5091364765906783,-0.18873388558426046,-0.9751629803534925,-0.11591670362963775,-0.3108587922715018,-1.4077275899459374,-0.2387653573090557,-0.37659710257751294,-1.7033268793594922,-0.32346822524980823,-0.42483172521842216,-1.952246513736431,-0.37865079666020557,-0.018580920218303813,-0.9510279337433545,-0.1629505707780118,-0.045340938737620774,-1.3137517177431266,-0.266935051915607,-0.06063829675169861,-1.533628101349081,-0.3113642440015562,-0.08077753788537037,-1.739643908959378,-0.33346615947767205,0.15187786711765427,-0.8252817491676653,-0.22325370408780643,0.2193479762986248,-1.0986156491902186,-0.2726336501262375,0.24639354788544798,-1.2734508800686193,-0.2708364616853238,0.2649494300477283,-1.4541008268683608,-0.26634216788811577,F
0.0,0.0,0.0,-0.22392007172633357,-0.09454097168400592,-0.09317852480972601,-0.43029428455698526,-0.2822084462013265,-0.18588538720171624,-0.5854289755084074,-0.46072802827301834,-0.28825630909976896,-0.6158172417845482,-0.6641871673240809,-0.37986097415973263,-0.3178312862791151,-0.8576393119606874,-0.06618789952666779,-0.48496599786014266,-1.025780098958671,-0.25099214002825004,-0.5634236169273885,-0.9289524553383566,-0.39717056119054345,-0.5867863716779093,-0.7898399784586736,-0.47308298714619873,-0.17773908680360573,-0.9788918043168229,-0.10089426377934119,-0.2998559516927943,-1.4166600501212805,-0.22265858439214578,-0.36447487615333063,-1.721781144888233,-0.3070405435306649,-0.4123490674805269,-1.9826493777138534,-0.3596797955041967,-0.010680271347431622,-0.9605116903979504,-0.16157500382681633,-0.04743206628241515,-1.3326409316828296,-0.26688891467141196,-0.059998898447632336,-1.5532467220363468,-0.3132623316587174,-0.08092062902379929,-1.7602814118582826,-0.33479915590349446,0.16001222167365034,-0.8345742687951573,-0.23343165531684115,0.22285963420407576,-1.1051504291622993,-0.28321827087341744,0.24924106696811255,-1.277432072591275,-0.2801691553514966,0.2629505574575121,-1.450182269179936,-0.273442597758149,F
0.0,0.0,0.0,-0.22416636117522534,-0.08048322837732591,-0.10988867708177097,-0.43841645243604177,-0.26143399352919455,-0.21035758000596538,-0.5962160774080036,-0.43715068087222425,-0.31552298569555653,-0.6116037669884719,-0.6453574686581728,-0.4073050661908316,-0.32840981931901514,-0.8578109859259603,-0.08642258611762162,-0.48617936962063035,-1.0417814650143384,-0.2727460302894468,-0.5521762183834446,-0.91734689635868,-0.4211021700165346,-0.569046558207189,-0.7534449037396745,-0.49823935878168213,-0.18211670121206108,-0.9770775170282834,-0.11024079488774352,-0.3031821316685223,-1.4117425418987624,-0.2333820655174534,-0.376197540355436,-1.7098333729305557,-0.32457960836388355,-0.43370620097308643,-1.9671081480676569,-0.38238583769148465,-0.010585043769437547,-0.9499041222256199,-0.15951115647843603,-0.04927347176117615,-1.3184022369241595,-0.265997638570227,-0.06992670903749552,-1.5421700312052544,-0.3197113098575342,-0.09655116359429519,-1.7492054570884221,-0.34629169882131305,0.1641087947336574,-0.8160830009162462,-0.22026478101204813,0.2293937729488843,-1.0764822087518118,-0.2712775453709279,0.24671523282782887,-1.2493638158304086,-0.27243082759108406,0.24998841112524986,-1.4237539621726316,-0.26851334986430964,F
0.0,0.0,0.0,-0.2291133608817302,-0.09783810471016721,-0.10094704747572555,-0.4282866965312774,-0.2894782599878997,-0.18946522881143224,-0.5639672377342003,-0.4864324806999621,-0.2872749147089809,-0.5733226409181261,-0.7021063655916013,-0.3729598103567133,-0.31850764001464427,-0.8539412243783029,-0.052964601872946195,-0.4545449800898687,-1.0418533287211431,-0.22857169057740234,-0.5129014869374909,-0.9634041968765295,-0.3715808277813277,-0.5195740609701046,-0.8463682615538274,-0.4482552115766735,-0.1751960163103118,-0.9812719571284249,-0.08007310423823835,-0.2792610072631272,-1.4130015452171236,-0.1941193095721278,-0.3446167393757576,-1.7050515232092556,-0.2783169669761745,-0.39551061754495587,-1.9493044383315028,-0.3324636434011639,-0.006638696787769689,-0.9750484896903022,-0.13480000132502692,-0.048772665361308344,-1.3405898667644023,-0.22878431690885986,-0.0684385613934304,-1.5644483696901768,-0.2785991348996856,-0.09969948837411631,-1.7709064007826143,-0.30645067849230556,0.16363890301194026,-0.8667249115003136,-0.20269221444524568,0.20786362595305038,-1.117872312148923,-0.24630007626980496,0.21732128247233087,-1.2806086507661214,-0.24962942855193215,0.21163705374800879,-1.4383813514128576,-0.2499243004422597,F
0.0,0.0,0.0,-0.22220677885826357,-0.09534066089745748,-0.11023652347757938,-0.4140774498770117,-0.2865190382363535,-0.20525444999876724,-0.5421505230771241,-0.48502183240518376,-0.3078472959037494,-0.5441532073371868,-0.7109972417540866,-0.39648079194008484,-0.3243266988922568,-0.8575217335631191,-0.06125850917702332,-0.44683689998914305,-1.0576328058061018,-0.24058646122447722,-0.4912034301950352,-0.9619874979623334,-0.3839441692481439,-0.490550435656864,-0.8272114059605464,-0.4591048780889849,-0.17872935243376192,-0.9804423748957216,-0.0823927672034717,-0.2852878747257717,-1.4108127773239674,-0.1938709623716004,-0.34763957852368094,-1.7037842630346376,-0.2755622257308491,-0.3971231713695701,-1.9537200446733003,-0.3288201670924921,-0.00795917656636549,-0.9715115663504356,-0.13208624694029356,-0.05367068059714747,-1.3445982822919513,-0.22073793847922732,-0.0747529409467592,-1.5732257549180533,-0.2652318372033075,-0.1041471269584649,-1.7826412919454249,-0.2910555193471586,0.1667905875842137,-0.8642648374893084,-0.19607401330552363,0.20361482651869217,-1.123183302540276,-0.23578650335870402,0.21167240813582683,-1.2906642974455413,-0.23606169559832507,0.2105195285154736,-1.4521232490761797,-0.2343974358968481,F
0.0,0.0,0.0,-0.2343809876092032,-0.11892979211705831,-0.08640311929967238,-0.42855615647024675,-0.32953947467401606,-0.16482855786403286,-0.5433444764003678,-0.5430375135388683,-0.2552874458878306,-0.5355914535096166,-0.771568995384571,-0.3318216442603733,-0.32542989883379836,-0.8681116575748488,-0.027584985325411437,-0.45284475078909303,-1.0756360791488657,-0.19432022400367352,-0.49283392702388995,-0.9778676182477753,-0.32830823008866944,-0.4809694334604426,-0.8397471206922762,-0.3977981321308943,-0.17647174901543333,-0.9825495913991739,-0.05877093023553849,-0.2860843340308284,-1.4130770052577737,-0.16191375285279413,-0.3484401128405566,-1.7033608407201901,-0.2379771840436482,-0.3966781264646171,-1.9456371215587305,-0.2874710373684392,-0.005239211802752043,-0.9687968972710095,-0.11803828507373577,-0.06010787587952995,-1.3360026414640211,-0.20274901126486936,-0.08580306750816873,-1.5564210822480782,-0.24508057546188594,-0.11909116868313464,-1.7556797708432328,-0.2696217943733461,0.1712050621417446,-0.8554087006397132,-0.19010568233928823,0.2080522903219556,-1.0977893551672715,-0.22708860815792567,0.21576867978479125,-1.2539672904364272,-0.22813497018060233,0.21173142338416542,-1.4038436444932794,-0.22756421111000188,F
0.0,0.0,0.0,-0.2243828254334733,-0.10313055929221109,-0.10314216892337683,-0.4203729655152146,-0.3037156948230723,-0.19468667050747476,-0.5442750240713795,-0.5129324493324546,-0.29527316968904943,-0.5325910357821494,-0.7504563296312564,-0.3801828544492119,-0.330272361358165,-0.8602816054223242,-0.04929139343627732,-0.446604633414359,-1.074609426397536,-0.22751696002392335,-0.47379182284335936,-0.9742552429771566,-0.3704456255481775,-0.45759680240683087,-0.8204770941950614,-0.44487258785154055,-0.18078480114957413,-0.9808500335692826,-0.07245734828467154,-0.2836018548813714,-1.4133707010463354,-0.17893287642388864,-0.34248343486149213,-1.7096634653346001,-0.25778642869458107,-0.3910761582214339,-1.9660260128819431,-0.3099594446160865,-0.007881376547795662,-0.971030796785528,-0.12449232259191191,-0.059428139572206704,-1.3423672785243292,-0.20846132106815585,-0.08424200890332907,-1.5730237269391583,-0.24814072537944395,-0.12253757508853913,-1.7816485082454885,-0.27132994073617905,0.17163790928458875,-0.8593275205269102,-0.19114758141983254,0.2148030277233544,-1.103592728130903,-0.2276706599559414,0.22137898244168777,-1.2685475736182188,-0.22651726198498168,0.21071436610194968,-1.4241307737634297,-0.22419891310775927,F
0.0,0.0,0.0,-0.2238692891434669,-0.10539807019875283,-0.10222731369853608,-0.42865517000871,-0.3071430208731805,-0.19362878466065644,-0.5627110751849171,-0.5031148695797689,-0.29178915508784975,-0.5495728053044626,-0.7253193579789886,-0.3748667741970511,-0.30288649617182395,-0.8697854110804231,-0.06234848560024443,-0.43763184301072605,-1.0804145368270268,-0.24010460034858316,-0.490613879657266,-0.9641823833573527,-0.3813647537683078,-0.4941767508812589,-0.8127172662337379,-0.4550002741054907,-0.15636264761897622,-0.9840210024042524,-0.08516683190605459,-0.2621378372234513,-1.4148830013064995,-0.19640194063426442,-0.31952996781388426,-1.7047731333536305,-0.27840672145126344,-0.3615881771384849,-1.9661226322661076,-0.3320135038572938,0.014430972998007632,-0.9591469969280269,-0.13502797463040045,-0.03112855025927379,-1.3205637856080692,-0.22712858657841925,-0.05787908116328565,-1.5523815789957691,-0.27455189857393597,-0.09479142491994241,-1.771499293221433,-0.30076680004709705,0.19062673190623974,-0.830625578219389,-0.1977410344605004,0.2449870039066822,-1.0755422772196779,-0.2393404192246274,0.2527762691578631,-1.2405553441967163,-0.24110328640368528,0.24199207969147898,-1.4039551241627632,-0.23984095694960852,F
0.0,0.0,0.0,-0.21582997341968974,-0.10258094837937798,-0.10969946621400305,-0.41599820735773346,-0.3072732736757544,-0.20534423679330818,-0.5576317426908874,-0.5055070773503001,-0.30769360940266505,-0.5584474317053605,-0.7273193018800458,-0.3950307113817266,-0.29730891620368555,-0.8759115545232173,-0.058894244446066904,-0.42698209634730566,-1.0792755540251997,-0.2346939485155514,-0.49092388482130694,-0.9780717388000963,-0.37531947629117385,-0.5095596832321404,-0.8291371966330571,-0.44883659886878496,-0.1536710890919105,-0.9849891453055093,-0.07862302466598843,-0.25206991663447126,-1.4018835897716362,-0.1838990245422959,-0.3093806032141232,-1.683876246041065,-0.25963953370152104,-0.35214159251175886,-1.933253942324482,-0.3095946441074214,0.01369987501586217,-0.9536359991234664,-0.1278872656965218,-0.024194414397220938,-1.3121807663489562,-0.21695024018253334,-0.04896080001186471,-1.5440859062986914,-0.2619659979181767,-0.08565372656671336,-1.7606363465307344,-0.2881308300317488,0.182413201021524,-0.815198229354251,-0.19114823336924922,0.24537852329556364,-1.0534615646860626,-0.23609377071212337,0.26086800150704326,-1.2263624345685284,-0.2414836743295123,0.25674393909831916,-1.3989829013834456,-0.2432088191123464,F
0.0,0.0,0.0,-0.23697233378908616,-0.10743908107174527,-0.08823883981700949,-0.43927429416076424,-0.31799938312950343,-0.1661419188196926,-0.5609374205595915,-0.5341615564456058,-0.2549394708613616,-0.5379600430161909,-0.7634212174396412,-0.32908117563078393,-0.32726396119933315,-0.8671155182539664,-0.019705794297849424,-0.4419902080745847,-1.0777300047226328,-0.18501279532138173,-0.4979311500917825,-0.9840150381043834,-0.32092940989998303,-0.5094141016905631,-0.8565871684826581,-0.39228211156307663,-0.18001623089693025,-0.9825056835287589,-0.04771518047067969,-0.2823380724561315,-1.4027706520496677,-0.14273603621348216,-0.341393661905069,-1.6842551606680793,-0.2128300360032503,-0.3868432270431077,-1.9389370316988799,-0.25857827278568163,-0.009400357828929324,-0.9668318864780515,-0.10494231000125837,-0.06225342588801274,-1.3138138735387377,-0.18212612083024296,-0.09262028215198767,-1.5235410105958236,-0.21828015106957274,-0.13228390840050844,-1.721862966620374,-0.2383412519032281,0.1705702944164722,-0.848253127987221,-0.17588712456672237,0.20437244233203225,-1.0854775786529451,-0.20813312409003157,0.20282882408480393,-1.234798978233991,-0.2028850451617355,0.18552041084972518,-1.3773667690930624,-0.19704408519025846,F
0.0,0.0,0.0,-0.23080230142543176,-0.11052999931778759,-0.11161247918854716,-0.4302881082938304,-0.3201545685154841,-0.20218897183352394,-0.5492256527046367,-0.5278901619572038,-0.30090870651836665,-0.5356476276773038,-0.7378954783266857,-0.3851000956765611,-0.3053236805560657,-0.8689110721414225,-0.05296310596446191,-0.42714214312537385,-1.088421101256508,-0.23621793289026205,-0.4775848743109358,-0.973345148941036,-0.3844007762827809,-0.47824606343876297,-0.8263968969015479,-0.46416393616762264,-0.15394660407778343,-0.9851946548154248,-0.07544491511052491,-0.250260243593365,-1.421950544995288,-0.1965258536244196,-0.319023595465821,-1.708804099305551,-0.29042391500137194,-0.36908827756293255,-1.9629803727933008,-0.35166453440386164,0.015546991018649325,-0.9692191446788846,-0.1272746942366738,-0.03800044053142413,-1.3301896830411202,-0.23015770045973077,-0.07348372802220045,-1.5593474233185574,-0.28708037474518044,-0.10995546627824503,-1.782935049906551,-0.3183492163891962,0.18735109771443584,-0.8497840419589716,-0.19303401797905057,0.2225407702540647,-1.1031089907991785,-0.24105504082193568,0.223750781274361,-1.264671807998942,-0.24656609426073292,0.21465760559271688,-1.4291217330777994,-0.2483060604290023,F
0.0,0.0,0.0,-0.23088339805837502,-0.09907905988444592,-0.11139437436377701,-0.4273242713670536,-0.29502822569990145,-0.2046172935791918,-0.5461452938602536,-0.4897030547756512,-0.3053920760655035,-0.5060266867836042,-0.6908585078004826,-0.3914024047411031,-0.29335573643249735,-0.8757228088635317,-0.05215977403709175,-0.4035013230528516,-1.0940766794460484,-0.23079236447139773,-0.4497793279760251,-0.9588945718773015,-0.3767174998472979,-0.45153076395852315,-0.7990548254298455,-0.4543622934733525,-0.1434029782021243,-0.9870267986616623,-0.072205848561396,-0.2387901913074909,-1.4078008237797088,-0.1824490404401138,-0.3036800397209868,-1.687745253875239,-0.27337805639473356,-0.35017965491133357,-1.9404455300277563,-0.33414369655330206,0.02733545550820568,-0.9670355633540683,-0.1212121579370308,-0.026461757806909843,-1.3300858639295106,-0.21389483413568358,-0.05781914439116253,-1.5585809684493737,-0.2702851090315861,-0.08754879890082029,-1.7712878177988796,-0.30358300354174467,0.19960526900305528,-0.8479494166562417,-0.18422149520847103,0.22959320981288267,-1.0996257943197891,-0.2274252598764291,0.23684667237252013,-1.2460473965258214,-0.232818229647826,0.24243728089376104,-1.38759730262011,-0.23453106643669913,F
0.0,0.0,0.0,-0.22713835689850825,-0.09575993906302128,-0.10330930823738661,-0.43183785747511766,-0.2884783272187251,-0.1962636233609962,-0.5520486895338407,-0.47797144420681736,-0.29680025144884287,-0.5390966827582185,-0.6848811482038796,-0.38187707411601124,-0.30964137007418907,-0.8691449331019706,-0.06636233481832862,-0.43341766977426155,-1.0653922844983252,-0.24696405633094204,-0.48105131129097367,-0.9038489612989513,-0.3882066381064818,-0.4816721928625207,-0.7255564067521196,-0.4617172983235015,-0.1598665748445932,-0.9825992300549083,-0.09455914203798262,-0.2555906230262553,-1.4211081900677898,-0.21231940530253482,-0.3200101536709587,-1.705253690331319,-0.2994264784988967,-0.3687214419074557,-1.9572309145178284,-0.3558866693727772,0.008026059998990566,-0.9624553962021445,-0.1499903651171695,-0.038555702610194434,-1.3434855698577846,-0.2507933181157857,-0.06999366060348862,-1.5823798775796118,-0.30836196588378034,-0.10483971852755736,-1.805823927775481,-0.3419296412291802,0.17754850896788535,-0.8379422597753645,-0.2175384992885586,0.21921536814854922,-1.091793402094378,-0.26612491716699344,0.22575026939294976,-1.2478377514540522,-0.2731184816350884,0.22119672885537844,-1.3995198249302359,-0.2764025739693719,F
0.0,0.0,0.0,-0.22475000869099723,-0.09958999415622438,-0.10391975797921567,-0.4342130581054471,-0.2988236926643626,-0.19823293521440208,-0.5623951866624516,-0.4898681121876896,-0.2992518570839302,-0.5325582574422548,-0.6806314686983462,-0.38657727301095945,-0.30429206196299624,-0.8687003128633203,-0.06682238711965637,-0.44952748282297206,-1.033696813335089,-0.2504296706666651,-0.4888467029548906,-0.8792355982649653,-0.39680612801347565,-0.47585310799997,-0.7079235722261881,-0.4740323487072703,-0.15649045340101636,-0.9829072621220226,-0.0969744918116821,-0.2655407661161805,-1.4144882154671194,-0.21530907723840895,-0.31517203864890975,-1.6993243693847402,-0.30322080403741763,-0.344762999586574,-1.9566798237464729,-0.35957698979350416,0.016564102282004244,-0.9607418883242099,-0.15450129662332293,-0.03892676949750572,-1.3355485708672286,-0.2583766434277409,-0.06618927138340515,-1.5784597972330756,-0.31430476884225833,-0.09664295233933144,-1.8102057114984087,-0.34467988719305503,0.19381598768952993,-0.8292163000855364,-0.2241470174608633,0.23348981718162548,-1.0867620289189304,-0.2714516619712262,0.2425854557186964,-1.2463066393566522,-0.2716002614508486,0.24151186214803996,-1.4025529555045346,-0.26886241474273476,F
0.0,0.0,0.0,-0.22415241535199854,-0.09537629684636381,-0.10497356322138864,-0.4271253487137644,-0.28543834145608377,-0.19999331911425497,-0.5544572313942925,-0.4626727658206753,-0.30079011362406205,-0.5417296553626033,-0.6594524133474275,-0.38857199093808503,-0.3092693001153031,-0.8688229911509274,-0.07489475002270256,-0.4494248378739636,-1.0396797494151881,-0.25584807210529215,-0.49517462966175957,-0.8762090297196431,-0.39936269727201174,-0.49294651082281477,-0.6988942344701697,-0.474489343788721,-0.15962847287635437,-0.9817439319035123,-0.10342921646128272,-0.2611754846071388,-1.4151438523757096,-0.22196901807528002,-0.31634742821613177,-1.693692411163278,-0.3102416038683694,-0.35513682686159775,-1.951896460626132,-0.366910588651407,0.010709611043535978,-0.9564368635767949,-0.15801507788697217,-0.03749278903775147,-1.3439654446421245,-0.26223435481851826,-0.06647724474047685,-1.59282649311728,-0.3199643077225473,-0.09774563663293785,-1.8326831048636318,-0.35198753015527917,0.1789302957875256,-0.8230222622178742,-0.2238789894526989,0.21803965290828972,-1.0877654820829374,-0.2720845349789592,0.23064369873740903,-1.2482591238965495,-0.2725388325495521,0.23749459226807834,-1.4073545868247783,-0.27007774108628535,F
0.0,0.0,0.0,-0.2283876447591783,-0.07715601240451848,-0.10996189039532361,-0.44281722148091535,-0.25353358885796184,-0.21019833005487037,-0.5676757744431112,-0.4211270251283599,-0.3158221888367623,-0.5484315851405853,-0.6235852788840869,-0.40854219638338385,-0.3149802989675465,-0.8628512348830472,-0.08459686323590161,-0.4589390649856904,-1.05903396769246,-0.2689666012627136,-0.5122608109285709,-0.8917233986614754,-0.4150098843011928,-0.514869228269994,-0.7066875420551079,-0.491884102137009,-0.15874763738572775,-0.9810978455810422,-0.11066257280890873,-0.26697582146892207,-1.4196437717468138,-0.23008540667034422,-0.33085455418074505,-1.6975714817206011,-0.32322772864884297,-0.37417106338571876,-1.961182136525579,-0.3842193085484949,0.0209042068210166,-0.9576713529038621,-0.16293329016534341,-0.028845784024640355,-1.358871175586438,-0.27028878709997495,-0.05925115180636167,-1.6139133367498788,-0.3361780026887839,-0.0892363504976283,-1.8646306485197024,-0.37460861598960715,0.20392153552006384,-0.8237465870901045,-0.22598885735977342,0.24575283280393723,-1.0941317533648565,-0.28171459741649246,0.24961826130477655,-1.2661822556261706,-0.2908636045555453,0.242965795924817,-1.4442460704377131,-0.29410479829524916,F
0.0,0.0,0.0,-0.2267091647338538,-0.08241129399502685,-0.1021119290910304,-0.4390832766984826,-0.2599703130274184,-0.19918433797598167,-0.5743463075417592,-0.417915775706254,-0.30209474641904194,-0.5545203777054933,-0.6005604317379378,-0.3929927797463254,-0.3161042427225264,-0.866299123183138,-0.07918834028338038,-0.4819795739320575,-1.0004527778782146,-0.26393469247727885,-0.5293763012347907,-0.8233367541993867,-0.41342833946323676,-0.5225539210880045,-0.6353566470272675,-0.49328658956870924,-0.16744815349111122,-0.9795605758450543,-0.11145489734651799,-0.28127782320454464,-1.4073781471973876,-0.23062589779958406,-0.3351335360280939,-1.684741848458744,-0.3213095715588101,-0.369400233433867,-1.944432457743749,-0.38001561942849366,0.009939393618203484,-0.9542805803454173,-0.16916906273088964,-0.04317914724980621,-1.3497052176642421,-0.2759708219603809,-0.06602864622509695,-1.5946825920671077,-0.3333388382321469,-0.0935931511439285,-1.834522730580067,-0.3645542399608746,0.19215835880232218,-0.8121967424922635,-0.2377761000139866,0.23490741042121818,-1.0802665082091634,-0.29082160800099777,0.2425676432857176,-1.250016160998086,-0.2906182210628803,0.23567856213399135,-1.4246032097820667,-0.28654088616538725,F
0.0,0.0,0.0,-0.23793551111457903,-0.08491786375051134,-0.09522780231734543,-0.44945752151951934,-0.2475030322978984,-0.19286852613125935,-0.5875509649423077,-0.3812458121203953,-0.2986143302693773,-0.5975176115075927,-0.5590433688897901,-0.39250147844391103,-0.3425267113324065,-0.8508548984637472,-0.08306855094761699,-0.504720631972472,-0.9786639705106068,-0.274355236817861,-0.5665824403522643,-0.7980784441734357,-0.4280763590790487,-0.5662200765186377,-0.6063521993209046,-0.510556472655334,-0.19361618231088484,-0.9737041155378414,-0.12005444319985785,-0.3180855333367739,-1.388430836036037,-0.25212931136627353,-0.3963082000960558,-1.6806496966947138,-0.34773223095820255,-0.45768160504791655,-1.9615174446194124,-0.40896995461502217,-0.015656152626956358,-0.964798302224623,-0.181709775584097,-0.07349421260418566,-1.3695941530215419,-0.29565607185519377,-0.11124405578284512,-1.621118636125232,-0.35049517313257855,-0.1606466533287283,-1.8704630281211791,-0.3790426489004818,0.16759557064911854,-0.8344142806534866,-0.2535838952650017,0.21603186463866386,-1.1056912031990438,-0.30521633099157564,0.21905484553332136,-1.2801168725926713,-0.2997555794084353,0.20403020379033035,-1.4552607050913489,-0.2917787542182798,F
0.0,0.0,0.0,-0.21715292020869376,-0.06686305288617657,-0.11678669101038308,-0.4236721843419373,-0.22748563337772035,-0.2244261687760648,-0.5775873085292933,-0.34545185221096647,-0.33478713955398937,-0.5929874241746194,-0.477534163622131,-0.435178802724818,-0.34644581392336904,-0.8381096720626919,-0.10351120890607479,-0.5198436758289574,-0.9501015791185857,-0.3041815222600973,-0.5740334618456397,-0.771825381692598,-0.4636725276692461,-0.5686824589354903,-0.584325709245328,-0.5465252977621897,-0.19023910301692953,-0.9728239587232564,-0.13199480678165323,-0.3142690663782505,-1.4003358004978292,-0.26746217331130073,-0.38653242920444253,-1.6973094910172486,-0.3670724050708734,-0.4412921364766797,-1.9719685200617167,-0.42712819742344377,0.00034276886968929136,-0.9610729033364978,-0.1857978301563089,-0.053799410359536184,-1.3641786154485958,-0.30561790830039687,-0.0898612118096152,-1.622791606756493,-0.3677335443316804,-0.13640262737287337,-1.8695093621213337,-0.39654687234297276,0.19862741896682581,-0.8268734500774308,-0.2501195944725848,0.2355876285059119,-1.1106806334044548,-0.3076312928552794,0.23327631897488202,-1.2839332946082997,-0.30170647938506406,0.21179511632890757,-1.450054969123832,-0.2891498066387789,F
0.0,0.0,0.0,-0.22754745241811325,-0.0627242552413224,-0.11509595726497464,-0.44093618250041955,-0.21963781705313776,-0.2251369994224714,-0.5911903394131656,-0.3375949273073918,-0.33752144919402993,-0.5901965576524081,-0.5059584935210342,-0.4389418777685102,-0.34404951746879214,-0.8330169934245382,-0.11301845382635624,-0.5157796183621046,-0.9300007303150273,-0.31043691609506335,-0.5690937551434943,-0.7509960918567384,-0.4682983269507324,-0.5593545561974914,-0.5655072597623609,-0.5530621109276612,-0.1952022140566404,-0.9701189461408796,-0.14410179029385725,-0.32048584006980035,-1.3948017883580697,-0.28028769188465114,-0.39085502053615284,-1.6906657989219962,-0.37795553581593877,-0.4438280289057272,-1.9628888532489366,-0.43762232870126266,-0.009966388402913036,-0.9551860585193285,-0.19953268308622635,-0.06554553522440792,-1.3651862657440184,-0.31999870933446745,-0.09789283894457997,-1.621376973168542,-0.37948996824451386,-0.1386337604182363,-1.8645686571668503,-0.4084289567996635,0.18408507663183193,-0.8133967742351886,-0.26532784702924506,0.22348798989486685,-1.0923640852810899,-0.33008039208393186,0.2194966842086935,-1.2654366693288719,-0.3279889367170174,0.1980851105742516,-1.4311799838061494,-0.31843673878990325,F
0.0,0.0,0.0,-0.22283837550137164,-0.057127548563615294,-0.12387003317903356,-0.43781285857142693,-0.1966149404570147,-0.244634623024457,-0.5872938075280376,-0.3074241414836644,-0.3671115170044299,-0.5966780830541769,-0.45160455262383875,-0.4811882899780875,-0.3536879322702412,-0.8373679139608804,-0.1330150519904742,-0.5317546926012908,-0.908659495294007,-0.33979861217456364,-0.5721696627067631,-0.7080447343760295,-0.5084547846908721,-0.5530312410917596,-0.5138644519129277,-0.6009099523776391,-0.19332418548855862,-0.967361726348689,-0.16382017488963244,-0.3225504018658315,-1.3876683185337617,-0.30784004580998725,-0.3902106229267917,-1.6887842100291428,-0.42137547760315547,-0.4397683420231635,-1.9718314485342174,-0.4956725657777178,0.000888535574896529,-0.9458299001771785,-0.2177044363823196,-0.052421483358002605,-1.3629903007214568,-0.34874688382299146,-0.0848110732173558,-1.6270514379957959,-0.42569836184209403,-0.12638924922028183,-1.8761761864780797,-0.4678724208297721,0.20009609590580574,-0.8005934715581093,-0.28101911907311616,0.2504341043780688,-1.0863235938684965,-0.3516441885396072,0.25353692702056463,-1.2625244294922633,-0.3583881118492125,0.23873540523541328,-1.4351725331903726,-0.3572682088387793,F
0.0,0.0,0.0,-0.23110989436884674,-0.031585812167734505,-0.12796452056003318,-0.45623113368284457,-0.1798215362912192,-0.24600544921722028,-0.6009168818717538,-0.3056837973228922,-0.3620063643718372,-0.5899108796365718,-0.46331206141402437,-0.46949924980383,-0.36767161775217017,-0.8239199808429885,-0.14473971602258695,-0.5391160723081901,-0.9150161681517867,-0.3440834727272247,-0.5765232706950292,-0.7122648024696059,-0.5028587487596041,-0.5610727990946387,-0.5038905477060174,-0.5894648805612636,-0.19986077354859774,-0.9643299642864315,-0.17356091488548347,-0.3274560258656226,-1.3841496157849156,-0.3210132057139778,-0.40703363605202203,-1.6714830167778485,-0.43563188712708184,-0.466708767406834,-1.93720194599481,-0.5084818621822617,-0.006395340872227439,-0.9436600589080166,-0.22345706725305092,-0.057168970386641524,-1.3586228120879225,-0.364076428384799,-0.09835335752570869,-1.6290078598247537,-0.45021128652330344,-0.14218245878873453,-1.8826825355031198,-0.4960714388559757,0.18909095778105484,-0.7916801690642533,-0.2809719942807888,0.2369632267819024,-1.0746882707637957,-0.36622427150901693,0.23403422742637814,-1.2558601619049514,-0.3822399260196688,0.21458832790609292,-1.4265964160040536,-0.38509359158355816,F
0.0,0.0,0.0,-0.22874289082135768,-0.01861444721855986,-0.13874326334977458,-0.4649689692182713,-0.1548861058707896,-0.2656283816429968,-0.6095658734163155,-0.2795146728292169,-0.38883509221384815,-0.5816043289867846,-0.4475554423851899,-0.49915991078381206,-0.3737019198202147,-0.8218721406460239,-0.153836180547617,-0.5463045918969381,-0.8992323652360875,-0.3649160739875855,-0.5588992127220056,-0.6851071367946887,-0.5314873880439638,-0.5105673326503538,-0.4865732115890878,-0.6226592845288939,-0.21464902257270474,-0.9599754475650276,-0.17992480979816908,-0.358761281266558,-1.398731511031567,-0.3344923119981734,-0.4319133909290578,-1.688106925558994,-0.45010437015237775,-0.47939487582282475,-1.960964700585881,-0.5222923995612622,-0.020274638998062203,-0.9423781396768791,-0.22883816479084573,-0.08577500449603913,-1.37325445447468,-0.37339265797618215,-0.12342909652210127,-1.6395361663644838,-0.45459545171921545,-0.15736479394682387,-1.8954982276493415,-0.49545230017929354,0.18416456661799124,-0.7964364076399804,-0.28730786278154974,0.22399938216926868,-1.0934182554209175,-0.3711550466021905,0.22146813343645977,-1.273773805615544,-0.3841003738784956,0.20864732054361734,-1.4519384826408885,-0.38409194604904723,F
0.0,0.0,0.0,-0.2274291190407368,-0.023975939088185072,-0.13641569775235088,-0.45747104093580204,-0.15667063450157037,-0.26460543724038615,-0.6051309784896608,-0.2749819832065477,-0.3896377243678973,-0.5811306552119415,-0.43140360340893574,-0.5035051468946258,-0.37057613424368746,-0.8184412823326936,-0.15797197939658497,-0.5371718728005009,-0.9214666998590815,-0.3697956443205891,-0.5602086511342032,-0.6972773529096352,-0.5362184768061603,-0.5242312573061984,-0.4801021550254357,-0.6269896383550199,-0.21051720576911845,-0.9604407627978694,-0.18230756218931052,-0.3574644599652284,-1.395261108400927,-0.34248719932940025,-0.43508783277309915,-1.6841435574716226,-0.46035145837740726,-0.48723342209193,-1.9578102722729938,-0.5335388945236758,-0.01751597614871491,-0.942120477851944,-0.22853082992948462,-0.0820609258456732,-1.3765336813812643,-0.37534750401970846,-0.11348808212363433,-1.6379015282219822,-0.4556882592220594,-0.14112460530128296,-1.8855495738755552,-0.4951963266752103,0.18825148506508022,-0.8026259186752788,-0.28334307052119856,0.2178708862007578,-1.1018901211688574,-0.3668847586038585,0.21007533469816586,-1.2772150301214882,-0.3776935586188297,0.1955974068909587,-1.4445574421184313,-0.37606180375365744,F
0.0,0.0,0.0,-0.22415653780128372,-0.03583990541187206,-0.12516218525029824,-0.44554274856254905,-0.16814431644565353,-0.24414809181959773,-0.5846205602762761,-0.28280533627180254,-0.3633478872639163,-0.5735660745944128,-0.40079415572563815,-0.47154156357280663,-0.3700055753994257,-0.8248760219925692,-0.13414764748839006,-0.5471111368287733,-0.8969164864084653,-0.3302662795542842,-0.5632963276331618,-0.6719646983748383,-0.48376889836100767,-0.5255487640750622,-0.46352395800926266,-0.5663300720807339,-0.22003167561164494,-0.9615579339634567,-0.16429364369768082,-0.37190163463615683,-1.3776923724298586,-0.30367929092252327,-0.4488716355880009,-1.6607372986759452,-0.4089183262701798,-0.5023302845248258,-1.9293887031689072,-0.4756570922649601,-0.03235153338084537,-0.9465261097221114,-0.2167366744487917,-0.10330967455436359,-1.3610794718377923,-0.3449559133113672,-0.14281447290115987,-1.6158038482189363,-0.420026728757905,-0.18266687606692486,-1.8606774882443846,-0.4602328986633086,0.16986349231256537,-0.8076494665949616,-0.27865500615007405,0.19918154839419397,-1.0913475564320612,-0.34640557311132975,0.19280613529634189,-1.25931390211013,-0.35250399428259616,0.17367627134356806,-1.427131636760277,-0.351154035265238,F
0.0,0.0,0.0,-0.22901583686720714,-0.023560844850010285,-0.13419295617620194,-0.46297547398808797,-0.15480728418967982,-0.2626946414692003,-0.610878971964631,-0.2629515507631528,-0.38885883702784735,-0.5797487207896984,-0.371774606868373,-0.5062309161685796,-0.3890863738119207,-0.8126495365456475,-0.165164198363506,-0.5538410853024888,-0.892511156809079,-0.37975716869036535,-0.5703220499810153,-0.6636258853340649,-0.5459102844463097,-0.5325901567137847,-0.4549996969900576,-0.6351610897051756,-0.23006337015788586,-0.9535566861001791,-0.19442348650623525,-0.37039144150323833,-1.3852939196696474,-0.3502677331753923,-0.4443001076747775,-1.6785072924285351,-0.46308916628195446,-0.49587908162816735,-1.9662034307616965,-0.5333676818410132,-0.03148845939789451,-0.9378448155474238,-0.24570766534546148,-0.10087512302368058,-1.3816538919921957,-0.3891308090668807,-0.14340369531015412,-1.651669519622878,-0.47034170695586636,-0.18132146553341755,-1.9168211160579411,-0.5118760821025066,0.18196940099553993,-0.7951225436530093,-0.30572572119450336,0.20929218472493447,-1.0982423303763327,-0.3838315990919869,0.20171525301717685,-1.2745974195075704,-0.3924918331757124,0.18896650195583492,-1.448787832266224,-0.3909531275540999,F
0.0,0.0,0.0,-0.2244009651270206,-0.04436191505199349,-0.12805494694320987,-0.44231531354455245,-0.18453160671543814,-0.2495906505873469,-0.5891685112932745,-0.2783630877127699,-0.3700977043923512,-0.5822725719341199,-0.3523816500393377,-0.4823593216621831,-0.3807292790391666,-0.8232614669713358,-0.14906886304932393,-0.547819521820784,-0.8855554890253753,-0.3562590551949717,-0.563149876357051,-0.6429052473567394,-0.5181757936935744,-0.5298848241690566,-0.41448581448100946,-0.6032009624997041,-0.21883291877600453,-0.9588878992791758,-0.18068245702320937,-0.3557361712839777,-1.3841930070154596,-0.3243713034054689,-0.4303553942438256,-1.6796839900505973,-0.42976219388893855,-0.48744665155193057,-1.9581225766969403,-0.4954376151780629,-0.023788455653323982,-0.9392207971761951,-0.23497142938863233,-0.07722282588968488,-1.3622635275549675,-0.3657235774516627,-0.11442825624313417,-1.6326537058267312,-0.44051917276705427,-0.15843821303126482,-1.8877701537624074,-0.47897181589570625,0.17919005716514136,-0.7948627651635016,-0.298558208764506,0.20851658165173914,-1.0951438594596032,-0.3651570578802557,0.1997353895101268,-1.2730807823645558,-0.36454800076631166,0.17769303174208653,-1.4428223700487108,-0.3572893473209561,F
0.0,0.0,0.0,-0.22271214832848724,-0.04791352999807111,-0.12107788789014319,-0.44635393116153477,-0.18821946487449512,-0.24471472175114445,-0.5869036627778846,-0.2803418347987598,-0.368348776912382,-0.582864071055795,-0.3476898642590806,-0.4826694731860209,-0.37183485200276745,-0.8344455433557697,-0.16820199384058448,-0.5517557528091143,-0.8868909960111169,-0.3600798447163042,-0.5708517064247405,-0.6166053212097466,-0.5000839490249501,-0.5463557825666313,-0.3751499774782613,-0.5743068005679218,-0.2100172257095686,-0.9561948656854616,-0.20392190598858667,-0.3505308797814451,-1.377667317008556,-0.3413151941069337,-0.4115394651644118,-1.6583790377430778,-0.43754757984893916,-0.4530639900139331,-1.9368375518364014,-0.5021676549805606,-0.01959921714004716,-0.9246973472620382,-0.2588937433586251,-0.07754886405524479,-1.356580538893356,-0.3907571000799659,-0.10610515155498886,-1.6202687605114416,-0.46500814859267126,-0.14059127545544037,-1.8818127369610316,-0.5080384553994026,0.1777948766199083,-0.7686998670575623,-0.32134620491226246,0.218190065001522,-1.0573552071297574,-0.3923602276338168,0.22419715836615212,-1.2208221967187773,-0.3970178295148328,0.21479513162461747,-1.3940399626459075,-0.39808202597188574,F
0.0,0.0,0.0,-0.23146022234205643,-0.07023587582750447,-0.10777181249301117,-0.44471606740415115,-0.2269178412589956,-0.22555722579520154,-0.566434777334187,-0.316178755527173,-0.3489173254170484,-0.578546356320725,-0.3452209623126214,-0.46644517049510414,-0.3696988701819077,-0.8440597051274236,-0.14748867770268187,-0.5580725850429298,-0.8838294336353735,-0.33862140086091375,-0.578442156786309,-0.610372846527518,-0.4843170075367829,-0.5577423803114527,-0.37250471212761427,-0.5622397997934993,-0.20665031319759625,-0.960070077115157,-0.18857649663580042,-0.35459676455762923,-1.3669053020542037,-0.32178515897647547,-0.4205672863401238,-1.6380766855796933,-0.4148191518599355,-0.4641938348564248,-1.8951074736674471,-0.4777667643045543,-0.017817401767664876,-0.9155847807117721,-0.24947685771069844,-0.07571748995526714,-1.339165948757695,-0.3731944470714179,-0.10322041810127303,-1.5900672890606098,-0.44033712378890816,-0.1344989624805334,-1.826867557887119,-0.47903458519140607,0.18174518723720415,-0.7574382728586264,-0.31842047965707426,0.21963788689070776,-1.0460896672455167,-0.3757478970845163,0.2226927297927947,-1.2143241272650929,-0.3729565173155692,0.2139428433717619,-1.3890433914127407,-0.37151899041975583,F
0.0,0.0,0.0,-0.24967258048909186,-0.045324473166919566,-0.11350573443910404,-0.4915340219705074,-0.1910135818320319,-0.2336592095980685,-0.6489843486944267,-0.2796670486336092,-0.35306779455972165,-0.6577078379075485,-0.3400991701145687,-0.4685822239465097,-0.41095034622396265,-0.8270989491042444,-0.17955045252521246,-0.6100115598514309,-0.8436102718968465,-0.38089722185474334,-0.6493029835651727,-0.5968558366628601,-0.5403687213903702,-0.6416374079696716,-0.36362351651318237,-0.6270887450351501,-0.24142742563828903,-0.9457453558255392,-0.21743624372236756,-0.40056567665352233,-1.3646520224131535,-0.3627523461437806,-0.48750982401658927,-1.65430869450647,-0.47489976199756423,-0.5527829796069285,-1.9226626770037962,-0.5495562178583133,-0.041975368518287086,-0.9058896351044929,-0.27104457880884586,-0.10101489515048258,-1.3556786684452742,-0.4072042745855855,-0.14474428368267242,-1.6298975956678066,-0.49403609742587146,-0.19171732935231264,-1.881483895662374,-0.5436784742504094,0.16319568785854577,-0.7477325044106934,-0.32944623873673695,0.20348389619791873,-1.0482078619175765,-0.40471866470583173,0.19675894296665833,-1.222186703963095,-0.4104093918038674,0.1756831947534297,-1.3942491521097382,-0.40968138371489077,F
0.0,0.0,0.0,-0.25074694798215885,-0.029495876608940628,-0.10519246138221626,-0.48652382954307055,-0.15937146768460123,-0.2133308811643002,-0.621306583977868,-0.24583053699118293,-0.3226853760927747,-0.6048176865033557,-0.33135226633454645,-0.4239146473774796,-0.40911597237539415,-0.8240956831473687,-0.14378911743672013,-0.6160080608392975,-0.8881887999930093,-0.3353376854270913,-0.6497138293667015,-0.6545266668810787,-0.4849357471643073,-0.6262030200840712,-0.42295116941733846,-0.5653852429202049,-0.25444822014946794,-0.9497898650106306,-0.1820860115051573,-0.4102186599958967,-1.3679729554516933,-0.32409536251929283,-0.4987184966967463,-1.6448526012955238,-0.42791614391244726,-0.5667381580212981,-1.9000591272558036,-0.49356859643880857,-0.06605065555335592,-0.925940222497413,-0.2387499623960227,-0.1310844415096768,-1.3522423637879928,-0.36799807853231603,-0.17739214289695351,-1.6148662302938335,-0.44375299086597975,-0.2266102589766536,-1.857261457009402,-0.4839293273912505,0.134969186692675,-0.7838884595317551,-0.30155890684631703,0.16858247890168734,-1.080876156046675,-0.37063046317349474,0.15684945352942298,-1.2507547830269405,-0.37394895273990103,0.125828087572293,-1.4137276484549877,-0.36972918897444934,F
0.0,0.0,0.0,-0.2593640666570359,-0.034833485369417085,-0.0951983820647906,-0.4982292591137921,-0.15890353743663832,-0.19993629081694442,-0.6475727135630134,-0.23444769875481888,-0.3064246761253294,-0.6888594355574331,-0.3116762719424763,-0.407966242252365,-0.4025626497241767,-0.8199302531643403,-0.1546510274209956,-0.6134696469749202,-0.8578276190855056,-0.3409651479739981,-0.6564597922594656,-0.6218814401551545,-0.4921809421858089,-0.6444270839024756,-0.39818355909194975,-0.5756522005147844,-0.24838839328811482,-0.9482470763760734,-0.19781478262247756,-0.4063812836756793,-1.3676188637810254,-0.33253408196608125,-0.5031862969337403,-1.651963556942071,-0.4386865592358791,-0.5891483365390083,-1.911191501827262,-0.5100359456450221,-0.0595928189370756,-0.9242637889992957,-0.2564661560090284,-0.12379400623940177,-1.3773245742506117,-0.3836453833376935,-0.17778073745558182,-1.6489924521230885,-0.47447679434944323,-0.24669637685037843,-1.8884994701409457,-0.5290666153571524,0.14840771232489108,-0.7853279466700117,-0.31907470907505936,0.20394919752172372,-1.090573035235438,-0.39864895887090795,0.18422903111121583,-1.2708731661553885,-0.41778564101743065,0.12845712749612068,-1.4347246159300635,-0.42646616062853454,F
0.0,0.0,0.0,-0.2368160664609119,-0.032980238789260624,-0.09627341673754326,-0.4556184595346531,-0.14197168730938273,-0.20968349686278923,-0.6069314872649156,-0.19876645797304096,-0.32613303553387957,-0.6670312919083908,-0.25948383726565544,-0.43890434283635127,-0.38955587831272076,-0.8199783589169743,-0.15548560664465577,-0.5884831114257597,-0.8848004570682111,-0.33398611058151356,-0.656259738512268,-0.6565946232233065,-0.47884072569376646,-0.6670511030630825,-0.4371517964757818,-0.5589494155921129,-0.23356589414024118,-0.9521279043204596,-0.19722937638394433,-0.39346781939684305,-1.3783088929019693,-0.3241721598261135,-0.4957596687774745,-1.6587037849284563,-0.4231704285507341,-0.5812802327603511,-1.9109119756335857,-0.4905842638669507,-0.04866991133759751,-0.9204982529039311,-0.2528496694105673,-0.10497435592263621,-1.3800568463197675,-0.36907961857616867,-0.1546877817352445,-1.6539193910704113,-0.44885454290322474,-0.21506913336558828,-1.8940439203648367,-0.4978157163131646,0.14758091097334183,-0.7698584234494422,-0.31283394073365295,0.20185814105617808,-1.073972220430565,-0.38420884022549295,0.18231824679025846,-1.260000867904332,-0.39538928442494004,0.1353098055605551,-1.4320820814913995,-0.39872398751382654,F
0.0,0.0,0.0,-0.23874426226748857,-0.04105481448336856,-0.11018500208195858,-0.4587128999591576,-0.14211778787748566,-0.23355614040781053,-0.6184218955952894,-0.20069807288408442,-0.3579498367182858,-0.6957365283089582,-0.2624306876448126,-0.4776889450132562,-0.40099025655879866,-0.8187637643897946,-0.17726131119390934,-0.6270930955785201,-0.8749683362839215,-0.37826933084330583,-0.6869632827335411,-0.6456646289699671,-0.5377990539678837,-0.6834474872184785,-0.4210699244325195,-0.6253494901966659,-0.2423888569007788,-0.945948880610686,-0.21547240501215853,-0.403230291074918,-1.371566522277006,-0.3592458778454514,-0.5022011387326015,-1.6590419500355849,-0.4632783015335438,-0.5859507588456734,-1.9214967158538345,-0.5338953323252216,-0.05320626601134983,-0.912939997987639,-0.2705540215377765,-0.10758892278206075,-1.3693047027468244,-0.4018818257178638,-0.15432274645754965,-1.646189173932091,-0.48496461419435505,-0.21309221711258367,-1.8979165401942177,-0.5354213821151124,0.14097923424781164,-0.7658047773977127,-0.3311874007972807,0.2054567607803823,-1.0573345109312435,-0.4119164522719769,0.19204330720970764,-1.2394686942884643,-0.4287448978935226,0.14756174823367127,-1.4181986825535378,-0.43716604795657404,F
0.0,0.0,0.0,-0.22752622321101648,-0.07032320031993133,-0.08439828216763988,-0.44022425864804654,-0.17704935481263342,-0.19761624462283042,-0.6031297690647425,-0.2285314226646752,-0.31734090324856334,-0.7004849067757356,-0.2980401421772893,-0.4351321515970093,-0.37890148260291356,-0.8398602237314516,-0.1463282259817262,-0.59976339797775,-0.8866513607997527,-0.3292293594172138,-0.672566688616381,-0.6732465444968689,-0.4852966247224756,-0.6876282262635381,-0.47273243889601985,-0.5756578105056219,-0.22620764684434957,-0.9547502581619601,-0.19308558995640432,-0.38709677502364676,-1.3666273686754487,-0.3226806046432289,-0.4843988106801683,-1.6541690103088338,-0.42647787231636747,-0.5722026837907532,-1.9059714734503423,-0.5020446667915335,-0.045440400302447184,-0.9118067762940663,-0.25363019419141264,-0.08718908594473111,-1.352059081801869,-0.3684689496133337,-0.12308495289311154,-1.6177769009218352,-0.4495775932248574,-0.1817406595545042,-1.8509442825251292,-0.5041098505649079,0.1481076132512461,-0.7645738511090804,-0.3186891157970392,0.22155336395735686,-1.0556654772713279,-0.3869403309801053,0.20747645806670392,-1.2313222120075382,-0.40037484692042785,0.15480445544474325,-1.3949113178860229,-0.4103760298960902,F
0.0,0.0,0.0,-0.24186105773286637,-0.057496289929359665,-0.08628285095515233,-0.459400393700981,-0.17644411676245914,-0.19768250048797922,-0.6298996019665665,-0.22382544752811961,-0.31244252525453814,-0.7602045627312369,-0.2603623894284142,-0.4259878840448367,-0.4023175350465732,-0.8318173299968734,-0.165409668161212,-0.6290433967056107,-0.8490467680248943,-0.3536579132071385,-0.7140639019790352,-0.6389668758702649,-0.5108428193092638,-0.7404448801578783,-0.4404976687657847,-0.5988307943321323,-0.24858016237519126,-0.9456245395668091,-0.20976685401317283,-0.4077685079074034,-1.3493035011684784,-0.34495709402656344,-0.5073121503971985,-1.6320743171256071,-0.4483112919492206,-0.5975274440926522,-1.8848873536643636,-0.5194565038046153,-0.0643444272625931,-0.906017522475539,-0.26632474147177054,-0.10237408554051186,-1.3565955410535255,-0.3900846788702616,-0.14425779605854142,-1.6214289320313509,-0.47310531850532994,-0.21029093396104248,-1.8506722478232163,-0.5237731739795505,0.1355121634106063,-0.7601165345980807,-0.32604000338908123,0.2201974846385512,-1.0543975932482954,-0.4024767076493235,0.20247824904912248,-1.2305166830575622,-0.41744007957862617,0.13952120535524862,-1.3943840624367727,-0.42429597580180123,F
0.0,0.0,0.0,-0.23292697021257674,-0.08340555544956083,-0.07170555572943814,-0.45227806503611073,-0.21828875238586726,-0.18125349755543071,-0.6356656579691271,-0.2664276033542317,-0.3015541452145976,-0.7823805478787879,-0.3167925578784486,-0.4217366496873641,-0.39708113057133887,-0.8511726929486726,-0.1316188920566285,-0.6389398761621419,-0.8532776777925384,-0.32817253588146444,-0.7348965405490264,-0.634955727205494,-0.4997975683589623,-0.7678280616705027,-0.4362929487616452,-0.5979531119526571,-0.25491877200770946,-0.9482285461283765,-0.18941764433480507,-0.4116175649021318,-1.367711166186297,-0.31874873853675445,-0.5179904385198751,-1.651921331278725,-0.42287838507592274,-0.6135720726780778,-1.8932248278344563,-0.4992708205268242,-0.07878881659356061,-0.9112012425386019,-0.26296664017431176,-0.11793788653548828,-1.3575692981343963,-0.3731896842939525,-0.1581088044059546,-1.6254754982948998,-0.4506685627997214,-0.2245143271450647,-1.8685027476040565,-0.5053399350823972,0.10390526226871245,-0.7750276935411597,-0.34140977137773104,0.17648710968835069,-1.0604169419984706,-0.397524535780815,0.16785667182850106,-1.2327188894461232,-0.40384687782421264,0.1169882720556646,-1.406696069199327,-0.41261051890609285,F
0.0,0.0,0.0,-0.22721159042079325,-0.09338842160730684,-0.06954846264819231,-0.4494922732798364,-0.2502851190691417,-0.16328891790161512,-0.6267387534326027,-0.32725927894139156,-0.2702931390365242,-0.7687616684303786,-0.36970815556677583,-0.3766866747748095,-0.3916447864699729,-0.8563371421709357,-0.09321741895010623,-0.6200815473611453,-0.9022619720231876,-0.27909271899715477,-0.724804942529703,-0.7080904848341438,-0.44527509748724126,-0.7668979804650641,-0.5148704196251813,-0.5418140739826505,-0.2592350116810478,-0.9548975898345837,-0.14480262997207635,-0.41384726596977034,-1.3525548823555762,-0.2598371145175218,-0.5222537289695238,-1.6247288894920915,-0.35930942029145674,-0.6181436690898027,-1.869971472066802,-0.4361488311616991,-0.08750403122364123,-0.9312569862082157,-0.21500526071883178,-0.129869443754744,-1.362536913252733,-0.3165383439255706,-0.17577126087318165,-1.6131266934396842,-0.3881819646570723,-0.24491010009214056,-1.84405398168738,-0.43898420605179717,0.0911774817929445,-0.8092967099391516,-0.2921278870715474,0.15063105133885865,-1.0865822917715406,-0.3405116232384306,0.13999092494934232,-1.2427999418490359,-0.3447314544990026,0.08967272378040429,-1.3961327568324144,-0.35260082197676124,F
0.0,0.0,0.0,-0.24060311288938901,-0.08259761279274869,-0.09495490793281816,-0.47422808102984726,-0.193851077854122,-0.22368544685457847,-0.6701083606953859,-0.23857756532218524,-0.36168103649028704,-0.8085621925553906,-0.2619581506450849,-0.5017388760085125,-0.3780823578178165,-0.8442919307713237,-0.17732869826752745,-0.6102050661623565,-0.875480539703901,-0.3699006878715202,-0.7278107039389929,-0.6583654469172705,-0.533894534993978,-0.7868059187851197,-0.46192972213137284,-0.6291505410962758,-0.23285757685575173,-0.9461002708156456,-0.2251035905165213,-0.39764060369403537,-1.3624217363503854,-0.3547465142816476,-0.5131022963909704,-1.6387863793803596,-0.4577859006842124,-0.6239771817518885,-1.8620859150728817,-0.5347158720588772,-0.05610470767373241,-0.9053572749640515,-0.28573873880928685,-0.08508140258424861,-1.3612593212662658,-0.39656849425417584,-0.12965075755115765,-1.6161340849290886,-0.4688868551102287,-0.20666468518661357,-1.8273029915325079,-0.5185629250085433,0.1307616477918756,-0.7665763882469934,-0.3536428183342238,0.1963202506687704,-1.0718651050708183,-0.4168703788277173,0.17743694369867197,-1.2423995468757663,-0.42188340807311503,0.11473303640088522,-1.3922951827907444,-0.4263937960270299,F
0.0,0.0,0.0,-0.22545387671444486,-0.051346677448157664,-0.11080323084505704,-0.44946263711086715,-0.1538698504129097,-0.23795505429013183,-0.6386892139063127,-0.21489187120553246,-0.37220281179814924,-0.7734615053772393,-0.25814847145324094,-0.5043382441784607,-0.3768714626975384,-0.8256086814488637,-0.160989750625699,-0.6003889836528515,-0.8559832960323781,-0.3448609035896044,-0.7050501565141338,-0.6311200507274763,-0.5029587784007392,-0.7551698079347176,-0.43837971758034194,-0.5942597311310053,-0.24137840069293204,-0.950180782777983,-0.19721295017909404,-0.41530755247619716,-1.349898812262825,-0.31326607830009273,-0.5232697542747141,-1.6273861720778078,-0.4068577388208364,-0.6254926061837663,-1.8568850873924774,-0.47804911321829724,-0.06762550876735744,-0.9205880755144874,-0.2508124154153839,-0.10514025645013689,-1.3628215557845784,-0.35950656040590284,-0.15366177082431765,-1.6116039430757119,-0.4311502263575617,-0.23453537092377005,-1.8152126807135858,-0.4784532059244935,0.12346305857342753,-0.7918136245559674,-0.314005350755954,0.19486975244207322,-1.0829194716717416,-0.37852213438111787,0.1735862852446744,-1.2463234430279244,-0.3882530281827608,0.10620460857253998,-1.3886270000206584,-0.3955356350209502,F
0.0,0.0,0.0,-0.21667640724624718,-0.0553822960500918,-0.08738705564766931,-0.4289791173481356,-0.1661730197762624,-0.18895546162773164,-0.5959360859040073,-0.23177646681656802,-0.3014029890701246,-0.7180582197039923,-0.3011850806255927,-0.410286250670866,-0.37591617061481103,-0.8296024053127874,-0.10205944016928502,-0.6038777550581264,-0.8760440000460271,-0.27384319015550845,-0.7015169004542359,-0.670884604422271,-0.4250677054166533,-0.738269022279843,-0.48167756140102647,-0.5136971770792432,-0.25136748082734306,-0.9573696403676513,-0.14232976247022058,-0.41898109024134905,-1.3403085179560394,-0.25193910846882844,-0.5342560679910541,-1.5950982367251385,-0.34570800929688594,-0.6373419823012183,-1.80644982264527,-0.41667463755017264,-0.08470667069932376,-0.9461062395255723,-0.20067916017339377,-0.1440934709214968,-1.3579272642464897,-0.29644997806664586,-0.2017284471400044,-1.615209873130577,-0.36365545291485507,-0.2809015785261628,-1.8352073420230923,-0.41077617678051603,0.09586185980814904,-0.8372365253302905,-0.26761119519486903,0.1337661183231051,-1.1066328179635716,-0.31553345643455366,0.11232645928417445,-1.2703504699595962,-0.32305567948949715,0.05998816264071948,-1.4225042074146914,-0.33210147265797463,F
0.0,0.0,0.0,-0.23315595940089068,-0.016910822098074096,-0.09859136245092895,-0.45537514153786135,-0.09651243611418867,-0.20854699881001276,-0.6285330477168761,-0.1589616594821931,-0.32520844419767925,-0.7272832343048097,-0.26199542285180394,-0.43627378608349116,-0.4318324438648571,-0.7962341660135088,-0.11758985032508255,-0.6435553360233548,-0.8318904346355663,-0.2942703113185132,-0.7139440782826922,-0.6206063237699306,-0.449044334777028,-0.726387758796943,-0.4209239860778481,-0.5391559293621101,-0.30345308985841357,-0.9405590915134332,-0.15252808799302076,-0.48396860085801763,-1.3193542731017325,-0.27033868998594346,-0.6047757361766787,-1.5801084157486902,-0.37239545272703195,-0.7036985692142144,-1.807353793239589,-0.44692843482366673,-0.13096222678013397,-0.9404662855168092,-0.20534849728711763,-0.21223537233103185,-1.34381104160178,-0.305353718645114,-0.2720580495151698,-1.5913734259859644,-0.37780502726462406,-0.3403025296944203,-1.807513132947028,-0.4276058936579923,0.05957394346524491,-0.8393664353415546,-0.26658923815772245,0.07525474490953378,-1.1149753378231442,-0.3149489673149117,0.04600004286343142,-1.283412080122429,-0.32121989750867047,-0.0016698255421983058,-1.441453527204273,-0.3285162571954583,F
0.0,0.0,0.0,-0.22572932286859132,-0.019512659484675125,-0.09087124964490068,-0.45285280696599367,-0.11239099565072345,-0.18793464197839307,-0.615663277958567,-0.20099728463146366,-0.2946722298805075,-0.6941052622884915,-0.33183408044202806,-0.3930256494114903,-0.429076990790384,-0.7935105384350529,-0.08370864960659787,-0.6276577073400705,-0.8622804880804044,-0.2698924052361216,-0.6800989469579951,-0.6806272728180865,-0.42910813242378065,-0.6680159419103248,-0.48996831603286306,-0.5179301393721696,-0.3066660787030237,-0.944134281945597,-0.12069123343467276,-0.47666714861722237,-1.3334941415933357,-0.23512709424094858,-0.5903464427581969,-1.5974762982534807,-0.3281113960447973,-0.6820306538188406,-1.8277862013899016,-0.39523596625573876,-0.13912405367705397,-0.9664151779561613,-0.18051144961368762,-0.23270605600889568,-1.3578926216526679,-0.27466326677936437,-0.29445679570749106,-1.6003186222324832,-0.33417983758977843,-0.3655744944226165,-1.8177662849532648,-0.374196899438445,0.04820327266104855,-0.8842261795253263,-0.2515139423392216,0.06662832833401774,-1.15269177957033,-0.2932602876629492,0.041470204922095195,-1.3136433140448935,-0.2951374167666678,-0.0064080707779622095,-1.4639634636364571,-0.2986254128995544,F
0.0,0.0,0.0,-0.23758663341564096,-0.019588488739289044,-0.11236523698520334,-0.47912046734802405,-0.10929361795563192,-0.22425923839068918,-0.6523259849586547,-0.18393369494735318,-0.3388784395626459,-0.7095637669511241,-0.33367020984382073,-0.44576857010055104,-0.4405793420288967,-0.7827595580673985,-0.12907137068586005,-0.6525282942507316,-0.8406213011251061,-0.3211180257817778,-0.717574829260262,-0.6415801316710754,-0.48259219558565014,-0.7301819601730416,-0.4373329126183878,-0.5719992841669813,-0.3162073345402695,-0.9355064480852081,-0.15760903265338558,-0.486891136725512,-1.3183752567814524,-0.2830656405038356,-0.600122795841533,-1.5755609845068963,-0.3832977826843682,-0.699095104711069,-1.799656046705078,-0.45213994693204523,-0.143551860382204,-0.9418331529681738,-0.20747445675187445,-0.2223473927298506,-1.3232300370294499,-0.3154369350038495,-0.2805975246350165,-1.5591872691570365,-0.3844162284748198,-0.3572232536697838,-1.7717633962533563,-0.42768330046376946,0.0424582767194132,-0.8370703632884766,-0.26707730105526545,0.07708964239952196,-1.1055433104690988,-0.32137555233397386,0.05619506158239218,-1.2675119047392613,-0.32465871960143355,0.0031569248229895534,-1.422149800117803,-0.32578134334390585,F
0.0,0.0,0.0,-0.2605723027188932,0.0005701301058050125,-0.1267836591134406,-0.5134302262127882,-0.09777421283874502,-0.23531213260405537,-0.6987394806998762,-0.18397024829125636,-0.3422953989005329,-0.774973740834873,-0.3394304014633188,-0.43860259550681086,-0.4589225898865887,-0.7728297970855392,-0.13533361181849057,-0.6700742070659084,-0.8495307349831583,-0.3172440427778929,-0.7616239828651462,-0.6723247034652394,-0.46432196576422546,-0.8008606500408094,-0.49072700575738454,-0.5439283398757648,-0.3264998376097377,-0.9323063161489253,-0.15557245549786486,-0.501085620347171,-1.3224685065863178,-0.27886903653238604,-0.6185702785209505,-1.5880734231355595,-0.3691921514643116,-0.728816699326841,-1.8225417951714926,-0.42725596208741673,-0.15027513478566865,-0.9387285201283969,-0.19864843452995473,-0.2296524533345223,-1.3261510183859193,-0.31144616308321615,-0.28966231838646456,-1.57237999638802,-0.3807349608767521,-0.37342738694822514,-1.7914228734548143,-0.4201067361599159,0.04001484418613383,-0.8368462375862326,-0.2521056379551469,0.08697829181405377,-1.1043671437469118,-0.32381500029420035,0.06677049199633643,-1.2717233373407284,-0.3393508621065887,0.006009373650997996,-1.424357316090197,-0.34377171605344387,F
0.0,0.0,0.0,-0.2514556838235586,0.009517903682667788,-0.12215879884160612,-0.5039209901278431,-0.09570011131576385,-0.2248232500063212,-0.6966190200074688,-0.19893823841465347,-0.3255394757838519,-0.782699582336046,-0.37172029390805306,-0.41517398486869067,-0.4633170249385085,-0.7676445303606472,-0.11834846196922584,-0.6603980003489915,-0.8737511692693053,-0.29744654323029385,-0.7523658587153066,-0.7161310152954148,-0.44453536950640166,-0.7788580403551784,-0.5376347047306903,-0.5254441374248107,-0.3259494945994109,-0.9350375957571826,-0.1395049156518013,-0.48873583216266003,-1.3379800745637143,-0.2647541199891313,-0.6016548206964222,-1.6082687630410322,-0.35890660022735044,-0.6977245956556606,-1.8498677797110223,-0.4177023101732952,-0.1434291684031464,-0.9553624282163057,-0.18387800054253375,-0.2175738072289152,-1.3556731881144761,-0.29882298328596774,-0.2761665518307965,-1.6093268500029527,-0.37034775504588224,-0.34922610670176457,-1.8395315093526114,-0.4088196489857491,0.0584660538943289,-0.857780008493338,-0.23779485784593407,0.08884352565413317,-1.1404134785463613,-0.30897484873292025,0.06804868530691435,-1.3079695016951016,-0.3220760340067339,0.017508363045268323,-1.457695474738832,-0.32292495526101533,F
0.0,0.0,0.0,-0.26361657753301393,0.030352538877416516,-0.13833206624072766,-0.526105203802783,-0.06336185844703046,-0.25506895188067114,-0.7268564156879828,-0.14884000119398955,-0.3635830627644882,-0.8333927186207903,-0.2912204050110594,-0.46324155895577485,-0.4719407698042359,-0.7576004554640731,-0.17919183282985504,-0.6867093213934471,-0.8568126104896562,-0.3572625336067082,-0.7869099408351428,-0.67962781027073,-0.49570251771789015,-0.8240707104817111,-0.4844383224439348,-0.5726210994886811,-0.31710400634193836,-0.926962940464588,-0.20046135828916414,-0.48959364244712916,-1.3488418305976961,-0.33651319529099616,-0.617959218328143,-1.607969543891725,-0.4318122251558085,-0.7315331601700439,-1.83584584028264,-0.49016398565027536,-0.12680593543180635,-0.9369550882942115,-0.24105952424571964,-0.21084232337227232,-1.3649489612407362,-0.37090733626011047,-0.27636631167545134,-1.6369262095906367,-0.45324844828176847,-0.3551670030381449,-1.8886455470253314,-0.4990409503704281,0.08018132648226799,-0.8218621966439832,-0.28951427012188,0.11968205915623877,-1.1277995524602769,-0.38177558875263423,0.09831294209749158,-1.312458369407776,-0.40497105415467044,0.041980852353293616,-1.4796935544011263,-0.41201049316413185,F
0.0,0.0,0.0,-0.2600656258774679,0.019712752030265727,-0.1377878116509234,-0.5151908317768721,-0.0819506380489279,-0.25709758106222197,-0.7208603178079819,-0.17366967913312087,-0.3697832726622917,-0.8480395983444847,-0.3144306592558065,-0.4734203033321842,-0.4590504615414593,-0.7662456267256345,-0.17171723214646378,-0.6724627038909151,-0.8577602075877406,-0.34737320912452324,-0.767123250357207,-0.6835672269353325,-0.48506773145125537,-0.8132842768210972,-0.4958037255836861,-0.5617021607066438,-0.30717475156453733,-0.9321056382315965,-0.19189255112727285,-0.48668483208118346,-1.3437326691487055,-0.3256318941459616,-0.60287008233988,-1.61590519159995,-0.4221835356537026,-0.7115805455411907,-1.856458313335028,-0.4829617668618327,-0.11853832495409226,-0.9329328758654915,-0.2310457925862061,-0.1941518302083077,-1.342599227220243,-0.3606867774368917,-0.2487841847961893,-1.6122103264455026,-0.44104389755444817,-0.3283209933293708,-1.8566028288010357,-0.4856732949972975,0.08572132521917301,-0.8144531995646443,-0.2781898117917636,0.1356164239482436,-1.1058291056323344,-0.36813203765158714,0.1154782261626688,-1.2881629081860262,-0.38895802050674533,0.053025187073538066,-1.4536224239162365,-0.3949529821532427,F
0.0,0.0,0.0,-0.2571687133388039,-0.0043355232183181144,-0.11532594253143642,-0.5124050759928763,-0.12771437323336862,-0.21902107873858145,-0.7134189200418416,-0.22342462355213566,-0.32204210740584416,-0.8366142083498763,-0.3756143037843603,-0.4182137770661295,-0.4288747485523594,-0.7930518888446151,-0.11831053245542038,-0.631518050992102,-0.8603955097043321,-0.30325667161623493,-0.7537501820465456,-0.7229888926119917,-0.4640314214484623,-0.8223440655279097,-0.5677591457278249,-0.5546936474374045,-0.29370724378328794,-0.9444218871203848,-0.1476595885040846,-0.45032020396897227,-1.3457713564998137,-0.26442350375371654,-0.5666712408048792,-1.6250931509925626,-0.3626247220346575,-0.673207452945426,-1.8633246728472137,-0.42867880642521056,-0.10926069504830263,-0.9448688738066087,-0.19955223930872934,-0.1702219094053143,-1.351507892004731,-0.30813144604235765,-0.21520195676577317,-1.6007441394008946,-0.38294980872727347,-0.2841632732087353,-1.8205179589521132,-0.42784983804175664,0.08957579141693787,-0.8227248090348732,-0.2613063984511276,0.13979926500866124,-1.1098196524734445,-0.3360627935825472,0.12573388790202497,-1.2817367991274464,-0.3517648647543309,0.06932518960754397,-1.4370207168357747,-0.3553359602568389,F
0.0,0.0,0.0,-0.2552377226899153,-0.04349597562823587,-0.10236251385005818,-0.5033653858283927,-0.18874152423096546,-0.20598396464898958,-0.7044164056123317,-0.29860550856523216,-0.31170660014578516,-0.8473590103980861,-0.4424171206294957,-0.4129153167034572,-0.3736115688659248,-0.8303962268141528,-0.12023017175819373,-0.6094061853107763,-0.9012908243767468,-0.3075060939732097,-0.7535533266004126,-0.7822168534688064,-0.4750380459845486,-0.8308867762058464,-0.6475684238126159,-0.5724913617486397,-0.24000222149763942,-0.9585326170220579,-0.15366898119348293,-0.38798596284585984,-1.3684560202122218,-0.28084174965117503,-0.4852017921868833,-1.6545138387766147,-0.3849221402610112,-0.5749294022053579,-1.9003209692715537,-0.4544822974015035,-0.06322661447025404,-0.9360186209053228,-0.206782989265876,-0.10096970229161904,-1.3483579537644532,-0.3220173416937247,-0.1285932525249943,-1.605442205127811,-0.3991481098845868,-0.19082863227790953,-1.833355834809484,-0.44428756012706305,0.12097624721811753,-0.8014503843736328,-0.26781250962647074,0.19322876181453952,-1.0747357336960215,-0.3427300854596325,0.1839979071415534,-1.250183086202173,-0.35823933139753134,0.12463025140771807,-1.4104688702107553,-0.3622289020769678,F
0.0,0.0,0.0,-0.25803159236782697,-0.04285201046707961,-0.12291620705003876,-0.5043708125131058,-0.20022105850258745,-0.23323145166786255,-0.7159203711911609,-0.3215029197221917,-0.3400482096487569,-0.8752196136239089,-0.4785975212617198,-0.43844631021515423,-0.3476716755885864,-0.8437323790338241,-0.1436553341052262,-0.585708220211392,-0.9221553909245854,-0.3169335259078574,-0.7522463978206028,-0.8077596688170019,-0.46908418790841755,-0.8618610122010936,-0.6967072580862292,-0.5597177273034786,-0.21063515825902837,-0.9641462994931196,-0.1614148174081849,-0.342331862589613,-1.3494495552888544,-0.27624311610616115,-0.42685424714779874,-1.6416628194460559,-0.3669665642327735,-0.5089965591414449,-1.8934370019713629,-0.4301841103473563,-0.03665273094954773,-0.9329138125037182,-0.19941595632464074,-0.06142115553445095,-1.338159783884894,-0.30282898678852727,-0.06752335294912543,-1.5994185756504635,-0.36597630448299173,-0.12150724631597762,-1.8126884797392606,-0.4039123627095152,0.14152087792448617,-0.7972703415811646,-0.2482188915576086,0.2270056092694958,-1.0740584043603145,-0.32740096135250674,0.21543484984960826,-1.2582702821586267,-0.34645860185550403,0.14591112983471488,-1.407819537780514,-0.3512978027398578,F
0.0,0.0,0.0,-0.2515281127326309,-0.0769514739505764,-0.08790419997626292,-0.4844856342776611,-0.25507205517720793,-0.18580041931610855,-0.6991270250672225,-0.3868779689798471,-0.2891526472063077,-0.8573304833663226,-0.5478573266661119,-0.3873032104342597,-0.3317703596448573,-0.8638639055720463,-0.09377870915699885,-0.5636205336498327,-0.9396193868038433,-0.2813308756241164,-0.7283719014735096,-0.8233407231580608,-0.45390912503725334,-0.8306581818474555,-0.7060221282084705,-0.5538995239699923,-0.19391276284805842,-0.9729267369186062,-0.1257434093443703,-0.3249834093592052,-1.3602872340234202,-0.24677351015232626,-0.41168743079629294,-1.652576781017709,-0.3447318295278743,-0.4978684026472654,-1.9105566275591643,-0.4120929494156333,-0.026415115749525323,-0.942431647926941,-0.17820282464928813,-0.03476669647130665,-1.341091966859532,-0.28024265923408165,-0.04722177439851393,-1.5971744049476397,-0.34013443667253984,-0.09877482681768789,-1.8237643912597536,-0.3749845428063519,0.13848155557908365,-0.8098075592061059,-0.23899204487308254,0.22896318126680398,-1.070440449802076,-0.2994027121724408,0.22199435058208591,-1.2418090798103838,-0.3023810216369966,0.16157319432043926,-1.4006164871790954,-0.29854198972003904,F
0.0,0.0,0.0,-0.2431514115895929,-0.10055333069048936,-0.07596204106513878,-0.47189402572944555,-0.2734012285756111,-0.16997502721665642,-0.6826646857001508,-0.37760339145249827,-0.2734073066040627,-0.8461528854001488,-0.5048342326024444,-0.3707200112773354,-0.3097625622069622,-0.8731558378640724,-0.08049817060157473,-0.547106203022058,-0.9153278535721969,-0.27038660521297436,-0.7137639791003846,-0.7943576986508878,-0.440587280199035,-0.8146733897859637,-0.6759253675139326,-0.537598561111621,-0.19222400086885613,-0.9734876323146733,-0.12398291503405386,-0.31666844847342196,-1.355451045509657,-0.25215769395957593,-0.4018681948087645,-1.6454708192795022,-0.3482738360680757,-0.48498989516925867,-1.9025551690300888,-0.41127767521484615,-0.039314225940252044,-0.9366754627308083,-0.18854468214065298,-0.04071206693324023,-1.32277347969202,-0.2961774681666511,-0.05754424626118434,-1.5624066517973272,-0.34856243623540223,-0.12503876916927278,-1.770832881634895,-0.3750149099605668,0.11698707750689444,-0.7979571773320289,-0.2618019719422161,0.22391213981284844,-1.0576949711573742,-0.3224551944385119,0.2190734167960611,-1.2236037107500204,-0.31982011929478255,0.15014362186571673,-1.3711135744897043,-0.31016083424207486,F
0.0,0.0,0.0,-0.2485434206204163,-0.10800057253032776,-0.07651076209409943,-0.46574990791284127,-0.2728117914996947,-0.1805975246153541,-0.6763141020578689,-0.39016208120890333,-0.2956861311550722,-0.8525045010870963,-0.5033281254899552,-0.40937994244021386,-0.2997795171150408,-0.8900817363152032,-0.10442192867913093,-0.564689433536817,-0.9071145454145536,-0.2935751683903925,-0.736062322867209,-0.7786580985016852,-0.47674091196433316,-0.8537588204336507,-0.6711001443668635,-0.5846087621270167,-0.17909569621786484,-0.9730576695663218,-0.14520159535761734,-0.3083699486791832,-1.361460784710142,-0.263702145586409,-0.3953978610814247,-1.6516163689377354,-0.3639392840810397,-0.4986449871017403,-1.8989844791388866,-0.43486705759843064,-0.01986758766283201,-0.9201239336517747,-0.20222062257979762,-0.008931096166263752,-1.3197364929805777,-0.28824794235047363,-0.024335310947336857,-1.5716826302261788,-0.3418020842888737,-0.09984567241528264,-1.7798600671227702,-0.37569259877705075,0.12487788981540411,-0.7846321838208639,-0.26884812823450915,0.23148478977573508,-1.0508423093213854,-0.3049949755984771,0.21864675127247502,-1.2327062650413907,-0.29630259024095007,0.1477913207426818,-1.3971952735364135,-0.2876723910839648,F
0.0,0.0,0.0,-0.23296088913148164,-0.12925148506610876,-0.07701143152825721,-0.4487146469333293,-0.3267001548592159,-0.17169455626288926,-0.6714142535390626,-0.44608938890396144,-0.2781694167539393,-0.8539177053920336,-0.5641608269169601,-0.38293645754193717,-0.29489943832397303,-0.8899642631882829,-0.07548127109522108,-0.5343428670626915,-0.9692610272893304,-0.25032403455703095,-0.7040524401998761,-0.84317781929913,-0.4147519172991998,-0.8108089375676399,-0.7240382555188686,-0.5111114807199214,-0.16614612259629807,-0.9792704349566478,-0.11586578945501495,-0.29890828573568995,-1.380500470655272,-0.23154972972879959,-0.37953758909050406,-1.66759702427851,-0.32442043711163415,-0.457519795157164,-1.9252884282640328,-0.3903745852848048,-0.012350273077537841,-0.9311885165494601,-0.17669879506501227,0.0027893624912886557,-1.3177469795316046,-0.2716361714859242,-0.007558036985509614,-1.5514689358296854,-0.32867985040412606,-0.06704280422156385,-1.7622055200633622,-0.3638182532813829,0.1328555828078909,-0.7880037221648327,-0.24621374137697713,0.2332862734193288,-1.04456692519804,-0.2886838831157745,0.21588596454509956,-1.2082786938220578,-0.2834059474198245,0.13845938504661395,-1.361327668247752,-0.2796743965904884,F
0.0,0.0,0.0,-0.21477088716418574,-0.1455791696814194,-0.05719399557362696,-0.40372536889838295,-0.36022261789497906,-0.13737992925370227,-0.6061819733768292,-0.4625028025956534,-0.23457590464829212,-0.7825270183637032,-0.5560710698138478,-0.33047151718364914,-0.2690979073685757,-0.9081997469131263,-0.040435824678174054,-0.49655510354548915,-0.990985179626581,-0.20893888487487336,-0.6607351125321161,-0.8530695205739347,-0.36980312999880666,-0.7617499715663334,-0.7224638142485383,-0.46253813729758647,-0.15144947116162324,-0.9841473643591907,-0.09228771808709513,-0.269119238059242,-1.3856811922018335,-0.1984374894109615,-0.3473079410086963,-1.6786582966525383,-0.28898087046753695,-0.4236431227928412,-1.9426703676535608,-0.3535610016669251,-0.0058346594635314206,-0.9339860304093305,-0.16542090253164865,0.02158488707583053,-1.3301698756958498,-0.25632051634472686,0.01018380328762561,-1.577222889081255,-0.31345841727506546,-0.05431802451375753,-1.7974447558736646,-0.34818338462177545,0.1326556334028471,-0.791856844383791,-0.24636095790578316,0.24113153187743633,-1.0473658069636804,-0.2842534305926805,0.22645819747251345,-1.2155533279778836,-0.2763627447008528,0.14706754758605786,-1.3737215578043604,-0.27127040008742553,F
0.0,0.0,0.0,-0.22929746092652387,-0.14546201013213506,-0.06926828706775898,-0.42880792907477927,-0.35204606494822727,-0.15877621186819274,-0.6406078187108836,-0.463197573176151,-0.25896812683470183,-0.8194441742804783,-0.5661102034073499,-0.3543712816017784,-0.26502294981403735,-0.8923772144103361,-0.07430798583835188,-0.4910726145099023,-0.9710480638343226,-0.25124139794988226,-0.6714244690014416,-0.8408304318087152,-0.4127870541349654,-0.7851971748888097,-0.7120012262675333,-0.506877553993092,-0.14332678870721308,-0.9830854976450117,-0.11401901577779695,-0.24212240678766256,-1.355950948966517,-0.2346464285873416,-0.31349848934885205,-1.6514147921656845,-0.3292838792262696,-0.3849246593482785,-1.9082469964606568,-0.3951829374930876,-0.011387712774716492,-0.9411333919066318,-0.17268218351609813,0.03096724966743731,-1.308377455207003,-0.2693316256511498,0.028881643793716397,-1.5567078730138317,-0.313904406602613,-0.02032592735861512,-1.7666188662577433,-0.33843882478450443,0.11070672099039025,-0.7946558808732836,-0.23944838477067035,0.22120742958340217,-1.0331581051465444,-0.2911126335380085,0.21814542202001244,-1.209100781999691,-0.28319578473705465,0.16159245726717741,-1.3657386950398664,-0.2725453280434665,F
0.0,0.0,0.0,-0.25469617045827897,-0.1337969549341505,-0.06252776611184606,-0.45518542477747687,-0.33861901689463836,-0.1608074000568865,-0.6653495699076124,-0.4567182685229286,-0.268296010806652,-0.8437415122287738,-0.5802125946439444,-0.37503284202296316,-0.26890711852468013,-0.8935073371413809,-0.11525822894302697,-0.5082565137416394,-0.9853276338519668,-0.28477097828884157,-0.684379660455393,-0.8679287043934053,-0.43997084971243344,-0.8028541743215845,-0.7502896405707911,-0.5327207606531975,-0.14202880834716827,-0.9769720178093922,-0.15922780541390355,-0.24344464833492524,-1.372374584202347,-0.28177937406210934,-0.3189242338693563,-1.6589770394620718,-0.3814863136060309,-0.40624417274213115,-1.9103617403059612,-0.4560477198800007,-0.005333576667785135,-0.9232736789210082,-0.21442837858611935,0.05488171880322239,-1.3265613541879462,-0.30952430604259223,0.054689276629939686,-1.5697569433044056,-0.36553920245457927,-0.00582848773516217,-1.7753814054569723,-0.40511451703761625,0.11437437996846835,-0.7665646703964994,-0.2739889348840588,0.24217327493360757,-1.0304536500765578,-0.3232823874729531,0.24642750202080713,-1.1992109331570657,-0.31748600829605067,0.19239071591897597,-1.3490857344147351,-0.3137350244645279,F
0.0,0.0,0.0,-0.26092753821331166,-0.12611272215030989,-0.06642756539789402,-0.46680431637022674,-0.32968743031124903,-0.1600713477220654,-0.67760487342105,-0.4582675788527086,-0.26328010715273914,-0.857793853449337,-0.5845246716961177,-0.3645779201732514,-0.27433822212697795,-0.8860680197333158,-0.09761013124593103,-0.514505705831043,-0.9762975154855611,-0.26411893710903334,-0.6981025041183611,-0.8619835429146505,-0.4203565833193576,-0.8195762240354878,-0.7479194847632336,-0.5146878610031447,-0.15230581770478513,-0.9785317066471395,-0.13884753141310546,-0.23347174595290454,-1.3580863602450357,-0.258386114967883,-0.30738933574767885,-1.6474796019970912,-0.3593901452486855,-0.39447835878100235,-1.9001332366488346,-0.43167850630324867,-0.01830718823061113,-0.9287815111192925,-0.1931158306811988,0.03428434831492551,-1.305569059766121,-0.29224372552506944,0.03973160768598974,-1.5489903526517776,-0.3508321485997498,-0.013900737653641663,-1.7535710073655801,-0.3878918731033685,0.09851495170355477,-0.7730935775137175,-0.2526110138145727,0.23283041742891947,-1.0009427958867008,-0.3128813520459918,0.24822517301266325,-1.155571464217529,-0.3125095906755278,0.2059136227608831,-1.2912788220133888,-0.30772813175464636,F
0.0,0.0,0.0,-0.2495535824098392,-0.11628972268602436,-0.07916786559504133,-0.4611177962107942,-0.3221597241899746,-0.17603855580067174,-0.6837423450495906,-0.44949347193590405,-0.2802650023056097,-0.8764727343284963,-0.5714439469641971,-0.3826469163057874,-0.26114563672838337,-0.8831120853469399,-0.10313940316691449,-0.5046625673044618,-0.9667916521472087,-0.2749609344808267,-0.7008214119454345,-0.8651582296344895,-0.4373031923680749,-0.8359941690869381,-0.7692488393784354,-0.5361328036737234,-0.13779649359217536,-0.9800457142174283,-0.14325684764698815,-0.2300742187610598,-1.378830134751333,-0.26212351184698723,-0.30754612395890596,-1.678677809124519,-0.3643022511220149,-0.3916221702228269,-1.9332165047906151,-0.4381050062834001,0.00157681786691823,-0.9294542626563427,-0.19944988413038267,0.05733692243597275,-1.3326439172309514,-0.3048938214883279,0.061148137280251806,-1.5891017303009114,-0.37091405717772064,0.006032871838874222,-1.7960631703283894,-0.41190351672815306,0.13060848331594496,-0.7715070363236002,-0.2616426474974891,0.25989214842407254,-1.0264018915078923,-0.3296455430047867,0.25766979143042434,-1.1919105076117664,-0.3348064260232667,0.19393403765063869,-1.3270346848189878,-0.3338352823370069,F
0.0,0.0,0.0,-0.2606815415564127,-0.10320781512803527,-0.09060736382725099,-0.47989828208191276,-0.31428872722825657,-0.19127215788128812,-0.7073186732242908,-0.4506136829588066,-0.2979015023286331,-0.8982316438134506,-0.5815891892528865,-0.4010915149955707,-0.289963167841355,-0.8666769025054818,-0.10970366631600569,-0.5355825828652809,-0.9516898418982442,-0.29114209797322976,-0.7302291616451865,-0.8525618669033895,-0.45739668957267626,-0.8599678289915507,-0.7512704953544866,-0.5563219239183317,-0.15849804201526152,-0.977229701971433,-0.14106906203045544,-0.2536676484270272,-1.356935525588509,-0.269185423936483,-0.3322347141870186,-1.6549994700191175,-0.3709013409727075,-0.418866329392127,-1.9079147138475987,-0.4420982569740468,-0.016425207398510406,-0.9434256283457487,-0.19016989171231632,0.01881495446764072,-1.3264922800749743,-0.2969145891939969,0.020369403148492598,-1.5781337664538906,-0.3529639614174664,-0.026323099225713742,-1.7812875710222458,-0.3853373393928417,0.10653677164963725,-0.8015969121372919,-0.24720432768854103,0.214858006691085,-1.05839316162083,-0.31176474545182203,0.22026926350705534,-1.2383084976694654,-0.3129205227077436,0.17836386020594744,-1.393424556026574,-0.3080528458932498,F
0.0,0.0,0.0,-0.26890587589785203,-0.07640251374249223,-0.08438343490930852,-0.4891756235192001,-0.2594531834674761,-0.18925449916179196,-0.7178623749524979,-0.3812405711290623,-0.3001549711391238,-0.8972633784131597,-0.5210840621529482,-0.40958962602979004,-0.3010805302680266,-0.8566194028075963,-0.11910143665047188,-0.5510129244979429,-0.9233068655659794,-0.2808403041293244,-0.7476083367072397,-0.8266927145110287,-0.4354115706348302,-0.8801691161533594,-0.730664013658314,-0.5318699967048666,-0.16950459475937696,-0.9741257384632778,-0.1494899261449849,-0.28938849782715764,-1.340022296577533,-0.268946190380628,-0.3826013150526349,-1.618631231127848,-0.3681010676756009,-0.4859182678000753,-1.8616948946788718,-0.4435509624887601,-0.023120514107899667,-0.9446330182849944,-0.1931635784948816,0.01263178240612559,-1.3340864430656436,-0.28753060504335837,0.008993056514533266,-1.5869667067014999,-0.3465025978584448,-0.05235010429591126,-1.7978140583092623,-0.38893174774502354,0.10658496831691733,-0.8077571734946754,-0.24331356331523035,0.2350615523356753,-1.0921302818617342,-0.296946286052528,0.2504197317305557,-1.2785371213133836,-0.300202519682142,0.207768969165603,-1.4391238395554478,-0.3034208126601736,F
0.0,0.0,0.0,-0.2620008370133527,-0.07302048510333525,-0.08864363791116012,-0.49042768412461646,-0.23865554788039925,-0.19989872319811375,-0.7139311719840108,-0.3582090254101146,-0.3163773524216897,-0.8922195062326436,-0.5024292618985293,-0.43220218196173593,-0.3013379661895634,-0.862141815982175,-0.15383040929278055,-0.5776088908639889,-0.9011223073436778,-0.32606220049395146,-0.7723147647832088,-0.8065716750700488,-0.4875200039801129,-0.9198798878009335,-0.7312052669436386,-0.58633587492003,-0.18248004495984219,-0.9658992375346995,-0.18368368496232862,-0.3170799927360593,-1.3676408790827668,-0.3100106303340994,-0.4179404491685831,-1.6540209716729355,-0.41036082091342746,-0.5395739145396466,-1.888635060041195,-0.48206059870314355,-0.027855729913141204,-0.9299130223646103,-0.22359287978410247,0.0005131343511963725,-1.3727629272088044,-0.31999093370042325,-0.00633030305601299,-1.6323990325666224,-0.3766434424214096,-0.07665715960647874,-1.8386624843413835,-0.41295321690394654,0.11775046314088103,-0.818940057487026,-0.2709392366340585,0.24653571129916813,-1.1088221867248165,-0.3280009057312447,0.23456107562040013,-1.3025467438470202,-0.33181404732657716,0.15796026929109777,-1.4687906544022373,-0.3304944656260975,F
0.0,0.0,0.0,-0.27517094917759227,-0.07119025107940828,-0.09092496569542168,-0.5058235578092172,-0.27728233890117776,-0.1893173227678073,-0.7384956123061008,-0.425461094761595,-0.29153687825174085,-0.9283303735284963,-0.5689663909107547,-0.389631671243463,-0.30786200464830643,-0.8414492886542427,-0.10888149706594623,-0.5668648170061457,-0.9214415752768662,-0.2753311200106948,-0.7787616553305651,-0.8595216943554368,-0.43401103674089975,-0.9252460878477939,-0.7930755203899947,-0.5315378363082857,-0.17815195935308417,-0.9748283317245949,-0.13405820767748652,-0.3051491665058515,-1.3657051184488571,-0.25950690759648354,-0.4006063818520554,-1.6515303270253094,-0.3532466547457614,-0.4996508906384553,-1.9003335148229268,-0.4186261175345882,-0.03636245423753618,-0.9705443976066782,-0.1756191355338929,0.005018355106086497,-1.3682819474736954,-0.2769617817653413,-0.00889694533245561,-1.620770516283871,-0.328111837908378,-0.07585022286674845,-1.8343114689781528,-0.35705833498306405,0.10041851159090182,-0.8629842068450466,-0.2252933056146698,0.21425277611358484,-1.149255858641423,-0.2773021223376956,0.19520627395942786,-1.319331658733734,-0.2729950786747425,0.11024478194300308,-1.457839926232425,-0.26672949665636675,F
0.0,0.0,0.0,-0.27254868971823326,-0.050653358410752365,-0.09592885434311729,-0.5058553728879841,-0.2579772667388333,-0.19599634866894505,-0.7430809952274188,-0.4056911499878862,-0.30087227489762813,-0.9303684019541983,-0.5531303952750624,-0.4026551452855365,-0.30799664509653785,-0.8397969216967119,-0.11682263292193053,-0.5670243297664014,-0.9148138473444279,-0.2852280293113606,-0.7814315847701679,-0.8583930917342661,-0.4476864116606566,-0.9324761037653058,-0.7971181824210828,-0.5490373235120791,-0.17838949812771585,-0.9737077900744365,-0.14166977979124054,-0.30053256347791374,-1.3655209056635134,-0.2640858569574882,-0.41141207555322007,-1.6526965241387048,-0.3597874117282474,-0.5276270804963108,-1.8860889232618203,-0.4289002355173725,-0.02869410198372305,-0.9647855254245433,-0.18354379370199728,0.02312307092705549,-1.3690403188718148,-0.28444915966513584,0.014520398137009186,-1.6159570476081015,-0.34211857845091403,-0.05177821768408078,-1.8141649992500184,-0.3777284256804301,0.11515208375748029,-0.8633088221592665,-0.23439917362931165,0.2548117028624658,-1.1414351197906227,-0.29788316591176633,0.23557259090152882,-1.318934935468154,-0.3077052131842579,0.14398733519897836,-1.4646306633363009,-0.31142576256305987,F
0.0,0.0,0.0,-0.2753498346256587,-0.08110304807601468,-0.09155110446280444,-0.5086818068937454,-0.2943723190326704,-0.17813331571693175,-0.7461403546867333,-0.46911920216235775,-0.2734192360656438,-0.9300116750513138,-0.6432533249457277,-0.3624965484226025,-0.29489674913181796,-0.8386297127071896,-0.07876334238971351,-0.5611338114557818,-0.9473331170611576,-0.23912101217308906,-0.7791827536550766,-0.9093405701758444,-0.3918183255954797,-0.9336734802860152,-0.8672217288483574,-0.48356734684659797,-0.16279433203035762,-0.9820145094145359,-0.09563215336965868,-0.27002654938770876,-1.3535755184577094,-0.20508289520965062,-0.3590101030873195,-1.6416914981379342,-0.2849747753798122,-0.4648194094065307,-1.8843386925423191,-0.3406798908905201,-0.017829217957377016,-0.994159250828909,-0.1333284478438446,0.04349888724965735,-1.3639401629577579,-0.2237160449035005,0.042935316380682,-1.59919741136901,-0.2647103972112791,-0.022014820855088702,-1.7837010976001626,-0.28338971474314856,0.11698079878903206,-0.9143590211956377,-0.18187619575089506,0.2514126889960451,-1.171847805245011,-0.2328102481774987,0.2393415912563212,-1.3362755792765322,-0.23246511372326276,0.15194594415599175,-1.4637644450274054,-0.22501343493606593,F
0.0,0.0,0.0,-0.2608247940636545,-0.08076252284919415,-0.08218346550888336,-0.47716931443087895,-0.28496613014769034,-0.17545773085650704,-0.7011124493262894,-0.44241220312663043,-0.2767824866495881,-0.8884244194582651,-0.6082598229117538,-0.377101569586822,-0.2537074130416724,-0.8502575996344249,-0.10579135510403913,-0.5059648720873932,-0.9396583065573244,-0.2584814897931437,-0.7200187010676593,-0.9138075682299728,-0.4083835951083796,-0.880049663117504,-0.8846665059504278,-0.5035289737149061,-0.1281515873178397,-0.9831717073823116,-0.13019433348217635,-0.23788398350439838,-1.3734904545246138,-0.24333675796841794,-0.3372197604266116,-1.6487938251862468,-0.3291589302491085,-0.45390275455200696,-1.878397280883438,-0.392549968139307,0.014953911938055054,-0.9789594218959352,-0.16873462092147054,0.07961259364107376,-1.3695017308531394,-0.2632831655188077,0.07840666738586408,-1.5943520463362935,-0.3145759276857774,0.0120609680459168,-1.7738593924990782,-0.34551049437263576,0.14461166348566312,-0.8771302130089136,-0.2150070310770459,0.30055249604398737,-1.147118696429554,-0.26678243022950887,0.30019334747039694,-1.317327263912362,-0.2692121371283562,0.2227271178017659,-1.4535176252884272,-0.26941901708183164,F
0.0,0.0,0.0,-0.27733627839522285,-0.10754861309444413,-0.07636940530083754,-0.49678702743752634,-0.3466451212502988,-0.1537129745968925,-0.7158364777296087,-0.5531461418446573,-0.24270672682768263,-0.8911326499959108,-0.7376684861286769,-0.325124502346394,-0.2627594335397575,-0.8530648257898398,-0.048568523270801495,-0.5105416140309731,-0.981411373429718,-0.21620244462183982,-0.726231745764956,-0.98082607187255,-0.3717588354914432,-0.8786385442840055,-0.9499888181320127,-0.460923643198386,-0.1325944367150686,-0.988478149885047,-0.07300453788668348,-0.19732835050971068,-1.3620035739693832,-0.17614422519766088,-0.2700011702217961,-1.6549593341231725,-0.24674756136676118,-0.3556541343335334,-1.8892697141665393,-0.2945576012036286,-0.0005214554603420415,-0.9931198707313234,-0.12132482415214066,0.0943820682339948,-1.3458066686591583,-0.2061166451942297,0.10669271917411918,-1.564805973733562,-0.23018715460666253,0.05614880591222152,-1.7276258514308502,-0.23718083687174127,0.11476198895664805,-0.8961865617913304,-0.18143637815535119,0.2800907716433696,-1.1249606905889007,-0.23058372655357795,0.2997518072371698,-1.2483217623246996,-0.22159634373329695,0.2452576564995544,-1.3312567460312172,-0.20676476528228752,F
