feature_0,feature_1,feature_2,feature_3,feature_4,feature_5,feature_6,feature_7,feature_8,feature_9,feature_10,feature_11,feature_12,feature_13,feature_14,feature_15,feature_16,feature_17,feature_18,feature_19,feature_20,feature_21,feature_22,feature_23,feature_24,feature_25,feature_26,feature_27,feature_28,feature_29,feature_30,feature_31,feature_32,feature_33,feature_34,feature_35,feature_36,feature_37,feature_38,feature_39,feature_40,feature_41,feature_42,feature_43,feature_44,feature_45,feature_46,feature_47,feature_48,feature_49,feature_50,feature_51,feature_52,feature_53,feature_54,feature_55,feature_56,feature_57,feature_58,feature_59,feature_60,feature_61,feature_62,label
0.0,0.0,0.0,-0.2280797680582938,-0.49615727269921056,0.10292814262934318,-0.5351793207675113,-0.7291268528136041,0.14396896762316602,-0.8037263247002782,-0.7380751314319519,0.17623688280438107,-0.970403846111471,-0.588601232879123,0.2053029699008094,-0.8289459284488823,-0.8441025497737924,0.003469727802010694,-1.2073779563930966,-0.6834666186299881,0.015737946739758406,-1.0756622039614439,-0.5829070984517255,0.025376535349091584,-0.9379717050431909,-0.5783745738188224,0.030101479581653018,-0.8542848293970533,-0.5174863706757488,-0.04904371954581822,-1.1974872738382065,-0.3695218673076803,-0.007288702464515257,-1.0683457484550363,-0.2842363432772903,0.03401832534601513,-0.9498311209412112,-0.3038114099148915,0.03577846023067123,-0.8514640987428355,-0.1741064634114829,-0.08801297091380421,-1.171960089832892,-0.08740508154939984,-0.06173643077681748,-1.084536773168273,-0.029824080191559073,-0.03491762252787184,-0.968022955224349,-0.036474404742005063,-0.042128821049555426,-0.826701031975263,0.15104101996076857,-0.11363286153086785,-1.189174697700424,0.08506351699510009,-0.13327562328746825,-1.3920660594361516,0.0863245960476128,-0.138049598421889,-1.5624841961693097,0.07500970705406163,-0.15036524921318878,J
0.0,0.0,0.0,-0.23348415844553772,-0.5017618693514029,0.10133345921373502,-0.5536796355086288,-0.7205956060424363,0.12168136158810462,-0.8252457993875945,-0.7161796704259694,0.1270805895281192,-0.9933010162106625,-0.5538901819281027,0.12582048034305823,-0.8355676562936805,-0.8554366826291552,-0.01663887394594426,-1.230349901992581,-0.6738760579536361,-0.02580495442746672,-1.095885262074474,-0.5712387614731468,-0.03457228086241139,-0.9553414440626568,-0.5750120936563782,-0.04187875770528907,-0.8549566573505826,-0.5121064540781969,-0.08243842395008856,-1.214799275801791,-0.35186423970144687,-0.06057095547260007,-1.084381101650952,-0.2676998075250473,-0.032031704532283316,-0.9564042837586827,-0.2873771892215868,-0.03844115340879195,-0.8475608645979656,-0.15454632556091044,-0.13488526864716407,-1.1843391992265173,-0.056545333189632674,-0.11860421141447262,-1.1014456976472997,-0.0013151299269007213,-0.09434390457959305,-0.9835664279180479,-0.008269957273719604,-0.10265164399998593,-0.8202461356724398,0.183123076691582,-0.1751098994042898,-1.191176732744858,0.13464143723698177,-0.18694318493999992,-1.3946613099573073,0.14994525528430405,-0.18206144320917222,-1.565902533245058,0.15339759982884205,-0.1892472463168175,J
0.0,0.0,0.0,-0.21796308289084906,-0.49379376100747957,0.11688008219832038,-0.5424316221780264,-0.7110540142044086,0.1384980733912252,-0.8189923188693511,-0.6913970857043311,0.13637420793397448,-0.9940484738098894,-0.5345874288884948,0.1253935358236917,-0.8183489828151796,-0.8374544311415867,0.04981432119100441,-1.2028422934754708,-0.7058184014611912,0.054553075819653914,-1.0939340987781807,-0.5977050647836548,0.04888384569499042,-0.9587613302896139,-0.6019211232387345,0.04535274369362851,-0.8615014729191198,-0.5073177287352414,-0.021069747722821396,-1.197319444289911,-0.3905571783360098,0.028501506143949376,-1.0873420885304708,-0.32595076440269405,0.06157133141084115,-0.9556987011825508,-0.3400218436890336,0.06150002526580903,-0.8596094027297788,-0.16637502697009757,-0.0784298848349964,-1.1661045398173229,-0.13384781351638594,-0.032865470123522394,-1.0735248487737257,-0.10838039701596386,0.011326464759888038,-0.9517444147423655,-0.1132774995712778,0.021113080479575785,-0.8240796861083057,0.15219289288956042,-0.12456564326689029,-1.105310432333681,0.05823651327400084,-0.07594507692615923,-1.0441875290825395,0.07330191234814028,-0.0019105258671449838,-0.9455993827967674,0.09482182525812605,0.04691732223329729,J
0.0,0.0,0.0,-0.20785047886142868,-0.5049863673361643,0.08603704522148312,-0.5462889185244281,-0.7287408194274391,0.0994478599075335,-0.8470850314759224,-0.6771148259596769,0.09645811385984904,-1.031434215587219,-0.49150766962045606,0.08826368573406553,-0.8119762133608068,-0.8399174380157602,0.010478034619863531,-1.215742812292671,-0.717550681753551,-0.006508756192094462,-1.0821236131283039,-0.6112821723567643,-0.017468980156377784,-0.9326176488447554,-0.6208227049393177,-0.02046592839175869,-0.8730816209491052,-0.4854386656804728,-0.0455827272466815,-1.2274502613761367,-0.39983045130133904,-0.021401599011623244,-1.1002479073404363,-0.3287863510526867,0.01754644501761246,-0.9632060743031127,-0.34113975700752897,0.02977821855748059,-0.8838050034557833,-0.13173413964848518,-0.09178293666616655,-1.204116538020894,-0.13275380921285554,-0.07774910678386318,-1.0992847278496973,-0.10302329707861764,-0.02529281270490331,-0.9742361172095035,-0.10122760106156828,0.0025422304435999254,-0.8514281212545185,0.19308069813934417,-0.12812101468317874,-1.1303977039917739,0.05686081940868125,-0.10365398147757501,-1.0502537174702176,0.07415176635812656,-0.02834845765741676,-0.9417187218839121,0.09770883912213842,0.02920857817344544,J
0.0,0.0,0.0,-0.1776350975679926,-0.546702470667337,0.08023185927231426,-0.5216134453604163,-0.8020378964306013,0.10017599662536227,-0.852359591633099,-0.7827066890650562,0.11161527331083503,-1.0493708335101468,-0.6306256053476558,0.12117683228626039,-0.7974891511231553,-0.874908719440599,-0.034327200678655995,-1.2368213885853523,-0.7845023744487387,-0.039749399823986946,-1.1230185151333048,-0.692991553640179,-0.017601451860724416,-0.9710502218638597,-0.6864132203969338,0.004564908266992477,-0.8585401497097178,-0.5062971170503597,-0.0810681232230621,-1.2498400436043102,-0.45105898736160976,-0.06235356658553498,-1.1331591573599353,-0.37630542164147135,-0.007094245679233621,-0.9942010694277627,-0.3678024813560974,0.020113786359932686,-0.8755798290072084,-0.13617801463211104,-0.11416131754812783,-1.236613219154733,-0.15446901497195953,-0.10112087419277785,-1.1403439473023467,-0.12567249978723607,-0.03525525338300121,-1.0089142697011353,-0.11517082570676367,0.0016219729285495259,-0.8483790234062735,0.21645792822563015,-0.13600345664822433,-1.1838731226334156,0.0814115308119969,-0.11958766151837656,-1.1981873955108413,0.0713439911344952,-0.05548690395795175,-1.1676732904852876,0.07380630519298409,-0.0074230466183642695,J
0.0,0.0,0.0,-0.1782621381125415,-0.5610649500262518,0.11942342455931731,-0.508422207617144,-0.8310665911455289,0.1955658123996372,-0.8421610536088503,-0.7931527547060536,0.27239368819164206,-1.0240198429394338,-0.594929138495054,0.3507671057861248,-0.8051220575721447,-0.8566582264595355,-0.015434051031925626,-1.2293951389987616,-0.8031811171455677,0.03756766624709971,-1.1035123463672902,-0.7342827113914158,0.11347868803883975,-0.9527341391918509,-0.7111355732098421,0.16087579540191407,-0.8604864831198753,-0.5064877786996943,-0.05507397203614405,-1.2550456332482143,-0.5026623309256448,0.001105653208800024,-1.1191925710527777,-0.42152867184437287,0.0864798006934076,-0.9942808870178427,-0.42012435637588713,0.12478940282734956,-0.8687318411483153,-0.15057673342243727,-0.07617702700777455,-1.260339107138879,-0.22175672090418638,-0.051633417491872266,-1.1809436379646865,-0.18510509582223908,-0.002431588966981582,-1.062181116725752,-0.1679950203383544,0.011060443724585648,-0.8408730515681117,0.18807000297826934,-0.07897349674387573,-1.2556099640392597,0.08092478008259542,-0.1339157833892153,-1.4974292829483538,0.06653408955764141,-0.1664273494730216,-1.6898216512207516,0.05877313673762355,-0.1931663669578601,J
0.0,0.0,0.0,-0.20088701135772732,-0.5314534551646332,0.11132893397647751,-0.4889901080575298,-0.7904649385846189,0.16329228349873562,-0.7700558279943207,-0.8322472839716355,0.21298461763142107,-0.9472323482564833,-0.7053114831229047,0.2621077750497167,-0.7566523834912613,-0.8994852845880676,-0.04403543161056659,-1.1981413351962737,-0.8387929657657776,0.00933964971201769,-1.0789474864273478,-0.7155993836470188,0.08512662695340616,-0.9457123897520832,-0.677906997457128,0.13175372788920386,-0.8074272782128054,-0.5830574943104402,-0.09002859949089458,-1.2066666007991305,-0.5269096144837103,-0.0368663583169694,-1.0781352144758545,-0.4154093739719015,0.0425807236447655,-0.9586481915346894,-0.40692551174194075,0.07270233183309442,-0.8297721759803733,-0.24461304167522516,-0.11482506156875005,-1.1986781430887898,-0.2704012401800089,-0.0875347418146884,-1.105416925978073,-0.21484736712511346,-0.0357474314165671,-0.9858906535967062,-0.20539232057601306,-0.02549689751128072,-0.8273911230500824,0.09190495749106076,-0.12269169494001907,-1.2209648846736199,-0.012474620860235123,-0.16008907461909438,-1.4447333623655763,-0.033620974746518886,-0.17064344952476154,-1.6348571720513798,-0.06428962574712686,-0.18512620875977262,J
0.0,0.0,0.0,-0.16842039027889813,-0.5685781147227033,0.09069267953878397,-0.4642579984881711,-0.8820030761264753,0.12548890894619155,-0.7408508982413338,-0.8985016004008581,0.1497701243321944,-0.9123461041824577,-0.7410753712898379,0.16819391196199687,-0.746860998881328,-0.8885875780841522,0.015160774704825483,-1.1699706641510053,-0.9057504642490916,0.028966305133648684,-1.0753208811167276,-0.801624834205439,0.04684721589481718,-0.9313558135910609,-0.7626925909630721,0.06366497015785622,-0.8290499574215414,-0.5586978735190765,-0.02308363542864134,-1.1921232410293414,-0.5904058543759959,0.02734355715364293,-1.078937908122941,-0.5272639358222448,0.07542894062418001,-0.9459942959253576,-0.5107772838955746,0.09082264808751918,-0.8617860591113043,-0.2312123805634706,-0.04713270510843655,-1.1856693348965033,-0.32315428915657785,-0.007903701940146862,-1.0943244707584687,-0.30738487390615327,0.03793646815749445,-0.9743559882620455,-0.2845745444854716,0.05549846256805842,-0.8555534437482019,0.07651544507763834,-0.058695943396827086,-1.151596920914718,-0.1211992900077416,-0.023931716545254337,-1.0789653246784836,-0.13125822840374357,0.043468259294104736,-0.9685963084820511,-0.10306079060963605,0.092075838646136,J
0.0,0.0,0.0,-0.16261595608928242,-0.6077257165936213,0.09281789489299598,-0.4765098781218426,-0.9352713300745712,0.12603882333241198,-0.8109467036576012,-0.930040956420056,0.15633025627984012,-1.0063581484219835,-0.725374172843435,0.1849652113615296,-0.767125916018046,-0.8983729702477098,-0.019536509723977958,-1.265847006481165,-0.8881360692708636,-0.001239318905263896,-1.1847327262162208,-0.8055063573410731,0.049330167050511686,-1.0426986266271558,-0.777851597067075,0.0964651527153276,-0.8451858544345466,-0.5322769629841366,-0.0483953111378516,-1.2913219997301997,-0.5579656641140762,-0.007807567535747525,-1.235345209007242,-0.5402396492583156,0.06908771160022191,-1.1337493895494715,-0.5555439082651661,0.12145759403618028,-0.8721173162502001,-0.17609075824299023,-0.060366512599052576,-1.2911355055869378,-0.29590777586109085,-0.029180271697683082,-1.3195850670809317,-0.3481306715973606,0.049957783874911815,-1.2794538753028482,-0.385410557353928,0.1083435906823435,-0.8449601404929165,0.14930336915603704,-0.057920936392162344,-1.2200620273069975,-0.05190513532908102,-0.02774643955805607,-1.330524456010866,-0.11640542876275045,0.04439380848308467,-1.382114765747602,-0.15078625105625104,0.10907872845056987,J
0.0,0.0,0.0,-0.15803095815643814,-0.6194465758282869,0.04351911352104823,-0.5347818415749938,-0.9731553481245032,0.060975529553615876,-0.9299203408030641,-1.0374420190197942,0.08483772524610383,-1.1708499865233069,-0.9606777060309081,0.11456051702160867,-0.7873943818693052,-0.8718385591058385,-0.035147238644823754,-1.247195585800688,-0.9103702940819003,-0.0007012110990145862,-1.1201955684024978,-0.8429206712088803,0.04403346351861045,-0.9663875348578206,-0.8227028563083676,0.07582253174332818,-0.8686009835701551,-0.49392259384995146,-0.03965857568666633,-1.2937625416120972,-0.5852178234195887,0.03331897073557444,-1.179539720909592,-0.5797927040109455,0.09501906095648376,-1.0516505830375886,-0.5796514096720837,0.11493319575181365,-0.8852967786092832,-0.1520716772228296,-0.029009546270731087,-1.2646089864219905,-0.3227939420828491,0.03502388252255259,-1.1804757627679805,-0.3470814580906908,0.09042954645944426,-1.0697479224849011,-0.33431247926462065,0.10714379856863475,-0.8534782478308506,0.12413622238369844,-0.009049166283978609,-1.1643740401742357,-0.1006816272252072,0.04806989136655644,-1.1244256505136008,-0.14082035334982482,0.11305875933849384,-1.0592356766920967,-0.12475415316022165,0.15278514225738643,J
0.0,0.0,0.0,-0.14709903712721228,-0.6044819022580599,0.05882688341173734,-0.48738464421892574,-0.9641462474795125,0.07504139304812242,-0.8668583486044942,-1.0558811931263081,0.09361006988347177,-1.100968165324898,-1.0196504491126583,0.11380685934632438,-0.7628111243387712,-0.8921963857914634,-0.0585362557405532,-1.2463402326788282,-0.9517239388536395,-0.01634441614780857,-1.182731542644406,-0.9092246507752293,0.05506531500582672,-1.0807176306892883,-0.885594849235659,0.10634152456902712,-0.8397075868426668,-0.5369701813777422,-0.08095797002160984,-1.2995195556760097,-0.6272087717022641,-0.02074980418715421,-1.257701820374435,-0.6548133742601259,0.05549926728441858,-1.1755574278750003,-0.6702621677293209,0.0957075416278331,-0.8614932643569555,-0.200006847229557,-0.0862499400551508,-1.2902311232911252,-0.3795270042930097,-0.04766104206882896,-1.314332180447973,-0.45818526621267347,0.023454431584123546,-1.2889872828768776,-0.49531366510313063,0.0630528511736264,-0.8309410713732217,0.10925742214856857,-0.08042659534103495,-1.207629987525449,-0.09802776491692546,-0.07072242532723952,-1.3623374545094349,-0.1892239065488942,-0.025016239557450567,-1.4892163010077493,-0.2426992815072098,0.012703550006203879,J
0.0,0.0,0.0,-0.15945383979358468,-0.6163464975672237,0.04044625041670988,-0.5149960327843041,-0.9872224065398791,0.04818459171906178,-0.8948491919203895,-1.0843311239658047,0.07113565633795677,-1.1304516295974942,-0.9861813720150395,0.10234664581260926,-0.7757163052680578,-0.863832518297156,-0.15544315797166725,-1.271128310933279,-0.9570706747120908,-0.11409168268023503,-1.1088184504586949,-0.8796741734894122,-0.04249197413602959,-0.9536754034995871,-0.8324684763414697,9.556139593747812e-05,-0.8504665984234836,-0.5001822988285283,-0.16286261972778787,-1.2942954771919704,-0.6267571104337488,-0.10075484955204288,-1.1339103263067554,-0.5785095759065775,-0.02355612439957079,-1.0010368543990609,-0.5472865687052846,-0.00541849695895992,-0.8766685542738665,-0.15586775685454873,-0.14638905122659146,-1.27054650911914,-0.346096075863917,-0.08900403854385167,-1.1561392234024424,-0.3367037499812002,-0.032249624077836186,-1.031228728946316,-0.2901349839821312,-0.03320613727053168,-0.8736792597642373,0.14192592276559224,-0.11869627840587633,-1.2807770149843238,-0.01995815726451374,-0.11370315133419555,-1.4860264720000465,-0.08587812260975812,-0.11053073075619863,-1.6749884220193016,-0.11458337844609201,-0.12868316814229613,J
0.0,0.0,0.0,-0.17015526657910657,-0.5985706335387997,0.04065270557786955,-0.523134841930078,-0.9673410941043966,0.04405183432626191,-0.8978163799484398,-1.0644467569547245,0.06367581343319104,-1.1079037147304205,-0.9928197824486469,0.09292838460951156,-0.7834368272665125,-0.84765421791243,-0.1658481191644855,-1.26445738404037,-0.9482235790576008,-0.12053038561818172,-1.0958990738358958,-0.8646080093698908,-0.04132754420343068,-0.9367296813632735,-0.8197909734556497,0.009877988613640176,-0.8525797078478808,-0.4930858450238901,-0.17313056114706715,-1.2806918380300338,-0.6208926678230433,-0.10677791785365208,-1.1150837633078508,-0.5643557344278061,-0.019754066222218713,-0.9779133151717434,-0.5308566372885483,0.009098885539653481,-0.8777192605315101,-0.15333092866972564,-0.1542583041419263,-1.2458908624566198,-0.3402199700668043,-0.08574724900205628,-1.1201838523564682,-0.3230864122327032,-0.008454218181136437,-0.9906239674335273,-0.271498629400402,0.007146108257665033,-0.8701280065660614,0.1455144908013145,-0.12502678021559394,-1.2674443342894481,-0.0537011935930758,-0.0986477387049812,-1.460646139884069,-0.1498057671356682,-0.07014121243965869,-1.6353728028700552,-0.1927391995331001,-0.0681166947583314,J
0.0,0.0,0.0,-0.11867876659532503,-0.5808037011914695,0.05789448362488604,-0.4384940702311798,-0.9355695787316599,0.08061466290991226,-0.79454739053709,-1.0155862342942905,0.10986527412014493,-1.0144990485834329,-0.9175631983683906,0.14226679246177085,-0.7022296860825774,-0.9367402713684495,-0.08375305492748679,-1.1773654784410246,-0.9860194636019421,-0.05685027401681458,-1.0385921264428863,-0.873694669854908,-0.01820994559288477,-0.8909204998117763,-0.8277677222117681,0.003587865444336768,-0.7867051859769695,-0.6093628039145321,-0.09885304022821643,-1.2020939003961824,-0.692320020241584,-0.04187070806354604,-1.0558320515178259,-0.5850649479246088,0.021358724207175953,-0.9300740783575983,-0.5649158436688784,0.03486478103214265,-0.8314805890682468,-0.27280755297683285,-0.09502514357856273,-1.2046695837644938,-0.42838680679156427,-0.04944272433589727,-1.1066555899898094,-0.3820638661143081,0.0011380656451230198,-0.9744513608497675,-0.3450841270989537,0.006300049299847261,-0.8464985384547773,0.04099737955692192,-0.07945840708613489,-1.2250567093536924,-0.17211681649672206,-0.08525778357880445,-1.4345795757010196,-0.24951816279306716,-0.08119571349642968,-1.6097425333748856,-0.2949071024388819,-0.0908139611091389,J
0.0,0.0,0.0,-0.0806071502756906,-0.6367636215535216,0.03522599806686542,-0.41935246830096184,-1.036102831453397,0.0404976033894226,-0.8095650176818125,-1.1571492818006024,0.05470979953081052,-1.0330622003464167,-1.1450784558299327,0.07279953732139044,-0.6767065721775261,-0.9854482671593346,-0.08539307823009924,-1.1399977443666593,-1.0889298359564217,-0.07315724498679704,-0.9874788131194606,-0.9943301180356043,-0.06083666691065323,-0.8350103580872629,-0.9489797626679032,-0.05307455111877299,-0.777786033987396,-0.6225074558967226,-0.08679488860035,-1.1642041741172504,-0.7698691200878967,-0.017352298250669935,-1.0279349385959757,-0.7172333643550427,0.03392118790908805,-0.9030194863689393,-0.6862945292169771,0.03525613701173389,-0.8275911957523573,-0.2814363060535693,-0.07256922337173002,-1.1620631413309555,-0.4897241638681044,0.00036619289375864624,-1.0798850590750653,-0.49025809005344895,0.04948393389648216,-0.9630452404013649,-0.44320892962754554,0.04945626399216518,-0.8461591518639133,0.010719185102308149,-0.05033406069994988,-1.1812104522213571,-0.2756893085522821,-0.004184840360771048,-1.335793299815266,-0.39615388030989196,0.02812640669576144,-1.4589833067595162,-0.4453637031612574,0.033480062157390654,J
0.0,0.0,0.0,-0.1229937913652019,-0.6844846166320712,0.04226716928024158,-0.44092360490090976,-1.0968362317295615,0.06612192503749559,-0.8194639280423746,-1.135938808935863,0.10147463651448914,-1.0367791193292872,-0.9303869470822959,0.14026771007034117,-0.7676246007680696,-0.8999801024542564,-0.08327807319365929,-1.2259907627843567,-1.0145939214287583,-0.038672340162617565,-1.1064486491044525,-0.9731601250766547,0.018772042571567858,-0.971826387313575,-0.9312480842259859,0.05535918669003617,-0.8501562341381912,-0.518712894532152,-0.0903953018803834,-1.2441290022696967,-0.66652193149372,-0.02097817557182076,-1.1018147272549994,-0.6836380347557287,0.037962908455629336,-0.9660503225467407,-0.6548593007467183,0.05020855284974182,-0.8751577277473527,-0.1749863945160656,-0.07800051705078567,-1.2119481973028794,-0.40188429855062946,-0.02598033036872075,-1.1022647523576867,-0.454791210127943,0.017086112359750837,-0.9806400472619803,-0.42186481901739953,0.021456255958974983,-0.8640392857713892,0.10834228102530291,-0.054462352282386876,-1.2179369472007529,-0.16602837007927349,-0.0439344939921324,-1.3693111335236756,-0.29483921859690104,-0.026967176102486418,-1.5095858888320688,-0.34315260661780794,-0.026066947205213634,J
0.0,0.0,0.0,-0.14135886492329267,-0.6847232566546649,0.03227469416733364,-0.4777693937740146,-1.0941062218972843,0.05494956371196209,-0.8623028340556668,-1.1521623660118543,0.08905673375945458,-1.080402506303599,-0.9960673303041762,0.12814643540630907,-0.8279065682577246,-0.7928975273305272,-0.09039205669738674,-1.2443866823755152,-0.9805874417976762,-0.026684308459185038,-1.1125398615192001,-1.0119819844242934,0.04192181756843026,-0.9731140592513179,-0.9893904649125367,0.08290408187734656,-0.9055253547188155,-0.4141768520120618,-0.09209433868996515,-1.2373513842642523,-0.6602047087083669,-0.0023823284936304954,-1.103803516544943,-0.7377794453571134,0.05376491415677975,-0.9733424545112127,-0.7080738811517522,0.05701181997902663,-0.912263467452276,-0.0977643345435651,-0.07401002859978376,-1.2147167200732816,-0.3972686634258501,0.00263361716183452,-1.1179368686645073,-0.4938002066458617,0.032639307249112876,-1.0006566569861566,-0.45682883709203875,0.016169113527530532,-0.881702250727679,0.14552790812174154,-0.047235738037101,-1.2617975215601214,-0.10077088509158529,-0.013928777568933381,-1.453447091761562,-0.24286290785047143,-0.0071504070359500165,-1.6067657824473756,-0.2947116489570165,-0.02268106962181936,J
0.0,0.0,0.0,-0.1553338659610212,-0.6824389960755399,0.03946228149823441,-0.4710734730894456,-1.095616419163597,0.056368478798913595,-0.827494685551518,-1.1904998468826673,0.07871919743785034,-1.0528264624261645,-1.0578511860037079,0.10073126542731085,-0.8109060982181139,-0.8067602692874323,-0.05243872332787513,-1.2439267424984806,-1.0117699869998864,0.010367806851428275,-1.2892737232818148,-1.1131032303830142,0.0909345444132858,-1.2788502846358774,-1.135662502543333,0.14772020650309106,-0.8927540042004902,-0.4459893922818107,-0.06390422486887877,-1.238266789834285,-0.7345922119781902,0.025804133119164525,-1.1720307588736552,-0.863657934799933,0.10408867739022591,-1.0798276523168906,-0.8984300645639784,0.1404137083434121,-0.8974442733672652,-0.15155382823791386,-0.060308661487131286,-1.1984904372008869,-0.49370947647184965,0.011197913931242013,-1.1723655061516836,-0.6721379759442271,0.06299661859187394,-1.1138834287633006,-0.7385687636326685,0.07522878713054804,-0.871859682412517,0.08656804760965767,-0.04930003287152065,-1.237642103968988,-0.14490808437700492,-0.022111435390784907,-1.4251237161783836,-0.2894497918119158,0.00018854056334163415,-1.587447152163398,-0.3622237914818233,0.007970279344862009,J
0.0,0.0,0.0,-0.15429450713348053,-0.6705022711887096,0.043959233843744436,-0.4522797761125316,-1.0836961688189979,0.08092901161654806,-0.8144433628940657,-1.16555972228382,0.12714241947690802,-1.016226013360337,-1.003254090705707,0.17793320127481277,-0.8172223088034334,-0.7860707490133882,-0.03295684685354556,-1.2343941754783114,-0.9981428101140887,0.04490610031569445,-1.2322211416159243,-1.0670466729515207,0.133128556702792,-1.1765272992656681,-1.049665246709921,0.19360027689639775,-0.9017604092474628,-0.43084784206015425,-0.03461648893167166,-1.2052028691698358,-0.7172997316810924,0.06490893177862508,-1.0898127513702545,-0.8082983337678336,0.1336121218087134,-0.9686750030968501,-0.8008467534529714,0.1567982316860714,-0.9012776708701267,-0.14880659388918505,-0.01898784507735647,-1.1662518274529767,-0.48308940807136996,0.06269182350413507,-1.0763964932145056,-0.6039694303754952,0.0987534754842836,-0.965566361383515,-0.6038778324040737,0.09383531157853096,-0.8737834872246961,0.08180267779437438,0.005304009282370523,-1.2205768206154064,-0.14910954991267533,0.039052630803852975,-1.3979969708753124,-0.2928981679761621,0.04530432125191167,-1.5487541464105754,-0.36491294825292714,0.03473333175060844,J
0.0,0.0,0.0,-0.15768226356130222,-0.6719774165250019,0.05132451097682786,-0.46745890855293604,-1.0971527097840639,0.08973919218874227,-0.8441171155237405,-1.1677939964371404,0.13571990498182507,-1.0527711473246564,-1.014094164043566,0.19067011459221977,-0.8236743347445702,-0.7722834392383741,-0.034442890249925306,-1.243920910877721,-0.9933451979421507,0.02977230487246546,-1.126028585358462,-1.0546357003954974,0.11015677947633276,-0.9891521921518602,-1.0171981899613436,0.1642064052596326,-0.9049954232083668,-0.42318884376747834,-0.04352569910586161,-1.252598953930745,-0.7221435707422182,0.04882336413908429,-1.1220958370920797,-0.8067246663256908,0.11726351050740892,-1.002778883262149,-0.7697374793984993,0.13651940793514344,-0.910724266129201,-0.13483303946173308,-0.03701607232994027,-1.2431872215206434,-0.4919964847360163,0.03866284071966123,-1.1514633423065355,-0.6009222019787394,0.07779168204500114,-1.0413891412513163,-0.5812307306553796,0.07164028171541299,-0.8817796432843364,0.10074825830616178,-0.021620878899626685,-1.2419104864976975,-0.1178888592703279,-0.015252725178222284,-1.4391071213110225,-0.24926027146622737,-0.030381888516420822,-1.6104059660898977,-0.30058357511826767,-0.05492022519812723,J
0.0,0.0,0.0,-0.17669589038660613,-0.6740413169325014,0.0534949439572852,-0.5009825165965579,-1.0678082552728323,0.08074987708217024,-0.8538182052216515,-1.1391960927950138,0.11057938524483804,-1.0530608489423414,-0.9677690208856025,0.14519598089592342,-0.8241760759349802,-0.8009565579343403,-0.027232282669538515,-1.2408546855104354,-0.944947595140643,0.02180713162153091,-1.1011150261928335,-0.921779525503555,0.06193945133127989,-0.9561796444336842,-0.8796202623894389,0.08648060627693775,-0.9028909476150321,-0.4280287370799271,-0.039740872519258855,-1.2507206823526635,-0.621639893531171,0.04958811899238566,-1.1300697716058192,-0.63827908149194,0.09278895229378262,-1.0051191271313074,-0.6035168560467569,0.08781479342471081,-0.9229591830634669,-0.10434796455005402,-0.03526911711154581,-1.2263482149589828,-0.3670694547358611,0.04826879265522533,-1.1377656596051111,-0.41136649575406925,0.07971282707642069,-1.0172651580085414,-0.3633336850370743,0.06417636134092831,-0.9097445443727854,0.15355593460938258,-0.0225226796145817,-1.2462112192304073,-0.08172052443815922,0.02727493912028806,-1.430883855076351,-0.19883443047545832,0.04383212685885558,-1.5782035732906035,-0.2458126903089381,0.03442136588887779,J
0.0,0.0,0.0,-0.1930933182301265,-0.622134490548198,0.048497009801566515,-0.5323018194117217,-1.0189881972189412,0.05856740069853918,-0.892135248116708,-1.0939103602255131,0.0716245811808308,-1.1192361333351675,-0.9444856133411145,0.08761814327758001,-0.8114798958313306,-0.8517222411876847,-0.09115830956577044,-1.2916141398249057,-0.9433882969686223,-0.08159405133361815,-1.1534097416167066,-0.8965591657026503,-0.06296527404194718,-1.0036194151197881,-0.8518348604995983,-0.05447786578810281,-0.8685596946211787,-0.4812569719031145,-0.11830377793717999,-1.3021671468861502,-0.6166548391049315,-0.07044607049170479,-1.1810058045475542,-0.5973651723463838,-0.02829074218996285,-1.0558799736621303,-0.5667708368114345,-0.03478223709164959,-0.8905811016122992,-0.13104758531981814,-0.13051662941953546,-1.2881856036958004,-0.343406313841311,-0.09111359572838804,-1.2089784202546463,-0.3526592897686185,-0.056270182284445656,-1.0834376305199405,-0.3067013699489121,-0.06673701932890612,-0.9002045661990561,0.16634594288316182,-0.13403187700442432,-1.2966721907671621,-0.04155565979374741,-0.14667639975318225,-1.5338213175155195,-0.13378769980891783,-0.1601819097750969,-1.726217551081647,-0.17327405193811804,-0.18805340272503326,J
0.0,0.0,0.0,-0.1999413497979562,-0.5402846696807917,0.06995237750842351,-0.5083399874800079,-0.9092760047969192,0.10090592508406239,-0.8021547836385744,-1.0855485182639453,0.12486002687294037,-1.0022980970113533,-1.099703057727102,0.15070475370343664,-0.786196295167994,-0.8633334343672961,-0.0019709139193547845,-1.2265561201456328,-0.8688397899854774,0.01814327499402934,-1.1155641893975115,-0.7813447676020266,0.03962454885196867,-0.9805085576369151,-0.7391897909833111,0.052523964803346715,-0.839053010903377,-0.5425256885783445,-0.04069302306994041,-1.237549411807493,-0.5710584810029234,0.0014933710320086334,-1.128901294237956,-0.4981151931131144,0.03296323022324843,-1.0084416736008663,-0.48279314883088587,0.03030680235262562,-0.8651347940981194,-0.21347032003448246,-0.06796766576571393,-1.219139137324096,-0.32957141137030027,-0.05070645964284569,-1.1395452924864367,-0.3024642746418422,-0.02493335463056031,-1.014961213152742,-0.27838555582508584,-0.028045600372196416,-0.874544484191241,0.09653056200783,-0.08433075297955805,-1.2350323760243491,-0.06967225476066001,-0.1054296028208683,-1.4578362614199045,-0.13438293769984028,-0.11018407297177155,-1.6407557068475405,-0.18223302820089846,-0.12167995131323782,J
0.0,0.0,0.0,-0.17567379076114578,-0.5776463657896371,0.02403210357694542,-0.48404752064546785,-0.9690265814657317,0.040771505161550245,-0.7987190877331558,-1.1560010626399047,0.06353914546343394,-1.0057765571151243,-1.16701518648237,0.09342888293161618,-0.755256933021204,-0.9105659406952692,-0.0592062793693164,-1.188254249448926,-0.9253038393912799,-0.03847479677813311,-1.0692360746858507,-0.8082168741254695,-0.0034339230497294746,-0.9280817589961994,-0.7644636462456388,0.01633217510039933,-0.8135654098587317,-0.5765382730376033,-0.07559724600944055,-1.2174548793106579,-0.5951929349899061,-0.04774037743001974,-1.0961905634260554,-0.5029004728797136,-0.01134516170130545,-0.9686117094186185,-0.4971916744550605,-0.009738408571437237,-0.8443703883652742,-0.23816863141209924,-0.08210932883745585,-1.2142851508331292,-0.32163611559999294,-0.0822721130971558,-1.1320887921825566,-0.26491873270928523,-0.06323928218489501,-1.0142105214466932,-0.2414730276212147,-0.0678723873099156,-0.8588617496786555,0.07970341505245608,-0.07986351908337852,-1.2415312429291323,-0.07601913919892324,-0.11355957089475109,-1.4717841687011042,-0.13180365644503594,-0.13106749436619053,-1.6708196297650586,-0.18490780866344175,-0.15164113007267543,J
0.0,0.0,0.0,-0.13111287254007994,-0.590350793362977,0.001773151871928476,-0.44669902621883745,-1.0151740730200167,0.015816366023466137,-0.7816114459994593,-1.1858128128043863,0.04683946435875015,-0.9923957222892635,-1.1565475869606754,0.08483308837608032,-0.77378934112452,-0.8882363719569633,-0.14663230977348396,-1.1828432506635955,-0.9530546686842628,-0.13593289277849632,-1.0447785419994962,-0.8954003395734395,-0.09151769603541265,-0.8928045860152828,-0.840466088128047,-0.06322278535321879,-0.8409282616030711,-0.5200697622629116,-0.1495563479663616,-1.2058981249692726,-0.6181628766703188,-0.11895936806966607,-1.0705652016219618,-0.568389190691223,-0.062229786617196206,-0.9464172666252777,-0.5289572634113984,-0.05136011214766572,-0.8669047524296931,-0.16311267123661705,-0.1419888061090005,-1.2126339270503828,-0.3156237854152643,-0.1363761719858159,-1.1222751101327324,-0.2955911576814875,-0.11191097866614633,-1.001659819556422,-0.24044031468597832,-0.11997924039530056,-0.8757540643344656,0.14809231205193982,-0.12780604923730318,-1.2616455006768152,-0.054839753973719804,-0.18644727934906696,-1.5027424194764358,-0.148706127487406,-0.2331477939572767,-1.7029553834742777,-0.2078476070742566,-0.2762548261710935,J
0.0,0.0,0.0,-0.12377164086267757,-0.6008267142041767,0.029700265038634977,-0.38627958034617194,-1.0383519754633719,0.06498766249776047,-0.6464617285074081,-1.31286040858975,0.11582677227319538,-0.8131690222850932,-1.4298152852010888,0.1780410627618984,-0.7570590525063202,-0.9058250720750785,-0.08022664999283016,-1.137638639794954,-0.9717911924922319,-0.023969009253510407,-0.9861543262053771,-0.8883211543855578,0.04099260754276002,-0.8390863985963357,-0.8356609898077959,0.07698341107018468,-0.8205713004357416,-0.5659253590004005,-0.07994516208917031,-1.157678640799649,-0.6418060797941467,-0.0026026071880394727,-1.0186338292127897,-0.5809583775393186,0.06737981730335707,-0.9021963598492783,-0.5620702175713517,0.08128092807224717,-0.8454253997701127,-0.2261857473825651,-0.06655643157295985,-1.1545130792168574,-0.3505200305078606,-0.019556895821773435,-1.0604968023669525,-0.32947583758774807,0.01738843719743973,-0.9444656857486651,-0.29470612135959795,0.010959314429172255,-0.846882577156676,0.0762088017156251,-0.04481157241602682,-1.1988020977007774,-0.12795816689446077,-0.07781595566089433,-1.425801567090977,-0.21460507533762396,-0.10841563249537657,-1.6199667689757447,-0.27771529071986306,-0.13992667257816183,J
0.0,0.0,0.0,-0.11927204916572616,-0.5709818198004859,0.018861873221137707,-0.38577558848757687,-0.9797131261864621,0.035623245715003915,-0.6272047981618677,-1.265702395812918,0.05929647936086946,-0.7703949235054718,-1.4248581947296097,0.08839643134160285,-0.7337840754777518,-0.9138754007604818,-0.06568636990405816,-1.0914654780895863,-0.9717408431887522,-0.03355105314788787,-0.9731210578749668,-0.8865806030296671,-0.0036504479673243246,-0.8464541161355228,-0.8347735262659332,0.009238750620633266,-0.8012625469119734,-0.5930897984748815,-0.07888486458860189,-1.121531258981664,-0.6506943414257008,-0.028642160757300104,-1.0003764629753666,-0.5777215184371804,0.005465544370970391,-0.8845543982920403,-0.5548676568728753,-0.002379101585869312,-0.8368175251824077,-0.26299010938797296,-0.08165820241060036,-1.1159289151695304,-0.3432229573463923,-0.05782190275637557,-1.0263262662222379,-0.30483367318169174,-0.04456365951440756,-0.9096840739717406,-0.2608221648119379,-0.06344937317622709,-0.8519754657542804,0.04468572367037295,-0.07730137441876533,-1.1944424772958286,-0.12648102325010321,-0.10065291308776729,-1.416102354270223,-0.19175375281804746,-0.11847783291349946,-1.6099878497142357,-0.24927386545819588,-0.14360534568008118,J
0.0,0.0,0.0,-0.09088598410673579,-0.5515990899046579,0.01236333503831439,-0.29095669586262546,-0.9445470771728376,0.021848503701516284,-0.4307130981834088,-1.2809989021058426,0.04380286102693649,-0.4950241700049622,-1.5106257821173086,0.0750649946487806,-0.7472067503290151,-0.8812402256365959,-0.10044912842415714,-1.080529127487979,-0.9637035666515982,-0.06466728663442646,-0.9439552913609216,-0.9010238314235062,-0.02230988783994502,-0.8064093758860986,-0.8434243271330306,-0.003177670107325519,-0.8204813407905477,-0.5616545416938626,-0.10655770835186994,-1.1108277268658013,-0.6658738625181598,-0.05585248116826459,-0.9797772249832926,-0.5992007998129769,-0.008661045497379142,-0.865816501225202,-0.5651085884020517,-0.010038698125437928,-0.8494611803263105,-0.23015708280564115,-0.10172130230807525,-1.1149615176004886,-0.38739643769677773,-0.08331778636308884,-1.0264376470527163,-0.36246341208379323,-0.06342314406436049,-0.9087093184323619,-0.30897917455254886,-0.07989338108251251,-0.8518715052915932,0.06442049821961078,-0.0896001205672014,-1.19786403631173,-0.10864593758158866,-0.14267071987333366,-1.4232161716295764,-0.17861994817794766,-0.18213410211121717,-1.6056397912180267,-0.23484941433669082,-0.2204487678545828,J
0.0,0.0,0.0,-0.11519056839534277,-0.5782959481021615,0.06207070602974209,-0.32574605199188306,-0.9429695470346967,0.11180729828953356,-0.5305422055268467,-1.204375640455953,0.17263685152537128,-0.656695659190296,-1.3187539320611406,0.24049233710125306,-0.7899851727313589,-0.8616736823911874,-0.038543119443148456,-1.092407896760988,-0.9233060516612968,0.05601923154569893,-0.9414845880309606,-0.8861815806724177,0.13391071563175908,-0.8095421745512266,-0.8299775312334645,0.17377130540777555,-0.8462543084515745,-0.5302744219696527,-0.05160119021784398,-1.1076364749161,-0.6529378872448757,0.043529538344677855,-0.9647299364295687,-0.6072086379514954,0.10133178529421356,-0.8503644141328955,-0.5381822191822351,0.10754819151432246,-0.8545176627206533,-0.19333774471217907,-0.04398077218213572,-1.1061427137676598,-0.3596962960370604,0.018602763353322845,-1.0187701459577514,-0.349005037516089,0.04743725668473998,-0.9044203683424502,-0.27544315872072406,0.032406624119608964,-0.8344476570305686,0.10928346148183314,-0.023959929879504537,-1.2041433134253134,-0.052173658955445,-0.03391995177885923,-1.410199785313256,-0.1299489136650674,-0.04724192805315689,-1.569932615192556,-0.17946382902440913,-0.06964881405595193,J
0.0,0.0,0.0,-0.09704564826246943,-0.5949584208303259,0.04575790580108198,-0.3850117726197912,-0.9333407899516496,0.09788952805628749,-0.7056616133798732,-0.996273878352262,0.16440086344613097,-0.8959721913615771,-0.861265102669079,0.23755566491481372,-0.7983302649192381,-0.8493932690837022,-0.03425445007266408,-1.1036589302759838,-0.8740156093812042,0.04134643362186581,-0.964727238947996,-0.8448069752207649,0.10414603652387412,-0.8258132910193252,-0.8080376536949537,0.13255977108066141,-0.8667441894061085,-0.49772034415272665,-0.03207754895934508,-1.1066158302861338,-0.5956136770698977,0.08173761481890034,-0.9602012976334403,-0.5482580437345898,0.16347074070903858,-0.8519435703517533,-0.5215477301794134,0.17870763496561828,-0.8737447101578266,-0.1646847359946518,-0.017145754094038866,-1.1073900422732403,-0.31723648555482215,0.05930870073725039,-1.0142140794576242,-0.2977257437028584,0.09479578051698488,-0.9018626250743258,-0.25004748038841734,0.07863525329656655,-0.8510855145551973,0.13639625952837858,0.005945203741237238,-1.184918950914963,-0.04289229373242761,-0.02150097180972892,-1.3953283644731813,-0.08320804595837727,-0.06196398956425416,-1.5788922647715675,-0.11569695982919768,-0.10543828553731212,J
0.0,0.0,0.0,-0.10779671769484774,-0.5968095000100859,0.0401907568197722,-0.3433175697580313,-0.9432991052388476,0.07387682292419046,-0.600087358686432,-1.0624538578276321,0.12053456151457638,-0.7686944441971032,-0.975012929142605,0.1712745738787963,-0.7980656446805445,-0.836892481172968,-0.07765305789784475,-1.1009556054324041,-0.8842195213036718,-0.028921583204111905,-0.9559581003874225,-0.8460982534758906,0.0075281829972926075,-0.8169004821088527,-0.7961942066420329,0.019069920834652934,-0.8640325656596106,-0.4963226865367528,-0.08432980676255974,-1.0981888426039803,-0.6003000935649212,0.003631067708384415,-0.9622939473540468,-0.5602686866405748,0.06263278229910303,-0.8578287860535947,-0.5318057516133324,0.057189259278631624,-0.8724215037559864,-0.16043305922730014,-0.07700019674839938,-1.092441856423805,-0.3150716025375027,-0.02332124908991901,-1.009248126978564,-0.29893592202683067,-0.0027970034732964976,-0.8993597380367175,-0.24440347053135741,-0.030748214563545737,-0.8555520753727766,0.13532550593331777,-0.06080992658123042,-1.2029055607817818,-0.03976678843990391,-0.0948947269656083,-1.411032957368877,-0.11280366708055148,-0.1352396351365913,-1.5690410324866906,-0.16640100426080104,-0.18134673023535622,J
0.0,0.0,0.0,-0.16517392933533423,-0.5634231094424441,0.052248744450416655,-0.4110776647498672,-0.9033833807375558,0.07054773340982484,-0.6872143943525084,-0.9837824093169178,0.09035416950661493,-0.8583229155354707,-0.8917966976584311,0.11070014020203874,-0.8142129736656676,-0.8101796594724777,-0.052192114466671685,-1.1058493548161716,-0.8560768854938074,-0.016441770132662282,-0.9688999627128844,-0.8125087303739114,0.010167743646533457,-0.8380321875121456,-0.7667221485023176,0.02311743300733713,-0.8764523868009594,-0.47482116845093164,-0.07985030783781204,-1.0964710504292174,-0.5624102188441314,-0.00762702960738682,-0.9615951389315753,-0.5200067146698893,0.03245777384754677,-0.8518756416620832,-0.4817273037093928,0.02324236604632157,-0.8815814014623582,-0.14410742181955002,-0.09227484171965018,-1.0695725105699445,-0.26703376514571875,-0.04265460752736739,-0.9704269212762016,-0.24830741604532922,-0.02473055303054193,-0.8599229823939682,-0.19645342314844944,-0.047460846322540044,-0.8632613635506646,0.1500364699101976,-0.09521644001996085,-1.2090592109462457,-0.014181623325748311,-0.08801931526749185,-1.405660236624301,-0.10075316332315169,-0.08857846956856437,-1.5555172274022546,-0.15703153627022098,-0.10662563625450665,J
0.0,0.0,0.0,-0.12432010922198475,-0.5320469574453833,0.05131201329975405,-0.3796770980989473,-0.8441763207387801,0.08253782365555144,-0.6483682439433683,-0.8548411165407844,0.11468280449019254,-0.8234224781287421,-0.7328862311675096,0.14927160574386353,-0.8124735347259474,-0.7793540764141024,0.02107965371087961,-1.0392235460292139,-0.8546559010935283,0.09540410692173817,-0.9077126729400081,-0.8093058988328751,0.12925998015782977,-0.7845600986532266,-0.7602888565890479,0.14254215821699578,-0.8879996507945507,-0.4597770192885409,0.007855744579649198,-1.0329678942981395,-0.5898816102135803,0.13544689606476623,-0.8995348462624102,-0.5441844419255701,0.18216946901946027,-0.800325095429673,-0.4928551429334984,0.174261701145674,-0.8833409176148184,-0.1473951305438852,0.007287072629802419,-1.0289408135552995,-0.3282029019002721,0.09778548065395884,-0.9247759848272202,-0.30056356210224067,0.11450943323197973,-0.818272472268788,-0.22922467037660504,0.0887728715798217,-0.848958267365437,0.11827745525525486,0.015104207399677497,-1.1687102627396568,-0.045413246559716326,0.05129509756730934,-1.3423233739282554,-0.12832787786636085,0.0566277495748702,-1.464790538123941,-0.17854701353737937,0.043199068496819905,J
0.0,0.0,0.0,-0.10549125708245626,-0.5421819448761152,0.0712784995457094,-0.3292736785807101,-0.8880598635922644,0.12829072842942732,-0.5874078078702817,-0.9374508756918454,0.1831749476307915,-0.7499837873540279,-0.8291744614622915,0.23740297612025882,-0.7710436892815872,-0.8308998482854426,0.07131158902010022,-1.0019955488696126,-0.893390918804122,0.16166990758233107,-0.8785239717494859,-0.8350366491583526,0.20678606291670537,-0.7508358218301818,-0.7753112322028077,0.23142660174366972,-0.8574190528287097,-0.5113989393783182,0.057477757863798336,-0.9865420768844593,-0.590298420442296,0.19062806648323516,-0.8514453998824411,-0.5342770969387131,0.2282262138609631,-0.7482671317864882,-0.4821712313086455,0.21684109594133785,-0.8633644709354039,-0.20285292144021508,0.057609984650786296,-0.9793059070553722,-0.31440843242002425,0.15004270993123406,-0.8678747881197926,-0.27566819145115684,0.1468963537796809,-0.7653113364903964,-0.21037404770243692,0.1107470207817325,-0.8450187421807511,0.0722358321385507,0.06954007253560623,-1.1470175657325554,-0.09066218326644611,0.10971956035578292,-1.3072465383507927,-0.1768281100718257,0.11040813892331612,-1.4244303074120364,-0.24019275972336243,0.09485317317873879,J
0.0,0.0,0.0,-0.09179887813880407,-0.5631987335723928,0.08226994410065715,-0.2791370516413553,-0.9078657749202111,0.15204467686823,-0.5081300303593351,-0.9657438098745941,0.22180853988549756,-0.6501368166329525,-0.85898780585289,0.29325452770452903,-0.7789916855485826,-0.8058629314231591,0.10000824812512993,-0.9886695038392969,-0.9056662558282966,0.2204263415630212,-0.8656264348672005,-0.8500091736864569,0.2805899362718156,-0.7465963641323912,-0.7773129825704245,0.30670188676873766,-0.870964363204659,-0.4833686081153462,0.08818087500209872,-1.0000336275703827,-0.5960228458887716,0.2484712146905861,-0.8757419278840487,-0.5522488980337864,0.2949986093549854,-0.7819497719705759,-0.49903758979586776,0.28160524229899103,-0.8767613109776481,-0.1799416760838347,0.09123775748011524,-1.0199841696779175,-0.34191024551955596,0.20684911337225828,-0.9370874495881945,-0.32287314102240383,0.20804268912882093,-0.8511559942277078,-0.2536331373577592,0.1657423241280146,-0.8456090871141189,0.08186702784245169,0.10582036840959679,-1.1428391111564518,-0.0894121634542242,0.146390848687673,-1.2996270105310668,-0.17983497343113936,0.13964031876097666,-1.4157741293536956,-0.24069276150336866,0.11585790209203854,J
0.0,0.0,0.0,-0.1436669175429332,-0.5789237913324349,0.08333153557496824,-0.3597189413999653,-0.9201834850829939,0.1508835622313403,-0.6154118577292681,-0.9573451025141895,0.2176688267682058,-0.7625295115661925,-0.8401294164071365,0.28590500538290503,-0.8069914131959556,-0.791685105763833,0.09456058925323262,-1.0061000501918969,-0.8422325940650183,0.21351446306338134,-0.8839924157699448,-0.7844932563191452,0.27206524946154403,-0.7662732499793514,-0.7255862474867568,0.29956073611274747,-0.8858575506075991,-0.4568554787764951,0.08086699909978226,-1.0151750688859367,-0.5429905684499272,0.23582642605359563,-0.8926939623432538,-0.5057657164359428,0.2701295749629448,-0.7912365283083095,-0.45946065227391697,0.2502296860018618,-0.8814691390471638,-0.15318817378464972,0.08529192178326737,-1.0177350422122675,-0.2797509356761345,0.2019614106208436,-0.9258924036619918,-0.264251614382106,0.19320374906240192,-0.8272140382271386,-0.20965505822920577,0.1450786788951588,-0.8504306038838636,0.10289796120477483,0.10208934975854389,-1.1400012767294994,-0.06635590571469412,0.15839409571058824,-1.3043114890777456,-0.14923589821850322,0.15863360810708546,-1.4309094066578567,-0.20354207751469813,0.13833242495026282,J
0.0,0.0,0.0,-0.13864090797425246,-0.5237136808532971,0.0644221700766325,-0.3598509257855681,-0.842143428048079,0.12352829531214218,-0.6045182040273307,-0.8128582486373607,0.17715003184124428,-0.7435183601074179,-0.6555571538221051,0.2312487001972778,-0.8578764468923016,-0.7009266867163448,0.1393257419932915,-1.037632468501608,-0.7574516471872305,0.2509484459703859,-0.9141905949421572,-0.7135996378757847,0.28712293806052225,-0.79218105882573,-0.6669378824460125,0.30251241935747436,-0.9216162777284078,-0.36688879052429874,0.12655454165557142,-1.0128565685223392,-0.45260047757223365,0.27425764893317883,-0.8811891701839579,-0.4372325255592399,0.2854562805458763,-0.7688009546940093,-0.3963091971131771,0.2562312958493604,-0.8991683915920837,-0.0735873253186554,0.12608235208983629,-0.9922415226979179,-0.18433698773761176,0.23042616517556094,-0.8775838879297435,-0.17862276665154206,0.21044408029951525,-0.7664341299526855,-0.12557111974293167,0.16552782611347977,-0.8509518145497411,0.16406803969963454,0.13522372969899207,-1.1153416625149704,0.023935908781369666,0.20369421337416804,-1.267543342769302,-0.048817011315764824,0.21933254700941437,-1.3835922347792173,-0.09002219881992023,0.2135314959936505,J
0.0,0.0,0.0,-0.12442705782631004,-0.5148672144953959,0.0958870411641109,-0.33798068466681613,-0.8443029607375517,0.18765179778183363,-0.5515560133231283,-0.858830083494641,0.2734811911285332,-0.6826520755184123,-0.7398022919538562,0.36090074259470695,-0.8502179785562567,-0.6760823660496909,0.18298317950164625,-0.9916279802623846,-0.775858343425767,0.31278211871043576,-0.8820160488995739,-0.7531233272045815,0.3640539618736963,-0.7681234040592105,-0.6990082127629367,0.38849066111834835,-0.9144304993074622,-0.36749806390378403,0.16959373503545383,-0.9747133546686378,-0.4713062144087954,0.3365003847985905,-0.8457492837077132,-0.45863865841614204,0.36071367051767445,-0.7528841828935339,-0.4241131305349365,0.3380536104284561,-0.88520645830146,-0.09242766980061276,0.16871024987061553,-0.9666919270856019,-0.20822370937420476,0.2849801831455042,-0.8600036788968928,-0.2135039187707826,0.2620990736950095,-0.7656709170143291,-0.17314508828792968,0.210534028694877,-0.8235689368011251,0.1326773850084629,0.1807237204092246,-1.0775264344852213,0.03560164697112162,0.23441304279996983,-1.2171354279578317,-0.029007689663510593,0.22857748211832588,-1.3223758983060458,-0.06535956476987338,0.20711008229468633,J
0.0,0.0,0.0,-0.11791932785753638,-0.5405845252422479,0.11694794933404541,-0.3527922391852013,-0.8242189484030961,0.22217275517076507,-0.5759332634985603,-0.7745976117382247,0.32050762815909756,-0.7009567320006267,-0.611767157761841,0.42021015037585213,-0.8539215447477789,-0.658918396069606,0.21613318013083835,-1.0254744371028777,-0.7408893921019126,0.35381432873366303,-0.9061613659072568,-0.7238212828084183,0.3996527139001797,-0.7844865231728795,-0.6818744228573373,0.4207005221185187,-0.9173469277539196,-0.3421621377592393,0.20346912695657884,-1.021056554654691,-0.4567991938831186,0.39351700266676015,-0.8878937608525138,-0.4544655070750453,0.4244559752706769,-0.7838821150787022,-0.43249201378844887,0.4048579564024232,-0.8917985260124146,-0.0633569303328928,0.204773354073403,-0.9904459265010374,-0.1697734931987525,0.3473655807713199,-0.8828458545667796,-0.18059753357813618,0.33245209498103695,-0.7752954710021921,-0.1531414070647014,0.2835395119866507,-0.83126846270333,0.1599960565412714,0.22057757333029632,-1.0920964179829207,0.06094942080416629,0.30240279109295193,-1.239253370149454,0.009695713177426924,0.3132571382916004,-1.347191940244299,-0.014496165209734325,0.30173582503273616,J
0.0,0.0,0.0,-0.13921781385743132,-0.5017033386720863,0.15917551114920536,-0.32524141772039855,-0.8176669209948481,0.2777560911947766,-0.5108802582870262,-0.839635411895586,0.387218011531748,-0.6316334005520783,-0.7090858554420453,0.4922821037247482,-0.8562965492859901,-0.6761196442089715,0.22985969615904228,-0.9712993585876457,-0.7100128806551181,0.4072207738179165,-0.8537651381265067,-0.6679136160895252,0.4720472059719661,-0.7458193170092918,-0.6206318302534661,0.49270157505039675,-0.9062569783251896,-0.3735360946840563,0.19791178642284174,-0.9740386679260488,-0.42613550060718586,0.42620481169424956,-0.8464560354837913,-0.4037310301920693,0.4649163684344075,-0.7454615034768862,-0.38116742783753266,0.4358245649301965,-0.8771372333990644,-0.10005549023242437,0.18922846456757453,-0.9636117925934065,-0.17764117728867995,0.36335627054823305,-0.8478699064323478,-0.1726803207432124,0.3558117366344403,-0.732396467919827,-0.14462876646029066,0.29758671332213704,-0.8132662928754032,0.13551531295608713,0.19807316417592294,-1.060151388623242,0.037803168863831636,0.28281786352294086,-1.2001181375870567,-0.006190045778406873,0.293132652337403,-1.3093549223960985,-0.02938410927709724,0.2755735394794653,J
0.0,0.0,0.0,-0.12222352055080299,-0.5438227875644875,0.12331145683446093,-0.30702873379935836,-0.8672939545454255,0.22185692012086086,-0.5001149095163002,-0.9026872898781256,0.3133746290201067,-0.6247019157070096,-0.7742194365900206,0.40317053832429167,-0.8396905012061776,-0.7061891649667323,0.18241506624709908,-0.9949149483172353,-0.7908953382779014,0.33103805346738374,-0.881980287870421,-0.7728148263271756,0.39876227300281836,-0.7663188255700888,-0.7227086856498676,0.4298508718963015,-0.9056758093144294,-0.393483285961391,0.15786776774148573,-0.9875633253151391,-0.5067332820862699,0.3469790502219123,-0.8693427172854988,-0.5050721628556092,0.3855673499771968,-0.7712342261561684,-0.4703102342129167,0.36517026056020596,-0.8872717504573331,-0.1103282695158373,0.15130921764639185,-0.9706801820292763,-0.25007308060306005,0.2893971989505763,-0.875138496357151,-0.258219599527398,0.28359795768191465,-0.7794797087649359,-0.2138059235118671,0.23562834490692414,-0.8340618880361501,0.1314593140599212,0.15936723607460757,-1.0874221561856747,0.03301624601604872,0.22733923248805518,-1.2147613945265203,-0.027341429367346348,0.23663832598851442,-1.303833551461171,-0.06181976424437941,0.22309303168942715,J
0.0,0.0,0.0,-0.1341686659246581,-0.525312069028216,0.17663554901407622,-0.33190828694877295,-0.7812466572648217,0.3208625409896491,-0.506374495964119,-0.738228079457896,0.4537487483818212,-0.6085964199520272,-0.5534936878296826,0.5777450181646265,-0.8482265940932356,-0.7275883152314345,0.2570035910776726,-0.9687301047261665,-0.6727751981902736,0.4342069104160004,-0.8534164099337189,-0.6246721537759938,0.49259646871803153,-0.7495586499947194,-0.6095815432996955,0.5116719234684315,-0.8946432247581304,-0.3867046294437661,0.2237700381220257,-0.9598219311518371,-0.38350437644269136,0.44841555464956717,-0.8215340339638929,-0.34355287190666034,0.4788828959862293,-0.7178247668824463,-0.3237530617535631,0.446971609340243,-0.8587035689739331,-0.06925650961115444,0.21397611767808225,-0.923723298418732,-0.10211250819813229,0.37030862927645636,-0.8000697313433345,-0.07373836335542253,0.3424297465553539,-0.6893034635210833,-0.044823112318908356,0.27939668888234753,-0.8054189689123588,0.19711642121800477,0.226514932088589,-1.0760215634337416,0.10602555233144019,0.30266469999556983,-1.2237614090676192,0.06587288032129163,0.30730130528222993,-1.3388150348545194,0.02296206626550412,0.28947018509575306,J
0.0,0.0,0.0,-0.1703621589652592,-0.48398843823458815,0.1840061174676346,-0.39622868061934996,-0.6714703749482693,0.2630608705518883,-0.577330915128178,-0.6034285148423186,0.30446961934244676,-0.710856760988026,-0.42261468512463757,0.3217797578745488,-0.7749771084593509,-0.8300531361663973,0.20065830548167657,-0.9622423391255838,-0.6095229080567026,0.3086437493123839,-0.859937023941556,-0.4766403695777085,0.342557316997852,-0.7427136644511818,-0.4265452374972427,0.3489097451987335,-0.8427184282354976,-0.527364444523883,0.10822381144789207,-0.9620229087735389,-0.3430409674937551,0.25361747112223026,-0.8407000900255769,-0.22801686480491423,0.26809077270319914,-0.735332532643063,-0.21399424988662447,0.23283489680182898,-0.8416875885257924,-0.18495576336056868,0.037431885814056945,-0.9576881067484221,-0.05926130255942377,0.12225615491981194,-0.8415722389925363,0.02357291234535343,0.10521476284455268,-0.7393506342588372,0.03953609896053666,0.05773447171836348,-0.808577257284195,0.1614370894430909,-0.01310403797617136,-1.0821646176468935,0.1429504537793916,0.020730915720834006,-1.2395262712456567,0.1267834396475798,0.03772556894535967,-1.381152774907166,0.08407823144915802,0.03282270684461464,J
0.0,0.0,0.0,-0.17683304842879755,-0.5002165021906648,0.2328975588272787,-0.4177659635382773,-0.660766944636045,0.3349030827287948,-0.5993164616521234,-0.5734548371742151,0.3939027957963438,-0.7304186250798236,-0.39111708368835696,0.42716709723674035,-0.7587125235658059,-0.8378152407493379,0.24755587648796207,-0.8769438933563128,-0.6529133833586731,0.3868551719997018,-0.7558460922471653,-0.5373622444676931,0.4254774215334943,-0.6375820132497007,-0.48444631976064795,0.4250826456115704,-0.8364998589219133,-0.5289973768394354,0.14293271606114427,-0.9072811552416474,-0.39536146017524426,0.3314138110082194,-0.7795769632623506,-0.2983406145936077,0.34929746129538475,-0.6781955521323,-0.2780057909558283,0.3004882488986956,-0.8461601849327504,-0.17769329436510223,0.06494765137663983,-0.9265180170747206,-0.10323224329603947,0.20230174214330338,-0.8018238169372008,-0.029658251023633748,0.18593180816332178,-0.7036739761476725,-0.008912420994064306,0.11657973971059855,-0.8191317665618703,0.16129971293189319,0.009610858406985142,-1.05516339010583,0.15531970027164202,0.06696744490627261,-1.1925047571771874,0.14485300231243042,0.07322010153021083,-1.3227414610568478,0.10635718286321602,0.048200746889812025,J
0.0,0.0,0.0,-0.21893032635267648,-0.49250751850980024,0.21434626598175316,-0.45926802536164274,-0.6418628810280593,0.28516404791035105,-0.6377364909917026,-0.552077101631633,0.31459531123886625,-0.7711977589553247,-0.3543948095552969,0.31829768009059395,-0.7789965279538191,-0.8252189390389636,0.15884111809903892,-0.9345450001742247,-0.607443724786241,0.24704629054356197,-0.8296816290732762,-0.45758458073869857,0.2658043132069204,-0.7172768490192513,-0.3870057000328987,0.25708254230763944,-0.8462446166668542,-0.5308109579589446,0.04593229444602673,-0.9627003714523095,-0.3267697154333673,0.17377363713096988,-0.8363639963257556,-0.18828862003368718,0.18764812379672627,-0.7266627425292406,-0.1611859029956803,0.14539086531216397,-0.8461151770218153,-0.17913790559707857,-0.039734307528066524,-0.9638893930930764,-0.05994562656009643,0.04357330249253031,-0.8356114840607236,0.029754102818782747,0.034905240690094944,-0.723370843199774,0.044841296149556724,-0.017936956161868536,-0.8122215578928127,0.16916521902957896,-0.10233820204724901,-1.0806582945878678,0.15866602303268115,-0.08303875097193045,-1.238989050708962,0.15428136140411042,-0.07550069195332945,-1.3871019749442057,0.1139088322675066,-0.0924926230842352,J
0.0,0.0,0.0,-0.2316940347138891,-0.4772620400934186,0.2288653858904562,-0.4831400805496622,-0.61664486234638,0.31736538643570444,-0.663861218268004,-0.5076069892892637,0.3600300300581946,-0.7935980284984369,-0.30576759580939156,0.3770229910461665,-0.7710018702350327,-0.8233754236682836,0.2175217351905229,-0.9321654355226108,-0.5846344302529581,0.32073963770061714,-0.8310567145353048,-0.428043783835869,0.34564947801923224,-0.717996030092725,-0.36388418956804636,0.3423038330654667,-0.8408219646413111,-0.5315798601168981,0.10218256257710871,-0.9534164053165083,-0.3031585558476045,0.24454107287447838,-0.829334199496892,-0.16467152323287879,0.25495035602445537,-0.7204801167248536,-0.1417662603918215,0.21301979065352689,-0.8438289662187416,-0.1849193770813134,0.01295204076904031,-0.953736880226037,-0.03753268343478801,0.10631837791567636,-0.8308262397130025,0.05534403759561016,0.089598786176606,-0.7250977348365251,0.06442345815991814,0.03433768357113421,-0.8176113271727398,0.15829836197591793,-0.052540886592494035,-1.0642389993546792,0.15740570068296006,-0.021007692595291977,-1.2106432121024788,0.15135283385406956,-0.011431995960931793,-1.3480511460777798,0.10993667071965785,-0.025337805623840373,J
0.0,0.0,0.0,-0.22463494369842035,-0.464358556082153,0.24710772163935302,-0.48976049503117586,-0.6135062961464923,0.3514853126485238,-0.6836214763202797,-0.49832011429264694,0.40821874350806103,-0.8201919390061343,-0.29805415432500215,0.4386329575533979,-0.7413044648955647,-0.8533298088302301,0.2522336861800507,-0.915359817282306,-0.6004931934541503,0.3709306252129963,-0.8192259416010932,-0.44173060171116524,0.4084101822699472,-0.7044439678467637,-0.37759814316769713,0.4131687939070881,-0.8152148467381545,-0.5639500044965851,0.13185274394561933,-0.9519040790794796,-0.3210827196274069,0.2900861969943963,-0.8275706142916118,-0.16791088440840352,0.31075069711149106,-0.7145829332282162,-0.1418696592692019,0.2766996199019084,-0.8324516558605343,-0.2189178445334972,0.037783978015458256,-0.9529510443208483,-0.038295072929861514,0.14536726504993486,-0.8273524492018342,0.08186043888185592,0.13073679353972553,-0.7190244892069704,0.09756718939802805,0.076392497602818,-0.8212987308327241,0.13850384587660639,-0.03173011813001476,-1.081253195253017,0.14094992018374633,0.005647321457942411,-1.227575138897057,0.14252623710953943,0.014169486488470974,-1.360791526317796,0.09801033526450732,-8.155102468466304e-05,J
0.0,0.0,0.0,-0.25171463507863906,-0.4778447872413929,0.22273395761433523,-0.5129927467076386,-0.6209801835737656,0.30094419721726023,-0.6982400039986293,-0.4954342581436778,0.3339331648564742,-0.8253491648788401,-0.27524644003518045,0.3421358042913538,-0.7619674057520867,-0.8401967642030281,0.19415430289547891,-0.9261647786951923,-0.6161706004122435,0.29470560272322777,-0.8236573592610305,-0.4589732750228881,0.3276713989722816,-0.7057887788313468,-0.3993371760177815,0.331269402760017,-0.8307153843128681,-0.5510275541789914,0.07925014070298274,-0.9462028347788229,-0.33554382240911523,0.21989167123191267,-0.8263424298855333,-0.19063537352531085,0.23907248392499447,-0.7160132772962038,-0.16548137516681444,0.20623793775052868,-0.8397281073131894,-0.1954376359655412,-0.008333935270009854,-0.953289554443581,-0.08217313559254673,0.08694641663110236,-0.8268340947565747,0.014734128144165623,0.08173024747221196,-0.7117175172603472,0.025233611202544335,0.034996241596663806,-0.8233502157846913,0.17207669141486295,-0.07224587067384129,-1.080408715951985,0.18015183918117492,-0.034267202349805154,-1.2256782986316554,0.17771456189968166,-0.015748167337647737,-1.3541523818512824,0.13571976711814898,-0.022599112388213414,J
0.0,0.0,0.0,-0.23251990438017883,-0.4838424887259013,0.21328290820705317,-0.4922599996259755,-0.6424433444685683,0.29429871622907505,-0.6780083455070066,-0.529485498257162,0.3309248882399634,-0.8044480872080736,-0.31625803008103515,0.34234850930061617,-0.7352010988784325,-0.8653668826739809,0.21357827113936237,-0.8745990311874787,-0.6315843224486772,0.3184423356489055,-0.7735306099820578,-0.4875920936453765,0.3462530901007327,-0.6588373584642865,-0.42910760413792437,0.3448201068374706,-0.8096727379544363,-0.5777195746900186,0.1032964202349275,-0.8961651826363914,-0.3454273793734166,0.24893750315512714,-0.7715823603143849,-0.20724978070041533,0.2578892670334709,-0.6625811862723996,-0.18505476796075773,0.21806445775750885,-0.8245993656641741,-0.22112120928315598,0.017732388587460023,-0.9066060456518462,-0.08264644638750505,0.11120177236212411,-0.775009810136217,0.006302114471081267,0.0895106340825622,-0.6638116460811692,0.015769826323153917,0.034264231721423434,-0.8139827875874015,0.14942608887460881,-0.045014106001478364,-1.0537316108884196,0.16784572688343427,-0.011488302550824222,-1.1948593661265594,0.17153412038701638,-0.001370947122127925,-1.3244502299745307,0.13977000424531263,-0.012608817723223325,J
0.0,0.0,0.0,-0.2194745093172629,-0.48243651618367006,0.19871965815852793,-0.4716953368091138,-0.6554815246950864,0.2723589665567922,-0.6552332691932942,-0.5402213979015086,0.30456980905795583,-0.7801784816316983,-0.3272190876773287,0.31345859794984926,-0.7411409216876228,-0.854403918148619,0.19362542990301831,-0.8729939182391483,-0.6503529483597387,0.29315346965122063,-0.7723639602287677,-0.5184308980253679,0.32132744556329523,-0.6603599598792045,-0.46288109609239186,0.32087553992226436,-0.8188134879320873,-0.5670956086608657,0.08914618678357296,-0.9062864895490312,-0.3614862796567673,0.22710929709720526,-0.7822011982764735,-0.22888591570408945,0.23923304764373834,-0.6763071572608303,-0.20024212048132875,0.20252088359033701,-0.8311715141656181,-0.21800422293525004,0.008087094731063596,-0.9284188771748899,-0.09185609620057672,0.10128266546380846,-0.7960902418083802,-0.002547577412314853,0.08794428846221622,-0.6837109972207753,0.008649669036513416,0.03686608878334069,-0.8146313775695231,0.13650671434062164,-0.052199120269002496,-1.0613799853716597,0.1477133240142425,-0.01811821541754988,-1.2044620243228716,0.14146233110688414,-0.008115786960913916,-1.3349743891468038,0.10130163934445954,-0.021040401067611156,J
0.0,0.0,0.0,-0.2085899995986042,-0.5044004779125405,0.21515420643225305,-0.45533699659158755,-0.6870077002934806,0.2926288553285557,-0.6468865113990392,-0.5902776135447547,0.328575872925809,-0.7819979046252938,-0.385035199002044,0.33826200705263015,-0.6816692895122717,-0.912718087358997,0.1869848948055736,-0.838375884407532,-0.691831931738536,0.3009215502364229,-0.745530957871547,-0.5410847943110958,0.3407414683720139,-0.6363171519960796,-0.4736951815889393,0.34352187000080325,-0.7691362174235571,-0.6346277622543369,0.07534641612867499,-0.8762630367852638,-0.40602904877135015,0.23214067926164836,-0.7589186544995623,-0.25191720900677445,0.25433959554388386,-0.6506938177225784,-0.21792863308924343,0.2188974220859678,-0.7987356977249833,-0.28756900307001765,-0.009004869192042339,-0.8886651348991328,-0.13333370739285383,0.09975365169957613,-0.7616245067335983,-0.023058762260152223,0.08634298057390917,-0.6518103403067659,-0.005415008962520241,0.02900547267341277,-0.7982432619622994,0.07775673706488076,-0.07115210800289319,-1.0468311928124239,0.10347561735590464,-0.038001209036148974,-1.1900739555275803,0.11149694717967844,-0.030947286484583676,-1.3131298260177027,0.08490700215208588,-0.04691098523728942,J
0.0,0.0,0.0,-0.19426600179162665,-0.51697139128609,0.21094864258005366,-0.4452640703863967,-0.7073073691955799,0.28162307215942955,-0.6382447363938927,-0.6106889435061051,0.31257163447044467,-0.7735665925322275,-0.4044736142856572,0.3169277210120683,-0.6602796176234884,-0.9323400817656429,0.1637922472063775,-0.8326920386022404,-0.7391549851758806,0.2742148057946714,-0.739928417830559,-0.5865848727378445,0.31398813582872126,-0.6308932516629638,-0.5161839302277598,0.31747449474488415,-0.754867264879536,-0.6535344271380131,0.05539101875464647,-0.8685022778026882,-0.44742177247191317,0.2137642099949251,-0.7498675418179759,-0.2969088920284766,0.24112909968968213,-0.6432071171809697,-0.2664422721848286,0.2089736938530651,-0.7919309753472479,-0.3044903757773754,-0.024412676321854437,-0.8858108562380927,-0.15523337147040048,0.09241659785016983,-0.7597432039793481,-0.05129866566297106,0.08277418295023227,-0.6530848502019287,-0.04113849411515251,0.026133659831158212,-0.798675631417346,0.061958782796176774,-0.08248127214465788,-1.052846791314346,0.0909795418367623,-0.03917700126164877,-1.1920490375066588,0.09322381921338802,-0.027424248926560736,-1.3109160437746943,0.05804659502725462,-0.041337897314068124,J
0.0,0.0,0.0,-0.19189361446717232,-0.5141173860057939,0.24656411185323396,-0.41966767297346,-0.6840683646247181,0.34428522712404225,-0.6006963117595627,-0.5855284273668679,0.39320754097461186,-0.736634909577138,-0.3920073979733511,0.41466326750823734,-0.6709082961739663,-0.9073866765047847,0.24682814084520244,-0.8350164958621948,-0.7289358905937251,0.3748480276313306,-0.7485261775739068,-0.5776147312257087,0.41891549593788213,-0.6414306382180714,-0.5025956257530051,0.42531270254051756,-0.7650661492337948,-0.6312084984072587,0.12747399277902377,-0.8744540580414079,-0.43980322133604915,0.2977740791660391,-0.7565217060969794,-0.2943431070554055,0.31884654852138583,-0.6458655282144868,-0.2640517084251443,0.2820933807274343,-0.7980148419150473,-0.2919617316038196,0.036035555308485775,-0.8909656009192675,-0.1583445298215416,0.1589215976129507,-0.7639416182063667,-0.05472274850896839,0.14318651584423914,-0.6544663639586433,-0.039456359714993346,0.08302037792031915,-0.8061859912317714,0.061446288303438096,-0.030855326315684918,-1.0482608562788904,0.06987688346736437,0.016562654331199377,-1.1929644195611642,0.07313742564541434,0.026903516895464375,-1.3221487240186642,0.041660653080393566,0.011514582947182458,J
0.0,0.0,0.0,-0.18398827487394953,-0.5029945435242309,0.21605539362605009,-0.422881871682506,-0.6938825795986818,0.29374287171043983,-0.6099179571020352,-0.6111209027592132,0.3247064344442211,-0.7459500573709245,-0.42528923621020276,0.32934531539809214,-0.6971186601128184,-0.893619940355612,0.21187446438744428,-0.8673076804427362,-0.7227994806984642,0.3193256231625443,-0.7695680109758203,-0.5800772173089537,0.3517908925226361,-0.6568045788215219,-0.5028044990032405,0.35485156020282826,-0.7831847209940523,-0.6137472403607782,0.09967957539535106,-0.9072560700042481,-0.426980752982654,0.24223059447502981,-0.7874280441658621,-0.29683748822324046,0.25148468452295164,-0.6722742564015313,-0.262697376187148,0.21310448033976323,-0.8139196343208845,-0.2756582384116592,0.013554628879444731,-0.9197485843148036,-0.16648629949001612,0.11422565702744135,-0.7903579976441609,-0.07974410064950112,0.09874027633250165,-0.6777090743450047,-0.061838665702859154,0.04521054642873741,-0.8155479368481577,0.06589214524640685,-0.050163146597780685,-1.0473416498166852,0.0701131693253731,0.0011916391091570894,-1.176451991131322,0.06312129880893713,0.023620334966624426,-1.2954280978731474,0.026254804592576373,0.018520327773854133,J
0.0,0.0,0.0,-0.16982304813878993,-0.48216193941901925,0.18249228545685256,-0.4222282678248807,-0.6738210921847981,0.2441233632842282,-0.6226078979066686,-0.5747761646373634,0.2627519845699297,-0.7733045742442155,-0.3772397138381363,0.2550115791770566,-0.7287506238279042,-0.8538541566635588,0.21104931631760776,-0.8260752569289882,-0.791545151762053,0.331239444618502,-0.7258334665708152,-0.669286092482915,0.35627049856531146,-0.6380480412423288,-0.6045384029698879,0.3541294288439504,-0.8191752781113845,-0.5613183721642696,0.11778602974033266,-0.8624247366195774,-0.4760306912114998,0.2866042274217007,-0.7318330394332488,-0.3792446123154071,0.29105516743613646,-0.6224459093031435,-0.34875424270320243,0.24584917542481177,-0.8357625568900061,-0.2242555785828552,0.04864580432512685,-0.8575635798808238,-0.16551311586585832,0.1845263391579706,-0.7107110334314716,-0.09966726896114589,0.1699769117527321,-0.6084539904043811,-0.06841000797026785,0.11275034186162662,-0.8193156046560697,0.10610280778765041,-0.002732188227313139,-1.0204538155153409,0.09093200967416766,0.11177839321055572,-1.1222382441895058,0.05444969660390055,0.1679720132754613,-1.2090630457640348,0.012609498074566539,0.1787084074272861,J
0.0,0.0,0.0,-0.10387847030510217,-0.51489697110724,0.10583207065942944,-0.3110319336626426,-0.7137496600586883,0.14095817978696634,-0.5010831048116007,-0.6067538971713293,0.1505175701616574,-0.6487624172925937,-0.4121474960639822,0.14393996095970107,-0.7441936871513825,-0.8482524129611708,0.14692996387044138,-0.823832083873913,-0.8873586343206136,0.2593313553982886,-0.7176983159378156,-0.7878129610373987,0.28295206366130327,-0.6228363235944804,-0.7177061926489448,0.2828380869780413,-0.8426664446630997,-0.5294140190075283,0.09815324506682237,-0.8685318136309694,-0.5376663213451333,0.25853912319837385,-0.7413132344815387,-0.476311319566653,0.26396656426968124,-0.62938166857585,-0.4504932108655582,0.22095884631441007,-0.8554360071721121,-0.18780395219604404,0.06724438682638773,-0.8637262119743813,-0.1820561073859213,0.19866819141398517,-0.721038983969017,-0.1368118747261936,0.1813049915645395,-0.6193409488780245,-0.10166208497353127,0.12503984309704952,-0.8265086845668417,0.11718162950137632,0.04710489034731791,-0.9980552396369597,0.07702413649546173,0.15984098739877106,-1.0890218280541861,0.022951120494719774,0.2055366161962845,-1.1600056042706692,-0.02906869947169105,0.20980101374375112,J
0.0,0.0,0.0,-0.12729493174852,-0.5074602121395448,0.10615260451553389,-0.3377490518484456,-0.7138162634593098,0.12093045367662833,-0.5375384088167136,-0.6127565139708991,0.10985438034952967,-0.6792390708887537,-0.399173964829856,0.08010173788969878,-0.7403313430399654,-0.8795190762665591,0.08860550611056034,-0.8211410246159887,-0.8194368614351568,0.17059066566053363,-0.6970721101414212,-0.7181377914566932,0.1760733948938225,-0.5953107700548091,-0.6637163629785745,0.1610589643379832,-0.8292315477572237,-0.5583479528707391,0.024952028559098123,-0.8494407203396633,-0.49879798247762186,0.15928871252035867,-0.7181422504490551,-0.4229240869467808,0.16081156988676068,-0.6172980613913974,-0.38719532774881543,0.1099888030442686,-0.8402027073640357,-0.20645217445510955,-0.018765957019244817,-0.8581110398877286,-0.16604268357506335,0.07952085062223704,-0.7252617324536474,-0.10009724413714653,0.06595995602654474,-0.6302558931951139,-0.05550031353002871,0.01267504209068148,-0.818959303353196,0.10859659317807799,-0.0504665282079713,-1.0264099735979195,0.050756200456517825,0.028154809307228915,-1.1454097781556836,-0.008799885126124321,0.06735038928228432,-1.2434268386561071,-0.06109329134946589,0.06776785447968198,J
0.0,0.0,0.0,-0.18558089383943388,-0.5095215542550404,0.22511471204725075,-0.4110423350143607,-0.7054131115119685,0.3036898027322954,-0.6100611649694992,-0.6317706277958417,0.34110248549875316,-0.7591003111317312,-0.4321249022999137,0.3513797357021444,-0.6279711280624164,-0.9677643021411699,0.16658756483442733,-0.833098481964383,-0.7261529006496078,0.2622797227415166,-0.7555106571903812,-0.5563687417205776,0.29673333967285387,-0.6468439200885869,-0.47985818538761066,0.2999341934921482,-0.7163805112023441,-0.6960769851620494,0.04770528164868188,-0.8766126337762183,-0.47122346634613926,0.18239154978185332,-0.7733845352129015,-0.3091755622432397,0.2089298524840794,-0.6643966349804029,-0.2638572769949864,0.18050254738203095,-0.7583171270081743,-0.3556139857166599,-0.042791650583001606,-0.8935218215723366,-0.19954239370532376,0.047405748545615786,-0.7749693963080722,-0.08451747920793193,0.04324468136025466,-0.6557581933526343,-0.06514285853221466,-0.0035194991386405805,-0.7793114329734553,-0.0054514274236597635,-0.10994865345842433,-1.0369452661801166,-0.04732944251616653,-0.0986301898635381,-1.193202447130882,-0.08294618754023168,-0.09707521453174528,-1.3303147270054954,-0.15358358344709613,-0.11364316274888314,J
0.0,0.0,0.0,-0.195329208242028,-0.4743019278874475,0.19224001678171282,-0.4304892251860634,-0.6772231915769503,0.2562690906528766,-0.6417874922893494,-0.6411856450744302,0.28517005779039784,-0.7863954877929915,-0.4601745929465519,0.29118452569093517,-0.6513769476264293,-0.9530682617370465,0.11427463079571741,-0.8965235030977822,-0.6898559335059546,0.17800633879113914,-0.8121399258820572,-0.5292228196599024,0.20567771351652211,-0.6972303767640028,-0.4658569962842723,0.20890692399917443,-0.7164546881279344,-0.6976237725885737,0.003708339087793418,-0.9291527714224586,-0.44983487392646637,0.094417093599269,-0.8128476120146296,-0.2845522800500908,0.12966771161681195,-0.6976994788149191,-0.24160979564605864,0.11882300354753401,-0.7442342639896009,-0.36340279223759864,-0.08407190844084644,-0.9325290156110724,-0.19620922110443226,-0.031380792613862445,-0.8199978173480689,-0.07939382247246735,-0.01941196195343856,-0.7014124255809776,-0.06153959791408583,-0.04400418649475068,-0.7514873122560892,-0.005166344989641646,-0.15147787467037013,-1.0475211847660972,-0.04880320644079284,-0.17100083384576387,-1.2203565982146498,-0.05941936265570719,-0.17434750709018304,-1.3724553042250198,-0.1068292057951786,-0.18714900361352949,J
0.0,0.0,0.0,-0.20938279365220816,-0.4999691262996127,0.1774544390180508,-0.45451439609642946,-0.6934772712951219,0.2223559312576198,-0.6826204454042093,-0.6482184809800207,0.235108227663267,-0.8259477313749659,-0.4733412445116035,0.23268789639941345,-0.6607080838744196,-0.9502396538786003,0.06571764044433387,-0.9083361056334645,-0.6870328044982985,0.10888426556980038,-0.8097542441472021,-0.5343112340517423,0.12781909004784064,-0.6951726748305497,-0.5017447172786365,0.12055916265233471,-0.6881679207767112,-0.7240052819891653,-0.04734199473667681,-0.942111001478873,-0.4397263357730033,0.023590722042467857,-0.8174187788250319,-0.3060847512362751,0.0650404512509815,-0.6987965379119115,-0.3089511684341917,0.05438539234087862,-0.7013902347058055,-0.40449770666690776,-0.13901522323167032,-0.9457575774112708,-0.21547659618791773,-0.0872168699053327,-0.8317472639967677,-0.13279262248276782,-0.0527024664815423,-0.7022889988404517,-0.14966860318555888,-0.06914284170760042,-0.7035690064893136,-0.05795045448792232,-0.21511037889222473,-0.988180086603976,-0.08633863762840432,-0.24423247795645098,-1.157384511540212,-0.10616551625552564,-0.24974352967149915,-1.3063388232592936,-0.14886152141302064,-0.2667393899100012,J
0.0,0.0,0.0,-0.18898161450854012,-0.4753145587509438,0.12317111698419532,-0.4477680661192178,-0.6847883409138548,0.12737314471377162,-0.6969760849868013,-0.6635660951252912,0.107727444956406,-0.8588135600637448,-0.4879372563614113,0.07774602410720377,-0.6313058341786302,-0.9857763938259636,-0.03086999628660595,-0.9850555110090653,-0.6984173314199186,-0.03910597077320725,-0.8614684790743236,-0.5328411195774706,-0.03609198691913836,-0.7237326274481023,-0.509375325674467,-0.04657566995720223,-0.645105860319006,-0.752685607393782,-0.13154012849442034,-0.9906917349730606,-0.4651863198147905,-0.11738833023062263,-0.8461007947985894,-0.3184895016849563,-0.07953364780624032,-0.7242401324489717,-0.3174007651867526,-0.08553060693696389,-0.6616327284272235,-0.42757771801764705,-0.2168614965091506,-0.9734573329706738,-0.23321297621310924,-0.21183828458933487,-0.8397420620997789,-0.14194427372205876,-0.17431651227422146,-0.7049703544782048,-0.1506268940088477,-0.1807195273257085,-0.6747480655033207,-0.06976570576672701,-0.290385053824287,-0.9991316426054385,-0.13346004274747697,-0.3503437419172568,-1.1773377115624584,-0.1639156441118411,-0.3645580628733865,-1.3434060163435053,-0.21939130760231085,-0.3842666747235936,J
0.0,0.0,0.0,-0.18819399714980442,-0.4779120818997069,0.12825413821727832,-0.45906572659904876,-0.7041877752555766,0.13293215633599426,-0.7100220092128179,-0.7001618485118137,0.11265564218093622,-0.8721605172009622,-0.5374772148566993,0.08171054042941522,-0.6381660093691848,-0.9895563562107852,-0.025252871483108515,-0.9670119421064439,-0.6949461077173772,-0.03335973980818891,-0.8415311602523909,-0.5330315236302555,-0.03862665839507599,-0.7124218264977238,-0.5238584828127356,-0.055472720136763715,-0.655497570777555,-0.7443643055485943,-0.1274547579727148,-0.9751207323922888,-0.46192615433064727,-0.1020918073173742,-0.842999524523634,-0.331280297180952,-0.06580447981147906,-0.7273158328012393,-0.33486561012168314,-0.07610221493570123,-0.6702587795630583,-0.41462553780001066,-0.21259298513053512,-0.9606702279902705,-0.24044085362949985,-0.18634322321209795,-0.847707400079343,-0.15590175562191588,-0.1390567033525428,-0.7206662748943466,-0.15767136231595708,-0.14287875785034332,-0.6786519787835027,-0.06215649993440795,-0.28801083555307994,-0.978961298225968,-0.14696779434593735,-0.32211154932864494,-1.146605237037485,-0.19295028273693451,-0.32265833513240716,-1.2923616803699063,-0.24665483127640064,-0.3351537894132017,J
0.0,0.0,0.0,-0.15947850200346184,-0.4615854746139244,0.11657658338795109,-0.44494599218309017,-0.7104552413152923,0.12363788043929289,-0.7070243159055019,-0.7360728195611654,0.10770851441490215,-0.8719543019244745,-0.5976261193222896,0.0844918085709639,-0.610100645287349,-0.9989551396274398,-0.010443273305074292,-0.9771187301043602,-0.7685455230656795,-0.01620323945102108,-0.8640297013100715,-0.608348275372006,-0.01311074940917449,-0.7393831573307954,-0.6052442344571607,-0.022052365309217996,-0.6343384552522721,-0.7661370496682193,-0.1031927580493803,-0.9837616944860744,-0.5227472255542738,-0.0765497540927447,-0.8573033622059603,-0.39824508659418956,-0.035991766040087886,-0.7456750585480694,-0.40442576593178575,-0.037738334464330746,-0.6553113110881232,-0.4473332884010615,-0.1810631160133247,-0.9818651974672808,-0.3113656799495162,-0.15312527482628743,-0.8721515109345178,-0.21878761102899863,-0.09696116454797359,-0.7555128311257453,-0.2151263490527991,-0.0895754078165298,-0.6605196744131241,-0.09104141720359009,-0.2500870754841499,-0.9551653875331186,-0.1716823380364719,-0.2655860195041654,-1.06930593832628,-0.20650918241101726,-0.2463499980937172,-1.1730822329614017,-0.25263252350629883,-0.24194019785983614,J
0.0,0.0,0.0,-0.14734591014922782,-0.4562190577095752,0.1589086803953085,-0.40750630353192036,-0.7261663577914941,0.19193450604140283,-0.6657179474932445,-0.7918622649706372,0.19969676752789686,-0.8439553358917942,-0.6737765939930677,0.1956153712915212,-0.5909514597028845,-1.017819473038617,0.0053385250784993695,-0.992495406284665,-0.8581255800518373,0.01827485468922279,-0.8902517393034133,-0.6779869998805931,0.036502776734578496,-0.7588345335001508,-0.6430571090650287,0.038987158101314416,-0.6293121276277759,-0.7712987423052386,-0.09520764748148476,-1.0104284514834942,-0.5983150960275133,-0.047884198970071526,-0.8901278900383094,-0.43856033394169097,0.009991105589639554,-0.7686151069983207,-0.4201965137895225,0.014465622087425157,-0.6742016221528557,-0.44964238025696024,-0.17685328904574937,-1.0122097229213698,-0.35597937973668403,-0.13242950470113268,-0.899190231624078,-0.24297384493801658,-0.07724417506322816,-0.7630939630551132,-0.22250095155255087,-0.07929311953695824,-0.7104373838418088,-0.1021345951852797,-0.2440134997460056,-1.0546146088468056,-0.24720559605873227,-0.27476748009553953,-1.2480417108532342,-0.3043357608479077,-0.2828982253981302,-1.4179891736318995,-0.38130491250939913,-0.3023255835221525,J
0.0,0.0,0.0,-0.1432231218666885,-0.5011396549904995,0.1450219526008936,-0.40334773677145114,-0.8090614765866002,0.17942933969078637,-0.6534796342956812,-0.9278755689748432,0.19640869378935133,-0.8417931835547456,-0.8766904734240867,0.20221832357650688,-0.6135893226266151,-1.0155421800918567,-0.03653879328305954,-1.009703389424972,-0.9111508964025803,-0.01276306613294253,-0.9127981981897255,-0.7569102478691645,0.017366338693184036,-0.7837504235818723,-0.7094157827869225,0.030978646578835523,-0.6685652144221302,-0.7342151989286776,-0.11810417319812816,-1.0166722343151193,-0.6193095207942675,-0.053718604436632886,-0.9138126129142345,-0.47950727280234673,0.0065450624400016965,-0.792638482543261,-0.45673674516961926,0.009696737561269387,-0.7201359423054253,-0.4041501851215853,-0.17567986446775632,-1.0244979218242216,-0.3699134519293677,-0.11082549211523454,-0.9399816306780997,-0.2739633201090043,-0.052618224176932724,-0.8111625364273319,-0.24760282979408774,-0.05660598924488401,-0.760766394014521,-0.06313042543794697,-0.21850110293713482,-1.0857476403171717,-0.25978962653043713,-0.22407568865117297,-1.271209063593703,-0.33709912000782283,-0.21596211312538338,-1.4181385554214587,-0.4198841850931895,-0.22521073344524473,J
0.0,0.0,0.0,-0.11360691660650164,-0.5843737565532773,0.09646428938484865,-0.3376471974887562,-0.9495655924182012,0.12441316672063445,-0.5652667696896398,-1.1584604983916509,0.14889073238419417,-0.7503752125729489,-1.1734478404721862,0.168303008581929,-0.6220936314189132,-1.0363543619484206,-0.09082034375415986,-1.016270849223208,-0.9741008905127909,-0.07520615404218693,-0.9099008450879992,-0.8467259831579672,-0.037933470437977956,-0.7731393429683109,-0.798138619954059,-0.014656188583197997,-0.7008354135135881,-0.6992457716225783,-0.14101444618613712,-1.0379818254475561,-0.6487961046739743,-0.09617150427777138,-0.9233735765419477,-0.5205975101581307,-0.03449992440267376,-0.7954896148198254,-0.5037017888379178,-0.02487204897239633,-0.7564524614037785,-0.3507282797725318,-0.17044898584189574,-1.0404449166311924,-0.3639934849283826,-0.1358649909554264,-0.9509511707629227,-0.2835016997123496,-0.09056351801974044,-0.8173799377068564,-0.25383009588853245,-0.09498469833487067,-0.7954979731862619,-0.02216268622762987,-0.18669412774025282,-1.1186114043045585,-0.22732416364996663,-0.21736722804537462,-1.3204320426621794,-0.30615908182779245,-0.22762295858875833,-1.4814323298271186,-0.3874889126843311,-0.2456706866887524,J
0.0,0.0,0.0,-0.11548325875585447,-0.5711677302850942,0.07394403943947815,-0.38165015544435665,-0.9062920518321189,0.07910205748340202,-0.6551199311920644,-1.0264784899931125,0.07916541352375804,-0.85663998221636,-0.9403705850102156,0.07440015852160199,-0.6222707124362588,-1.0337907392330528,-0.08835025901500246,-1.0270033089311457,-0.9716158301424659,-0.09595665495539016,-0.9059975350613425,-0.8457733554927547,-0.08434998379170583,-0.7686203235185334,-0.8103397727973239,-0.07695571956541203,-0.7015811064014814,-0.6992683148722234,-0.13714144142539117,-1.0524421209928985,-0.6526569799260372,-0.11191606372529098,-0.9328514960618887,-0.5306052392778331,-0.0677936885878668,-0.8050901919525537,-0.5146967743894475,-0.06627815437157948,-0.7649769367192937,-0.3501354991124616,-0.16934697465343013,-1.058472431809738,-0.36395078700773914,-0.1484001206557322,-0.9657071096329825,-0.28739655843176126,-0.1120296605135368,-0.8358040160920982,-0.26134804810127393,-0.11595458941781189,-0.8133781094111637,-0.022956676349860962,-0.19057478604504333,-1.135589877821105,-0.21761935378003391,-0.20477383687168293,-1.3220606784444977,-0.3020721266170692,-0.20232257982805804,-1.4742298082841097,-0.3855341767744439,-0.212730926258817,J
0.0,0.0,0.0,-0.12792231849803826,-0.5725060089120999,0.07981019613336765,-0.4030532845696024,-0.9234022603241261,0.09500449258321622,-0.6862726142005781,-1.0892161364983899,0.11110746148969268,-0.9027854413942871,-1.0698815227931202,0.1243407632610714,-0.6399547903048497,-1.0103349668144885,-0.12711300143275553,-1.0725245229091966,-0.9755408352310359,-0.1125126074250315,-0.9598390864685005,-0.8439953446155729,-0.06406279574508601,-0.8280286287117866,-0.793486929412163,-0.03509500948865705,-0.706078287249433,-0.6869471032111506,-0.17192187081554242,-1.091767533432067,-0.6579009367006766,-0.12855775593608595,-0.978203280829986,-0.536425364181718,-0.05814060662459018,-0.859740920504893,-0.5175188502609466,-0.04456190820318192,-0.7549200749899225,-0.3441243171270419,-0.1960788446089988,-1.0995359140917587,-0.37906072981287564,-0.1571081673397249,-1.0126333929740416,-0.30121980371433904,-0.10360649399949075,-0.8878733288170646,-0.2695921745620523,-0.10664075966808313,-0.789861393920666,-0.01336149985674004,-0.20829433241160464,-1.141906963118915,-0.21676113105194347,-0.24408645105033083,-1.3459146096893901,-0.2937291643823399,-0.2601405519625391,-1.5198102379588883,-0.36995013217685335,-0.28449865188116535,J
0.0,0.0,0.0,-0.07915567501605653,-0.5520180197609477,0.07454310039036997,-0.36316034913523226,-0.8951520788143803,0.09495163844758739,-0.6536707992712374,-1.0311267752029538,0.11486768072011055,-0.8650489722549402,-0.9736746076372507,0.13044776249470622,-0.6029882186361912,-1.043606961750757,-0.0719262325160008,-1.0260501407042253,-0.9895401141023168,-0.06356385063394782,-0.8985505015353455,-0.8718301996228148,-0.05223729575854094,-0.7619951871577139,-0.8485572219664954,-0.04972864626923361,-0.6869409236791147,-0.7182926572377928,-0.11030786886326518,-1.0578965051026652,-0.6937525097752103,-0.06009600206412466,-0.9338035948963835,-0.5773275474784245,-0.003662813292870919,-0.8040439560674946,-0.5699087868179098,0.003297167127736994,-0.7557109889106358,-0.3718107733437631,-0.13262123432053688,-1.0795694783408194,-0.42405364052325195,-0.08123578917014973,-0.9962052295713117,-0.35047718611936224,-0.021687416130506613,-0.8706574401967996,-0.32164388162585744,-0.01488265014610369,-0.7996928893237808,-0.03108722070893792,-0.1462866104094746,-1.123874269273771,-0.29021668995657235,-0.1496524662288271,-1.3063981966759093,-0.3745961720343708,-0.1358270487518113,-1.4533611148300052,-0.45195541756604635,-0.13746128716938175,J
0.0,0.0,0.0,-0.09102620028850658,-0.535312167623007,0.05070156862686574,-0.38186907371247575,-0.8598408910430184,0.04700323313770181,-0.6950980934786706,-0.9670460689714163,0.042725197665767795,-0.9075673850864043,-0.8641089428155654,0.035223825083487405,-0.6014428941500894,-1.031487555037449,-0.09491665059878576,-1.058672515673903,-1.0210266444087521,-0.0988889532565012,-0.9476507689962929,-0.908084014790926,-0.08130380456647844,-0.8139537285690149,-0.8837512572901894,-0.06893443991036008,-0.688982094724193,-0.7120398891871345,-0.1352880976133386,-1.0845097838481388,-0.722403876424663,-0.111410599755136,-0.9848830414494513,-0.6390564871230217,-0.0647789343404344,-0.8637121027512698,-0.6173869542738527,-0.05461282498366474,-0.7574507845743081,-0.37398797755975094,-0.16228810717596084,-1.132760342815095,-0.47923692575261484,-0.1336708637081931,-1.0833642880372678,-0.4331192124784324,-0.08622676046446325,-0.9894395325133405,-0.3990059554064506,-0.07718158782945547,-0.7977817730804472,-0.0354400306044166,-0.18184680494112665,-1.1566382537410225,-0.30364230796761094,-0.1798535023772813,-1.3251625683076396,-0.38564297846667145,-0.15685414224499694,-1.4607552355342386,-0.4485500064491482,-0.14919673701773367,J
0.0,0.0,0.0,-0.08258384569316865,-0.5545873237082395,0.025910092594055308,-0.37789143414056314,-0.9218245091286076,0.0040357628976439375,-0.6766362036872697,-1.0529574358070917,-0.014204355585004137,-0.8916829328218903,-0.9653980768706139,-0.03572183899752004,-0.5583199713283935,-1.0662796995546002,-0.15313202863152164,-1.0297163132990244,-1.0497888552203758,-0.2014585417159306,-0.9129565223225194,-0.9260790483191442,-0.2093749297443591,-0.7649883183615229,-0.9050063283967971,-0.20925998969355974,-0.6473790611375971,-0.7376123920876957,-0.19190703540847717,-1.0570000254248146,-0.7362223293328872,-0.19890647942708875,-0.9457823762291693,-0.6221426460658998,-0.15582766918283522,-0.811467584884504,-0.6126142677577844,-0.14807177725799117,-0.726216677281831,-0.39195790418744264,-0.22060008113977997,-1.1006613991449905,-0.46891644857090187,-0.22003108470017246,-1.0335569015110666,-0.4003480811218222,-0.17284907250251924,-0.9167801926934491,-0.3727731915053311,-0.16202899617599476,-0.7792414803592732,-0.05104720276314473,-0.24411290179332326,-1.1402515301433054,-0.32738977218344095,-0.2694034360856225,-1.3283171620565466,-0.4327671920034095,-0.2598023527596266,-1.4793105619438423,-0.5179025340717208,-0.2603574247437408,J
0.0,0.0,0.0,-0.08093375364671447,-0.5256469757217889,0.06477136761890137,-0.3807265335500094,-0.879948526670693,0.057844965101000276,-0.7043410571779062,-1.0038724797428307,0.05168417854824063,-0.934487009424506,-0.8815986421330357,0.03956479992931878,-0.5456387275900542,-1.0540852666073879,-0.13124199003463777,-1.020634052203974,-1.0415779292669545,-0.13296061564628264,-0.9146377093430048,-0.9223581734103221,-0.10471089523849697,-0.7818519750645009,-0.9040104889689352,-0.0860459164705425,-0.6482033094346843,-0.7394558336467826,-0.1817623165666215,-1.0634344137783633,-0.7499377837321242,-0.1484569889992404,-0.969288932175378,-0.6670403562795715,-0.08661917334656509,-0.8440290678910932,-0.6389445304829298,-0.07125622376626795,-0.7377048393016449,-0.40545630465734794,-0.21321007518335094,-1.1203080254093538,-0.5177989744406004,-0.16677311209050955,-1.05931000590437,-0.47519790444258264,-0.10332176278223261,-0.9530125530835798,-0.4417223217409384,-0.09225611121593416,-0.7976175006753233,-0.07176598882088091,-0.23630946034209474,-1.1362111878660852,-0.35339469794198564,-0.21789448416631724,-1.2576747648800197,-0.43461265053673726,-0.17806320889523844,-1.3475957817892896,-0.4839820006885661,-0.1632987652710581,J
0.0,0.0,0.0,-0.08355913823608395,-0.5171297033578577,0.0484222206622637,-0.4007083248209402,-0.8910827880048701,0.038008272021329594,-0.7479779878190228,-0.9911923101033937,0.03479505856177856,-0.985249356739107,-0.8691396847987416,0.033249144845174446,-0.5472905259276314,-1.0461606946769901,-0.18554557005614877,-1.0460239200231227,-1.0536198826341086,-0.19707886202504338,-0.9534532724988279,-0.9048552029242671,-0.15422288762119502,-0.8220932858108128,-0.8587190179607358,-0.12610279967936958,-0.6420251945758347,-0.7318167491439279,-0.2285779849466581,-1.0999524149489317,-0.764736964860328,-0.21817877788620005,-0.9927920766215111,-0.6239893385859663,-0.14155280423849428,-0.8645194582881855,-0.5940619558017295,-0.11597921247720269,-0.7355128002034806,-0.39354126196797334,-0.25301440076332604,-1.1442553344502213,-0.491882119781601,-0.23452079041447663,-1.0488384489731246,-0.3973533230172468,-0.1680929881578926,-0.9114042951741627,-0.3584154957993709,-0.15518840013508323,-0.8134424072708619,-0.06701863385772554,-0.2692170800288337,-1.1728312984658804,-0.3155219704822256,-0.29958761979063203,-1.3769035780889711,-0.4277113803171221,-0.30650597994253514,-1.5527858443200322,-0.5274987839077265,-0.3267424762218589,J
0.0,0.0,0.0,-0.07470061865553002,-0.4749450542003957,0.08715101760843395,-0.34795635497747296,-0.824167247466306,0.08496153784980666,-0.6524791214951317,-0.9481512434380035,0.08652035888973032,-0.8785065027296565,-0.8695754996842793,0.08582873051746834,-0.47028393311763117,-1.089306393505346,-0.2040125997622089,-0.9695419867461994,-1.0620976309687047,-0.20768065889027215,-0.8776503717187706,-0.8824295570934831,-0.15921005913514227,-0.752405264427494,-0.840115160957992,-0.13644250369984834,-0.544510975451269,-0.7945865908931499,-0.26858880688872633,-1.0240760370983133,-0.7895854028763619,-0.2519270111699355,-0.9174938822954943,-0.626226910575237,-0.16044273993562916,-0.7911525579471359,-0.5966647221594806,-0.1350821397754344,-0.6343323979777987,-0.45701840955874246,-0.3091810198643189,-1.060301107978797,-0.5345527910800423,-0.28171947442326933,-0.9772970738409543,-0.4224293096212484,-0.19809049103056214,-0.8468065701301313,-0.38102106242293393,-0.18580332635463537,-0.7177442705915512,-0.12403269474388832,-0.3388237041625511,-1.0790911389788858,-0.38021395997276397,-0.3942889673797412,-1.2846259009882832,-0.4974421280804399,-0.41326519148456664,-1.4600232684295795,-0.6170185004155854,-0.44363497703328053,J
0.0,0.0,0.0,-0.15215652074931793,-0.44264136605219856,0.09528105741392318,-0.45120829069784535,-0.7010905406089906,0.10117288096735996,-0.7347954855857187,-0.7522575158244855,0.09634114645073495,-0.9353474917933126,-0.6364291798890149,0.08583950791389772,-0.6551628699040658,-0.9718347996598954,-0.07590748147754145,-1.0791031101455542,-0.762913903323899,-0.07500258985103517,-0.9667890589876684,-0.6095171279377374,-0.04858591395909326,-0.8344812486874504,-0.6019024027044366,-0.03505315512737901,-0.6937389783016152,-0.7043985118343294,-0.15016313299413084,-1.08611379698512,-0.5181573143695319,-0.12172609659390433,-0.9653701427754848,-0.38519292140010064,-0.059767206076015635,-0.8448666909680368,-0.37520542473526985,-0.04563609378793441,-0.7305453601771694,-0.3742485890633228,-0.2073578666185971,-1.085876023099867,-0.27338256673172745,-0.1807690419921834,-0.9852733844684637,-0.1783629781441712,-0.11895339257821837,-0.8609759268875015,-0.16149218139166974,-0.1070813736718959,-0.7510369652909463,-0.01709653844021856,-0.25463187399552256,-1.10112755099314,-0.16752053313148285,-0.27901589501220214,-1.2735487209100507,-0.22024937589686,-0.2680739635955749,-1.421704149623675,-0.2699614486946967,-0.26875957808086137,J
0.0,0.0,0.0,-0.19725023447338108,-0.4896282700470751,0.09923720537965602,-0.5607561726984598,-0.7641880544161319,0.10303142060482225,-0.8907130742443189,-0.7881559832005874,0.10210940250481236,-1.0910781685728208,-0.5692291365222848,0.09449858001780934,-0.7547606014585476,-0.9294130019193779,-0.11625011534449632,-1.2010844863618004,-0.706734497419815,-0.11902421367218735,-1.0503825552376693,-0.5935886642042207,-0.09936304697532558,-0.9081718141851899,-0.6156610042300787,-0.09101482087833399,-0.783330156449968,-0.5933799176312152,-0.1851867688255316,-1.182886315214601,-0.40732478723150445,-0.14017811154067136,-1.0520135979719862,-0.3280823702968865,-0.07128169294409818,-0.9296641584347374,-0.3474674299837911,-0.06040966975777348,-0.8062629051394119,-0.22618337066740268,-0.23195846167990022,-1.1799769577783417,-0.14833558610694167,-0.1675438936446832,-1.0885500877254022,-0.09909133167948093,-0.09253511998710184,-0.9657334899914303,-0.10479325700281877,-0.08504779654989542,-0.806894512458921,0.13481642898919446,-0.2690845469566617,-1.1706993847422058,-0.0057264629255899735,-0.2480098138223667,-1.3241681664587475,-0.046446141986027166,-0.21331368847632573,-1.4492054171965367,-0.07522013767313475,-0.2078472739976806,J
0.0,0.0,0.0,-0.20230840773701017,-0.5032709855903698,0.09370957288757542,-0.567546190377206,-0.7575864426797986,0.09583569552575222,-0.8938831521070294,-0.7451125407127043,0.09138048366914253,-1.0789280853645808,-0.5155528454388832,0.0810009227220091,-0.7826715912903434,-0.9116594301341168,-0.08716409435630106,-1.213729270550055,-0.6760381462808048,-0.08796167773259057,-1.0629191658456922,-0.5815160373356125,-0.07198049011744541,-0.920360320568659,-0.6147936005427855,-0.06313223215106245,-0.810486743338706,-0.5651878891182002,-0.15386321479265813,-1.1982817511524642,-0.38373537567323945,-0.1075139020668413,-1.069095288464919,-0.31981125633699214,-0.046711996131365764,-0.9445050939224905,-0.3378462652872192,-0.03761628107591698,-0.8262323938499625,-0.1868618500526891,-0.20044448825114122,-1.200734119990681,-0.11605450841552924,-0.138008049182793,-1.100763304300774,-0.07572770715422912,-0.06508828180816734,-0.9693740373685484,-0.08160437630404417,-0.053584447994994046,-0.8132261835879846,0.1855786841223398,-0.23801629655637624,-1.1889954478184166,0.06268350921809061,-0.2036510506677287,-1.3286282804718128,0.035645541705957004,-0.15433643782852285,-1.4362591423563849,0.020738986022678582,-0.1364711261901216,J
0.0,0.0,0.0,-0.20052919185216508,-0.5122417587402402,0.1251366276351802,-0.5675674338395533,-0.7578080309832492,0.1527420955208648,-0.8994667604784606,-0.7747060158894926,0.17458439300697284,-1.1038600035704185,-0.5820614296718846,0.19040585890652473,-0.7877550415889195,-0.9110737608319055,-0.08928711953017451,-1.2520964054542625,-0.7419444638331685,-0.08994598492916085,-1.1011186523447278,-0.6399745908802016,-0.07911927642294882,-0.9552393069932229,-0.6568393855838423,-0.07616966587838533,-0.8162743213351261,-0.5565762620512209,-0.15465799963134774,-1.23318719242986,-0.4317885849318599,-0.10320893712854266,-1.0921530031610727,-0.3502436313720609,-0.03419775974701278,-0.9663460616682531,-0.36892229212034333,-0.024063394419237657,-0.8370120016393263,-0.18517887652273893,-0.19642277757944918,-1.2251864517610573,-0.15092842792858724,-0.1294458229608344,-1.1263841879407748,-0.10020312349908088,-0.05613754961890827,-0.9934552792765294,-0.1017373574855654,-0.049583665587131884,-0.8357908966622395,0.1679773945143227,-0.2250788978929484,-1.240930018844057,0.01969240364626187,-0.21524852429952449,-1.4354035017895557,-0.016815346823238136,-0.19394055226548326,-1.594313283873041,-0.054061011815668226,-0.19667679612635575,J
0.0,0.0,0.0,-0.19811277081252657,-0.52678463010038,0.06455620881817277,-0.5419545777252416,-0.7785437967476311,0.05080149088550981,-0.8562066418010799,-0.7606798380243446,0.027085813206877873,-1.0481948380953643,-0.5500624989138988,-0.0059824144521088704,-0.7436973799655813,-0.9156246659209984,-0.06615089995076723,-1.1963069919752949,-0.8057673026200357,-0.09393121921660512,-1.077270402036031,-0.6887452560521984,-0.10355825719956203,-0.928800351012567,-0.6821957979750581,-0.10372551446464005,-0.8040056732300396,-0.5817538137776046,-0.12303405044589491,-1.1927676278238437,-0.4986326793881255,-0.10224072597135762,-1.0839878928220605,-0.4333844511505212,-0.06447556850950563,-0.9522669509197758,-0.42747306403077734,-0.057617953535592424,-0.838906132480763,-0.2266044852130423,-0.16659092317012175,-1.1991656357597453,-0.23766780171395188,-0.1345976475039405,-1.112730612419241,-0.21309911720275537,-0.07922069222499283,-0.9893376984488867,-0.20265615575063733,-0.06055810466638738,-0.8408638298558916,0.11915779777187381,-0.2027520154594183,-1.1708574032948145,-0.05853550941348872,-0.16251308785384327,-1.177546262309361,-0.07305587372283684,-0.08622740118394973,-1.142432257762996,-0.06031091784351089,-0.03766984790265259,J
0.0,0.0,0.0,-0.16338381427429113,-0.5708316988650681,0.04822586053818851,-0.5058542152479564,-0.8718938501534422,0.040642041490131245,-0.8414599203710176,-0.8457630518881258,0.02994870939339311,-1.0348336846568578,-0.6438415957930607,0.015879028837652336,-0.7256950062868815,-0.9306669852329361,-0.07287225164930311,-1.2056207040613176,-0.8928092144668119,-0.09378312117721063,-1.0993954855717083,-0.7869652032115891,-0.08391228655130648,-0.9447634974182163,-0.7746165601771674,-0.0671466827163967,-0.8098410971783715,-0.5762693080544304,-0.10986847553051574,-1.2352920958069837,-0.5666684463072227,-0.08754336268882965,-1.1236508925254247,-0.5116997223565115,-0.02941500921768439,-0.9808690741539994,-0.5071674957948157,-0.001970595903111286,-0.8475851853980982,-0.2235937978858587,-0.13501103883407947,-1.2294030927676332,-0.2978344319465872,-0.11086999405067892,-1.125643055583052,-0.29299353255782556,-0.047767928775663715,-0.9940122593333501,-0.2812669307609734,-0.013601302668500246,-0.8382525897467911,0.10765514721451112,-0.15271363553187325,-1.1559490925007798,-0.09123197343562785,-0.1247632909612749,-1.0742795511689582,-0.0994873033918354,-0.04655986636821456,-0.9580216008238165,-0.0553978755633609,0.013483463611668967,J
0.0,0.0,0.0,-0.1585782593953969,-0.5954440300390987,0.07715427978516541,-0.506797066363578,-0.9209439407614207,0.08273483971260963,-0.8634142899573157,-0.9464650968104301,0.08534851267895774,-1.080656145172962,-0.7735453902351118,0.08537584322632205,-0.6913304981721158,-0.9846732020257455,-0.09014230301968208,-1.2206144844283144,-1.001584205456979,-0.0895013380541114,-1.1234299667952006,-0.871782891440293,-0.053887578229866964,-0.9689974666155191,-0.836772520866486,-0.021241489377708717,-0.779770695045847,-0.6118959287545185,-0.13244257442892726,-1.2620442006391548,-0.6486938746856483,-0.10217053145461302,-1.158840417798496,-0.5761638135707137,-0.03177868040921668,-1.0079796747399958,-0.549214439472298,0.004194012050324755,-0.8369711672839144,-0.24683811101645367,-0.15484586648260604,-1.2812335172826033,-0.3725147545768097,-0.12180922653260703,-1.2019136028441928,-0.34858180026909524,-0.04053628011802535,-1.0690779314713512,-0.3179617700399669,0.005428470494766097,-0.856517053640648,0.09785693393811258,-0.16567102058452823,-1.2326898595724458,-0.14337374867764266,-0.13164798875921346,-1.2191768127971148,-0.16558215150665703,-0.047867744898415894,-1.1426672785462155,-0.13649929791709245,0.015058422093831734,J
0.0,0.0,0.0,-0.14672885359726373,-0.6456621130557801,0.03769723268683834,-0.4993937000934467,-1.0125077606070418,0.025749090469311776,-0.8876028100527619,-1.026404273445516,0.019907021586357047,-1.1098954716234717,-0.7686641923882651,0.010562982058084092,-0.6827428613381863,-1.0010969098344014,-0.13900559137244026,-1.2758727630042288,-1.0276435840869658,-0.1606374006017745,-1.1687869712977195,-0.9177176999585944,-0.1338623824668195,-0.9997829403248528,-0.8942277882593322,-0.10133149107159316,-0.7746056832703359,-0.6103585646620344,-0.16567576162190223,-1.299116380145741,-0.6609868420702889,-0.15311884076483517,-1.1953325827905956,-0.6278220975491277,-0.08566564110558929,-1.0462353692280877,-0.6028427281467963,-0.0455695820491272,-0.838972786548322,-0.2395051174814561,-0.17516492700514175,-1.3266508895285252,-0.39544942602537697,-0.14664701619271228,-1.2556582766641244,-0.4221188490219332,-0.06786683244528632,-1.1331478565324118,-0.4092363417710015,-0.018421408645746245,-0.8677578983942433,0.10421740330794757,-0.17660171168116268,-1.2716012661272673,-0.1753099155830429,-0.14000362235341904,-1.2645235522935063,-0.24237669415908245,-0.05238175541140917,-1.1989563276375745,-0.23646615615293182,0.01601109817125284,J
0.0,0.0,0.0,-0.1208274807633941,-0.6574040262560414,0.03133889480630643,-0.4991274878852597,-1.0182919067869773,0.02097266046792874,-0.899331723533064,-1.0377469183851251,0.022765280022169983,-1.1255895878431135,-0.7931241539664317,0.02076656039828666,-0.6781956924837679,-0.9872445171219563,-0.17849738740432183,-1.3060813400160158,-1.0297847806522915,-0.1946030709477619,-1.3265032608262497,-0.9294461573695394,-0.1361014257540331,-1.2366822870823895,-0.8902214070956105,-0.07607225941039523,-0.7720256600196915,-0.6046152457208365,-0.19600200231908932,-1.3606844784994265,-0.6693642095470621,-0.18350649889635223,-1.368999592835841,-0.6596948402557236,-0.08266814590355909,-1.2947345349925448,-0.6585235178162007,-0.0036177865863093435,-0.8291721148081335,-0.23795334979469435,-0.1942864036767835,-1.363141594785837,-0.39861771183241645,-0.17402229680739278,-1.3992943260681776,-0.47407016800295265,-0.06518344395531184,-1.355697350090923,-0.5199119476805613,0.02208198983236384,-0.847340639633199,0.1064636750881939,-0.18373201172641776,-1.2693069153517893,-0.1686147200252458,-0.1637325160476286,-1.3339134135523845,-0.26290118733823864,-0.07004357631548148,-1.320415211279605,-0.30035772854852905,0.018606228731855433,J
0.0,0.0,0.0,-0.12043007119626209,-0.6035825233356209,0.05759626524678287,-0.5237968539681482,-0.9447309557967857,0.05492750756590991,-0.9478450395294572,-0.9828339224748253,0.06273813960818253,-1.1951047618322468,-0.8132685285315558,0.06731624478431472,-0.7029356875502749,-0.9759779705774421,-0.19481975084107975,-1.344090017344479,-1.0084351080882938,-0.1916288999903598,-1.4544616171906946,-0.8963840484114948,-0.09310981904298113,-1.4436293332907204,-0.8101601767436986,-0.0017476646753552796,-0.7902566807504993,-0.5714036580980146,-0.22134190304009496,-1.3989441833176177,-0.6648272618771741,-0.2082030231331608,-1.4948707363323455,-0.7019500659919721,-0.07071259013321922,-1.4934901564813636,-0.7217921482907327,0.045825985255575206,-0.8422148498436621,-0.19614988104213987,-0.2246983149754059,-1.398941453820087,-0.3874502638216471,-0.2144856952523183,-1.4983082655223943,-0.4940633455682144,-0.06245531846846139,-1.5087767074015381,-0.5665612565289615,0.06702995034723311,-0.857448994411249,0.15227784838340552,-0.21693835349588508,-1.3024605398568927,-0.13593307127061394,-0.21845006864385322,-1.4162887753758713,-0.2617369772051386,-0.11336844825395202,-1.451536414687141,-0.3467035058354598,-0.004439910028997376,J
0.0,0.0,0.0,-0.1469316692118896,-0.5986575823039977,0.06778501440084253,-0.5110028696987874,-0.9537500313423611,0.06706346650179838,-0.8978062514873254,-1.017584994087648,0.06416935759189853,-1.149467932982674,-0.8713964266034442,0.05649905830469772,-0.6606800184360724,-1.0067403368147476,-0.11579664780531303,-1.2192077408790267,-1.0112097282038046,-0.11271931491747311,-1.136085002186295,-0.8612627909411815,-0.06217297366954888,-0.9843255383104595,-0.8135643900228205,-0.020992553658817293,-0.7437790914686867,-0.6489071413830124,-0.16035019474931173,-1.2534963899195422,-0.6612337948828191,-0.12317320941217147,-1.1347668249177567,-0.5675751043058291,-0.03410385115878312,-0.9810318043256782,-0.5420514269174544,0.011659296566411351,-0.8033134778670873,-0.2778385311029631,-0.1844336852436543,-1.252021230438892,-0.38210154102677246,-0.14303669362818705,-1.1360521332139095,-0.3369316844160641,-0.03704364177736617,-0.9939800758312347,-0.31051318212347323,0.019700793376001894,-0.8335765981216363,0.08846144866343389,-0.19871259135828298,-1.192594654269915,-0.17075036726469658,-0.16745796211724667,-1.135749212764407,-0.18258451208228263,-0.07108182103106299,-1.042054760745462,-0.14950649303266067,-0.0004529051526882576,J
0.0,0.0,0.0,-0.12680187222867792,-0.6035891579339605,0.10202951531502456,-0.4639953748485709,-0.9400073257718681,0.1159476569043384,-0.8440911718936356,-1.0086331619260651,0.12539763881945767,-1.091140515544118,-0.8772455399819458,0.12841917418263046,-0.6488063262446141,-1.0158017022579362,-0.11880990185202672,-1.2063402576674978,-1.0327148952618235,-0.10581556392959945,-1.1195255467924565,-0.8792299046646357,-0.039176609087942224,-0.9618084932297245,-0.8325817519767592,0.014967309239549234,-0.7404304436173348,-0.6498787788479683,-0.17152355805460184,-1.2535069588668861,-0.6995012524677847,-0.13392189990548659,-1.1349204140410456,-0.6097515046389483,-0.02431755074876247,-0.9758491108050671,-0.5740834857357435,0.03986917132258084,-0.8080140758313491,-0.2790579290429013,-0.19868008109640567,-1.2558286419752465,-0.4081550331679886,-0.1502270915059613,-1.1404076001083174,-0.35833718723019853,-0.019687483795476364,-1.0004754510245069,-0.3284918395676224,0.05616489793957128,-0.8394766139275546,0.08818676928504682,-0.21309211231678346,-1.2228164818878207,-0.19971319755869596,-0.1695144444656807,-1.170846659627256,-0.19915588885541444,-0.05378885355818383,-1.0753043582743684,-0.15130800347499448,0.03233086236225925,J
0.0,0.0,0.0,-0.039573505383677855,-0.5964169535041188,0.08451849623938384,-0.3516746675061951,-0.9472081868068619,0.08552129710111998,-0.6946978821469011,-1.022351382584645,0.07854991483446074,-0.9148580084296273,-0.8247189610183296,0.06178298287635875,-0.5448541353917441,-1.0470942992288537,-0.08086111389634397,-1.1234693463299323,-1.1211481116954496,-0.07866572324488173,-1.061173584563077,-0.9735854434746185,-0.040615002118061815,-0.9063703606459664,-0.9065552377407482,-0.009576691146329815,-0.6367890749259009,-0.7607911122104434,-0.12528590358301306,-1.1699078219714585,-0.8154216973407461,-0.0968338405266004,-1.081214526694193,-0.7200396945554961,-0.02327792270098175,-0.9420732420653447,-0.6686279588001475,0.013534076334168203,-0.7223645074563296,-0.44288467678339366,-0.1472722298534139,-1.1696422350912128,-0.5431726152637214,-0.09632599176157966,-1.071324993671391,-0.4938741771093697,3.487531722971284e-05,-0.9423067570768183,-0.4598559964992147,0.05128059305228603,-0.7852595625727214,-0.09883489728521094,-0.15908148620727353,-1.1343655649527078,-0.31398333022294117,-0.10594186195577532,-1.0352322137481789,-0.287198018662831,-0.0006062513922377416,-0.9015550743651043,-0.22352952790117275,0.07703509884665209,J
0.0,0.0,0.0,-0.08909104722598997,-0.6491170893532543,0.15871925990960717,-0.3818959543961184,-0.9677671908694997,0.21546094337148683,-0.6778040975492158,-0.9706379113675748,0.2521181393226409,-0.8744912436051364,-0.7790836519361036,0.2700838421002624,-0.6283335879652024,-1.0091124077026292,0.06738428677850629,-1.1184671415681409,-1.0427890315809367,0.14152346487967207,-1.2001419294192777,-0.9389375428809594,0.20398748128584218,-1.185982468522695,-0.8922750175322677,0.24151665764156224,-0.7301733506702003,-0.6832062325608956,0.008724778564524355,-1.1815053462543927,-0.7088016179251424,0.11382078959303954,-1.0964281575455865,-0.6282762795883611,0.20919736815230314,-0.9441532363230475,-0.5996301698815991,0.2569744088891592,-0.7902173820113487,-0.34499642858496177,-0.02433139180119979,-1.1711125857211273,-0.4290281812210805,0.07963944332921084,-1.0761389724652677,-0.4100947053197839,0.1855712324200246,-0.9446394739168645,-0.40877055361699577,0.2375642257518684,-0.8024180072431205,-0.015310930089417196,-0.042211163571035513,-1.1001090215735467,-0.22129288896546204,0.037002697334350236,-1.0195846930760049,-0.23230442849272817,0.14631833937617672,-0.9037056403439243,-0.21173097366649132,0.2251142964578462,J
0.0,0.0,0.0,-0.139859759512534,-0.5990052439282622,0.21936093790505998,-0.41259015388511455,-0.9015937102939943,0.3043894306766959,-0.6821044821851685,-0.9389916411042871,0.3645816901252741,-0.8566701222905612,-0.7833781885811457,0.40752953736592307,-0.6955948214587825,-0.9771286581263675,0.06445221088478813,-1.2020979078084422,-0.9615551331761812,0.1409415409470423,-1.1840835088212485,-0.8176293765004767,0.22104255160126982,-1.0840691735570323,-0.7645080815715111,0.2732248092754405,-0.7672959325745801,-0.6409900585854278,-0.019715391174292093,-1.2350261783462444,-0.652270721446663,0.07762198309799109,-1.1300102236732241,-0.5565787346941121,0.18008809184475374,-0.9776609783209183,-0.5289325054627634,0.2291989624909093,-0.8107232952425723,-0.2949398086664127,-0.07052762841105736,-1.2079523467737885,-0.37072424774077184,0.026647237685735167,-1.1144014353685265,-0.31481341687029646,0.13681303557653637,-0.980358564764658,-0.3054887268333523,0.1885148751777706,-0.819924503362354,0.047905929043669984,-0.09902169760409207,-1.159808841409964,-0.14755583619368773,-0.020224575433979788,-1.0914239298511759,-0.12844020958267768,0.09160464784432644,-0.9772861998705834,-0.09744239708706272,0.16911942843284003,J
0.0,0.0,0.0,-0.1586475952130021,-0.6085242422698369,0.12436849331489086,-0.4488142475222009,-0.9366091838519272,0.1771454467593442,-0.7589965851815164,-0.9726775504057339,0.22748045430653865,-0.9522371005357959,-0.8109081800895841,0.27610572363206665,-0.7591804056892322,-0.9120208107989163,-0.018725299680858818,-1.2512454460308648,-0.8989695547510911,0.040023392439136295,-1.1811766326056696,-0.7846391798315668,0.12434131998120544,-1.0419219788979195,-0.7325127614881871,0.18692658052635555,-0.8431016689289504,-0.5350131274113068,-0.05422664793983979,-1.2961157146115012,-0.5748743481860712,0.01722399282124603,-1.189161473225693,-0.5252723493251478,0.11383699563024015,-1.043635928147153,-0.5229195444734009,0.16767144337250553,-0.8756588929031064,-0.17644693741630305,-0.06377674734114003,-1.2678971916780275,-0.3007916241256989,-0.0010398735926404803,-1.1833710051738737,-0.2990105425529302,0.08968384600791057,-1.0612314322044478,-0.2976163872812633,0.14020143058910084,-0.8584603239660588,0.14761934122021172,-0.05583557324610684,-1.191123445895696,-0.07904916537385785,0.0028215845705779822,-1.1290111554558695,-0.11074318972612376,0.09733089661045603,-1.0247583187691098,-0.10913372278406455,0.16697302309020134,J
0.0,0.0,0.0,-0.191332244156377,-0.5603166136593661,0.12234944809815185,-0.4940590425142173,-0.8739775351819701,0.19293972088196967,-0.8145975344970953,-0.8608793037066181,0.26381336522553916,-1.0037406241413027,-0.6919932324195127,0.3369453032470388,-0.8124808392285703,-0.8150169127561316,0.05334966008085672,-1.252576850237132,-0.8434163930003455,0.15938845539865149,-1.2434036497844774,-0.7896682928524461,0.2639425279046243,-1.1745212367136046,-0.7684670909427082,0.33546912089872116,-0.8949021804286658,-0.44531121264760004,0.02912063451134711,-1.331213069661503,-0.5533358295497848,0.13575976689460337,-1.3316103140679791,-0.5713975192147925,0.23150820651787285,-1.2661756562622282,-0.5648799150935246,0.29222053407116877,-0.9020670249963797,-0.11083398526188475,0.028687580953438648,-1.266828255430873,-0.2723270003119839,0.10672583141614592,-1.2704999120887361,-0.3419999414011402,0.18344161877252285,-1.215854225972538,-0.350710194853403,0.23429123268067711,-0.8493353346568391,0.17601771507597888,0.04592953355969955,-1.173475586921074,-0.04586903110625455,0.1097524610128189,-1.2149707357735016,-0.14263497266876582,0.1889706551420734,-1.2065927230975642,-0.18206351865583087,0.2530637976182416,J
0.0,0.0,0.0,-0.20485687778073716,-0.572598896809817,0.21228472168029264,-0.5207027739170779,-0.8781131024088858,0.3437024331971158,-0.8465922339812273,-0.9373554264501129,0.47528562630516047,-1.0561666712955124,-0.8388083634901554,0.6133216454247443,-0.8233432476355501,-0.8201329875280526,0.10485619023006013,-1.2145703250500732,-0.8285033851662806,0.3150529564775128,-1.10128862253264,-0.7516830548526376,0.4980588441577355,-0.9822738397535348,-0.720957845088988,0.6132004130716343,-0.8803560150961808,-0.4669730972996171,0.08312287941580963,-1.2514441383949058,-0.5195493542411603,0.3174054577325909,-1.129373889360297,-0.49732616255183654,0.488010200343191,-1.003393611550992,-0.4743801429341764,0.5750683859829415,-0.879659214452693,-0.13630648891818758,0.10264108136103671,-1.1923909687878627,-0.26142900787507317,0.31126116349352656,-1.1082527477057424,-0.2857642908989008,0.44431555458537036,-1.0014835741383383,-0.260152757679432,0.4929093230195089,-0.835135890767081,0.1485383995589159,0.1466329789742967,-1.1719848925380931,-0.04034777094355812,0.2574296893705235,-1.3154705741936576,-0.10080184774209569,0.33332513783398005,-1.4361184549422479,-0.11649310417251182,0.378394035647277,J
0.0,0.0,0.0,-0.15117055646801053,-0.5624696537562541,0.17489964769435876,-0.39489170931128176,-0.8752846232590055,0.2954463304399141,-0.6182979782544364,-0.9869761624772152,0.3983260516382937,-0.7861608943317235,-0.9054747979439011,0.5029517725087471,-0.7647635778604758,-0.836950193316856,0.19636684907103852,-1.1515689037195997,-0.9001594711231267,0.3308987131497511,-1.1522316090111706,-0.8784568129798642,0.4555561221376212,-1.094928702562198,-0.8613164169589315,0.5370370644003644,-0.8284211010018867,-0.5413543839885437,0.14371468383991284,-1.1952767412111038,-0.6188863067856669,0.26548106188565407,-1.143211337585078,-0.6190279569078879,0.37480116286669596,-1.0652335720728816,-0.6070102602553877,0.44813912952852536,-0.8356550766389094,-0.24699832661489113,0.10540898740568624,-1.1713403776375677,-0.36770992833570926,0.17893701567831832,-1.1659100384387955,-0.3927554666863415,0.2523821600874919,-1.1289393565391201,-0.40117633663654617,0.2965877055489974,-0.7956817464257239,0.03980744496680876,0.08430727154900698,-1.1242298033604987,-0.035218440638514086,0.07193544306209547,-1.3228460473740775,-0.04680575491376469,0.07407961172171386,-1.4965761616553936,-0.046192355564441984,0.08732204395345394,J
0.0,0.0,0.0,-0.1685242236398257,-0.5849614599068751,0.15565089867288998,-0.40975037273258,-0.8788967774989169,0.23105307277117426,-0.6548549511279336,-0.961514629912499,0.2841191502394552,-0.8337688269045384,-0.8699377895260475,0.32964956030053155,-0.7484260200631891,-0.8658604017060514,0.12561882464306873,-1.1161175110816213,-0.8729939377110846,0.2021529980075722,-1.0121493202326777,-0.7873154956234926,0.25087301542659957,-0.880240731684925,-0.7377862313428943,0.277902403171321,-0.8221939028695988,-0.5655020854016992,0.06484271347180016,-1.1330157615363692,-0.572259003330422,0.16601428041182406,-1.0206493206973768,-0.506205381212244,0.20745352394279543,-0.9002030038733435,-0.48971312322678606,0.20534186091140555,-0.8413631673905033,-0.24619112810679952,0.02242834703032885,-1.0950511251117279,-0.3159180634913766,0.10425217761538516,-0.9860160028882263,-0.29905655626358596,0.119316250847681,-0.8593673485994877,-0.30240160311771985,0.09220883421714128,-0.8208590335473986,0.0663239472879339,-0.0021325613764657083,-1.1118524703525228,-0.014190355382353647,0.02246277014710164,-1.276876497852959,-0.01857753705820516,0.02462607495120054,-1.4140951892965326,-0.019573641903295188,0.010109173129495379,J
0.0,0.0,0.0,-0.10004299098169259,-0.5892850446730826,0.18665523713927853,-0.35608375825340793,-0.8963820485149648,0.2807739394950191,-0.6134584968308515,-1.012696342968974,0.3545797769841887,-0.8026435871094185,-0.9069110669261741,0.4287241490229064,-0.6953274221983463,-0.9040012271909704,0.17091418567720165,-1.0431146687120914,-0.8824255030714184,0.29651332798036134,-0.9965162656489568,-0.8024839413428948,0.41061148156560917,-0.8864514905565709,-0.7501123165720976,0.4881325674586618,-0.7733597810496989,-0.622271745595228,0.12121272082017381,-1.0800189204777095,-0.6256040342139381,0.2577395208146422,-1.016289534159827,-0.5629365245322522,0.3847528532536335,-0.9186648809006608,-0.543992949429678,0.46970773551146544,-0.8025149835752744,-0.3269414371984118,0.09430530851422966,-1.067678577248567,-0.3776519857794261,0.21952935717613561,-1.0476899136558793,-0.3798057254259548,0.3465569964943359,-0.9679954227564995,-0.3753909709352862,0.42303666300467335,-0.7719846312724468,-0.01768815965021474,0.08315663329595281,-1.039903803791465,-0.094173052658861,0.1692416798219253,-1.1127660471642449,-0.10409664195284325,0.26080037467522327,-1.136243477567434,-0.0940904845441642,0.33592648370940253,J
0.0,0.0,0.0,-0.13477851171434757,-0.590743158570109,0.1198019072151254,-0.35493659021631224,-0.9217504928626445,0.18781666428513955,-0.5365287964853385,-1.1425435725750361,0.24327692042926158,-0.6899017616378331,-1.1768883704344764,0.29672414141947834,-0.7865864558690064,-0.8205362414831162,0.1194023469599764,-1.081576888474481,-0.8226367183157681,0.2339851930229199,-0.9466201052004831,-0.7526546016632357,0.2881651257611556,-0.8125530116867518,-0.7153337112813757,0.31413634687264036,-0.8575604296083886,-0.5065199591156155,0.08959710144525469,-1.0641991644940407,-0.5301687761531585,0.2510446345053411,-0.9383237012724289,-0.5003117302400736,0.28780076371380015,-0.8195060195226107,-0.4901600510631672,0.26691460852587323,-0.8575643911986031,-0.19531807383836045,0.08026274784946738,-0.997097436684537,-0.2543787117838941,0.21942926805128396,-0.8839961211094243,-0.252331195157267,0.2210018890509537,-0.7671894676553106,-0.23679571487892084,0.17064465630182216,-0.825724465130811,0.08460872473378404,0.08474967229260348,-1.0833628358945802,0.027523043762528614,0.17364189902463026,-1.2368952029270197,0.016985213792087287,0.19575970479130209,-1.358631429888774,0.021366941074018916,0.18496910190839458,J
0.0,0.0,0.0,-0.11780049305496246,-0.6128953912990861,0.17479445425366055,-0.3308027631065036,-0.9574377689674246,0.2904919630912353,-0.541476567782151,-1.1082105555640203,0.3996866498758629,-0.7087169940968192,-1.047748549134735,0.5098790326180357,-0.7797652486501369,-0.8387317140541998,0.15741396485670028,-1.0812930636308684,-0.8126581651216187,0.3217387146631375,-0.9481217679201802,-0.7417470553175383,0.4115900010830524,-0.8153961391559209,-0.7017174769809172,0.45591514124562366,-0.8487909925723488,-0.5118361855975694,0.13258042857442245,-1.0517905750358083,-0.5019833730435606,0.34927843938407244,-0.9156647834714294,-0.46577309411198203,0.41501832562672636,-0.802609584321819,-0.46659082770259724,0.4042069707643305,-0.8484948797284421,-0.19668439839035792,0.13793614766092946,-0.992682364863618,-0.2426807361134461,0.3284344165779213,-0.8821088224166622,-0.23182126826277458,0.3455629078470175,-0.7610549392573316,-0.22482731396041425,0.2948206878440682,-0.8195283468226785,0.08489003232538779,0.16360355771638194,-1.0798426669770798,0.006338398121919448,0.27027485332464496,-1.2385702769381637,0.002459405448488238,0.28981966498157785,-1.3664499462674047,0.005704237378177026,0.27410121322379793,J
0.0,0.0,0.0,-0.1085301717219948,-0.5862585942850157,0.1754369217245065,-0.2745183981596873,-0.9021812534983576,0.28143578724039664,-0.4108627511532397,-1.0488682210216986,0.3737787412175361,-0.5242835141039397,-1.0252135341775324,0.46270432144226914,-0.8011698511624878,-0.7916794606159735,0.16557889717961366,-1.0879781078961268,-0.8156089046456956,0.31634276133486566,-0.9599609778055047,-0.7601859599353147,0.39468707506195394,-0.8247619159036369,-0.7171093203657917,0.43584859420936334,-0.8747507138648338,-0.4663212322819417,0.13174102214577946,-1.0510463434422102,-0.5093163981118992,0.335922000631252,-0.9215731952850713,-0.49623877948424994,0.38983605601858956,-0.8011965034762287,-0.4888838243191662,0.37261058980796813,-0.8650738654648724,-0.1566289306051066,0.1264653537377516,-0.977614452005692,-0.22991997648120568,0.3031217510924359,-0.8657793933798331,-0.23331088751966414,0.3119242194190419,-0.7521104172145793,-0.21627940898283526,0.2592868206941644,-0.8209043726892362,0.11401339773184792,0.14117615789551405,-1.0868365004575609,0.04955163501020389,0.25195835532871336,-1.234823797531786,0.02928569234972051,0.28090228050894006,-1.3446577657723062,0.028247552226693194,0.27169447491085874,J
0.0,0.0,0.0,-0.09329129941357063,-0.6488156761028937,0.12754209440960906,-0.26117422707656673,-0.9873748019984886,0.21209204912888127,-0.4047258147577296,-1.1403096285923655,0.29732182246058797,-0.5146475485485551,-1.126550442758562,0.38366249157611615,-0.7975503103862418,-0.8177113219624242,0.08746416720197721,-1.0502072411845056,-0.8523547789057371,0.24744628083417586,-0.9002976281547851,-0.8060916083955023,0.3342345213981834,-0.7625797883809857,-0.7662985081806457,0.3742785060657801,-0.872192596666905,-0.4825314628143744,0.08027117610737848,-1.002253220622892,-0.5455500536741319,0.2955703044394846,-0.8690281288203724,-0.5343745380405085,0.35223482415290436,-0.7592358052840189,-0.520193165077372,0.32554893648553934,-0.8535105120245214,-0.16646892707054334,0.10292270600452061,-0.9379932867836996,-0.2725629931124311,0.28852704073279234,-0.8238788819620925,-0.2795832228998979,0.28763737288506125,-0.708201488844807,-0.25161025623581235,0.2177238700312701,-0.8037498358248351,0.09602882402740086,0.14271312399829086,-1.0652176140256484,0.005154288767858115,0.24275117725558307,-1.2144644695811844,-0.019818129705359348,0.2517437797014327,-1.322555324788869,-0.022829296173517487,0.2230659142751677,J
0.0,0.0,0.0,-0.12709258000994117,-0.6281581577034162,0.08597346371832884,-0.38262985671027844,-0.987991066931295,0.16917748078891717,-0.6354925922007815,-1.1037580431803653,0.25175482785821857,-0.7897097211385363,-1.0030126928762546,0.34197138279431716,-0.8531191433395449,-0.722101284616493,0.1265922376681918,-1.0838947038833202,-0.8540946073944032,0.2480621031590352,-0.93181907698111,-0.8567011287362356,0.29868797487626375,-0.7918164443198331,-0.8150199731697501,0.3219216690589468,-0.9109621744295467,-0.3919860782755051,0.12843220467149852,-1.050224514336118,-0.5590658234001282,0.31039762472664434,-0.9032441078766508,-0.5706502575456741,0.35146855335558597,-0.7957967304044583,-0.5427843512043511,0.3306615418985094,-0.8797032004814445,-0.10801696993206915,0.14499378564109294,-0.9894946017526932,-0.29311712996486544,0.30287116718452417,-0.8826753729745704,-0.32758817952315084,0.30021111716395993,-0.7762372920481033,-0.28633714611328254,0.24434693190341122,-0.814934327283779,0.12107489186166982,0.17153528600470783,-1.1134482127236256,0.04997035241975207,0.27027427200668036,-1.265459132029667,0.022954280394473583,0.28093041239713434,-1.369530239845091,0.028067008559763306,0.25909115508234565,J
0.0,0.0,0.0,-0.10259720819755563,-0.6598587221381366,0.11459720184566058,-0.3425430642238565,-1.0119717699218203,0.2182182539036324,-0.6285325100007639,-1.0249142591231977,0.31838987901667515,-0.7793046734719798,-0.8386346536804921,0.421227932969396,-0.8182397613708768,-0.766839341217951,0.17005502803288466,-1.049815781506493,-0.8837140139586812,0.31164761870178326,-0.9050427843991566,-0.8768243803468857,0.3793244899122929,-0.7694807543851804,-0.8225907652430269,0.4130243643880385,-0.8893309468936276,-0.42581577881882465,0.16664750044990603,-1.0163752538028779,-0.5808896101169503,0.37214603486898645,-0.8736552649702722,-0.5899021447342336,0.41955083996584375,-0.7693156962926485,-0.562390044211984,0.39989740916456756,-0.8662466355100173,-0.13388690198771605,0.18021260026387367,-0.9675059662454678,-0.30406409290007347,0.3537481640964886,-0.8582910772933361,-0.32479079429826574,0.34777212400381563,-0.752035020917149,-0.2803600579089714,0.2874250715489398,-0.8118777090467861,0.11959903818010369,0.20786401767612936,-1.1065968536326016,0.03940958456929656,0.3073882130018625,-1.2625768719969797,0.011022011087390326,0.3122436114296711,-1.374454819096973,0.0031272764755028923,0.28615847741690614,J
0.0,0.0,0.0,-0.06819226853290335,-0.6006782540337757,0.16265784794095398,-0.2548489855576075,-0.9613853267433471,0.28184642748390665,-0.46383504937781433,-1.0821395016300932,0.3860409135173229,-0.6182581791932328,-1.032911287027724,0.49030686885474145,-0.7497319032219306,-0.7933055500088644,0.2307020850078296,-1.014875177222744,-0.9080096917170103,0.40543084888276076,-0.8992266136655788,-0.8784881572123056,0.5182046140008462,-0.7708312895357636,-0.8185383619678315,0.5888279674810248,-0.8360433473438578,-0.5057663411519698,0.21267799491208958,-0.9825533326179118,-0.6137089731834015,0.4383376244553277,-0.8529224049504457,-0.6136247787881614,0.5241943229110071,-0.744381721846123,-0.599366807823737,0.5451177587393452,-0.8310377309662642,-0.23097931020146723,0.21443927732967236,-0.9313598673395181,-0.3400286583719384,0.40073035254207245,-0.8095286587881937,-0.34847315306449583,0.42452122262143477,-0.703204116628821,-0.33085011495734207,0.3963436665445006,-0.7948066028998726,0.027721851091169657,0.23365408045273262,-1.0534184910468865,-0.04277165567088081,0.34521269811109906,-1.203548722455141,-0.08376055709617025,0.3701366656162132,-1.3243615851240922,-0.1017998270124998,0.3679410653950348,J
0.0,0.0,0.0,-0.0738171662294697,-0.5995753044437954,0.10671939283892132,-0.2629098882212641,-1.0026343597264464,0.1819093162254711,-0.4629567578523836,-1.216216208405019,0.24739818260456803,-0.6164695669282831,-1.2286231647727108,0.3143742059379748,-0.7465629743023099,-0.8254037638894212,0.13291200295398925,-1.0312592822146422,-0.9373540881030189,0.2598905919704496,-0.9045928310177045,-0.8973976454664682,0.3400465818638741,-0.7779495480359129,-0.8420721632160202,0.38800960943768836,-0.8317536867448181,-0.5434375337944135,0.11340833941932431,-1.0420996362019013,-0.6534132795227278,0.2839715539738818,-0.9161709040788694,-0.6479591583999308,0.3425668526352017,-0.8015198125340854,-0.6267564699714026,0.34480368992798116,-0.8430631162694291,-0.2702638029860358,0.11074641925818525,-0.9976193571000219,-0.38929562685794394,0.2497778276979162,-0.8742556157915066,-0.3913799041479653,0.26752656628473176,-0.7560880202241156,-0.36142200109532097,0.2368325874850699,-0.8163472547092665,-0.011150915829356112,0.12015318605371335,-1.0787092954616821,-0.08491657318980346,0.20524779081304306,-1.2346050901642764,-0.12744242476561943,0.2276159751623421,-1.3632985985477817,-0.14068300584200757,0.22247434207627353,J
0.0,0.0,0.0,-0.06091356741646329,-0.537056159228432,0.1786574933546607,-0.21957060125519987,-0.8585185771603151,0.2967266729119367,-0.33400350326073813,-1.08787655832022,0.4015206145046777,-0.3916979834629355,-1.1955918638965741,0.5109274574858245,-0.6984175950312879,-0.858270344957204,0.1725993307033872,-1.0033193022831601,-0.9719244666571267,0.30580520839726544,-0.8921918757283763,-0.8823872396126606,0.38936071994886445,-0.7629079141101095,-0.8173677657899876,0.438241590377322,-0.8004571077251935,-0.5821887609034135,0.14256460069023366,-1.0497757018599663,-0.7169631987032742,0.32012738121972983,-0.9256408435532978,-0.6638753765709028,0.4046517057609323,-0.8102346269378924,-0.6324270574088796,0.42775552149419266,-0.8343865699225448,-0.28997401291322633,0.13583520090553666,-0.9958231399112301,-0.42977697491048,0.29703755266371734,-0.8836566965270165,-0.40962836569888644,0.34746301474978913,-0.7708509158839265,-0.3722899979661511,0.33735567146670004,-0.8261720775742543,0.0003436236801270781,0.14668202910068961,-1.0836289580571394,-0.06720640381933946,0.23006560823311087,-1.2366017316800746,-0.09927658966635866,0.25376781791713526,-1.3546207101328032,-0.11660718459289258,0.25386591572538114,J
0.0,0.0,0.0,-0.057219785206427565,-0.5582776548407585,0.15864963256068476,-0.2299898005074597,-0.8939735880150034,0.2739574234852746,-0.3739597519347223,-1.0879933049861874,0.37696171189470257,-0.4843213112828289,-1.1289008335703932,0.4828324526084889,-0.6924162506338738,-0.8810508608727821,0.1697504026621146,-0.9867213165172853,-0.9917989212956084,0.3116948468946743,-0.8777921471411482,-0.904619993717708,0.403393686869113,-0.755137092894993,-0.8539872911132889,0.4540058964220428,-0.8025008883328406,-0.5797607436983374,0.14096029331465137,-1.0669117949925069,-0.7042977608698584,0.30574740233500414,-0.951909037299346,-0.650011348929971,0.3769679500645212,-0.8324638532424151,-0.6083044851560703,0.3944396833654987,-0.8476080059297492,-0.26093898024725304,0.1343974997568303,-1.026705914513177,-0.3991817077821445,0.2748203083709091,-0.9185389167618578,-0.36960545631051755,0.3147941554783898,-0.8099237264181234,-0.32393738124719573,0.30419996458433723,-0.8401948303713344,0.045388817418675474,0.14447639127846124,-1.104158075346655,-0.009924583091181384,0.21567214560112474,-1.2549915001169962,-0.03813364010179438,0.2349164880378178,-1.3717950979824776,-0.05842345998198318,0.23402323521059817,J
0.0,0.0,0.0,-0.08997621683641761,-0.5656394917614284,0.12595918922547505,-0.30566032526446313,-0.9242374219421741,0.20856720739143425,-0.5167436602193425,-1.1773321053471464,0.2871881409910289,-0.6616196820928593,-1.262830621617384,0.3721913838068877,-0.7211825359162652,-0.8386827523387318,0.07291343372830003,-1.0288104444218333,-1.0210145251790468,0.17600034557853292,-0.9007478071338473,-0.9828549576223828,0.2628808988192876,-0.7683488025750966,-0.9123341819193261,0.3189070690010488,-0.8212545309751614,-0.5683204967678159,0.05052532341658756,-1.0902826171255757,-0.797239481406134,0.1789844149795894,-0.9577121971286213,-0.7785733534789844,0.2559095469430326,-0.8403618636632048,-0.7281778479553727,0.2840156887677225,-0.8529829586092197,-0.2826896010313884,0.049973583273350046,-1.0585207297046266,-0.5057521730014227,0.16557396724559637,-0.9459307633962211,-0.5154128684429434,0.2113470348756655,-0.8332596280779765,-0.46774607714866756,0.205974614858215,-0.833149326887753,0.005349766052903419,0.06462487981558977,-1.116476458243495,-0.07281905141207572,0.11728075490952292,-1.2727516067575564,-0.1132399516953873,0.1290235040618113,-1.401655382978452,-0.12703150587430898,0.1234587562393504,J
0.0,0.0,0.0,-0.0905003408851695,-0.5722796378617805,0.03755402861773214,-0.3295250208359298,-0.9520758729635247,0.0828167944544473,-0.5505922478507627,-1.2189250058622059,0.13861783241613848,-0.6809939197088057,-1.323908692409951,0.20693061518412528,-0.7719896840007725,-0.8125777622115893,-0.015786353057092105,-1.0871879068272488,-1.0101036010810212,0.07004383063585977,-0.9468972941508883,-0.9965667818032653,0.15135777532120828,-0.8058151668863872,-0.9282341151795473,0.20414527096029764,-0.8635284832492598,-0.5042859566957693,-0.003772598131989757,-1.114187385457385,-0.7497625501541828,0.10862321431470477,-0.9714969970893303,-0.7601311169987441,0.16799980835298858,-0.8531221782178211,-0.7156516173782921,0.1765392935913486,-0.8751217859028303,-0.2173454080380824,0.02357073450078768,-1.0846284020655155,-0.47718928029361746,0.10845067729897394,-0.9691052297919445,-0.5102720668851627,0.12019862149811715,-0.8532235447430382,-0.457811160148207,0.09033552481759224,-0.8447919122807649,0.039315730852084424,0.06050590157971547,-1.148705649302682,-0.07788415784077135,0.08500752911388895,-1.3152225465943188,-0.13115555796333783,0.06902638059459726,-1.4552814643558971,-0.14803505908456424,0.03975784548294451,J
0.0,0.0,0.0,-0.15121462967522195,-0.5626141055661632,0.141438910311086,-0.3961404801555719,-0.9085059070414638,0.24011230448007692,-0.6098929514549993,-1.1283704692244774,0.3337631549840215,-0.7583414847015725,-1.1601306091302241,0.4340502617796518,-0.7934857928228627,-0.7957341844307053,0.09947281847274787,-1.147283423011585,-0.9420136760212577,0.21796074674715352,-1.037564100034022,-0.9392495097265722,0.3121157375193293,-0.9062442189552078,-0.8899242929180455,0.3756822065088597,-0.8740946209075455,-0.47898375999169635,0.080827912039785,-1.180609866628499,-0.6574505944718588,0.2255569766113885,-1.067418125421407,-0.6746909799501563,0.3051232642817615,-0.9518361277601742,-0.6426303825241322,0.33108576429543307,-0.8962583492074038,-0.18010187240635403,0.08584790900029655,-1.1512608929614947,-0.41886351838611063,0.20762101910608927,-1.0643408485060184,-0.43245294824327934,0.2585418401316419,-0.9533259767204645,-0.3697208064667746,0.25694899707847996,-0.8700001633935307,0.08462543686218053,0.10791514400570101,-1.1918584729069188,-0.042019874217001256,0.1688691699741352,-1.3616772349351303,-0.09796416376345762,0.19226668279516085,-1.4904889069287173,-0.10924257988864312,0.19542867114560267,J
0.0,0.0,0.0,-0.10079283087581002,-0.5850772753543494,0.1828479900269829,-0.3273330741979809,-0.9167468006565522,0.30796673262645785,-0.5049162538573633,-1.1483371569658718,0.4230602474270388,-0.6076491318742692,-1.2131487877402782,0.5455828857331272,-0.7412182879912407,-0.8509120815648502,0.12009469655829745,-1.1397508092554565,-1.044997454089491,0.2382935161179314,-1.0563462345939323,-1.0078658102785973,0.3444521657436241,-0.9378481740832635,-0.9468944162654922,0.41393337631016847,-0.8453709427877961,-0.5268666632320378,0.08808795754705182,-1.1919490676495945,-0.7228475085105065,0.22586931955981854,-1.0924243662993949,-0.7136090540233917,0.3267201678920727,-0.9851767396291949,-0.6868531011832456,0.36790221434180337,-0.8839537305397502,-0.21339433672787447,0.08023372645926556,-1.1653074988191046,-0.4586180877716127,0.19451821023484814,-1.100801285142646,-0.4675480591976342,0.25966590299844916,-1.0111364854248066,-0.42734266941179494,0.2689943906725459,-0.8771487074168254,0.07420338341879232,0.09307633117538032,-1.2047353131826009,-0.053780295377176005,0.1320531762626621,-1.3871096498650033,-0.08208621050899259,0.14435668000233884,-1.5300884827185954,-0.08405526637831051,0.1427724762088086,J
0.0,0.0,0.0,-0.09856199236490268,-0.5621827974113718,0.1860977524795822,-0.29632770633483146,-0.8953293955645719,0.3206125285222865,-0.4531182205643756,-1.1269694306145674,0.44547216304998133,-0.544404616487571,-1.2363314744783303,0.5759595090496235,-0.7217880785900833,-0.8556435330992319,0.1311085788213892,-1.1375973510017492,-1.044885935219577,0.25408379507063616,-1.0823780666181848,-0.9860262659454478,0.37055221426785284,-0.9722901091727947,-0.9170197968503858,0.44999075170140934,-0.8321652727395233,-0.5458517406149875,0.097707912238178,-1.2011913313024098,-0.7312804509741299,0.22171854591816736,-1.1218029105945042,-0.7014244037142278,0.3229081684968377,-1.01723631722317,-0.6673810084957775,0.37500942830159223,-0.8779385096420474,-0.2345432190729211,0.0876224429439725,-1.1759071051808296,-0.47417465261919917,0.1824782520075366,-1.1305564360483684,-0.46905986599335636,0.2449990730148533,-1.05353716964396,-0.43952809305449875,0.26412465900931364,-0.8753128047335761,0.06019674236293142,0.10012813857148066,-1.2022636234735213,-0.06487367635223706,0.12159441080563001,-1.3905919905787105,-0.0932188733491149,0.12983733353733468,-1.5354034022247558,-0.09902947412722052,0.13338002755534759,J
0.0,0.0,0.0,-0.12995767527707341,-0.5758148691405901,0.15842581577691686,-0.3712589479685656,-0.9182320567354554,0.25934007022178224,-0.579977976714196,-1.1344558976120565,0.35210637918151744,-0.7332383355142267,-1.1711730893377688,0.44689897265543244,-0.7119386308696899,-0.8752583947035658,0.0867474523674966,-1.1034710406764905,-1.0486455119001694,0.1904306278229007,-1.0507538629100623,-1.0151903143478849,0.2905795859373696,-0.9534592774383425,-0.9653304472672033,0.35711237864623646,-0.818072666439328,-0.5723328198046693,0.05650005132107135,-1.1672080087008954,-0.751913729056833,0.17328049020598052,-1.0857178803793792,-0.7312928116988721,0.2650152622046402,-0.9781758551219626,-0.697157691384457,0.30896483708887135,-0.8642794815655569,-0.2623184710180296,0.050353182792807545,-1.165849979937522,-0.4902629176649436,0.15034012273907085,-1.1152388822298773,-0.486472927358599,0.2192586063620564,-1.029135543824888,-0.4501706384005596,0.23805487127745625,-0.8596160834625677,0.03261903335383281,0.06286101376516633,-1.1571791479594706,-0.07239519622379942,0.09705226205559266,-1.3233640572604204,-0.10722931528966324,0.11613940032448535,-1.458005342105356,-0.11838286456797888,0.12557260478337984,J
0.0,0.0,0.0,-0.12892764864118947,-0.6177730270279739,0.1802168766504298,-0.3495320365814368,-0.9815000421555785,0.30782885578266883,-0.5848466506862957,-1.1169693286988678,0.4275245762223318,-0.7632464714744812,-1.0473560618075302,0.5467354726885938,-0.6919066116805775,-0.900115654060816,0.13074188965995662,-1.1201270872010334,-1.044663379620382,0.2725180299069275,-1.1548155263900257,-1.0309185426756533,0.4225170134305808,-1.1245437953868516,-1.0039151803970827,0.5261635464607596,-0.8021464998924926,-0.5889443627242821,0.09851664999132133,-1.189276911261651,-0.7406049789803093,0.23300564906285223,-1.1449593154931903,-0.7435825874999394,0.3714748878574137,-1.0632540644113986,-0.7324118884533332,0.4647885826082067,-0.8529046908915014,-0.282444136414193,0.09015151856457276,-1.1833104931872074,-0.5227621129226092,0.18616709114402866,-1.1623526562940645,-0.5636836948363539,0.2946175556466449,-1.0994754119362413,-0.5752998683864063,0.3613916226432116,-0.8577503053828901,0.013791507924659977,0.10249836276715601,-1.1930768624476744,-0.13464484368279908,0.11852150922830652,-1.3729447189096056,-0.18544387178924787,0.15458950612237105,-1.513678258634269,-0.21445548633427125,0.19406978608306216,J
0.0,0.0,0.0,-0.11863790394021607,-0.5956961040519694,0.1545717677332507,-0.34116982656221667,-0.9579332976878987,0.2525410275987456,-0.5799176626755641,-1.0533973315393999,0.34005312357248896,-0.7707905789794608,-0.9502513621310813,0.41703285052895217,-0.6415902473409899,-0.9416673740295659,0.08126413660698052,-1.0762302444616083,-1.1382412156774806,0.15766865900846802,-1.1963511601760872,-1.1690360276146794,0.24411592109666713,-1.240064486276734,-1.1838338958103714,0.3004903492162064,-0.7644388203875194,-0.6439507739611959,0.030995009264628167,-1.1747397572671265,-0.8075101935502685,0.10241769965045573,-1.1319686787986616,-0.7743644363799964,0.18728158639475337,-1.041002755667458,-0.7373938362047829,0.24099801211400457,-0.822054739217864,-0.31977739340309597,5.621059980221932e-05,-1.1725783365453877,-0.5334044683008168,0.035256046379367606,-1.1396744509771264,-0.5375539100064279,0.09640101940136075,-1.0705877422098635,-0.5335077603279558,0.130796563361541,-0.8393073120585063,0.0006697623298198608,-0.01040272213807491,-1.1820160028711988,-0.14870920430270382,-0.05046100738716851,-1.3691129178752945,-0.19727211444676376,-0.053938470336896645,-1.5222254706426288,-0.23598348907934916,-0.04656347510110959,J
0.0,0.0,0.0,-0.12028011168528283,-0.546917047589099,0.157993633712573,-0.3345552324782796,-0.8759716147991511,0.2619728285494951,-0.5584278214481632,-0.9990764562657993,0.3564645271831465,-0.7397757095932449,-0.9369201196419275,0.4437077885190279,-0.6300094499938538,-0.929439073168286,0.0777107938136279,-1.0471764556875003,-1.137591899196019,0.15154595475745425,-1.1749756390550197,-1.1488662554538167,0.24308033726517378,-1.226313095289268,-1.1523383585069817,0.3005711608827345,-0.7505061400411359,-0.6603663202495782,0.025629218493475322,-1.1605995122103765,-0.8285957476106998,0.0740715481219052,-1.1178291827089342,-0.7443713276606202,0.1637353664037702,-1.0262942392703425,-0.6871216600340616,0.22715480126098178,-0.812850004712366,-0.3416765746494946,-0.0074480673143625595,-1.1782510029854525,-0.5580579613446834,0.00502817144372653,-1.1713724553138398,-0.5256930766574232,0.07179199886423943,-1.1238501556450837,-0.4998281408257614,0.11592880763488993,-0.8337001004564247,-0.013576416557042654,-0.019484883160157663,-1.1764890895933968,-0.15868179346382244,-0.07567113287285285,-1.3638822773608723,-0.19447579618583566,-0.08436783463712219,-1.5154958694729452,-0.22337306526690803,-0.0781089384431546,J
0.0,0.0,0.0,-0.08120169197532845,-0.6677313397327935,0.09614934479998903,-0.31589016983362933,-1.0860769771854566,0.20047212506486464,-0.5559158089190896,-1.2333788990546164,0.31604370326233366,-0.7226470118881834,-1.117736047192016,0.4429887952653299,-0.7342502741536722,-0.8910154747520765,0.030681275279302648,-1.138005241226937,-1.1021635772937142,0.1383886852348373,-1.022004334396689,-1.109504121443975,0.24379168144814667,-0.8801836860105093,-1.0623655033411297,0.3110147628178337,-0.82975830692259,-0.5568976084379932,0.03696222137535493,-1.1801007650030142,-0.7674447795653968,0.16819179699988046,-1.0607129419519863,-0.8165628546183692,0.26696544687077894,-0.9380789764281425,-0.7901563703065957,0.30662045185124787,-0.8479871162389964,-0.25006675788292887,0.0602019657983145,-1.155709070182853,-0.49332574182775357,0.16350361040158257,-1.0765633426293713,-0.5569677171029871,0.2140152690519275,-0.9723059153945998,-0.5500300195674536,0.21587617419701277,-0.829172955211688,0.011964099323017287,0.0971307530875031,-1.1755754176030468,-0.140304409401191,0.10031454197086731,-1.3636260535370308,-0.20502527913216495,0.07793558485103116,-1.5151008320182717,-0.23904940374631817,0.05428458233847067,J
0.0,0.0,0.0,-0.1084848269261965,-0.5328256612084846,0.1744681982498367,-0.29609147251942103,-0.8215219121618262,0.2926670160432901,-0.4354112999279801,-1.0448834435783252,0.3997726067810933,-0.49450491979558453,-1.1730378126360488,0.513185640777565,-0.7520501419040222,-0.8051868508047568,0.16193041107490155,-1.0715056096857614,-0.9487466157700424,0.30113185941635134,-1.0263088173639792,-0.9735462902546965,0.42613199701547133,-0.933520416627585,-0.9524300171179636,0.5070363432690108,-0.841866665599166,-0.524245004360766,0.1281705611898547,-1.1314611370483734,-0.6787557704616737,0.2724872992742529,-1.0657232905744674,-0.7286790419241448,0.37784096862780786,-0.9762784488627453,-0.7321779837532139,0.43397619726063996,-0.8614446358154855,-0.24184932219401017,0.11444322720691508,-1.1049819862740273,-0.44147083459292735,0.2163287500638769,-1.0688844951817864,-0.5173823734739402,0.27758031276735423,-0.9994337759389725,-0.5349252368160761,0.2969995451737627,-0.8287132020201875,0.037973925940935564,0.12076112196560412,-1.1324980311054875,-0.019358250247358547,0.12709047143674687,-1.3227063190138213,-0.04078792036975898,0.12301126166869225,-1.470700743424493,-0.04730663029918132,0.12203761933318166,J
0.0,0.0,0.0,-0.13088160647063427,-0.5676897485117997,0.15327307902711448,-0.29389290058306194,-0.857264732356637,0.23392869296592939,-0.4008750660962001,-1.0783563986148685,0.3023620176251907,-0.46527650717086727,-1.169815116106797,0.3710790751500143,-0.720040219555747,-0.8699031897534552,0.09183841148528363,-0.9857930521221736,-1.0118610206471448,0.216871060150133,-0.8923706860533608,-0.9602729815444949,0.31547292352067063,-0.775668423280036,-0.8975790289674584,0.3688283812927498,-0.8110680777572833,-0.5826930247245631,0.0513557414555108,-1.0491423721050401,-0.735586731798652,0.1868646457418901,-0.9496016078214093,-0.7042385286898307,0.258169373990688,-0.8293334691555619,-0.6554832176666672,0.2728501191458088,-0.8304984577152329,-0.2726137024285832,0.03617652387605205,-1.0247139262329166,-0.43444037885649284,0.15860408863625228,-0.9280541040666779,-0.4229178372072282,0.19329687992545364,-0.8159633361300709,-0.3732917291330385,0.1696427263522764,-0.8081605136393176,0.03478354532111126,0.03857596586123448,-1.0865334012980181,-0.00222839639825859,0.07019415761441154,-1.2464468514634943,-0.004518379175724723,0.06023289815317476,-1.367078619667133,0.003546246767675776,0.035412782231711105,J
0.0,0.0,0.0,-0.14625957864653116,-0.618782436150995,0.09120249070436591,-0.3643863062580622,-1.0033975347746833,0.15196449671125242,-0.538235826744077,-1.2690576847161252,0.20569588138154488,-0.6704991439789689,-1.3447883997743242,0.2602002595565334,-0.8082686968974675,-0.7835135746743473,0.10127908854056912,-1.0306950770455914,-0.9205336362350511,0.22254914366813783,-0.8919225510807177,-0.8960060934028983,0.29696161219185224,-0.7570053437112959,-0.842594524787834,0.33280755701078607,-0.8666576304030865,-0.49246994627515545,0.07986177859184251,-1.0323925151757276,-0.656292571374771,0.22824371869483548,-0.9063542545999892,-0.669190111445874,0.26889321883265527,-0.7875079409271342,-0.6395661304744383,0.2552426757738571,-0.8511773348655248,-0.20423948781074017,0.0739935872942045,-0.9949325092741976,-0.39515900902512774,0.18933619639666682,-0.8887271611722102,-0.42198193357410335,0.18064099805377368,-0.7831483651647204,-0.3941724021070952,0.12646193695057728,-0.7908280742390711,0.049032147311195824,0.0801154696895452,-1.0568476346682862,0.010349063267157042,0.1205960974784688,-1.2160829757473686,0.004240244779381074,0.09960294570735082,-1.3524994235666845,0.011737220231765993,0.060869659853292964,J
0.0,0.0,0.0,-0.12990074638358579,-0.5972426681968591,0.05031450233327341,-0.341839952189287,-0.95941914014101,0.0948451063743157,-0.5339642438517791,-1.2055727040749102,0.1382415762006418,-0.6786881890589032,-1.2842791988247102,0.18526889973082197,-0.843853664606664,-0.7111062297425923,0.08734947860555975,-1.0703625588318657,-0.8475075556707176,0.22311646501981616,-0.9309663097832367,-0.8466690620540156,0.31128856358732143,-0.7946148373655288,-0.7858647507525252,0.3636127065838729,-0.9036147646848445,-0.4189935631252328,0.08902107111900344,-1.0518321681166467,-0.5658620048150479,0.26078274782977245,-0.9259434360195549,-0.5977016917422453,0.3067146034483627,-0.8091793548092148,-0.5758252819076252,0.2978470760192627,-0.8833288939751387,-0.14586315095581212,0.10428966166867308,-0.9913065591526496,-0.31506410906491766,0.24095886734709002,-0.8626868888798443,-0.34733497582157663,0.2351708217519744,-0.7439586323947059,-0.3164149270546331,0.18468504352570694,-0.8247366996092993,0.09417513742629612,0.12755715515243654,-1.0924892969315607,0.06130576336638083,0.206750691186772,-1.2457761129093758,0.030169859506459618,0.2100302500080435,-1.3657732473059372,0.0239477171211665,0.18785188501840494,J
0.0,0.0,0.0,-0.09989181762041993,-0.6279007689468363,0.03555491592828429,-0.30010801333287485,-1.0020853444422677,0.08646350934362425,-0.5167805477670305,-1.1904910113638791,0.14227546540468355,-0.6869983259338934,-1.242393907469057,0.20331892677811966,-0.8467738966404852,-0.7264809515888108,0.07539326434041314,-1.0518167172121202,-0.8775276961655744,0.21294753973574787,-0.9185511731509993,-0.9092022855386745,0.2980692740919209,-0.7851503085928779,-0.8513845319630995,0.3470085277656094,-0.9036910639653456,-0.419006328772605,0.0881825229718746,-0.9992590210650654,-0.6045009334880652,0.26424837954271063,-0.8728385720477072,-0.6496442001265333,0.30763331548049166,-0.7691367048162508,-0.626296690531264,0.2917430408571459,-0.871236237827585,-0.1453638651012245,0.11319466726849813,-0.943676453958743,-0.3129391871612456,0.2458814563924945,-0.8306469201596042,-0.3566446553503804,0.22996505517480306,-0.7227501175211312,-0.323747094267546,0.17076998676086608,-0.8107719583557846,0.095181908506773,0.14598895744572687,-1.0870125464996512,0.043897329688641525,0.2149391929152858,-1.2497663309372213,-0.0060657303768273715,0.208244752753522,-1.3698546237227553,-0.02043208690049308,0.1784313834439598,J
0.0,0.0,0.0,-0.06662880178299592,-0.6057447712193552,0.04294765872238193,-0.24236224451296148,-0.9800948910045888,0.10023965730874103,-0.43272642008192486,-1.178559517071292,0.15906442928624004,-0.5712829566540332,-1.2385300089947195,0.22437065846518403,-0.8278448299025757,-0.763662759971218,0.11249999507010436,-0.9819151083301265,-0.9061858058577407,0.24220801188720817,-0.8393944061967995,-0.907502702184522,0.3074035170382316,-0.7076247929408682,-0.8339091448116324,0.33586297966960577,-0.8916631786348902,-0.43831671090717017,0.1132044027688151,-0.967733936650961,-0.6249483130275557,0.27609117576122116,-0.8353826331487951,-0.6377554593957971,0.30971248014734065,-0.7340781493213782,-0.5908229735303779,0.28739960182430335,-0.8636970760511912,-0.14182665821827808,0.12203027234645271,-0.9479690659524127,-0.3442091607205866,0.23162182801980954,-0.8478720544744571,-0.3842946645941913,0.2146623566541147,-0.7490397908146806,-0.33934001345671444,0.15874923110257466,-0.7985981591666272,0.11403706954712316,0.13828914461237965,-1.0577876727165938,0.057191679540887,0.174701090010449,-1.2091563361324842,0.013286443896742888,0.15585218735765866,-1.3231377415412118,-0.002089455973883052,0.1213035989923837,J
0.0,0.0,0.0,-0.07865357377245838,-0.5749843815864998,0.06174355131738196,-0.23810362089820397,-0.9684185727207184,0.11409545558913828,-0.3456518314270834,-1.2619030806254719,0.16208679873083945,-0.38753946690220464,-1.4379912133744281,0.2163800538187136,-0.8099031595989871,-0.7614316484163343,0.09694617724860818,-1.017094128752436,-0.8959997979287151,0.19019383380095467,-0.876750566947095,-0.8862387953171542,0.22450233909729228,-0.741542276731766,-0.8187571056966384,0.23635778421024295,-0.8845418509001426,-0.4584539110422798,0.08605652477405491,-1.0004236074284285,-0.6108539800111598,0.22217911416665975,-0.8748937302428961,-0.6035255120708017,0.2445073076186206,-0.7756979270019922,-0.5627648385876787,0.2162827288552548,-0.8730989071692953,-0.16842016161435613,0.08520287285562012,-0.9724130221294048,-0.34349207099738227,0.18311420627001274,-0.8869716706888999,-0.3647418845642651,0.17234046320092214,-0.7883622820562325,-0.31387870483564223,0.12271520735372451,-0.8218509285761547,0.07887905190398788,0.09326302840665399,-1.0884036597326119,0.021555595063380374,0.1361665121652623,-1.2314189516414626,-0.009684985903085868,0.1347676332630609,-1.3247288897404381,-0.009824445127656713,0.1144075241818255,J
0.0,0.0,0.0,-0.1016766902214472,-0.5939972604443454,0.0746147613274353,-0.2943539881025926,-0.9364032620704348,0.13603788921685192,-0.5075290745585977,-0.9461163759625885,0.19349491726161325,-0.6255658379551128,-0.7435513141408484,0.25022351305167384,-0.8552151971088547,-0.7176226886250772,0.10635672380211116,-0.966408878928435,-0.8425490340029671,0.2048823705326103,-0.8231031119297204,-0.8382504819101708,0.23224042190001595,-0.7099958017015368,-0.7807261992363407,0.23481158654228595,-0.910135730665833,-0.4052783778741068,0.08603713264110471,-0.9387362147143711,-0.5661416034622204,0.2287712352927344,-0.8034427409324678,-0.5643652880126105,0.24429881446242996,-0.7215553919476466,-0.5115460256727409,0.207781055302918,-0.873411899493409,-0.12053506600800436,0.07838147359231697,-0.9161980157458611,-0.2933858223289717,0.1769923340235262,-0.816351800268607,-0.3100545761299842,0.15494315860979846,-0.7264618684455488,-0.25094380906937597,0.0979232514625105,-0.8088276245325209,0.10731855693897921,0.08146615998038485,-1.070189575684899,0.0427976045876667,0.1231582858354371,-1.2065332747776703,0.0030879003866100575,0.11506540331475441,-1.3022542889345627,-0.004030490937788927,0.08745890815046459,J
0.0,0.0,0.0,-0.10444432889425842,-0.5592176482296878,0.06987812049028652,-0.31488765249008777,-0.9061199612066183,0.12371229925730241,-0.5236727207007509,-0.9833268082414042,0.17040103662617265,-0.6578077957427,-0.8573131012938857,0.2166513167193357,-0.8509626216970494,-0.7064598193816566,0.12289680537820667,-0.9726891451632358,-0.8250989349533987,0.2030552702655677,-0.8378637469820975,-0.8087002663047521,0.20143980039056658,-0.7292400719051458,-0.749581036512032,0.18942394032463386,-0.9061017371142182,-0.4098116058958858,0.10504327523278888,-0.96521754132566,-0.548042031867586,0.24584201363993663,-0.8344118572396494,-0.5358946466084756,0.24509970730485028,-0.7453482512613984,-0.48188665812937886,0.20021470975803274,-0.8813989113541344,-0.12831679375249888,0.097844467560305,-0.9475778530915359,-0.2736080278548894,0.20685370893802804,-0.8407349321862598,-0.2700391202559769,0.18600096248817405,-0.7351638610979656,-0.2023819716853932,0.1307125688028532,-0.8289195542646356,0.10586635619447779,0.09971303650804822,-1.0958408474644177,0.04506530301739727,0.17011846042653136,-1.232398630609583,-0.003116182777181438,0.18039451914496957,-1.3160683848187567,-0.02368008421365499,0.16536976550748964,J
0.0,0.0,0.0,-0.09244857803143632,-0.5922571204157894,0.048440856573074564,-0.3246690828400412,-0.9685517253650441,0.10397807182454856,-0.5817697877996396,-1.03310944718252,0.15871819836817797,-0.7254753016867063,-0.9409955415615693,0.21719880024898497,-0.8353966266335515,-0.7396740368933659,0.08827816058982998,-0.9821910915053041,-0.8901794856662074,0.18656556321853637,-0.8397934238061692,-0.8904220464040823,0.22366947079596164,-0.7147420588173139,-0.839118356896445,0.2394098553413728,-0.9037257631918746,-0.4198726372613795,0.08358656245137669,-0.9529932264822539,-0.5934459192450288,0.22790257785037737,-0.8139142306967705,-0.594626344285849,0.24476759707126614,-0.7207706282265443,-0.5434580310243213,0.21324799453664997,-0.874630058387538,-0.13644222937543188,0.09060152924559844,-0.9387104742651221,-0.30505962424634453,0.1974741497283473,-0.8261550346078913,-0.309124540271283,0.17896605365647997,-0.7239036811635712,-0.24091696320817804,0.12622367751686167,-0.8134412512142285,0.096799040241468,0.10603601755551861,-1.0966991590587416,-0.01220088885298956,0.17720542975056755,-1.23315729863217,-0.07123944672340038,0.18969490028695224,-1.3221988612821327,-0.08384088178910619,0.17622538248846067,J
0.0,0.0,0.0,-0.08756726049635778,-0.5656833012922382,0.01943677859943779,-0.31405720937669157,-0.9531921684739957,0.04852193319596601,-0.5842680442824395,-0.9991338031297823,0.07687342684858281,-0.7517447594699412,-0.8469186450968913,0.10561267569248381,-0.8263015914146971,-0.742005104458796,0.08081877776004216,-0.9256583339948122,-0.9323027898118631,0.15333150453581595,-0.7765478175799431,-0.912635726084811,0.16098866031909273,-0.6580084486742743,-0.8454727226154694,0.16119365671102628,-0.8943676464129904,-0.4400448717537621,0.08041780830701156,-0.9176402107663933,-0.6502720928497215,0.2035113335386182,-0.7810365269603254,-0.6510244761360037,0.1974423524059322,-0.6854976711215685,-0.5940127626223575,0.1577832310891489,-0.8659163914988786,-0.17127161167929725,0.08746774951897145,-0.9175388073442153,-0.3661889687272197,0.1811205923661704,-0.7957903827704278,-0.36617090495970617,0.15201257581388292,-0.6915655916921467,-0.2955002462713785,0.09887778129698224,-0.8030795235022977,0.043620987917195556,0.10056796662708702,-1.0766034175860908,-0.06080017820943312,0.17934787990882237,-1.1992465460386912,-0.15117211230570973,0.19683285420491542,-1.2691874011501285,-0.19843596000479544,0.18756372954698416,J
0.0,0.0,0.0,-0.09416115516950313,-0.5429341837100163,0.003917662792590749,-0.2920319904784187,-0.9311192731955766,0.030529688201764046,-0.5175504492576041,-1.074652813034634,0.06167824323965045,-0.6752281418786757,-1.0234940816365827,0.0933723993874928,-0.8145341082258443,-0.7552884206828961,0.0794131952665737,-0.8447900573051826,-0.9816830562525664,0.1663694413842498,-0.6869063580189751,-0.9401570818405867,0.17728371614133723,-0.5859917610220347,-0.843985143257707,0.18022975479737716,-0.8780326252136634,-0.4695575856955364,0.0925979631319268,-0.8542920294104059,-0.6870727742713281,0.22307922646978898,-0.7164637410906927,-0.6803800832497128,0.2050766978599193,-0.6249196487248033,-0.6016841719811896,0.15929907147655223,-0.8495652071614583,-0.20495683660372918,0.11426863734271331,-0.860420215753203,-0.41430029094380266,0.21703650081113696,-0.7377517790813825,-0.4154866381406417,0.17843069476822362,-0.6384485118847056,-0.3319762596403895,0.12001615845363635,-0.7913798600877678,0.005941838365388034,0.140826005691308,-1.0535062083806443,-0.12054434276668617,0.22510975389505766,-1.1634074195233066,-0.22137129478084516,0.2415683076008939,-1.2126180978344425,-0.2698269566164783,0.23328554956105269,J
0.0,0.0,0.0,-0.07787376802340083,-0.5338118175836278,0.012280147045444815,-0.26252432393706376,-0.9132483010939096,0.04307987476034965,-0.48139111916091526,-0.997226017045553,0.07357781095967252,-0.6353002005967071,-0.8495607738407123,0.10193252051822266,-0.8091755753412714,-0.7682293644867778,0.10260418261997171,-0.8048347676390742,-0.9925858382909829,0.18959753044270264,-0.6452158690449113,-0.9313173684508042,0.19204493958589938,-0.5584978123501699,-0.8304181499906257,0.1893694287107837,-0.872820874297697,-0.47619790934449663,0.10686099628084479,-0.8149935027439555,-0.6713599735226718,0.23675494692252327,-0.6774543438990692,-0.6445941988615057,0.20728846589473968,-0.5995820270198873,-0.5524906557413325,0.15360496363337886,-0.8389022646668186,-0.21161716893473412,0.12086827469024404,-0.8358441233397667,-0.37515589829317175,0.21795642564535936,-0.6991344385304421,-0.36380853095853427,0.17717178156034502,-0.5980166777508872,-0.28293103951629284,0.12149681059973566,-0.7798250225972806,0.005163171131086007,0.14094320428310894,-1.0357524449149185,-0.12398663275510599,0.23450322457725428,-1.14441891280712,-0.23332483530626746,0.2694578423446589,-1.1982958344535664,-0.29820839562473783,0.2747483151023538,J
0.0,0.0,0.0,-0.08891041546796567,-0.5179909738309864,0.03430649614118491,-0.2806201479437205,-0.8825669698643167,0.08153974669836626,-0.5079386293985911,-0.9052399715915174,0.12606894251429326,-0.6635040459799608,-0.7006838008007351,0.16559848642433442,-0.8067011065970588,-0.7399975088069213,0.1493795426749492,-0.8325414934936586,-0.9084493591983291,0.2627851381372066,-0.6873052360431275,-0.8489965576004616,0.2746778487522108,-0.5989356915524936,-0.7682738937204298,0.273827138122446,-0.8767977272237887,-0.45548675966394797,0.15413486726252343,-0.8402072967040508,-0.5984736647409536,0.31504753100614924,-0.7098724432351385,-0.579926363180094,0.28941043662339216,-0.6245266441791338,-0.5177512875669793,0.23282983838967644,-0.8484770462244081,-0.19895307431053177,0.17070504385138247,-0.8580798355587614,-0.3294175189174,0.2992762787654326,-0.7238730167843289,-0.30570377420174777,0.25475296042368284,-0.6218341875938587,-0.23554049441666672,0.1895562538331122,-0.7844934288010584,0.00962300211140176,0.1943487606125087,-1.0295986523229552,-0.09238070558703391,0.3116708145765729,-1.1382042687291947,-0.18259477349810957,0.34714950652038945,-1.1899337825521563,-0.23289649115509636,0.3478769873028474,J
0.0,0.0,0.0,-0.07853177194264246,-0.5182922859993511,0.0527071207039334,-0.25665538656985515,-0.8774371489469709,0.10545026750275079,-0.4719488506013928,-0.9133154364017524,0.1516684960625014,-0.6197952145005401,-0.7047235056271812,0.19047722061077768,-0.7801611112239528,-0.7619591086704713,0.15748881560712413,-0.8297001445345001,-0.8834027638156212,0.27414312035546695,-0.6905425093526174,-0.8150755829830684,0.29273302671436363,-0.5964613501693747,-0.7300632691117983,0.29630325600395696,-0.8610860207056097,-0.48554643552412424,0.15091561846010443,-0.8411934201028789,-0.5688595908096631,0.30881676408090847,-0.7124005084193941,-0.5307854897786386,0.2845745476980061,-0.6216372405270529,-0.46052722456524886,0.23101860853357875,-0.8446743212733431,-0.23102859333261028,0.15896291840811955,-0.8853136338203959,-0.31132182154664206,0.2831587680478736,-0.764767540134779,-0.2797465345137107,0.2404094990698813,-0.658621635620031,-0.20623526543720636,0.17912544567483465,-0.7886076990521584,-0.008522265848196769,0.17595961181240846,-1.047986415282472,-0.11497735679823157,0.2869835114389198,-1.1440334045534486,-0.2060539834881783,0.32748470440576083,-1.171198072991615,-0.2561680834259202,0.33572479626782165,J
0.0,0.0,0.0,-0.07012631952442361,-0.5487365266640455,0.01942598420946984,-0.2601373171294016,-0.9293324128925268,0.061459687826598365,-0.4906789497406502,-0.9475135358275889,0.10158673443028424,-0.637184932815681,-0.7224405949755418,0.13684461264750972,-0.8124075161539377,-0.7514718164675247,0.14178969918208847,-0.830123626175738,-0.902640550019779,0.240015988352804,-0.6841106358622491,-0.8499359438526446,0.24063433919818183,-0.5947942461563628,-0.7731209199453766,0.2351878108242348,-0.8818010373693328,-0.44790992687198083,0.1476605157240937,-0.8314169338367231,-0.5729433532292307,0.2882648226894002,-0.700821904376255,-0.549770868664048,0.2475661185129586,-0.6174793643425381,-0.4771528219987775,0.18548982183205595,-0.8504829194736397,-0.18300675960701962,0.16432139389992703,-0.8747924655361788,-0.29455450735088856,0.2739350726475403,-0.7540067298959341,-0.28403317201125766,0.22340781949713398,-0.6526536831759058,-0.2219194294736216,0.16195692564782646,-0.7867725008113307,0.030502900685752905,0.18705465947448102,-1.039527623894405,-0.09582763494230276,0.29868250713727107,-1.1445565992144124,-0.21033516402813696,0.33923667410833147,-1.1900914452919975,-0.28781957539262504,0.34790601720773456,J
0.0,0.0,0.0,-0.05052399767960668,-0.5525395778195844,-0.01584505473415064,-0.24097872799240483,-0.9553999280240059,0.015508538383845019,-0.47941453242303345,-1.0120597185726916,0.05712341005647662,-0.6278074609328259,-0.807094383153878,0.09843552621624609,-0.8081889154322711,-0.7581180899044405,0.08666924830395568,-0.8150022297464291,-0.9086544526062796,0.1775692499915406,-0.6667720644494249,-0.8474390815255899,0.1793875491949631,-0.5818790076340801,-0.7712596349494306,0.1710725149726181,-0.8791857367583553,-0.4636796616486791,0.10969781973236493,-0.8238874012099051,-0.610834605556943,0.238513429823621,-0.7008479559476536,-0.5918774257902458,0.20683007553801883,-0.6258283557013773,-0.516829194726878,0.15100191143460973,-0.8495553760889353,-0.21582894107896264,0.14191527109969287,-0.8790956689795884,-0.3373766014756767,0.24375039025066345,-0.7763794811682792,-0.33906164435658165,0.19992615288930246,-0.6821195244800102,-0.27473058425344704,0.141055423914132,-0.7879631817020467,-0.01944330718189629,0.17647182853564156,-1.003139429622627,-0.14637356119180892,0.26885730549788794,-1.0856786455640706,-0.2514250991409811,0.29670070055993414,-1.1181064756534709,-0.3141048172208289,0.296786537091644,J
0.0,0.0,0.0,-0.01818727288918763,-0.5596450412383229,0.0018931453722618138,-0.22271443980057878,-0.9624829914090126,0.03838200406674772,-0.4351276656601922,-1.0155557550331331,0.07687442713867282,-0.5445655207098467,-0.8017371190321733,0.11680075006561523,-0.7626006068675132,-0.832331230770781,0.09695716895090449,-0.841788891001204,-0.9181380093380941,0.1583084523784624,-0.7253250839081549,-0.8877709546892391,0.151934685203271,-0.6094210824076799,-0.8437860412161349,0.13886299939068286,-0.8454025412067288,-0.5230926584877156,0.10802135880213354,-0.8727363328691559,-0.628930560001453,0.20821252444875082,-0.7618037097267039,-0.6359948187732155,0.19665125352599191,-0.6572929202804595,-0.5915220987782556,0.15966158445599882,-0.8213470876992175,-0.2477248514810562,0.12403933924245768,-0.8873801235179746,-0.3609879592950404,0.2027683729455403,-0.791313513995409,-0.3971761717713735,0.1754009255628741,-0.677518140416511,-0.3572586564621868,0.1331982637558832,-0.7503740952938903,-0.036685980212448906,0.14015865306461175,-0.8190322772913005,-0.1541160983329518,0.20238871151820712,-0.7430512844166997,-0.20706874143217088,0.2263210414876944,-0.6468276392810922,-0.20689647102084888,0.23357648599123987,J
0.0,0.0,0.0,-0.028064470017030243,-0.5953373294964383,0.010125048068506191,-0.2339442229623057,-0.9626663405142466,0.052503034270391255,-0.4795087870795652,-0.9693215844014305,0.10426560857968796,-0.6035248566067432,-0.7786644377370024,0.16099021393492477,-0.8091077691810104,-0.7846767908434779,0.08455494707090484,-0.8340543994989027,-0.90989512030677,0.19243465740077612,-0.686286359874491,-0.9068820212404441,0.2288468693215129,-0.571797248495468,-0.8644864442367886,0.23792975201729827,-0.8797505855961649,-0.4636897912472319,0.10502706620820787,-0.864192387919957,-0.6340305659132519,0.24955874631361227,-0.7297089518905401,-0.6623908981200932,0.2666424740004449,-0.630135373141139,-0.6174406128080794,0.23996282639105193,-0.8384563653758929,-0.1861993492144877,0.13546131185378754,-0.8867779898065444,-0.34837848094957585,0.24741370781512848,-0.7881970392382185,-0.40528063559769995,0.2320142388493495,-0.6806537668066668,-0.3632384077403701,0.18747866474261124,-0.7506557240482148,0.017303874889741996,0.16948947986831903,-0.8363611764961145,-0.11913223654348636,0.24830144487397657,-0.7675233301239883,-0.1785707397913436,0.2746257493522956,-0.6806425553452522,-0.16901255508958446,0.27807724289557634,J
0.0,0.0,0.0,-0.00902542720101497,-0.5619073466511233,0.0059134547486831305,-0.21924662838620598,-0.9346452223678404,0.04767090463295667,-0.4594636437388303,-0.9554211503434225,0.09180136476272141,-0.5913933311194348,-0.7934397528676101,0.13577846044065497,-0.790099824088539,-0.8201038755505917,0.1193512999997907,-0.7999681765898476,-0.8945381290550998,0.2186283239288859,-0.6687711671467289,-0.8575562064831388,0.231579373620593,-0.5725429443084098,-0.8205342741944551,0.22051091348578458,-0.8646671246106049,-0.4849851359824644,0.13092051593886678,-0.8572552510404374,-0.5831575074455075,0.26065220628065044,-0.7299180025046924,-0.5965907698351794,0.25367236778117913,-0.6276503717648889,-0.5536588728461734,0.21165872688723378,-0.8231991125511028,-0.1892065387601934,0.14752977942863837,-0.8801647854169894,-0.30037677275445474,0.2353497378171642,-0.7851665671788021,-0.3303758230019171,0.19834893198276102,-0.6883529080443188,-0.2754248305959331,0.14498884984083021,-0.7335582983482779,0.03854288990233629,0.16685992429737886,-0.8120052910888055,-0.011722258621586181,0.23293788369415103,-0.7531986564227575,-0.021129249076935266,0.24935464638924013,-0.686964776806404,0.0192623250892681,0.24624378059313423,J
0.0,0.0,0.0,-0.01526652622070232,-0.5961704956660632,-0.0067222663327667085,-0.23422316831014708,-0.9748352841808271,0.026855834937643396,-0.4946411624174469,-0.9949747672881968,0.07161494989092641,-0.6309881241254047,-0.8325925996464808,0.11703978355327804,-0.7693862417784598,-0.8698967311331408,0.04238610717480419,-0.7791399256425021,-0.9559037911754765,0.1474294038202623,-0.6358931973869971,-0.9321196175201624,0.1846007870072249,-0.522099922969714,-0.8951920024289369,0.19021366003163812,-0.8466281214964966,-0.5284253688126684,0.06314628640315091,-0.7883616912969567,-0.6243636407915009,0.20392931314752144,-0.642772983701296,-0.6500632528075514,0.21413908283588806,-0.5327220069714184,-0.6112737759810405,0.17630120161825907,-0.798068754616753,-0.22219706591799868,0.09320353179000658,-0.7962217670551078,-0.3248087358017614,0.19027206521345744,-0.6808091317334823,-0.3760137815670347,0.1541073990288613,-0.5846880036199961,-0.3381413234457566,0.09274435642961523,-0.7084210000731225,0.019195232084228055,0.12677420869249498,-0.7628566275520533,-0.03741513278248381,0.1886973268300363,-0.7035209588702741,-0.04442745464399631,0.19712167767550812,-0.6504780276496133,0.0003703003228683891,0.18435142259615658,J
0.0,0.0,0.0,0.01774616639501239,-0.6210234617730427,-0.02998967172001823,-0.21046781272715856,-1.0175606389014065,0.015310791432321953,-0.4805418080886555,-1.034313913233216,0.07796509724787754,-0.623822553869347,-0.8443213757641841,0.14455886848494684,-0.809615385653077,-0.805730485901481,0.07755346634796915,-0.7959029421112016,-0.9518364982984612,0.2117314840914528,-0.6328341801454398,-0.9286631124002828,0.25526293321680193,-0.5275130517409468,-0.8759677147356405,0.26709858064486364,-0.8818250345838018,-0.4555799354276973,0.12178477251681279,-0.7989179937666496,-0.59049179359825,0.28222322257083526,-0.6569744417410364,-0.6083050173737654,0.27292976551159065,-0.5742411333118148,-0.56327219066519,0.2204058663068139,-0.8379444402942239,-0.17383582077698068,0.17466887779513185,-0.8621421118641662,-0.3110339560526087,0.28570712235010703,-0.7441568650278554,-0.35085686712785585,0.2298669075094914,-0.6451922702016128,-0.30642439375982183,0.1566167719862118,-0.7477624644634882,0.018032109187346112,0.2321022194238425,-0.9917244898267201,-0.09472677397890936,0.31562189030125665,-1.136530356089808,-0.18416265737444903,0.3179312776887047,-1.241601482243758,-0.21660387935158545,0.2945897738766709,J
0.0,0.0,0.0,-0.013241797898178545,-0.5969844402253225,0.046962772765488006,-0.18085869453893338,-0.970211935962074,0.10442804629752642,-0.42243039715700675,-0.9787671972439607,0.16099198158961545,-0.5804377709560902,-0.8184221332402222,0.2127915192375184,-0.7427698019074919,-0.8459630895427479,0.12332968239750365,-0.7760349770229407,-0.9343252071532098,0.2599443514143693,-0.6424829386119864,-0.8651477369212299,0.307508549355261,-0.54729756085357,-0.7958977513438681,0.32210584577014917,-0.8377416622600612,-0.5327603258932838,0.11981378246191741,-0.8067267870612429,-0.6122362147480642,0.29459576272097254,-0.6794266405587213,-0.5855614139598238,0.299777937074531,-0.5941304655531184,-0.5245378914530223,0.252833276621015,-0.8254076232313711,-0.24800805931000452,0.13090751662151,-0.8391522251803287,-0.3366583789341642,0.25619454881625475,-0.6953543727614397,-0.31852644364227495,0.22606926491374957,-0.5875115809191788,-0.25635011308068245,0.1604496272356124,-0.7703122302095499,-0.007236349700921301,0.15110232367905174,-0.9970013202928573,-0.09551014733944357,0.24067368890532057,-1.1106783435446679,-0.1672513759147801,0.2643217293920427,-1.199104919239914,-0.1995523138628949,0.25270529013536214,J
0.0,0.0,0.0,-0.05308136840846281,-0.5520308315949845,0.05611766204568432,-0.24181530373084265,-0.8653858564198522,0.10042233585071786,-0.4769787594063259,-0.7955057656406944,0.13719431592036188,-0.6200054126750996,-0.5771829377052055,0.16701003245046706,-0.7617650578434841,-0.8155862855371213,0.10856959848047457,-0.7994524962435955,-0.8624951263157444,0.21963514319407576,-0.673797617568798,-0.7828396826755697,0.2512178355290004,-0.5788990588270965,-0.7173411462341103,0.25705711922382857,-0.853685225779222,-0.5135830254515787,0.08633661595338296,-0.8472138077326657,-0.559320292795938,0.22789444345650434,-0.7186064514661357,-0.5219205651115464,0.22506481300966574,-0.6210456431320895,-0.46463222339154764,0.18078710745687124,-0.8449321122007429,-0.22289569583196744,0.07856982409157388,-0.8699406591041239,-0.262144294332868,0.16595571631059872,-0.7287547324988152,-0.24144541110713294,0.12654514171131523,-0.6128149399525088,-0.1847766173205215,0.06775566137298998,-0.7962710198758152,0.02482663613947888,0.08170479549452875,-1.0231635698707822,-0.030828432706413295,0.14909152605509282,-1.1575509796281835,-0.08166690136654502,0.16871156813463373,-1.2690355502706205,-0.107827697850149,0.16045387819337523,J
0.0,0.0,0.0,-0.0677542161752907,-0.5379371644291362,0.09215975840478942,-0.23774706347447347,-0.8688057284583185,0.15718283305026856,-0.4419553071077512,-0.8680334975230651,0.20477979543159106,-0.5805594304850136,-0.7172699304661012,0.24264720690006505,-0.7642078998917219,-0.8022874163418707,0.1897101717949491,-0.8313965534738249,-0.834928848481426,0.3110819534879708,-0.7121862542284907,-0.7646175107668903,0.3370859329970014,-0.6147304972961416,-0.7034178289634698,0.34114132397930474,-0.8589722540883257,-0.4882558590530421,0.1541845738288909,-0.8697665309492463,-0.5369967398321281,0.31417264508731885,-0.7468287499288045,-0.4983566031884362,0.3034899524029919,-0.6538197840121593,-0.4546092188626745,0.25308523179275044,-0.8550384841557406,-0.1916480093608507,0.1330833407120163,-0.8994276200661359,-0.2529793871055728,0.2366326106801478,-0.7591477190616531,-0.225285525121105,0.19605524346803146,-0.645799942201015,-0.18157190118676242,0.13465242903921423,-0.8141921363475767,0.06954823120939556,0.12525732650847604,-1.0609356598029853,0.0023756974538260553,0.2035416863021374,-1.1975114984029844,-0.04389824157030114,0.23100412992785724,-1.3066631019283632,-0.07081013989406132,0.2292594248348229,J
0.0,0.0,0.0,-0.06850551369234109,-0.5589438359896741,0.07333880619086382,-0.24638218631182174,-0.8890340012417522,0.13059112861918493,-0.4543698529894136,-0.8970940079193269,0.1758685178658301,-0.5955476300308947,-0.7557694898123383,0.21438100580762476,-0.7789182336261707,-0.8119660176568171,0.1506003386289398,-0.850766006024686,-0.864209471431113,0.26899879892501516,-0.7346063691676844,-0.7901078077544962,0.3030102053344958,-0.6433362279800451,-0.7241603436788241,0.31132098931287583,-0.8640731037020217,-0.4878593745722636,0.12397944225037899,-0.8935723737827156,-0.5473971767917237,0.27253478158170574,-0.7744991165951012,-0.5149851192760416,0.2661757938524757,-0.6833598157383168,-0.4696522762172958,0.2175677212558945,-0.8565421371816714,-0.18708743817919288,0.111120641178291,-0.9020950161208944,-0.23148077497332734,0.20198170757282538,-0.7718190099105281,-0.19947123319770604,0.15568933089558448,-0.6728224746018807,-0.1466741309863664,0.09086665450211752,-0.8176755928816141,0.06572939685758049,0.1106350819585629,-1.0646777564093157,-0.0014519642271265953,0.17294484599938337,-1.212265346742577,-0.052886146325393735,0.18309006366162095,-1.336577365973706,-0.08427359078718148,0.16870425257368032,J
0.0,0.0,0.0,-0.0736065519231328,-0.569548556375374,0.028149092044175584,-0.24412669794580436,-0.9720516435149594,0.05996710636236473,-0.41127174515529635,-1.209168795231252,0.08835717215828987,-0.5074506916070503,-1.3059764205319093,0.11377381829475457,-0.795848864918334,-0.8187883603350855,0.07219210469853227,-0.8335817830075343,-0.8196598905407522,0.17289088330099595,-0.695863216018125,-0.7348866349217529,0.19948355273808976,-0.6017274758253074,-0.6726269187902008,0.19960299057259334,-0.8700653690863603,-0.48974944347862115,0.05596191677378888,-0.860497412051878,-0.4893873958010966,0.1750734244111964,-0.7231898642957175,-0.4412311904704542,0.16069053794451207,-0.6222685540023,-0.3910623210802726,0.10644010488928171,-0.8608481643174601,-0.17640074555330149,0.05205033233829223,-0.8797662701469289,-0.186712862161415,0.10851925025085411,-0.7402870308209863,-0.1453000177604297,0.06653363278778752,-0.6349651172090857,-0.08629991971732948,0.007294186498309619,-0.8229800728445535,0.08285392733182677,0.05699205648514451,-1.0571107027808717,0.030200364561983516,0.0871332826917565,-1.210308888718235,-0.0036710088813040986,0.09129402570828357,-1.3464359916144863,-0.023614247656472995,0.07563212426341079,J
0.0,0.0,0.0,-0.104751630965533,-0.5431944781190479,0.09169436727456115,-0.2791899572546361,-0.8618258849820704,0.14150340802092012,-0.4215351091058834,-0.9954113491524326,0.16973207446226143,-0.5028323183443896,-1.007634408528967,0.1892019424504387,-0.7966376981003496,-0.8010744525149361,0.1502495397089946,-0.8890661464319112,-0.7489800870657358,0.2518818828075587,-0.77135570528954,-0.6540481032245208,0.2748716735904932,-0.6610288057107194,-0.5981864393964762,0.27329970817715127,-0.8719261496714498,-0.4790459687208257,0.10129042092639431,-0.9089880258984381,-0.4305678464563319,0.22307860498080215,-0.7814583917054786,-0.3716212057075319,0.20961427830444432,-0.6761735268231651,-0.34655512495527674,0.15712526602476828,-0.8635754310632701,-0.15661911090770697,0.06567521414291122,-0.916003086630197,-0.13560790856321542,0.12142679347106979,-0.7879457430841705,-0.09689691222828431,0.07317788857140264,-0.6827621366436186,-0.0639296458604235,0.010747151918125782,-0.8287082445306667,0.11716736896144345,0.043793675436555476,-1.0760896558971222,0.09126004094564406,0.06724401995988281,-1.2414396208038674,0.06638981732887403,0.0634615337607613,-1.3871689084849013,0.0431448749492285,0.04322644274925069,J
0.0,0.0,0.0,-0.12349852306920948,-0.5441566012681036,0.1185576938945241,-0.32295897412217495,-0.8120546187667044,0.17305897762408673,-0.5015422988312495,-0.8466186363558191,0.2046018982967191,-0.6141485369433778,-0.7377378488013219,0.2232821358959181,-0.7808471945111696,-0.8134287433700955,0.14679717266352277,-0.8767525165083488,-0.767458514075272,0.25820662422431706,-0.7638392552982651,-0.6676160244348238,0.29378370325477376,-0.6593093686355357,-0.598563819370513,0.2986418476258517,-0.8574880389836026,-0.5066316546995756,0.08965840427101932,-0.9007323830310221,-0.4501204471473092,0.22569203765104626,-0.7780349636457685,-0.38891073464591785,0.22218367301036074,-0.6714923946918357,-0.3631089459623676,0.17097557486531292,-0.8558628752335474,-0.19107055985519633,0.05042983496249807,-0.9115598717481826,-0.17313347958825276,0.12814034502014654,-0.7884898924965968,-0.13453091601021044,0.08467615658728196,-0.6885646858275872,-0.10400159366205083,0.015370325155013083,-0.8210252323798536,0.08462788819000981,0.027668716288189066,-1.075410382820446,0.07558159256863327,0.06560972414155028,-1.2287128435885093,0.06080597638705158,0.06414723598011879,-1.366691178747457,0.036720732665055905,0.03943395007438953,J
0.0,0.0,0.0,-0.1250095294153928,-0.5218092270465415,0.15674201158636927,-0.3315551642361838,-0.7523247629636315,0.2250924546687604,-0.5045617553211397,-0.7666690958193069,0.26292017416308544,-0.6296648873038531,-0.6462062746294444,0.28100464880116516,-0.74409322672228,-0.8603027945060593,0.1579983672036783,-0.8622730347371224,-0.7463931258838323,0.2692965450445565,-0.7551247096934387,-0.6265523760990583,0.3050744065338707,-0.6525706932899954,-0.5586718220739961,0.3078776887671905,-0.8166154118436666,-0.5717706223263642,0.07885191553742378,-0.8907327320302688,-0.46247895831724795,0.2087073669530771,-0.7737888670461351,-0.3926963334141602,0.20522015014795958,-0.6599839888259271,-0.3668250563364009,0.15292795018185118,-0.8201077535109519,-0.2541214501925829,0.02134838655539404,-0.8846347367127817,-0.18903827178003713,0.09885884758150805,-0.7557167615669145,-0.13527968370981447,0.05908318100654943,-0.6518421637311316,-0.10728925006708846,-0.011777580260413647,-0.7871175390822424,0.031505498427690376,-0.017072949415454123,-1.0359519382488245,0.030571279485553316,0.008331092784122196,-1.181966140882697,0.022863764743953026,0.0020271257816323256,-1.3153043183344157,0.0008722341685290385,-0.026776381901974282,J
0.0,0.0,0.0,-0.11516159768151923,-0.5251561161476599,0.1710570522467982,-0.30988506032811375,-0.7537615986998125,0.25212818371714246,-0.48366038958897084,-0.7233669429264286,0.3014451090328395,-0.61415372663367,-0.5736517169930246,0.33057290296261616,-0.7280788285387227,-0.8542379193421512,0.19072423528088342,-0.8685048444027307,-0.7495511367470223,0.29971240964168266,-0.76456301271905,-0.6287119264528747,0.3262630169304751,-0.650401642979213,-0.5531008308885778,0.32527072196012236,-0.8139246545476655,-0.569816649230693,0.11329449668438742,-0.9120437601148702,-0.4833801910544659,0.25947892359660457,-0.7979484735229947,-0.3969036189854785,0.26445428114819486,-0.6834545925414897,-0.3647451493602752,0.21735752134397993,-0.8279329348071635,-0.25010323614018815,0.05572821200048826,-0.9199516602613611,-0.19494513680770661,0.14378849234285104,-0.7980843069471738,-0.13269166817518718,0.10580099138575197,-0.6877953498063987,-0.1055710843803078,0.03663146152479221,-0.8074079431185657,0.051028463880029344,0.01874508087546777,-1.0737501212488751,0.051632267773294736,0.044718440547364555,-1.2314334555875863,0.0405817883900529,0.034849747035426905,-1.371157590587317,0.017448645278512673,0.004781234142587826,J
0.0,0.0,0.0,-0.13021285485493453,-0.5161575360355941,0.16346013848681293,-0.32135569032174366,-0.7539346591585817,0.2297919532801675,-0.48377422744010123,-0.7637551212132959,0.264761445954439,-0.6012178080095664,-0.6533250149526519,0.2785588901341593,-0.716466105355604,-0.8716582009538524,0.1726724108999839,-0.8751303655090279,-0.7298656765391275,0.28337448827461026,-0.7695887479522222,-0.6017377799020616,0.3116757140434226,-0.6504491124922837,-0.5325003878339952,0.3110233675098563,-0.8124415615320688,-0.5755243741940546,0.09332954411050944,-0.917077837956906,-0.4328741420063071,0.2351468839686853,-0.8007560229906209,-0.3271185584742355,0.23285228135045524,-0.6836501783016831,-0.30092174761386126,0.18119686145137348,-0.8353720300447135,-0.2384943893151174,0.03663462767605563,-0.9488391470781611,-0.13913611954550004,0.12160217065695454,-0.8425438468580312,-0.04762413958627713,0.08393721567982235,-0.7417989853750934,-0.013074896062707276,0.016735662329086444,-0.8178976554873483,0.08291953662933772,0.0001039931336899272,-1.086193778999078,0.07271892963903445,0.03431488549625682,-1.2504712463643053,0.05859056806363597,0.037258420603878704,-1.3935338144189295,0.022205135380693297,0.017268771809290963,J
0.0,0.0,0.0,-0.11555378803531892,-0.5140626794987783,0.14918431541539573,-0.29755592720829344,-0.7409002175783149,0.21534101364076924,-0.47252962854770486,-0.6994900910481199,0.2524440662901575,-0.5992610066596376,-0.5415998639547585,0.2696113526413518,-0.7305590119059209,-0.8668400620882404,0.17176753433803674,-0.8602728173521742,-0.7245986876213413,0.28138470709869984,-0.7501415970132925,-0.6086969660900718,0.3136207681504364,-0.6332431154820138,-0.5417454402959461,0.3130973766550902,-0.8138537471903893,-0.5734844049564956,0.09358266642843609,-0.8881112723482678,-0.4264350848975509,0.22840794376057916,-0.7670416662112385,-0.3241236094750365,0.2261010344430817,-0.6604812190835105,-0.2927204972862727,0.17486952605838993,-0.8269021593653464,-0.2456226245792197,0.033874932161913805,-0.919527371638009,-0.15448700258609535,0.10104234019488709,-0.8043930216604168,-0.08256232319446845,0.056688964714206244,-0.7019493345296973,-0.05931390231704507,-0.012070900451622216,-0.8044945022634025,0.06247792254584517,-0.007017002196518586,-1.0600754395553884,0.05855128766663268,-0.002295869056744316,-1.2246956276790377,0.044574146758995147,-0.019029570370632735,-1.3737784861305473,0.007738802054462087,-0.050400182952690324,J
0.0,0.0,0.0,-0.09505828955179382,-0.5298204016541854,0.19542361874747782,-0.24531385802099936,-0.7541467721595836,0.28714675060290507,-0.38858247566265464,-0.7186682959698768,0.34522195248436605,-0.5010922224935146,-0.5663140705940524,0.38103822671409326,-0.7159633093763784,-0.8904885974101804,0.22597893820731943,-0.8422354083477548,-0.7606637830379492,0.3788578660785241,-0.7330235072058955,-0.6402314915784264,0.43336990519706786,-0.6241451562755258,-0.5691089121550333,0.4421959744348714,-0.8048059159944222,-0.5775999769697782,0.13662248784475717,-0.8823316951065332,-0.47545156410647627,0.31465593691574617,-0.7625270872827209,-0.3848927582244969,0.3205531475158551,-0.6534838746828815,-0.35184449917917254,0.26600680048489733,-0.8216896949993674,-0.2451656815158493,0.07214760699732461,-0.9007049694455307,-0.18938794256999858,0.18153310464524977,-0.7851690083392949,-0.11860672017809779,0.13717842718732973,-0.6872760012145455,-0.08986660117506974,0.05758105672471221,-0.8026782513938715,0.05730083422089509,0.030672950107970522,-1.059472727065959,0.04247155001333754,0.06544046273988482,-1.2261688461613267,0.022208412934068958,0.05495302375461093,-1.38015515614243,-0.01782373544076537,0.021064979054267546,J
0.0,0.0,0.0,-0.12557243586872419,-0.49733638112737694,0.1945433717208467,-0.2933371690800897,-0.7087437218384229,0.27871739485274316,-0.43775079034970693,-0.665644602805261,0.3226624462783308,-0.5503865079814656,-0.5134031455661224,0.34263757441898257,-0.7240272946104556,-0.872499245219049,0.22308337405210907,-0.8861266593102943,-0.707355377830236,0.34590575979161853,-0.7885187907338416,-0.573164508614805,0.38492372780659284,-0.6785625044921484,-0.5082463528860292,0.38958868307229005,-0.8081966702811881,-0.5758623031441035,0.12329132152738562,-0.9209699225360091,-0.42206927399248423,0.2651660026465531,-0.8002251030737192,-0.31558634153090726,0.26718113047195663,-0.6830026813313078,-0.29179919949296695,0.22139929282010118,-0.82360085033806,-0.24585840355561067,0.04539743061380366,-0.9300291467927831,-0.1652531394025206,0.12311806190814054,-0.8074314639113372,-0.08256883538696382,0.08742718489144886,-0.6989568487434804,-0.05742629719559222,0.02578177934345421,-0.8068539696314241,0.0628569500262227,-0.010385044454416053,-1.0694648459607623,0.045205665820241006,0.007294603315678708,-1.2327618576241188,0.022656939937654892,0.0030964622629760345,-1.3821474688701485,-0.0249182509599162,-0.01883573468049522,J
0.0,0.0,0.0,-0.1615750458205742,-0.5053968757933733,0.1612273579322227,-0.3830401013124244,-0.7125525836162203,0.2275547864579228,-0.5752774432819788,-0.6401610241984748,0.2600888997419839,-0.7189190436045236,-0.46900257112572724,0.273299166151307,-0.6945658735520194,-0.884675612202422,0.17685523978019405,-0.8605540303796433,-0.7544814618417024,0.2783379359779168,-0.7729896269220663,-0.6348787488312906,0.31467107359430097,-0.669591913337436,-0.5734868673269523,0.32184184306510133,-0.7793983788305767,-0.6192542823102088,0.0951961181810321,-0.8933880384312217,-0.46805383691571845,0.22063106502101315,-0.7806445371460976,-0.3491481412569,0.22884169252989756,-0.6750574536921846,-0.3185078630663782,0.19316240834654483,-0.8018702850991567,-0.2993852298120074,0.03249741770478904,-0.9286238932845327,-0.21226707151249288,0.10300896002375809,-0.8172681047145233,-0.12281282962050277,0.07443821097029085,-0.7115053862586501,-0.09028816298528519,0.020430543242377662,-0.796604141701536,0.02336374258593875,-0.01084675926709408,-1.0559222824420622,0.0006510921049079721,0.009072295745072356,-1.2189645381610958,-0.008960073761559441,0.007851767141612207,-1.366323903469277,-0.03818974928015345,-0.010502288125346346,J
0.0,0.0,0.0,-0.16793407661999962,-0.5130616214386139,0.19380883098655227,-0.3926633080303124,-0.7338503367095053,0.2817634622986747,-0.5718520515349992,-0.7068056492590301,0.33580873678522577,-0.7020253225797027,-0.533153476361755,0.3653786203692195,-0.692060701136307,-0.9167285951056612,0.1940097224086599,-0.8752405227249891,-0.7101445460758306,0.3064823944901488,-0.7979399750803544,-0.5799810709369312,0.3471732685211631,-0.694407272695142,-0.5160977494129428,0.352840388411696,-0.7625304883105523,-0.6387699186177636,0.1025682478446731,-0.9154546752323859,-0.4474594952115965,0.2354761119286001,-0.8001085625660392,-0.3154616236811786,0.24972689428006223,-0.6879132653250524,-0.2730968930841522,0.2184915371648312,-0.7793507367544558,-0.31436056386878664,0.03383662170656033,-0.9202548197826865,-0.1945632669581336,0.11456109274654779,-0.8163770754538017,-0.10311080025753766,0.08548266222143859,-0.718006137249308,-0.07731591968143511,0.027858646641697526,-0.7620279583427969,0.020913203948262436,-0.01257119828923304,-1.0488420583245686,0.04926345958307259,-0.0029291152861882323,-1.215782754742901,0.06466925458197133,-0.015343605644167261,-1.3598610126641784,0.044381782955232485,-0.04091428242617621,J
0.0,0.0,0.0,-0.13436528400170678,-0.47206258624102293,0.25423706059886303,-0.33946442013662587,-0.6558279577912828,0.3905750157719978,-0.49428646127311376,-0.6084418605257605,0.4806112584004254,-0.6220459732866848,-0.45893948749823654,0.5493532315589781,-0.7114925438007863,-0.8349752671924812,0.3422118890269785,-0.8457262022361617,-0.6680089807895225,0.5076377915044954,-0.7489068876839544,-0.55570929356537,0.565132069669511,-0.6414454823063793,-0.5011606213645441,0.5787572514549101,-0.7854528601838136,-0.5706039771364502,0.23973924523350768,-0.883263237823693,-0.4116753374485803,0.4359461549194425,-0.7640558885257293,-0.29040888186464636,0.4614919376267085,-0.6609761701993069,-0.25879492231318096,0.43176953722488476,-0.8026773460585005,-0.2649572025034454,0.15991252700127528,-0.8987850785049407,-0.16237740820299343,0.29946845925535515,-0.7868364920561384,-0.06793308640618206,0.2855785559725108,-0.6833937611384081,-0.04201952638122524,0.2309086810443164,-0.7820709467357521,0.05047125759854004,0.10402902414912592,-1.0259730466990962,0.048945651769770664,0.15859543378840116,-1.1815159015987182,0.05545009887341712,0.1611540174072435,-1.315770480160869,0.03471252067743561,0.1427143494888635,J
0.0,0.0,0.0,-0.1596229000999855,-0.5037643365292561,0.30475371094452786,-0.3954751113545898,-0.6727709084217686,0.45670095223997265,-0.578227858910348,-0.5815312271284975,0.5573683555942596,-0.722305596104791,-0.3865552535204208,0.6298062890781827,-0.702795346349348,-0.866061718109045,0.36733397004338547,-0.8375488153067626,-0.6610131843855422,0.5548282708148602,-0.7365198460625807,-0.5270949020879786,0.6186322310994324,-0.6295615338356672,-0.4704216593987272,0.6308842345169315,-0.7809479983326725,-0.5722208652718496,0.2503667414968048,-0.8685025692087921,-0.40037498027065055,0.4858992064822828,-0.7473753434318036,-0.2576416604858328,0.5232251773711295,-0.6481020346147441,-0.22243745759314534,0.48753654210061803,-0.8043635294640092,-0.24816458283202128,0.16349589429075517,-0.8888909305207521,-0.1340751912831295,0.3442517901226745,-0.7670714403053962,-0.024604807996831828,0.33724594860782314,-0.6618094653338082,0.002660378988876371,0.2719167276809019,-0.7962023330057473,0.0829778444405786,0.10500491486080377,-1.0534087961309995,0.06621301963032794,0.1819777350635737,-1.210064894571526,0.06172535833618393,0.18979957162951375,-1.3462192102971045,0.020016827843063766,0.16706928141061508,J
0.0,0.0,0.0,-0.17163075089757615,-0.5222086830255921,0.24364450709599492,-0.4224273567179969,-0.7184380599423287,0.35800181175613177,-0.6166476479455092,-0.6396062965910176,0.4249997460430507,-0.7529575662157453,-0.4502519798652379,0.46311017962588824,-0.7107179820509091,-0.8848745543628088,0.29411766184935106,-0.9027451905159752,-0.7361204015127776,0.4578550417642703,-0.8264203077038033,-0.600603373744492,0.5193091092182698,-0.736101062720047,-0.5430471474030624,0.5332718369449552,-0.7941663051861857,-0.5777296407032776,0.18848963356053292,-0.9106156016562341,-0.4104907853432546,0.3814213285032959,-0.7950332879351819,-0.2820714924246088,0.39540068918339977,-0.6924462450114804,-0.25587514787517046,0.3515980451065331,-0.8153628953549615,-0.24365573670880597,0.1108658583471115,-0.9195896769017875,-0.12304406354167671,0.2516189736745053,-0.7994867811088396,-0.032538513562932504,0.2309359955780935,-0.7038748348471331,-0.01494450968767235,0.1655055181920872,-0.8090162696649534,0.08963777139465622,0.05753340738009438,-1.049826657170082,0.07048202073526706,0.12796935921148545,-1.1833383396740746,0.051661157482503196,0.14503702760085152,-1.3035095977014073,0.0015853035028459998,0.13159173195497076,J
0.0,0.0,0.0,-0.10770285171466945,-0.5370423982712397,0.20706160160460968,-0.3054532434127509,-0.7552225806806233,0.3109649828406833,-0.47862248440928506,-0.7048824404411412,0.38152509481460933,-0.6142420766894486,-0.5343034568450462,0.431283566571773,-0.7272609002488241,-0.8684439523608279,0.24518684315648004,-0.8315191590195724,-0.7693239776655294,0.40820280183215124,-0.7194889328382962,-0.6724379286647896,0.4636845727328718,-0.6082791779395449,-0.6115007448448346,0.47232258873714195,-0.8172383212919018,-0.5521751811239718,0.1649972592581568,-0.8731310847997179,-0.4657068943221683,0.377003299649803,-0.7512156019629757,-0.36570979542777926,0.4008206718256977,-0.6545053283967557,-0.33984275897723837,0.3531829792911897,-0.8341199342610618,-0.21393830524161622,0.11100401186794996,-0.8993729388585912,-0.17065515826309452,0.26644339991881455,-0.7891601478024108,-0.0967851733433953,0.2469586611300517,-0.6969330243031993,-0.06303262460735343,0.17448175230535148,-0.8152751503237702,0.11428112384662037,0.07815618172364011,-1.0610652232540714,0.06367915310948102,0.1470975770437883,-1.215080439850317,0.03637244732489511,0.15242645714796493,-1.3495840254505695,-0.012047390116796081,0.12646075617711847,J
0.0,0.0,0.0,-0.14512780390371166,-0.5306577225367165,0.16606207364751507,-0.3546598462471135,-0.7310030522705203,0.2411239335559182,-0.5228202002209686,-0.642610749645913,0.2839361985492858,-0.6391748885833949,-0.43455927883902234,0.3047773468957574,-0.7355292373824523,-0.8624983768645796,0.19318257913598771,-0.8604856567479194,-0.7091099188849487,0.30967642174164156,-0.7469299499128584,-0.6067478783396355,0.3426288790312269,-0.6256550885601528,-0.5501166404666284,0.3430146848037146,-0.8223390428089824,-0.5578341585631014,0.11215859401848544,-0.8926695415604201,-0.4267816027832765,0.2650131501095687,-0.7648777497777166,-0.32006808456733954,0.27404750021933716,-0.6571943013557294,-0.29576676261522383,0.2315607271895489,-0.8431285270013115,-0.20881825101316806,0.05115454655600625,-0.9141862201516293,-0.12278831716229086,0.1452206817859881,-0.7951503725862169,-0.04479710750649168,0.11582015457490169,-0.6935264359142633,-0.02252635045429206,0.055284342731145235,-0.8265212677755376,0.13715796524749024,0.008641936578845632,-1.0781216463588235,0.11478216554101606,0.03405724737345382,-1.2415154171581078,0.10444232147892897,0.030248197053465428,-1.3852494577722385,0.07074357821012432,0.008264290387074977,J
0.0,0.0,0.0,-0.14075317799292766,-0.5483798630321471,0.20255014585656692,-0.36031258954372286,-0.7594193953696073,0.29478124965093044,-0.5380515411921206,-0.7029367419253925,0.3522578699837181,-0.6614164120938271,-0.515238069246393,0.3856081327146523,-0.6934193092609869,-0.9112474707915756,0.21814531434629997,-0.8156524566690945,-0.7456900341283333,0.3488518583026442,-0.7065769398350107,-0.6276603379675543,0.38521467050609554,-0.5842095408715908,-0.5645735187604913,0.38765874982272397,-0.7937225833023507,-0.5935121873500533,0.1332206598947714,-0.8496145136006342,-0.4554331177503124,0.31838121807165537,-0.7235117097958383,-0.3313290889229394,0.33095370912545446,-0.6119481782545291,-0.30170049612927047,0.2837135864814732,-0.8254815127068815,-0.23751195013313509,0.07465361248259864,-0.8717743345311524,-0.14799330649684875,0.2096219708396433,-0.74153875106279,-0.05092690510967776,0.17999727028141227,-0.632744453333641,-0.028575447623883712,0.10772475506278695,-0.8228091160821596,0.1227637956322021,0.038048391448513026,-1.0657273201039041,0.1074142862953669,0.100370284501055,-1.2183018080893184,0.1160225253666003,0.10788102525888792,-1.348610671550532,0.08387306821373812,0.08739942009346084,J
0.0,0.0,0.0,-0.14669621886873846,-0.5281128355926266,0.1973488110928044,-0.3573093573267477,-0.7319528886803498,0.28150209380293933,-0.5407468330266817,-0.6671561119807551,0.3311295312040236,-0.6743680746564473,-0.47771078286231433,0.3582060650036563,-0.7055144245472357,-0.9013019045064881,0.18314004152474803,-0.843488073776553,-0.7805833908964689,0.3009148222078202,-0.7442412196206685,-0.6663465717985331,0.3408255581171999,-0.6279163848969052,-0.602158429772298,0.34598797312108714,-0.7984366486915699,-0.5947654963979252,0.09355705382655138,-0.8870298263420343,-0.48954832233332907,0.2541558560382118,-0.7686579357977388,-0.37130888925824856,0.2764306508380941,-0.6597726787893594,-0.3370446883328325,0.23920780481327097,-0.8178686500086382,-0.24396438737338566,0.029444806192399756,-0.9026935255719449,-0.18026363588202257,0.14224664990625105,-0.7909662343166862,-0.09775688283550771,0.12773551949411568,-0.6921652657979125,-0.06865470756221759,0.06882683161123315,-0.8022213035527047,0.10441604388041943,-0.013364845822745752,-1.0606589471456394,0.07184645756115161,0.026143195727100676,-1.2210130807104604,0.06216888592146384,0.028972422734479857,-1.3609624954528048,0.027869643337525323,0.0073608040977405495,J
0.0,0.0,0.0,-0.22577548710156717,-0.5394024132214957,0.25207035126069827,-0.46879109067680785,-0.7063682161885223,0.35505036449228267,-0.6544888578754471,-0.5924647945751634,0.41867737142511113,-0.7868620075956486,-0.3705661327976639,0.458482727248361,-0.7421801193915721,-0.869819969385549,0.20429970948540993,-0.8603037040003778,-0.7614516698977417,0.340233400184006,-0.7648178904797585,-0.6558302665493307,0.39539515077539833,-0.6573952693046435,-0.5930847033228747,0.4059580234392866,-0.8168888229552844,-0.5687989581564761,0.09570995836817335,-0.8985089987628644,-0.4730451433675235,0.27945160846052625,-0.7771115916837406,-0.3628330496887262,0.32017529711821696,-0.6716892416029433,-0.33292013486813193,0.2895845299617362,-0.8249276923950964,-0.21105099881233452,0.019068638935849314,-0.9138062618558136,-0.17118456363025533,0.16070644009608231,-0.7927686308979579,-0.10013446691601742,0.1630631762494867,-0.6896900453975484,-0.07990286419192089,0.10377358286700072,-0.8032554270390185,0.14900387493779887,-0.031113838962909913,-1.0669456924119052,0.14553824458299344,0.009901800776675955,-1.2308273772947738,0.1366197233057543,0.007881298727238951,-1.3750759436812596,0.10460198573325423,-0.021212553041941765,J
0.0,0.0,0.0,-0.22262770753692376,-0.5223475669164052,0.2152157587995344,-0.4746590891269881,-0.7051986925111207,0.2944344864650929,-0.6673566562689016,-0.5915106832244255,0.3352820865494044,-0.7957294401006372,-0.3739660510674713,0.3513846683832105,-0.7234965440273906,-0.890642157211417,0.17462928802814104,-0.8597660141639755,-0.7287283949816061,0.2889878296772263,-0.7619119877371364,-0.6056701495145778,0.3312356534296318,-0.6468457005306499,-0.5477223335660959,0.3377886114096432,-0.8071627696359256,-0.5863153506130321,0.06872097895969631,-0.8923317289118826,-0.42904559438553824,0.23032373693057825,-0.7672808789841836,-0.2908297660617509,0.2570924156743129,-0.6597897931364334,-0.2669098654842396,0.22296953717084503,-0.823695078945732,-0.22479232651727263,-0.008864491397561786,-0.8958880596210101,-0.12233799257022504,0.10638457329948882,-0.7638730922319056,-0.02603657475681883,0.09573208391159499,-0.6576792954210282,-0.013996330437333672,0.037540958713625595,-0.8120499739043945,0.14177408917788437,-0.06337205314269807,-1.0825355873561544,0.13266488580322086,-0.024126878713481174,-1.23642600716822,0.1277374573135884,-0.01621996505297487,-1.3680651367288716,0.08336172593815316,-0.0345215417490359,J
0.0,0.0,0.0,-0.22656991657073922,-0.5135104071360683,0.21399117100974824,-0.4760457238072323,-0.6917993295685738,0.30010435687536896,-0.6720797526176397,-0.5834750560314843,0.348750862294656,-0.8070302946552613,-0.36806340332051984,0.3733989762190048,-0.7309343011471082,-0.8688308047781801,0.16854810022518815,-0.8687886908053166,-0.7232074729381289,0.2777946736458843,-0.7776361376399059,-0.6002478182513964,0.3259028298678636,-0.6641500715614703,-0.5340381380413977,0.3390521617043405,-0.8120609366844306,-0.5797444405458443,0.06673394014586032,-0.9039690595066282,-0.40667129099559257,0.20942155289069558,-0.7782434940330796,-0.27573732064609224,0.23796251416576178,-0.6683350991410453,-0.2553147583359798,0.21156835725323514,-0.8277967489647778,-0.2247557583032478,-0.007590428971313445,-0.9125053213763604,-0.11253660151896266,0.08220492592074644,-0.7765202336959673,-0.03353451120935153,0.07089211328141323,-0.6635063404845528,-0.030953382264795312,0.020300183957359448,-0.8154811652098507,0.1399168885170601,-0.057064547516245075,-1.0869681544731433,0.14852783870330707,-0.04457997465888205,-1.253962660045208,0.1432625838418878,-0.048905333674275984,-1.4003999626867352,0.10454239223917937,-0.07019204193930695,J
0.0,0.0,0.0,-0.22058134712354519,-0.506672691939747,0.2520451613997504,-0.46463220267855576,-0.6768264366712874,0.3521765617236019,-0.6514519580433622,-0.5656376155013657,0.40812113235823855,-0.779046337375602,-0.35110463009512854,0.43856945785847073,-0.7233299497479201,-0.8874700903817323,0.22062189998203335,-0.8607050772947173,-0.7297106524929717,0.34690814108441853,-0.7627963846357415,-0.6101674852873469,0.39504652549875047,-0.653181417572671,-0.5514196820101513,0.40381390536183837,-0.7951796147581068,-0.5973641639454377,0.10414142262768063,-0.8898415323317148,-0.44161913681963305,0.2751923579844522,-0.7610892036687624,-0.31529164975348445,0.3099373645293288,-0.6567258526248362,-0.2985596072988803,0.2813874634623977,-0.8040506167315496,-0.24552483892454502,0.01744767259552582,-0.901626815245515,-0.16225829114464993,0.14502183805608143,-0.7713530368602981,-0.08635446370088415,0.14642051643980286,-0.6655235879860812,-0.08438185395178403,0.09350463405336373,-0.7888610010647714,0.11793130173727291,-0.04346016314279202,-1.0666447388909823,0.13171200887293696,-0.004713893787583029,-1.2283882880637285,0.13244919195428778,0.0016484163439000469,-1.374698382322204,0.09659464027468824,-0.017730269432742845,J
0.0,0.0,0.0,-0.1992239409355445,-0.5070978625815159,0.1984219753839324,-0.44002230225629724,-0.6898541398027963,0.2703699655434392,-0.6313449376588112,-0.5875546403378142,0.30203879726571736,-0.7547726130081057,-0.3736185384531706,0.3094984171600029,-0.7238988535365509,-0.8841193521788633,0.18064853385053967,-0.8651833925202544,-0.703704037418668,0.2860638554561546,-0.7675711140139997,-0.5726667576577777,0.323489212208877,-0.6583154038850032,-0.5068972990100383,0.3269360175838233,-0.7972016384290742,-0.599361258468276,0.0723576501368319,-0.8959330189910734,-0.4276021440058691,0.2115054336373721,-0.7709863336745169,-0.3006380116699857,0.23266172804671312,-0.6655955872025651,-0.2690221974647498,0.20123777133847104,-0.8092901657284878,-0.24989779034707418,-0.012564561568850571,-0.9149790904888863,-0.1488123786870185,0.07638970088967227,-0.7863321901632844,-0.06454512167854111,0.06664458403946459,-0.6786225416990707,-0.050166191921718346,0.017129864147026688,-0.7914843574105263,0.10700036057541697,-0.07659621654841643,-1.0634657057761834,0.11549428878906336,-0.057817104346576983,-1.2261668831821282,0.11421302895212429,-0.054649231501330706,-1.3768837013746051,0.08489371336148537,-0.07214290228341011,J
0.0,0.0,0.0,-0.1826991970292908,-0.538742170432605,0.18598985607833662,-0.4143823968188851,-0.7389230060577037,0.24511862335785145,-0.6074955044958248,-0.6607430189767104,0.2666882015062009,-0.743346484409338,-0.44283283154841974,0.26535550840124394,-0.6547098788693431,-0.9205790025700927,0.12804570708698845,-0.835123951191283,-0.8228781875473387,0.20647951131325107,-0.7802668934777303,-0.6802705632255294,0.24322561245963717,-0.6841568555355688,-0.5879621131090962,0.24996987120756398,-0.7499986309813452,-0.6610612139005174,0.02236347474079327,-0.9011652404643783,-0.5073179129684281,0.13170003988046441,-0.7913661835068301,-0.37035202608324397,0.16376456882265833,-0.6783740361430316,-0.33107292899136875,0.14655666912408513,-0.7937134143006254,-0.32534478823982355,-0.061499979772885745,-0.9294154502281997,-0.20706983079013097,0.00345399278458792,-0.7953913058345325,-0.1128165751957578,0.0010097436081245826,-0.6777585063549866,-0.09444186529964448,-0.03850484816680731,-0.800052185886832,0.039607880076221215,-0.12496256764326827,-1.0861441891553734,0.07117578749606768,-0.13325129058385218,-1.2464046783952876,0.08499636711441924,-0.13920695611391803,-1.3868193494471985,0.062180202868368555,-0.15804437018173462,J
0.0,0.0,0.0,-0.19568575135769525,-0.5231632675779164,0.17489297535086562,-0.44462872016909544,-0.7094453922562937,0.22070093954301204,-0.6451677579680056,-0.6191823976568135,0.23047156537200256,-0.7814188373494375,-0.393448150075431,0.21489436556984073,-0.696499643542933,-0.9073850349934879,0.09857916980367577,-0.8663184862396123,-0.7150511579762056,0.16570081599711978,-0.7694207806476324,-0.5780781776529152,0.1841848098373861,-0.653258722847368,-0.5029996915981685,0.17944694085570737,-0.7800057714228521,-0.6257562672162222,-0.004482252409350133,-0.9193703244515614,-0.41185859434648453,0.09837370190050516,-0.7989886137878704,-0.27700844412907843,0.11251924643277797,-0.6794118699604397,-0.24306459879477552,0.07908223900182765,-0.8105785915511446,-0.2712374135319746,-0.08232428551753768,-0.9390123348818313,-0.1245804000281508,-0.016364405553098302,-0.8036472391672524,-0.03383272302775045,-0.02254362468409299,-0.6783495091857397,-0.019031704655842852,-0.06667463948821391,-0.8078219702471789,0.0935322759063704,-0.1403997435254398,-1.0819926974315524,0.09301134083806423,-0.12574967613786758,-1.2360491955894255,0.08361086656460577,-0.11260248869007573,-1.374119528392458,0.03760166066339435,-0.12154243587251344,J
0.0,0.0,0.0,-0.17358297534256095,-0.5319199703926732,0.23793680210071994,-0.3905635770830261,-0.7620722594759503,0.33128525413718773,-0.5734251010066398,-0.7994280626422012,0.3823989224643601,-0.7025980319984773,-0.6972509543512382,0.4096820562103197,-0.6358731359888254,-0.9557269134037041,0.18381307693162563,-0.8734380740680098,-0.814849612162963,0.2792386159901845,-0.8199845210376082,-0.6535546814801492,0.32131528449656993,-0.7147029874644304,-0.5652084777604954,0.33248430610848945,-0.726646923775045,-0.683572016614594,0.06865527124497563,-0.9258380331028837,-0.4635177514603967,0.1930250549066653,-0.8231557171984173,-0.2991130281901901,0.22368192047486904,-0.7059368162552904,-0.24122431868408914,0.20352336364392273,-0.7733347883560632,-0.3407018727431261,-0.018876378825335716,-0.9473149442817923,-0.1769828026821441,0.07099148595315316,-0.834799404855197,-0.056630517041551184,0.07940410095413954,-0.7142643104024238,-0.02415735940658182,0.041516884507126484,-0.7831994146189347,0.02682627193357409,-0.08163509666284038,-1.0847368625689067,0.03935340200083735,-0.07363529351998993,-1.2599936360366621,0.03334314172799181,-0.07273318570493231,-1.4018599233382143,-0.008972692294942245,-0.08684182829194227,J
0.0,0.0,0.0,-0.23239142142953448,-0.4724917883935697,0.16173662297467262,-0.5075701962782577,-0.6448633407175585,0.19390685139680447,-0.7478027022118401,-0.5535018698883593,0.1924799812445311,-0.8940776050789746,-0.3332024645876436,0.16926233580473463,-0.7476154424149961,-0.8908477091744503,0.04613656537040841,-1.0232222636272936,-0.5950720346280624,0.07104356558698581,-0.8963524089013879,-0.4203029360610587,0.08374918894661441,-0.7531948111469476,-0.3607259632223316,0.08644647041888544,-0.8054886195752704,-0.5896012295955356,-0.05965294455563661,-1.0299756975908914,-0.3062019845790869,-0.009638088300611488,-0.8857729015617728,-0.14421168919151345,0.013041508360718917,-0.7517675424803217,-0.112484745063333,-0.0001263085080356051,-0.81234591896382,-0.2233809699683133,-0.1432975991918712,-1.01832448028493,-0.012410995406417706,-0.12294209431968549,-0.8789557053017587,0.10458979819836497,-0.11183245801891098,-0.745261271313096,0.10372296655813576,-0.12952784812581575,-0.7986989417800255,0.15571608542020013,-0.2078098366965462,-1.131015278242998,0.1417271409729935,-0.2295362099672448,-1.3096644803424564,0.13715135722753266,-0.22247487123016274,-1.4664371741324829,0.08258828222885378,-0.22576181761042793,J
0.0,0.0,0.0,-0.21178212085972334,-0.5002230121594833,0.20021405267800815,-0.4615919503896962,-0.6867842722396726,0.25362758931909307,-0.6912005791236301,-0.6366866814593328,0.2712779540638151,-0.8491191828140479,-0.4535399761424311,0.2648496254159215,-0.6741350461541421,-0.9511627620524544,0.0880691203745965,-0.9421088832456364,-0.6885027157695077,0.1386003997775196,-0.8367702613283377,-0.5222219247045993,0.15754031172688274,-0.7020162703225417,-0.44843113941228885,0.1563010312439628,-0.7349958129381456,-0.6775028783997419,-0.02776697180930727,-0.9708286737102857,-0.4388229928263099,0.061909059817353305,-0.8495338165762364,-0.2646464011499312,0.09925805817891932,-0.7263328636471851,-0.21561123316575792,0.08413668308807169,-0.7606976183940418,-0.3309285805939916,-0.11869207335341553,-0.9719760811838126,-0.1705553297875294,-0.0570347848226231,-0.8506438765233897,-0.04111977897621733,-0.03439818470139585,-0.7219583250172128,-0.013019652571603459,-0.05991476024125267,-0.7604816124966075,0.040308804117819154,-0.18917865057898403,-1.090908288067803,0.003623929569304511,-0.20732495617519878,-1.2751390625022796,0.0013742365316653418,-0.20801199822158986,-1.4335785498564466,-0.042313222992457815,-0.2224563255403234,J
0.0,0.0,0.0,-0.21814825927740006,-0.5037265091917684,0.18388523047816815,-0.4713867187989855,-0.6950528815417946,0.24555816395523056,-0.6987283201923257,-0.6147797737461779,0.2708992303400939,-0.8398306323939125,-0.39478935336523513,0.27423124739836874,-0.6822674695368305,-0.9322569011224795,0.1284156010221853,-0.9194382327263131,-0.653020599453701,0.18452150572537313,-0.8175758805971624,-0.4936891532753592,0.20222831315149145,-0.6927599368890089,-0.431388239666934,0.19911616411792948,-0.7370490979088353,-0.6755814163484802,0.01866486422006612,-0.9559473723284658,-0.38979049257165116,0.10214328924680131,-0.8224938782477542,-0.2337979728844596,0.1281039172644554,-0.6974140093893283,-0.2028560898396828,0.11116825190032105,-0.7596036127934096,-0.33547012578995306,-0.071990221693088,-0.9672861313161272,-0.12656349873078693,-0.024274829036970806,-0.8357981051410419,-0.018742330205377657,-0.016349580214322354,-0.70635451181873,-0.015596184484233822,-0.0441962259641427,-0.7602810409265316,0.03807917534937285,-0.14385458764328876,-1.0782293005115333,0.0348680354025002,-0.16979709738160345,-1.261334131090366,0.03875052925579127,-0.17727056017032836,-1.4287595602791252,0.0029412924255639984,-0.19396517364412097,J
0.0,0.0,0.0,-0.21378658470739426,-0.4924099919425814,0.1967150321347019,-0.46792489204033766,-0.6812099276476274,0.2553060648326222,-0.6850507319998561,-0.5953796185383182,0.2772236305721882,-0.8149355399926287,-0.3606257569951274,0.2761474532155354,-0.6963794305336448,-0.9403604219201864,0.10477950430340657,-0.9419617779848057,-0.6550165908621707,0.16731441693286275,-0.83013095563008,-0.4956062444461044,0.1961454713431547,-0.6994157516142773,-0.444012842612499,0.19972256333175703,-0.7423998830918034,-0.6698381649424012,-0.012619285711675546,-0.9534241239471937,-0.3901463207641344,0.0831562413389019,-0.8197259093250552,-0.2419201109132552,0.12075827949387821,-0.6947955600076006,-0.21636323288221676,0.10692461978099631,-0.7530854404997438,-0.3238051479303139,-0.10668686823279004,-0.9406805446359674,-0.12694634652930326,-0.04227105830776347,-0.8107523754774715,-0.03322103832120649,-0.02752551940522732,-0.6838937907596151,-0.03888174940810005,-0.05807594798444888,-0.7421514473717516,0.04020946236266235,-0.181006662618987,-1.0556047109741946,0.03654663183618501,-0.19535666545983363,-1.2317312322680292,0.044130529420622074,-0.19862558875265748,-1.3884058158206685,0.013866366208603,-0.215897142944827,J
0.0,0.0,0.0,-0.21452117043795033,-0.4619122726191225,0.17492512636395113,-0.489599770687303,-0.6452568419169432,0.2237095881425651,-0.7266280573955256,-0.5833577884421809,0.24021864957732186,-0.880537689262115,-0.3938953574828964,0.23858377847366544,-0.7525257866353503,-0.8837439372714705,0.06812158727698038,-1.0440253315959032,-0.6090263914021238,0.09513861549300298,-0.9298511363650029,-0.46116029764750427,0.10152542504982362,-0.7959000373782678,-0.43692367694023465,0.09935596395750136,-0.7962190662747662,-0.6039441197293657,-0.03587058328018831,-1.0450546139623103,-0.34767462118798975,0.03234949144080933,-0.909597285168857,-0.20344726554514922,0.07047722772085324,-0.782126014168984,-0.20244488556782284,0.06444392049625633,-0.797865735671939,-0.25292212698252103,-0.11868385278334471,-1.0318888583298664,-0.09271171240780966,-0.07360634928147532,-0.9077025666249069,0.013719154494831198,-0.04172520382957197,-0.7655435031324012,0.0049365124008466646,-0.05134884006469261,-0.7820729693453164,0.10976767509403185,-0.18359645830612775,-1.1146887882567988,0.04858784255220476,-0.1962850955084995,-1.3145712592624161,0.043531865304932235,-0.18682841177623624,-1.4853921584796075,0.0022877670081450784,-0.19027459641814784,J
0.0,0.0,0.0,-0.20176382744687024,-0.43921266888671606,0.12676138257151942,-0.503374964444069,-0.6409084007312771,0.14832353701381487,-0.7808991154675284,-0.6242427877845892,0.14743783584801054,-0.9550825777118652,-0.4472731677811554,0.1363196573340577,-0.7468399401024342,-0.9079702236874199,-0.013167862554494952,-1.1217771699694987,-0.6174978061303649,-0.01889253964440807,-0.9960150687509204,-0.4722207025752858,-0.009741573980033044,-0.8567713852211005,-0.46932342177286,-0.008302531153537764,-0.7725827716672702,-0.6263927380592547,-0.10367255485203661,-1.123103911759545,-0.360983692650588,-0.08371703570361953,-0.9856232308565436,-0.22130606802429456,-0.033924705823032246,-0.8589654105614365,-0.22830794220898865,-0.026318810550547467,-0.7800981315915749,-0.2741913576875835,-0.17872057785013015,-1.1013303803363452,-0.10633943951202236,-0.1705291071667439,-0.9821163821679522,-0.004589344274311072,-0.12296782727180025,-0.8398812812777889,-0.009189015134466834,-0.11746439307440347,-0.7718775706165429,0.09354375202579872,-0.2413082000192491,-1.134265005469019,0.024421028576715582,-0.2942720615313563,-1.352154919167358,0.016759749504605424,-0.30659901181662963,-1.542871993652368,-0.024660635300445308,-0.3222169252820746,J
0.0,0.0,0.0,-0.1991818583123966,-0.47605040457775816,0.09276164742180884,-0.5527630943154396,-0.7265114048134171,0.09649520044901254,-0.8958425479666438,-0.7389350083646786,0.0862393740061428,-1.1053323210435309,-0.5828340076357204,0.07118319852431769,-0.7294550697544883,-0.9464868822811731,-0.0622704698789676,-1.1250247940507183,-0.6866893246718,-0.07955549639036914,-0.9950881504828779,-0.5461559844124815,-0.08236873664020207,-0.8656159813430594,-0.5479828136009558,-0.09119884795227508,-0.7551589913956539,-0.641185199917817,-0.1364420650703,-1.1210194399864646,-0.3852531103451279,-0.1277322957426612,-0.9759424834912882,-0.25613978265304543,-0.0907705586453492,-0.8521024163121269,-0.28109790438486876,-0.09369803882740038,-0.7658574375019662,-0.278401001192598,-0.19426702452477926,-1.11274402803677,-0.11979603280300873,-0.19399511668967925,-0.989815511340429,-0.035333921220409376,-0.14690554575787154,-0.8425581658580564,-0.04894224524836312,-0.14061282989605484,-0.7700311829642053,0.09291088589405741,-0.24088810153832246,-1.1573717874109248,-0.0023049737668863453,-0.2800728109180084,-1.387668461437016,-0.018320797689651017,-0.27977748518323475,-1.584073104423601,-0.05886739580193519,-0.2890633620278043,J
0.0,0.0,0.0,-0.19719802740682404,-0.43422138475324684,0.148242715882843,-0.5171606182506523,-0.6360321303270243,0.185558622756151,-0.8203602693678914,-0.6358528139363226,0.19908987714838813,-1.016616161819237,-0.46356698174654787,0.2032916472064817,-0.7289771336758089,-0.923393744219694,0.00520633604369322,-1.1333716839854826,-0.6445258936370363,0.003054768885903912,-1.011371563483868,-0.48833058236492194,0.011545058338110648,-0.8757061073896434,-0.4839022655749366,0.008901988303672599,-0.7411890106939253,-0.6653794223157474,-0.08893297917714553,-1.1248738244365337,-0.4115566828411592,-0.06246372320447437,-0.9843160465555102,-0.26719003837213695,-0.007093929026720125,-0.8634416855134402,-0.270994314347534,0.0006629930958651246,-0.7503397259796389,-0.3304837805531594,-0.167290604736075,-1.0999198193324047,-0.17406840237540255,-0.1551757132372696,-0.9764798002196738,-0.07411084984113732,-0.10355528976327898,-0.8353666288386591,-0.06996771603092873,-0.0982570342290775,-0.752351120547257,0.02667216546371495,-0.2308837607959393,-1.1291195054697822,-0.07770720637808402,-0.2972775436668602,-1.34903103653189,-0.09414414198514637,-0.32058048198019656,-1.5433379667470004,-0.12744614079298242,-0.34417192263934465,J
0.0,0.0,0.0,-0.19585479641502873,-0.467554847600633,0.17498174319047208,-0.49299450827469254,-0.6927315572882252,0.21592748174510332,-0.762470352242404,-0.6799173196761882,0.22443058296266163,-0.9371911642556032,-0.48965939515208845,0.2199686943542303,-0.6776179389042412,-0.9683309107443868,0.06104709833315953,-1.063853882473211,-0.6952314478397771,0.08012056469811837,-0.9365644126746601,-0.531811116191746,0.08857518531409883,-0.8028591935542784,-0.5447101089917185,0.08166604349392141,-0.6941516117919898,-0.7180858991488268,-0.05006177474085066,-1.0690121832544985,-0.45205289123169407,0.006957163456351983,-0.9321591155913403,-0.3249360317493875,0.055515430869856816,-0.813197776512228,-0.34296852580766046,0.053355490171494255,-0.712203410024406,-0.385299479763451,-0.14285450921242457,-1.0576407565266943,-0.22505933467254596,-0.08783806204322853,-0.9428572916326008,-0.13578443367262924,-0.027555824540963367,-0.8207328861216064,-0.14603368198527356,-0.024456357524965885,-0.7176756502216873,-0.020780309386504093,-0.2221421068612467,-1.0563041186002495,-0.10648746082943335,-0.22363439349837033,-1.1989701380889985,-0.12052906346975384,-0.20190879604426176,-1.3242793096144887,-0.15188270584430003,-0.1999353669572555,J
0.0,0.0,0.0,-0.19817940796345002,-0.4897648597450623,0.17550315543574288,-0.5010237283948824,-0.6945613896211215,0.21723109679102964,-0.780444579324341,-0.6724308943201848,0.23363054504803724,-0.9580129366098317,-0.4656494969441115,0.24086403274761978,-0.6916956792423731,-0.9765740936270217,0.008655144965293784,-1.1148204588194859,-0.7117484018504008,0.033507209905899095,-0.9753777617545552,-0.5486645845017504,0.06689854052430518,-0.8343654677058807,-0.5498159212606831,0.07705545866314538,-0.6987089375365937,-0.70912762334383,-0.0945718479105466,-1.1157637118640022,-0.45946214563419413,-0.03299138230537302,-0.9627794289358935,-0.321092604449863,0.04348501647464794,-0.8426783523026411,-0.34116879626993324,0.05692415810611907,-0.7192584002186194,-0.35903708833287085,-0.17606018474496235,-1.086262164899265,-0.2179908610922622,-0.11564950800611964,-0.9461970105162095,-0.13317073700331816,-0.03619223434008777,-0.8075636275531825,-0.14392546605050255,-0.026521475509864178,-0.7300940008818234,0.02929959215282897,-0.24264779552802676,-1.088047020897922,-0.08135953645335688,-0.2673229251961443,-1.2638959968017918,-0.1085960802278386,-0.2608467306698613,-1.4309313119283735,-0.1534417083347997,-0.2707326877865436,J
0.0,0.0,0.0,-0.18461218268768925,-0.449330143563985,0.12313394678956151,-0.4882113755441371,-0.6784640016226945,0.14637091060683768,-0.7665100841026471,-0.6724264351033654,0.14886221075456824,-0.9396370630367108,-0.49867110953814636,0.14319662342649053,-0.7044998831342425,-0.9507932013574413,-0.0036596980466405402,-1.1191171487150002,-0.7082447830126671,-0.02066199539535889,-0.9865450743082832,-0.5617047658734866,-0.02503206518969593,-0.8428863581283164,-0.5717843551916286,-0.03414702570215285,-0.7093695335543986,-0.6988999434247736,-0.09128928713525615,-1.1041994198336342,-0.4728076024859811,-0.07050390665645222,-0.9672774083183557,-0.3532335407360193,-0.018260706675924235,-0.8494739977346403,-0.36912968891939035,-0.00964140704192186,-0.7132696855544208,-0.3669940010223812,-0.16718597383210254,-1.0831104550900625,-0.24859951007210154,-0.1559241698238852,-0.9713191433467857,-0.16985272751694183,-0.09480460020503932,-0.8430814664479515,-0.16644451898656015,-0.07717320560534839,-0.7047911067617805,0.0007100734199110764,-0.23256981491363785,-1.064264372711146,-0.12959393871364308,-0.2834392193198525,-1.2451044612192226,-0.177576628480315,-0.285121093322961,-1.4006411877255316,-0.22012837169490107,-0.289816318919756,J
0.0,0.0,0.0,-0.1996786117752609,-0.4703465724403307,0.08405750736070144,-0.5294471676834611,-0.7185861398415792,0.0812349057129054,-0.8205327043436146,-0.7148513954901122,0.06140749104789988,-0.9950033129033454,-0.544601084555304,0.036307646839564924,-0.7257472900466138,-0.9456082309067457,-0.05526105783225126,-1.17022537295771,-0.7484135922451732,-0.10294156786088265,-1.0430134576260803,-0.602288525064599,-0.11628302632006149,-0.8951025522780972,-0.6129563982060284,-0.11959395735260407,-0.7439211596558986,-0.6553248763228979,-0.13088397414733988,-1.1579472031518692,-0.475468916090188,-0.1392960286913792,-1.0352427798625443,-0.3660092056830001,-0.09754858188185354,-0.9111687069259155,-0.3800636303679579,-0.08641393224710386,-0.7525217806086495,-0.3078429049904851,-0.1964997223010037,-1.1365058885821122,-0.22796787035016347,-0.2045964220110729,-1.0341037375969944,-0.156361844464556,-0.1462403950277316,-0.9036432396501021,-0.15587355310873127,-0.12012974683174851,-0.7424553728943013,0.058197180177011074,-0.25386564729099803,-1.0975162041087252,-0.09061135984097886,-0.2749813202034397,-1.2206182578043199,-0.1474512117413469,-0.2442877400915445,-1.3057860056641324,-0.18914110177773855,-0.2239361632902328,J
0.0,0.0,0.0,-0.203065608038662,-0.5264407703572976,0.11951693604469908,-0.5226165467401839,-0.7635836560163973,0.1338285695683387,-0.8069641628763778,-0.7549497870062273,0.1267556801738098,-0.9707467113750265,-0.5541996930853214,0.10801908093099642,-0.6942755064046376,-0.9870137392017021,-0.017483615834099592,-1.1526452780218772,-0.7968577619097764,-0.03290778212279573,-1.0280383160277704,-0.6417579750839136,-0.0328715596417604,-0.8829258016066555,-0.6498110355911203,-0.035326407914284486,-0.7074253620912235,-0.6990457954748451,-0.10432800630244185,-1.1350987155912013,-0.516737014847533,-0.0752192846892166,-1.0062007034428062,-0.39909052129016387,-0.023057838214055357,-0.8789644363414612,-0.4089576055397507,-0.01369506598005836,-0.7236861837285268,-0.3549242503074618,-0.17670633698323598,-1.115356373086513,-0.27938871945725763,-0.13710687531309,-1.0108277960460335,-0.21069467985241017,-0.06649134839104548,-0.8840093114487747,-0.20810170365857075,-0.04639118028036077,-0.7277056752551591,0.021475988526173596,-0.2397993285222052,-1.0869607861511754,-0.14869151787278684,-0.24049410006964822,-1.2077756150683374,-0.21708417886689674,-0.20353274191545423,-1.2979082546926521,-0.26639416987545156,-0.18391895078453227,J
0.0,0.0,0.0,-0.2033229041180377,-0.5419774773290494,0.07996586152282134,-0.5552802901142472,-0.7671573661352044,0.0796984766250974,-0.8686881371169041,-0.7533195729021773,0.06288569726054564,-1.0553644474490793,-0.5668433440318764,0.042893761731374484,-0.775901508185692,-0.8956730901755083,-0.012772176127827614,-1.246710652973331,-0.7902537528344723,-0.05114743139489336,-1.1359546865029466,-0.671197622932675,-0.06299317123322107,-0.9856699155686417,-0.6579830543450574,-0.06242498909755446,-0.8301122474254629,-0.5526865847930131,-0.07383221291606078,-1.246472883885407,-0.45772632968946386,-0.09762678299562914,-1.1476197727740278,-0.37221356578760045,-0.07756767329456964,-1.0214556953185403,-0.3704207991207912,-0.06656850707655938,-0.8530324521330346,-0.19276178952709896,-0.1277711579207612,-1.273543017106953,-0.19449174348382522,-0.14194065205358955,-1.2850208908616405,-0.1531499497244833,-0.11361890855788095,-1.2471034622139479,-0.14082824083043635,-0.09717993184408104,-0.8303484844960679,0.14716834130379436,-0.17096307324529617,-1.2102229028878213,0.0358755559647978,-0.1654710975597912,-1.3105642156229729,0.04079210594524931,-0.1279691711592547,-1.3735650574328044,0.04517949714368414,-0.09965236841940021,J
0.0,0.0,0.0,-0.2252386496576614,-0.5127970162118987,0.10635426963406715,-0.5965799069819234,-0.7541519458170436,0.13138033113258696,-0.9620165814638519,-0.7152388549318257,0.14923103466011073,-1.2008479649120398,-0.5401416057466788,0.16749291754651177,-0.774527329093029,-0.873388549135362,-0.057192582323789674,-1.2743647461846919,-0.8202927234223778,-0.04267812909122997,-1.1938261752489963,-0.6626228337306553,0.00899943849961872,-1.0685057482669043,-0.5903854295457304,0.038588917275884003,-0.8269869718224329,-0.5494261583647374,-0.11926208509215798,-1.2998556564079473,-0.4835652159194063,-0.11664622267241527,-1.1537243945964226,-0.3603517830832209,-0.05538381800339446,-1.006326558612988,-0.36168663947282226,-0.0276113810279283,-0.8493487884537135,-0.20449487772060415,-0.1647969126250499,-1.2969679892285242,-0.25342670747972784,-0.18111097094916687,-1.245257621905752,-0.2244942515522934,-0.15120917044753554,-1.1694576539790433,-0.26042441546778206,-0.14829182984343206,-0.8461617769092324,0.12054341522565369,-0.19221633825109444,-1.2621376567479938,-0.00029995402771586103,-0.2609405804214883,-1.506356019441908,-0.03697969818116517,-0.2933621928962967,-1.7242445760952148,-0.08098362467600574,-0.32242536430798924,J
0.0,0.0,0.0,-0.175760986881587,-0.5187611101776897,0.09970408521302411,-0.503143528326084,-0.8287993987212291,0.1376800847814552,-0.7910407545782989,-1.0280172644048564,0.16347388661696727,-0.9310537899749479,-1.1837687035437707,0.1903397761026062,-0.7622953633681827,-0.8749016660149092,-0.011243221060222026,-1.199764980873563,-0.8963051737796697,-0.011579325037424058,-1.1103438580508762,-0.7982395752874508,0.01669263225324705,-0.9727737090404992,-0.7551737845145022,0.04324379217226144,-0.8207431032507541,-0.5672963456427369,-0.06749529381163132,-1.2312607231320032,-0.5789709862416972,-0.06497606722578833,-1.1140568770489083,-0.5027936858367114,-0.019534163086538815,-0.9811975795663889,-0.4796659114383335,0.00575766765508521,-0.8440506077252873,-0.23839812062959212,-0.10967539550737211,-1.2393906538343478,-0.31266481218153525,-0.1160914661879503,-1.1463722245208525,-0.26771275726485594,-0.05480007735198157,-1.025318608294825,-0.2378808706947036,-0.018195414225948718,-0.8249150651021125,0.08189019219020456,-0.138363822727528,-1.20511570753877,-0.10263158397207169,-0.1536868448671571,-1.3167425113256466,-0.14920151012611593,-0.11896145570356427,-1.396058475920081,-0.17569396379298727,-0.09117652526464999,J
0.0,0.0,0.0,-0.18802416250348986,-0.621981147327929,0.06954368547990969,-0.5548509124353977,-0.9335021552331576,0.07466400064471913,-0.9053529099676056,-0.9320616180491389,0.07567322608624938,-1.107305938386017,-0.7196852312164617,0.0747615944093049,-0.7642717604141692,-0.9134551803044229,-0.07466974651339042,-1.3248417457171349,-0.9019893190879997,-0.06432979020160531,-1.2562202175784685,-0.8567796924435191,0.00806215994202451,-1.1032501283171503,-0.8455532529148432,0.0785242214351562,-0.8361139610470082,-0.5361419608020647,-0.11603982941041997,-1.3670567646967384,-0.5716712042836567,-0.07728551506290754,-1.2736732905958779,-0.5679880505655931,0.034447214647199326,-1.1285460146959523,-0.5741619244634423,0.12359001662770759,-0.8635168918465699,-0.1671934739051001,-0.14152401618825416,-1.3606498136189067,-0.286575071217862,-0.09453398292243245,-1.2805036540866295,-0.31617687484003915,0.03609080216729841,-1.1542265785981638,-0.318765767929445,0.1351857106822998,-0.8442586394094096,0.19737930616307894,-0.15983064463595728,-1.2695830866164979,-0.029331327238529666,-0.1256641659430397,-1.2737367356735236,-0.10951254852424265,-0.0205994995453081,-1.2134766009256377,-0.12407018855077914,0.07655829535445255,J
0.0,0.0,0.0,-0.18810506570242572,-0.6369175742350273,0.012477596635388598,-0.6113200653693921,-0.9704703782973938,-0.027984032932406883,-1.0262325776016532,-0.9135632888241755,-0.05581592012433726,-1.2540554642535404,-0.6656625584215042,-0.08552773434865318,-0.7428162011328696,-0.9445191807790065,-0.22823918807850263,-1.382505279650863,-0.9435299136172586,-0.2633729830328874,-1.2667939147710636,-0.8378590622117886,-0.2267056161857099,-1.0811413261868217,-0.8134800107548849,-0.1876824618557947,-0.8108241626613686,-0.5292048782372188,-0.25001274786382577,-1.3866731467348952,-0.5672784006400351,-0.24617515966484196,-1.256577971724969,-0.5346566351307412,-0.16482665900413146,-1.0889058531806908,-0.5211934765637287,-0.12155904189132268,-0.848547886986613,-0.12817924357796734,-0.25165989802523353,-1.3796446458274032,-0.2628118903140514,-0.2144804563254932,-1.2535489821027992,-0.26939580458503365,-0.11309912984783156,-1.099884348962119,-0.25364321936875606,-0.06047903974438548,-0.851396849084532,0.2493703067548567,-0.2473765958071596,-1.2876084919855308,0.0032786938110129144,-0.21998009382038197,-1.2210209440864845,-0.04574467559235883,-0.13060551340709214,-1.10719544710316,-0.011103347875849885,-0.06576634246714855,J
0.0,0.0,0.0,-0.16263132963160878,-0.6284991963970115,0.021168170257410086,-0.5782211074217021,-0.9724249191135386,0.0061388530935853,-1.0004997922026857,-0.9892371116306647,0.00267916968215927,-1.2391036543942666,-0.7944670550952619,0.002851971825047883,-0.7177885592910159,-0.9725020961592766,-0.18439167575365042,-1.3350519492658615,-0.9884711983597907,-0.20525540476673976,-1.2284707936419297,-0.8606949520096507,-0.14766872062148642,-1.0455487917888562,-0.8167801793635242,-0.09036504410000903,-0.8008379513128654,-0.5624563176681644,-0.20567320304838335,-1.3655854625263797,-0.6035265649142295,-0.19921169271011413,-1.242273425915653,-0.5498103074593644,-0.10034564684023461,-1.0744357465601673,-0.5249992654160968,-0.031971416769394106,-0.8515994304451862,-0.16760442551635754,-0.21050678161188846,-1.3798287619496519,-0.3140630295812415,-0.1882742151918701,-1.2747446342888096,-0.31193514817731965,-0.07255063744387062,-1.1278071190918901,-0.301230278484986,0.005708107630370839,-0.8637448234778367,0.20756938721453064,-0.2087701473463638,-1.293910382160565,-0.04861120260351949,-0.18802166709130747,-1.2795540734917477,-0.11123555165462808,-0.09435275449006597,-1.2053903779412622,-0.10801995626233488,-0.015930600372413926,J
0.0,0.0,0.0,-0.1437830540334808,-0.6521258250162292,0.001309408571663051,-0.6076820151849031,-1.0473184657027006,-0.04436851345557392,-1.070014859691296,-1.0261420259453407,-0.07593601323310936,-1.3273396677774212,-0.823143189666437,-0.10763369361890956,-0.7247347613489821,-0.9919965965749384,-0.267254109319883,-1.410868663635554,-1.019089014526315,-0.3284034865648156,-1.2834278608460494,-0.9273571090891555,-0.30573594408484156,-1.0808418376282058,-0.9063346701712559,-0.2735304239375573,-0.8051451456129297,-0.5157177841570096,-0.2928761881753418,-1.440705474925031,-0.6018246859592316,-0.3219371067219043,-1.2960661459537146,-0.5828159877479873,-0.24531364850594284,-1.1105310805457183,-0.5486569366817114,-0.19992875922045666,-0.8562019104104742,-0.07803642537752242,-0.29953618056012393,-1.4386758422398565,-0.27452863159411023,-0.2993147807046219,-1.299641841120549,-0.2896033083609548,-0.1929757466573368,-1.129799347739444,-0.25507874178873596,-0.12792091569129513,-0.8825754055240745,0.3138030078413844,-0.2997024787639148,-1.3558033364467457,0.029479998533675413,-0.3004529963685091,-1.2768485817390742,-0.020909303166060034,-0.21055902662563558,-1.1467390616996562,0.03057276124709527,-0.14062190553265638,J
0.0,0.0,0.0,-0.18970749232361256,-0.6607710028427156,-0.0032325804256714795,-0.6277211563992271,-1.0675870098561007,-0.056736593813608495,-1.0577408775026813,-1.0204159449705097,-0.1000117078812336,-1.2688167295594748,-0.7634619578997913,-0.143711148738121,-0.7823013602720128,-0.9051855903611977,-0.2716883209218057,-1.4243841392613554,-0.920243172858796,-0.3583872023222488,-1.248919077555314,-0.8686771565110025,-0.36259802070539715,-1.0287957467012452,-0.858469744534589,-0.3452162157869672,-0.8454707488170341,-0.4341042347162618,-0.31101885199481416,-1.4317518193269274,-0.5458611870974209,-0.35927849059999206,-1.2473833866322233,-0.5695308946620696,-0.3068808240482885,-1.0513109082945546,-0.5273386198838551,-0.2772736980010373,-0.8810532563268434,-0.005295961966519595,-0.3336127594146174,-1.4310834688594125,-0.21057315822908562,-0.3545953656081251,-1.2634079729296717,-0.24723243389764182,-0.26178459174125834,-1.0747782588662682,-0.20410985567270504,-0.20316183822801887,-0.8928711067345535,0.37330050379580443,-0.35175418167643163,-1.3599033023178602,0.08647141917741512,-0.36391085799338146,-1.2821766681995364,0.003558924151955758,-0.2817637883947143,-1.1622143249401218,0.047970391842709625,-0.22001091984402002,J
0.0,0.0,0.0,-0.19012011443543936,-0.6348118096057762,0.003456757898556058,-0.6424213789473933,-1.0097525767216409,-0.05234327102764759,-1.0848973249232798,-1.0009240441792715,-0.09566645661722126,-1.3073522534866107,-0.8120553495546511,-0.13940067213112217,-0.7629454870856891,-0.9239199002854608,-0.2769276940894105,-1.4349100770910101,-0.9245322260217707,-0.34660747692001237,-1.3051298122076105,-0.8546277146268797,-0.33177037261351694,-1.112202033699288,-0.8423915726317344,-0.3037067396240291,-0.8232214272302778,-0.4744099042392429,-0.31183605389476193,-1.4560875132531896,-0.5431954990974015,-0.34042997184653145,-1.3179752685010182,-0.5433464056040003,-0.2707881038574573,-1.1354904879327128,-0.5251954646794835,-0.2326108698771538,-0.8641140790804979,-0.05349250864064883,-0.3278390029808954,-1.4497895924833402,-0.2360532443685949,-0.3276474629734206,-1.3324663083852304,-0.26385484042242824,-0.2294963528148965,-1.1657815394390847,-0.24247563791107127,-0.17214814737894987,-0.8837238944368785,0.3230613854559534,-0.3383047121828535,-1.3613814673081561,0.056679279303280115,-0.3390034285481489,-1.320738430211645,-0.021179778391771896,-0.26012491542298644,-1.221994715053469,-0.004153442275854917,-0.20131623572871313,J
0.0,0.0,0.0,-0.13692159457133127,-0.6173437687508451,-0.0059265555681487616,-0.5924986104898495,-0.9852698565804632,-0.047515602223005445,-1.0555640173460767,-1.0129386204056496,-0.07003329099914948,-1.2944723828726306,-0.8374595940952538,-0.08834316198611446,-0.7172788400921265,-0.9815496311883716,-0.25336995381833133,-1.4345795659065148,-0.9792999178968238,-0.2749406780061634,-1.3357571924764173,-0.8502811534165087,-0.217465818511095,-1.1461823714597454,-0.8200034725407471,-0.1643260472739241,-0.7775010525158863,-0.5717391344434762,-0.26192837853602957,-1.4283595046827404,-0.6202344210514888,-0.25044106663980753,-1.3234782601102888,-0.5725690549273409,-0.15601736513590495,-1.1593054673988297,-0.5483582352195211,-0.10256254154468637,-0.8239772943971424,-0.17298787528913434,-0.2486720793171078,-1.3942104827135555,-0.32766539107071746,-0.21180393005310102,-1.2983044686229492,-0.33151102512529346,-0.10432437475480152,-1.145294783834683,-0.3111958639800767,-0.04488787170185514,-0.8520677926163899,0.20067678787449836,-0.23010621268696035,-1.3169809797378647,-0.04147031715438699,-0.2154061071595404,-1.262231240056809,-0.07043346512477221,-0.12855823092226393,-1.1365901720455673,-0.016037370924074146,-0.05957738176056104,J
0.0,0.0,0.0,-0.16125268894840517,-0.5721343513164935,-0.041984409222307645,-0.6508939309526222,-0.9182932520489023,-0.10050932770769912,-1.1585248974600002,-0.9976635404822891,-0.13806279642418934,-1.4378691218177087,-0.9753040110334535,-0.16956030366947275,-0.7703112116577963,-0.9178107879754439,-0.26999862811232145,-1.5497513033653558,-0.8932871803577963,-0.3034413006076157,-1.5554905640272318,-0.7452354507116351,-0.24587351726304005,-1.4163924603870564,-0.6754798053011177,-0.19288110154842872,-0.805274599572664,-0.5270647843312669,-0.2715428739645374,-1.5295558520853323,-0.5624706371613662,-0.29029387110668436,-1.5205139805137737,-0.4632038602285176,-0.22266086143815625,-1.4074969774873591,-0.39331832064437683,-0.1857366513862784,-0.8358871512148308,-0.13652578663997555,-0.2564213880690255,-1.4840599023206562,-0.27785642061665017,-0.274878009962933,-1.4590171303709707,-0.23167017610071808,-0.19653116648622734,-1.340499212182218,-0.16766203860119555,-0.1468646730463865,-0.8709194036598418,0.23166687720107051,-0.23561937738895666,-1.3569132997412041,0.015557198375527385,-0.2724303552876967,-1.3422719583803358,0.011844286822177037,-0.21786353971627825,-1.2402011167470448,0.07135684882696108,-0.16809819526395076,J
0.0,0.0,0.0,-0.1880226738364734,-0.5905877614442796,0.030591660441390042,-0.6494840134856629,-0.9172248734128784,-0.011163276331049875,-1.095243647464599,-0.9493409836030197,-0.03910659025876104,-1.3373916923017533,-0.8148831353629208,-0.06715533689030193,-0.7889239408323676,-0.9033883721669472,-0.2909535626735236,-1.5315050458452464,-0.8386716831050226,-0.30752359802624957,-1.4794454795823804,-0.7291700278280147,-0.21296217152193347,-1.3132749927260703,-0.701848265130343,-0.12916638191260246,-0.8183527638040251,-0.4747777940446704,-0.3238592290739759,-1.5483149736247563,-0.49140112568351646,-0.31644108625469874,-1.4904406477087118,-0.45886261936156847,-0.18458127228699794,-1.3437257418230668,-0.43598509983564837,-0.09190887740815563,-0.831421306491322,-0.05305651197180783,-0.3282640145425547,-1.4861833791687815,-0.16593165893590672,-0.3088226979573893,-1.4412443670525823,-0.18887427894092246,-0.1581055792605964,-1.3062952372900056,-0.18567224374819394,-0.05221423285680831,-0.8250486508719401,0.35007290595187995,-0.3228100988966893,-1.3427787569469194,0.1535334240886007,-0.32346214453832917,-1.362442886545385,0.09251535061808781,-0.2169717649106532,-1.2931570522297229,0.09350094159230354,-0.12074288378397711,J
0.0,0.0,0.0,-0.18585385786200137,-0.6510719304392356,0.010152513009756774,-0.5984434017483317,-1.053713030868392,-0.036222629469494595,-1.0251156658462026,-1.0346433949610387,-0.0708245500957873,-1.2402909394324102,-0.8056551067526575,-0.10232144081925051,-0.7561206089304813,-0.9062450704700535,-0.26305803835242253,-1.4131432074343797,-0.9782192052129318,-0.31953797027803843,-1.277677475476304,-0.9260476593421533,-0.29595105424804435,-1.0807881089638,-0.8948211593937879,-0.2625061392773595,-0.8352574383230015,-0.4613413020151605,-0.29918090644466916,-1.4626885857998924,-0.6106787375867391,-0.3136268060042386,-1.3210305058297136,-0.6263813399016533,-0.24185674327018525,-1.1420699667414216,-0.5859255014966144,-0.20324165375541142,-0.8772550167474533,-0.05520293118696378,-0.3148572553273666,-1.4397280016527847,-0.28970172002503874,-0.30349178595735443,-1.3191343238682842,-0.33346392475058084,-0.2088127186215927,-1.1518822385501744,-0.295793175726205,-0.15527620034643713,-0.892614387377122,0.2995871882162358,-0.32464937340243954,-1.3500696868540445,0.019329120380252675,-0.3155268002772536,-1.3008095106093172,-0.07045349638326917,-0.23443015423045827,-1.1954703545823353,-0.041623023962934935,-0.1765821176228382,J
0.0,0.0,0.0,-0.23012555913107596,-0.5390782092738035,0.054827887632379335,-0.5760018805249075,-0.8568404367184055,0.05766912905491272,-0.9232261139116803,-0.8998142016436499,0.05944061959303919,-1.1486173917963862,-0.7486527636007542,0.06545472769897685,-0.8156423981588871,-0.8394856314748889,-0.07341035149336367,-1.2797014959296142,-0.8695068172372251,-0.07362544724033611,-1.164760775635,-0.7949376391350347,-0.046634184785251595,-1.0277048036587209,-0.7734384833092589,-0.028391647016240727,-0.8761603287877331,-0.4674147161802108,-0.11775636440016507,-1.3252162516440336,-0.542214795356237,-0.12153360992381038,-1.2329699239253897,-0.5083802352004226,-0.09208149179412542,-1.106126199325689,-0.4880204790660984,-0.08396528364486347,-0.8979737366590915,-0.10838566539358066,-0.1495346894638358,-1.3401247463284178,-0.2821810733015365,-0.1621345611672142,-1.3355137382020745,-0.2809140845821359,-0.14310997161024855,-1.2668535775338188,-0.25063637204267597,-0.1400359577631787,-0.8927995025489057,0.201623842701587,-0.1705696491617644,-1.2855972958955373,-0.012805568549309384,-0.203839870638725,-1.5244960168553945,-0.12534043992156163,-0.22016888909503798,-1.7094440005784706,-0.20611157770790345,-0.2367572666430486,J
0.0,0.0,0.0,-0.14151495568105524,-0.5926931151384031,0.03621860020497917,-0.37984647302521335,-0.9682677258979708,0.056082624770005064,-0.6375984739052434,-1.1060103807880786,0.07798862012582906,-0.805643114798082,-1.0286587414127197,0.10723769793418408,-0.7887481504416427,-0.8318160417153411,-0.001217028640910439,-1.079039303928486,-0.9461152577455973,0.03977824877335304,-0.9458101782243176,-0.9231017263617229,0.07040013371611062,-0.8127987524731409,-0.869283152317688,0.09036017828441371,-0.8666557735272226,-0.4987718130565457,-0.011595202120603065,-1.1040580715766153,-0.6654705589418398,0.05797964690015828,-0.9863805117804355,-0.6618715193520118,0.0904939548431132,-0.8736895791184971,-0.6109893981142724,0.08489348624164861,-0.8880525332418596,-0.19409423779085697,-0.01210542663324367,-1.1100466927032107,-0.4146747206652628,0.03861997798346543,-1.0234733881746003,-0.41034968169091623,0.05253989819123983,-0.9187739411723731,-0.33786583323692715,0.03503730645919711,-0.8850399353831988,0.05888858625201403,-0.006380930243775908,-1.1862585280242297,-0.13460722632402483,0.002437356787135985,-1.3734336771141789,-0.24039617171484884,-0.00843292871773161,-1.5214210870742355,-0.3003497900763389,-0.028429969171108065,J
0.0,0.0,0.0,-0.050781929474337836,-0.6737024434694997,-0.038515520188452876,-0.2896428935038351,-1.0767243794937804,-0.03373664929104519,-0.5574541309531521,-1.2079488367643143,-0.0032327199456452455,-0.7083718927665287,-1.1152297676819565,0.03996398249722166,-0.8204865815506976,-0.7929349812017245,-0.13731412642196814,-1.0804398305607825,-0.9483673480177586,-0.10316361810668996,-0.8993755233592894,-0.9404692481982945,-0.061998963553287614,-0.747420398264052,-0.8796127538974242,-0.03906180481763549,-0.900145784806502,-0.4224124841722693,-0.10632619296532249,-1.0927268223214874,-0.6413874246136715,-0.02765662947780538,-0.9338448768055061,-0.6306987407242777,0.028633636589311322,-0.8263930975524385,-0.5843278336078604,0.026353548115339995,-0.90198383885851,-0.09816776208903763,-0.06808879989684281,-1.0969946117047868,-0.3254643539358015,-0.014373095400772,-0.9972485205928294,-0.3311967465896389,-0.0012372787333805172,-0.8877467578113559,-0.25223480514269403,-0.02927531001134649,-0.8704181805008081,0.1544869062367739,-0.028674803940255508,-1.2276163224876975,-0.05038050830512006,-0.03837038057854033,-1.439167276550308,-0.14068090726452648,-0.07207051234213012,-1.6035211212737932,-0.17975123581183125,-0.115010748625455,J
0.0,0.0,0.0,-0.09312754300045396,-0.6851301665049649,0.022974455762208457,-0.30313358687728786,-1.123015760699497,0.0467016812647326,-0.5763623761450507,-1.271940436626948,0.07783355129830641,-0.7299110178997265,-1.212066910817058,0.11863731130131007,-0.8158273389292506,-0.7932430399982535,-0.025635642886875542,-1.0896695645174896,-0.9785983401020403,0.006699833187630457,-0.9106096435019052,-0.9711193530285468,0.020404392580088,-0.7640014850997426,-0.9086847380144585,0.02957803512245694,-0.9015016157683396,-0.4321957716097954,-0.022397584014494664,-1.0931583906678275,-0.6720413444231808,0.06573351616001884,-0.9423944465094966,-0.6776318515784269,0.09687866480032375,-0.8302512696290367,-0.6286339600009251,0.07730901845571674,-0.9148079505347716,-0.12426174073940645,-0.009175249328615858,-1.0841593422902749,-0.37135496109292104,0.06165735093693345,-0.9803721909841541,-0.3837295446668119,0.07344083208207539,-0.8612196938591838,-0.3037300741574019,0.043780215877504775,-0.90227963619128,0.1180482820129545,0.009279249006332339,-1.233585501666336,-0.07874464681943938,0.04446662878157978,-1.43177345546117,-0.1884260499251913,0.045541234180265386,-1.578975871006557,-0.2426115372598563,0.025048924450943116,J
0.0,0.0,0.0,-0.08120001016480005,-0.6690600956988222,0.02320697098419533,-0.29846650594566865,-1.070503502543888,0.04735691063399957,-0.5761154621848277,-1.1515914640862552,0.07775630242943356,-0.7387154832813508,-1.0077966355820651,0.11285856429162913,-0.8215037525485387,-0.7704869906545654,-0.01972169042978043,-1.0716098320874248,-0.9189550298497369,0.028297328417840356,-0.9019121934129263,-0.903656477209992,0.04380918430398194,-0.7620643679957244,-0.8358143495926394,0.044651200898743255,-0.9030237940610131,-0.429127850353251,-0.019932772282116745,-1.0548844667475072,-0.6055956957116808,0.08803497512717205,-0.9065411268256883,-0.5906757589816081,0.12014494388861226,-0.8059064035823063,-0.5400990590160604,0.09142236575200484,-0.9057340454176004,-0.11596610733432379,-0.010148220925672455,-1.0496105007408207,-0.3214512326371356,0.07262394558774962,-0.9516818119703859,-0.326590408970331,0.07970313783151703,-0.8402325894263915,-0.24993168127977708,0.037821626046646836,-0.8831182960446287,0.1401583687766863,0.004829554705123889,-1.211436573086427,-0.018886216999414996,0.03386322419606941,-1.401454470403896,-0.10631125103469621,0.024972259191623814,-1.5395107226860698,-0.15756385720653215,-0.006960618694019182,J
0.0,0.0,0.0,-0.09293817477427885,-0.6163482976472769,0.02643609298103143,-0.27980029105871657,-1.0146745445910899,0.047775668070986314,-0.49785986029040885,-1.1867747858983264,0.06438243790662912,-0.6397739106023641,-1.154691084473465,0.08251590129928767,-0.8167512708609024,-0.7716773222589591,0.023555980083335724,-1.0384352168349484,-0.8989291607111687,0.049845298370292855,-0.8908008222712421,-0.8628916727632935,0.04340745300782234,-0.7435952108872866,-0.7936220397928998,0.0394211501252207,-0.8964604705255894,-0.44301066920442156,0.010008584120119896,-1.0041755856320338,-0.5519783816606314,0.08143713496834004,-0.8759925923556894,-0.5188447408821097,0.08095101471347592,-0.7668801655763136,-0.46693474260596907,0.04529040961642588,-0.9012724028448345,-0.13322380310369966,0.003198027398590878,-0.9980571683471895,-0.2739003214208536,0.039087575643068195,-0.8950010142634305,-0.2611431526681701,0.028084638008074043,-0.778072565441271,-0.19135637241679304,-0.005436623308164347,-0.8805715911097185,0.1236306486118673,0.002549337228767849,-1.1864006146303208,-0.028512053424882177,0.01867377521667864,-1.3762899981074728,-0.12627374925299398,0.02145837159101345,-1.509864288002864,-0.18824914295542247,0.009539360330821856,J
0.0,0.0,0.0,-0.04184420953976376,-0.612395564328649,-0.009197988938444798,-0.2392629670626867,-1.0142924521030199,-0.006998138086959292,-0.49921769853357284,-1.1380707075566199,0.0036457628152396938,-0.667496392355305,-1.0154151820851185,0.012411699761579737,-0.8067001373726108,-0.8086231782004056,-0.036783103369594485,-0.9450645599761147,-0.827120398477781,0.021361684727810436,-0.7841867335287146,-0.7655151085939259,0.035017347094709605,-0.6519925928056225,-0.7011810168910355,0.03394725404457704,-0.8872600294849031,-0.460013797660193,-0.03401390951795719,-0.9268699662013234,-0.47979610488693003,0.07362602349964423,-0.7911158764637105,-0.4440491739622629,0.08334390640857856,-0.6833008104592131,-0.39190504989331804,0.042072325195186874,-0.8880216156122592,-0.12446841598935111,-0.01893751163681616,-0.9406592647027168,-0.20463776214593898,0.04406695744960756,-0.825619313655011,-0.18600457507972493,0.03600826288652762,-0.7016487254336548,-0.11193594973541947,-0.005248125373855554,-0.8617328385799647,0.15674360420238323,0.0005713115808572259,-1.1388885162380107,-0.007069125620551418,0.03169957323571111,-1.3139744418444086,-0.09938713304485532,0.04499453546859876,-1.4407590979775897,-0.16081142072669097,0.034773600988518415,J
0.0,0.0,0.0,-0.055455157630842744,-0.6039779378162304,-0.014024655100509735,-0.2340285785630548,-0.9953459296506275,-0.0052533990421964796,-0.44755136840862253,-1.1910674788192201,0.01131379108190964,-0.5943203267466952,-1.1664068440596647,0.030229381880700967,-0.8225805545499907,-0.77148742839001,0.0035056572850818975,-0.9571632686286529,-0.936922780067402,0.06974239672955315,-0.797797264874285,-0.8968404671193955,0.0912133388124491,-0.6742876195878545,-0.8098083082231993,0.10135862454350504,-0.8996559614577522,-0.4361020531623097,0.020836272246869732,-0.9622590877759941,-0.6140813331095384,0.12757180245699845,-0.8230626069329043,-0.5809193847321169,0.13772233564808758,-0.7163486890294685,-0.4951937362931661,0.10725453855788097,-0.8855577855018919,-0.13008503398109156,0.04644870746014242,-0.9576630267270527,-0.32410969022357444,0.11052727585926655,-0.8398700429342043,-0.28715157933070756,0.09953796116977554,-0.7300703329551914,-0.1732090175039879,0.0624893449777136,-0.8422437511135755,0.11578024374855002,0.07675884425668153,-1.122584769867318,-0.05245803692072469,0.11330118318443501,-1.2839306010255038,-0.13988657538296595,0.12176273926072302,-1.3957562589414156,-0.1754128079299032,0.11159886431325695,J
0.0,0.0,0.0,-0.06026034723494321,-0.6678595963739594,-0.026968174909791223,-0.2728704364997934,-1.1130685424924933,-0.019673127528408985,-0.5195670423820363,-1.3757536301479492,0.006489397356765437,-0.6856053438990575,-1.4375136935471695,0.03858502861663626,-0.8426337296520263,-0.7524258321624844,-0.037546881779028034,-0.9134676120964349,-0.9989682657930361,0.04499197493487967,-0.7358111280258803,-0.9612051506092257,0.07332011605697235,-0.6311135711752192,-0.8663399104903338,0.08006707456664934,-0.9158576543943918,-0.4014821205301736,-0.004106553518226941,-0.9206861505669235,-0.6565321811975287,0.13816291228124555,-0.7691816001854184,-0.6301492125689884,0.16202135683793528,-0.6820681706732997,-0.5451188214797197,0.12384741356700958,-0.8925956683913917,-0.08917740122171611,0.04019905661620287,-0.927569383009821,-0.3569309575110317,0.14128895950249348,-0.8050599409724667,-0.3404489755737097,0.1385468067739078,-0.699490826783984,-0.22123345720944484,0.08865544652730031,-0.8410593851804086,0.1478829175743861,0.08847072843274686,-1.137658197364405,-0.014422478988643192,0.14452516168038454,-1.3012759200505257,-0.12081742019488051,0.1485711033367233,-1.4096185707031286,-0.17257431123654446,0.12506559779341603,J
0.0,0.0,0.0,-0.08241691799687519,-0.6258856777520873,-0.020526131969468574,-0.2819830067559306,-1.0293193323419219,-0.013427511053153113,-0.5180511830245765,-1.163238651841592,0.005398844628174768,-0.6823921589741988,-1.0613694051118838,0.028308213404978775,-0.8576885733314132,-0.7226245783122326,0.003015801855354374,-0.9011548167563105,-0.964776412449801,0.06580992127298191,-0.7257464461465444,-0.931864641304936,0.06883131959431302,-0.6253974474778016,-0.8395332816347214,0.06300624050903904,-0.9211583686924965,-0.38829402661319184,0.026363017359410133,-0.8971041890324093,-0.6229029836051581,0.1446156714038339,-0.7441642317636926,-0.6012743824543022,0.14453643920630438,-0.6580759062818227,-0.5184284391187013,0.09939183406552218,-0.8879528176067251,-0.09585026534252299,0.05693343804743637,-0.9050448054962873,-0.325896794598923,0.13860901853255472,-0.7726914705717829,-0.29940384860035646,0.12036685727179412,-0.6654759620425906,-0.19009975268803458,0.07051542467998348,-0.8330006763871455,0.12221217482494505,0.09118832909853068,-1.10794011966017,-0.02355570777372601,0.14335538316581656,-1.2575114283323712,-0.13121385035905947,0.1456708380397255,-1.3545720978965607,-0.18985002570865858,0.12470345219999275,J
0.0,0.0,0.0,-0.08675120503165057,-0.6152900850237326,-0.02336340750087959,-0.2790557755777158,-1.0002036064474502,-0.024904181424439127,-0.5196764377059044,-1.1081540724679635,-0.016654713399775506,-0.6800528324173089,-0.9735609121601796,-0.005824236342186024,-0.8783227515671899,-0.6904017636912643,0.006200368776135333,-0.9555941815348874,-0.9061756598044265,0.06437884288671526,-0.7755464701307164,-0.8782822799441534,0.06428441349108228,-0.6562431517425926,-0.7934419538362881,0.06177916908427868,-0.9411150368141771,-0.33727898321564614,0.023353264509914966,-0.9504429027652744,-0.544340519311391,0.14424638079770166,-0.7994366724720992,-0.5283975103643921,0.13996407379710057,-0.706608119240938,-0.45486647341878556,0.09442737619675073,-0.9027187086700598,-0.04019422378692577,0.048312526354729234,-0.9624386637279958,-0.24421757762555646,0.13230293081301964,-0.8389440028791556,-0.23638294593274292,0.12065059019151998,-0.723601844595728,-0.1458462388824919,0.07907398996444555,-0.838934447079272,0.18790524891141144,0.07594521204942745,-1.131431298352106,0.016469702152348737,0.1465279685463837,-1.2772547719466398,-0.1162440571606782,0.17614666212829042,-1.3646656784864322,-0.2030079095745277,0.1764923923733443,J
0.0,0.0,0.0,-0.06916268873893858,-0.5911608532149344,-0.05062316421653533,-0.23791860405141457,-1.0160940361091062,-0.0694328265982763,-0.41812497117998115,-1.2925249560231724,-0.07764210060728552,-0.5402836683311344,-1.3789187072835714,-0.08061806600467857,-0.8712426253587917,-0.7011101848143503,-0.02176101688915257,-0.9641276168779241,-0.9223409233949872,0.013916269689970883,-0.8077557422472088,-0.9167507511850332,0.005877293947494634,-0.6958276112479986,-0.8371122410506147,-0.00711356196730821,-0.9331747578008649,-0.35935389054212913,-0.0070464711404049545,-1.0116419504780205,-0.6120568271839681,0.07004088009566664,-0.8864363794125151,-0.6344638120338554,0.05624329778815187,-0.7985801854781474,-0.5727475382890469,0.007201800517453631,-0.9035670392372871,-0.0542796575994358,0.008963543545930347,-1.028187945660267,-0.2962578252824362,0.04641262052381438,-0.9425062440762401,-0.3103480017463935,0.022520517629611523,-0.8567982702165592,-0.2224494881463778,-0.023766743152549848,-0.844785023652271,0.1884591279668212,0.024717918339230302,-1.1454123544128592,0.03121458774749276,0.040502791938340596,-1.3023428344288974,-0.06619960208207723,0.03809805326950698,-1.4075555587525106,-0.10665379414630675,0.018792998727850903,J
0.0,0.0,0.0,-0.07915229089739825,-0.5688658384537993,-0.03517719904684619,-0.25115020349551687,-0.99367594004859,-0.04186775515147688,-0.43250669934703373,-1.2539903466921947,-0.0422026380742085,-0.5568517239155464,-1.3416584798442905,-0.03983108508697901,-0.8808847834979179,-0.6928074353019134,0.009533363603310039,-0.9847941220644802,-0.9366962246362701,0.053142628119035556,-0.8443891711101165,-0.9595578882748992,0.051626801504758034,-0.7276370749043483,-0.8988309801218206,0.045999448504990555,-0.9328631628819567,-0.3598207866196253,0.017184901928897545,-1.017991111185316,-0.6249486997245483,0.09908581673976809,-0.8920649860239386,-0.6753750287292631,0.08275231637603106,-0.7859419927049595,-0.6290627226127644,0.03480029970382433,-0.8949603239735132,-0.060354097079303885,0.02660531367561438,-1.0068305602743377,-0.3010453692820578,0.06743409160492755,-0.8977411699050148,-0.3313678112924217,0.03817867533016086,-0.7867410159803413,-0.26327866764883523,-0.009799134086788964,-0.8288015955003198,0.18708223597922174,0.037014995778233806,-1.1271391715937509,0.056498678052804625,0.055665755757523624,-1.291179746532796,-0.04515855694930157,0.04998027563011046,-1.4017330398197672,-0.09784453687787295,0.02858632641462882,J
0.0,0.0,0.0,-0.06401832161046322,-0.579173812170569,-0.04452196566866947,-0.23690004636261502,-1.003274682583067,-0.056751989432876626,-0.4187364232411497,-1.2882874513929308,-0.05914551190355702,-0.5336537821879234,-1.4087628799355114,-0.055301225642023395,-0.8678848672888165,-0.715187195272873,-0.006672722517636155,-0.9374994789736673,-0.9580462762520099,0.03600541297375346,-0.7722702500428454,-0.9620942869394951,0.03306280581516584,-0.6543768738316369,-0.8838649473846498,0.025399192979633282,-0.9213736570529162,-0.388579905633936,0.008731610759562927,-0.9784576918351601,-0.6642027568672063,0.09062227342557928,-0.84140885576735,-0.6923215489588792,0.07899452407779874,-0.743823993850805,-0.6275735382115559,0.03328860676755027,-0.8866980228592278,-0.09246219777270198,0.025358579346086464,-0.9819308553246506,-0.35961018288726776,0.06875986654872726,-0.8704443793379485,-0.3793946706202913,0.04564589650032829,-0.7665933189587052,-0.2898545894371027,-0.00016570793162964733,-0.8234449508308975,0.14658911552717166,0.04229760582444251,-1.1232477848357292,-0.001023972821756449,0.062469985914490815,-1.2857014790124737,-0.11594217177904838,0.05651589073481842,-1.3949517069978201,-0.17480618884948076,0.033757542639367775,J
0.0,0.0,0.0,-0.044181511834694716,-0.6614643463853841,0.020592099682777587,-0.25373533209861937,-1.0843626040320298,0.06765126107489741,-0.4866835205320278,-1.2869814311005727,0.11983686710599334,-0.6324724025646578,-1.2952896519449142,0.17141846278557804,-0.822817765560454,-0.7721549012790927,0.1102838908203105,-0.9014842700746676,-0.9287064480972982,0.24628387676230742,-0.7329222353202761,-0.9047756196702668,0.30143907721455765,-0.6064121863988394,-0.822521882841085,0.32331459227985926,-0.8933585563282547,-0.43086413941941804,0.1275405159055772,-0.9123600339557777,-0.5982303378935181,0.30961107448447933,-0.7734981258672567,-0.5999030430986245,0.3267872046068102,-0.6687708521354129,-0.5358770644121108,0.28489363355222785,-0.875716203528488,-0.11937319181470975,0.15461158116203932,-0.9194421389331261,-0.3238181959661628,0.28139022315250145,-0.7996415763307668,-0.323246893444465,0.25499238613838426,-0.6851375909310209,-0.23836616050873485,0.18806304098519178,-0.8230659475610463,0.12849412229664556,0.1885019394465457,-1.0930999930824095,-0.011302996405806636,0.2543678005311833,-1.2560482754200601,-0.11487107353989781,0.24827128573125684,-1.3696328813139906,-0.1770177821695587,0.2161655219465529,J
0.0,0.0,0.0,-0.11908257502942424,-0.5798345011981526,0.04923195944258431,-0.314775693968383,-1.0110411375645572,0.1007132241834218,-0.517835533754967,-1.246860543164442,0.15571366174370982,-0.6227460208895733,-1.3377204207593891,0.2151606649034159,-0.8451847533139726,-0.7153728798246372,0.08968626667797051,-0.9497145566859146,-0.9042523784098956,0.2040164121151468,-0.7970178117459081,-0.8720433339322363,0.2371665914505036,-0.688772343992651,-0.802331522599762,0.24593782518095952,-0.9145633373962015,-0.3940146580847674,0.09124884166423963,-0.9473555295617903,-0.6067928952419929,0.25815618455618666,-0.8090534538764792,-0.5821188616899658,0.27331368823248425,-0.7202962350722633,-0.5063163680706934,0.23381570064919044,-0.897738198332925,-0.12089391789201934,0.10802805559032827,-0.9642977624111437,-0.3208650866760393,0.23646602758171192,-0.8560097385462065,-0.3110439098477951,0.22969931566929516,-0.754058448668326,-0.2202227196271023,0.1788497109717282,-0.8437831097447325,0.0986050899206957,0.13273795556223703,-1.123684843938893,-0.06609995807207537,0.2157706680769735,-1.2616465996886788,-0.1532246986406661,0.24204269974232137,-1.3485388936169571,-0.18339956098002447,0.2373047214963314,J
0.0,0.0,0.0,-0.1313093331513529,-0.6024834120861158,0.05720299015955387,-0.3276349697888076,-1.0107325653012817,0.10137058364399372,-0.543182172441841,-1.2023733630768476,0.14709698382263722,-0.665484538656937,-1.2183197401743446,0.19431889151040269,-0.8481446910338022,-0.723531425428985,0.07139648035077467,-0.9752803495826022,-0.8556879172665749,0.17415858430885342,-0.8313333882122181,-0.8264428465343301,0.19585151238747844,-0.7295990662663733,-0.777712204764821,0.19697667586318873,-0.9188224940328046,-0.3888828187430297,0.06734521323607753,-0.9747901109456234,-0.5491559769978425,0.2312226084176027,-0.8385070600577058,-0.5183392472581343,0.2467673517539183,-0.7519647399430055,-0.46046292404944866,0.2054572778521712,-0.9050446168068513,-0.09871629444968422,0.08107407071107312,-0.9753036441433393,-0.26360940897631024,0.21457716418454284,-0.8668445641750228,-0.25456796082585526,0.21427750993042977,-0.7628013169547735,-0.17759115067434805,0.16504771310309468,-0.8556196128766173,0.1399223982780855,0.10341111149013271,-1.146707785807483,-0.016674694041668877,0.19850240378761705,-1.294147286192317,-0.11070233300651888,0.23590433804786753,-1.3884786098967181,-0.15409075551368065,0.23709621017032106,J
0.0,0.0,0.0,-0.2661519521527027,-0.4507727002438201,0.09872095365633372,-0.6344115254659954,-0.6248078350249121,0.09120402754073384,-0.9302009373196699,-0.6172644716103844,0.06817364243082849,-1.110487275399154,-0.459298461804574,0.04045814094397618,-0.8927382747747016,-0.7929065188890045,-0.11426267185292378,-1.3466527955050376,-0.49835128332280615,-0.15066092864153668,-1.1949699513949745,-0.40563038852310956,-0.1428843674570843,-1.0494388588116068,-0.4446207110784831,-0.13773785709108236,-0.8672337075169065,-0.4543695987298577,-0.20360246633218493,-1.3102622396936685,-0.18222535057927422,-0.22056808308459241,-1.1636074727913768,-0.11257346459502338,-0.16958636612732864,-1.0331653646041639,-0.1523268448300128,-0.15787894990268567,-0.8252529402900018,-0.0745790855884728,-0.2759222767934626,-1.2767434280521277,0.09188440677968779,-0.2886943438393106,-1.170101661601263,0.1525915742772542,-0.21721859612975697,-1.0408962249072673,0.1440389595499489,-0.19162197360299862,-0.7542821598423849,0.3071108732188013,-0.33736645083451045,-1.2118712868947081,0.3280287770464291,-0.37682417889396197,-1.414379927308021,0.3643561209790134,-0.3567907363872064,-1.5818394820443256,0.38795292521844754,-0.3490160614594753,J
0.0,0.0,0.0,-0.2407230836815236,-0.48915790641927753,0.09851072601015833,-0.5665155402901262,-0.7226819914523442,0.10009490443844815,-0.8260783951340536,-0.7822080222798664,0.08940371405659528,-0.9897277257347862,-0.655905735367633,0.07248830543235082,-0.874200813673241,-0.837738377626275,-0.07952810858690838,-1.318343811989527,-0.5780709351228527,-0.0888403901269958,-1.1675605422083664,-0.480388432756817,-0.07620849538518754,-1.0198594067192615,-0.5173147542050803,-0.06795259960254714,-0.8687859714020643,-0.46955874821446364,-0.15724349865809295,-1.2837530444430922,-0.25010751380899643,-0.14221634492765836,-1.1499837678274603,-0.19199021472161049,-0.09656950116975224,-1.0184025314533258,-0.2163712345554422,-0.09321597405576885,-0.8468951339371602,-0.08029391462415271,-0.21668304011583717,-1.2632849311716354,0.039732638397931924,-0.196223257097305,-1.1744620233537928,0.08553325832837637,-0.1344378452679182,-1.0568473898261839,0.08397179540294596,-0.12079595182654122,-0.7959312987349135,0.2942062719604481,-0.2651823358985505,-1.235236702769163,0.25564378211568656,-0.2616186477683895,-1.4122590241717137,0.2610432089721984,-0.2219740995717584,-1.5585963697834362,0.2601493520818662,-0.2055769897980752,J
0.0,0.0,0.0,-0.22822193774250785,-0.5316066662685092,0.044420152950336064,-0.5724215936038733,-0.83307289704952,0.02339978221178111,-0.8789990545900289,-0.9644057428005468,0.003304654473282531,-1.0845631029188085,-0.872855159492711,-0.016265909249615424,-0.8417233095659209,-0.8718921072785369,-0.15538975996526452,-1.3010321386100483,-0.672281671710359,-0.18354025102701707,-1.1316151648490094,-0.5950865134370683,-0.1734749233731301,-0.9742240117178841,-0.6325478154339887,-0.1645467372548042,-0.8483660186870475,-0.4863388325967608,-0.2091641418730951,-1.262953542733387,-0.33068742015172425,-0.2104392409840949,-1.1150459644518678,-0.29840096789348425,-0.1647623896093095,-0.9845445522423744,-0.31215108533721536,-0.1603280965965955,-0.8406350928346821,-0.09806720588967249,-0.24791950206302,-1.2563549754262895,-0.038812295062328216,-0.23797873384911253,-1.150465217725627,-0.014948515830875862,-0.17439273887188247,-1.024008832270665,-0.008380490509986797,-0.15938030096892833,-0.807129957700344,0.2629957754586587,-0.2804274989740479,-1.24166381904901,0.18511832073875364,-0.2828876271499277,-1.4013472346846478,0.1640348995272551,-0.24931506914037516,-1.5354743840417837,0.15109616164166007,-0.23849921539521232,J
0.0,0.0,0.0,-0.22215189560766804,-0.5225223520211792,0.08037559059929035,-0.5485118684324911,-0.7968015457924648,0.0736245906832556,-0.8320479067933294,-0.895230253767176,0.06170272242097661,-1.0223855434280504,-0.7813448267043268,0.04731383389332285,-0.8517807174779781,-0.8664126962844525,-0.1282629403629312,-1.306918649020208,-0.6599003879907539,-0.147460165419058,-1.1391746337609632,-0.5837002524143892,-0.13411180182277282,-0.986731166291731,-0.6241863151491348,-0.12461689053132699,-0.8541513588266333,-0.4816066177031829,-0.19616452788186725,-1.2776700450051675,-0.32637647221361993,-0.1891084611417245,-1.131309695942965,-0.2854873202442407,-0.13675926625013024,-1.000406524285256,-0.3045388436664872,-0.12893665108308217,-0.8395306087708678,-0.08929927533197841,-0.24587997919199592,-1.2651238639324252,-0.034432620311732276,-0.23235956077139105,-1.1682859720275414,-0.002721482518765399,-0.1615768390957398,-1.0458300291174518,0.0028883096721555312,-0.14144308753437373,-0.7978380282303543,0.27838868737258393,-0.2858818879867347,-1.2389244386303093,0.20359604132385956,-0.29081354384019714,-1.4172251982423012,0.1951387296164197,-0.2542851574140014,-1.5686264543192006,0.1909822585886859,-0.24023846291584497,J
0.0,0.0,0.0,-0.22249555059200238,-0.5138805222453747,0.08544662587270511,-0.5436235217996028,-0.793303038848866,0.07827866730050625,-0.8133218978872178,-0.8996389572508012,0.06691210328820911,-0.9933770041864155,-0.8029577096399129,0.050339687953653775,-0.8352743309333225,-0.882425054135313,-0.1299672533344803,-1.2911929040501242,-0.6771498904997829,-0.14355945365600079,-1.1370862451520956,-0.5824943800649212,-0.12848466809660458,-0.9836199813341199,-0.620657110268478,-0.11927197672049604,-0.8383166417493533,-0.5082995561183264,-0.197121204886736,-1.2644259875075896,-0.34063738559720297,-0.17544465348536023,-1.1238409158503642,-0.2854633723089104,-0.11491081936072653,-0.9876289633711525,-0.31107060757829225,-0.10441736677023114,-0.8253459494264476,-0.11717273234382986,-0.24400312367221458,-1.2374977854205758,-0.04351189901542417,-0.21008421212133246,-1.1404887564913673,-0.005595323203512952,-0.13033985709817492,-1.0168698125977385,-0.010743492944873707,-0.10945596972996245,-0.7858834406713318,0.2587865348429046,-0.2808755984656579,-1.212029836949477,0.18351631955595007,-0.26430304563893886,-1.3531564251117478,0.16968976022314558,-0.21112376866196775,-1.46360136195447,0.15361678155510627,-0.18730904044035704,J
0.0,0.0,0.0,-0.18332216943000687,-0.4932208917658915,0.07211919776947215,-0.4581667710295043,-0.7489409341904183,0.06423839811237295,-0.6755909125826209,-0.8840558622706663,0.05371318535389837,-0.8176330438780524,-0.8575272345650566,0.041427247000463144,-0.8277620247823648,-0.8736640404365552,-0.13161420555263176,-1.2683991364147051,-0.6747067907276146,-0.14577772692859772,-1.114230048944209,-0.5885903388167514,-0.13211686340558826,-0.9661352311815355,-0.6200078530171197,-0.12400639575095784,-0.8429525581060845,-0.5018139595499018,-0.19394260693116896,-1.2455769500235387,-0.3484617581849577,-0.1838860174587791,-1.1086578438327295,-0.3014751564412544,-0.1367670206143125,-0.9798913265160617,-0.3154660683932017,-0.13457798846391403,-0.8371847478142607,-0.11701890637003551,-0.2380238615399538,-1.235472377391297,-0.0541400334805792,-0.22118026104005542,-1.1457794356145148,-0.016325517975008322,-0.1560017983928525,-1.0269949975646968,-0.005425642477795349,-0.14199924731116778,-0.7981030361836846,0.24786170883034916,-0.2731938368177323,-1.2209354433530268,0.17558700720877873,-0.2791316010039745,-1.3873544323690181,0.1678622411034326,-0.24528074592998128,-1.5224532012691454,0.1559189119751961,-0.23303796346384006,J
0.0,0.0,0.0,-0.20577041928743361,-0.49737872701797525,0.07307701165266826,-0.5045015250803451,-0.7498870859502558,0.06497732579302985,-0.7448223687230046,-0.8609465532551122,0.049177355290014164,-0.8900899194860035,-0.8055297001800785,0.03138481700297319,-0.8454210460750683,-0.8297713366311186,-0.11931971448528214,-1.2665296065192102,-0.6297850660959792,-0.15204974336218482,-1.108798896633608,-0.5635962448329519,-0.14642317342982342,-0.9612937994899008,-0.6001540826737609,-0.13832756505876767,-0.8648222692068676,-0.4666256635761742,-0.18531846312760966,-1.252364495255016,-0.3153818316779075,-0.19477840478321518,-1.106559780910215,-0.2596154635678031,-0.1465590336679587,-0.9757564132887576,-0.27928762250453054,-0.13379429452211003,-0.8571584963018897,-0.08498013056999647,-0.2355933789081104,-1.2341887045681796,-0.03372696782936631,-0.2409913012161018,-1.1323354498355795,0.0042813910357583085,-0.17100523113555569,-1.0029407914654804,0.008549106370978245,-0.14237592271783167,-0.8157689886225121,0.2832190501215938,-0.276909856104695,-1.2219097190192199,0.20044855405169865,-0.28868530684366805,-1.3571595949460504,0.20001519127890077,-0.24466322681065422,-1.4521934952339641,0.20237234399136675,-0.21878517228709923,J
0.0,0.0,0.0,-0.1962734293871149,-0.5116930385541737,0.0603178836363017,-0.4985982052251109,-0.7533289005716286,0.05419212602972278,-0.7662939587261578,-0.8449069521539235,0.04500071246419717,-0.938027531086877,-0.7760676722318338,0.035695008262008464,-0.8295972303745374,-0.8439342447709709,-0.12475401589465326,-1.242600052641136,-0.6746644160593197,-0.14702100187097375,-1.0933089852507567,-0.6171531747367038,-0.13615729267146132,-0.953531419461296,-0.6411222194618588,-0.1280256293005671,-0.8541531852560579,-0.4877284042002858,-0.18039772685145825,-1.2220234654946127,-0.3632293568134969,-0.1797662030332442,-1.0801416013143506,-0.30642311333792244,-0.13488417009317,-0.9571758194985591,-0.3307712294734822,-0.13027739948061143,-0.8507723049020023,-0.11221616340799402,-0.2213738385205422,-1.2110579594132922,-0.07425234909673027,-0.22957291165977156,-1.1116496244241563,-0.03834420883304868,-0.1782553338788373,-0.9801878136587595,-0.03889109487016558,-0.16734837547608714,-0.8172982485406176,0.251475400314292,-0.2533985228418752,-1.2351143294895353,0.18614809903217153,-0.29358552261440857,-1.4605151738357722,0.20133807923165675,-0.28874808958458215,-1.646303607091114,0.2073251582267067,-0.2935069904410343,J
0.0,0.0,0.0,-0.17241173144233277,-0.502712796928221,0.07817334917641632,-0.41136557684219094,-0.7479152417271893,0.09189460070177882,-0.5772431208858241,-0.9081905286921704,0.10063944006435269,-0.6620838869742707,-0.9259295604077111,0.11005132550169022,-0.8628051479250416,-0.7824825050485974,-0.08290690800995103,-1.2411168027107011,-0.6446670909669373,-0.08587698881406307,-1.1014028612375504,-0.6040867420495487,-0.06708582807200009,-0.9611920296610679,-0.6224048735931587,-0.05850906054877999,-0.8867373122374601,-0.440192026132545,-0.14116628214701285,-1.24106573803563,-0.34895838092727655,-0.13064722045866572,-1.1066078263398949,-0.2909218369644609,-0.08285130364124484,-0.9821201823986139,-0.304604968819936,-0.07660936933778983,-0.8730783920813722,-0.07430482499376538,-0.18453751090143003,-1.2239268263053538,-0.05820558564580965,-0.1902218676516403,-1.1317310962089828,-0.015151021157411267,-0.13898904507962237,-0.9984469016676298,-0.003829850630332767,-0.12742859142803237,-0.8243324274393055,0.27257090957349916,-0.21801981495734568,-1.2401344680346567,0.2159364431115582,-0.28301052300669655,-1.4799430964760605,0.2376442125693708,-0.29898826364500036,-1.6720804295686507,0.2461365761825966,-0.3154787420444168,J
0.0,0.0,0.0,-0.16724730809368782,-0.5124434863100423,0.043883405849134395,-0.44924535515114133,-0.7720037567808453,0.05633537274564778,-0.7103187367562825,-0.8774146655476617,0.07441920443295563,-0.8811527796704387,-0.8032044856826741,0.09230312196563324,-0.8484034814193164,-0.8032297155663922,-0.12733859979974635,-1.2051485820835792,-0.6093469237463576,-0.12998738243975905,-1.0711458507691378,-0.5530226857712717,-0.10254666623376556,-0.9232203149747875,-0.5575704291355257,-0.08682797277585223,-0.8833095937839636,-0.4387201750119396,-0.1651931280855901,-1.2030931420974262,-0.30579823736488265,-0.1496447150337507,-1.0639942015681738,-0.22797995683195385,-0.08854739787485166,-0.9404415289824041,-0.2386562889772146,-0.07301510154771847,-0.8712925547097717,-0.05180058801330144,-0.19096728687966583,-1.206130047289839,-0.006639550750361117,-0.2067767780863316,-1.1126403722279607,0.05032043483517157,-0.16187841005196565,-0.971095951348048,0.06257397565718957,-0.1535020744515333,-0.8240915336056589,0.3185909248912195,-0.20761680820120776,-1.2386175002612922,0.254566117272113,-0.29600829941210577,-1.4972327865739141,0.2922186502220401,-0.3312242165651115,-1.7011879844037225,0.3163670583840293,-0.3587836311345097,J
0.0,0.0,0.0,-0.18052146839482877,-0.507494799410521,0.05061527819546968,-0.4890678044983162,-0.7529171617081519,0.06636392759778272,-0.7935478608283564,-0.7758257833564427,0.08651208264712967,-0.9777710279274814,-0.5758668966492051,0.10522092928776666,-0.8611325175936134,-0.788659310170255,-0.10904745136524754,-1.2206300540785993,-0.6100086673928369,-0.10250125484930037,-1.0943287226013128,-0.5578545657503994,-0.07832546357098845,-0.9512514259989072,-0.561981628006184,-0.06660076887439488,-0.8988783253002578,-0.4124642338978477,-0.14795611531959643,-1.21577166701192,-0.29316005885637814,-0.1250915438972692,-1.065519760996237,-0.22689326647408414,-0.07787577706688867,-0.9333172927880524,-0.23418466020735826,-0.07093248825235672,-0.8882790669242743,-0.01881274740778792,-0.17135424083547515,-1.2229823589100308,0.019398034906250177,-0.17910891603115275,-1.1120140346391534,0.06188817715653626,-0.14627002747153703,-0.965833644341089,0.0625875171780361,-0.14489978941875095,-0.8464954356625054,0.35197541973355084,-0.1834908748625634,-1.259238711237226,0.2966399128826302,-0.24707721953183706,-1.5081355208796277,0.3337042510728815,-0.2707477848819378,-1.7148039854803125,0.3544556637225615,-0.2937027047974397,J
0.0,0.0,0.0,-0.17342539683228927,-0.520953791744395,0.03223243498397588,-0.47533370639439687,-0.7795628520336619,0.04005847900509451,-0.756618117979185,-0.8227216538851667,0.05094224758203554,-0.9351330070223439,-0.6571449654888121,0.06202033653457749,-0.8749464519047422,-0.7907532881306941,-0.08756066409587714,-1.2293256878362746,-0.6075799192909949,-0.10013157890677286,-1.0915213258007261,-0.5468695643643124,-0.0946527120493645,-0.9378023138735865,-0.559436615432111,-0.09296791140246696,-0.9064351091307665,-0.40365164496128736,-0.1242607840597428,-1.2282906363893638,-0.2827432228332871,-0.11892693348189516,-1.0762711533812257,-0.21039392102799484,-0.07323702734415913,-0.9354118296899468,-0.22579110275654926,-0.0614265791983893,-0.8881782106863059,0.0017776959674338125,-0.1535564325081719,-1.2198284490122002,0.04582776334023584,-0.1740468910451176,-1.1166859349581708,0.0841215586133341,-0.12987731385323825,-0.9751076816388239,0.07818362583259093,-0.11289123433019337,-0.8277924965204163,0.3815836712026255,-0.17609565341375066,-1.2269270300731965,0.32089795213509537,-0.2370174853182971,-1.4492919064741723,0.34200835077025554,-0.2480565950748817,-1.6258224000867756,0.34562913134063034,-0.25790739877008545,J
0.0,0.0,0.0,-0.20626785954553523,-0.5305064106464356,0.05376827093759159,-0.5769398061611121,-0.7774216951921896,0.05495007552706596,-0.914982937737161,-0.7288493697827076,0.05705884148707223,-1.0853565359250577,-0.5172291809847289,0.05541013906663982,-0.8631671858774607,-0.8306960130739794,-0.1156713751972818,-1.2302381334153416,-0.636210784656965,-0.1436314543334456,-1.1025292803975189,-0.5835012263414568,-0.14926101810160342,-0.9543288133869083,-0.6014741928311838,-0.15128573557082853,-0.8955600380144615,-0.41302791318361637,-0.16546951756357886,-1.2322369368781054,-0.2943718532401053,-0.15424711065923125,-1.0988243125117636,-0.23771923721725705,-0.10657136764770966,-0.9646696436200304,-0.25559611701072693,-0.09759718456342661,-0.884948713722345,0.016383282163370087,-0.2029807065784467,-1.234759713106396,0.039938034938008564,-0.20352924838691286,-1.125541793925311,0.07258073750785489,-0.1509832751695246,-0.968320062287598,0.05980746254995476,-0.13561256286876175,-0.8392074426916449,0.41074685505059744,-0.23200225125688048,-1.2742896923675264,0.32626913323664497,-0.27081065758855066,-1.5138584108184032,0.34357499781954565,-0.27040960823327465,-1.6938426804381768,0.3541335244738751,-0.27748733801489384,J
0.0,0.0,0.0,-0.17072126935622992,-0.5129062694899165,0.044361618825044566,-0.4808619258924652,-0.7632366987838086,0.035103959044227445,-0.7595379183027581,-0.7546825535710143,0.018467899213736618,-0.9276769896142825,-0.5474800919779034,-0.005493827060735437,-0.8448262953682498,-0.8222791455374618,-0.06436639436067092,-1.205126510210953,-0.5876019117691957,-0.09044836492370599,-1.0668972926199882,-0.5073959617573552,-0.09888756995210048,-0.9203212802614128,-0.5408016387766291,-0.10207146436288131,-0.8838981253389908,-0.4526258475107112,-0.11770278750916638,-1.1873807342237566,-0.277043085977187,-0.11404121247285556,-1.0463162435256346,-0.22268501354076597,-0.07841763138867769,-0.9047876277301107,-0.24540396307132709,-0.06920441003962388,-0.8711134992284187,-0.06827222954752019,-0.16285234256711542,-1.1787977437720032,0.013610559525901164,-0.1695662598046651,-1.0669916321590291,0.04516991002742501,-0.11703712147863568,-0.9288438633490134,0.03624488094055789,-0.09181993002347603,-0.814368844556186,0.2950603193634865,-0.2020479498282801,-1.1482613298408646,0.23314583482937332,-0.2100753948511408,-1.184320306395665,0.2437067762660315,-0.16103262130233326,-1.1825740422198758,0.2441229801147416,-0.12515306039967614,J
0.0,0.0,0.0,-0.10344202163568218,-0.537405053524963,0.04683072748292067,-0.3057722670174937,-0.8091099868432047,0.04220128831210304,-0.45563676090596966,-0.806154126579663,0.030769745842212516,-0.5576363027033432,-0.5729757527992887,0.007484619966405805,-0.8277089292507082,-0.8487632170240113,-0.04738497829978393,-1.1661968097087154,-0.6189284375355114,-0.03017450097766934,-1.0267242592297383,-0.5295429409293247,-0.02094476208020366,-0.8782818740639057,-0.5593314298979474,-0.022418316049644522,-0.8655174923152115,-0.49080413485114616,-0.0999538478969453,-1.1522373035401396,-0.31125471464910565,-0.0505027156708214,-1.026113808590473,-0.25826181786101304,-0.020966274803433268,-0.8886379119594805,-0.27763076567964057,-0.03274896473524481,-0.8472514298703946,-0.11742958076521597,-0.14059445125938236,-1.1372906518001644,-0.0304478758075307,-0.11105868077525242,-1.0392627378242674,-0.0045405964961608555,-0.081842190542513,-0.9087949602025883,-0.008898421976911557,-0.08604788703518804,-0.7969436509761919,0.23953222718097472,-0.1756783776036563,-1.1116407427573811,0.19204066967365852,-0.16576737461204247,-1.1454343751539797,0.205475135942113,-0.12607407080495855,-1.1381801525825093,0.2076080714158472,-0.10607174061630288,J
0.0,0.0,0.0,-0.23025616851828123,-0.4679574605911164,0.08190123964326802,-0.5776509673144153,-0.686777598243723,0.09146265250451517,-0.858823683036122,-0.658508551675958,0.09080739931475935,-1.0184303435884616,-0.45539486497705534,0.08132131006081796,-0.8409963404342143,-0.8250929700755761,-0.05935415770060489,-1.200935767745419,-0.5322900682523358,-0.05286944814652404,-1.0709949989614276,-0.41280808599908775,-0.03348291378381005,-0.9362780224319827,-0.4294720451205241,-0.02857405356442637,-0.8515567931035525,-0.5083891827911077,-0.12802916441257806,-1.1690204504668593,-0.24509909305281755,-0.09243212595483097,-1.0366883437323229,-0.15422825093211084,-0.041921811404366266,-0.9086001763460728,-0.17348013570873744,-0.03652162013182308,-0.8293962284922216,-0.14148034542323223,-0.18160381952401916,-1.1520376168008801,0.018924607158094478,-0.15681068792692962,-1.0458343158023768,0.08263273374179048,-0.10465772098563705,-0.9174866482233244,0.07041952909886505,-0.0976015091095749,-0.777242549777392,0.23521265537083474,-0.22637478962201815,-1.127699605642062,0.20754089045689095,-0.24357166672035405,-1.2728698403640994,0.22432094467949582,-0.22536198425193146,-1.3908219656008545,0.22580209703687976,-0.22131016847523344,J
0.0,0.0,0.0,-0.25377547388928406,-0.431378517020735,0.12826575533445037,-0.5865977575561785,-0.619685437846854,0.15376018837657113,-0.8514600609949886,-0.578844209221304,0.15825187228421123,-1.0037878550185164,-0.3933193962855883,0.15248112651455017,-0.8364511217520324,-0.8281519470278548,-0.004873433962632834,-1.1749990156722685,-0.4926357730705479,0.018627105977878984,-1.0462922040811387,-0.35492553936087506,0.04515059545713706,-0.9162506079329512,-0.3680224927970144,0.050605339276649196,-0.8314213318188127,-0.5471201148806697,-0.09694405030528967,-1.1465692139939319,-0.22232669953120915,-0.04770880903537828,-1.0052290980577878,-0.1173355949538459,0.006546174598467204,-0.8800544039647231,-0.1377451153967309,0.010006999065100759,-0.806079092804246,-0.1945538362924664,-0.17176118218055345,-1.1213697552182862,0.021345032355727225,-0.13435663977085344,-1.0047271004452638,0.09613435621938564,-0.08465460925794284,-0.8771987991862983,0.07782328393493075,-0.08617520280168021,-0.7597159971127577,0.1802521312549998,-0.23476708280382635,-1.1155632343850255,0.18691506684222337,-0.2634092680874617,-1.2930225905670352,0.2121634346500284,-0.26349761902723495,-1.4453785459525914,0.21621696403292515,-0.27449623097677,J
0.0,0.0,0.0,-0.26086034788183055,-0.41989271100107267,0.12358911051485677,-0.5910509175860369,-0.5937921077003054,0.1339640131686734,-0.8511675317159342,-0.5474410082460729,0.12090411914204767,-1.007221924179476,-0.3539345706825364,0.09560659260484333,-0.8328283449267067,-0.8121681435728602,-0.04150504251160353,-1.1795594276608907,-0.47806661251190036,-0.03868859580559953,-1.0436556664027912,-0.3327093200967496,-0.01968309900787476,-0.902163067882275,-0.3301246228690596,-0.017384437999703035,-0.8267881382148405,-0.544624345642692,-0.1407327134695679,-1.155271836341422,-0.22771044401627738,-0.11466436133079304,-1.0122589015769818,-0.10814003898378186,-0.06590482195895879,-0.8876050423298293,-0.11352758138272682,-0.06600277394465501,-0.804042760740162,-0.19707803441307417,-0.22225908279442055,-1.1262885163269531,0.014490089844492852,-0.2118482234138215,-1.0015546834574958,0.09687443534541905,-0.16695783327340102,-0.8708668981494434,0.08327829148847166,-0.1698278159865485,-0.7622485875945731,0.17756593605587856,-0.29062710888874976,-1.137729768837342,0.18824199592353225,-0.34152500710194267,-1.3309960238401732,0.23190361595645262,-0.3447074652853562,-1.5009773934503154,0.2521176817366552,-0.3573795160301195,J
0.0,0.0,0.0,-0.25929952039150206,-0.4260699930644212,0.13172681387984428,-0.5856230344987741,-0.6012763848863101,0.15608348858210672,-0.8362115702845873,-0.5613210664762169,0.15392736749986172,-0.9794135105100026,-0.37189110062738806,0.1403474477262874,-0.8172370431286207,-0.8160049971811157,0.010890247247227817,-1.1350330942204123,-0.4763715038189641,0.019598423644481937,-1.003263290879144,-0.33223091356892454,0.028668964004598344,-0.8706562516307719,-0.33749197428586514,0.02048213650277023,-0.8159989231804942,-0.5709231937445258,-0.09051223239333238,-1.13186176087803,-0.23857958577121202,-0.057016918700101026,-0.986389500223862,-0.12040328735669378,-0.013715553844646245,-0.8600939984070696,-0.13477469822019067,-0.015849515162625852,-0.7939197139925369,-0.2343377640514282,-0.17711630943417891,-1.103487012742273,-0.011931289578082729,-0.16050737503367848,-0.9754698571421592,0.07540502993055201,-0.11842776981245509,-0.8414391155338126,0.06125022226779176,-0.1209452532575715,-0.748140839022228,0.13586324590301133,-0.252064447072441,-1.0911716510891734,0.15299127687002426,-0.3010882484105204,-1.2679006104775823,0.18957519954226223,-0.3088972168078336,-1.4197480771055593,0.2038551750035453,-0.32312301435285834,J
0.0,0.0,0.0,-0.27264621782585946,-0.41134849401875473,0.13732489192777828,-0.5918357808325996,-0.5693008646260779,0.14917233375592698,-0.8495946051326094,-0.5126530333327476,0.13217250644578998,-1.0030420956773531,-0.3151639072393223,0.10260850672611242,-0.8205794304377061,-0.8004620967143895,-0.011933539074559612,-1.1477187407617782,-0.437922264512243,-0.014234294875391719,-1.0112470680251469,-0.29672160514329515,-0.01078438260725983,-0.8780803367750435,-0.3091915234909766,-0.02188114857622393,-0.8097424801428171,-0.5740102680891451,-0.1217757282071734,-1.1248167876762594,-0.22255794344324056,-0.0939499560750029,-0.9760395342560847,-0.10984065500591318,-0.05163274600344652,-0.8515160091248096,-0.12318178294885172,-0.05685579185228748,-0.7829968069800837,-0.24909233298815642,-0.2150079510253415,-1.0861499541249706,-0.009070172860979869,-0.19822891724192465,-0.9501054090880463,0.07181174989948251,-0.15204181137069475,-0.8138617059024832,0.05527904824158751,-0.15623741149043277,-0.7364615096769767,0.11332291806605395,-0.29611768237931674,-1.0891153824744875,0.14196241782648322,-0.3434071194823334,-1.2737366494905835,0.18939424871357505,-0.34666042041981376,-1.4331513731418977,0.21478433734411453,-0.36038588817896267,J
0.0,0.0,0.0,-0.26122104154949666,-0.4043251290669311,0.12100403520950494,-0.5803119295390682,-0.563587278099613,0.12707584941989508,-0.8396968399937405,-0.5164356041937914,0.10542009504631832,-0.9853899586595116,-0.328257518960619,0.07475565392502054,-0.8009957922366192,-0.8222676730363797,-0.008964156581883938,-1.1350211038481923,-0.4476686109840745,-0.022648919440631927,-0.9969557505834262,-0.29691911955599914,-0.02708548839200271,-0.8617816565082512,-0.31667425034825775,-0.04260866638423685,-0.7901784772537087,-0.6022255392352778,-0.11376455501512334,-1.119549649639232,-0.24023401998333682,-0.10061425046067873,-0.9618614813746753,-0.12103167729410487,-0.062173323522840745,-0.8384653807430107,-0.14206713733626802,-0.06542923327746672,-0.7691216568145552,-0.27968829143634905,-0.20569441750260478,-1.0881358415603888,-0.026349236376280057,-0.20236253269959278,-0.9467011014319857,0.05773262207153103,-0.15541153055362789,-0.8106177880344149,0.04100937308238317,-0.15302547711709566,-0.7276190527471229,0.0909653003183378,-0.28733157581785407,-1.0787579799968816,0.12524301980577698,-0.3362673283359352,-1.2521171279968308,0.16747263253643033,-0.33678135334381204,-1.4038944536790743,0.18671640837043582,-0.3459953709531322,J
0.0,0.0,0.0,-0.2482426434971103,-0.40993348797154966,0.11660030651385989,-0.5612559833514998,-0.589417545791493,0.1274886690888667,-0.8220734612099401,-0.5693125149147095,0.11120006351735627,-0.9778701579597918,-0.39766807053570086,0.08593051612822476,-0.7778269496242789,-0.8338923176981525,-0.00034716855516280426,-1.1342253821686272,-0.49398221826313127,-0.027537107438209252,-1.0167664213092067,-0.3405374164213746,-0.04103905571348742,-0.8814667197944633,-0.34589484269525944,-0.0577952975221214,-0.7751761873308686,-0.6235880501792179,-0.10119200694155389,-1.1321043264255002,-0.28145792508817413,-0.10037638202271797,-0.9912457785504075,-0.15335398878981407,-0.06729723844095857,-0.8653391918346209,-0.1649565253255547,-0.06934246936414402,-0.758071249912573,-0.3141025526869709,-0.1915409402933442,-1.0998584605691557,-0.06535929544364273,-0.19767470940319248,-0.9767511453951958,0.03132365115700617,-0.15107144957716928,-0.8428347387399234,0.022986251681650655,-0.14327815351167902,-0.7176871751253435,0.0439078387188955,-0.2723951583456248,-1.0754345893340875,0.06391281210132303,-0.32518046230356934,-1.253452804861716,0.09594382624016735,-0.32531241312425124,-1.40252585550714,0.10665106571771432,-0.33051768675182747,J
0.0,0.0,0.0,-0.23373700917796425,-0.42338056835407417,0.1540831526027268,-0.5184149600571732,-0.605048537951549,0.17665602222938484,-0.7532089405584468,-0.5916335578003064,0.16279767801778128,-0.9022838566960467,-0.4337974874173669,0.13865263006893996,-0.7263357926205589,-0.8687889287409488,0.034081619168889035,-1.0514120921655061,-0.5460035183393285,0.018875063733817525,-0.9312764736604389,-0.39566592673823214,0.004720377794791151,-0.8037513688657172,-0.3986514511310712,-0.015742368559772763,-0.7336476025707099,-0.6740039941445819,-0.08648590127529482,-1.0708839846713907,-0.3459720535943253,-0.0700445885093725,-0.9411096432632208,-0.2176631239191596,-0.03996834695201432,-0.8237067172712254,-0.22947739837056869,-0.04936047753967656,-0.7250786435369482,-0.37382592928117453,-0.19248115749522038,-1.0608465948637613,-0.14216847638609623,-0.1763621401340165,-0.9486767924321611,-0.038735727043112005,-0.12327865165322656,-0.821520727005357,-0.04826596915586718,-0.1179003326953735,-0.6937090691795291,-0.026675426346424475,-0.28804727137412006,-1.039682657879378,-0.01970492152439482,-0.3161074396582738,-1.2059840676732239,-0.006600544390797735,-0.30192766993508197,-1.3417500794512747,-0.017796580677594934,-0.30155632790887865,J
0.0,0.0,0.0,-0.23116022250655377,-0.4202299903759946,0.13956264274185204,-0.5259478669896944,-0.6141549847310227,0.15448814671132807,-0.7778824170191738,-0.6242956609492694,0.1373036553588472,-0.936043330197028,-0.45902371353957466,0.11041057677245929,-0.724126164198656,-0.8806727679143714,-0.001949881483441585,-1.0759620629377047,-0.5421059926211794,-0.018692583783344777,-0.9575580663572311,-0.38161238229926275,-0.025870620319376782,-0.8274730829153163,-0.37339273223872205,-0.04362106566275986,-0.7222204843869244,-0.6813729261057861,-0.1188633984957326,-1.0919699310241886,-0.3331640206145926,-0.11093921815117522,-0.9520067884809496,-0.1979333863451263,-0.07481769718885056,-0.8305510764027371,-0.19994218098836974,-0.08076706033082322,-0.7143512775967815,-0.376491275114074,-0.22172166485526307,-1.067701681993157,-0.1183609006773953,-0.21595611625111533,-0.9351390520160944,-0.016249888371454278,-0.1633168093820268,-0.7957922334428547,-0.019302549876821656,-0.16012776511021035,-0.684744181958057,-0.020501877325903736,-0.3143118987195536,-1.0498886736834643,0.0054319758031256575,-0.36491975931829285,-1.2339293598875825,0.03579303952180344,-0.36647097532720535,-1.3889003353419709,0.04097106483264318,-0.3777903770506234,J
0.0,0.0,0.0,-0.2290548902856062,-0.36751378764035986,0.10504684343780439,-0.524991572722339,-0.5594374041883461,0.10976005961759004,-0.7722111502890605,-0.601395575611367,0.08971533610750589,-0.9152668733803727,-0.46328583617571223,0.06466615209792376,-0.7276340530823175,-0.855195108994556,-0.008277824185632809,-1.0795460229915372,-0.5092218008592738,-0.029504200195415452,-0.987544869253987,-0.3473664262391318,-0.03471668229391413,-0.8664575037045772,-0.3450129763413555,-0.04655755923191696,-0.7174199099433627,-0.6887680132478012,-0.10443800430654634,-1.0821783057151662,-0.3168405616030633,-0.09619978976483948,-0.9566342281924005,-0.18327234266282547,-0.05524413982745976,-0.8473119127963852,-0.1790558410384824,-0.04817873099198251,-0.7023666923103364,-0.41823067853341717,-0.19001590488105788,-1.0542413271586109,-0.11432532084734072,-0.18711587988308526,-0.9365591230082605,-0.0010413048894680583,-0.12711378347198493,-0.81747798056137,0.008048924173444426,-0.10658221559498395,-0.6660617786501044,-0.08174876361805801,-0.2687197689812468,-1.0042069276167127,0.0022124242149814855,-0.30491723705660323,-1.1185552073808416,0.04004850451260152,-0.2859441330571318,-1.2073354611192562,0.05491515412555926,-0.27239424169277143,J
0.0,0.0,0.0,-0.21932925400474756,-0.39533478457248866,0.121864722348656,-0.5048012552511213,-0.5813088700952922,0.12550671733116037,-0.7530446632204016,-0.5922318467547675,0.10037281588140043,-0.8932848526492961,-0.43239283005675105,0.06752855498455455,-0.7101722611264272,-0.8658153150646455,-0.0017556495391495112,-1.0337696640803695,-0.5015492307677251,-0.020500890949175676,-0.9242683962344764,-0.3449179607205128,-0.030211244281490007,-0.8029080662565452,-0.3598360480774137,-0.04926708207122257,-0.7131311663580643,-0.6921067491541828,-0.11149971903110775,-1.0493647334518186,-0.30973927481772645,-0.1017587586470142,-0.9114330339395683,-0.18326459471757894,-0.0697067388698209,-0.7960083297410835,-0.19413610490811192,-0.07383198732639126,-0.7030965592950881,-0.41419943328566733,-0.20796008427862223,-1.0381751521485716,-0.12162630952288989,-0.2006705986532153,-0.9098790382902919,-0.01588417757249088,-0.14691072030319083,-0.7873706101590336,-0.022315506710696847,-0.13653716643172276,-0.6657135666111681,-0.07951517360009151,-0.29632582360661175,-0.9940938089501319,-0.0055533778552579885,-0.3283094471553423,-1.0942415669814496,0.03167136064582138,-0.3077681271508236,-1.174908016320501,0.03951249597375703,-0.29798598187097347,J
0.0,0.0,0.0,-0.21965198495862784,-0.39877886693422027,0.13518803895671036,-0.5047698493556129,-0.5955227093490928,0.14778125593727495,-0.756988488478286,-0.6171609797903184,0.13219015246892238,-0.9090102975787789,-0.46447115420263996,0.10743537930166297,-0.7103877131806239,-0.8681867191440225,-0.011217330322543979,-1.041930521590522,-0.5250091693891425,-0.02350097444628228,-0.93542581015151,-0.374944762248298,-0.025841164778178934,-0.8131991238184993,-0.38121667577784724,-0.04112049601536606,-0.7132346611150369,-0.6898255523523754,-0.12424582691526825,-1.0635069293751753,-0.3253304897669013,-0.10730153057324214,-0.9274311297510495,-0.19661798117880347,-0.061408332483363054,-0.8065128939803148,-0.2033812097199676,-0.05689349243862111,-0.704443940698978,-0.40517645711390676,-0.22164173682360083,-1.03800817601744,-0.11924135168858518,-0.20340872083693717,-0.91238653248792,-0.019774849090282404,-0.13214681677063078,-0.7838679973447255,-0.02736618286034046,-0.11311190675738883,-0.6701812055158759,-0.06352203135998673,-0.31023739377096793,-1.0098902010262958,-0.006476434741984061,-0.3487754819370104,-1.1392631053395375,0.023942693952658554,-0.3299602687367391,-1.240968688029416,0.026960093810379733,-0.3204164904577725,J
0.0,0.0,0.0,-0.22056519034625302,-0.4201622384259706,0.1714492097379455,-0.5032066303192873,-0.6035625548464401,0.1991341217950091,-0.7535723359675344,-0.6075686476267569,0.1912418081603297,-0.9102334877617525,-0.44447986315936944,0.17238531397365517,-0.7153724786793022,-0.8799768056790775,0.0185238618201583,-1.0541062548604405,-0.5589881619839993,0.02119694657374079,-0.9300459281493687,-0.3991871117876736,0.026592502732367913,-0.8049505387079873,-0.400312018936553,0.012658671973697638,-0.7172414330684236,-0.687893420397531,-0.11120867261027756,-1.076932345839382,-0.368318675460946,-0.07783712607162932,-0.9373905241757872,-0.22995811212748912,-0.022769521543937275,-0.8169066191019241,-0.23043892262898807,-0.020254737642471838,-0.7119439987348622,-0.38989821481615977,-0.22352841589780767,-1.0662457279250273,-0.1721742351553903,-0.19169211496302258,-0.9390572492552652,-0.06269986936604241,-0.11707575653766931,-0.7991251493635361,-0.058752323611136484,-0.10537087542356806,-0.6841366749802947,-0.04740801068922897,-0.3246595263226396,-1.0447632819196815,-0.03968435375902056,-0.3703033746551252,-1.2262743522345858,-0.01686799857101951,-0.3670707481355008,-1.3761233605253946,-0.020204517620598075,-0.3753310376293938,J
0.0,0.0,0.0,-0.2122302087579033,-0.4319897105890037,0.16763326052081373,-0.49808319512132554,-0.6407720891380235,0.20230718557335473,-0.7505892093113318,-0.700679519038949,0.20679158857635285,-0.9121818612510479,-0.5895977497094269,0.2031843953071658,-0.7024194188482821,-0.8962542931772065,-0.02642640199083831,-1.0690359246022927,-0.5908641778508005,-0.025637794874524254,-0.9511967847896283,-0.42141312058333263,-0.0020219673825078153,-0.8206824803598974,-0.4074046589121231,-0.003794723028397148,-0.6955444783753171,-0.7026054274436623,-0.15021149066671521,-1.0891723622717422,-0.3753938092398687,-0.1318311860461817,-0.9445810529190581,-0.22971187733806928,-0.06129811323995963,-0.8248413290786605,-0.2183791139933166,-0.04614529974357797,-0.6869316786936435,-0.4013027398141644,-0.25572693315832395,-1.0676212128155442,-0.16811912061374093,-0.24519732929010762,-0.9251484654957565,-0.05611065698526543,-0.16536459848049465,-0.7767130831514003,-0.03989353291512744,-0.1474868571675918,-0.6563128325858042,-0.0519146588705193,-0.3480063990420269,-1.0334644884558823,-0.04392785267270763,-0.43547499198437023,-1.2272298253942975,-0.019189912918273964,-0.4568655880299002,-1.3879160843951186,-0.011953210580763573,-0.4776708194732314,J
0.0,0.0,0.0,-0.1988661972058065,-0.43791695566140915,0.10764065683509508,-0.5068155449764556,-0.6652106349226337,0.10748160509696604,-0.7667253672708018,-0.7155138159246706,0.08454777613513692,-0.9129544480486508,-0.5693494832707567,0.05597646131172967,-0.7026199830523825,-0.923629195706718,-0.06216733045544553,-1.0880249457962867,-0.6109101924011983,-0.08284239029389646,-0.9701905252014297,-0.44883979031346427,-0.07518590488220696,-0.8352345722213197,-0.45823885768433154,-0.08492046789728522,-0.6751821621101655,-0.7195228258831557,-0.16252984649399083,-1.0716306575955763,-0.3695838719300252,-0.15980734329908358,-0.9231516717072474,-0.24104362036292526,-0.10773274266143358,-0.8060246862695936,-0.25108753479397783,-0.10322439769997153,-0.655212660576261,-0.41151600032307345,-0.24978746605445823,-1.0401668625810359,-0.15367759115882254,-0.24703756739620977,-0.9031621504116705,-0.05725051245461635,-0.1802465321494355,-0.7716543379617179,-0.056099902994285744,-0.16845196858550493,-0.6230903207698647,-0.05118452466787342,-0.3289629892897076,-0.9956710456550842,-0.018264450042414556,-0.39228799792977764,-1.1479693806018438,-0.0057190137068099,-0.3968594841658828,-1.2778445288038274,-0.008825764616869224,-0.40774375443492683,J
0.0,0.0,0.0,-0.20900787431292955,-0.4493677700645751,0.10824343175505886,-0.516813894546545,-0.6900657782198135,0.11057864855557249,-0.7648644557466736,-0.7051856208195616,0.09085076401920662,-0.9138698252438079,-0.5243821399868306,0.061000022311005625,-0.7240114652633506,-0.9333974708757317,-0.022956222285782913,-1.0964155460387617,-0.6369813956004275,-0.03485737483007365,-0.9786613629671563,-0.49416225416231957,-0.03781372809056215,-0.840418450544188,-0.513906064853763,-0.046733497511309126,-0.7253536213034593,-0.6790039146820124,-0.11320692517889659,-1.0759675708385619,-0.3651707441263203,-0.08422622682796825,-0.9510155534454252,-0.2736956360018729,-0.04366009094986802,-0.8291863754033976,-0.2945837140200454,-0.044896347249402,-0.7187171018886693,-0.35225157317114386,-0.18806204667993517,-1.0590818025521394,-0.14278563480351764,-0.14810306099907575,-0.9538242287085733,-0.07452925897600085,-0.08523835827283341,-0.8359143815853604,-0.08931146183628037,-0.07427465131818153,-0.697438393230869,0.0019803576444051207,-0.2558286768268673,-1.0243326915337398,-0.003786354745174276,-0.247814367748819,-1.074446012504158,0.0008474342566596221,-0.202623659819309,-1.1026749845188208,-0.009332280470462829,-0.17856165533592452,J
0.0,0.0,0.0,-0.18700620436506474,-0.4713910445902005,0.05586540209686998,-0.5407241240121904,-0.7402546302958442,0.0380098158688254,-0.8511810463008213,-0.768028892141975,0.010745566055102499,-1.0259850916970528,-0.5753575399453873,-0.024272426918095717,-0.7037700034175001,-0.9678908429042513,-0.09184365789570839,-1.1322946421738023,-0.7107651665266638,-0.12148102243326693,-1.0081043493549997,-0.5684054739199734,-0.13088532027531827,-0.8671862903723524,-0.5857580961230301,-0.14353235069978945,-0.7076859470704493,-0.6886884528376087,-0.15776189415426628,-1.1095501303872668,-0.43312104092102255,-0.14677762828385763,-0.9880472559587425,-0.3430557838076826,-0.10645926001392536,-0.865735561920084,-0.3482591624061263,-0.10815272607264358,-0.711060128342064,-0.34710060531059816,-0.21190878079661268,-1.0910780175099228,-0.18702480742279845,-0.1820964764630116,-0.9894913699904833,-0.1224043992763648,-0.11941427439421044,-0.868691587793973,-0.11312323042268857,-0.10859841787145236,-0.6997901892663319,0.019317415150700203,-0.2625672194689729,-1.0528005726176515,-0.03215414508889502,-0.25802081302191177,-1.1271629886979542,-0.03623017838867495,-0.21795708702349997,-1.1760239198355833,-0.03396360250446202,-0.20012821362366992,J
0.0,0.0,0.0,-0.18787259253073832,-0.5049499788568533,0.05739235109605179,-0.5503463569116184,-0.7825060739559692,0.03924551805161482,-0.864126694760513,-0.8005293869148187,0.014447140354282306,-1.044271671055542,-0.5751578927458361,-0.017320066047238843,-0.70333875616401,-0.9810583698574276,-0.11315453574804128,-1.1451322460523075,-0.7078974658978411,-0.1508908800117612,-1.0102828637553631,-0.5742669260461152,-0.1599098869664587,-0.8636694716141385,-0.6060498046173967,-0.17015848037657696,-0.7066288341370501,-0.6847225834812048,-0.1784115311209952,-1.1191162280596787,-0.41731056353685914,-0.1737701318159591,-0.9891619216306131,-0.3338787646612002,-0.13169167444360053,-0.8645498515330746,-0.35218886407774813,-0.132166284543071,-0.71108639294556,-0.3300336668440397,-0.23043963637081274,-1.1063523439390879,-0.17498952851160834,-0.2071489806930187,-1.0016458325682682,-0.11682208619284883,-0.1454058400617011,-0.876569935688816,-0.11304187171535036,-0.13417629231519002,-0.7013142701830204,0.044469929916472854,-0.27773636778137384,-1.0624304109527491,-0.02703968632080227,-0.2803490752184997,-1.1522654302698851,-0.04041718444847151,-0.24566578558079127,-1.2162443863218952,-0.040763718084857105,-0.23130012676842268,J
0.0,0.0,0.0,-0.19755138261184665,-0.5012357827268579,0.05636500093710663,-0.5602375570590057,-0.7737329022186491,0.0307174686278521,-0.8683372689763544,-0.7635841296176406,-0.004555239521891487,-1.0448432196753465,-0.5356183856211205,-0.04968609495609446,-0.701521356492924,-0.9883914610063147,-0.11175397445016015,-1.1347987264732566,-0.7163686280235684,-0.15363754764215745,-1.0028077469747816,-0.5794159884903266,-0.16640123406588567,-0.8552329005026424,-0.6089786580652149,-0.17976600740364562,-0.7101936893053609,-0.6797462530276929,-0.1832210554648463,-1.125295526783661,-0.42334595428481675,-0.18324138773602291,-0.9927640577294546,-0.33271361054620574,-0.14395693657000955,-0.8614014479371795,-0.3460656412621477,-0.14504511919077565,-0.7169128458281073,-0.3083366154987335,-0.24193701958035607,-1.1167029784957105,-0.157725802761735,-0.2264082774283498,-1.0031343415703418,-0.10134850254746393,-0.16387927347504813,-0.8736381996526276,-0.10509720346297323,-0.14977405660889195,-0.7077394363759071,0.08314293101218043,-0.2956290485908353,-1.0698498626857529,0.02042888608144485,-0.2976575355064423,-1.1188557758787079,0.012733993585009247,-0.2523623217215062,-1.1461339876269874,0.0137280512385536,-0.229836162533951,J
0.0,0.0,0.0,-0.19785753791152386,-0.4822259905831196,0.07030042902342712,-0.5495653159737162,-0.7443716144986618,0.04774252759260472,-0.8474542243271288,-0.7454851069102857,0.011240341507541243,-1.01797396843479,-0.5257416782502697,-0.03685098541000525,-0.7103648043549273,-0.9724183266457143,-0.09646604297490816,-1.144828641171249,-0.697867676788072,-0.13909948059145133,-1.0175052397566717,-0.5597241408922924,-0.1536252917431492,-0.8714416971749979,-0.5894513932781386,-0.16672356698130386,-0.7152135700506866,-0.676319561810641,-0.1762424453064979,-1.1197048468563875,-0.4102630484373253,-0.17797317306662763,-0.9924845950727188,-0.32166421759496644,-0.14162409398804496,-0.862250489098649,-0.3324485376865541,-0.14365988547258096,-0.7153323230267782,-0.31838709622476447,-0.24267850456369258,-1.110663284285184,-0.15719427788041407,-0.22588543049048482,-1.0030873299257326,-0.09092886057607759,-0.16103329403014088,-0.8747917039696793,-0.08862542983347634,-0.14506514211305235,-0.6974098390354511,0.06258564585206039,-0.30363433388718075,-1.0711579181311857,0.014772179070901947,-0.30049578383586156,-1.1367541718400855,0.016473362577610312,-0.25088146587163224,-1.1722649769067717,0.019384590739290372,-0.2252079939804881,J
0.0,0.0,0.0,-0.21261983816039115,-0.467560238705189,0.06658077127165951,-0.5647024669727689,-0.7118900294628996,0.03727247726072781,-0.8556304137551446,-0.7105025893737208,-0.004249593519434888,-1.0370674787165144,-0.5111334696036302,-0.054384545948657353,-0.7479142323210317,-0.9406482957899672,-0.12055986886593587,-1.149664554171441,-0.6431715527539537,-0.17337847141544385,-1.0146147006821282,-0.5204415994688942,-0.1941519472679896,-0.8774815032603757,-0.5618325915522089,-0.20957284158551795,-0.7577858342387028,-0.6217165107363285,-0.19806365064038886,-1.1335515516607235,-0.3456499898499716,-0.20879017074147707,-1.0065234146336477,-0.27026713154342713,-0.1728227596476009,-0.87930112750565,-0.3022895233363647,-0.17495696789075998,-0.753670725618632,-0.2527085583027085,-0.26168048767949503,-1.127532690551326,-0.09123182915885805,-0.25583477060760934,-1.023657187037588,-0.03619157542772686,-0.1935454231846336,-0.8980209616874465,-0.05924999362695923,-0.17903131226896615,-0.7283829609472203,0.1159206090518504,-0.3192133136155093,-1.0802199644042811,0.08525425224338977,-0.32353354332506484,-1.1558944118286534,0.09605625638545628,-0.2789647602085339,-1.2109758457633009,0.09307641110323327,-0.256960414832262,J
0.0,0.0,0.0,-0.21989793922577516,-0.4315256732081799,0.08363945761930583,-0.5607834890404545,-0.6467287260104736,0.06997353926412822,-0.8399684242571392,-0.6430809452609793,0.03655453802896933,-1.0033797234231032,-0.4833291788146792,-0.006248657154922827,-0.797016358890265,-0.8667205270416655,-0.05885593265105402,-1.162362018075845,-0.577587061549162,-0.09773867948690385,-1.0383002152552938,-0.45489905890958676,-0.1236545577477483,-0.9078520120865259,-0.47978726843400643,-0.14722371125791042,-0.8016916929092283,-0.5797292558321088,-0.1456173734575825,-1.1473710201802148,-0.29279484568346065,-0.14491618112389676,-1.0284204519664943,-0.20560774877397797,-0.1199776793253883,-0.9029930599484915,-0.23371425329090323,-0.13184325614997433,-0.7885471399337146,-0.23004692013689068,-0.22098375886964455,-1.1270539678212887,-0.036036775042373154,-0.21364542327835687,-1.0337807872860056,0.026949063751824938,-0.16802032354366403,-0.9122830693456295,0.0006139762930593328,-0.16669759824614389,-0.7554291642597837,0.12699887162733597,-0.2902122801410534,-1.0976395562661732,0.1439121634033922,-0.3038437187802581,-1.2284491453473216,0.17162546444677845,-0.27919914453261035,-1.33291543598618,0.17355812469390436,-0.27337026996572095,J
0.0,0.0,0.0,-0.21325322952637182,-0.41516834345142883,0.05670857452779907,-0.5430077961548401,-0.6225009687974069,0.03845051156069901,-0.803322114689496,-0.6166588926645536,0.006092363943726018,-0.9620503952536921,-0.4597451745792803,-0.02996865378161969,-0.8144586236432687,-0.8359730503464671,-0.06513774461797603,-1.1615781538824712,-0.5378799659759579,-0.10595568062314528,-1.0239791533098757,-0.4185972988763274,-0.13428194068942215,-0.8894854494250601,-0.4469554705854529,-0.1568390196944273,-0.8276379909945657,-0.5449420497493607,-0.13436338146029478,-1.1360169151293453,-0.25311016571838224,-0.13600845423660887,-1.0017635173351085,-0.16576593338947504,-0.11268735635338281,-0.8775586300947968,-0.206105842736621,-0.1230272033974078,-0.8156097524342761,-0.192725689946122,-0.19546871134738925,-1.1193903204675781,-0.0064790258517938805,-0.19515965472107163,-1.0173428660609154,0.062297685903060736,-0.15457283112248377,-0.8883015749514834,0.04084916116917091,-0.15124240786704019,-0.7783989548167788,0.1657652148321773,-0.25273888280288676,-1.1125028461175304,0.15009963923063943,-0.27710467317738996,-1.2855272860503024,0.17008928734799655,-0.265643376325031,-1.4273979557815022,0.16986735579403203,-0.26556590045067635,J
0.0,0.0,0.0,-0.23219068387129269,-0.4341229965903315,0.08677388454688516,-0.5494858155081029,-0.6148184791914569,0.08630247751687747,-0.8041848333349824,-0.5761211048785939,0.06287436544896742,-0.9629027141203601,-0.40507104517899667,0.033123222099640214,-0.8285040543226733,-0.8043384901476442,-0.008758252701938082,-1.1470974477101967,-0.5275103261591741,-0.03594731959061553,-1.027658271987517,-0.4136751225324556,-0.055543633754080855,-0.8981857842178922,-0.4268615427907829,-0.06905028134858336,-0.8530713392711002,-0.5139469814641567,-0.09015425867973896,-1.1361518517784526,-0.23421543302039796,-0.08873728383832698,-1.016030550460578,-0.14355207911772286,-0.07183483954530784,-0.891726967215875,-0.17754096607853048,-0.08035224288815478,-0.83522823739461,-0.163173375087453,-0.16172867711236252,-1.123656208169912,0.024519603554514127,-0.1663812721131673,-1.0267123898209312,0.09318885828152233,-0.1330819798266643,-0.8998951722490302,0.06359430467869934,-0.1275844483951208,-0.7838758791188649,0.19403651531186614,-0.22573090164863666,-1.1241222585876287,0.19613952632692946,-0.23972843372018554,-1.2908640931005269,0.23753421898657845,-0.21654134405694841,-1.4174550755354876,0.24917793490514636,-0.2052620286646441,J
0.0,0.0,0.0,-0.23749792552116342,-0.4447176850938573,0.08461460343150018,-0.5682197146485253,-0.6288805386502584,0.0811804693890062,-0.8341819616869889,-0.5836978877425568,0.05894624137491198,-0.993173624533606,-0.39219767191531896,0.030817665033386277,-0.8405156497933576,-0.8088339695211404,-0.036482112203961824,-1.1703687591859828,-0.4994490404472402,-0.053333182722127226,-1.028829467489321,-0.3862893868515664,-0.06334941868237765,-0.8926724867090352,-0.4115293223671358,-0.07400202467325825,-0.8549834270085777,-0.505942318347188,-0.11413023283136194,-1.145686827805078,-0.2084373064662722,-0.09987890627546928,-1.0058652396556427,-0.11662622500208285,-0.07258449404744209,-0.8781693695714337,-0.16243755988921224,-0.0813316786144833,-0.8342853335060589,-0.1457363403171396,-0.1792825241801284,-1.1307957353524547,0.04913552816244498,-0.172417095001009,-1.0227437699045636,0.11789459212986411,-0.1372554635462937,-0.8873511295204556,0.08445284114122519,-0.1386686276038905,-0.7873437321676595,0.21853230296859547,-0.2363501717581308,-1.1508391236935038,0.2037834358808304,-0.2581777424197049,-1.3589671803778982,0.24922202115436742,-0.2476521488227728,-1.52803082294742,0.27078059593700693,-0.24934360203860492,J
0.0,0.0,0.0,-0.24189370396483909,-0.44056879081884714,0.07461490501046071,-0.5728735516220316,-0.6255066818068903,0.07070697068499109,-0.8364182339956359,-0.5780954205844028,0.049258007032478,-0.9906694596799834,-0.38813169368792394,0.02170122977960712,-0.8505814681898134,-0.8067707491480118,-0.02544140810600656,-1.1641324378255409,-0.47970417284184114,-0.05268139408345641,-1.026767458353152,-0.37635872849537105,-0.07837406922793952,-0.8920936740154448,-0.40090093786191744,-0.09836121709142735,-0.8617578155066977,-0.4976788643611222,-0.09843381218538637,-1.1402181500422288,-0.19561378952430478,-0.09352172804872551,-0.9918786038728702,-0.11138084949079567,-0.07800920142336329,-0.8607567126752388,-0.1600976292714294,-0.09120453524312283,-0.8365962032707793,-0.13675347950623834,-0.16197318615957507,-1.1210552518918424,0.06685281368776114,-0.1655789499013181,-1.0044329301332822,0.12812053277028326,-0.14039610502768612,-0.8647319756307512,0.0895169032354776,-0.1436730643754951,-0.7844696799729497,0.22740265323963013,-0.21814738148074506,-1.14187139634212,0.22492873662598586,-0.24572215034709846,-1.3474882599602394,0.27539811348986676,-0.23951246979959542,-1.5176022545718104,0.30051744006179487,-0.24206600559731847,J
0.0,0.0,0.0,-0.24428619014484212,-0.4418232642451854,0.08925544364601114,-0.5713175046123391,-0.6341963847149518,0.09098840196701508,-0.828347728106708,-0.5957116426513663,0.07453782376930601,-0.980830650893136,-0.41425753187915826,0.05145344691432167,-0.8445485637328857,-0.8167036655245788,-0.022154364524476406,-1.1561125441682358,-0.498765210608077,-0.04029455500331003,-1.0184991964185817,-0.3856397559703068,-0.0587320232453283,-0.8820628819074607,-0.40412563467747736,-0.07638498721048814,-0.8539715886087192,-0.5107573600199599,-0.09929473820168588,-1.1355703007827909,-0.20862843747088639,-0.08341335340062231,-0.989471888520267,-0.11695143991567514,-0.06068398235639646,-0.8582905688846925,-0.15946831576799048,-0.07281742363292353,-0.8313136859658804,-0.15075467526100186,-0.16486011589646773,-1.1144849845941145,0.05128745554063465,-0.15688682555860262,-0.9964567694588319,0.11700387311862714,-0.12874870592773258,-0.855883454753077,0.08148816117219963,-0.13538503919784586,-0.7829889112092336,0.21058833324841703,-0.2218446130324581,-1.1264138454914965,0.21102684687154305,-0.24948108413860068,-1.3290919336961253,0.25719202908160366,-0.24851403973337433,-1.5021512531359367,0.2755938303285718,-0.25706029338445463,J
0.0,0.0,0.0,-0.23674791019560532,-0.4536611355058795,0.07612966376495714,-0.5669287599241336,-0.6520274952249945,0.07118409342602917,-0.828250656675024,-0.6128305744299446,0.04754813515848573,-0.987585376127206,-0.43232738278982147,0.017088310632231308,-0.838290580473524,-0.819785852223433,-0.01896903828151371,-1.152665483727354,-0.5172296814679574,-0.04544505333704921,-1.0210610164409373,-0.40626290909871804,-0.07355303803548502,-0.8894429630542489,-0.4268121411374349,-0.09624832485480174,-0.8535228462029166,-0.5125421704208437,-0.09380444845508874,-1.1336563331980039,-0.22842657700590577,-0.08507866702003691,-0.9965089923785727,-0.13788543380825,-0.07229889669193948,-0.8681153394059826,-0.1772678610551295,-0.08850936802533747,-0.8322404755051792,-0.15346736285516063,-0.1591608690297963,-1.1200707436819888,0.028242744384283626,-0.16017671094071032,-1.014483709491374,0.09568537194638314,-0.135325294685611,-0.8803286306434296,0.06864984961481024,-0.13880302990176746,-0.7817996776950741,0.20863510204850633,-0.2172163823576709,-1.1254785223457606,0.2004288931821614,-0.2356848980322258,-1.3152990717673039,0.23939607608615135,-0.22241247834258573,-1.4692889376517093,0.2545849275853525,-0.22057097438677853,J
0.0,0.0,0.0,-0.24169649554550715,-0.4661378066191134,0.08270406445742885,-0.5654030464059695,-0.6793308386030008,0.07713250200341565,-0.8256530427044957,-0.6577798346211887,0.05556645126727894,-0.9845223550615083,-0.5023199744686324,0.025102806566013797,-0.83511853464356,-0.8359839249655678,-0.04955775552109559,-1.1645541612545849,-0.5414506137714548,-0.04883501766200926,-1.0384678735247201,-0.42200038706177767,-0.043238096266057,-0.9062040436793525,-0.42972104531657096,-0.04734984146400911,-0.8397227004236018,-0.5283268179807827,-0.12544544549562034,-1.1320816370132272,-0.248138429713991,-0.09675621510259468,-1.009427830009989,-0.1599102631052774,-0.07006021485583705,-0.8832089615901231,-0.18612246564364235,-0.08403630317597953,-0.816333107437858,-0.1717092777652991,-0.1859272689085934,-1.1072324768027042,0.0010169477452006955,-0.16667811701869573,-1.0119040372491603,0.06698909908979792,-0.13865098228230371,-0.8861550737738945,0.04834225332486316,-0.15059196342198627,-0.7701349172328441,0.18678788222858456,-0.23744707362946404,-1.1032282835223275,0.18402548533749571,-0.2558487092284817,-1.290999109241772,0.21189686981842887,-0.24879882720354554,-1.4486833502551995,0.21947689509373153,-0.25573397692537425,J
0.0,0.0,0.0,-0.2394183716432784,-0.4494944964659459,0.11371396140970615,-0.5599935307194295,-0.6449933824895863,0.13684901647539394,-0.825501144033494,-0.6112809748467036,0.1387552784086425,-0.9831162162295072,-0.44364659389649136,0.1326331854759411,-0.8482418684742925,-0.8120056634586744,0.002579211029784776,-1.1919577024696233,-0.5559116353233359,0.006395574705681435,-1.0635476611238914,-0.43133357118311183,0.009421867797782608,-0.9267466953597704,-0.4259987281795156,0.0019687135190948305,-0.8503768025004228,-0.5197848775902048,-0.08174946359269161,-1.1678667891554697,-0.2674405377648984,-0.04989547284077159,-1.0251517031816535,-0.16041665816398243,-0.01275346378083834,-0.8956791280879126,-0.18282843045648872,-0.020054966249471354,-0.8311874185993504,-0.17108013944605244,-0.15347862892770903,-1.140455432449587,-0.016716750081395337,-0.14212065072835323,-1.0253222822641166,0.054130835702215566,-0.11076912827994125,-0.8873561504954542,0.03875715431780552,-0.12007321531777772,-0.7921380318999606,0.18436618511878983,-0.21373762242714112,-1.1523372776253626,0.17349774447407018,-0.2644306589735301,-1.3664326402920681,0.21393485354796546,-0.28099864822719584,-1.5515775692721212,0.2326157551394173,-0.30322984776111966,J
0.0,0.0,0.0,-0.2204094564782316,-0.462184344286155,0.09400783752640018,-0.5376145871079944,-0.6810377845903413,0.11828548214223447,-0.8057780496480674,-0.6525533577210502,0.12631447347246383,-0.9737066513331313,-0.47409983135803613,0.12708625228200585,-0.8470479773227343,-0.8128694174298025,0.010426757794571995,-1.1706012369198422,-0.5889049461764436,0.005966992185971533,-1.0498153901858374,-0.4838346021610725,-0.0072526468244841725,-0.9131866402799539,-0.47660634665829743,-0.02139510874068572,-0.865332131732901,-0.49789077131681786,-0.05748983934694238,-1.158032170927017,-0.29235964436609196,-0.03487256759290654,-1.0175044667245203,-0.18673257496583623,-0.014999193200407584,-0.8839712767676993,-0.20591145170804032,-0.026942187484511188,-0.8489597139112416,-0.14661290031952737,-0.11496388357961954,-1.128165000840549,-0.012252754229203513,-0.1151830160081503,-1.0158672353679234,0.05367333137599739,-0.10117427015941789,-0.8715423304223057,0.03629870360585562,-0.11249229393552608,-0.8099508836424506,0.20444478266037058,-0.1610680824422514,-1.1675938772845649,0.18399190138571522,-0.2064999884875746,-1.3978398581193248,0.22551360655186078,-0.22460989254377847,-1.5929685608279132,0.2395159797715387,-0.2448974503579318,J
0.0,0.0,0.0,-0.20790320686909355,-0.4717539641431348,0.07725263025810207,-0.5233357659212012,-0.6860681034309863,0.10007661183715515,-0.8031643562083646,-0.6861027189824443,0.11868725932232918,-0.9835854609944199,-0.5315387696918753,0.13332799776000392,-0.8375531427321566,-0.8127921096193046,-0.04866362231254471,-1.1720546814944661,-0.6195588411693903,-0.04578409280091606,-1.041171738063137,-0.5461173186455811,-0.0457627440178363,-0.901839403098367,-0.5414425655896016,-0.05549145715718286,-0.8672978230894768,-0.48759851625908246,-0.10021064317823851,-1.1694943433332794,-0.33622614286106534,-0.06608489074928349,-1.0210788435696798,-0.254454509143553,-0.024804627821352843,-0.8929684514732847,-0.2710437365782872,-0.028328045174314167,-0.8547400947528954,-0.12262349646846889,-0.13952087368245342,-1.1586718021939888,-0.05620793872515104,-0.13224668838905854,-1.0472103879428063,-0.011867401638396186,-0.10222894204141512,-0.9033608337533741,-0.02052680153338941,-0.109805207275609,-0.8114306380890287,0.24116323978976872,-0.16826827614384643,-1.179708025584982,0.21358346452650184,-0.23210128224311516,-1.4125459496475712,0.25118344977137935,-0.26411747036410593,-1.6074828764803908,0.26694256541477934,-0.29544975330242884,J
0.0,0.0,0.0,-0.24325774442830786,-0.48242012011523033,0.09336155461454107,-0.5800269263719192,-0.6762294779560497,0.11402618041016545,-0.8679832675277196,-0.6302205427770304,0.1246072856929893,-1.0447232371026218,-0.4480289437393734,0.13267071547969558,-0.8645858252132168,-0.795185766140085,-0.03201357926079684,-1.222028430404836,-0.5860234080287475,-0.04050108869309231,-1.0896769959159323,-0.5141042995319386,-0.03697263051678179,-0.9547535690356127,-0.5399615298819898,-0.035772914813810265,-0.8886901829574927,-0.44869073083610406,-0.09437365509897824,-1.2038704886848532,-0.28291824230844625,-0.06875698435858867,-1.062132266015922,-0.20463654002355688,-0.02276282969084124,-0.9437704352848629,-0.24061243753591538,-0.016627113783531225,-0.875629152816417,-0.07062131522676805,-0.14412258654177657,-1.1966252435498463,0.009018489274020684,-0.13140731138539052,-1.090214942505518,0.05722121990534995,-0.08262763907913429,-0.9592430176064252,0.03799555663817224,-0.07237726909123958,-0.8240036593207968,0.2989636445222569,-0.18306379378114881,-1.209034845000923,0.23677545349577522,-0.2099325944819048,-1.4113685961146734,0.2531456493073204,-0.20359204108148063,-1.5768988705649278,0.25084631319975786,-0.20660617918689234,J
0.0,0.0,0.0,-0.2527132877742267,-0.5221076971098455,0.11015431972309535,-0.5771046093273401,-0.7279728390011418,0.12717981599581693,-0.8700924074161971,-0.6904863763589311,0.1354664454793496,-1.045392531180717,-0.5134261813325431,0.13858195806354376,-0.8544060380305937,-0.8167893503283503,-0.07601082582084362,-1.237671516764313,-0.6267444041109336,-0.05880876408634669,-1.099155151459901,-0.5497816259689757,-0.025623365956159223,-0.9657589195372344,-0.5593446294853747,-0.010012736717188029,-0.8722544222175054,-0.46689505970369743,-0.1455377138280199,-1.2187664625095544,-0.3161852840726116,-0.09697845450992769,-1.0830164213394475,-0.2496482940330135,-0.030038923751407227,-0.9631917084742011,-0.27081631364855274,-0.020530681048959564,-0.8588954917951073,-0.09684237122688023,-0.19467234922396687,-1.1966646792610607,-0.03917880757936938,-0.14890216131454892,-1.0938888779126597,0.005277309569278097,-0.08496554848842063,-0.9672297308530887,0.000726286418665287,-0.08161894015067062,-0.8150269556934222,0.2599350282577114,-0.23209677780546625,-1.2087973333822062,0.19518238872846183,-0.24725700484047186,-1.4132010736185427,0.2093440445432108,-0.24040517439035808,-1.5843433470385875,0.22035055974200496,-0.25200647309260177,J
0.0,0.0,0.0,-0.2539972410453304,-0.509788012857345,0.11146798491740086,-0.5677210920032884,-0.7107406835153244,0.141501326587714,-0.8451169653092231,-0.7078197905524388,0.16073679439995714,-1.0197420889438884,-0.558408261320712,0.17712780083831214,-0.8817103807255814,-0.7700583013652689,-0.03634997860902657,-1.2679206516360757,-0.5989789329812947,-0.008647082968380324,-1.1434821825409143,-0.5205611702930086,0.029960897660496845,-1.0112702302309506,-0.5182420320453002,0.04894747641205368,-0.8998600021489227,-0.4235510307224228,-0.10419453395698944,-1.2364057538786253,-0.27647360578285274,-0.057921672150227,-1.1011584482978356,-0.21026214894659936,-0.00042316294307606845,-0.9850461285068631,-0.23415466067399757,0.0052415391032857046,-0.8825047783648972,-0.057851065222366736,-0.15477768391206204,-1.2224232778714685,0.007748100803417816,-0.12800615421414457,-1.1203758071962964,0.04776874039843661,-0.08381365489894016,-0.9992435169122976,0.036433338604939296,-0.0887854646609318,-0.8348659432322718,0.29435790917021454,-0.19190930821887006,-1.2441188940022119,0.2691603583669247,-0.22744618076135625,-1.4684697180073734,0.3134545818862442,-0.23797691820904632,-1.6641247681157216,0.33713900573163325,-0.25938473730504896,J
0.0,0.0,0.0,-0.2517880642353208,-0.5133986803933265,0.11821236930910853,-0.560817038825987,-0.7155738098825591,0.15750227978461512,-0.8306989567755837,-0.7169799580127096,0.1859541758206457,-1.0021242897069131,-0.5730677934770638,0.21027409423632482,-0.8846089836353237,-0.7601959674029224,-0.0244830817976971,-1.2626488356780259,-0.6112496169757233,0.013156923094222853,-1.1435691105542485,-0.531432786224861,0.05955341078293657,-1.0090749194210102,-0.524340346740094,0.08307359540512839,-0.9049999605393243,-0.4155865189674842,-0.0909005867764909,-1.2408176909310484,-0.27642809107787103,-0.038127476771201374,-1.1167423112033634,-0.2134209003657084,0.023235494503932037,-1.001685813408264,-0.2387169345738682,0.031135189613852872,-0.8870057272744356,-0.05280127686429619,-0.13966280769572464,-1.2138548127288584,0.017298353332633406,-0.11208913694786184,-1.1253140594910254,0.04278509302774735,-0.0755399395869177,-1.0146895133163372,0.023461652273544464,-0.08600994060068175,-0.8411292300198667,0.2915087005507076,-0.1732308143349756,-1.2479929239104715,0.2782612536679406,-0.21411792136824034,-1.4846170974404815,0.31887201150171957,-0.23258615958347975,-1.693574038391453,0.34031223438733177,-0.2596657290586974,J
0.0,0.0,0.0,-0.2680832910521349,-0.5080581763642985,0.12623314000603575,-0.5911621050973556,-0.7109294751778253,0.15893753106722425,-0.87446457587955,-0.7081588950104983,0.17883347863651697,-1.0542564100672125,-0.5493293045408443,0.19410020138267195,-0.8789307616977919,-0.7928176503275126,-0.01924313106857615,-1.2541449975210648,-0.5948064780717323,0.022312059484903494,-1.1135667513005634,-0.5114662330245681,0.0610597416868523,-0.9777307141287326,-0.5212613276611275,0.07682372587768982,-0.8944163387391718,-0.4378053309366869,-0.09135592591525263,-1.2265160828766724,-0.2709843024233784,-0.02962711762745427,-1.0873108536929712,-0.20594990839231725,0.024590369773022983,-0.9659189894389985,-0.2343778946466819,0.023706242263368132,-0.875583588975882,-0.06685561792633869,-0.14320135935992004,-1.2022097948604638,0.009923360008676645,-0.10025365928344573,-1.0978885355530301,0.040425009886932234,-0.06448414997071701,-0.9736265831929489,0.019168574016178327,-0.08039556112889655,-0.8297295607119066,0.2868981125410857,-0.17974749985869984,-1.2283521066225787,0.2767456556576331,-0.19652601832229852,-1.4623036933767548,0.3237413179278447,-0.2031534335473192,-1.6710919243421232,0.34602868973509027,-0.22639279371387036,J
0.0,0.0,0.0,-0.24784800983920624,-0.5287265523702289,0.10514584949440345,-0.5640766310124713,-0.7337168906401006,0.1361201716469082,-0.8445034137656557,-0.7527381592223482,0.1617488763843186,-1.0138808493732474,-0.6263113753798589,0.18371261173853992,-0.8750414573429177,-0.7934381943554875,-0.061319485123482495,-1.2439448471018923,-0.6294952652301443,-0.0263693084919761,-1.1040504397835817,-0.5667889253098213,0.017270741060473525,-0.9578445367765384,-0.5676163250785622,0.036100979893428344,-0.8913463404992015,-0.4370785768471834,-0.12026644976851339,-1.218559889947688,-0.3044464187127316,-0.06734109955520892,-1.0810905301086011,-0.24802256466006137,-0.005960780715860174,-0.9544479082383358,-0.2606909303730611,-0.0011778457886599827,-0.8716055291753039,-0.06114873568081737,-0.1597565878525711,-1.1825438251565579,-0.006441172068430271,-0.13036689618314193,-1.0759093016796246,0.011305152069446387,-0.0969284051340437,-0.9478737125031601,-0.0006151569752011511,-0.113503891653411,-0.8264755455949936,0.29005035698876785,-0.1842522204276532,-1.2180599044416447,0.2780814502951322,-0.23195536893904603,-1.455604468853812,0.3206205097269684,-0.26028231246754613,-1.6739140342070595,0.34400416114746224,-0.29643044013006536,J
0.0,0.0,0.0,-0.2520603439698008,-0.5185410532833059,0.1112854232503541,-0.5842745142735251,-0.7353078575931694,0.14214887633534834,-0.8856923081363831,-0.7607676202750141,0.1612094944736556,-1.0758577468490922,-0.6342666585214174,0.17594448251694933,-0.8703445616768817,-0.8001513017349484,-0.03491588738825584,-1.2646220255359193,-0.6366071562286507,-0.006000225776352046,-1.1322350707455973,-0.5621307057720434,0.032292942565716166,-0.9901123579052155,-0.5614521706768429,0.05041511237007744,-0.8891599612422149,-0.44589196459556446,-0.1028344263019486,-1.2334044292543833,-0.2934385300212439,-0.05568710785204999,-1.0939075525762834,-0.2360913542917128,-0.0012548013263896807,-0.9660952295860189,-0.26151449999154774,0.0015580734011318436,-0.8696186985096959,-0.07109722611685347,-0.15309481485257362,-1.2015479040010453,-0.0016323202932631007,-0.12643575259924228,-1.091021661113198,0.02236301220330862,-0.08790593805908056,-0.9620796917731779,0.004665302422176807,-0.0978031875863456,-0.8192644945111157,0.28579728825165157,-0.18952858740468423,-1.215836248933422,0.2600094673024137,-0.22478379755369124,-1.444640823805201,0.2982393401863683,-0.23771415375742785,-1.6502284884170095,0.31872043879047,-0.26183787921770457,J
0.0,0.0,0.0,-0.25046264567637977,-0.5274447148966157,0.05887621641287493,-0.5776827238496315,-0.8405209498089131,0.044361420966450175,-0.8512906509227554,-1.0148779587878594,0.02474772446781818,-1.0349929548580814,-1.0128951934542305,0.0012266779899816477,-0.8613100961395176,-0.8389965765114982,-0.14187186241519828,-1.2856919550035446,-0.6638594219629735,-0.14608448522800416,-1.150694621230532,-0.5686761366526131,-0.11467270784490222,-1.0184345786414424,-0.5788074797609553,-0.097603428586531,-0.8601083554834817,-0.46666770789017553,-0.20599725056424967,-1.2433146787438716,-0.30899164790248324,-0.2004903609768653,-1.104447637077199,-0.2512422888985211,-0.15490977209535697,-0.9721835757086138,-0.2652969654894175,-0.15206932700492856,-0.8323179929241502,-0.08503712295262836,-0.25172270388788753,-1.2020758473631794,-0.009465230406950773,-0.25094274669859806,-1.1052734962635395,0.030939829815269163,-0.1957272438649528,-0.9846488250090106,0.032609883869398656,-0.18567571120565554,-0.7832777058476749,0.2746494188967737,-0.28863795646563833,-1.1851441014140298,0.23053301581039115,-0.30522468391575,-1.3690723361091226,0.2386690348991808,-0.2798530300751727,-1.5215634170263688,0.24187702563152277,-0.27381418594877655,J
0.0,0.0,0.0,-0.2716164028655681,-0.5029419040968476,0.09546000772910472,-0.5987227076278387,-0.7716913768099478,0.10402515390897742,-0.891305609835118,-0.8731225401421415,0.10034175284884382,-1.0902054797380558,-0.8079279711286801,0.08921856873709964,-0.8658336618848226,-0.8284631307253914,-0.08511266464709116,-1.2847070202500557,-0.6604942331339682,-0.0765481969088113,-1.1918265470730258,-0.5468789148698704,-0.040248034103910965,-1.081282615909109,-0.5233997660843887,-0.023533093379321027,-0.8596438888295026,-0.48433656042784823,-0.16257453869229044,-1.2360618932172445,-0.31429136316787804,-0.15682193550642723,-1.113229073632455,-0.24555637279612214,-0.11640977921207442,-0.9856944599688741,-0.2509240237489703,-0.11558750800156015,-0.8259442783870576,-0.11586339039746764,-0.22087833301078605,-1.1861619921861888,-0.024638135777300774,-0.22763644628044552,-1.0989733904893602,0.010590726747803742,-0.19226172626828392,-0.9881697727588326,-0.0009268555914402942,-0.19675657329505492,-0.774249832244338,0.23931793087576891,-0.2660320952312462,-1.1677665926408618,0.23302652577876196,-0.3205040663442221,-1.389809939304273,0.2555062928209893,-0.3341852958432399,-1.5872083508636512,0.26074726158103056,-0.3541333872554887,J
0.0,0.0,0.0,-0.30521363775980453,-0.49537998990130383,0.12002318700420966,-0.6290747726343267,-0.7681287965175575,0.14493180150572696,-0.9301065945484778,-0.8338182034551872,0.15612475149654823,-1.1336103415549603,-0.7323394563647732,0.15956071755066686,-0.8657021937120707,-0.8050557260701434,-0.07450553960661938,-1.2969523404199055,-0.6876020655587373,-0.055972093641362936,-1.246744668860892,-0.5605825400628809,-0.0012987874121331551,-1.1576216120485703,-0.5047128029160315,0.026180607902466083,-0.8652945316688203,-0.4753954853246681,-0.15894812360314384,-1.272323255595097,-0.31782062819153295,-0.1503644253736414,-1.1534095018322363,-0.22561649075800394,-0.09761426297452318,-1.0264585561125268,-0.22411035960464953,-0.0870250088262025,-0.8336536119924355,-0.11656200415232498,-0.2211927534762848,-1.2261181383103488,-0.026771159224099474,-0.23413814037735553,-1.1431364899038334,0.022220563086541373,-0.19579995830084929,-1.0380590339687754,0.010553652299312422,-0.19767427340022878,-0.784199363817627,0.23874707287196437,-0.2663299196513142,-1.1845394723590355,0.25991496621195,-0.34361387080369127,-1.4174077675505408,0.28845345608464035,-0.3704477357970239,-1.6263317022561197,0.29672453489544337,-0.3976241120462676,J
0.0,0.0,0.0,-0.2882467350870308,-0.5237926059643317,0.12006329939662826,-0.6299324701953004,-0.8376329616193671,0.16523917232975388,-0.9401507514981634,-1.0157343340476743,0.2026128560389885,-1.1350427444291644,-1.0766713201831364,0.2369913250106742,-0.8682647084767346,-0.7965994709700052,-0.09414910460732158,-1.3529152809279774,-0.710430182381501,-0.07675749418098896,-1.2824234379746209,-0.5930884402206925,-0.010573463952058375,-1.179419825145186,-0.5430118330372156,0.027687182717804074,-0.8779834543130193,-0.447738445954265,-0.16933794012871978,-1.359029484725685,-0.33969238727994333,-0.17274459252987828,-1.223482340582499,-0.2543280605678111,-0.11140711054608482,-1.0860175678783979,-0.2525870256003551,-0.08921105066770506,-0.856936547070709,-0.08411495879984666,-0.2218604956273562,-1.3115933964245494,-0.05046257217407322,-0.25147284326190605,-1.2278533496349888,0.0007096775633544134,-0.21049452222978138,-1.1204681829557568,0.00705840781683575,-0.2047294083935323,-0.8168271872118663,0.2713326261146666,-0.2554003991216125,-1.254630782507923,0.2926455671589218,-0.35739846071505493,-1.5158283338612937,0.3283228089591927,-0.40408351806098664,-1.7561569690690708,0.34322654597263813,-0.4411687126318419,J
0.0,0.0,0.0,-0.2836946949358081,-0.5256461271300903,0.09305903636501156,-0.6404736107304174,-0.8342078620609962,0.12088123488663158,-0.9587559096356975,-0.9929667759726147,0.1486225601564751,-1.175057242586118,-1.0618076587157472,0.17214320163884123,-0.8537319822470759,-0.8063892306347503,-0.15304324308896206,-1.398559526602152,-0.7328128160655928,-0.1421679056198743,-1.4234930651091808,-0.6105186491570928,-0.06275825516526067,-1.377561705141819,-0.5473578912756053,-0.010675153898266811,-0.8657265858853628,-0.44976373266687986,-0.2196134405468596,-1.4023570105216838,-0.34347580994123655,-0.228117232290864,-1.2985489063197087,-0.2564784771944188,-0.14866031373183572,-1.1632280998121638,-0.25560012086556466,-0.10898176106191557,-0.8440546161249404,-0.07585699936219734,-0.26361148390984185,-1.3541120783104816,-0.046134782580631625,-0.2981043144095537,-1.302209466137902,0.006602464458233262,-0.2378247714582753,-1.2177261174887957,0.00359144325461136,-0.21363264881593924,-0.7977679865485605,0.2862292307389786,-0.2902289205130403,-1.2643671003561157,0.2691451346914743,-0.386901328586799,-1.5157753278209507,0.27187759519944765,-0.4118243621615789,-1.7400571367160198,0.2739325039401857,-0.4295522043843772,J
0.0,0.0,0.0,-0.270175015657501,-0.5210230389196155,0.10241710168499957,-0.6275594995113191,-0.8081064204679422,0.1383434544058634,-0.938327587613525,-0.9403745986935904,0.17141667499587113,-1.1290258349648103,-0.9756897534597465,0.20239057936296817,-0.8649845126671393,-0.7830931955676778,-0.14949303794616045,-1.434022058624526,-0.6971567888438637,-0.13795783827401353,-1.4132134977847362,-0.6032889617652033,-0.05067834388109549,-1.3212949526382949,-0.5575870607378063,0.009603623147710605,-0.8842261449723344,-0.41343942206225304,-0.2172831535858092,-1.4349370970435833,-0.3295840073461284,-0.2407202920914843,-1.364055328646854,-0.27892959000310935,-0.17096514435966276,-1.2515537200963354,-0.2754605450638376,-0.13280927749169713,-0.8695610639995301,-0.03163298144882697,-0.2609906629995663,-1.3841557269549611,-0.05530409563165664,-0.31594769442693593,-1.353158324776412,-0.03757882824075176,-0.27189143875297445,-1.2781955828957594,-0.03375012916350831,-0.249946232874628,-0.8345161255698397,0.32396383376455135,-0.28466796171122355,-1.3065358124578277,0.3054143249932004,-0.39991195005424,-1.5802849420828136,0.3238635220662055,-0.44108446527678813,-1.8140863650405283,0.3516979795015191,-0.4653761051789584,J
0.0,0.0,0.0,-0.2822844107433766,-0.5198410146326462,0.0823918639222035,-0.6879173896543908,-0.8020300976858585,0.09919064639699827,-1.0477108605681218,-0.9547480619266446,0.10907266575106128,-1.303625010017729,-1.0331213536490897,0.11146945551684616,-0.8600248421874355,-0.800981219948808,-0.10715912189836484,-1.4132763002059374,-0.7214956807926989,-0.10866980288517056,-1.4981104329578943,-0.6247391678569781,-0.05578313905628991,-1.5087101072974738,-0.5822902117737598,-0.023178764357125653,-0.8852855874999813,-0.4302343516044869,-0.17654413404098093,-1.4271882703471688,-0.32823945917888175,-0.20057198707989293,-1.4901496148208269,-0.29238340985066086,-0.1648249227040375,-1.4941704493854762,-0.3068011084112021,-0.15176613880409137,-0.8736807386623949,-0.053415464485521445,-0.2287369491995195,-1.4099036393053561,-0.027777505590979117,-0.2881776051219131,-1.5592370608274457,-0.01762934033977063,-0.27349594582617853,-1.6506918245766686,-0.04003571785226984,-0.27108251980787484,-0.8314871733823388,0.28506339045607265,-0.2635134773086259,-1.3071215422864748,0.2872952602449894,-0.3613857544230275,-1.584084537385784,0.31148336418425454,-0.38922369339924684,-1.8213740052263983,0.32245642807241426,-0.40349986858022835,J
0.0,0.0,0.0,-0.28732296472030594,-0.4891405840513539,0.12071357996689891,-0.6513571142038599,-0.7238093598568728,0.1374218484628598,-0.9557184541556797,-0.8342728269310498,0.13692130756327311,-1.1486073070252223,-0.8574509566629301,0.13377428237952868,-0.8609114265272015,-0.7951716648730538,-0.05627728276139026,-1.3564601911127405,-0.6899667292711462,-0.06496441259827547,-1.2910511827080686,-0.5796944339088596,-0.021348848409566377,-1.1769530961964598,-0.5501848542066077,0.007084303001435502,-0.872658535404273,-0.4651689607756002,-0.14860995429989682,-1.3768393574793012,-0.3402798858254289,-0.17952949084710382,-1.3274246125043534,-0.26794208132049274,-0.13701547999467756,-1.2461074988798369,-0.29602730082963336,-0.11415852037551698,-0.864051356425235,-0.10417889345507722,-0.22602708316464643,-1.382108364113866,-0.07381768305821279,-0.27217591804751795,-1.5235900961398838,-0.04119698015423971,-0.25137584656597683,-1.617460251440571,-0.07756202982068836,-0.24880219739465398,-0.8245222839874735,0.24063673764424148,-0.28466128035479576,-1.2785095327708944,0.24903205646585583,-0.3624164132454226,-1.5363240962447067,0.29000093996111415,-0.3836534954039732,-1.7720748253758072,0.2977054218293496,-0.398016743329428,J
0.0,0.0,0.0,-0.26791637309619654,-0.4975743581882134,0.10279511949752325,-0.6775105532974545,-0.7706657428388815,0.12057614397658169,-1.0065944061383543,-0.9288305793751711,0.13169598257277534,-1.184375245881735,-1.0405752938170665,0.14821530566466795,-0.8603294116695104,-0.7973680164803403,-0.13154011888815237,-1.3856341823261178,-0.6931548686699969,-0.15148911695773898,-1.260182149456423,-0.6010153640531599,-0.11187161037471617,-1.1030404701861303,-0.5822224254143881,-0.0866865679806236,-0.86014647768173,-0.46631949135615297,-0.20662567341221633,-1.3794764194999243,-0.36404638477779233,-0.23096044292078308,-1.2239955372956988,-0.2782943482970699,-0.16754901213270312,-1.0755704826534418,-0.30814469169798725,-0.14229868188527497,-0.8517636176365434,-0.09991876552836387,-0.261154704294378,-1.3511227584075038,-0.0773008183493304,-0.2957350916972281,-1.2256117770667085,-0.02551140382388083,-0.22701461423068728,-1.0764768499907804,-0.03788643145413903,-0.19826344879133206,-0.8248853288419403,0.26261820628520105,-0.29970871680547473,-1.2940537195478836,0.23391638943388832,-0.38518060967177853,-1.5469376790067608,0.2550863629002636,-0.4050795586213157,-1.7686835615622363,0.26714257063048696,-0.4221797697721748,J
0.0,0.0,0.0,-0.2763258786716472,-0.515023714795226,0.06706904915635907,-0.7000639556378592,-0.8073730894162914,0.040979906083980625,-1.038467459831973,-0.9598278352489054,0.011849041411489743,-1.2339085744155955,-1.069509576293275,-0.012513293554163099,-0.8306019552153396,-0.8287001252091787,-0.21599896297261617,-1.3802357825459624,-0.6938623599924072,-0.2648866692117997,-1.2418611310974088,-0.581675313062678,-0.2284027737072829,-1.0676344511960019,-0.5626347130256052,-0.2007453151730392,-0.8248670072045783,-0.48537686099623206,-0.28983395804288775,-1.366827165200846,-0.35904061728934056,-0.33775842923081834,-1.2025561854561837,-0.26001743859131177,-0.27398533450908025,-1.036385853480412,-0.2911451759460584,-0.2486588772680349,-0.8111073717271726,-0.10786553193165331,-0.3433684560827355,-1.3211653500109444,-0.07095962315691443,-0.3832976289692152,-1.1885446428485467,-0.0033339839859017548,-0.30246854599276357,-1.0349181847249338,-0.014638144387315961,-0.26882301063677283,-0.777325937292318,0.2690679249292584,-0.3846567918255652,-1.2417160436027292,0.21537316302254095,-0.450968315467205,-1.4794613128731933,0.21392944609256004,-0.44877620723105766,-1.6856379384839213,0.21367230810388685,-0.4550013761530408,J
0.0,0.0,0.0,-0.25370638041519394,-0.5383808521688813,0.061704067144615356,-0.6799523609817443,-0.810870338582292,0.018098587307198055,-1.0413593781664439,-0.8683549753398526,-0.02870332155774231,-1.2261462835698402,-0.8174756721929826,-0.07279633614179666,-0.8047944357034795,-0.8733483582698877,-0.2437835871426931,-1.3980851890161448,-0.7414863494133699,-0.3281433432329244,-1.2418734057467748,-0.6472785505768404,-0.31701065556940106,-1.0575697681776541,-0.653941876327644,-0.2974647076883038,-0.8061631656173922,-0.4965953513315838,-0.32170484521935017,-1.3796745598979578,-0.3929835932172152,-0.3896735809291197,-1.2033158455243287,-0.3229914078723808,-0.32867562308113885,-1.038046613227248,-0.35828582827055383,-0.2995168468429333,-0.8027139316121592,-0.09239128881587311,-0.3804663910023111,-1.3512289823953283,-0.08991176417840152,-0.4216384662729523,-1.205772288712999,-0.038643250101120755,-0.3268935909746293,-1.0443140921311107,-0.043559887213891674,-0.27919657045170054,-0.7788286713564316,0.30391516747438846,-0.428986337304531,-1.2735852967728878,0.20461156177876852,-0.4779862695475251,-1.4705840197007922,0.17540314239325847,-0.4508087291384128,-1.6271783779840425,0.1700219911233629,-0.4375740067196092,J
0.0,0.0,0.0,-0.2605855610442074,-0.5314164410347374,0.04655747117258261,-0.6680751111315653,-0.7991100350509238,-0.0014169606040484839,-1.0257688457939176,-0.8460044342441747,-0.0520341489199895,-1.2109568964362714,-0.7634019767978663,-0.10207332445339681,-0.8101320315639892,-0.8629381891782643,-0.22277266113410296,-1.374144360637068,-0.7334080268574596,-0.29344349477300985,-1.2524524992991517,-0.6357647783602932,-0.277706543322313,-1.087146302375863,-0.6267029030877245,-0.2547068717550833,-0.8177541186161709,-0.4967487758245116,-0.2907212672013153,-1.3603047580901357,-0.38280266935520385,-0.35908380555695424,-1.225447870749196,-0.3109068964396803,-0.3156200280306532,-1.0658241144416365,-0.3381252819438572,-0.2922651356755936,-0.810346334512985,-0.11863483659542598,-0.33988502542547677,-1.3540580318749487,-0.10172155646538064,-0.39448726697518116,-1.2761200077872927,-0.03877600289103818,-0.3278777130924585,-1.1514781366826903,-0.028498470253019378,-0.28866242328065234,-0.7765713707590857,0.2504065804629879,-0.37858636353110053,-1.2682650539637819,0.1854457601759232,-0.4208576202205214,-1.4884298028587348,0.17632218749383463,-0.3933360711177969,-1.6607351067964877,0.1782077804476104,-0.3752333754961515,J
0.0,0.0,0.0,-0.2632741055950743,-0.5278340659617685,0.04413018701364134,-0.6926444830179879,-0.7515608578074996,-0.0031811930897024804,-1.0809589385457785,-0.7427473948936882,-0.048754662378129414,-1.2947174441026428,-0.6182224351207923,-0.09415810591783538,-0.828965471471385,-0.8465763823505388,-0.22411930355092238,-1.4237923963260215,-0.7007693031476323,-0.27413498855388196,-1.3472246365148617,-0.6169651160755354,-0.23174744189236698,-1.2052040734917888,-0.6044050287626223,-0.18936906742861156,-0.8449711021521826,-0.4530727923379116,-0.2841634764899481,-1.4108208704278957,-0.35138660498621294,-0.3426338167657932,-1.3297115624118092,-0.3146756842011698,-0.2861474738219858,-1.2029806162825294,-0.3533590642758309,-0.24485001738586235,-0.8374399998394161,-0.055805689435069875,-0.32477532934235276,-1.416235087733942,-0.05343780650870823,-0.3738889905716011,-1.4579243280457934,-0.052308315870322,-0.3118526854346676,-1.4379737787857598,-0.08265373141026036,-0.26989637765829055,-0.7968080373073998,0.32130703759085993,-0.353168231483039,-1.3194168623550562,0.27244368272666,-0.40238799174589446,-1.5601125112367749,0.26183508967991453,-0.3797706623848913,-1.7430256436805869,0.2520135585552001,-0.35747719895906355,J
0.0,0.0,0.0,-0.2548121963508592,-0.5579835026071811,0.038600015426502494,-0.7046312392768006,-0.7821759349939886,-0.022495142255242146,-1.1123703836348025,-0.7091458194504883,-0.07789679598456523,-1.3465220173401338,-0.5030340601559191,-0.13331625706095787,-0.8187601643741808,-0.8778327179836681,-0.2751855457699919,-1.4647779803682708,-0.7000390298307567,-0.3455895944255276,-1.3789831355621005,-0.6325529129830855,-0.30580693330345565,-1.2194552829292657,-0.6329147801748477,-0.2589241577188922,-0.8221858203189012,-0.4616180882052527,-0.33304536854348066,-1.4440980859195103,-0.32775924555234404,-0.40277393680871737,-1.358811003007624,-0.31461361935410465,-0.32479117940968205,-1.213856611477419,-0.36594076517463847,-0.2604531447734008,-0.8069858879677614,-0.044318763029827256,-0.37107121428935236,-1.4488612610003935,-0.035049465439170716,-0.4218143659680888,-1.5239082273280309,-0.06762053329202354,-0.3337634770702049,-1.5220502598017125,-0.1117471865272258,-0.26528724718313684,-0.7590122058892509,0.3508568236428949,-0.3970713569144949,-1.2934196682758716,0.2765828273851402,-0.4462509357345018,-1.493806193219305,0.24668015249725167,-0.4029137148078726,-1.6257246061227308,0.23899062570201773,-0.35607891003582315,J
0.0,0.0,0.0,-0.2846070657462523,-0.5563517163746632,0.05693045591716468,-0.7348732599974485,-0.8023863563077671,-0.007844594208443452,-1.1412039313664069,-0.7250936245870847,-0.06919878524001687,-1.3755323956403296,-0.5013686991065307,-0.13354329828063047,-0.8308118112948608,-0.8816891852602352,-0.3046421834451701,-1.4839915666988373,-0.7042617651502809,-0.36823082109928984,-1.364790751343036,-0.6515240659037242,-0.32292488486902865,-1.1958344327592239,-0.6695086817322103,-0.2729118724201577,-0.8227121442062154,-0.4288475440773957,-0.37314140980920013,-1.463530511080791,-0.31460339201315096,-0.42900985520109874,-1.3473519360334865,-0.29783933875474217,-0.3469702591607186,-1.1775496424107912,-0.32902564258285805,-0.29212903257476935,-0.8136211444592588,0.009102981503004896,-0.41328506162519446,-1.4442033079561567,-0.008146332875359699,-0.43767321661541075,-1.3972963095739426,-0.044196914349712374,-0.33043807653004703,-1.2802793269126274,-0.08236763602587333,-0.2615580352747716,-0.7834104078209697,0.41354873345994514,-0.44033734430727994,-1.33076981628139,0.3063467008583991,-0.4534944554447695,-1.463800731210617,0.25148665424444633,-0.37832647532542724,-1.5191097783670109,0.24139170946439076,-0.31955257233283146,J
0.0,0.0,0.0,-0.2701541442949665,-0.5807826476073782,0.06055339099750834,-0.7015877276866996,-0.8310285264989917,0.007027983442833524,-1.1161028396575643,-0.7633868121998348,-0.045418909570783476,-1.3478354656486178,-0.5297634279933774,-0.10295130732561193,-0.808194503487651,-0.8968931548073297,-0.2717198712734174,-1.454117157270904,-0.7642073356969751,-0.3357177741564211,-1.3237363412482959,-0.6796348942114959,-0.30376075083751514,-1.1389653573235854,-0.6807247381544861,-0.26372298431473246,-0.81842193975895,-0.46351641980287706,-0.33961457138103013,-1.4283264308438042,-0.3588215434127377,-0.3822234251493442,-1.301940994359175,-0.32100208958674864,-0.3052189188316627,-1.1275340984905748,-0.33182178572360843,-0.26062181606368534,-0.8214043802821621,-0.036544241430508335,-0.3812859739899202,-1.4221642319735714,-0.042539761890567594,-0.38965256377337615,-1.3242768205048139,-0.04597597212971132,-0.28215310865617466,-1.172590888211242,-0.05775713306643139,-0.22167149977970257,-0.7990299484753435,0.37023227383861296,-0.4114373783640599,-1.3284998508860995,0.25284961626229957,-0.41575841656970985,-1.4116720711684678,0.19553522272289114,-0.3381727188746431,-1.4270591846958685,0.17724625033013783,-0.28274182583953394,J
0.0,0.0,0.0,-0.2700711880054728,-0.57051809825129,0.04685052940251859,-0.7152953221039164,-0.8396949813398009,-0.025405050960347838,-1.1282262835892076,-0.7698594550791547,-0.08588181342579207,-1.3695080367052035,-0.5348727650190318,-0.1496707158298454,-0.8029203986784976,-0.8754355445355823,-0.388457069077715,-1.4951140519841968,-0.7110234838786057,-0.44057141947920486,-1.4263547231659963,-0.6341182037515569,-0.3550021485747823,-1.254372374682092,-0.6212951102203961,-0.2722012398950034,-0.7939565900358619,-0.40494779080613325,-0.4534867361454559,-1.5036831011240617,-0.2941861167961948,-0.5068391996410393,-1.4203641323810419,-0.2796936980220977,-0.3874366421242877,-1.250208947038093,-0.2956765151526496,-0.30042909808782137,-0.7823563283200458,0.04616412525851325,-0.48536546070801556,-1.466816913169127,0.038679840962656725,-0.507474464229023,-1.413713851675764,-0.013664346461523284,-0.3690238545361011,-1.2790455026361647,-0.050720994343504223,-0.27631132722638874,-0.7485618833407628,0.4570926213862595,-0.5038412681250043,-1.3232170480004743,0.32803921552463733,-0.5356325475264222,-1.4803253988252993,0.23132906862376454,-0.46105788895042593,-1.5531759914051058,0.19325751317205533,-0.39783965066115534,J
0.0,0.0,0.0,-0.2658257617754538,-0.5778882395726518,0.05630387683418667,-0.7265951969097068,-0.8491657962526182,-0.00861757125417828,-1.1707149561349093,-0.752935269060927,-0.0653412330990383,-1.420522050811828,-0.4937994128603517,-0.12722134443739674,-0.8092701463566095,-0.9251632986763977,-0.35515205350395634,-1.5223030311692278,-0.7314829898090895,-0.41505222317639556,-1.4050239491460874,-0.6392099047465278,-0.3529055998457623,-1.2033260571479443,-0.6452061720345003,-0.29267085913311575,-0.7796622297517857,-0.4590942649996133,-0.42586296310308386,-1.4945716418328154,-0.2964125164870912,-0.4683835793462518,-1.3787842188441382,-0.27458917442352043,-0.3663919821206677,-1.1984971898311871,-0.3039469098403971,-0.3081348891851881,-0.7545063934525308,0.0016078266116390553,-0.4650653956092053,-1.4525186421774827,0.05594091768612903,-0.47528431223782397,-1.355097481499141,0.03821610243237408,-0.3550222067736708,-1.1911136459694025,0.011383749128019515,-0.2907925640972256,-0.7150050398836905,0.4373699179148534,-0.4905833717033959,-1.2992474775690628,0.36651005286078897,-0.5249435102778619,-1.4180202389323562,0.3093987047449097,-0.465191454266322,-1.4644017435285517,0.2944561871439241,-0.4213346583474186,J
0.0,0.0,0.0,-0.27080405149500963,-0.5925542400566127,0.06281496113764241,-0.7176320191446143,-0.859292186952774,0.0011654196508893906,-1.1389086070981351,-0.7727040068264928,-0.04615888786129964,-1.3865987138388078,-0.5299235374252064,-0.09512224620091544,-0.79588411101146,-0.8837377590226061,-0.40260528856631034,-1.5054193635105009,-0.7266037105054636,-0.4439141315818789,-1.4612164251464805,-0.6705207662177781,-0.32942181920123337,-1.300560062044498,-0.6598640346645454,-0.2218146445057123,-0.7873930881670278,-0.4041821387422077,-0.4654556084403387,-1.51304119995762,-0.2867717650969125,-0.5069198079760484,-1.454047915818426,-0.31131657631269033,-0.35166404594739104,-1.2897797878810062,-0.34456405304129467,-0.22987598969591935,-0.7730007116199833,0.05218088807295137,-0.4917863445415085,-1.474309578997114,0.06629343723227825,-0.504589882109076,-1.4620650211087505,-0.030826581644514992,-0.33353813408225663,-1.348660330949636,-0.10115878207828924,-0.2080553183524586,-0.7351858713410704,0.4717886381436309,-0.5026196981461565,-1.3160214534732086,0.38091258430664315,-0.5375400211414733,-1.4661331509962916,0.279355157903994,-0.44796762031991194,-1.5189091363968015,0.2317794387702829,-0.3592810723338648,J
0.0,0.0,0.0,-0.280866284230765,-0.5398079216833801,0.06275345806211392,-0.718797033355739,-0.7731068653487968,0.004617175305482681,-1.1075050978393859,-0.6872830654359577,-0.051917245686323554,-1.3167695567840652,-0.44300197670527813,-0.11381369742841166,-0.8311222582556668,-0.8583550562712333,-0.2971051078192682,-1.4863266721147725,-0.6890907398738219,-0.36297854672513363,-1.3532233361317865,-0.6102163884172374,-0.3293466639199088,-1.1718930816025839,-0.6153909384356235,-0.28825170542516176,-0.8230371994376526,-0.4319527188781191,-0.36881786425772056,-1.4555247237758526,-0.31231938243626833,-0.4142609688519118,-1.3164130787650632,-0.25674127531956303,-0.3376871414236046,-1.1450123914726866,-0.2707562929177716,-0.29416112067678735,-0.8111935138010713,-0.005344985218364398,-0.4121499993569436,-1.409681400810284,0.0011068923427156546,-0.421168901041505,-1.3053582021950476,0.0067902507419891804,-0.31842747608797123,-1.1519927430146515,-0.007548156722844682,-0.2641282572758644,-0.7787446495004572,0.3992956489394363,-0.4429455095530071,-1.3213185534311027,0.3120509313886836,-0.4479026454380878,-1.493368829828158,0.26967874289886173,-0.3817009002655976,-1.6002345095859265,0.26812921848001214,-0.34025759922327603,J
0.0,0.0,0.0,-0.26460091910860467,-0.5157211769738819,0.04971858352661391,-0.7137618252189627,-0.7369718987975525,0.002492044697598142,-1.1151281294907762,-0.6758750928928451,-0.03722873586636902,-1.3399005684188332,-0.47633412749391874,-0.07437349666158286,-0.837612930265007,-0.8245955888479127,-0.2789208205126126,-1.4364161077327549,-0.6747134491552881,-0.3112573104173807,-1.3124236354168952,-0.6165242487742644,-0.24850781852325662,-1.1489957751352649,-0.6287894555128147,-0.1986246292790546,-0.8476895284543103,-0.40714381738056343,-0.3400828947737468,-1.4177261386006446,-0.3251112788553044,-0.392986669351622,-1.2919132206683255,-0.2960057341019681,-0.3265915549812748,-1.139607772356997,-0.32508634957331545,-0.28609374638049717,-0.841797401451538,0.004783990016801232,-0.3747303405194744,-1.446619784457075,-0.020309460414488403,-0.41516434383906387,-1.4250483551458057,-0.015775675264478442,-0.3485044698534471,-1.3505341232496453,-0.03534759375085552,-0.31365213657137303,-0.8058220154164493,0.3811976030958722,-0.39514708045081454,-1.3536490674357247,0.35323637318895434,-0.4478527128392229,-1.623745677160351,0.35854053395554886,-0.4368620156423562,-1.8360568192659203,0.3705430711863135,-0.4322532526366082,J
0.0,0.0,0.0,-0.2796808782524524,-0.5044125120977301,0.08083433739277235,-0.6629102420022168,-0.6971896315951239,0.0631545928712181,-0.9987142096425469,-0.6346942806303235,0.038587534116847504,-1.190981336760318,-0.4286428913938131,0.013620598333199016,-0.84407550554568,-0.8167187130053607,-0.14775745256238507,-1.3763027738808702,-0.6818464565996655,-0.16727985930103265,-1.268347152926262,-0.5963766862377196,-0.12836325687853015,-1.1271858251899654,-0.594394309966682,-0.10109667984780851,-0.8642592956097017,-0.4513819296926712,-0.22205905408053653,-1.376754338328294,-0.34091084714277153,-0.25286492049347836,-1.2576342524434503,-0.2824128014251287,-0.21034028892209417,-1.1167650643681488,-0.31479356144981674,-0.19492239225263,-0.8611144817161525,-0.07224641639231702,-0.2761139511719592,-1.3800135040320043,-0.05704263374939048,-0.31255258325566465,-1.331061747750933,-0.02322538127735266,-0.27731081954023096,-1.23452294474801,-0.041242886198034096,-0.26863068941997853,-0.8260243350069221,0.28510493795826,-0.31574813902604626,-1.2993938084990728,0.2916466405385599,-0.3749089244317749,-1.5627671726465346,0.3313726263254084,-0.3852956370716732,-1.7797891017240295,0.355615766536018,-0.3986966397780119,J
0.0,0.0,0.0,-0.27485892361121383,-0.5039375888498191,0.06794934917507593,-0.679552713478201,-0.7194742178883152,0.04834829669609803,-1.0356866710795756,-0.6430458502690009,0.025183466266495737,-1.2398640701140127,-0.42679782632912905,0.0014044027491443064,-0.8518412045223338,-0.7877404223188404,-0.15977181470441018,-1.3626371400177564,-0.6741709390677555,-0.17460816045207767,-1.247376498058781,-0.6020242506505737,-0.13725316288385744,-1.1127509208921396,-0.5920454364116126,-0.11389270904244359,-0.8757303831348542,-0.42608833282687886,-0.22703530272469166,-1.373173607457376,-0.3455322993345957,-0.2498116874990253,-1.2493528666354932,-0.297436951712493,-0.21080886444851984,-1.1179607544959524,-0.30773954705967865,-0.20018797149237338,-0.8728546527717902,-0.05819232023529009,-0.27326862036927935,-1.3848319003810283,-0.0568493891958088,-0.3015675000661219,-1.3359135185660396,-0.023123458021845216,-0.26906428736728677,-1.2513183700743458,-0.011196252936160863,-0.26436823897002293,-0.840597959864929,0.28831702662135544,-0.30593749246692187,-1.2971146545252976,0.2935591840103015,-0.3529061932000665,-1.5445885414175744,0.31855334714317174,-0.3614374315405334,-1.7617226173499194,0.345004525263052,-0.37686589334800863,J
0.0,0.0,0.0,-0.2774648648922339,-0.5106888584932651,0.08110686501725825,-0.6349181494912907,-0.7719082013112996,0.10582800190683442,-0.9921397617888688,-0.7725528422976006,0.13466756577310246,-1.1977159146251144,-0.6317288131149158,0.16349805770496065,-0.8822801302863627,-0.7387101866507719,-0.144536139912009,-1.4013868900828617,-0.6513768442360152,-0.11061980592728692,-1.3787905870071961,-0.5876717996944196,-0.015971080179261816,-1.3030311829363321,-0.5522743212183802,0.042948276598176294,-0.907433936188916,-0.36900189267902855,-0.20100063346165092,-1.3993638842856753,-0.32560773526607983,-0.1967075272773024,-1.285289467632559,-0.2937453939603914,-0.1268730569338414,-1.1586495324164454,-0.30303761628345616,-0.09573592784368821,-0.8876282312901518,-0.0022014560834606248,-0.2328589012909083,-1.350292617047673,-0.027483051744446253,-0.26157427749034795,-1.2603545265946705,-0.01787320498839609,-0.22019905239815477,-1.1516526873801434,-0.022436067810637946,-0.2099303163823481,-0.8374677627035518,0.34754061311478396,-0.24740845190934344,-1.2862372179567896,0.3380964092081939,-0.3382317497034686,-1.5467690860276233,0.36869366036637335,-0.37641733602147326,-1.7913394725118197,0.4015760428618644,-0.40841853128795275,J
0.0,0.0,0.0,-0.2724669695873261,-0.5199213675314173,0.07266967923565894,-0.6362178136473692,-0.7685474598812064,0.08911461395777395,-1.0000168171591077,-0.7908525238528283,0.11228127627022166,-1.2131750044160996,-0.6656220818798873,0.13493239930767473,-0.8757687723250851,-0.7575629292196623,-0.1673283158987035,-1.3862609089442182,-0.6472827956472946,-0.12449869577652048,-1.3003475092813672,-0.5666424383775853,-0.028903795710805428,-1.1871413410455898,-0.5375772349552693,0.02408099642284435,-0.8950242016532235,-0.3893477318252928,-0.21757762333822359,-1.3737656190667737,-0.3227844101239701,-0.20394326151603823,-1.2505940632483927,-0.2665597813504735,-0.13552748859309105,-1.1293029530727985,-0.25578988038405714,-0.11353103310212176,-0.8777026666079039,-0.020298791322093297,-0.24221281835310868,-1.3482786907432562,-0.0458992980056785,-0.2620277881315804,-1.2765778968972061,-0.009234366078834839,-0.22974611445078563,-1.1822285202159961,0.016218600087995798,-0.23350493529750416,-0.8311447254651664,0.3297151954930992,-0.24926981349918798,-1.2777788210279217,0.33120424119898634,-0.3392454837909173,-1.5326912529047894,0.37770400127002257,-0.38568494015545923,-1.7727069642102822,0.41493738175387157,-0.4277824600578311,J
0.0,0.0,0.0,-0.24813759078650366,-0.5219387605299398,0.05663387455473136,-0.5922167804369226,-0.8098206197643495,0.0863510332368272,-0.9123211145553332,-0.9287490910138596,0.12122158861101053,-1.0832612197657352,-0.9214414891086498,0.15843301312835303,-0.8905198770784224,-0.7323962619422941,-0.10325636088830917,-1.3470811133469685,-0.6447326055738162,-0.06081474545665279,-1.244873926052576,-0.5679858321752775,0.00709519954654833,-1.1226066010448743,-0.5418390125778142,0.04259555131928648,-0.9159405952228576,-0.3771465775767628,-0.13716152902666298,-1.3421276900328216,-0.3075232619032432,-0.10605856392376636,-1.2252567818984983,-0.25206609185222273,-0.053775029571811364,-1.1106689308006135,-0.2526551878298693,-0.04524839853474604,-0.8999663632562387,-0.02227703516405071,-0.15261815699502365,-1.3115261249984052,-0.020983890928608428,-0.1567962554352211,-1.24604577771424,0.0016316607822602603,-0.14030064630647204,-1.1460728547618344,0.013417990974238583,-0.1547378653252131,-0.8576895610008273,0.30910557866117083,-0.15459960212854096,-1.2789472153464598,0.3163613555575845,-0.2233806235766515,-1.5358043638629304,0.367803741416539,-0.26714818737165846,-1.767625760324242,0.40622151017121355,-0.30773953972331297,J
0.0,0.0,0.0,-0.2585821052793465,-0.5487319447021018,0.03466271400799576,-0.6149594837947355,-0.8429560088000057,0.040798125936420675,-0.976384175690539,-0.9344725227744717,0.05539161479894031,-1.2016081769233382,-0.9038764609044435,0.07272963519879591,-0.8877957097095605,-0.7444324062884934,-0.1430320256141149,-1.3466192155566845,-0.6471538474042428,-0.11180247343604331,-1.2453373952347437,-0.5823379243285932,-0.04922351681064753,-1.119441529824361,-0.5544325164680602,-0.01636140847980592,-0.9112671191960546,-0.37309665720420787,-0.17433049605611023,-1.3264060243361633,-0.2957062184227806,-0.1457557267500363,-1.2127478471292112,-0.2538597213734414,-0.0948702165078568,-1.0921089270182813,-0.2580226146846157,-0.09201636298706622,-0.8974214975163239,-0.0021580756205869687,-0.1880257457858077,-1.3112643674812967,-0.018035993769481562,-0.19374242946446252,-1.244802125625253,-0.007284142613829448,-0.17222666977673387,-1.1323163290898421,-0.0012691229693134183,-0.18737781672523257,-0.8563282589436375,0.3407940781986564,-0.18979228422247452,-1.288795366840096,0.33074534383091414,-0.25775943184055394,-1.5468543838241664,0.3831927003969224,-0.29491753934923753,-1.7714608207549336,0.42647630923718277,-0.33271953908762286,J
0.0,0.0,0.0,-0.24900687328862456,-0.553411273980088,0.05352720371848656,-0.6018371814505319,-0.8434421930780728,0.07197446568350124,-0.9491436401967801,-0.9493997973184153,0.09313282738975719,-1.171664378286626,-0.9334081524443636,0.11878035507714077,-0.8783108002938177,-0.7605216905085064,-0.09076412208269062,-1.3101882995153344,-0.6880062220626526,-0.06083942984849827,-1.1943004889865054,-0.6238661259352718,-0.010039595083551017,-1.0542169059928082,-0.6038469640999905,0.014469968524126893,-0.9111187910188926,-0.3916389640534455,-0.12838017949596206,-1.3079726256095727,-0.33349896511664845,-0.10076143827118424,-1.1839417448969685,-0.2840248581606667,-0.053091094026322706,-1.0506906277451993,-0.2848350757527121,-0.04864128256140525,-0.9026286875727694,-0.01734967520183337,-0.15029007978621703,-1.3025605254481967,-0.039550716378048745,-0.14858587703452938,-1.2204767933430403,-0.02222603211491148,-0.12032637914611602,-1.0912629907364213,-0.013786478522059857,-0.1291105609784513,-0.8601687987401418,0.3297372608670047,-0.16071717622299725,-1.275788840376021,0.32858256590406865,-0.21575537013584842,-1.529097278987713,0.37217528262827315,-0.24797868294076106,-1.7468694547373587,0.40119998602028495,-0.2821967980313116,J
0.0,0.0,0.0,-0.24511742168535328,-0.5754226401173463,0.06426453951253752,-0.5551934373281326,-0.9142175159603042,0.09730617890579278,-0.8424589713425716,-1.120128705480466,0.12396038495863985,-1.0316070949345557,-1.1372417421280272,0.1489220779908216,-0.8877475883045863,-0.7471332138447554,-0.025035529021985636,-1.2800619672052322,-0.6645784502003003,-0.003036655812696573,-1.1538982222495824,-0.6046775066311443,0.019707891310693348,-1.010126837743199,-0.5858451094389565,0.03205292441205863,-0.9221588579356249,-0.38081653991851755,-0.06783659525176788,-1.2756127790988632,-0.3095962396365908,-0.026685237682769387,-1.1554781260367253,-0.2668329509590451,0.0028342421710306565,-1.0287899845075474,-0.27687859329503656,-0.005730168787144661,-0.9151286707429026,-0.012510544021430208,-0.0984740699093474,-1.2662641407975184,-0.008876835249195034,-0.09084980147572597,-1.1885081163496554,0.011661214601728462,-0.07436447759777777,-1.060038788912954,0.011969502157891611,-0.08726397413909383,-0.8792131704498956,0.33488421182516775,-0.11848968145615593,-1.2907727217597154,0.3138431664878728,-0.15116363391143228,-1.5408368718587302,0.35761748168808055,-0.1602505285242698,-1.748957548782319,0.37976438973818216,-0.17616910825263357,J
0.0,0.0,0.0,-0.22834909085892824,-0.541188187411482,0.07099709308022704,-0.5376634986131912,-0.8697981611468322,0.11092894628095683,-0.8130455315510194,-1.087722462688445,0.14229993594021165,-0.979073903141005,-1.145311426680315,0.17176399466280384,-0.8935069699592885,-0.7254663652359319,-0.01046306724553885,-1.2505694007381487,-0.6239970488745235,0.018955463762594084,-1.1274646138750068,-0.5660275103552549,0.04512638958634733,-0.9850883203399812,-0.549167949431007,0.058223500886251334,-0.9248796256573554,-0.3761361316529188,-0.05585059094663664,-1.2553978033538962,-0.28957839237400984,-0.019191653904546125,-1.1334113642668486,-0.24475535252568578,0.0067120937604122945,-1.0052319769704865,-0.2523991044200866,-0.0011568856223920702,-0.9103329025308999,-0.021046154126871896,-0.08784735759937001,-1.2404411150666406,0.015778532417542845,-0.08359152553247619,-1.1552712971873997,0.03933478333755067,-0.07002577033043361,-1.0232965538642091,0.03881422737478727,-0.08239625802599908,-0.8600466223853491,0.3135318952971139,-0.10853218635496388,-1.2587580413057573,0.297380990389401,-0.14121878278565644,-1.4996677319762803,0.3411478812439462,-0.1495418256945569,-1.7000775399209562,0.3648643452911491,-0.16387245931519867,J
0.0,0.0,0.0,-0.19769943686191765,-0.559346819264861,0.061845830403583955,-0.459889188464743,-0.9068406146961144,0.09253705614855823,-0.6535356941756177,-1.2127154160365148,0.11698292683078566,-0.7552316656909236,-1.372170025013763,0.1418446895045065,-0.8897741541064712,-0.7332791077276959,-0.011355347346543428,-1.2205608029735984,-0.6563282958876137,0.026161959652672345,-1.0786405000135946,-0.6162191852018581,0.04642648315657149,-0.9351677201925811,-0.6092297629076283,0.050250909631575094,-0.9209481952747194,-0.38655226753783817,-0.04931294030569275,-1.211149560461789,-0.3361936969707164,0.008246211511790539,-1.0829671487258692,-0.30215224250765194,0.03354956719372767,-0.9632022687146243,-0.3113922920908906,0.014689186835523064,-0.9015010062310531,-0.03666723180607036,-0.07495141922112263,-1.1921689881883417,-0.03909505879307343,-0.0503321201364765,-1.1174831379733927,-0.025956888888934784,-0.03967629462449955,-0.9966288484166979,-0.019372377460845927,-0.06384609281884648,-0.8495313928010421,0.28039545062063664,-0.09087503220153792,-1.2223661102203442,0.25158998785007763,-0.11423804617768639,-1.4587174701128627,0.28550420801535265,-0.12591273155758717,-1.6545739209016506,0.30225353848293063,-0.14765125569838683,J
0.0,0.0,0.0,-0.17291050505376868,-0.619935288012716,0.029191163059256904,-0.4324081688022515,-0.9827774135865655,0.03658024282657186,-0.6719156291612713,-1.2296854448033565,0.04769465123755703,-0.8104121677185318,-1.3220062189771498,0.06039130322860952,-0.8859949661894723,-0.7335379584878972,-0.08287042940544619,-1.2351641357420415,-0.7292551697788305,-0.04189561676724462,-1.0762318754231186,-0.7257686146646639,-0.009546925243794122,-0.9163892509319969,-0.7025728797827636,0.001004076137347257,-0.9237463703462475,-0.3688254457770556,-0.1032493768479472,-1.2086917670055797,-0.42407536697440623,-0.03434685647189506,-1.0766139095434213,-0.42945572786070907,-0.002858479613338438,-0.9515184733332078,-0.4095755638412003,-0.024198751117149597,-0.9018203205022812,-0.013000728331751863,-0.1082282791963183,-1.1899328759506818,-0.12456174526593518,-0.0680358526505717,-1.1044589488820051,-0.14157496046978904,-0.05095336907409278,-0.9750494050651227,-0.10794749331622325,-0.07905425876507753,-0.8487975679375821,0.3022544484770245,-0.1054111567011451,-1.2239415307678585,0.24720400890674485,-0.11999878853339865,-1.441880004930802,0.24676667294923427,-0.13012524972601308,-1.620185683862983,0.25878635797500915,-0.15499551401054693,J
0.0,0.0,0.0,-0.2039550941367141,-0.5971603161513643,0.07126997377239366,-0.47996466445781283,-0.9145269141829606,0.1009016049545148,-0.7951762511701072,-0.9223530526108592,0.1320046658860944,-0.9729300135012783,-0.7373458686109972,0.1588995163642572,-0.8908401867990539,-0.7233815990454965,-0.04662496780834059,-1.236697993058417,-0.7051582527354651,-0.0008064722069119728,-1.0884012881968197,-0.7002521631362031,0.033281628325442694,-0.9324260464837641,-0.6635363063757862,0.045920389211002596,-0.9324462833250211,-0.3527173878635927,-0.07832223829819011,-1.2220425575299882,-0.3983116987972673,0.006084271675664588,-1.0932997359119707,-0.3885207470546072,0.04954501710124138,-0.9723028129386865,-0.36060466136437924,0.03568844591754344,-0.9170487359395906,0.005390075592958681,-0.09194923896910674,-1.2065070316814424,-0.0909398360846245,-0.03665101770658718,-1.1268218511794794,-0.1029724071665113,-0.01795222060907107,-1.003248905678926,-0.07235675515588641,-0.048538025932274007,-0.8685482447817772,0.32881215920066037,-0.09282242152129452,-1.25313228938824,0.27423665320734675,-0.1064272660351532,-1.4707213538772126,0.2684058956306537,-0.12298997962817929,-1.6514768907420962,0.2680433306844985,-0.15394572201606352,J
0.0,0.0,0.0,-0.1647621535097917,-0.6159489070501044,0.047434408262243745,-0.417833746282503,-0.9582456238412892,0.06761633864540992,-0.713717722242953,-1.0079321792411122,0.09337237031284246,-0.8949296607243736,-0.8399020372135945,0.11428454649966956,-0.8717499338365771,-0.745510342427402,-0.07359299421942313,-1.1874814195033,-0.7220356184023413,-0.014808133755016896,-1.041659901070678,-0.7146987724528139,0.03124599407579057,-0.8886498878500425,-0.6792047623688202,0.050038480038196415,-0.919894432910008,-0.3804681527231215,-0.0950695380478432,-1.1635687469343823,-0.4119302510668787,-0.0020891380116182007,-1.037984231056415,-0.40136520426746425,0.0390037522535878,-0.9179063284073772,-0.37063889358110275,0.020883295987100658,-0.9000834425988586,-0.022237895950519938,-0.09791748247223947,-1.1534504588052752,-0.11964208558738605,-0.041342598266016155,-1.0744901267928448,-0.1289919033319438,-0.03434372324343056,-0.9547848072333573,-0.09586184911284669,-0.07413790320471353,-0.8433558909796546,0.30114916330488445,-0.0888021277703049,-1.2159364227513048,0.25867412270089574,-0.09930907391726322,-1.4315054387082171,0.2597591892423931,-0.1178474538963443,-1.606887276011295,0.26801541451663086,-0.15136616613329276,J
0.0,0.0,0.0,-0.1712018609852437,-0.5991961225661013,0.04294864677569458,-0.43982077059110763,-0.9505871151802537,0.05766932365591872,-0.7476248205063654,-0.9493750328073377,0.06928269232680773,-0.917807672944314,-0.7422114516879389,0.07698865924303014,-0.8760457342538519,-0.7346463277394654,-0.023967300959976266,-1.150748926670009,-0.7171025868135935,0.012517315750458176,-1.0232300538358234,-0.6911472862877261,0.027943411986816435,-0.8801803224686934,-0.6635061353252011,0.031713421968367066,-0.9308250613109936,-0.361472395075445,-0.05387404601295922,-1.1348966528739037,-0.39585413943804654,0.021897403868431857,-1.011498466939115,-0.37379822810308255,0.04005386457991164,-0.8874724751320708,-0.34096809521183435,0.0142906560553815,-0.9152838118957978,-0.007966155836454013,-0.06936389829816654,-1.1269265653522735,-0.083945691033408,-0.020721826488201932,-1.0342401765026843,-0.07790269091746577,-0.0175818756382124,-0.9029737056088653,-0.038341232169770874,-0.051322360393346096,-0.8665199631583642,0.30295937127411454,-0.07577858308059496,-1.2169745126139233,0.26025087937746305,-0.057325854971741405,-1.4145692145182234,0.24996306344441574,-0.05101033992701827,-1.5665974404460354,0.24958084747835024,-0.06579889103303113,J
0.0,0.0,0.0,-0.1635937495542073,-0.5790998483459409,0.023847914625941626,-0.4253693252974821,-0.9111362852187226,0.037866920778667136,-0.7064133128400649,-0.9346166669793177,0.06109878395773768,-0.8628911328686876,-0.748196880253357,0.08321568621152006,-0.9123893143795129,-0.6534890536552563,-0.05539514960777121,-1.094609349196675,-0.7072639608055592,0.01607779005538688,-0.9407585462092717,-0.7124653215061572,0.052979323842514026,-0.8126327169807848,-0.6824311763905986,0.05683697028162752,-0.9520899753557512,-0.2981207522376872,-0.06818134577962355,-1.0946263187140206,-0.4193463684450852,0.03221737179188857,-0.9611047259942258,-0.4227114916127635,0.06225061540183821,-0.8517409381674577,-0.3667737176596751,0.03472707219612948,-0.9069353115046753,0.036087782855316115,-0.06558506901907567,-1.0947195831813514,-0.12574113689496116,-0.005348410418641072,-1.0089225180194321,-0.1412909165412498,-0.013350187991668648,-0.8986391181086778,-0.08568574512813283,-0.0638995504968391,-0.8238244530604764,0.31392466737574176,-0.05365147230721234,-1.163570481053657,0.28695046562792026,-0.05696312876811432,-1.3606511294786732,0.2660578673844416,-0.08550397756916729,-1.5215069492262914,0.25815441649788795,-0.1294895434922437,J
0.0,0.0,0.0,-0.1657109703686566,-0.5593889205750376,0.047961631659070365,-0.4132552697230926,-0.8843102573913265,0.07440331136535631,-0.6910348213609155,-0.8830127513632547,0.10151127862696593,-0.8394978730720176,-0.6778488463125252,0.12470492427346738,-0.9053348977900606,-0.6672067888509434,0.0070106015914135796,-1.0995612512549868,-0.6566610504673247,0.07959197640478098,-0.9625717761369667,-0.6515270568436032,0.10571780090751837,-0.8369151343609884,-0.6350079347551786,0.10743434328437695,-0.9491017798739182,-0.31458451211146515,-0.01556907767827031,-1.0989932088256706,-0.3756179896823992,0.09191262225751426,-0.9726128399057185,-0.3759285586761634,0.11178166718106171,-0.8610094450975728,-0.33408739112193936,0.0809963322410328,-0.9099412709797882,0.017731781948096985,-0.02275688678678931,-1.0961452591354304,-0.09574943466255115,0.048523541584764567,-1.0123047045997466,-0.10778211548796386,0.03914651414634939,-0.8965937413560333,-0.0638715552227127,-0.008660457467440772,-0.833884685365134,0.30133943823823045,-0.019813583127075887,-1.164868921262009,0.2866122245365074,0.0057298906397553265,-1.3518349907651073,0.27270919264040105,-0.00033723766270258177,-1.4983976750723556,0.2667568870717698,-0.027545923955069877,J
0.0,0.0,0.0,-0.17062528647672642,-0.6181392279617182,0.07659394135579634,-0.42067098431171085,-0.9583509128484106,0.12379645082106906,-0.7061941712710705,-0.9745302900114273,0.17491239062020572,-0.8569382653726734,-0.7990070728431256,0.22375027568844416,-0.8922579749248578,-0.6818562236310746,0.011586974957708428,-1.1140662368129215,-0.7054508265674424,0.12759008842965588,-0.9817750365444848,-0.6989543941733576,0.20094003255228116,-0.8494975022232459,-0.6662927803710456,0.23212572405725024,-0.9489374219070519,-0.31536091912710895,-0.008078365657908253,-1.095694993563264,-0.4184996171458668,0.14705318391895633,-0.9743522185782462,-0.42257869532455034,0.19973428879183255,-0.8738085320884587,-0.3908110277247816,0.17953494902475223,-0.9252054692993544,0.02287265441269557,-0.0056716642381523736,-1.0994642412521998,-0.13083418943337716,0.10793693792090066,-1.0235210542364472,-0.15544504189771347,0.11177037414970378,-0.9231702094460039,-0.12181355996398242,0.05750793628323426,-0.8587352684092251,0.3178194092239737,0.009702997096698007,-1.1997762968389811,0.2852974917707929,0.05473426665163244,-1.3772215811666733,0.27696816597377877,0.0527290175289175,-1.5176139273258848,0.2750587984824911,0.02147326431895784,J
0.0,0.0,0.0,-0.20917320055377414,-0.5936856391619922,0.11457808055148012,-0.4746644836751682,-0.9152875965629265,0.18516283834492364,-0.7720628519229252,-0.9048273311277645,0.25587233079663624,-0.9325840495306703,-0.7198087806929013,0.32370330499180133,-0.9076320038772497,-0.6486690325649331,0.07895800513686992,-1.1294200820573381,-0.6742501649048583,0.22796915132887988,-0.9876291993339945,-0.6663147911264595,0.31423347239297605,-0.8549994966759039,-0.6303580656487533,0.3528856964385675,-0.9544801243776998,-0.29335300035178613,0.05396025715779875,-1.1113143224673798,-0.38893326470358464,0.24920414462474078,-0.9822620891078064,-0.3986744629527317,0.3060180909522522,-0.8810266474630422,-0.3746293430533684,0.28370370388375815,-0.9287258928610188,0.029624687679071404,0.05396739410029588,-1.100436133215787,-0.11785995390393458,0.21332395112224753,-1.0081197658318382,-0.15028659549725426,0.2185185285956875,-0.8999320035493686,-0.12911515497505832,0.1552847163812602,-0.8641514844886891,0.3134793723962161,0.06977812498759085,-1.2180200606089937,0.2894676553297646,0.15398475710002518,-1.3986874389178954,0.2810232120203232,0.16308790297980277,-1.5430151243857073,0.27287240291647813,0.1328579750649513,J
0.0,0.0,0.0,-0.1918223943060187,-0.5794425070970128,0.06666435316412533,-0.4663994818128909,-0.905120222400079,0.10674989083464531,-0.7627130250473437,-0.9259961729817167,0.1440466627770558,-0.9299475618949992,-0.7574062531978263,0.17953271569873247,-0.9095798152245425,-0.6423345524230436,0.04700881407041118,-1.114912955414696,-0.6738654482443417,0.14247823980384333,-0.9830310647275367,-0.6670279838100024,0.1885225265538751,-0.8560793212500152,-0.6425438889628324,0.2050896764847971,-0.9600175008514669,-0.27911210876316317,0.021513456270063756,-1.1105656642691797,-0.36926266967754556,0.1505868447427302,-0.984229768708466,-0.37856119694245555,0.17751092968319146,-0.8741755465180784,-0.3402347557467017,0.14938139683897236,-0.9308248864168213,0.051624098525480486,0.012517276491398603,-1.1068348679395437,-0.06868179202291014,0.10775387010858085,-1.0112295246679068,-0.09363113668286173,0.10021535306337653,-0.8965854241798993,-0.059300202917119724,0.04802532297075289,-0.8607394527868845,0.3260492941301821,0.014376193536136271,-1.1895455720034824,0.3027213373049856,0.06738305399030592,-1.36755822367416,0.2889214275355431,0.07191376123840856,-1.5076665357937444,0.2894829359302796,0.04758278335852738,J
0.0,0.0,0.0,-0.17717041756682758,-0.5392532976334866,0.07817284618448919,-0.43023514585213896,-0.8291015983191223,0.12619756693787007,-0.7054496915468055,-0.7687009615465075,0.16672883771128716,-0.8575156207681731,-0.5248464079013332,0.2003443042391278,-0.9057109318377646,-0.62716528785982,0.09828082109299038,-1.075669959840736,-0.6231808327639102,0.2066404614661233,-0.9549653467851572,-0.5996811733699172,0.24656211067291936,-0.8377058321206772,-0.5729463825975702,0.2578878605993545,-0.9584849109546499,-0.27695544335889727,0.06784068002410769,-1.0738564879928207,-0.31594575014722404,0.21584007470246624,-0.9539764841242324,-0.3108982188246235,0.23434538811177172,-0.8474880250009412,-0.278499489067035,0.19852260395422655,-0.9252550775349019,0.049243002325979016,0.05355750846759452,-1.059256655600307,-0.017622600738157412,0.15624033912981722,-0.9598809078501975,-0.028776451995374513,0.1376058928550157,-0.8449077637109864,0.004699225683440418,0.08108041641232958,-0.8561863341127108,0.3267338930939544,0.051437984477340666,-1.1632177550323501,0.2992109378593516,0.11197963963554243,-1.3410080481854527,0.2806919734415599,0.12207221168104276,-1.481901840734079,0.2736105994873973,0.10308201161291285,J
0.0,0.0,0.0,-0.16196891910794556,-0.5455384291783775,0.07751127925352815,-0.4077366516398798,-0.8097903371980142,0.12591420765297823,-0.6466380098241485,-0.7558560418392999,0.16654511417025375,-0.77733601710649,-0.5389692852846257,0.20116231210738483,-0.9052416620637826,-0.6212675360249643,0.08656686961123237,-1.0409373889113318,-0.633906346329626,0.17541641569440383,-0.9027501014691808,-0.6076808963976196,0.1902187460479087,-0.7833571893413188,-0.5674688238665598,0.18589540253470394,-0.9550423614703542,-0.29051244417723154,0.05913211965844089,-1.0476278308992608,-0.346698022139241,0.20467347215219056,-0.9111181036180589,-0.3296629077683428,0.2194399017784415,-0.8097006167068664,-0.28948842762184207,0.1793115036300128,-0.9129715334847703,0.029196000159865343,0.046857834091927224,-1.037835954531233,-0.05143941410347633,0.15407874326626333,-0.926961288782537,-0.05721560929892837,0.14013973768765142,-0.8102770332701058,-0.014236236032525737,0.08416149738997893,-0.8341804642618718,0.3063458553217243,0.04579329999455514,-1.1565584064804837,0.2920211518775362,0.1064516511983917,-1.3264996052358486,0.2918986007038736,0.11854145605355505,-1.4560019867272884,0.31026824472661935,0.10102098483926514,J
0.0,0.0,0.0,-0.1700607629651125,-0.5707229734500102,0.07229447482699591,-0.43549757553751794,-0.8317007951772393,0.12020337484936146,-0.7028098525093708,-0.785200998081061,0.1644603157771115,-0.844153831489081,-0.5719958821722917,0.20312899131410045,-0.919186269138139,-0.6443766675320511,0.032790173736732764,-1.0811975399519451,-0.6204491894752083,0.12238340184359096,-0.9495355769545021,-0.6083071538802989,0.15691201172666622,-0.8369734858280607,-0.5892374360712053,0.1635563672948957,-0.9558910546388003,-0.293687949519021,0.004436211090005937,-1.0613099178492713,-0.3173429242015851,0.13289924497511338,-0.9337051543187289,-0.31657481681198374,0.1585732114792453,-0.8308434081141459,-0.2856342528797797,0.12604363852382824,-0.9094380324708975,0.04045321788484486,-0.0059976501724612555,-1.0402307175878063,-0.0070829854872784615,0.08069476251658697,-0.9342840597512612,-0.022506098354361175,0.06926431186898262,-0.8164382411931693,0.012199584523517942,0.01587583493253949,-0.8353537068511525,0.3237051027885295,-0.004266943438979399,-1.175284125665713,0.3258974804660677,0.028931496722616367,-1.3647004459243661,0.32576635299859896,0.02640126134027283,-1.512130289799551,0.3411179895707889,-0.0004207661732308313,J
0.0,0.0,0.0,-0.15637300437865476,-0.5162894965325506,0.07688063014397661,-0.38920469469571334,-0.7635570110004976,0.12835386279493852,-0.6171012900270226,-0.6764490018926701,0.17508004528300078,-0.7318836407401964,-0.468426915080516,0.22041587510454563,-0.9167677385358244,-0.6450828859260432,0.08079261522281674,-1.0819395235351765,-0.5771101938482415,0.16875650363288525,-0.9465327452263894,-0.548440413101729,0.19364008700889515,-0.833145453149646,-0.5395110122982135,0.19507712829447768,-0.9554535774538626,-0.29059374333116145,0.05161141024423615,-1.0778788281203582,-0.29151186288063885,0.1811347056915999,-0.9450983521030877,-0.2606752444319646,0.2051259089808106,-0.8420496205087534,-0.2390365538155331,0.17966468888207504,-0.9051666287346783,0.04518108943451322,0.03763879943472115,-1.0711910207847908,0.01468424538701243,0.11574319594288728,-0.9653948798596019,0.02576510093727512,0.1114228203854326,-0.8423373087626461,0.03806552798785777,0.07532338421830459,-0.8196736275380678,0.3325255207798698,0.036519550273290166,-1.1733750008898796,0.319586566141379,0.06402855462566272,-1.3610936106279417,0.35312896548454487,0.07330187496334849,-1.510321164747447,0.3762179719325143,0.06626423611348717,J
0.0,0.0,0.0,-0.17518757417508227,-0.5447063824163698,0.08636061002172768,-0.4133310363951959,-0.7955714372067846,0.14081615294054992,-0.6391740517335396,-0.7286343473455873,0.19433697554098486,-0.7607337643591813,-0.5375137425105145,0.24166428391653047,-0.8928772563897184,-0.6710956546744151,0.039153779443083216,-1.0512397637265096,-0.6280101859337179,0.13499179839070272,-0.9281807643611115,-0.5948151700050494,0.17412961609411784,-0.8080707284837477,-0.5667415768380003,0.18227979287014784,-0.947952300706887,-0.318183925890383,0.012059224249640312,-1.0640777645240984,-0.31524453389526985,0.1438071770735336,-0.9246772609275673,-0.28447070124637713,0.1768795666747597,-0.8137196618341067,-0.25433451875969715,0.1513545520101695,-0.9130652874873239,0.030130790096301884,0.0046357837163940215,-1.0635008461585194,0.005244099642721642,0.09056778669717673,-0.948554630712123,0.011250413665390537,0.08078325222802826,-0.8241405910495829,0.033134890775952504,0.02974503560401995,-0.8364895020398763,0.32627062412093055,0.01250763731842334,-1.16113277014957,0.34005546126403746,0.027894228203684753,-1.3497719317423913,0.3641891044013133,0.01355706283768396,-1.5108070425603384,0.38405763636901513,-0.017839976371537516,J
0.0,0.0,0.0,-0.12289327407858584,-0.5352089737458493,0.027444875490296453,-0.3554500776301382,-0.7678933414766171,0.04741028860833191,-0.5797725660671326,-0.7517020246805785,0.06918440672885195,-0.7095429427363428,-0.5975084510479888,0.08825680718229496,-0.880373090318617,-0.7120497208965155,0.011118644229497036,-1.0787909193227951,-0.6264047813243265,0.07635925770888737,-0.9608269253358683,-0.5834620522006683,0.09999271167012318,-0.8315898697446615,-0.5562923700510611,0.10340516337495034,-0.9333469226909055,-0.35897398735290004,-0.0010946722691501762,-1.077631343347996,-0.3178745132727102,0.09455645527660307,-0.9410190355479664,-0.28130891091106497,0.11802524593227144,-0.8247022833535184,-0.2564545930153845,0.0967333910902928,-0.901169298127037,-0.005858212455045058,-0.0032683801132623435,-1.0719619745771345,-0.010310648716656682,0.0434347173134623,-0.9605291177637125,0.00278179192087809,0.030372751562193594,-0.834870961119924,0.025696809632853628,-0.009375048864881077,-0.8273556994461084,0.30344555716258864,0.0035539063093925232,-1.14702246914557,0.32147471800827965,0.000557523105863235,-1.3320454505953139,0.3465084103489652,-0.015462640957002406,-1.4881084549539576,0.36577371273195364,-0.041306002918660344,J
0.0,0.0,0.0,-0.08502562595669337,-0.530987201955637,0.07200033369040794,-0.27115850174105405,-0.7747380391400409,0.1216528258918733,-0.47935717067997263,-0.744774614631692,0.1712090976531769,-0.608760852333598,-0.5721925854947448,0.21539870836313002,-0.8713025962345569,-0.736216015508177,0.06956842544556023,-1.0411937437826702,-0.5881877100274334,0.1655418295749766,-0.9032788093048241,-0.5384462924095805,0.19163586937875685,-0.7727355257324375,-0.5260570083048562,0.18908850416097553,-0.9275424781147121,-0.3709325335068882,0.045541265671695356,-1.0536327247121857,-0.2884503104535671,0.1779782920843169,-0.9085286744231811,-0.24194724539170842,0.20228012335459367,-0.7919680626109216,-0.22563432981184098,0.17277479947611984,-0.8938680439518812,-0.008231943237319397,0.03684094665018595,-1.054003234688366,0.018926968563888945,0.1137597696680673,-0.9486731650687378,0.043589487971662705,0.104216443071834,-0.8238894077003043,0.05618239474228856,0.060377572739685706,-0.8173083392562542,0.31350073372619824,0.04065011592836473,-1.1314648695960834,0.30719165466107345,0.0502956232258412,-1.3101986269056067,0.33422484692713417,0.04169513857744502,-1.4608700647286619,0.3398317232895323,0.01989522343552052,J
0.0,0.0,0.0,-0.14415340180713523,-0.5728169495913266,0.14473028290211856,-0.3750440557899885,-0.8262685325557294,0.2305511134806586,-0.5902385942101768,-0.7758424075996184,0.3049550054703444,-0.7234042625526401,-0.5513779847815026,0.3668176975597514,-0.8232625024029299,-0.8045673509635635,0.12149540056145612,-1.0094011721998681,-0.6773802801155634,0.23504130159292688,-0.8949649409639185,-0.6143459439227344,0.2788837213150933,-0.7619301067272889,-0.5834688206606242,0.2867124248373212,-0.889421565728222,-0.45155814487841767,0.07088385014599621,-1.0358876729271056,-0.381754446564042,0.21654610416436298,-0.906562547875805,-0.31833089947775783,0.24939098472105348,-0.784511195681121,-0.30175391655474654,0.2209654580883051,-0.8771416740401058,-0.08824445010350974,0.04202671839236509,-1.047564411158768,-0.08358077651547656,0.13182271493412145,-0.9487388556029525,-0.042945952383268114,0.12171766597015475,-0.8233834622366253,-0.01870872856355675,0.06995810713306257,-0.8160540094565616,0.24945483417371733,0.032760478989426044,-1.1301765490060014,0.21293538724052377,0.04016414523888407,-1.3239877339684785,0.24394444174981647,0.024432668296265114,-1.492834564682386,0.2560302765618794,-0.007559626289767101,J
0.0,0.0,0.0,-0.15124679749288952,-0.5554401995369243,0.1621608205045839,-0.38817616028813695,-0.8009446204101823,0.25355908865847815,-0.6065700956355179,-0.7320634911269306,0.3277163069197964,-0.7405369292421394,-0.5083267114919244,0.38635482276322797,-0.8111829660804007,-0.8079602959637706,0.14446535396287202,-1.0051454998683094,-0.6835001711787827,0.2680964056948626,-0.8993331087202369,-0.6117672308759512,0.32348735049823935,-0.7706935941291458,-0.5765438161505191,0.34063545038515736,-0.8769060802762653,-0.4730148497618315,0.08539717957466776,-1.024698672750506,-0.3853515016924804,0.24263410254516168,-0.9008328768881743,-0.31690803722256533,0.28094118243480015,-0.7827944347789692,-0.29723839119517326,0.256408732188772,-0.8677268807659629,-0.12185308883453772,0.04926160890750423,-1.0328134165922538,-0.09847942204660923,0.14831760410697942,-0.9283276633051232,-0.0546298704258852,0.1385236525482297,-0.8052205222973592,-0.02912406627028255,0.0854536183073151,-0.8160552131593369,0.2116706188137581,0.03411881256026687,-1.1281203736229029,0.19932056730277806,0.045967714084803185,-1.3173587216930212,0.2301184057646051,0.030680567571738225,-1.4841518276882688,0.24275718701116475,-0.001041881953529505,J
0.0,0.0,0.0,-0.16491307088291715,-0.5104992472968897,0.15112369620388189,-0.3910435849510006,-0.7350508015386638,0.23758030371842617,-0.5753633952352714,-0.6960456191172009,0.30891733945438093,-0.6964458447667755,-0.4931534203425413,0.3666142159768084,-0.8255923287012158,-0.78227742818847,0.12723411910933535,-1.0177261309028218,-0.6387936421513919,0.24197721804959715,-0.9111836584787057,-0.5491894786736938,0.2918925076615266,-0.7880709769628279,-0.5121881837708333,0.3055523759516909,-0.8817635256011759,-0.46644578198563463,0.07015281453508718,-1.025521464894274,-0.35354982591990447,0.21486229162398765,-0.9021333161839337,-0.26156257228910884,0.25495981676959323,-0.7902095431717828,-0.23975960335023302,0.2357864164113907,-0.8674494802089696,-0.12030630609354043,0.034182979786820486,-1.0228824195325845,-0.06704659969131499,0.11977581854049044,-0.9187356510706136,-0.018998498727279992,0.11095215526338925,-0.7962278411167243,-0.0071570226961031125,0.06382557681386135,-0.8154782218434247,0.21128025039750756,0.01815294515995758,-1.1202590544728361,0.2057477811916673,0.015572508638402774,-1.3171798629049503,0.23939406567553947,-0.0045867387066663165,-1.485595236706256,0.25191011770307753,-0.03562036335519663,J
0.0,0.0,0.0,-0.16482259568721813,-0.5366333860110349,0.1637499910738229,-0.38130355681806655,-0.772376001469559,0.24755330801825912,-0.5704216911239075,-0.7085019808923481,0.30673952793706305,-0.6939278492705234,-0.504236805696283,0.34878145434916696,-0.8035938667450002,-0.8170019710441887,0.159541478722889,-0.9871229310544781,-0.6820615641497041,0.27005816181997655,-0.8855867969413546,-0.588616007636483,0.3138966427529629,-0.7643878412114731,-0.5449040768672356,0.32339719191878114,-0.8673396367428354,-0.4904793967849346,0.08456900061070165,-1.0136813304820755,-0.3854444612972872,0.21962713676280932,-0.8950051375511936,-0.2950325770813233,0.24575467702828174,-0.7793888425587363,-0.2672273805883417,0.2185761163977623,-0.8609118040333194,-0.13719738164933187,0.029339846124308303,-1.0278413454957376,-0.0952808281901414,0.10172686474219542,-0.9263613250986285,-0.03986088175550004,0.0820432457341873,-0.8077685179345512,-0.018894495351329286,0.03085823553722046,-0.816545344045106,0.19928714301872652,-0.005050558384767313,-1.1186130638206893,0.19367812583893185,-0.009269375417961715,-1.312137367445092,0.21911085011496653,-0.02692747342141631,-1.4829506582219654,0.22299381462220466,-0.05594270366671137,J
0.0,0.0,0.0,-0.18387719781544645,-0.48560208661784676,0.1407582071616394,-0.40825257727223985,-0.7066830143132984,0.19705752876029786,-0.6047643651876864,-0.6506208109670721,0.22988325387923328,-0.7270119975526967,-0.44557913933188004,0.24506371472129027,-0.8135723753120632,-0.7959826526824489,0.09729130757494027,-1.0025115078510516,-0.6087682564771085,0.17252767532076563,-0.8948084158509315,-0.5043144232665777,0.1996368274946375,-0.7711894793672606,-0.465194562886229,0.20214107821356336,-0.8706290171692022,-0.49148605703413456,0.02113220774146495,-1.0147613139166292,-0.31823088139429173,0.1196186956991545,-0.8943219798187922,-0.21496893234191697,0.13981779742785386,-0.7775386412563169,-0.1788789323925643,0.11505435844860308,-0.8607329795270071,-0.14714908855553727,-0.03563607744632758,-1.0291675715132511,-0.04709983189965288,0.013115490779271672,-0.9189556901837941,0.015988269117769596,0.0016079593831017903,-0.7934733483334909,0.03166623891381982,-0.039058483418379863,-0.8137448425076828,0.18790619631139774,-0.07426802111312619,-1.1135666050551727,0.20651720284967506,-0.08777340477906444,-1.3004616890954241,0.24664135149119013,-0.09769083182989875,-1.4695288539312978,0.26170438785963385,-0.11806192597050447,J
0.0,0.0,0.0,-0.18427672052369373,-0.48395404787123586,0.13099542977487166,-0.43860414658186625,-0.6828333088910935,0.17585706365707093,-0.6441165989956408,-0.6423414898137646,0.20049214086866007,-0.7727014835274819,-0.4322832453628035,0.20633168287768888,-0.8021819669051701,-0.8129567712234331,0.06481423600516337,-1.0050226327594813,-0.6388491813130885,0.14160842031762683,-0.8952839049800301,-0.5440709642450499,0.16909109605312134,-0.7705328384838558,-0.5054760237192164,0.16985511290818758,-0.8636596328469768,-0.5040537945020674,-0.004670207564209631,-1.0080208564238198,-0.34141817490998827,0.10657919201874036,-0.886731094175145,-0.24089762639645235,0.1360095827037961,-0.7727131183858169,-0.20523916545720236,0.11255902166267864,-0.8600371593686784,-0.15346325258085763,-0.05370881394887573,-1.018390291700549,-0.06148017801349264,0.015247371003035283,-0.9112372128645925,0.0011767072634215718,0.012593195801403242,-0.7918679955269808,0.024353345066651665,-0.030873627836880486,-0.8160070212145306,0.18943638355234843,-0.08637923998822418,-1.12484316360762,0.21711941353158537,-0.0853580745844893,-1.3132913774872927,0.26381618188752526,-0.09264071087976918,-1.478360401257268,0.28478536975029617,-0.11623158434597722,J
0.0,0.0,0.0,-0.20717947249145247,-0.45139141600729127,0.1523056455081133,-0.4733741091552864,-0.6342585361590048,0.20221532646376966,-0.6859635939467806,-0.6063042241255077,0.22691389090670472,-0.8288693565405224,-0.4383318499096719,0.2338732697986064,-0.7732273357748789,-0.8446349123373491,0.06388027061899916,-1.0053145152229903,-0.6065241703123265,0.1164480086189797,-0.8913651783400851,-0.4807786362617908,0.12945412496549819,-0.7648686430138744,-0.4314712255032717,0.12332917998260297,-0.8242664692916072,-0.5658330192580123,-0.02043971425705208,-1.0107470876824962,-0.3423888397576122,0.06869666488115318,-0.880575520821133,-0.21978476180858245,0.09461791927444396,-0.7652613864983867,-0.18810230658386476,0.07149629922047936,-0.8216314795492963,-0.22920212232514692,-0.08442472365362358,-1.0039623195071006,-0.07601777895845964,-0.03308831623728124,-0.8803532387049964,0.002552556026121904,-0.03354915897698794,-0.7542873749788003,0.01583686311284399,-0.07297549651344568,-0.7870745403553684,0.10973728749195365,-0.13051810313824624,-1.0988845900191027,0.1539812640950045,-0.1490674104918336,-1.2858774531206572,0.2079896711337867,-0.16258014687710762,-1.4544285230890677,0.22857019197285589,-0.18772737879657808,J
0.0,0.0,0.0,-0.19106211829750008,-0.46428124328525805,0.16740383542548093,-0.4398288951589132,-0.642280047922191,0.2222004257080269,-0.6376044255335671,-0.5989030927948309,0.2450891773175037,-0.7755693181010901,-0.42498362798834155,0.24769263320624985,-0.7603579081194096,-0.8637588441091922,0.11026305684642682,-0.9746108677815294,-0.5947803824020308,0.17243525937840887,-0.8722161037687308,-0.45692115857458476,0.1839406015336276,-0.7553594508078105,-0.4134548300051431,0.17518960345916876,-0.8227993591136518,-0.5681581273249483,0.014055497030405036,-1.000746394842338,-0.32002736847913466,0.10773894652407298,-0.8839665804788878,-0.18939185025298622,0.12332275890489029,-0.7692139011860475,-0.16494000352042587,0.0930921059437051,-0.8269574177682569,-0.22308814488670217,-0.060896231259419245,-1.0090891486963485,-0.06040880059200296,-0.003647334504344061,-0.9164266260627713,0.03732325192212188,-0.005871590044142166,-0.8100010320681766,0.05706788845763685,-0.04423426163929603,-0.7926153906143674,0.12815224016011736,-0.11830382575745098,-1.0916450141421519,0.14224115480681687,-0.11758195189053897,-1.2661081778336754,0.1829265027506987,-0.11312809440593043,-1.415840343803135,0.18645781917471707,-0.12461027060145109,J
0.0,0.0,0.0,-0.17835409347585351,-0.44867188649596496,0.16817217551804378,-0.42132479461244315,-0.6276949453325686,0.23015340667115586,-0.6211048171912011,-0.5843252173283979,0.26110543504368083,-0.7599740495867507,-0.4099557572243041,0.2724160042327377,-0.7617816537549739,-0.8516202556645863,0.11497271875960638,-0.9729501127534056,-0.5696975041150627,0.18367120346221394,-0.8726484443755894,-0.42648421405540504,0.20126630580052693,-0.7546413040142068,-0.37712825819590423,0.19817008180307408,-0.8263384979396775,-0.5627526508256316,0.021774774660651506,-0.9979128106304638,-0.30131467412238055,0.11458293829640538,-0.8782063874011669,-0.16671985566282055,0.1291243348562271,-0.7628454677265272,-0.13429985678752895,0.10135150351277357,-0.8333848045493089,-0.22223337740772828,-0.04915962163197166,-1.0145147668978143,-0.04536373156235796,0.002287223042529545,-0.915430538362401,0.05697772690770253,-0.004707592307653604,-0.8010897547156415,0.07953506536533408,-0.04162840701009178,-0.8030633953152613,0.12931563108277505,-0.10113296697005124,-1.1102044058964093,0.14604024706504695,-0.10528625744982789,-1.2962028624602953,0.1905606629646004,-0.10338985150370977,-1.458355631841798,0.19941722454179495,-0.11393513793553775,J
0.0,0.0,0.0,-0.16539308386621002,-0.47460214258127076,0.192142896701927,-0.3974169566485749,-0.658735176585409,0.2669409507429311,-0.5790420157109646,-0.6070728016135519,0.30741510289927365,-0.6990757700506659,-0.42483543552931424,0.3253973905290948,-0.7363363329288231,-0.8729361666737403,0.15719520222222708,-0.9115992440092409,-0.6234147419104701,0.24079096820552198,-0.8104455193401066,-0.49724321581860553,0.25529760282719016,-0.6928727306025928,-0.4471009082931832,0.24540997667956094,-0.806839375400417,-0.5879114865505297,0.058054339074794625,-0.948638631797988,-0.36121846101830507,0.18140956186512763,-0.829425317886438,-0.23475219288823476,0.199873902706771,-0.7163770447008192,-0.20309765677376407,0.16692532040615699,-0.8184525792440687,-0.2475790439056974,-0.018059930161122006,-0.9659591725709122,-0.10399461821236394,0.06168557343436976,-0.862236177049429,-0.015641009110324098,0.057096182919067436,-0.7484071812887557,0.005337012409426937,0.012901920296798196,-0.7877557176322559,0.10023719074863945,-0.0743750274693554,-1.0675806194205462,0.11549406301110075,-0.06247262430281808,-1.2359747724106842,0.158259638889247,-0.056661068764425934,-1.3837350264739483,0.17022360472808454,-0.06948208436970317,J
0.0,0.0,0.0,-0.20676364088934784,-0.4886912233674067,0.22716439437062744,-0.4476849492245276,-0.6568330910741299,0.31937991186558956,-0.6285711838883885,-0.5709888550884809,0.3722845975292788,-0.7455188053928595,-0.34841843230406777,0.39748837030915446,-0.7629635023061433,-0.8471807692055604,0.18846402756182523,-0.9575294613331032,-0.5628453262922812,0.29341389862642336,-0.8500796678187271,-0.4210111194337139,0.32047789891467016,-0.7251401095035023,-0.36991024998086697,0.31904716164824265,-0.8362929301540831,-0.5421046808418699,0.08207709780220122,-0.9832541137144419,-0.29472025829703696,0.23067430836038702,-0.8513474391145162,-0.15246301256984776,0.2541354459626751,-0.7345262156067842,-0.11903120106078095,0.21929209843100092,-0.8473009298555809,-0.19084654356800426,0.003825042795577402,-0.9969629456955612,-0.02960513814673406,0.10745149564758316,-0.87820245771246,0.07308629362682963,0.10015827161403833,-0.7594579299989036,0.0932593405258464,0.04801263512011133,-0.8189128692749326,0.16738959477209092,-0.050388220628922085,-1.1299466633126938,0.19023540589049534,-0.020248354212934038,-1.3084007608094983,0.24592806323649263,-0.009184251832625388,-1.467526788436285,0.2588873129031327,-0.022156764460325714,J
0.0,0.0,0.0,-0.22515788430434425,-0.45928437811506967,0.16786581643209028,-0.48350845578689894,-0.6236137718363649,0.21967804957185327,-0.6775603353185431,-0.5452270619983915,0.239284887476199,-0.8011922036670889,-0.33734812119911783,0.23572302979686294,-0.7614625592380115,-0.8496715379280855,0.09407242382166806,-0.9759494894130606,-0.5755789494552398,0.14543326782523033,-0.8754164067216749,-0.42414755805614396,0.15253617701921962,-0.7501024539805476,-0.3617386481884099,0.14376193530638076,-0.8317383830932641,-0.5551596702486207,-0.00300043644249322,-1.0089429712127915,-0.3090152202883453,0.08582926249532759,-0.8887997446812722,-0.15918984642902548,0.1040050548191618,-0.7720085550604652,-0.11671069463382708,0.07664560793188725,-0.8432692444836207,-0.19776071486994976,-0.07891027198903615,-1.0285169014076898,-0.040850447650199795,-0.0340638047850195,-0.9114577186802681,0.06628006968618927,-0.041980072754287445,-0.7874849446596593,0.08971569683747133,-0.08193039597962189,-0.8133679348438694,0.17219776353374772,-0.13498345449093188,-1.1383828228061512,0.21152020159688922,-0.1516390167921993,-1.3215765230560406,0.27694230512192913,-0.15501298206598105,-1.4847915434496721,0.2982326529141043,-0.17058128577898196,J
0.0,0.0,0.0,-0.2453520067201071,-0.4549437861482056,0.17004869624928914,-0.5181574814512545,-0.6023397935122449,0.21165400612591753,-0.7268112786256605,-0.4875819808638113,0.218071076091784,-0.861959339819131,-0.25581669103190385,0.20101454120357035,-0.7533705272567366,-0.847598254832388,0.07984123122348784,-0.9857934039285451,-0.5432717124979456,0.13193905878019377,-0.888916668070517,-0.3733472760182649,0.14859388720746183,-0.7675820840751973,-0.31195910053458953,0.14597425482932092,-0.8261325953669163,-0.562894816527448,-0.025580469089789306,-1.0145945517429271,-0.2676344728342988,0.05699938137548662,-0.894960639973979,-0.10854733715661877,0.07676449653220264,-0.7758731320631215,-0.07342471145818678,0.05219882136937356,-0.8404904297413052,-0.20998113055227272,-0.10751558467326741,-1.0301271213041219,-0.011047988639757277,-0.061342716727670714,-0.9068360900473942,0.10406149210815469,-0.06363294995832758,-0.7839661334835544,0.11591105767578834,-0.10009071200918898,-0.8165798282134553,0.15880902773184127,-0.17011592253321306,-1.1275792456470632,0.19734660229768292,-0.17704570135226028,-1.2974553744153727,0.25372907554236096,-0.16992369997952267,-1.4524610653000312,0.2622899845521888,-0.17827222059976053,J
0.0,0.0,0.0,-0.2385681104009524,-0.4623131227586248,0.17470073317851081,-0.5047593776005107,-0.619731486893817,0.21727187529844144,-0.7131261217661035,-0.5168226564857059,0.22429113997929523,-0.8440588986206367,-0.2798758778860034,0.2062649983788529,-0.7465232194421499,-0.8595748426459355,0.08174537599808279,-0.9785932752721873,-0.49970857138839714,0.1287767561948753,-0.8683412442449722,-0.3212472822006312,0.1388154966552656,-0.7396963949815072,-0.26921413898298086,0.13256900642627184,-0.8153888547862311,-0.5783376261210595,-0.025818708392481057,-0.9881952773949764,-0.24255471301691026,0.059445015493101376,-0.8559539070430082,-0.07894111995462626,0.07680544472365519,-0.734183365105332,-0.051776393086011153,0.048434516934233424,-0.8338888766046144,-0.22261239916972142,-0.10929653196417209,-0.9957145807020826,0.009589825460206498,-0.05371795304080038,-0.8599717773704216,0.12388585462851716,-0.05280450448201981,-0.7304655057158183,0.12384999772262092,-0.0897477950808703,-0.8165189592145545,0.1580474509091157,-0.17421374679004165,-1.11684795888362,0.18146959792749684,-0.170768806793913,-1.2758578556508275,0.23338317733265365,-0.1579827144870016,-1.4188480372216719,0.23444505573695945,-0.16399107141647032,J
0.0,0.0,0.0,-0.2360921655998292,-0.459730895292677,0.1547345462423434,-0.49634211689937,-0.6195646697009242,0.18632457262865518,-0.7181511759873979,-0.5286497759936204,0.18800975980802945,-0.8530419765913274,-0.2858216310027792,0.1667675871495998,-0.7441471446341369,-0.8682791898850134,0.03943518044564005,-0.9602679668773186,-0.4858267783107157,0.0782132232890679,-0.8435653852368611,-0.319849869904908,0.08929800587650596,-0.7149405136946754,-0.273857141617342,0.08119814249243566,-0.7961672149167544,-0.6017230419191022,-0.0636171888354167,-0.973933898393473,-0.2300875231839975,0.006310582700866381,-0.834925237153909,-0.07802545683988388,0.03228352255656941,-0.7108857409853299,-0.04812069309697302,0.010768937024796676,-0.8036102620519724,-0.2529133989987472,-0.14446619260405572,-0.9853464740735198,0.013308111287336952,-0.10281884899250796,-0.8526638112609222,0.12485323986087359,-0.09191050129940409,-0.7210212238493817,0.1347504978855609,-0.12221862781122246,-0.7808428859506905,0.12080981694113797,-0.2088874776872049,-1.0952969572068705,0.18273475202233022,-0.23405054987168283,-1.2677518184037297,0.2460176773560985,-0.2358847332252972,-1.4225301067378808,0.262624713661741,-0.2502828167281198,J
0.0,0.0,0.0,-0.23212761882627206,-0.45315717881899653,0.12901695382631712,-0.4889221774102549,-0.6254424238670554,0.14344568909424424,-0.7093233918096699,-0.5565645369735386,0.13157336162187877,-0.8522686129535324,-0.3444824042652799,0.09922916754983654,-0.728430749293645,-0.8725614371074427,0.00309603696569384,-0.9574954813326538,-0.5082596627611977,0.016194010729316383,-0.8517457377873777,-0.33958686705688984,0.014166279627505576,-0.7246593965996105,-0.287585120645104,0.00236676059969196,-0.7851380233460468,-0.6121994895882233,-0.09364864785025497,-0.9695623098780293,-0.26436941675386927,-0.051488094658009784,-0.8345521976023178,-0.11271602455913667,-0.03545081545714058,-0.7116097278664582,-0.07914258981062999,-0.05700548730732178,-0.7939432923094575,-0.2687741152929969,-0.17026163354058155,-0.9694014878264798,-0.022954527949239117,-0.15735926873642428,-0.8264455684694991,0.08743475154160275,-0.15328756661621792,-0.6945028780931336,0.09481698373289803,-0.17925352527332003,-0.7682690343872156,0.10200502009911197,-0.23113519296422289,-1.0700434451036476,0.15393391400526102,-0.2632062119435506,-1.2278614791091542,0.21496931297354724,-0.2614139123914676,-1.3761070252860224,0.23068254606083152,-0.2697916598273864,J
0.0,0.0,0.0,-0.22087050819256862,-0.4560604352921587,0.11200899270164871,-0.48414343592387493,-0.6507268729484852,0.12059532522836054,-0.6980982954526124,-0.6071845839757326,0.10325330445994088,-0.8314606770551954,-0.39419422707209906,0.06557442623778871,-0.698783159913448,-0.9014335458490725,0.0008217693328165517,-0.9424951727308047,-0.5341596508071258,0.015824880453975655,-0.8369416680887308,-0.3550489754725958,0.015319260179984737,-0.7114312723535334,-0.3032908923294743,0.001430061138426149,-0.7534351067056272,-0.6510512496612991,-0.09202070581092686,-0.9552772339862172,-0.27802834736391424,-0.05263511792814627,-0.8144342943069564,-0.1168764191743487,-0.03654106992882036,-0.6859895360112941,-0.0896313843054487,-0.05762611586418006,-0.7695469730400597,-0.309229704878344,-0.16811472861039461,-0.9610076817112448,-0.036935837341910804,-0.15078657560611156,-0.8104834861544877,0.07991425457524214,-0.1460624190974238,-0.6671883166360654,0.07962643361481826,-0.17342712736009705,-0.7486474594072043,0.0660362322956198,-0.2321486810880595,-1.0688986791594313,0.14718134544038786,-0.2638056365319118,-1.2237805694427046,0.2091529812804791,-0.26777562681884615,-1.3590604529443786,0.2138525152811702,-0.28196678929047475,J
0.0,0.0,0.0,-0.21515456754154544,-0.4331359894161819,0.11076187836919973,-0.46612657489370507,-0.6157504482268906,0.11763301171806542,-0.6844109025620203,-0.5729604378770333,0.0988909012682769,-0.8232076920245853,-0.3687876896289817,0.06268639455084211,-0.704595868737842,-0.8802785031476864,0.000752948539163625,-0.9612447051569452,-0.5261156515640185,0.006692679676474817,-0.8613989975755956,-0.3633720354595278,0.0020919525115540454,-0.7384528698261192,-0.3178932937633501,-0.013141783632179459,-0.7527163873862012,-0.6515969740725368,-0.09401820855440766,-0.9763708705587681,-0.2905455132568352,-0.06970307535553853,-0.8467999202237226,-0.15146442849601907,-0.059302016980614165,-0.7253730596976106,-0.1234082503276574,-0.08036355675808003,-0.7615707016540786,-0.3311106845482413,-0.17268998195329383,-0.9844936667640375,-0.07905453020630551,-0.17301232600983485,-0.8553095978017323,0.02186710377788277,-0.17061194316782494,-0.7269087680948496,0.02706308559639891,-0.19441401041165016,-0.7339941718985492,0.027232977726438068,-0.2385825675209785,-1.0492122354878755,0.08980819966858246,-0.28311067540585094,-1.211695447374902,0.14967816345941784,-0.28821234882422436,-1.3574975470059365,0.16469626239545992,-0.29972336840181196,J
0.0,0.0,0.0,-0.21697772934696696,-0.4092436198522264,0.13884500200841687,-0.4745244760457496,-0.5865063508568876,0.15964918060628536,-0.6889728635940011,-0.5456901455336618,0.15015888805013305,-0.8263632489074726,-0.3588880350992975,0.12392443022562179,-0.7002022680259652,-0.8755406224357203,0.033435384689853645,-0.9464911037117448,-0.5457772926209716,0.05055523849835852,-0.8428666514082185,-0.38364414892612253,0.054647181443244305,-0.7212512356654418,-0.3452808002245334,0.043884074252353814,-0.7519041153491781,-0.6551266015077623,-0.07381962691493017,-0.9782001858921626,-0.31550360006267125,-0.033651493880596,-0.8495369107947365,-0.17544852280586654,-0.008612490465519596,-0.7278867596707332,-0.151070289523758,-0.01997353090955714,-0.7657096617542404,-0.33872883192626346,-0.16367529536044753,-0.9885142933884465,-0.09564580818570313,-0.1434900546803228,-0.8635166391437845,0.011949868987000421,-0.1235039251737636,-0.7385080985276234,0.01705243476232983,-0.13847871838161543,-0.7407781875617725,0.015066962616033722,-0.240293311423415,-1.0364284690444079,0.07924795859624494,-0.27054333924636725,-1.1785283323375837,0.13851807872401825,-0.2663105608846264,-1.3027613031574088,0.15215039714548395,-0.2714375929381703,J
0.0,0.0,0.0,-0.2287433347684221,-0.43162485772386827,0.13022583199090068,-0.4904665349386742,-0.642516093413616,0.14590934382872575,-0.6945724683488422,-0.6563450264280315,0.13445397135993087,-0.8293820318937011,-0.49937027494959496,0.10626069108892919,-0.6961410375739704,-0.8840709167422451,0.0020017260402924383,-0.9962406697713122,-0.6225637219024667,0.007213561512489381,-0.9087193356863774,-0.44857420787209595,0.011270292045653493,-0.7823222982121991,-0.38531885398688565,0.003933241375245613,-0.7503619999187375,-0.6537801959708223,-0.09761313658676232,-1.0219408999512913,-0.3537096166998066,-0.07184081558437605,-0.8991164482664805,-0.19886190908794485,-0.04915549796256206,-0.7696646948586809,-0.16446705643136686,-0.060016509216773144,-0.7674347239250818,-0.33053716438809394,-0.17918407902838904,-1.0353365516002282,-0.11174875995399798,-0.1669195854493755,-0.9147514278551097,0.00017431755795695004,-0.14647819485126704,-0.7805403083851322,0.003326242388212339,-0.1613898547651795,-0.7459449154498178,0.033119527381664314,-0.24669061824208108,-1.0726348485919222,0.09153450779083508,-0.2835923110218097,-1.2337218887296897,0.1528085733951248,-0.2826173918499226,-1.3710465808568002,0.1588202765320616,-0.2899858319907128,J
0.0,0.0,0.0,-0.20534698473720797,-0.41631252932601814,0.08213027356448743,-0.46367108015319913,-0.678665551405165,0.08935017657023085,-0.6611159548205539,-0.7957040927370684,0.08038012190533105,-0.7752662683934242,-0.7257011765867819,0.05846409791775446,-0.728060524422296,-0.8632990679014414,-0.05587611951143694,-1.017130670678223,-0.5480439558975604,-0.07324727988111629,-0.9159206460612257,-0.39428986838973534,-0.08007409722772364,-0.7763241707841715,-0.34167866741196656,-0.08944752920754964,-0.7757342108813439,-0.6168858107748931,-0.13299748318258303,-1.025422951388363,-0.278050890357565,-0.14016622012397933,-0.8980107132346223,-0.12889292518539522,-0.13067808322151747,-0.7644193193305067,-0.08895844984555017,-0.1432572661993695,-0.7799088599782148,-0.2863940306630779,-0.19511796029485906,-1.037043570686273,-0.037323986870621516,-0.22949382966710916,-0.9130008377434625,0.08299601755034566,-0.22224293053184271,-0.7597417190107845,0.10114867380464179,-0.2305670269978326,-0.74272507909977,0.08053411664338836,-0.24460969198166221,-1.0967493146049012,0.13097623000123676,-0.321651060123315,-1.29860380741905,0.17970394166214707,-0.3389516471026663,-1.4608643903229068,0.17981615206987533,-0.3497704010199427,J
0.0,0.0,0.0,-0.21498982431407665,-0.44123709307767467,0.1107342196309868,-0.46143541135213223,-0.7279419703872758,0.13245229234835007,-0.6390720682389316,-0.8742483022310017,0.13623282550196145,-0.7257632480417847,-0.8505703171698068,0.12506859998377828,-0.766805849254172,-0.8298931450281609,-0.046908639364482065,-1.0084480606804878,-0.50816954078281,-0.045389247478377394,-0.8960207584685174,-0.3671062195332868,-0.04013731589519585,-0.7561116507395216,-0.33280915493771357,-0.046961297253706576,-0.8108645883831973,-0.5705546198112,-0.13025377199238775,-1.0018331281789938,-0.23131899218605909,-0.10657956588861879,-0.8625782960309086,-0.0978824715806814,-0.07735128939986763,-0.7302039552965696,-0.0757100036357061,-0.085230778189829,-0.8001606287239041,-0.22581839195698059,-0.19554294494140964,-0.9989433831409867,0.014854342583418055,-0.19658795914236935,-0.8734305693108021,0.10722734523788839,-0.17204082781769225,-0.7244700358215448,0.10665478438212979,-0.1810855183881502,-0.7424265259503959,0.13648300173736247,-0.24711816983562512,-1.0769881967972676,0.2129021664758562,-0.3200625623041952,-1.268425438869824,0.2659887372840923,-0.3425120236451469,-1.4175097994511205,0.2723052576493653,-0.360521391288977,J
0.0,0.0,0.0,-0.19794400606651852,-0.4620083709925256,0.13106560183669191,-0.4558632644592951,-0.7268719910808799,0.18781345080366027,-0.6514949835377901,-0.8395034094277963,0.22239751980875794,-0.7681133729915345,-0.7509009303379599,0.24100330811293272,-0.7874258712662446,-0.8046638001304912,0.037481307782689384,-1.0480972606277086,-0.5461323911698928,0.06988242655434655,-0.9447838938785558,-0.4053889567934401,0.0871715652048579,-0.8004623325172424,-0.35125570277801543,0.09091620707280156,-0.8433051545139032,-0.5362037759583513,-0.03635831429381841,-1.0333640335383887,-0.26744665228724573,0.017289480984960894,-0.9043417942576676,-0.12603556464256188,0.0419042097399102,-0.7766817312224781,-0.0878050550283094,0.03201344066957526,-0.8435488672511847,-0.19813346396469017,-0.09253398494567922,-1.0324285716024564,-0.0027094324103077907,-0.07881487574529131,-0.9095914924899386,0.09317601282599097,-0.07974599729409489,-0.7626686286126635,0.10416663260383374,-0.10494540332271171,-0.7959642808259996,0.14772686633804427,-0.13080815614170535,-1.1293815079256613,0.22190804297231337,-0.18735927706206135,-1.3330338555068661,0.29443835336214735,-0.2165973183680484,-1.4936367515366602,0.3237769831398441,-0.2417794171029892,J
0.0,0.0,0.0,-0.21147606373106556,-0.40453877234140484,0.16184581928711783,-0.48311228797852773,-0.6096045585205498,0.23631371835855505,-0.7024497665518029,-0.6597350070700864,0.2828604699389811,-0.8451482851939779,-0.5432394777701912,0.3161589490209134,-0.8046039397403256,-0.7455522280733606,0.06860025189769414,-1.11155399392271,-0.4538452015363281,0.09643368020348814,-1.0291250679428603,-0.2949634414179095,0.11782989924170587,-0.8745653630634894,-0.22825425797166718,0.13323254728475947,-0.8580969129543652,-0.5132433135754841,-0.01584263387969001,-1.1014538949173347,-0.21424726670859445,0.030964300198551377,-0.9748423721496577,-0.06604041837603972,0.06415232175946382,-0.8377707591904824,-0.03147858897750082,0.06846088908960656,-0.8609667283492624,-0.2113581345700446,-0.0815741920049313,-1.1095262356635993,0.02126229549584665,-0.07789690291370174,-0.993269781156938,0.12392470191234445,-0.06888115093034679,-0.8409063047667078,0.12056752830924898,-0.0777275359398645,-0.8245645748480598,0.12189118097171796,-0.12636283324896264,-1.2072025995042464,0.19911993371510459,-0.19382964760664054,-1.4391822546672977,0.26829833798658304,-0.22180876002932776,-1.6215222594570586,0.2962954440882892,-0.2386546363763044,J
0.0,0.0,0.0,-0.16914537777414726,-0.42637133309399056,0.1747408402978899,-0.4161486355161143,-0.6652608883502629,0.26787125664671707,-0.6313922247738926,-0.7807887565048435,0.33606214787739347,-0.7730500141006144,-0.7100288069357382,0.39374705865703236,-0.7909160780389937,-0.7520036555266225,0.060750792919933405,-1.1321557188958953,-0.507265283066064,0.10227041894695914,-1.0542039154634424,-0.3517719923572407,0.14331072756723812,-0.9051530077063014,-0.29137260060443865,0.1655937251255119,-0.8524012052759007,-0.5223785973109565,-0.023082164448540856,-1.1394255627789833,-0.25074576038662416,0.03045189674840641,-1.0157849655164506,-0.09115706518882812,0.08501657217102718,-0.8770048401976669,-0.0510020286503401,0.09823410597447922,-0.8707699514306081,-0.21842323996657653,-0.0876116634787172,-1.1632084455882463,-0.01985738514900977,-0.07648816470029607,-1.0515958621151433,0.09471366765970371,-0.04727444057691152,-0.8909555895044842,0.10723004752512533,-0.05063983796530884,-0.8465400935619743,0.11279046039182018,-0.13081315521321962,-1.2508757568945474,0.1774003398328467,-0.2248853968906789,-1.5012016170980853,0.24658683176866952,-0.27351018251803777,-1.6935093119330258,0.2663087227359188,-0.30636850994774395,J
0.0,0.0,0.0,-0.15496075853384209,-0.4147151462058844,0.19809526746479222,-0.3940882514817574,-0.636077844015417,0.30637510731437567,-0.5948816504954965,-0.7337201989364732,0.3856496607599923,-0.7279823246128895,-0.6462858612978106,0.4545340444749267,-0.7915742945024807,-0.7438184251086452,0.1288732360135423,-1.0886464249421028,-0.49393075353655624,0.1888933485950483,-0.9989854851764152,-0.36392919812730995,0.21964079450205382,-0.8450504641332054,-0.31400892905380967,0.23315948379586268,-0.8468702557562695,-0.5302623077288159,0.04040612475134513,-1.1087836423615312,-0.28478693408860406,0.12383305437578893,-0.9772219210520512,-0.14950103709268542,0.17579692835886235,-0.8383501883454832,-0.11959300292395232,0.1858348654497273,-0.8611795190223677,-0.2366519005252176,-0.028819303827180814,-1.1201403435389277,-0.056754624889949284,0.012544774025962688,-0.9985010930941738,0.03648132021250017,0.04471309007691728,-0.8339525366892266,0.03808456211980907,0.041291027670069536,-0.8337490411841305,0.0882492366307031,-0.07674371549945315,-1.21383584306617,0.13646958465932574,-0.1369227963088793,-1.4503615625153494,0.19052909266812765,-0.16747252291019532,-1.6330710097127408,0.20426905372070664,-0.19036664810392379,J
0.0,0.0,0.0,-0.11551698385697703,-0.40696124742465034,0.18438967342027698,-0.33656940404091334,-0.6467861413361182,0.2964449454853768,-0.5164852196792409,-0.7551059528111294,0.3796320065391739,-0.6271491314123165,-0.7078644237222296,0.45195508811769003,-0.7822961375739665,-0.7381134002964325,0.1396809013021098,-1.1044857988106864,-0.5331597925114464,0.19517985380174568,-1.042573975240556,-0.38255045917910196,0.2305137731203921,-0.8916952342331655,-0.3092041475487404,0.2521270717758784,-0.8498479605036221,-0.5237603349544042,0.05859654901343814,-1.1323513166220418,-0.30313917348157315,0.12368784685999552,-1.0113811534891763,-0.15508574471725953,0.16888000911413398,-0.8654768539092911,-0.11283562690096624,0.18257937952403677,-0.871100156641257,-0.23243405582856602,-0.006450950068944634,-1.14330047925538,-0.05940641871109035,0.007615670727837934,-1.028893730058585,0.037408824404197454,0.02806653214787484,-0.8720269712583233,0.039768209665854926,0.028637744647464183,-0.8532948730119808,0.09529232853684841,-0.04897021420114234,-1.249383261391239,0.13349913030836352,-0.12365156919770799,-1.4921678905763889,0.18522619321232672,-0.15826088523778387,-1.682095732679406,0.19688808933991606,-0.17845246605659268,J
0.0,0.0,0.0,-0.14061773050809964,-0.4375962388748945,0.1926305457069256,-0.38168364707974756,-0.692523015556055,0.2868791592988613,-0.5899329704492146,-0.812373523794892,0.3476091051633087,-0.7346416408601565,-0.7468152511925026,0.3946062641416545,-0.7367318240690685,-0.8149196676561614,0.11371617778601872,-1.0957420304659162,-0.6064375312858394,0.1731359473543839,-1.0224343804078957,-0.4441379764647704,0.21270255320490444,-0.8934797006382297,-0.37130990694019966,0.23019294295303291,-0.8011828413003458,-0.5982010415218644,0.01617308653478819,-1.1418432203726732,-0.3727537456168793,0.08614304395206242,-1.0344392731070156,-0.22021990260948737,0.1371980338705749,-0.9065087090772532,-0.16760091815152403,0.1456474000162428,-0.837087528309633,-0.3074260606347567,-0.06155225613125559,-1.1649399387256976,-0.13784257074750672,-0.01937081890922103,-1.0623979853419272,-0.02450374644387194,0.016109854144780292,-0.9185701249744103,0.0023799674217178488,0.00921169761691782,-0.8332320821466378,0.020226138973291664,-0.12002460847285394,-1.224891897412172,0.061133011497019885,-0.1620944737052599,-1.4486759343178477,0.10834022290050378,-0.1803599569021477,-1.6297918311484838,0.11887322096965634,-0.2010552031655938,J
0.0,0.0,0.0,-0.1406387739668636,-0.43860126991712733,0.19127185351107706,-0.4362761093269664,-0.680679027463027,0.2819659554190462,-0.7113520684424843,-0.757691654322133,0.34564045432140267,-0.8990234642018089,-0.6338090679000854,0.3995067549679674,-0.7308526351466738,-0.8381948626324092,0.03606299697839372,-1.1369827780797008,-0.6760122127367617,0.07029886537584451,-1.0450198796945755,-0.5416484684578351,0.11091698413892018,-0.8998097141987519,-0.4899040045003952,0.1306786886154021,-0.7839463329475156,-0.6180339597565039,-0.05884022132724407,-1.1881541860335172,-0.4406687822400629,-0.009069604848488939,-1.0598842697601407,-0.29052024430376894,0.0700145367725494,-0.9208993191301965,-0.24798779394130416,0.09971603037296554,-0.8193129097908706,-0.3171516806722304,-0.1327420437938904,-1.2177376037976655,-0.18148945386496737,-0.10407790466417602,-1.0999253223088699,-0.07232119713301059,-0.03813874417431961,-0.935642345919308,-0.04782645699418231,-0.0228521939411725,-0.8268014964690135,0.021479683413242866,-0.18683344471832417,-1.275486752118126,0.0323939848297664,-0.2639642057016447,-1.5346474594372286,0.07300367904163332,-0.29743905112542146,-1.7404468728787188,0.08114210637832818,-0.32532431562636366,J
0.0,0.0,0.0,-0.19494148348848567,-0.5056501713056623,0.21929181980970072,-0.44148445903805383,-0.7619168574480408,0.2883428039740459,-0.6588647080432418,-0.8312163085311646,0.3183902503266366,-0.8117384546015657,-0.7183599131013204,0.3344149386170602,-0.6901326876929943,-0.9092854160544198,0.05874117499867342,-1.0661174552486565,-0.7570620324336068,0.10271432688333253,-0.9854928101849135,-0.5964181595093199,0.15212260425174443,-0.8589792348899881,-0.5412352601346121,0.17204546902133525,-0.7252639362981593,-0.6854797968360763,-0.06410671442892014,-1.1032705973965946,-0.45782019047250433,0.0007460732559255795,-0.9854488117183584,-0.31968830544868854,0.07835255833617069,-0.8538283604249017,-0.30356934280897535,0.09874866111107378,-0.7495392136437946,-0.37481909095844707,-0.16239959975612514,-1.0919852734917097,-0.22203910976972258,-0.10021533835340392,-0.9654297356489902,-0.1306072423901136,-0.017539317805247777,-0.8149880071571636,-0.12949427346748624,-0.004064805537481408,-0.7439124997216459,-0.0311985321986861,-0.2427549380104397,-1.1022650797419038,-0.020139082169663727,-0.28414988862007123,-1.2966957738345983,0.0024582022438944737,-0.28903270044830526,-1.4580600368187766,-0.0035773354761034536,-0.30130459665274467,J
0.0,0.0,0.0,-0.19902749372798498,-0.5160706396789034,0.08505052960175702,-0.47285964615857623,-0.8195239649730758,0.07449889606283343,-0.7066450780015529,-0.9288291207941787,0.04894178604974544,-0.858864269740226,-0.8209387644273004,0.009527307475682466,-0.6638823669264429,-0.9741561039516645,-0.11049819818783216,-1.047536342779488,-0.7391354246854246,-0.13188112797602392,-0.9478710014097317,-0.5840752061447906,-0.12898978345926532,-0.8078690441128772,-0.5483440313027955,-0.1365955276121449,-0.6925486547440548,-0.6948225869069061,-0.19390186573675594,-1.0598106000777054,-0.43110847857596457,-0.19279569228931356,-0.929630684031602,-0.2983944271437032,-0.16137790588651002,-0.7864787095161346,-0.2876889980634033,-0.1722133709846867,-0.7090907638241555,-0.3401854174368674,-0.26009537345618877,-1.0511452249059319,-0.15264418110502398,-0.26264460998734396,-0.9255276038163682,-0.05740936408295126,-0.22696525422880953,-0.7715368553611079,-0.05696664982054192,-0.23733124280375165,-0.699384400842418,0.04030233224656401,-0.3155759598284022,-1.0678858061774248,0.04842062616926777,-0.36910255132689984,-1.2665986830003708,0.08036327939548878,-0.37587678503927036,-1.4343939769839547,0.07907169420638148,-0.39295897869894403,J
0.0,0.0,0.0,-0.1865815042720283,-0.47989128224757105,0.10771001220938999,-0.47888711845931603,-0.7102641538396086,0.10344419083569201,-0.7390165091899049,-0.7151282715133259,0.07942414768332992,-0.9175601061256751,-0.5506036630047615,0.04331826427905772,-0.6571993698493629,-0.9736242799445644,-0.06174576596833783,-1.0273448877582925,-0.744819053119759,-0.07201841898506425,-0.9148969315946041,-0.5943518757035988,-0.06993905292596596,-0.7875459780927792,-0.5799748935481626,-0.08195578329312146,-0.6830952455479192,-0.7139135062782066,-0.15397529367851542,-1.0362841577945543,-0.47226377478402926,-0.13409993297074602,-0.9091502990447768,-0.34090151017681286,-0.09590821534220154,-0.7859663235841022,-0.3394404015848838,-0.10556433477809048,-0.7047142741831139,-0.37003645336700625,-0.22952942468426846,-1.0350567507263353,-0.21809989270452443,-0.20993540222584361,-0.9239227407247208,-0.12826955506514642,-0.16774436168477308,-0.7968962226305347,-0.12721832918003415,-0.17871396757971397,-0.7081957200929976,0.000991349566522194,-0.29477366672852884,-1.0488209487537057,-0.010666259363427409,-0.3333683499699839,-1.2175598847146663,0.010144036730657082,-0.3363097022921246,-1.3694364541328026,-0.002003385769025607,-0.352889121625028,J
0.0,0.0,0.0,-0.19480976875862216,-0.4883367077262058,0.12214343109926344,-0.48088714227538687,-0.72605851603534,0.11934862843328824,-0.7304297752844188,-0.7405322085577403,0.09214385205411874,-0.8976271754931543,-0.5871066037051086,0.051586164591958306,-0.6790019966306857,-0.9721200472523744,-0.04616923265059665,-1.0343211946019322,-0.7335089602489913,-0.0629655136464707,-0.9201392045640515,-0.5852110536915297,-0.07473254341498105,-0.789988805010123,-0.570820199212126,-0.09291501053319476,-0.6997890728458586,-0.6992088550397488,-0.14629501208017007,-1.038440600423258,-0.4420484027895964,-0.12593166065671169,-0.9106907465905687,-0.32200190111371013,-0.09594897582701901,-0.7819339477203778,-0.3259045454363883,-0.11113411473849408,-0.7117510268566325,-0.3512125635030844,-0.22880517401805225,-1.0379058439476756,-0.18785535687174096,-0.20670011466086594,-0.9294674477820681,-0.10563666591930378,-0.16726750725296982,-0.7960485191652891,-0.11391836118817424,-0.17909950688688564,-0.7068907653834424,0.014448735657961427,-0.2999911880088839,-1.0543237113603785,-0.020918773471648458,-0.3257176729363475,-1.2424361356526776,-0.0087276381141963,-0.31798617107681465,-1.4081607293543859,-0.01793215152541734,-0.327716038201312,J
0.0,0.0,0.0,-0.19723115846577824,-0.49093499650942485,0.15391827350015266,-0.5000780024229419,-0.7367647611175515,0.17330530230221167,-0.7665774963557545,-0.755520483927127,0.1695209214534835,-0.9349972276979154,-0.5959815373432771,0.15249935618106567,-0.7008031599381256,-0.9886860307891999,-0.0486097041433337,-1.0706543581104493,-0.7204798367116476,-0.046875963206367235,-0.943086456804877,-0.5677311827707362,-0.03752497060290146,-0.8057508174678808,-0.5719371783010333,-0.04468684004022442,-0.6999357754079386,-0.6970882175506233,-0.1554282061151794,-1.0637694628259287,-0.44856402049857586,-0.11104428677684165,-0.9351183092947689,-0.3296179850214774,-0.053916093659379,-0.8098145115457143,-0.3314349428021399,-0.05709773047185115,-0.7027219974866458,-0.3402151931436696,-0.23996800384960534,-1.047660840563322,-0.18545371053587242,-0.1906246847342861,-0.9400553808303105,-0.10344416654983564,-0.12976262258577254,-0.8076383450277196,-0.11097250656268584,-0.13694909054447646,-0.6977953218457835,0.02609430716836687,-0.31056484292817715,-1.0568032349536227,-0.024826864149990052,-0.33216433215112606,-1.2424194883604227,-0.012870484526956251,-0.32668835578110383,-1.4030981919150587,-0.02004524181606551,-0.3417732881794034,J
0.0,0.0,0.0,-0.17284425595437325,-0.48382584522364636,0.08635828447857605,-0.4905687639798173,-0.7348885674670886,0.0773665350599077,-0.7653223530327302,-0.7256901301147711,0.05275814972648469,-0.9351900998367266,-0.5234121756174127,0.017120818075119205,-0.6668781740625787,-0.9919874994010437,-0.07441784146431164,-1.0552923276038921,-0.7355634083820068,-0.10192935788988292,-0.9337165260950251,-0.5931515057168374,-0.11098220285034888,-0.7970631505260004,-0.6044421408755931,-0.12210165113570146,-0.6903660753651837,-0.7067702954758038,-0.1545005871118893,-1.0529246552959275,-0.4671272923050693,-0.1436356961242537,-0.924701539483109,-0.36058514171226874,-0.10725641916892964,-0.8024917169377993,-0.37386926695962797,-0.11046709059733184,-0.7067021429886411,-0.35420339533114953,-0.21947955251636256,-1.0464627014342944,-0.2153134007482139,-0.20229662160999504,-0.9389524513259471,-0.14689880699733487,-0.1546657166495245,-0.8171772053231237,-0.15898172973890404,-0.1510987962963253,-0.7071263355269537,0.016137697336829546,-0.2761173576946945,-1.0435940904422278,-0.0629330331108835,-0.28507081609797247,-1.177069841377742,-0.08416127962020377,-0.2597000382224874,-1.2925874716240509,-0.11431821808606596,-0.25265475994248965,J
0.0,0.0,0.0,-0.1621574728236961,-0.5030420400707638,0.08357526985780524,-0.476309331087132,-0.7760448446641188,0.08150352719591641,-0.7474265582026753,-0.7888860215362757,0.06655093947280466,-0.915239790007314,-0.620136815160178,0.04242907950696958,-0.6920964919861871,-0.9778016956307488,-0.06894479513803493,-1.053136149725625,-0.75741704029157,-0.08819516801007002,-0.9275677140528441,-0.6231051151726805,-0.10064318415175445,-0.7941099326552699,-0.6271527306361503,-0.11599659093861889,-0.7306303655353897,-0.668142929027625,-0.14058554459121578,-1.0601245651686866,-0.47478745979679965,-0.11990573278504234,-0.9333462497293928,-0.3725552356800461,-0.08592706172822645,-0.8051362290368769,-0.3840356476493657,-0.09369599594276638,-0.7510436643013737,-0.310957108864885,-0.19754626541406403,-1.0617789476795492,-0.2239959207229227,-0.17806720725728695,-0.9561025269630629,-0.15149293572458353,-0.13892535178578902,-0.821436447659276,-0.15647457885452737,-0.1428867710730943,-0.7500417383235535,0.041806742510270146,-0.24589044107989308,-1.0567611651258244,-0.03551154692337114,-0.25598010885164785,-1.2067506034758697,-0.038709946768768655,-0.24169093660721588,-1.3327943273280733,-0.050638755292407786,-0.24490617413869317,J
0.0,0.0,0.0,-0.1671535030948657,-0.48623801008686174,0.09805356480221478,-0.45002939806854775,-0.7560522243848702,0.11174965170200701,-0.6983066858337186,-0.7854303661613062,0.10970629963127365,-0.86397957812155,-0.6530146148210568,0.09702273613418781,-0.7177476748183944,-0.9380978120391222,-0.027480044932166107,-1.0378626731954719,-0.7314911576375657,-0.03091899717659831,-0.9283812422937877,-0.6041199940043013,-0.035655363846331195,-0.8017559032395141,-0.5917928542599836,-0.04709424212407274,-0.7673199277349564,-0.6329720357097653,-0.10279363068914674,-1.057374184977865,-0.45123564453037535,-0.07548894348633932,-0.9415925539489661,-0.3429061268741904,-0.04623834448923169,-0.8154478737542656,-0.3405511560238039,-0.0556943056676751,-0.7865190541855475,-0.28603028772932443,-0.16344639492098414,-1.0667699066556713,-0.20123367575389597,-0.14728658641741227,-0.9755717870210026,-0.12087877355122653,-0.11558199719605787,-0.8476293274020551,-0.11331934287763815,-0.12164321702526855,-0.7771217380792711,0.05831205125142424,-0.21403368553130162,-1.0773868378932554,-0.0071273405581823305,-0.2354318507941087,-1.2366328343146684,-0.0049540119050471626,-0.2295489463258222,-1.3672489051813412,-0.02411609855579356,-0.23556357511541046,J
0.0,0.0,0.0,-0.18511478211441407,-0.49705072442516846,0.09428495733494038,-0.48442042117609635,-0.7532522330805483,0.09816413944490741,-0.7457099661008447,-0.7632462640831049,0.08690132919393062,-0.9123344588492888,-0.6079883905866429,0.06606530482484689,-0.7255953630278988,-0.9485318026384687,-0.05494419320404991,-1.0861473722581263,-0.7188182625051488,-0.07321823116182181,-0.9683621816462873,-0.5833581460745544,-0.0821358459975716,-0.8375403010226969,-0.5820482116871747,-0.09607663093030851,-0.7565813978407913,-0.6401079916319435,-0.1335902222851427,-1.097451707651185,-0.443644843752915,-0.1178326988966294,-0.9728633929636595,-0.326533428826817,-0.08233853833301641,-0.8446241341338485,-0.3345677999592035,-0.0893408859648759,-0.768995989269552,-0.2820250132369438,-0.1981644005358158,-1.0957403198760902,-0.18425205816754267,-0.19228392549601955,-0.9921149020866117,-0.10127626796588178,-0.15294742896670369,-0.8555785699075685,-0.10172483508450526,-0.15515292507806053,-0.7592427069652503,0.07872124763250067,-0.25265200075296257,-1.1013066468482418,0.009608734417849457,-0.2905953738595642,-1.2871491017698813,0.010856138277557438,-0.29095162519916934,-1.442399945207019,-0.008248356271460389,-0.30168957831273974,J
0.0,0.0,0.0,-0.19275742609512878,-0.49261121000090347,0.09320618078246716,-0.5310881115748969,-0.7396525150838137,0.07557736331289391,-0.8245307053761448,-0.7262008040847137,0.042041991911419226,-1.0097837153214404,-0.5319615911761147,-0.0011525921117609772,-0.6930597616391344,-0.9895338802741223,-0.10699883992504103,-1.1203733658352377,-0.7276330353219542,-0.1428468635434312,-0.9943298839584599,-0.5774895254335786,-0.14913873232994054,-0.857305712315483,-0.5919253400980049,-0.1627435368973987,-0.6960876574028979,-0.69064755636792,-0.1961324197942977,-1.1232444607479517,-0.4553691933416405,-0.19141764783576817,-0.9937997894612164,-0.3406121190914878,-0.14147861030706782,-0.8677818362146174,-0.35386936199599,-0.1417111523513319,-0.7015042320532011,-0.32265860935682716,-0.26937161954074407,-1.1092770463911699,-0.20372647780933445,-0.25795950843855675,-0.9988972562342839,-0.1188481623766593,-0.19297772557696205,-0.8688091132986285,-0.11933733598141014,-0.184226270256486,-0.6926643181520501,0.05941012803997208,-0.33394194095122065,-1.0539489963729354,-0.003561243909951228,-0.3680074264031175,-1.2038198254517045,-0.008887717512564345,-0.3545748931617377,-1.3323639868229147,-0.021414891650088683,-0.3577999475374952,J
0.0,0.0,0.0,-0.18109201777791606,-0.4736798028017645,0.08749275126003445,-0.5065248172812329,-0.7289477323870225,0.07694364234142456,-0.7834275368195719,-0.7424732527220331,0.04872138493130224,-0.9431524880638753,-0.581354684543868,0.012208266339450935,-0.6888813380270118,-0.9760664989750307,-0.08705740745946736,-1.1064238189014888,-0.7336624268932964,-0.126236151010612,-0.980315113028112,-0.5861771589988363,-0.13823343737915966,-0.8436965056588233,-0.6014775955827694,-0.15459894086456433,-0.6928785682981554,-0.6997589738558833,-0.1739444396962999,-1.1061530125315426,-0.4557900577707653,-0.17595549453704856,-0.9745386503773774,-0.346635976389544,-0.1312415215026597,-0.8493716008978568,-0.36529855544624995,-0.13082355049166883,-0.6946405361550723,-0.34760192643316307,-0.24829840730847139,-1.094401791855359,-0.211407286413544,-0.2461630479044688,-0.9846716920069163,-0.13012985984022604,-0.18507549405442417,-0.8576418005308541,-0.13771848078165158,-0.17332259317023013,-0.680089996445293,0.025176236825627044,-0.3153615361658418,-1.0415816013238723,-0.03442484162217273,-0.3541207903528854,-1.1854245482061618,-0.045340336082908224,-0.34306292523909765,-1.3057844146650828,-0.06346746830067714,-0.34459401093475234,J
0.0,0.0,0.0,-0.17171436939300136,-0.4637159224950761,0.0859570904623772,-0.5056505803178846,-0.7166578742059306,0.07836431203622227,-0.7941474208958813,-0.7347889527702721,0.056618949261450946,-0.9639405849819489,-0.5734006513360987,0.029242611876440727,-0.6898079564876246,-0.9788157235703464,-0.08872456063754453,-1.1160805084347607,-0.7284347301398421,-0.1218350615393729,-0.9918083412871678,-0.579633833044576,-0.1257225811852723,-0.8551209033730928,-0.5980544366282617,-0.137071277666995,-0.6843242553019118,-0.709012345659392,-0.17029917001574235,-1.1130137329147327,-0.45288379399823475,-0.16985420777225238,-0.9818917444271265,-0.3474887797610497,-0.12024544905462022,-0.857245627737742,-0.3671065328049732,-0.116712263022206,-0.6801456063882679,-0.36923697468050865,-0.2386117924042631,-1.093786108751917,-0.2197027764017945,-0.22834700521371015,-0.9899356739981828,-0.1363018100521754,-0.16042616917620844,-0.8669330375656639,-0.13535197335005805,-0.1451140059525194,-0.6581813625468109,-0.008141248905289647,-0.30031371009821106,-1.0196085823042622,-0.06828617890067203,-0.33439959402739305,-1.1534769224039332,-0.09064383615076727,-0.3219195146667699,-1.2609442302144493,-0.11286609787711038,-0.3215727233016878,J
0.0,0.0,0.0,-0.17250674054829526,-0.4754478074097872,0.0687240065447634,-0.5008726209062009,-0.7443611703980723,0.04875754206263296,-0.7949672935368732,-0.7711774522642239,0.013243679816986086,-0.9725971959071831,-0.6328074137373865,-0.029017347447034637,-0.6798299116846627,-0.9851986758869359,-0.09542364299515098,-1.1098594598747988,-0.7659388220842449,-0.14121232949759596,-0.9963066572668529,-0.6199221155200076,-0.1558496080821883,-0.8626001468181499,-0.6320089649733153,-0.16805299907728316,-0.6971939637220108,-0.695396614119859,-0.17419565442406273,-1.1191394825835346,-0.47707394530875036,-0.18723202270621922,-1.0051052714874802,-0.3790442956475443,-0.15273595963805212,-0.8766502072110735,-0.3956264477264347,-0.15389652239863855,-0.7080935296928863,-0.34479349396633063,-0.24116602666558457,-1.1144278012138784,-0.23077023245594544,-0.2476681519327945,-1.0175385260146814,-0.15402160025096875,-0.1928151915534435,-0.8886400035186782,-0.15931323637975472,-0.17900847948065898,-0.7017549638616077,0.014521887993571547,-0.3018305574057251,-1.05943114307601,-0.05831338717871025,-0.3228267923142269,-1.1721333619608467,-0.06692585844296388,-0.29436978347047926,-1.2504762787246584,-0.0782609192984037,-0.2818941615123655,J
0.0,0.0,0.0,-0.1634382611233582,-0.4786272200856445,0.06563484886986733,-0.4896239470703916,-0.745130406709223,0.04408397825988371,-0.7801902180779315,-0.7755686802413015,0.009432737929669477,-0.9519407576328932,-0.6497650349452623,-0.027660086994593984,-0.6871910914805937,-0.9849437609275452,-0.10006582753733585,-1.1230462549610676,-0.7659428969588423,-0.14988171581997828,-1.0012497218836067,-0.6267519432326942,-0.1664594973087276,-0.8625614562376448,-0.645565064259689,-0.18055293398786137,-0.7053786654718336,-0.6865690771304623,-0.17624937056738768,-1.1396752603913558,-0.47883093828992607,-0.19486752332902912,-1.0222134634139899,-0.37691478981834536,-0.15621562488238516,-0.8900478438308691,-0.39720548931737065,-0.15448002951963968,-0.71777577520573,-0.33028386295057005,-0.2422640780305418,-1.134868976180644,-0.22353264542245738,-0.2501574388253062,-1.03829372501078,-0.14236461381802548,-0.18938819708695936,-0.9070489588134868,-0.14504160447929743,-0.1727738784700497,-0.7068760008153134,0.03365524173289444,-0.3032689629839889,-1.06828936611827,-0.04156060711676796,-0.3333222064931711,-1.2389382311195702,-0.06447857799792131,-0.31924213187030726,-1.3809431652050526,-0.09099360788492457,-0.3186489677861002,J
0.0,0.0,0.0,-0.18531914889619347,-0.48692491834752155,0.09825620682009548,-0.4991144610037968,-0.7631487086120948,0.09004142162120124,-0.7875401267378551,-0.7918880993949886,0.05990615154317473,-0.9616385148154399,-0.6637664389632884,0.021937160924414095,-0.6915493807217251,-0.97735550444998,-0.06880106331571559,-1.1144914017368708,-0.7941949914659113,-0.10691066153508168,-1.0066904126707352,-0.6474161462504145,-0.11671687163855846,-0.8725853698302064,-0.6497416687412924,-0.12747416796074806,-0.7114548036425152,-0.6835216377231726,-0.16318772361370193,-1.1325512322808384,-0.509539624170237,-0.17345492181094518,-1.0220186562888876,-0.40023521269377876,-0.1336659371927806,-0.8898145722844845,-0.40813660995700174,-0.13135693771960064,-0.7211759468548765,-0.33254223778752173,-0.24427870927062997,-1.1259386139980325,-0.2454089444586501,-0.2433051714278691,-1.0312678725957656,-0.15825938231235293,-0.18012899095957138,-0.9011822772604856,-0.15951431165651353,-0.16427745558091886,-0.7109158334652218,0.029126431197454537,-0.3179478177779512,-1.0706433963710704,-0.05297914154620239,-0.3404140706416581,-1.2238666612892148,-0.07229573823629803,-0.3182166468658953,-1.342606724472243,-0.09822075480470262,-0.31333859284098914,J
0.0,0.0,0.0,-0.1493501985608181,-0.46910981391448786,0.11469910106645068,-0.41621959033004685,-0.7236983766137528,0.13752964509825577,-0.6800588769547915,-0.7432461736913967,0.1365420246637345,-0.8521197123213045,-0.6235136939126598,0.12977009560737282,-0.6485006036052225,-0.9791078901902488,0.022078888715321338,-1.016677161855822,-0.8277631666793794,0.012585974067695717,-0.9187554785832401,-0.6899668875115382,0.004060637353138079,-0.7921357017943467,-0.6655613803392596,-0.007532517641196249,-0.696930444296593,-0.7143892995600257,-0.062736627951216,-1.056014683572856,-0.5690538212668869,-0.057199157914187504,-0.9388437308143509,-0.4420635146357533,-0.029724243716821894,-0.8065040952441639,-0.43294064166293567,-0.03210083843502553,-0.7307184082074762,-0.3930333630070055,-0.13649788171172605,-1.0702509685456327,-0.3122175361383514,-0.13936775054347722,-0.9672647095821403,-0.20821147486488792,-0.10531829324190184,-0.8311696870674505,-0.19759521260563684,-0.10360366138808312,-0.7469245495331696,-0.060876587990792944,-0.19991942055246795,-1.0797086832886937,-0.13822804222834958,-0.24210060854312945,-1.2839847029721267,-0.14669926352863663,-0.2513445705181256,-1.4607645032270553,-0.1788453256850577,-0.2659974980788013,J
0.0,0.0,0.0,-0.13780738821994273,-0.48212155380460026,0.11411722268515151,-0.4077064597492403,-0.7419507821643584,0.13869041263820292,-0.6737802197570293,-0.7711993404979359,0.1433308608985876,-0.8452885134319755,-0.6475903840780294,0.14179750824609133,-0.6469763242604597,-0.9894846934684024,0.007680240314093717,-1.0000796741823645,-0.8247973360475382,0.011007067518125075,-0.8919827567048653,-0.6920029250745714,0.009859678795983453,-0.7675493292516732,-0.6721320409717727,0.0005846075129810083,-0.6983428668869233,-0.7120636117975925,-0.07268186171198866,-1.036519232994037,-0.5537995210659205,-0.049281866942815944,-0.9158620126311162,-0.4386419970015649,-0.015998273620281826,-0.786493717052139,-0.4378350814385144,-0.019973919757372092,-0.7300274375359437,-0.3840967693405841,-0.13945076134612547,-1.0547369769830344,-0.31136916305818096,-0.12543957994441618,-0.9587429024564256,-0.2228336191104231,-0.08905676632797363,-0.8268069285352425,-0.21454692830526625,-0.09079414566602326,-0.7398923396725217,-0.05163979733707878,-0.1958659169159388,-1.0648942158630916,-0.14884138290333362,-0.2267428882290644,-1.263211620790257,-0.162741117282269,-0.23099608253416437,-1.4326843704128036,-0.1914004224410003,-0.24406291798196583,J
0.0,0.0,0.0,-0.1430224420919132,-0.47950347816300415,0.15685515513974202,-0.37542017280566076,-0.7415517665326185,0.21061325707768014,-0.6165112886441395,-0.7659201999342801,0.23697979402039848,-0.777177106992963,-0.671976131453822,0.25439258021027955,-0.6507173009208544,-0.9749957187722817,0.07332416510414465,-0.9827621749759444,-0.8426777574529876,0.09826011879632664,-0.8804215569055825,-0.7074724074682839,0.10978149216640735,-0.7582433400912794,-0.6851904524882114,0.10868400020181253,-0.7075104795762138,-0.706369331594526,-0.02170918405971361,-1.028288547824559,-0.5762282064996415,0.025544968466121167,-0.9191183012196649,-0.453985774729963,0.0649838948146195,-0.797625889976207,-0.4466213599860409,0.06446962391922159,-0.7394986646589812,-0.3914265753286085,-0.10162519770352525,-1.0499947256257036,-0.3401237753578312,-0.07263394584504677,-0.975512484183918,-0.24454171788719903,-0.036079975116310566,-0.8589943207485382,-0.22619121567900258,-0.037019828724852405,-0.7488027263949092,-0.06974277163260914,-0.1674793238906122,-1.0621932828205214,-0.1832862343683934,-0.1910056815817542,-1.2429814792806027,-0.19432663803998124,-0.19020250287483642,-1.391284015114298,-0.21855636206175127,-0.1975552580357049,J
0.0,0.0,0.0,-0.1347335385094847,-0.475028206374073,0.11231910406264826,-0.4080779560842733,-0.7332512610798705,0.1465494185490414,-0.6718949666087314,-0.7584140472377756,0.15736423730299598,-0.8479715939212706,-0.6319892661827846,0.16255425926397488,-0.6650651167784879,-0.9717043890289543,0.07389192989406475,-1.022217129580285,-0.8473312954996853,0.09859395023758667,-0.9271064830785123,-0.7105848030752312,0.10545663907300813,-0.8156587423976532,-0.6909495154106885,0.0996230024566466,-0.7234196890656505,-0.6903708989377332,-0.007209394708554582,-1.0630259067939165,-0.5763204453233904,0.012330577142391856,-0.9611023895789423,-0.45232049442099515,0.02423638810847876,-0.8396149500507438,-0.4220355861891111,0.015855211362113267,-0.7553587347156345,-0.36823924358103216,-0.07908421073444273,-1.11074996002041,-0.3438584253525335,-0.07321561272327302,-1.1372323419309425,-0.2472063933817694,-0.06938312008427024,-1.1105398434470124,-0.20647747107797737,-0.08402579704049587,-0.7584701579136262,-0.03511891591355234,-0.13984988396628023,-1.0983923463981002,-0.13856604358436422,-0.15559667194827573,-1.3073264834731275,-0.14627376682543267,-0.1630652118267129,-1.4875263832398948,-0.16965056210945656,-0.17741886657162592,J
0.0,0.0,0.0,-0.13706226513572273,-0.4935499742404949,0.09347754556623519,-0.4176938342907072,-0.7624393940333961,0.11500613877607946,-0.6765894108062932,-0.7903848296175576,0.11286652870931373,-0.846609165161722,-0.6549809192517752,0.1039776101838507,-0.6709135108628763,-0.971451922478012,0.08471194230706937,-1.026637054124859,-0.874651277392661,0.08730776281470184,-0.938134207665748,-0.7416446676447968,0.06616981243768567,-0.8209430566641935,-0.7278036542700651,0.04860008850713927,-0.7456428774889178,-0.6660428293093587,0.020091012309768,-1.0845194642167992,-0.5816766224436674,0.04818082360728289,-0.9925328958077223,-0.4827038352496323,0.055847373644638584,-0.869564124217011,-0.47046807454465445,0.04662510896205991,-0.7843258659751701,-0.33734517259849256,-0.03766862106784745,-1.1080354280455627,-0.32556407235553364,-0.014833370513104526,-1.0515639365522453,-0.26626682055466677,0.008702764385727781,-0.9491542245097279,-0.24829785447361694,0.014784412340722825,-0.791720648676075,-0.020026637435506003,-0.08747455988037546,-1.073140482780002,-0.11061545768769517,-0.05170860093636827,-1.098901306369156,-0.09121960034464197,0.0010264359220526233,-1.0840032949896568,-0.08101727177688478,0.03670167807130053,J
0.0,0.0,0.0,-0.15617120274163146,-0.5333773907232119,0.08713390838763226,-0.4648735779702284,-0.8013850031095023,0.09968059121298126,-0.7710279028700004,-0.8355324047333476,0.09816236635329369,-0.971593948859358,-0.6827049168180271,0.09099551932599552,-0.6580076890398526,-0.992326700665445,0.008077444245953266,-1.067438653551609,-0.9336040663512428,0.023070757368703034,-0.9947368688520053,-0.7990955182356219,0.043652575325381665,-0.8872447669582301,-0.771618347434814,0.05038944250351048,-0.7309934001803984,-0.679950626286978,-0.05758293761737496,-1.127380655732814,-0.6324266163243715,-0.04682824439011233,-1.0647941148737574,-0.5294161213125723,-0.02427988647868335,-0.9617632144709256,-0.5133610138951694,-0.020308434869013934,-0.777170800087633,-0.33940695012682887,-0.11292949998519981,-1.1870101639256314,-0.38665621607445794,-0.11075440372524734,-1.282634490394728,-0.3567349166862995,-0.10657433204352881,-1.3154271198067882,-0.3684362424212676,-0.11805606297660554,-0.7868205095070457,0.002879492180314771,-0.15649513737392945,-1.1626283451917068,-0.12863296152051826,-0.17052344288880092,-1.3649865675249169,-0.15050841522444228,-0.17177966799335703,-1.5266577519138542,-0.18597036128917926,-0.17782190468826067,J
0.0,0.0,0.0,-0.14203279449687825,-0.5230601140759965,0.08509700215083965,-0.4264318940937557,-0.8186965915978653,0.0970031498009891,-0.7067569273892031,-0.8465079305406794,0.09358198735356661,-0.8927533100923584,-0.6935957996671188,0.08470011419705335,-0.6246711478460223,-1.0075081069828185,-0.011326148001423012,-1.0393108236477764,-0.9605226646465281,-0.02373319248734057,-0.9379801041615305,-0.8146598729714131,-0.022559021121522114,-0.8048352294235259,-0.7878190223208211,-0.020907396424172227,-0.6918175817695695,-0.7180561839343604,-0.07605097151337989,-1.0772913418855032,-0.6717984010957885,-0.06374654053966869,-0.9756323487394913,-0.5564861453666406,-0.033713561886186495,-0.8534709979880695,-0.5431980906753521,-0.02978818213973393,-0.7386816097086081,-0.3901737789625599,-0.13024618611871816,-1.1190623045977084,-0.43865436862664314,-0.12120028810643964,-1.0577054493671816,-0.36396232621463465,-0.0814471937440211,-0.9521460359362408,-0.33401913788352416,-0.06776901261298153,-0.7600447554243871,-0.05257339871015138,-0.1752573180370396,-1.0944012627113988,-0.24396686498331543,-0.17847614325362754,-1.2345597827444572,-0.3046793005526052,-0.15244889654284957,-1.3391977697735522,-0.35366456617893177,-0.13771759883405746,J
0.0,0.0,0.0,-0.14723597277000405,-0.5141221569685057,0.09175368899316536,-0.4164417864041669,-0.8062289636724341,0.10254755548983382,-0.6862173648532606,-0.8539604986648317,0.09789149583336039,-0.8720303779872776,-0.7422916504055767,0.08753214332520075,-0.6282079284439026,-0.9888276561179027,-0.029030503912549185,-1.0336574895815986,-0.9571287838075149,-0.03845845917921503,-0.9482455081617771,-0.8134933967456779,-0.02961717294587261,-0.8230325167827028,-0.7741102143173744,-0.022478633387960367,-0.6981553723856669,-0.7095476627308229,-0.0955049230262878,-1.0744551097471118,-0.669579412451792,-0.07791025761902887,-0.9794904814996949,-0.5492901728403068,-0.0394136008911512,-0.8599341479954732,-0.5375407205703955,-0.033565415958905484,-0.7421494141532162,-0.3852383498776974,-0.1487326731276069,-1.1088847541417217,-0.4278291579163883,-0.13517947798884547,-1.0401948918202508,-0.3465246752654996,-0.08907710999432043,-0.9235502341448482,-0.31466676069022465,-0.07620200501037885,-0.7604961144624846,-0.04358550536547661,-0.19202072573478512,-1.0907667795639149,-0.23508632898293233,-0.19689817557152056,-1.2407526532128872,-0.3091128517700071,-0.17374230839104718,-1.3495151543790025,-0.3694253950667688,-0.16360005062397223,J
0.0,0.0,0.0,-0.1544035495807683,-0.5341349252508379,0.10067373841287804,-0.4433377539951346,-0.8266353484033581,0.10167792003387155,-0.7337995537669215,-0.8556174837718491,0.08132314702114862,-0.9242197460059973,-0.6998790215309748,0.05125832699868767,-0.6133480242991723,-1.0060730602149115,-0.025398255241210563,-1.063089950283463,-0.9954181692607845,-0.04767373910416753,-0.9803701416958456,-0.8449500265548539,-0.04380684183343043,-0.8414996485387737,-0.803143369950105,-0.03368399489396487,-0.6899487850689223,-0.716673037435598,-0.10173706991432312,-1.0944047884717671,-0.6963884892496371,-0.08909335120157628,-0.9981865025267002,-0.5826190339521785,-0.05220975376269311,-0.8686823528404393,-0.5585270525569129,-0.04280493062559164,-0.7447925783000691,-0.3899819796153633,-0.1639956443268568,-1.1345197661027915,-0.4516118436750214,-0.14524007270393358,-1.0495591184101225,-0.3704490961646537,-0.09256487159383292,-0.9254159964551423,-0.3376089736557783,-0.0738217849863888,-0.7751246480681869,-0.04597605596058309,-0.21556964540572965,-1.1267437048639397,-0.2381610137137441,-0.18942549939819164,-1.2055385062425417,-0.2691684840010846,-0.13147958154368894,-1.2419298257500502,-0.28366099608336104,-0.0974216148351074,J
0.0,0.0,0.0,-0.15626106548354543,-0.5389449526043933,0.0866316768541487,-0.4437876819806242,-0.8375993125710616,0.07718376820944305,-0.7455121516341578,-0.8898623206094998,0.0539608971679047,-0.9503681655949977,-0.7617662495654068,0.0214714052408406,-0.6027118710371837,-1.0272136533637009,-0.08986242929116105,-1.0752601930931023,-1.0016024751864296,-0.10826205223568827,-0.9902680703320642,-0.8532646775817785,-0.08904689990232759,-0.848526875326478,-0.811070327421542,-0.07372451988279438,-0.6585038202411602,-0.7348400713153912,-0.16242779416401848,-1.0843103775823597,-0.6967544663172838,-0.15735540928698943,-0.9861187129674914,-0.5878547176580781,-0.11617300684043741,-0.855655612989478,-0.5672741240324484,-0.10890271152942482,-0.7024119477385623,-0.40234883399776344,-0.21698616572062862,-1.114821662809804,-0.4483783010057916,-0.2082983947329659,-1.0425063078073096,-0.37349948074266287,-0.15790848051734385,-0.9266993164048151,-0.34438744430579843,-0.1453083196858833,-0.7321818442490547,-0.0545683985941816,-0.2604968120877302,-1.1060949357910739,-0.23992594690514493,-0.27009545933046897,-1.2335944971099113,-0.29621906796906566,-0.23880213717990326,-1.3175096764316783,-0.3353404281443912,-0.22303668181209985,J
0.0,0.0,0.0,-0.15203780155899707,-0.5315299429769395,0.07890964578982367,-0.44792976384719385,-0.8177637555085633,0.06649962415863722,-0.744473219531468,-0.8827642487892998,0.043240473203179926,-0.9514969474331958,-0.7534589443772302,0.011795897378773451,-0.6139352814739865,-1.0161516346476076,-0.0815751848260328,-1.0949275357045265,-0.9815822205611973,-0.09526795672634057,-1.0284961408193756,-0.8345862976136097,-0.0701557035222825,-0.9022698040814936,-0.7958225859047517,-0.05111332613000656,-0.6748349421598696,-0.7230335341348109,-0.14771699075126957,-1.1181182004517296,-0.682837757959609,-0.1507009217172862,-1.057340058837493,-0.5953821101021627,-0.11467605873791573,-0.9450698095481103,-0.5823173563227277,-0.10323510537033191,-0.7195045388938549,-0.3925891646159247,-0.1981644850192518,-1.1696512990098955,-0.4570640443044668,-0.20450944127140408,-1.222933632625713,-0.4376741937742716,-0.1729333791496122,-1.2127315542015538,-0.4455066503013196,-0.1650495931702015,-0.7414239048364859,-0.04549958943626132,-0.23660246819978875,-1.12164050923659,-0.22523647144365141,-0.2520237071704735,-1.2729032633194863,-0.2755209470048731,-0.22941380110853424,-1.3808822613730383,-0.31981523005106904,-0.21546002121417665,J
0.0,0.0,0.0,-0.15999505781948425,-0.5638175676297269,0.10092921346099114,-0.4369411796569891,-0.8643877188562187,0.09383481668524236,-0.7191900549228984,-0.9196037193510123,0.07023685107339887,-0.9226381073544055,-0.7992998585649509,0.036392180190684305,-0.6048123990549757,-1.0245903958235467,-0.07838497871003333,-1.0724535894444167,-1.0493496475058939,-0.09875308727187934,-0.9988349286592709,-0.9002191006875961,-0.08334080915606089,-0.8671714193620724,-0.8475536375640965,-0.06920612021886867,-0.6732854316323313,-0.723074523042356,-0.15443432804507834,-1.112889720416026,-0.7384980416261662,-0.1487620314687346,-1.0269820258356182,-0.6194859343078767,-0.1027074486398733,-0.8938105302528649,-0.5928791989351314,-0.089310667188126,-0.7254569453382856,-0.38720971072862637,-0.21252283895302937,-1.1363480109144595,-0.47893282061036907,-0.19972743646179697,-1.0780685141523403,-0.4108744322824983,-0.14476509369555648,-0.9672866199493628,-0.3881708774845955,-0.12790699066011266,-0.7565941740759251,-0.042387572747479785,-0.25823406307672986,-1.1203384657516855,-0.23606594132937714,-0.2561550684427732,-1.242138728922349,-0.28629908227592027,-0.21719191215864717,-1.3170087480334831,-0.3233111309351647,-0.19609686740216237,J
0.0,0.0,0.0,-0.14736891232621593,-0.5382414739084106,0.09598180998519151,-0.4354558397949578,-0.8448239399005268,0.09267440255081826,-0.7316128519495497,-0.901050883218592,0.07833576892777974,-0.937089808990006,-0.767321537911544,0.05666699230866191,-0.6040601360706929,-1.0358776130018326,-0.10416159334491751,-1.0978602505165562,-1.0297615476262814,-0.11493939588421216,-1.0092927057161456,-0.8733770282401648,-0.08538763155156326,-0.8713024834519754,-0.8254325957627316,-0.06486033949267705,-0.6607676747318462,-0.7299682818037345,-0.17473519276314325,-1.1115483290405752,-0.718851011723119,-0.1643619603553362,-1.0171841113810232,-0.5929326213244567,-0.11037978523087484,-0.8898179086792016,-0.5748330089959525,-0.09786683953234086,-0.7129901590470009,-0.3916716455006084,-0.22575355222574875,-1.1425890632438722,-0.4569367944056787,-0.21090002999474103,-1.0823745344898013,-0.36773106719983806,-0.15686012504958075,-0.9730425590447285,-0.3351433884878171,-0.147114350162882,-0.7500544553215681,-0.043033621880786604,-0.2642187500276273,-1.1381922938104283,-0.24455734324643605,-0.28544383281520797,-1.3309884640083354,-0.31633960605473793,-0.2737597163463889,-1.4853460461700292,-0.38297814278036996,-0.2752028959514916,J
0.0,0.0,0.0,-0.12948404188217114,-0.566596295872317,0.07673628712158125,-0.42600578668806277,-0.89218206494973,0.048830912434137966,-0.7388499575885683,-0.9511433625216716,0.010883013118370201,-0.9554428405522638,-0.8052061461881342,-0.03590134530930599,-0.577648724661158,-1.070130578489657,-0.1455300234527906,-1.0916835599867005,-1.0403510097669306,-0.17589498028672776,-0.9894336865138541,-0.886244971514969,-0.1588080761590541,-0.8364062445635572,-0.8563331016046498,-0.14488758821858477,-0.6328847810472464,-0.742604391994219,-0.21907891479938252,-1.1026390921311076,-0.7088533031143694,-0.21896206427865078,-0.9902184872205362,-0.6114358392165024,-0.16388798755959005,-0.8515609418662737,-0.5963053660748944,-0.15019097138742382,-0.6822293972252783,-0.3850352766655415,-0.2732380635873449,-1.1327000338020943,-0.447654733131036,-0.25506883636398986,-1.0429843003058927,-0.3782475424964702,-0.17866488111886428,-0.916506228364353,-0.3473912408690873,-0.15333797718912454,-0.7150879189381297,-0.017637363250170606,-0.31858192756768516,-1.10890693853485,-0.22440144812717286,-0.3193036057007095,-1.232518174179048,-0.2916433714380397,-0.27340889439016225,-1.3188844515527465,-0.3379264263313577,-0.24979416115531064,J
0.0,0.0,0.0,-0.13611926543839578,-0.5880386506129656,0.07738789134333289,-0.4473914467112698,-0.9196753688713708,0.06117166457547761,-0.7811538480749665,-1.0049452206856442,0.0409205236320875,-1.000490235043987,-0.8488462849252286,0.012789330464178473,-0.5848021392101256,-1.0641141740899178,-0.14646440193958482,-1.1412979351532972,-1.0604769085201866,-0.13508419745376182,-1.088956717385269,-0.9290804466375678,-0.06277424722079222,-0.9531720622221419,-0.8924740176762339,-0.008968217852866332,-0.6454278794039164,-0.7344890083002784,-0.20963956967671232,-1.1732691039448253,-0.7281550822078642,-0.18651078948511524,-1.1134357935114574,-0.6624891126254591,-0.09668024136415693,-0.9851805180113987,-0.6366336599309422,-0.046719301916617516,-0.6972237343008187,-0.3813671977159076,-0.2508136963891415,-1.2076558217196394,-0.4672699557872782,-0.222404874672452,-1.1989151009825365,-0.46479345066857536,-0.1300652561037964,-1.1270847800886916,-0.4690120691681096,-0.08167041109020234,-0.7279339540995956,-0.010551247652897036,-0.28154409980190626,-1.172468568315331,-0.20164970488992656,-0.27861919827084464,-1.3044437892496499,-0.26672070368248874,-0.22035757532108133,-1.378579419307409,-0.30169688025617697,-0.17525824230483086,J
0.0,0.0,0.0,-0.12283336651993397,-0.589483120016553,0.09129197743248957,-0.41843793044355393,-0.9218589174582772,0.08786342388622298,-0.7443984320138428,-1.006271246775447,0.07962771405883752,-0.9657467179131536,-0.8295917734436689,0.062495351047073565,-0.5845038060698285,-1.0605430678883028,-0.12708811477740747,-1.1599264573032022,-1.0377541697884642,-0.11404505775661747,-1.1453563531974373,-0.9219737059820393,-0.02836037341557755,-1.0247232608178518,-0.8847828673560652,0.04072371901340641,-0.6348589913060827,-0.7493687429390957,-0.18815033421097763,-1.2033139469934457,-0.7319851946234743,-0.1656053215320735,-1.1929524338891453,-0.6686264310175034,-0.05336471815846768,-1.0929333668510588,-0.6422649410758686,0.023957156501002747,-0.6774284921883406,-0.4068938061616703,-0.22721552956161847,-1.2151866815590406,-0.46173635452852546,-0.20141612558105296,-1.246543240734975,-0.4711753794684741,-0.08459929945588229,-1.1944427554791663,-0.4750601832334441,-0.006776221014442832,-0.695455435002696,-0.03632301166341391,-0.2550182665878425,-1.1420261998624104,-0.19529514944307633,-0.25840979319870433,-1.2847498131048278,-0.2518241566534398,-0.19118421177467648,-1.3606314580412313,-0.2779695740797576,-0.12712851784586401,J
0.0,0.0,0.0,-0.12240388136992712,-0.6020836614200987,0.04544579872369803,-0.5183691118642081,-0.9647540211612451,0.012773993384783246,-0.9554240245229781,-1.087718694705168,-0.016977429575680377,-1.227734580651175,-1.0717574305129942,-0.044532440803450465,-0.5926394416727577,-1.0570363029336234,-0.13628983845921805,-1.1491803847343816,-1.1130515820330849,-0.12978253461479444,-1.095313365916658,-1.0235009975310676,-0.06774306359730282,-0.9569358989113042,-0.9904978452722445,-0.02103435582465364,-0.6860952576619777,-0.7058898227537159,-0.17604787856282741,-1.2245969417774285,-0.7811598545256477,-0.1498024863771161,-1.1639551272425013,-0.7466161888482349,-0.072233558435705,-1.0372966848185534,-0.7379229111153599,-0.03391834216607743,-0.747780398729642,-0.34681699143043004,-0.1977316830557598,-1.2677659507438357,-0.5011893568379185,-0.15980219092002476,-1.2169949443023829,-0.49663308693019215,-0.07935879722853453,-1.1211560945856602,-0.48671365908766584,-0.04435696950665283,-0.7756221983134286,0.023126016937732512,-0.2104592136047642,-1.2046022364858262,-0.19382928983498124,-0.18230005360422097,-1.3113259157745367,-0.2537051768163513,-0.12679691570983023,-1.3740330706082304,-0.2802898561763646,-0.09302229957328541,J
0.0,0.0,0.0,-0.10117595954594286,-0.6040988614262361,0.06123236690441972,-0.4645891511175491,-0.9661391598535695,0.03799853606076406,-0.855891958676532,-1.0431859775900498,0.013318289497252705,-1.1121217616981263,-0.9053229218561901,-0.01671970012094496,-0.5825060988409028,-1.0803085723720949,-0.161145411516458,-1.1730833928930764,-1.0897931801433551,-0.1938558696792238,-1.0717719146290232,-0.9751528571043611,-0.16686709777114472,-0.9099431567457335,-0.9463040546121688,-0.14067985055520543,-0.6576297765776675,-0.7212827141744856,-0.217426592650242,-1.2188536481872985,-0.7444349635159624,-0.2231215709917333,-1.1147364557593544,-0.6890459437295366,-0.15425943049609717,-0.9724938981352076,-0.6612812909822265,-0.12261566084890929,-0.7225789949781183,-0.3445434018222724,-0.25583529581957914,-1.256615360139929,-0.4614780090889724,-0.23625326667676,-1.173176008700428,-0.4365112390218434,-0.1492255953731253,-1.056390199624216,-0.40871049334960946,-0.10938126206501322,-0.7634079245506917,0.043124235298154616,-0.28525496665556976,-1.211726657512007,-0.17465502570363073,-0.28003841110017097,-1.2679539865546825,-0.21737474784320496,-0.22114414263619184,-1.2848046155040318,-0.21825834350525558,-0.1816849778706485,J
0.0,0.0,0.0,-0.11777037244038968,-0.6207307473587148,0.08809955977880347,-0.45295374802233657,-0.976658417331712,0.06702801000110169,-0.8070862641506618,-1.0359730162750833,0.04372229376399848,-1.035438444632039,-0.8566252236612856,0.015054454597154746,-0.5877843749618419,-1.0647289299186742,-0.19733967219532875,-1.171225934940042,-1.1127218049003444,-0.22723968590627622,-1.0589923866364384,-0.993839563187526,-0.1799550189888809,-0.8921046839924852,-0.9465362657528312,-0.13753257552714743,-0.6550145424907879,-0.7080186126145036,-0.2639424053027803,-1.2188617664079564,-0.7430539214132853,-0.26133386377339096,-1.1059648060838956,-0.683786685385004,-0.16691801435028522,-0.9589039483568708,-0.6626916404549301,-0.11782617690455983,-0.7128625471123499,-0.3310021906861649,-0.3063850421752088,-1.2459745512280385,-0.43667448480841214,-0.27299306920568356,-1.1556491664317539,-0.41081532679683264,-0.16494672966512217,-1.0247271392193655,-0.39228086016438957,-0.11434239437301903,-0.7408742336915536,0.05366748214417283,-0.33740394265343443,-1.1872412244244086,-0.13020098479175174,-0.3319605195100427,-1.2660226438881845,-0.18764027726491422,-0.27238488631873176,-1.3007618516653543,-0.20821996068533685,-0.23186580895631767,J
0.0,0.0,0.0,-0.11966026578255133,-0.6295791190825045,0.08006082008305421,-0.4894248993805866,-1.0361107442026516,0.04872636136677578,-0.8768772545476711,-1.1358956484382337,0.020398909068493894,-1.1234274659427168,-0.96046307918947,-0.013473331611324031,-0.6141560296750641,-1.1001003513723338,-0.2531663525700427,-1.3051218132836195,-1.1616770310906417,-0.2865884746143855,-1.2093499843958828,-1.022916635403782,-0.22939349876872178,-1.0296760181510929,-0.9805459024333746,-0.18016490274708236,-0.6536355734028078,-0.6867353854959133,-0.3180488130620239,-1.3297540022583059,-0.7543136628235495,-0.3290905778686611,-1.2341577762328744,-0.6953228585160355,-0.2190981409448423,-1.0778169929079209,-0.6557898374587344,-0.15551951037143694,-0.7023261130570015,-0.2710003498861326,-0.35492761866371114,-1.3178240065049298,-0.3995287498510219,-0.3203425069284366,-1.2476996773097873,-0.39422501242882474,-0.17957199418965644,-1.12237612439993,-0.38012065121195776,-0.10284640304809478,-0.7323598915888199,0.13436577286713727,-0.38083176687009845,-1.2350600639422142,-0.07097958719621912,-0.3670632034593083,-1.2538435018594276,-0.10214397508555814,-0.2739915293289061,-1.2116172714603775,-0.08197164368721722,-0.2035535897303754,J
0.0,0.0,0.0,-0.10747195012884139,-0.691297094850796,0.03846864935416756,-0.48168226163681116,-1.1062704816515563,-0.002684101714144924,-0.8848553426729191,-1.1770011528950932,-0.03158020199514452,-1.1282386060608447,-0.9647265896850048,-0.06244935968424399,-0.5724009372323365,-1.1000856753917208,-0.2544543507629695,-1.2305885744781262,-1.1961501414168727,-0.2927728317451273,-1.114280271877949,-1.0780143641330853,-0.24802176263343004,-0.9352749279809943,-1.021530950250616,-0.20278696068832772,-0.6537915216468787,-0.697728837915621,-0.2927987618887348,-1.272246528826462,-0.7848505622695932,-0.29816031944685006,-1.1627240069293872,-0.7550139068725011,-0.2044397293614917,-1.0107607338958258,-0.7188205857389022,-0.15143773747868802,-0.7341694516709312,-0.30662221355213676,-0.3071120454902575,-1.3019839113581475,-0.4717087189223254,-0.26682741025713397,-1.2169365984927751,-0.49724141525147525,-0.15490358137749854,-1.087044992534571,-0.4805881252170094,-0.09672335538325923,-0.7898775409164093,0.07271007966739289,-0.31309376935607625,-1.261073172125774,-0.17798984297268997,-0.28400633054400704,-1.2832352166484906,-0.23881777902939655,-0.19795605929381635,-1.2535277227214434,-0.22421399331299843,-0.13563344838118913,J
0.0,0.0,0.0,-0.09819303067199175,-0.6757016028098243,0.03266423739889319,-0.44804579871244066,-1.1089940113324106,0.012697323672868417,-0.8532163932509869,-1.2126090597844035,0.008157272628792095,-1.077419630311008,-1.024658116235715,0.00799587598229775,-0.5994336973392922,-1.0563795522961867,-0.22162242396415557,-1.1856011962117883,-1.154882655140627,-0.2467112065412035,-1.0672215501420215,-1.0456964961553967,-0.19562677367792836,-0.8957156391610254,-0.9826587895347062,-0.14684774906752113,-0.6906370287986187,-0.6769666836886531,-0.2544338885207768,-1.2414773563917096,-0.7731474716204942,-0.24430343499071558,-1.1139354681879705,-0.7334252905013776,-0.14602798302589676,-0.9626813794581013,-0.6934463573971886,-0.08840454662613383,-0.7625333581423626,-0.30221984090507403,-0.2674469222284824,-1.2881668218676519,-0.4781530255334296,-0.23054937379037918,-1.1815101454020238,-0.4735369237065725,-0.12111413608748758,-1.04638116811559,-0.4483168146966838,-0.061726755602780674,-0.803808277456917,0.07414121111798795,-0.27355978878974585,-1.2458333100432157,-0.1863944695439441,-0.25267631759915277,-1.2988926700059538,-0.2636306288629436,-0.18154332447293312,-1.3158848288275504,-0.2735026747651715,-0.13144217360010885,J
0.0,0.0,0.0,-0.10190857964593718,-0.6560996326118235,0.0634250295147303,-0.43417027312743967,-1.071439701506482,0.050720471070109074,-0.7998253523916151,-1.192878690299197,0.042490446104212515,-1.0223102988890114,-1.046191640885403,0.030226887830934267,-0.5511311924542904,-1.096053032570933,-0.1965884907367057,-1.1360845389295569,-1.163466905495932,-0.20132744851213397,-1.0452304880665535,-1.022017248988555,-0.14229218650699968,-0.8796865357305661,-0.9659360161945367,-0.09580407688976618,-0.6300353549144199,-0.7366829519310741,-0.2456698595513495,-1.1758010643214216,-0.7956253942737979,-0.21520508558909057,-1.0696524785235484,-0.7199352454724673,-0.11933952782957301,-0.9161035480892037,-0.6939259543615919,-0.0753309000707543,-0.7039303346943009,-0.36909317120911495,-0.2704588377971883,-1.2117559350799905,-0.5076460199152365,-0.21675321227308925,-1.1233375039427955,-0.4660192668642163,-0.11317651082901935,-0.9848272460031178,-0.4391597496321692,-0.07116392794532496,-0.761143083372944,0.004310884815495407,-0.2864947182604694,-1.1964741138067456,-0.23396474726168595,-0.2655021982966246,-1.3094105235462041,-0.3132350631766152,-0.20580438566750958,-1.3736720440712853,-0.3511732651486836,-0.1708118397684713,J
0.0,0.0,0.0,-0.11654291611999108,-0.6474210764200952,0.05538868755274648,-0.42513626669919474,-1.0937912763199913,0.043901102436437175,-0.7834480875159265,-1.275401419409114,0.038144650748220474,-1.0328390907018035,-1.15384455558822,0.03160229268427254,-0.6081309039338928,-1.0282264679364794,-0.18756735956029344,-1.1729233277555597,-1.147592804925091,-0.1935412388348369,-1.0756889077315503,-1.0317215314559078,-0.14030630300337046,-0.9164490163388872,-0.9600885670349687,-0.09599252449346217,-0.694551077705311,-0.6812261672580332,-0.2313648838984019,-1.240301325273304,-0.7880238068388984,-0.21250714797431666,-1.1328818626888062,-0.7200396702805212,-0.13075130022860101,-0.9865049736566474,-0.6791832541951592,-0.08947875938963351,-0.7656329507204591,-0.3384494655567827,-0.25161193832432854,-1.2693600183673919,-0.5096325410093245,-0.2152397902188596,-1.2015081191441097,-0.48657557775643023,-0.12559234314185172,-1.0837178666726182,-0.45447019796749183,-0.08564316551179271,-0.8085900952617134,-0.005390055284207775,-0.2624134413569826,-1.2483026066326077,-0.22612891829924225,-0.24930877911070082,-1.4065445674383334,-0.3312822019946359,-0.2010616990931617,-1.5205023974215612,-0.3932649162405058,-0.17235579906385123,J
0.0,0.0,0.0,-0.12457257806707535,-0.6467078440272191,-0.0020655682457951467,-0.4526959492289289,-1.09518917286058,-0.04449139088467613,-0.8365937443392092,-1.24081529408414,-0.07186626774665408,-1.0796399098828044,-1.0988130557298894,-0.09708356690293508,-0.6612421875405845,-0.9724163119648119,-0.24364910366432418,-1.2009599170797447,-1.0687563426181126,-0.2779381050522883,-1.0740797036992813,-0.98228465415851,-0.2487835616759542,-0.9068041064810556,-0.923444690569162,-0.21848608787746981,-0.7573319264018489,-0.5945068778617941,-0.27020348892545143,-1.2599841614390532,-0.730790605822174,-0.2770440529917245,-1.1270810535073714,-0.6917172760654229,-0.21848249700011155,-0.9797896820093244,-0.6251506612208254,-0.19373470505842458,-0.8206080751599347,-0.2360315776283262,-0.2776743474701586,-1.2951353363008207,-0.44565202308162644,-0.2616922500678309,-1.175571344533721,-0.4421262399256792,-0.187474411492919,-1.0289538355526944,-0.3791514192591044,-0.1564500906359683,-0.8535686620298646,0.08993054377372332,-0.2807918402303058,-1.2585637020380962,-0.18700708629369914,-0.2673404709474545,-1.312873048024348,-0.2860471511138363,-0.21366972811863053,-1.330228751518272,-0.3033615977189631,-0.18512826974998692,J
0.0,0.0,0.0,-0.14213823190328684,-0.6076416828438261,0.011862749318231622,-0.4822548607699312,-1.0145519814776807,-0.02410699569242429,-0.8645185380505968,-1.115683264564958,-0.04767167095935951,-1.0978595039787522,-0.9775701279779869,-0.06579730279050536,-0.673038796026173,-0.9701445060616339,-0.24035448193124515,-1.190178203894253,-1.0215751810926699,-0.26330970839495865,-1.0552451920977572,-0.9307867908390753,-0.22345145499291727,-0.8970420525713793,-0.8871754369989928,-0.19352563966938313,-0.7550942734190992,-0.5940561501945287,-0.27736244999231274,-1.2443554692856096,-0.6888187514416508,-0.2935043383265932,-1.108315505392804,-0.627365318659159,-0.23896786596229777,-0.9659810053873346,-0.580287724750753,-0.22092372173950253,-0.8140017454568348,-0.22692488897591792,-0.29454372331142925,-1.2758048884442255,-0.3943072695657051,-0.3006316145546562,-1.1666309746808452,-0.3646609000391396,-0.24411494242311815,-1.02790897082577,-0.30937464717856195,-0.227391700700984,-0.8464278528454229,0.1147831107399785,-0.3046866407565549,-1.2732656153533213,-0.0926376719274923,-0.3272015906173446,-1.476631353645921,-0.18065999039432712,-0.31824907555790105,-1.649626129655453,-0.21461960588796833,-0.32577842880085195,J
0.0,0.0,0.0,-0.13378172967183458,-0.6185179045170776,-0.0018052319812957365,-0.48806606135136094,-1.090612556885583,-0.03011177618503338,-0.8812411932711339,-1.250028023640605,-0.03940510442922886,-1.1255249997795378,-1.1487897355338441,-0.04166199017380438,-0.6891058130687511,-0.9569065384359734,-0.2418366655364136,-1.1969116757984044,-1.0182618996915447,-0.2556525211389196,-1.0533783969948425,-0.9398155040181302,-0.21603752124537673,-0.9000775261611634,-0.9006480341442503,-0.1902956529161347,-0.7662141747255917,-0.5871168861899662,-0.26116967741332214,-1.23454662669453,-0.6921339805033992,-0.2615280919469739,-1.088969144890889,-0.6275627217565843,-0.2088700925263111,-0.9527902684544017,-0.5938442082480534,-0.1985531895444225,-0.8239998503622725,-0.24355821717421644,-0.2604847054611323,-1.2655828801740436,-0.39476056431677764,-0.2607810944907028,-1.168296774158307,-0.355883555340059,-0.21853036249165228,-1.0415682906907928,-0.3001263212594252,-0.21688855126861797,-0.8625112501283203,0.06143050956908099,-0.25242091497633606,-1.2978575328275002,-0.0931644884013684,-0.2790845287361951,-1.5349552466747425,-0.14100441139949896,-0.2866897421177879,-1.7479765104000304,-0.1575294411039787,-0.30916213108243645,J
0.0,0.0,0.0,-0.1679267441409793,-0.607946618210342,0.046623465181089126,-0.5011405686829152,-1.0340070709728737,0.029158250742716257,-0.8704759968279828,-1.1780145745882915,0.01336999047313405,-1.1162637480308222,-1.0595000633984348,-0.0017065539410964883,-0.7353892259077497,-0.8862156197743688,-0.13739123653053242,-1.2004752542787265,-1.008098286141915,-0.15424863030804797,-1.0684794435992513,-0.9773946074872946,-0.1451108623930313,-0.9235782887545222,-0.9192609907614753,-0.1378350870334954,-0.8156994895613036,-0.550584886816491,-0.17745598084792913,-1.2520755914758377,-0.7031578191804191,-0.16133220687740701,-1.1204590171332274,-0.6972780779992209,-0.12631134528930785,-0.9887164690004934,-0.6593021086462736,-0.12876016629835055,-0.8695555202821943,-0.2272580323495189,-0.1987359521234162,-1.286456442434234,-0.4613849236770105,-0.17345325571440542,-1.192448172812853,-0.4725429403650589,-0.1278656192481153,-1.0668920160477142,-0.42399279944739193,-0.1280998476548561,-0.898434814423062,0.06097210339973235,-0.21149444740545434,-1.3042190098349642,-0.09137307676743778,-0.21301167218329378,-1.508605303968029,-0.16708174667194545,-0.20294925270387018,-1.6865419675511595,-0.19269466404175783,-0.21314706442093057,J
0.0,0.0,0.0,-0.1844249227702814,-0.5994006577796026,0.064772417659971,-0.5027797974737457,-0.9913660891628752,0.05323573261479303,-0.8550637605311813,-1.088421140645136,0.041981266935911546,-1.0821648167627507,-0.9473583838447089,0.0313412931278325,-0.7307092653902594,-0.8857870968239888,-0.1525180602036674,-1.2147172175087022,-1.0087784093184147,-0.15267657133259832,-1.1102286667885346,-0.9566582259010455,-0.10856086520455226,-0.971223746267611,-0.8864391673271804,-0.0776755970904456,-0.8135530463466312,-0.5457843174023863,-0.20062631845729398,-1.2695810084679457,-0.6839979231980826,-0.18641837882039347,-1.1433758452803053,-0.6526520372221398,-0.13567482406462905,-1.0093523672092448,-0.6182341572369701,-0.12491490967915568,-0.867424624256547,-0.20981517923450144,-0.22566516613321044,-1.3137796847547951,-0.44504830702991294,-0.2092690446932944,-1.2160419969645055,-0.4409611103061816,-0.15572854735211897,-1.0871708163549616,-0.4026527519822578,-0.14810197084808038,-0.892781702453978,0.10035485217369268,-0.23876463816392418,-1.3122414671575224,-0.04883475126667267,-0.2552086982806574,-1.521283880146655,-0.11881868826486776,-0.24953660253015064,-1.7043682180663242,-0.15550601394764407,-0.25990309647355664,J
0.0,0.0,0.0,-0.18758721156558292,-0.5917152693036604,0.060369468566229476,-0.5153596064670213,-0.9751735344245465,0.03900402027471383,-0.8815058923290022,-1.0345331062127865,0.018423685126537134,-1.1143024502399832,-0.8746430251572848,-0.001983198447510454,-0.7315931795620237,-0.8875829549440067,-0.16503537456420841,-1.2171055271704296,-0.9963495313724576,-0.1765737298987484,-1.1057747738795087,-0.9475526347884055,-0.14736425194779068,-0.9694760597914226,-0.8896484983502235,-0.12824241761958668,-0.8111740349214641,-0.5436629290637096,-0.21546996224787182,-1.2729670938904314,-0.677939175410648,-0.20398342824373303,-1.1518007304087599,-0.6519650715033259,-0.1561193156069019,-1.0231522544369247,-0.6220342719609404,-0.14989143921453657,-0.86440459223198,-0.20374946216410142,-0.24349492467559175,-1.3147217718972972,-0.4386099970934785,-0.22725371834098657,-1.2218921472858222,-0.43793149010248283,-0.17254300612261747,-1.092180355048375,-0.3997231141216598,-0.16534237026052392,-0.8909935033589229,0.10642822047679719,-0.26032184583935647,-1.3045078790478497,-0.04710180389742857,-0.2749535234220432,-1.5132658662686083,-0.1200048869126297,-0.2664870504023544,-1.6940578264034,-0.15486980809018946,-0.2762151509123704,J
0.0,0.0,0.0,-0.1689931514052504,-0.6251871305614425,0.04511320428681406,-0.5136752197711322,-1.060640322021311,0.031934340151930876,-0.8908876794187788,-1.1630253534237684,0.0230726205961455,-1.1165252001197032,-0.9892621944989527,0.015102500121681626,-0.7426305457023322,-0.870534322333211,-0.148511835323793,-1.2082855697731645,-1.0026481606009419,-0.16557512941031877,-1.073755457696356,-0.97207453240387,-0.15157668109279654,-0.9257005192986555,-0.9156453434474118,-0.14196803094546762,-0.8234885331689912,-0.5351426386129361,-0.1883852225562498,-1.2751525951841027,-0.6919881708683601,-0.17262794990357058,-1.1362785962594768,-0.6857887510954316,-0.13240012461236833,-1.0001659016878437,-0.6491177282862663,-0.1310254680703236,-0.8779848090783544,-0.21113431283768608,-0.20954272340949082,-1.3107299612691987,-0.4468916694917863,-0.18875170157147694,-1.199807941408808,-0.46793429266393116,-0.1415623318684129,-1.0619886441468416,-0.43461738014227363,-0.13968462172084123,-0.9060737933585683,0.08048990188639916,-0.2216839659867651,-1.3233858512202765,-0.07106966703609309,-0.22882491568144608,-1.5183551385749912,-0.14774011790140917,-0.22125390343380316,-1.6881419662314137,-0.1780365556615108,-0.23402952388612738,J
0.0,0.0,0.0,-0.19147480319427118,-0.6226798688293306,0.03864229584105974,-0.5215210024668723,-1.0466446300941425,0.024793237663621473,-0.8930164243374635,-1.137895798010924,0.016493991410044966,-1.116576911029826,-0.9968500789889075,0.01339771262283128,-0.7757242055748376,-0.8566223790740068,-0.169544914823434,-1.2379600469073153,-0.9833279794130951,-0.18742532133858578,-1.1001371095567214,-0.9584322100891649,-0.1635049377871301,-0.9451511071033297,-0.9076487513857392,-0.14513478443753103,-0.8445109311288452,-0.4937042449285137,-0.20750278490530463,-1.3016012214055481,-0.66508294497606,-0.20125765267528858,-1.1624511596515115,-0.6572037257826118,-0.15775485842443726,-1.0143456098419692,-0.6140384979200794,-0.1516466047263848,-0.8771185913320463,-0.15634872862580823,-0.22627720661134346,-1.3005413841291709,-0.39152306007698173,-0.21912934702678277,-1.1854170392372945,-0.39690632140559773,-0.1724446960225938,-1.036613147036341,-0.3478046354965471,-0.16708710904660318,-0.8897804973974968,0.13492906125253798,-0.23641051415165737,-1.298951354354844,-0.031602868738852874,-0.2582758711702697,-1.5276475331515733,-0.11983966226258969,-0.26391454095880335,-1.7232826769102068,-0.15821042728338222,-0.2838677235425801,J
0.0,0.0,0.0,-0.16853517970996873,-0.6416909668532469,0.03500805161128971,-0.5102513221701986,-1.08571562055095,0.027099977072583558,-0.896509096961865,-1.200009918190103,0.025195820663640855,-1.1325078590626145,-1.0489581715561316,0.02666172730671589,-0.7554494193503067,-0.8919909095705082,-0.14301496355347024,-1.2236230349242803,-1.0320646208039275,-0.14206683734838044,-1.1074906243557818,-0.9839995378919052,-0.10911818743535348,-0.960360109859832,-0.9245014887511965,-0.08930170434415549,-0.83664353840216,-0.5180669093139827,-0.17786024604663972,-1.2850913193181768,-0.684426738814049,-0.1590617431809196,-1.171747623409453,-0.6860846334986671,-0.1213267534352791,-1.0377277740295248,-0.6515002713762977,-0.12305482926327656,-0.8775346903384382,-0.16653863315888515,-0.1948654606739862,-1.3044742583519429,-0.4028785933807352,-0.1871461361012672,-1.2235189214014237,-0.4416973769612408,-0.16175925241425182,-1.1005571729844619,-0.41562797325575723,-0.1725660521905949,-0.8901479870490744,0.13593689620296104,-0.20153885810837494,-1.305194282579307,-0.02499545008384356,-0.22456129681418555,-1.5504640992649696,-0.09226127336463312,-0.23840042062604985,-1.7635959386982107,-0.11117768196581648,-0.2662513538245436,J
0.0,0.0,0.0,-0.12839138901208347,-0.6519907459497019,0.01968566544858742,-0.4737056322961116,-1.1278921046897545,0.021913815432050645,-0.8628103805468529,-1.2856114489178154,0.038114133701271306,-1.0941282966173604,-1.1359213949995879,0.06147095914884594,-0.7588807101993326,-0.8666275938416848,-0.14347362073681622,-1.2220588139560526,-1.0489125526606802,-0.12728800995717268,-1.0942378165397462,-1.0495676001964636,-0.07793592793181667,-0.9484505198557278,-0.9980964926728104,-0.05014334675275637,-0.856421225074695,-0.4900830046898582,-0.16236173735125825,-1.3083498568036478,-0.7249857742198655,-0.1519049712617191,-1.1890225733680486,-0.7666939206622965,-0.1187869977316374,-1.0559132436994574,-0.7259844775121084,-0.11535204041590975,-0.9016819609994905,-0.15431445864102203,-0.16442361639005373,-1.3509692386003078,-0.43948776054550154,-0.15392744532843994,-1.3099879196427917,-0.5489943629407831,-0.14456265021504697,-1.2277719059073204,-0.5656925991071412,-0.1660205722583292,-0.9076987487355365,0.11799498837976476,-0.15800238194062952,-1.3278239790028017,-0.028110212078962853,-0.19172954153899555,-1.578064865663051,-0.11768922059645509,-0.2311203611236608,-1.793014437333414,-0.1702611513399811,-0.27664298286286404,J
0.0,0.0,0.0,-0.14013370430231534,-0.6715150178249972,0.007419208179592491,-0.48822998927373634,-1.1528090017650587,-0.021496909247351464,-0.9034699570014714,-1.312085210701192,-0.036542522492254224,-1.177593845031691,-1.1748263212896777,-0.04763078714286785,-0.7344149682113222,-0.9012868025849091,-0.19626297465544995,-1.1957081183272655,-1.079313683000521,-0.20950382309393017,-1.0550414856612464,-1.0624192953692437,-0.19071260511353125,-0.9029152764596573,-0.9982674189481618,-0.1837876595866322,-0.8312503740882707,-0.5115286296683962,-0.21762646118448653,-1.2795962750549073,-0.7376783828245812,-0.20312066112486418,-1.1504921008479532,-0.7532117895821973,-0.1719490366500716,-1.0108431173794754,-0.6809554631248913,-0.18620863659241618,-0.8818262458333155,-0.15862452543788114,-0.2199799770432931,-1.324620932156519,-0.44367359189820293,-0.20686407502654308,-1.217259235764276,-0.46301627536030665,-0.17208000901303505,-1.0774203616598617,-0.3813953422781401,-0.1853321744630997,-0.8976744712768261,0.13666687742888933,-0.2153164313101286,-1.3080551787837196,-0.03017556210941328,-0.2417912755161134,-1.5388090449904788,-0.1073390623690742,-0.2614522315572575,-1.7478823095108003,-0.13678857204696618,-0.2982806532494699,J
0.0,0.0,0.0,-0.1271438602621763,-0.6779178394464607,-0.0035890931554370055,-0.48695039024136955,-1.1297094597624553,-0.02972049108695694,-0.8975136793730492,-1.3174505762147197,-0.035693481786876854,-1.1734824592099027,-1.2212370714147904,-0.03588662053328371,-0.7578481994845466,-0.869265357206928,-0.21018292567753752,-1.1952608124297504,-1.0241308471882784,-0.1929313953792322,-1.0361288100589943,-1.0226184657642492,-0.14745201485825868,-0.8808580552841717,-0.9700715594304098,-0.12688014972757336,-0.844309849433911,-0.48940808594770047,-0.2182214553106433,-1.253133080291296,-0.7122940081451901,-0.17219124859659451,-1.1042784109415174,-0.7318663244705333,-0.12380444418426803,-0.9694052251819666,-0.6835794037897254,-0.1362851863294363,-0.8803920766639619,-0.13871500493092823,-0.20543349171564826,-1.280195964990369,-0.4053649712864214,-0.1687478639131815,-1.160728305627172,-0.42988182166126054,-0.13167046117062067,-1.0191544383797453,-0.3678744868451958,-0.15427290023653914,-0.8888407092236081,0.16262441346925946,-0.186211342386013,-1.30823512802338,0.03451247123975494,-0.20319339815895843,-1.5501484599512443,-0.017104602837600753,-0.22597692569965672,-1.7668740537188212,-0.04631189989703959,-0.27171504198788593,J
0.0,0.0,0.0,-0.11850939732282333,-0.6510081350283345,0.026091107792302035,-0.4433713276254683,-1.1175118382592675,0.03672626855601073,-0.8110358567608347,-1.3073464579593053,0.05948192705528924,-1.0701393442275873,-1.2183245739245125,0.08780036577103659,-0.733386649336753,-0.9113566053055385,-0.11950132276638677,-1.1611326849242412,-1.0511564435663348,-0.0708212775393802,-1.0233948143614582,-1.0043517133366255,-0.007815983965170808,-0.8806566651146337,-0.9479059439940605,0.026390046362019512,-0.8205099065201696,-0.555863214479651,-0.13334009183517068,-1.2222876943632828,-0.7296525428685255,-0.06521202709761564,-1.0903477222201823,-0.710003930028195,-0.012237194834477785,-0.9608915413017202,-0.6668432162121245,-0.013157897958440268,-0.8612903905762224,-0.2230405228112586,-0.1279662621771185,-1.2260641796422358,-0.4266187872876283,-0.06985411186426509,-1.1233379424437042,-0.4224799772096915,-0.03747561731952739,-0.999588727927209,-0.3712218233469246,-0.05684134370486124,-0.8729689804564086,0.070738654732074,-0.11470447465245635,-1.261705882079856,-0.09179222337698535,-0.10582817486104236,-1.4810817603808644,-0.14416317183926533,-0.1141523748728272,-1.6741186465072437,-0.17471773306357552,-0.1447577959322775,J
0.0,0.0,0.0,-0.11093126386946973,-0.6813800053982415,0.005915699948932608,-0.4175225346058349,-1.1519087972117286,-0.005220222642499503,-0.7967936295824501,-1.3112958526526797,0.0016967040847427491,-1.0512828986394174,-1.2084293462366247,0.013362398927633457,-0.7287315178293643,-0.9208909684060272,-0.17939909652023042,-1.142124523470567,-1.0603786790891296,-0.14614627092313157,-0.9848706239901766,-1.0315475217352679,-0.09189131480869171,-0.8278158896514521,-0.9796941903261399,-0.06280624246672659,-0.8143656609822952,-0.5491789917947173,-0.18764595701535164,-1.1875210125570592,-0.7378207166723835,-0.12405987435752286,-1.0461315036964955,-0.7415685124488222,-0.0691818833225477,-0.9066656840095677,-0.695306971317421,-0.07226926494478707,-0.8432853838696996,-0.21815050156409313,-0.175583624657579,-1.190351103435045,-0.43133961630892276,-0.11583148886162407,-1.0834638076431984,-0.44774012171741556,-0.07914214350354346,-0.9515852927676307,-0.39606220443449647,-0.09856949048358062,-0.8398357634921346,0.06996762996911282,-0.15724238586029157,-1.2278685508395897,-0.07856950376003799,-0.14626904113819686,-1.4281834705793055,-0.1410152157495015,-0.1490881239212925,-1.6014259527362515,-0.1710436532078619,-0.17652772752200716,J
0.0,0.0,0.0,-0.11869671195101208,-0.5982238668705896,0.027225863219972682,-0.4142153302458348,-1.0136437332841226,0.05334478915301093,-0.7543657247373106,-1.1881558101754977,0.0896180237825832,-0.9758861251822857,-1.1313071516890156,0.13050988788060944,-0.7782978540724239,-0.8716888818291959,-0.04095924445914894,-1.1290804416259503,-0.9349524668344412,0.01502014618883824,-0.9854135809421364,-0.8922291006980806,0.0571941212212045,-0.8444708956969003,-0.8424950727539244,0.07721962188145694,-0.8584678950764717,-0.5107272269817582,-0.046803554806183895,-1.1821078321315466,-0.6261875645814338,0.03759911175875234,-1.0523018941012279,-0.6069035882562435,0.07757458198280232,-0.9258813337423211,-0.5645391088478999,0.06807186744587454,-0.8768878745382405,-0.17330031295068818,-0.03894129715172319,-1.1825879230527592,-0.3254460463284499,0.024910558642625834,-1.0992350210166182,-0.3339008727776468,0.040392424494602695,-0.9809653036544786,-0.29054980235634226,0.012043241938015235,-0.8626748759428136,0.12963789230833078,-0.023477972014291026,-1.220649931593929,0.022283224124242884,-0.0073929172323872186,-1.4243484507919524,-0.012122643249706626,-0.013573636107188912,-1.5951669966904538,-0.03621976040285099,-0.04029615709802336,J
0.0,0.0,0.0,-0.10835260710135186,-0.6418549370597157,0.028867123118325996,-0.38298467015321774,-1.050873761128673,0.06452851919307931,-0.7189796907240238,-1.2005638659754667,0.11845734930596279,-0.943822718992001,-1.1206353024453648,0.18211057016773163,-0.7781020553253691,-0.861124458330677,-0.05531204191344261,-1.1106559716376523,-0.9428522901955475,0.044318044222139905,-0.9637355639220807,-0.9186256830187824,0.13382651893807224,-0.8233633739331883,-0.8730079648367989,0.1841487168514435,-0.8656565991710633,-0.49828685485411645,-0.04846506567808908,-1.1693120337124479,-0.6412152162381678,0.06869541559101465,-1.0290450365494102,-0.6423333717303602,0.1400910675102947,-0.8985895184122596,-0.5961598586177412,0.15388114046086818,-0.8813328993833417,-0.16851433962382895,-0.023512193565119598,-1.1661319846486173,-0.3424601687932146,0.07259259480020192,-1.065944167791761,-0.36984655721661697,0.10870438111324893,-0.9484206588727117,-0.33445266822862685,0.09267501766643206,-0.8566769570367382,0.12538813564553586,0.009245727860664316,-1.2139374852386078,-0.00890213914322734,0.04055589310051623,-1.4031070142799933,-0.058131239794377815,0.0394717745169948,-1.566057552622082,-0.09368327484891747,0.01829708512819005,J
0.0,0.0,0.0,-0.0609399077822093,-0.6500537788644428,-0.00786669143966692,-0.3338111193290255,-1.0656363549240402,0.008737235483912023,-0.6780302256943805,-1.16801642610761,0.050350508332114505,-0.8789760504627478,-1.0329217865933058,0.09980223700920872,-0.8009372195809344,-0.837073221636076,-0.11953790724563346,-1.0782104712420424,-0.9301966250265005,-0.05639083343816986,-0.9167808546410671,-0.9358616043265184,0.0019375170078686286,-0.7733393033085371,-0.8876252981034545,0.02738489125093113,-0.8863872481798818,-0.45078454365710513,-0.10540845062874249,-1.1246758224806963,-0.6231571900832849,-0.009905693900023637,-0.985287708897446,-0.6455315678954582,0.04354362438136425,-0.8664365958779291,-0.5897255666907476,0.03751352542704279,-0.8888438030849678,-0.11204046418612866,-0.07691586654226354,-1.1254701411415775,-0.281843256121222,-0.003183421690249381,-1.0499558143774783,-0.3343293656833183,0.007420545918129517,-0.9459696986581245,-0.29045768933388544,-0.031131011875766907,-0.8480657245958682,0.17771666113081658,-0.0431877669924919,-1.1882559770843775,0.07272001082904986,-0.0431613173797392,-1.3807170065760845,0.04305628579789386,-0.07165899765716527,-1.5425534022836702,0.04101292318353159,-0.11427203413551906,J
0.0,0.0,0.0,-0.10243553626653072,-0.6624024360356355,0.03033442646989458,-0.3626650034288265,-1.0423431661459654,0.05977153657230479,-0.6864716327582322,-1.1164022989788671,0.10256707963195211,-0.8765386572343266,-0.9581496647956143,0.15028795013466917,-0.8130690215236352,-0.8080358682444686,-0.037861306210448385,-1.0577769303120645,-0.9158694614029055,0.048326863633037176,-0.8951807706412764,-0.9173728299704385,0.10538207972226557,-0.7579818738197014,-0.8598041375176427,0.12477578804591366,-0.889369909388093,-0.45562763046965293,-0.03774422641444277,-1.079712899370687,-0.6306978599961576,0.09031461329516938,-0.9356484669042489,-0.6415903472262814,0.14313249878396525,-0.832485125234566,-0.5926884015506689,0.12765226374241923,-0.8872478347342262,-0.1359214482023683,-0.022668051166553696,-1.0995762673843803,-0.3419335594617863,0.07523817441442922,-1.022407017591957,-0.3697334380652562,0.08465108259056618,-0.9259340521135301,-0.3072099493786627,0.03697904672224898,-0.8487809598870315,0.1404181130979147,-3.537924376729425e-05,-1.17432245423735,0.03797914513596636,0.013307125715747018,-1.36233446510753,0.007947234637956909,-0.013667652440368888,-1.5221535252616143,0.001732148262040482,-0.0596571923897192,J
0.0,0.0,0.0,-0.0888739098270077,-0.683769988863498,0.037115622620523064,-0.35285119673147786,-1.079501825017214,0.08004433326070867,-0.677418547383299,-1.1586524540409893,0.1377793476548494,-0.8632089793168735,-1.0060571280361355,0.2022775802550751,-0.8209249909191599,-0.8008633612539957,-0.028364168456854584,-1.0970963331373482,-0.9216702774445819,0.07051915448649763,-0.9341509383397235,-0.9380060345512427,0.14438470828598288,-0.7836518056791937,-0.8809366684692679,0.17803695810793557,-0.9057448701241757,-0.4231957436953334,-0.023056295493720732,-1.1158422864106785,-0.618883885532677,0.11222090870642881,-0.9731264054823126,-0.6490412462707194,0.17109301324107384,-0.8578173545103098,-0.6005231679080895,0.161267068887831,-0.9097156435751435,-0.0829183584781321,-0.0012428630265042585,-1.1306439502325991,-0.3153623343226975,0.10566110550125908,-1.0468432483898833,-0.36040492046747247,0.1184987581533734,-0.944106639070111,-0.30450724305559695,0.07243532037046442,-0.8715984711078844,0.2044878312077151,0.02945975616748323,-1.217425776301421,0.09632169756477044,0.05649506336496125,-1.3985417823130133,0.06677712178201783,0.03738881259117894,-1.5501512642653557,0.06180482696845548,-0.004431244139843463,J
0.0,0.0,0.0,-0.06180509763019239,-0.6549144967968642,0.015865204052262313,-0.3232214685027751,-1.0813739237042341,0.05803075856778762,-0.6480797134390955,-1.2019552741520227,0.11664219304562966,-0.8417259365340669,-1.0642466904425103,0.18259870637724532,-0.8005213242843032,-0.8239107531881895,-0.012830409031596714,-1.058813734654061,-0.9397529243139324,0.08045032697198792,-0.9116683052739868,-0.9430430823704351,0.15197021601722746,-0.7680475458359728,-0.8835845601913787,0.1879054117453178,-0.8935572873693721,-0.4489399401802761,-0.0028817182408058845,-1.0896766640698579,-0.6240279705329551,0.11648725679639438,-0.9608840474577682,-0.6626449407659943,0.16218512041492575,-0.8441868547368566,-0.6194935885469922,0.15194708345895103,-0.8990871067627256,-0.11423030247631581,0.018652347314641812,-1.1034513969850053,-0.3190221034961799,0.10503248004847882,-1.039059531295426,-0.38166998731881624,0.10360177547213367,-0.9539491959848581,-0.3482105306533637,0.058824662323527406,-0.8623240913615957,0.17582710694107528,0.0470631720687674,-1.186418060606289,0.06625324915885718,0.07214006693177281,-1.3661907936069777,0.018167825131550925,0.054059104966217436,-1.5192224713145412,-0.010512541493444081,0.017253141617335047,J
0.0,0.0,0.0,-0.06159666436166561,-0.6274118966715634,0.030836174166327387,-0.29936835195588535,-1.023462517854429,0.08153609384885879,-0.5963355749969459,-1.1240542901209833,0.14549145209317585,-0.7796724217726508,-1.0083463231483667,0.21463487111059348,-0.8022950445095506,-0.8116982917898372,0.0193499183727855,-1.0118767754854583,-0.9164045363079729,0.12440888296730836,-0.8712865425532944,-0.9187189803268864,0.1944375216653148,-0.7383270002367474,-0.8527949034767209,0.2272476835978895,-0.8860286684474437,-0.4628364227618441,0.02712276634618313,-1.032106525011906,-0.6210114483471807,0.1691668283735341,-0.901401928706898,-0.6374533953036832,0.2267525370526685,-0.7948771517911216,-0.5826454820513692,0.22240565960601458,-0.8810558876205826,-0.13467986030010107,0.045723849107149564,-1.0514789623411875,-0.3280350043318444,0.14170378296672823,-0.9773262256673207,-0.3702458514295556,0.15026478826882217,-0.8841557622727287,-0.32115430175655063,0.11184266005307145,-0.8358665816608932,0.15867492271906503,0.07264063466111353,-1.1525862891118321,0.07438503511414163,0.08574388758628883,-1.333578373506014,0.03886415535277313,0.06316823251235743,-1.4844859594681241,0.020767936047696695,0.027224441394969115,J
0.0,0.0,0.0,-0.007215210562122332,-0.6707795758134845,0.0463909697393922,-0.24080110874731042,-1.0842703194062535,0.1180670210098503,-0.5320926165321286,-1.1895466714665577,0.20439734613021335,-0.7022364428559046,-1.043067370131547,0.2962367910758522,-0.7683547717422616,-0.8895600667734469,0.06423118955387327,-0.9682761362305821,-0.9440892482058524,0.1796235465325997,-0.8298004267064176,-0.9296975206398274,0.2567027148829584,-0.6921199267059572,-0.8756582679372316,0.29930924808732773,-0.8632815927689285,-0.4985027670928539,0.07899292871586465,-0.9924658693698867,-0.6117721840400772,0.2250092409996974,-0.8688484862020424,-0.6492121847779291,0.29280005270698406,-0.7427838777325381,-0.5998594048032229,0.3095058542125605,-0.854386199794558,-0.14513640725562518,0.10702962129083278,-1.0132423185536006,-0.32162569261595536,0.20958415003807734,-0.9596443431215824,-0.4019091356924412,0.2544968264251203,-0.8636473322475409,-0.3738335450666434,0.26201278337978295,-0.776698781512003,0.15719457184726038,0.1433797564358275,-1.0479154453672948,0.004346481536180713,0.18607976943595067,-1.144244196600778,-0.07321020373165443,0.2171705947063349,-1.1937974148972907,-0.10609403798915046,0.23636852097795746,J
0.0,0.0,0.0,-0.06717605977275357,-0.6267483085090101,0.00984845241927173,-0.27281167185611976,-1.0194951692894136,0.039545879292773894,-0.5422080503243902,-1.150978421271221,0.08393076459079168,-0.7172442122161188,-1.0902837108996009,0.1341914392037096,-0.7954764198177474,-0.8221549347538263,-0.02084715848843036,-1.0345872129759812,-0.9548717364343059,0.06491241543109996,-0.8915470548134089,-0.982781689278432,0.13333182493089354,-0.7517760805248371,-0.9233007305683771,0.16959216911840938,-0.8730551602079353,-0.4874622541426426,-0.012459455063128627,-1.0483138520367452,-0.6692771319528498,0.09953515673013884,-0.9260200569584628,-0.7172435522815486,0.14278727671213168,-0.8159324116911367,-0.6783868687602913,0.1329451857645606,-0.8663970803288946,-0.17460073706229148,0.005690627462842656,-1.060688813110766,-0.3897116897050061,0.0715714274677211,-0.9932223821271116,-0.45680380580042657,0.06302830635768714,-0.9030069506123501,-0.4279725842962606,0.018295953134670574,-0.8203263880466357,0.10751917991999471,0.03130719218687318,-1.1488555437457082,0.011495004318077361,0.021473575211642938,-1.3433407693435706,-0.034647620832336516,-0.0141747972128308,-1.5035225959809282,-0.06060495927006906,-0.05639978884283259,J
0.0,0.0,0.0,-0.06670811582176292,-0.6536622289828564,0.033074414924010954,-0.2769031604635047,-1.0569058640133144,0.05971137712460629,-0.5611309638787041,-1.1604011081235852,0.09502194757329914,-0.7507651134733383,-1.0494832482157854,0.12897856026525076,-0.7993747899203782,-0.8358373077675583,-0.024286204740855716,-1.0440487708520536,-0.9906636218059426,0.06275340634494311,-0.8960305644057943,-1.0025299963948273,0.12367072888785333,-0.7479732224315139,-0.9308355854206455,0.15276552287139228,-0.8788347886653994,-0.47619359952006457,-0.0298172769978621,-1.0591100520059142,-0.6689746744501143,0.10186307576719232,-0.9333220317078103,-0.7191172037532507,0.1420690425707177,-0.8137442299932587,-0.6804730142446612,0.11725521631441495,-0.8694793870815831,-0.1457385619390155,-0.020569711719692883,-1.062252822542122,-0.36922815989085955,0.07639862135753461,-0.9833848156713141,-0.4339848603427907,0.07079384748595291,-0.8785371174060316,-0.39576312009558245,0.012495698636350024,-0.8206827446701948,0.14207724565652488,-0.0024098720458664096,-1.1729480656278548,0.05204408708247519,0.02003890622439207,-1.3689969571476874,-0.01609810459486462,-0.0025540549915081044,-1.519499331442836,-0.05795087129808124,-0.04705816707259804,J
0.0,0.0,0.0,-0.3571151726237772,-0.4269047977880623,0.09564370727770212,-0.8201102347405388,-0.6166254412724541,0.09969444784910556,-1.210362457601544,-0.6736532432204949,0.0905012553061634,-1.4815269926087173,-0.6112959502641273,0.07657412226353257,-0.964324755430234,-0.6514077104761682,-0.13182763858990257,-1.4570391244653038,-0.40410548661486156,-0.13787937605213824,-1.3885003424335889,-0.2646776484368126,-0.08863157528957018,-1.284008894235008,-0.24568205967822532,-0.06586823804524443,-0.9161962771162695,-0.3354198970955216,-0.21926667423645907,-1.4186568214644932,-0.05037203259440627,-0.23882809480620687,-1.3403640091064488,0.06499644195207976,-0.18376924332671116,-1.2286023399201418,0.05969403719608228,-0.17267425729209313,-0.8514211298457207,0.021171427408205545,-0.2876569389608704,-1.3480654432312587,0.22425439632298394,-0.3254096897419156,-1.314323827842039,0.3172921518615674,-0.28327778604442716,-1.2333283492265703,0.3243928129097117,-0.2806180007102216,-0.770091948601554,0.368242746805729,-0.34055689762736135,-1.23364905045415,0.5043002426064345,-0.42563440990012785,-1.5007998091598957,0.6047826545977453,-0.45696121817855334,-1.727949048700581,0.6717704778210803,-0.4889471365495986,J
0.0,0.0,0.0,-0.3561432428262635,-0.42452509742426886,0.11802271138919947,-0.8047965303229102,-0.6039681216721647,0.1325944380945305,-1.1849668261290986,-0.6416250117498973,0.12867950294884675,-1.4447679775093647,-0.5590496690507994,0.11734735735885274,-0.9594190057857318,-0.6549612553997995,-0.1093611943641464,-1.4646765182789354,-0.4142612964300681,-0.11538516402769905,-1.4242146877754067,-0.2546715372270111,-0.0653257790104766,-1.3350174208461152,-0.22054314815671933,-0.040641893907054964,-0.9155744623176068,-0.34424645436322804,-0.20788887081845223,-1.4280713463700618,-0.07290800846690354,-0.23223675163620502,-1.3737919295917784,0.06193570986227443,-0.17835151062367033,-1.269372723303432,0.07171964763058143,-0.16221219260802225,-0.8517822412529116,0.008606336197139464,-0.2864336246771307,-1.3561270990793788,0.19122630246355066,-0.33212630729447806,-1.3466635184310491,0.29362922246193096,-0.2935668829837953,-1.280983046331727,0.3053552075906376,-0.2876945096851353,-0.7714457671416649,0.35669815192661036,-0.3467974395230263,-1.2362503255250925,0.4851062158035831,-0.4381443067620899,-1.4979176714464184,0.5910860535025997,-0.4690289455017972,-1.7140886577167644,0.6620845613861962,-0.4963342120835048,J
0.0,0.0,0.0,-0.36283229347683466,-0.4279178107866992,0.12058982032239232,-0.8143191078176617,-0.6220096552803053,0.13520521942339714,-1.2004436692871323,-0.6927553551862371,0.13245384998897236,-1.467752489118323,-0.6551179754468301,0.12340841735514435,-0.9566138467837592,-0.6616371129847319,-0.12193715365903374,-1.4600904068439295,-0.4293380284352876,-0.12450506823852535,-1.4108862866600695,-0.2715941909047783,-0.06770438896964937,-1.3205299764305531,-0.23622174396476603,-0.03960435275838734,-0.9082979671496972,-0.35519681005738074,-0.2209751773317278,-1.42236946908547,-0.0912765231403023,-0.242260037802338,-1.3588616131514117,0.044212939090816784,-0.18108097542861798,-1.2490430013652465,0.0617023579018008,-0.16230042065965164,-0.8455961371228967,-0.005072052359071454,-0.29835290877919673,-1.3426132055623023,0.18036119316346796,-0.3353412361567843,-1.3130008884308573,0.28410183225830377,-0.28631816954234207,-1.2315401487891415,0.2986468384300747,-0.27761921889929336,-0.7691695666226113,0.3405459458164566,-0.35809998216764116,-1.2250032786812801,0.47649081268517635,-0.4467667613423064,-1.489694663716302,0.5746470356192271,-0.47862668171614003,-1.7116599587840953,0.6347290127721371,-0.5087263422617608,J
0.0,0.0,0.0,-0.35643846627770887,-0.4284519383838258,0.1316675718144104,-0.7717552624906716,-0.5958971612424846,0.1545186551689543,-1.12514894545264,-0.612791992291535,0.15490032005764942,-1.3590149883061953,-0.4921904180005925,0.14744734092820572,-0.9558213830766938,-0.6581971626206322,-0.08157858673683273,-1.440083755776765,-0.41729211022294155,-0.10429277729797964,-1.3798767310434148,-0.26488511759741235,-0.07551497220156374,-1.2711262528929157,-0.22300509879629493,-0.05978908939000763,-0.9131642130781921,-0.3642304641567212,-0.18294067052863225,-1.3898097686524293,-0.08341808056979337,-0.20701763340320525,-1.2966172849187785,0.049299593429744194,-0.15595886211201127,-1.1782709986751287,0.04683629465304011,-0.14150283867739524,-0.8490470068556031,-0.01766121401423034,-0.2657974734097605,-1.3101758024631407,0.19112614131494668,-0.3059772113267899,-1.2441331837944467,0.29223064932071724,-0.26143023299140783,-1.1367261082713964,0.29142355718500856,-0.2519790409435629,-0.7733116660039191,0.3335504574073971,-0.33093784225663475,-1.2263385487568061,0.45646693898247115,-0.4226500880218983,-1.480698113334153,0.5567612031748147,-0.452074413840268,-1.6908819245323712,0.6187142573641334,-0.47708130220662487,J
0.0,0.0,0.0,-0.33906530786562433,-0.4151654176008379,0.13791879408612637,-0.7353111068321304,-0.573383016910953,0.16688301391794588,-1.0656211799875825,-0.5663466012849865,0.17812047770335254,-1.2783484938550318,-0.44280067960199965,0.18495115073537446,-0.9504189447833383,-0.672595140714025,-0.1202383569174329,-1.4554163639050894,-0.45493454372681164,-0.12533716873283857,-1.3881418454710828,-0.2849303241121532,-0.071109621301243,-1.276278396163975,-0.2362932414258548,-0.04699503369158085,-0.8930460447972969,-0.39147441165837027,-0.22184802656015934,-1.3845909811041963,-0.06933024219786288,-0.23498956287310113,-1.2624955651976693,0.06229887005512469,-0.15766848889185583,-1.13387413416788,0.049438239997114254,-0.13509568622464327,-0.821166321827527,-0.041273344998815034,-0.30234767704161697,-1.2975409649320149,0.21664055250428915,-0.33261078293534546,-1.208593086021023,0.3139379178997361,-0.26675212785237423,-1.0863667917247215,0.31433685742309486,-0.2542133508287549,-0.7378585702107461,0.3192239926713201,-0.3655036870713917,-1.1953103164168035,0.4473340145017595,-0.4881993090038569,-1.4615750873622506,0.5376640599914677,-0.5381390603644854,-1.6853409468844052,0.5933410887419924,-0.5802246583372187,J
0.0,0.0,0.0,-0.35169610605725565,-0.4184821107026029,0.12258282937149988,-0.7443346747999426,-0.5711095278679392,0.13551825363737627,-1.0587753354032048,-0.5743434127469138,0.1256104704947573,-1.2553607704916083,-0.42879376065502384,0.10812909363481113,-0.9568458803704185,-0.67018840422766,-0.07957924693945866,-1.4100411747123265,-0.39053985047864637,-0.1041841354481796,-1.3214834267446895,-0.2492318909232172,-0.08606619430103887,-1.207631403054469,-0.22499533380090328,-0.0813881267652876,-0.9007002494730666,-0.3950642897353095,-0.18072981927477028,-1.3523795296612637,-0.064535340752537,-0.20602188219693504,-1.2392159327680574,0.04864497507716825,-0.16504765660548962,-1.1175822276044434,0.029346159156439178,-0.16139324744689246,-0.8276542324424406,-0.05132270945084055,-0.2643506558409794,-1.2707862022122791,0.19307077042293241,-0.30438433368767365,-1.1757331474148127,0.27398378467643897,-0.26149626623385896,-1.049886024386758,0.25306814924957927,-0.25533172696665724,-0.7414174662475947,0.3030100712389798,-0.33235954005120155,-1.1798634623301851,0.4329774286471649,-0.4258002316767145,-1.4236709188929997,0.5269329344368201,-0.45326280594317997,-1.6287933379978066,0.5790861816449157,-0.47819221546334617,J
0.0,0.0,0.0,-0.35207193298269895,-0.43541989164144335,0.11069716817546257,-0.7505103448997651,-0.5738189862149684,0.12215163701756744,-1.073996638239693,-0.5333115119898575,0.11610482382402414,-1.269923254051761,-0.3669777782968122,0.10337975760649235,-0.9811133302501128,-0.6337882760827834,-0.10553368895642105,-1.459726073275076,-0.3311536328359918,-0.12857641919608506,-1.3725199031819075,-0.19258817146208046,-0.09899304698053935,-1.240126030101829,-0.17637257509523666,-0.07996670903160635,-0.9277460123553909,-0.3188538562832091,-0.19395761107004145,-1.3864484727105217,0.010336441641391657,-0.21670399237359422,-1.2752999500400217,0.12045757181944396,-0.1624316675014604,-1.1489482401497493,0.08706563664687962,-0.1474310299236566,-0.851533484431848,0.04494073612173993,-0.26500926453296,-1.3051503906993942,0.2774515146721695,-0.30385347440036575,-1.231173739572968,0.36012393112127083,-0.25897498051615386,-1.1155061882702362,0.33785816322485107,-0.24896043861266026,-0.7597806440175633,0.4065627434471103,-0.31968735066873005,-1.2321182069987635,0.5032352878156752,-0.40975966681560333,-1.5003145350652818,0.5910772167531771,-0.43705615750553634,-1.7185005896020158,0.6517657071990597,-0.4605227565754741,J
0.0,0.0,0.0,-0.34908878636282314,-0.44857646143216545,0.1110047935004199,-0.7497190941531424,-0.5896186103147417,0.1240676087944036,-1.0785694763409148,-0.5580460766965133,0.12320826156346093,-1.269266465977617,-0.3812213485025326,0.11681280703280443,-0.9739685084828754,-0.639971890652201,-0.11856308822595703,-1.4493106558999653,-0.37391058857870385,-0.14894797129950016,-1.3349254049721488,-0.287260922552631,-0.12982746149456986,-1.1954588949302187,-0.2901162252880065,-0.11986682881427525,-0.9228565210148553,-0.327122286882318,-0.20329006627290075,-1.389331677860645,-0.030287251562317118,-0.21682978683996498,-1.2610006186528129,0.05346906145491888,-0.15923843153897183,-1.13592528385007,0.008406301354359194,-0.1465742822393324,-0.8539913995820227,0.03776834391835189,-0.27071369842399734,-1.3066956772573337,0.23566475173908982,-0.2980830175223055,-1.2170055645478355,0.2900871129982442,-0.24763432420885978,-1.0882722960735498,0.25542203702017335,-0.23945086594093803,-0.771422816912898,0.39921836173684544,-0.3225762530731381,-1.234728820109997,0.49498145131334703,-0.41893167559791833,-1.500734834370042,0.5872117389900916,-0.4544639913657517,-1.7230238935036288,0.6525338436846538,-0.48543688204189056,J
0.0,0.0,0.0,-0.3283407320998779,-0.44115317445694036,0.11499866276240253,-0.7265693240791867,-0.6392397343466266,0.14831864782116055,-1.046471041850233,-0.7144012690423788,0.1634557236301431,-1.2485398696088965,-0.660963375613624,0.17396868001166726,-0.9889374182807695,-0.6124492290404184,-0.05094333043574439,-1.3993719720103965,-0.3681616057080535,-0.06906680495646049,-1.2785751380178267,-0.31965132716683886,-0.055464173409047135,-1.1314094142060513,-0.3403909410953646,-0.04572544795169097,-0.9518404128005487,-0.27757693812079554,-0.13019551445101732,-1.3568759674773507,-0.025758256502250637,-0.13910673490193154,-1.2236983366884766,0.027919454909936796,-0.09902146519038157,-1.0877148354934416,-0.017176898596155905,-0.09063677253582149,-0.8829040887908663,0.0833927067722756,-0.19323031758506395,-1.2914213879970298,0.2582718483232754,-0.22291109697883307,-1.1918453511126474,0.2945493467590353,-0.18057906476859942,-1.0515061880271188,0.25254458228882726,-0.16743784511649426,-0.800681074892623,0.431446219241509,-0.2409546926097382,-1.2387204835969312,0.5043735786593477,-0.31946745798876075,-1.4955309894340643,0.5814781547585024,-0.34119000331336075,-1.7005409397841684,0.6306436779189666,-0.3575265397259051,J
0.0,0.0,0.0,-0.3382049971250185,-0.44378478904576124,0.09485064151095832,-0.7370779582967999,-0.6547064562833117,0.10872392088684411,-1.066897100926705,-0.7299597090949277,0.10598012423244972,-1.2880563683954969,-0.6203240422098011,0.10050652648979722,-0.9898821873066646,-0.6138019961049523,-0.06476513297918866,-1.3780270858630408,-0.34404614490166935,-0.0831019954048288,-1.2351169725194922,-0.2906160299892854,-0.07507238220546018,-1.0856124371462732,-0.3237128731144571,-0.07190216591509598,-0.9516520432156861,-0.2726062307106201,-0.14157765226602048,-1.3183807259607903,-6.826948937075978e-05,-0.14592559745184772,-1.1738771873361953,0.05888705432216254,-0.11188072916424611,-1.0384205109881963,0.003622389372101141,-0.11312505930967796,-0.8862816972732425,0.09740362228583935,-0.20321309892131442,-1.255010855713461,0.29025312375631446,-0.2240854045245076,-1.1479958646026382,0.3240988780468392,-0.18148566021700396,-1.0082194748125368,0.27168844238735,-0.17335085971111547,-0.80806873111041,0.45369592765865835,-0.252767925784572,-1.2295755945307552,0.5207268134365486,-0.3076928794456546,-1.4814415030400951,0.6015953600750173,-0.31344734293645965,-1.6873866838156193,0.6536049049736151,-0.3240477210745642,J
0.0,0.0,0.0,-0.2959973343218162,-0.43210655695198447,0.12895336775547103,-0.6440752874993481,-0.5712637700438109,0.18146929404706566,-0.9256159799934776,-0.6020167300744051,0.21753951618912262,-1.104553781330898,-0.5157475173195826,0.24872937428487282,-0.9875258415349006,-0.5821478741865926,0.011265145405504023,-1.3168951109096882,-0.3218448250046086,0.03853642461302944,-1.1783213688448675,-0.287746998837249,0.05964062744937586,-1.0384554403005997,-0.3191092560726664,0.06620967954157823,-0.9639144465198498,-0.2598612460235897,-0.057802012122409395,-1.2761402739853536,-0.0185986091225312,-0.011028203650930572,-1.1313847980572782,0.027427150102704082,0.03484551433458974,-1.00731170261827,-0.014934802226698024,0.036570387237633895,-0.8974511540156338,0.08815678039182173,-0.10942525454047938,-1.2170043445332135,0.256790187519609,-0.09128673689522185,-1.1157436624042483,0.271761848466105,-0.05456118332665539,-0.9865133550686144,0.22561021796645772,-0.0564520497563916,-0.8107606987488347,0.427712345629135,-0.14509327470821065,-1.2111044419696386,0.5029495178828032,-0.18675339125268475,-1.4373647023243694,0.5789424192621243,-0.19588180111182596,-1.6275436609813898,0.6243784389705925,-0.2094129474398924,J
0.0,0.0,0.0,-0.24164300487996226,-0.41535686945278455,0.13170269205624696,-0.5231940348414884,-0.5257785995349129,0.18465644350337565,-0.7424704519831428,-0.5490794481331672,0.22417756988783447,-0.8755822442673248,-0.4717696726472675,0.2600009997791397,-0.9762131243397963,-0.5667001696515557,0.011350020990043319,-1.298611411037512,-0.3217863818727121,0.05197143666016555,-1.1553901408047396,-0.28229316960712336,0.07869931809786031,-1.0123005966309648,-0.3068635591664328,0.08811734297284736,-0.969494101171988,-0.24042192916702881,-0.04773346591568044,-1.2581168321838083,-0.042000481101752474,0.016137716641359465,-1.107998087254246,0.003522802189114318,0.06557903757897489,-0.986122030723083,-0.03342710297888677,0.06608207423363828,-0.9145193488781834,0.10539476542310296,-0.08696792501761927,-1.2042632426298863,0.23755378063715868,-0.053834794059370826,-1.0984403675150414,0.2533514632069685,-0.020948294127591794,-0.9703755473384684,0.2190907579603881,-0.02946341686687785,-0.8347034229849227,0.4382533439038899,-0.10895903135285077,-1.2023450129632018,0.4988257080858864,-0.13918059311302006,-1.4199389403758307,0.581634673725331,-0.14619921539638092,-1.609337277669645,0.6349966516854849,-0.16038429450360728,J
0.0,0.0,0.0,-0.2639728358825493,-0.4238273559586946,0.16200957083321585,-0.5191154597077811,-0.5477556102872162,0.22971286342746802,-0.7094150942253361,-0.5456993503008825,0.276620435443408,-0.8174296042879794,-0.4041479736261854,0.31540998002986076,-0.9815856072428046,-0.5314319146778397,0.06921843089988287,-1.3012145222148186,-0.3292811156704849,0.12683985458401023,-1.174507654245616,-0.28236285313948883,0.16414160003673314,-1.0372334652188258,-0.29020186886254185,0.1841253936351211,-0.9801439675137537,-0.19828712109533198,0.00014336709162631524,-1.2698806685992223,-0.03840118900364179,0.07335587495715033,-1.1396782322751637,0.004973160117323625,0.11634969082339455,-1.0154704600895668,-0.018105591272435353,0.11670422634064084,-0.9258598327438498,0.1407167496054142,-0.04653489239677291,-1.2120744615863464,0.22078573182299605,-0.007107358827178338,-1.1147055572137816,0.23507893511504047,0.014092033663240763,-0.9891444915928537,0.21021166209019368,0.002736515031850498,-0.8438260044132971,0.45548649571964045,-0.07212724922184903,-1.209788746642712,0.5018067029234261,-0.08373186466678723,-1.4181727447815724,0.5687776108778986,-0.08127376708511119,-1.5908265568635933,0.6055058646474029,-0.08747204949132972,J
0.0,0.0,0.0,-0.31828532992307207,-0.43637546631287083,0.13877584868924675,-0.6325133175587424,-0.5386719006758887,0.18678186479889325,-0.886896275279571,-0.4424655801404236,0.21661505197896105,-1.031894366411612,-0.2219657359356722,0.23437707243919254,-0.9929140756958583,-0.5228907561132362,0.029510566318805335,-1.2913538712124775,-0.27952120698267346,0.09738116125435467,-1.162668694807715,-0.2348725025867848,0.15025184927121643,-1.0320691458102988,-0.24395821229593428,0.17799059879264495,-0.9827210026703961,-0.1814171717151335,-0.036704777854836765,-1.2459141747138813,0.00735688005586422,0.04353256872707144,-1.1094069795309431,0.049021777209950296,0.0891864468714923,-0.9852287795118166,0.03078680164667435,0.08768858486199942,-0.9154026158130288,0.16286723444953208,-0.07919378662241065,-1.1968957290760467,0.2630217242169143,-0.03576387701980166,-1.0913458864046304,0.27105952635827785,-0.015066601375343555,-0.9652117972787928,0.24249513958757296,-0.03192880304876268,-0.8226759942150538,0.4883328711063347,-0.10188010291870742,-1.2070265273304226,0.5445690395955073,-0.10860983054095927,-1.4224639195679347,0.6092261410193524,-0.1039621432849545,-1.6074094824284033,0.6532587608486092,-0.11324095603942719,J
0.0,0.0,0.0,-0.33458821962736635,-0.42063776036139894,0.12869992333511854,-0.6705364343214669,-0.49839075026971963,0.1718749902618354,-0.9414510662197534,-0.3714662253904386,0.19905470467401773,-1.085795920884073,-0.13987901039867154,0.21695932695956469,-0.9894082230613573,-0.5071969603762542,0.00256613536859391,-1.2826307759380025,-0.2463706905543936,0.048110110067393,-1.1542526635455344,-0.21225114464760766,0.09063502818967833,-1.0181927413342633,-0.2290748064498799,0.11277086815959303,-0.981126647027078,-0.18354266216913043,-0.0608489412995179,-1.2337058086535597,0.03954842417317805,0.005190987721276634,-1.1001879863809818,0.09515757034374941,0.05659929996651112,-0.9837836397621063,0.06980266658797002,0.06071637520777798,-0.9130278793366708,0.15111888229904322,-0.10278941493527602,-1.1881585604883482,0.2952871376988834,-0.06884211947153536,-1.0948230091642368,0.3177165352180865,-0.038662585613461635,-0.9742315301305987,0.2838502698353568,-0.0474816203056546,-0.818300576060546,0.47676637688304185,-0.12663781917236486,-1.2005580750735299,0.5372480103624709,-0.14859225923076208,-1.4083236242219621,0.6173698573637744,-0.1478127955180956,-1.5773294430614984,0.677759318420076,-0.15637781143546936,J
0.0,0.0,0.0,-0.3285641270661474,-0.4418473689318019,0.14767018614302843,-0.6576085069358618,-0.5443988024969298,0.20673169509747935,-0.9249085627171981,-0.4311465093434527,0.2524383554531642,-1.0676154025676938,-0.2041064829275885,0.2861795213162107,-0.9901591294011087,-0.5296672155004842,0.011128552715670328,-1.2617292858157012,-0.2624749324469516,0.08482986168466183,-1.1282062708920444,-0.22010504994644722,0.1439268640875087,-0.9886963234565112,-0.22844230434815022,0.1727527479507733,-0.9821146552942522,-0.18093055350765794,-0.052105073300636066,-1.2250378072937294,0.021185625956273806,0.042608594626150964,-1.0845205203591828,0.08613930410920828,0.10657576546078006,-0.9612487870500768,0.0735401655465086,0.11351790566694825,-0.910936040816325,0.17628934221068154,-0.08892488712812345,-1.1766670242785076,0.2953777956100733,-0.03292297205335532,-1.0768603032716617,0.3224381992318814,0.0035035998605058623,-0.9478990737464729,0.2993345747678343,-0.00750644862804937,-0.8134310275717705,0.5159941840134694,-0.10498132892345993,-1.2077685628399406,0.56181881921668,-0.12371172746856898,-1.4280572509413876,0.632835432249891,-0.12526333122534597,-1.6105069616992227,0.6794776064429208,-0.13831765379239602,J
0.0,0.0,0.0,-0.3074794032434124,-0.4137302674610385,0.12444210803124564,-0.632584393416025,-0.5146806192185288,0.18109950874305042,-0.8878994818925448,-0.393708466493851,0.22352923754856283,-1.0196308316845721,-0.17381319722100316,0.2563691421465729,-0.9936610597740494,-0.5022854548846303,0.03448047624887277,-1.2363243905609274,-0.22680328338392972,0.08477714410111502,-1.1166279539392931,-0.1839472249192576,0.1229762547074709,-0.9750411903753156,-0.1923201440597265,0.1425538594778752,-0.9843215181490198,-0.1745269859594286,-0.02552410783409324,-1.1935617852493674,0.04793878211108973,0.04417634368608174,-1.0514034267532082,0.1118808796055453,0.09307592843962698,-0.9267906292103086,0.0900453355460608,0.10012820917742858,-0.9060723605632466,0.16731524910073228,-0.06744804326754912,-1.1477167028745958,0.3182122830435061,-0.04089990409235915,-1.0454316897062799,0.34567623122964913,-0.015702948049904734,-0.9132537520015358,0.30914276195139095,-0.02106652838081338,-0.7942230348240539,0.49749222117802555,-0.09192873703378358,-1.1748714231704842,0.5517125053133851,-0.1319787840132009,-1.395416634954308,0.6332063402625989,-0.1437817678739172,-1.5742875141363044,0.6871935286022649,-0.15625393706889307,J
0.0,0.0,0.0,-0.34959098376753184,-0.4135461249503683,0.1260437339781334,-0.691847628413124,-0.5132971379559617,0.16259476745980117,-0.9425613676809026,-0.3691934328061882,0.18416759736362462,-1.074596736237076,-0.11918410688144296,0.19160625912883464,-0.9918735901430048,-0.5324274204161131,-0.01866808174953675,-1.2542403622030345,-0.2428709236011983,0.013222565437690587,-1.1220419413461005,-0.19478364867590195,0.04021980241278218,-0.9793134932910608,-0.20637378986643112,0.05017304066061874,-0.975693184139217,-0.20036497003655612,-0.08875071383671186,-1.190708882964695,0.02028562447696885,-0.025480261721082868,-1.0493873433333605,0.07863313670104523,0.02061931873667965,-0.922260808161259,0.06132383329728622,0.016537684614144253,-0.8974108154129171,0.153345619171871,-0.13782175762516288,-1.1408703715217348,0.2787835353905501,-0.11274488753417135,-1.0318453821088525,0.30331208217453565,-0.08720273605636682,-0.8978564003558357,0.27176351725847975,-0.10115001919710755,-0.7925865465350898,0.49259113998425896,-0.16882854187905422,-1.173082518196264,0.5358342543708268,-0.20923096661780324,-1.389647487916447,0.605362221752429,-0.21973727244652297,-1.5714658068164562,0.6527296002170567,-0.23800358324075405,J
0.0,0.0,0.0,-0.22296813542733362,-0.453924497776716,0.07588980485320095,-0.5193835560354677,-0.6143788658309943,0.11602334385316539,-0.7790393643662222,-0.5615643843840865,0.1491292612652997,-0.9338106626593137,-0.3809377090581837,0.17358092302351064,-0.966918119869692,-0.5840922486128103,0.0031197441123286757,-1.2248330235069558,-0.2732237713535484,0.02948568607205913,-1.0887639915013847,-0.21880719582513292,0.032547425299812346,-0.9539826883678308,-0.24261786157149276,0.025129295479326484,-0.9698155450271183,-0.24023921643958104,-0.0417483833010275,-1.1899918414623272,0.00976939513990786,0.013546863797188585,-1.0490507822266384,0.07503037375255402,0.03949069893954902,-0.925421349090673,0.04299947308358961,0.02466434460070964,-0.9104241717343583,0.12036231561843018,-0.07493553606909065,-1.1508368310481412,0.2833147115621877,-0.0687827706509837,-1.0517128206262194,0.3254190955271282,-0.06346013686274768,-0.9145017686567477,0.2914214765524816,-0.08235562143334636,-0.820049030969317,0.4681986210730462,-0.09560621004093822,-1.1776537460929648,0.5183644383679779,-0.15126981977349396,-1.3959311809313917,0.6071404414641397,-0.17633594022067686,-1.5738453476706995,0.6524836458543147,-0.1988347858516369,J
0.0,0.0,0.0,-0.31239283831448655,-0.43024136775100497,0.1299856197021717,-0.631223374171481,-0.5359971991044786,0.15784117605178502,-0.8917879693475615,-0.43711451768266346,0.16651104488081186,-1.043926242741768,-0.22741523075338302,0.15881579847375477,-0.9711114584458915,-0.5906292734265045,-0.02951786519096585,-1.2690676240343157,-0.25919884477256605,0.0026525209765362163,-1.1374370705850665,-0.182106718389472,0.033573350960680204,-1.0058418002463496,-0.18964554300650333,0.04542932831523089,-0.9596732620632179,-0.2589286349510742,-0.1094677673258917,-1.2148593880775571,0.026260043065378432,-0.05183966993925639,-1.0772339401229782,0.09713322719126385,-0.00518910210060154,-0.9522502836591004,0.06986232300913996,-0.009895109287201439,-0.8941132733445893,0.10199347566706447,-0.16699246865970982,-1.157801452893487,0.2837200185405528,-0.14040718698404342,-1.0519100755903856,0.3221562630505686,-0.11165283014686431,-0.920244386043565,0.2857905490769465,-0.12703478702095655,-0.8048189242228404,0.4555470026764893,-0.20731545912881108,-1.1771808483662187,0.5282531443945188,-0.24166193171265152,-1.3921633400588038,0.607757459434326,-0.24564144391841397,-1.5730122155578055,0.6521065652176842,-0.26054547084606644,J
0.0,0.0,0.0,-0.26106808175048507,-0.4529320981833566,0.10997648256985645,-0.5514724642793781,-0.5897966776718665,0.14226800259192215,-0.8018885208777244,-0.5306007300753647,0.16091050224996387,-0.9490213688673993,-0.34040478400400476,0.16805049187138396,-0.9704685097119051,-0.6005643930480196,-0.02004405449734033,-1.2633768244708132,-0.27458770221838913,0.008983998669910308,-1.123117802475336,-0.21205561389886407,0.027036902747670365,-0.9836635886566533,-0.22783636935033202,0.027988067144741648,-0.9612473899620486,-0.26179023230670073,-0.08642528310600404,-1.2257826772814469,0.006841250062698933,-0.02768754633568818,-1.080469058064397,0.07917412704398376,0.01644690410996098,-0.9563690681081188,0.04538497043285648,0.008782320331152546,-0.8988242940114634,0.10346785629515746,-0.135228005342607,-1.1743341690944298,0.27065849687331356,-0.11359242072613977,-1.0692359939845442,0.31252739784000877,-0.08785420959655975,-0.9328944560877622,0.27562465196310687,-0.1033224492192101,-0.8095898364215824,0.46035332160591674,-0.1693176330602162,-1.1807517798236657,0.5211923748313797,-0.2199572230230069,-1.4055668076394767,0.607623932296556,-0.23975282883571628,-1.5966823387677713,0.6573332815238843,-0.2636705268028487,J
0.0,0.0,0.0,-0.2506102212866286,-0.42297592061761824,0.15151729199092706,-0.5220727217963663,-0.5670569381771917,0.20959631657945665,-0.7406836771498138,-0.5626091090552641,0.24917585458780392,-0.8779363221408655,-0.44397897631961825,0.2792452701473371,-0.9600740806745242,-0.6255391146595788,0.023285503913726302,-1.2507227726150922,-0.3034571461218089,0.06837614409720338,-1.1076890278404603,-0.21440261287572326,0.09279745774144246,-0.9670831077984482,-0.23129327476838424,0.09502105465532996,-0.9495687025559324,-0.30884752075018385,-0.05415245195471784,-1.2097306676840414,-0.014816445735662296,0.022861738649749712,-1.0555183640050854,0.07399351851299879,0.08277561547835394,-0.9316067422085579,0.033270316270551985,0.08219895127547659,-0.8907966779292424,0.045564066680134824,-0.11196426797238371,-1.1503998922244443,0.25390081398119596,-0.06452471669699562,-1.0347891393342068,0.2961964655080916,-0.023434124327366388,-0.8942804000462092,0.25114648655680005,-0.036321010865867295,-0.8048819608988333,0.3998558337829999,-0.15368990663366663,-1.1696091852608248,0.4767133353414061,-0.19987409741212006,-1.3979049497037217,0.5704186838168536,-0.22174007508677107,-1.5919852341876568,0.6215730310187242,-0.2491935418391539,J
0.0,0.0,0.0,-0.2286200385699718,-0.42940801030198067,0.12745991351975874,-0.47581757394420593,-0.5842257657823184,0.17250051698917113,-0.6747184336701822,-0.5925562770186301,0.20212863766863742,-0.8025369870087241,-0.4716875841880217,0.22217753265336698,-0.9627353498173677,-0.5997166452048523,0.005693525114086864,-1.2349284581622606,-0.27848037457393204,0.05088831841826709,-1.0887875029329253,-0.19851883878065368,0.07448887021018469,-0.9491666929066178,-0.21582117173001233,0.07668619460366236,-0.9574046118357266,-0.2812621830517471,-0.06532988306010777,-1.1973647223385493,0.001298778000364888,0.010316503850710137,-1.0467338169909668,0.08328740175402137,0.06062937189068832,-0.9238363272815587,0.047493950058797835,0.053810141689482706,-0.8970712469635129,0.07088438256297697,-0.11743492224980634,-1.138212530808055,0.26823432114330226,-0.07523825518161907,-1.0242517523059425,0.306844381109652,-0.04491697874182796,-0.8865155685861453,0.26247992674934106,-0.0628384499223788,-0.807531844842424,0.42152616782943136,-0.154792772242778,-1.1646860075008993,0.497322603360774,-0.1941293847019007,-1.3846377904119767,0.5837099831314558,-0.21061928229804064,-1.5721257161378566,0.6293200836648439,-0.23451840932553852,J
0.0,0.0,0.0,-0.20230174992550679,-0.42492924860376263,0.12785927828782273,-0.41490634495170614,-0.5892717504243253,0.17213939184740393,-0.5709271498030504,-0.641724217189232,0.19863109704864956,-0.6765128784406516,-0.5689516254953212,0.2162186880340936,-0.9601426181493542,-0.613256733827102,0.028100360724329983,-1.216407768819236,-0.27907225543275044,0.06784762108669587,-1.0686636703471508,-0.19332893914048774,0.0770870216207482,-0.9266863344735019,-0.21283298475717355,0.06833071828632564,-0.9526365318404754,-0.3006805484339936,-0.04555047745505863,-1.1774657575148673,0.005888455895583214,0.028038847711224203,-1.023921622153855,0.08932412984451393,0.06979117942404164,-0.9001142359307359,0.047452262586368275,0.055130437208844155,-0.8904065788430474,0.049223454631365425,-0.10319289386839745,-1.1185158997166635,0.27244457914936276,-0.06309648045918063,-1.00445335030488,0.313544420381192,-0.03735456228332264,-0.8645537048703262,0.2685388335585162,-0.059103546073122015,-0.7966583743191968,0.39456747394355224,-0.14726816745893626,-1.150663238415886,0.47927007040835234,-0.1936867107067744,-1.3755369860282582,0.5779922345999318,-0.2157633432521084,-1.5663875372878253,0.6326339309748746,-0.24364567556444586,J
0.0,0.0,0.0,-0.21230412017768988,-0.39618875403614306,0.13398128343773846,-0.44219131253879734,-0.5327433275317908,0.17734375719282466,-0.6063695356212675,-0.5727667493197176,0.20049329682527986,-0.716675891926901,-0.5198612444189132,0.21458212611045197,-0.9704174638171948,-0.6166176538302632,0.019202427467786838,-1.2370729143248813,-0.2443141257082839,0.03565302579023806,-1.084841575237413,-0.1554252845186304,0.032226002305922256,-0.9378980974680013,-0.1839390500452849,0.018443547077374233,-0.9494740339103275,-0.3073261718203677,-0.06363712001880678,-1.188515484213159,0.03381364902552293,-0.014965616366806583,-1.0286881832783836,0.11640065285760952,0.02209019657556184,-0.9009154964924775,0.07064897828610392,0.008035537447498317,-0.8791898338999038,0.0447085921995041,-0.13156732561566495,-1.1257595421896813,0.3000616108783299,-0.1163019934568027,-1.002028522768749,0.3519477613955768,-0.08612855400510373,-0.8571775372069257,0.310147904206137,-0.09845793317382401,-0.7802082137322685,0.39572463458217694,-0.1852646730374955,-1.1589655965244465,0.47865047408924494,-0.25306811185609124,-1.3988718529127695,0.5775980841401104,-0.2785460196745923,-1.6056204600627533,0.6301274213307814,-0.30435870963671563,J
0.0,0.0,0.0,-0.3436070188879413,-0.3612713657904636,0.16633292968156557,-0.6700306187451512,-0.4339743341175132,0.20186088893141635,-0.9074334444655658,-0.31003161896717907,0.20331938670127384,-1.0363740793729224,-0.08746622960391041,0.18878219213383282,-0.9574040998000568,-0.5817847677599717,0.04728625922897076,-1.2155719616236258,-0.22255969453944638,0.07117547123194311,-1.0870575842793664,-0.1188438546410619,0.08759897386164651,-0.9559030866111011,-0.12132708256876408,0.09066199714159166,-0.9472982078156466,-0.31482324373123965,-0.059265763099825744,-1.1739771107963386,0.027938236189689634,-0.011233967261411848,-1.038588938728,0.12125902942408792,0.023732156464371414,-0.9134682492700287,0.10175881369186035,0.01602958913544759,-0.8863002380023015,0.004495778666493504,-0.14564396101984198,-1.1256427207165822,0.25766714443899563,-0.12120648430246142,-1.0119222143272284,0.32218722041582104,-0.09627445662692753,-0.8886203092274956,0.2870908754227252,-0.11172414883210335,-0.804243948658955,0.326213176116977,-0.2147297997090393,-1.1454981510847242,0.44057520440990994,-0.24370581076239153,-1.3409247151523547,0.5250755697671805,-0.24493121227467357,-1.5106955996035605,0.5686207553830007,-0.25707560203891544,J
0.0,0.0,0.0,-0.3507250845468764,-0.3598996184197031,0.14892714423804435,-0.6809862965850769,-0.4378286618651534,0.1805135970535725,-0.9212470410201011,-0.31022176764103304,0.18730963054965236,-1.0512483984595538,-0.0733956721422444,0.18019325488369586,-0.9661555773901905,-0.5727430554017398,0.0016307231323168404,-1.2441866809971647,-0.22337703907224396,0.023936887684585042,-1.1053597639099035,-0.1288249355346082,0.043848245740957935,-0.9651621012180669,-0.131689488439583,0.0486591514845398,-0.9543753393618769,-0.28445097178253237,-0.09085899113392774,-1.2031614747097628,0.03570795294121244,-0.039673709436464415,-1.0575478997209486,0.12891565985050737,0.007438496332494626,-0.9296507176279694,0.09758223580463117,0.006382781698351356,-0.8901294989272391,0.05702696949677955,-0.16238243564698682,-1.1602827077703022,0.2738892241949834,-0.13607538759495302,-1.0463470397496148,0.335871298324817,-0.10166545858100919,-0.9125864618939442,0.2921721200798654,-0.11070064978548082,-0.7995438145734856,0.4015539065147095,-0.21709176191951626,-1.1601159307275435,0.486420066504417,-0.25418720928187394,-1.371723211477931,0.5690663252463475,-0.25999300408657494,-1.5456296733942152,0.6075160688168956,-0.2744568516596263,J
0.0,0.0,0.0,-0.3168040521349522,-0.3635400345076915,0.17108251877548758,-0.6322420808351252,-0.4603668897831411,0.2249908579376099,-0.8677404737430623,-0.3655366253585928,0.24452323203865026,-1.002733958906694,-0.1426231655285732,0.24484569883952118,-0.931834979172408,-0.6035888008543134,0.09451894625856133,-1.1953174658664873,-0.280689778613894,0.13747503844341527,-1.0786896815039786,-0.15989193854383538,0.1503269914109042,-0.943889290233084,-0.136658572419482,0.14597067733442012,-0.9427437027862534,-0.33344086745806445,-0.007176264047366812,-1.1673285833518052,-0.022599400255718986,0.05821977085316541,-1.0204361890923723,0.0840171609063862,0.0882371191930924,-0.8872916165704767,0.07870414382894701,0.07656245003492679,-0.8966211410919613,-0.0018354733068015488,-0.09044683284825084,-1.1340917177827579,0.2382370822074056,-0.05992689972430778,-1.004826478803507,0.3026121144441197,-0.04388079723785677,-0.8625317273677012,0.2741797338765991,-0.0645361088721096,-0.8143473863243196,0.340855518464054,-0.15515374521310676,-1.1746673870767277,0.47374273544570966,-0.19013704849501464,-1.3847030290123261,0.5823758147484467,-0.19900797502124865,-1.562836315890362,0.6418255624443376,-0.21667639446630876,J
0.0,0.0,0.0,-0.33086692215913033,-0.3636889106575975,0.15280654057391616,-0.6403069334253054,-0.4650109389502734,0.18559397272985861,-0.870042697014153,-0.3690661607554595,0.1896371714905667,-1.00543698807629,-0.14902316513419397,0.17809731221758082,-0.9314385036694313,-0.6124394884199854,0.016592089200707604,-1.195039521727193,-0.27682549660416295,0.03032320902128609,-1.0680053245058796,-0.15421202836784018,0.04249887396100014,-0.9240069987869826,-0.14113605577617905,0.04216608367723597,-0.937924505122171,-0.3365790477536789,-0.08373868463594032,-1.1708319648541041,-0.006113107190210518,-0.047211272774213685,-1.0303056059391307,0.10437718528005635,-0.008302187692077806,-0.8968291676404557,0.08809677385309421,-0.012109975612501848,-0.8891375833639168,0.0028326308232244197,-0.16531448365118556,-1.14135252417706,0.24495506350221227,-0.1572791786957027,-1.023084523287223,0.3131597983519378,-0.12953976576382345,-0.882444263253358,0.2753070736500022,-0.13958405213681307,-0.8079249993437745,0.348449592700177,-0.2297217451104548,-1.173179817618177,0.46131008365811393,-0.2852115110680578,-1.3893394678712387,0.5527925449934646,-0.2986994635412139,-1.570613408944445,0.5901539741335328,-0.31646144299626494,J
0.0,0.0,0.0,-0.3480560568013888,-0.3506160639141228,0.1741923019497871,-0.6648712790007161,-0.43419172264081435,0.22292680902658701,-0.9000529550873516,-0.32998894209949753,0.23922369719313683,-1.0245253375691865,-0.10143184304186444,0.23774556011611267,-0.9576867118496247,-0.5666262121771237,0.04260423298976439,-1.2437308197070207,-0.21870628550510465,0.06831051711494308,-1.1320980915692311,-0.09127834200726825,0.09033707329937683,-0.9920457029423483,-0.0684916797119431,0.09739596130354906,-0.9539191243110499,-0.29344378670566185,-0.0626821211948184,-1.2086937135693925,0.042933446016679574,-0.017948132847288908,-1.0777848640277774,0.15464636256594885,0.024112350486426303,-0.94385389391913,0.14119309255145002,0.023753528144914254,-0.8935076156190999,0.0381810940730949,-0.1461962370985444,-1.1654165350141763,0.2935364946517402,-0.1294477839779714,-1.0469313426226652,0.3681107664771509,-0.09671843217842735,-0.906615568343847,0.32998799124876854,-0.10317552081339303,-0.7990917831563464,0.3819412072808231,-0.21048289831778838,-1.1728987794007446,0.49775545997454923,-0.25991792485979515,-1.3900290298225175,0.5900507368364921,-0.2689789380255409,-1.5737425029864536,0.6293018549299646,-0.2829047016147962,J
0.0,0.0,0.0,-0.32010583895826644,-0.3535999288778747,0.1810133899655868,-0.6279724690349457,-0.44296705226974264,0.23136049320438604,-0.8572861770468188,-0.340817707299605,0.24103580336896788,-0.9916812365313626,-0.11796812386136438,0.23332876849376347,-0.939551871913741,-0.6055814293862598,0.09532328848958836,-1.1995567274954382,-0.21313554390593373,0.1218343422458902,-1.0714717495302075,-0.07820694457099935,0.1266622147926833,-0.9357936294494229,-0.07037887586740126,0.11770625800191388,-0.9280495047375824,-0.3717016637254976,-0.023706327004095185,-1.1656276153268774,0.02539305750670089,0.02394877321148363,-1.0193110516517736,0.13975581606929188,0.052578540620212805,-0.8884572335834104,0.12621984739836456,0.04088014928535008,-0.8709667159257732,-0.06352111809630784,-0.1255507510714468,-1.1326185351374247,0.2397456435570243,-0.10748617892850831,-1.010841452650055,0.335871132701967,-0.0855189034152971,-0.870129753521842,0.3162550540724793,-0.09904078122736494,-0.7857214465597433,0.2601326661385922,-0.2104154215121734,-1.1466210050542138,0.36962652744314045,-0.2587107426781279,-1.3623797987025752,0.4741732312056635,-0.27033796925522124,-1.5462933606305411,0.5391135274126247,-0.2866761515954486,J
0.0,0.0,0.0,-0.30162143952610043,-0.3679238961999231,0.1894654956932591,-0.6078058229507479,-0.4654935899239586,0.24430775041641586,-0.8489584957523469,-0.3621480216197036,0.2591348408173347,-0.9851728464344089,-0.13932431091021735,0.2542317473470938,-0.9296440155770825,-0.6276527364991502,0.08794191243738421,-1.1828720540520685,-0.2038458158018104,0.1250719706344942,-1.0457429390635218,-0.06811023001903763,0.14297641630106434,-0.9065384311346391,-0.0637471067647317,0.14077878967524826,-0.9211453053277967,-0.3875560882357591,-0.035938905714513705,-1.1496195743148874,0.02234727925337326,0.020295311294982243,-0.989094009934189,0.14625142657724285,0.056484144503026704,-0.8553490311509815,0.13842578855020693,0.04803769904939156,-0.8623233825705979,-0.06779328854976033,-0.13952580289433827,-1.1052428513295176,0.23290146597519504,-0.11674510394659805,-0.9699691924648265,0.32888838946572635,-0.087349574279758,-0.8282798157340312,0.3135288724134622,-0.09738695750534813,-0.7702683512050409,0.2748253570255513,-0.22486378358408457,-1.128984255823398,0.3740964318949598,-0.27531791884631984,-1.338190062970471,0.47023564225977477,-0.2848274294984466,-1.51177579141217,0.5300903442005941,-0.2993747747226449,J
0.0,0.0,0.0,-0.3080450593853675,-0.3834441467580849,0.22854684625102228,-0.6138885891015687,-0.490339524965245,0.3059727938388508,-0.8318159987400947,-0.38037371868061054,0.3380139294775871,-0.9538948735543762,-0.15476378142849584,0.3495887044806907,-0.9171635674220386,-0.6585691293067337,0.1526926234045787,-1.1744946789110229,-0.27616072266653696,0.2096600568728191,-1.0257501889534928,-0.1516223217320913,0.22393743104934427,-0.8813741435601657,-0.1551812611338357,0.21664651591834547,-0.9130103952166864,-0.4074226492727367,0.02046467898244941,-1.1500706144230821,-0.04205146926941501,0.12016781012071472,-0.977986305831048,0.07868666496599087,0.1666499798645286,-0.845327924627742,0.05122941519443337,0.1556741399431888,-0.8632751969532356,-0.07587107971584084,-0.09055699523545323,-1.110885413641426,0.17930543102768878,-0.017115008232749435,-0.9660950421664323,0.26875481290087483,0.02357735482349533,-0.8195053031269127,0.2355594697692324,0.006307414693272143,-0.7802689685899801,0.27814300040412193,-0.18265221105593912,-1.1446080126167546,0.3592977513259619,-0.19868821849120846,-1.3510075761758888,0.45931057112469353,-0.19896031239088927,-1.5245534391680022,0.5145344261329166,-0.21531399109654828,J
0.0,0.0,0.0,-0.31113025229936714,-0.3346298873915723,0.20206401337184393,-0.629916883215308,-0.41994669105584415,0.2742906895605042,-0.8605093717500707,-0.315206457703601,0.3086657424590058,-0.9906270344443177,-0.0870419162133723,0.3235745385258244,-0.929263364257034,-0.6143586032473201,0.10605704313142761,-1.1848658780413421,-0.20292703370678988,0.16537244467002407,-1.0513560708958458,-0.05371521165893061,0.193297465722599,-0.9153653694493773,-0.03545354157829012,0.19503042502576992,-0.9303337495132264,-0.36657688324431464,-0.010025127806938405,-1.1567724451128527,0.030468139379984355,0.07173774710399335,-1.003745927240342,0.17020724257933148,0.11527758417096938,-0.8748093843690762,0.1759974137418367,0.1070001478031942,-0.8789605372748055,-0.04479557897116134,-0.10368123894482499,-1.139430971948813,0.24621295586211286,-0.0580413914028174,-1.010869313253325,0.36109706220541904,-0.03245867456581392,-0.86860487525799,0.3572179789968994,-0.052090820120306226,-0.7936974142084737,0.2936507642646672,-0.17702011918882424,-1.165539542768224,0.41880663835697,-0.21678374710984588,-1.3797131750825038,0.5388393887169078,-0.23145299717506457,-1.5632134057304137,0.6113780100469444,-0.2535761136011037,J
0.0,0.0,0.0,-0.31089192375152785,-0.35903698605416634,0.19502192964915646,-0.6237578570767199,-0.4501677272789627,0.2573543755346962,-0.8430078595123608,-0.33819380198262916,0.2814613229536757,-0.9646840418632538,-0.10520896502455691,0.28701944890232917,-0.9096047553336044,-0.6604574940199356,0.10587183634178651,-1.1790099216116336,-0.29792150233937587,0.1482418157853526,-1.0428311034026423,-0.16604514111608867,0.1597677943619395,-0.8988718885046154,-0.14943591295176656,0.15502059596557172,-0.9156225382503344,-0.40195239612806766,-0.008344980222873988,-1.1641793644616714,-0.05412542742595725,0.06474647269655595,-1.0071147883925764,0.06944860308445186,0.09686577674017767,-0.8730704048636462,0.06344731935221816,0.08331139284104035,-0.8740755292905947,-0.0687663912683594,-0.10144560047075156,-1.1394806008702292,0.18446515477887943,-0.061919327290769176,-0.9962339445026362,0.2756157834135597,-0.04535745141766609,-0.8471504806482572,0.25071821938035194,-0.06858290320424168,-0.8019575938572776,0.28159791630664593,-0.17404177286897202,-1.1721436828635963,0.4038783812897158,-0.20357035967914228,-1.3803932959787724,0.524731666813856,-0.21017156186193947,-1.566560444758348,0.5946230962250567,-0.2270777016901213,J
0.0,0.0,0.0,-0.3276890730535362,-0.36418064837723835,0.16730621152010383,-0.6337384690699538,-0.45931424898183587,0.20330143209388396,-0.8494075285147676,-0.3578792425665197,0.20505919188382826,-0.9658945130547858,-0.12361813755818869,0.1894615969278493,-0.9041578308837912,-0.665416150106687,0.045100467743411074,-1.1566797332387988,-0.29980699379432374,0.06895932760623441,-1.0220780554763176,-0.1682335753999054,0.07322708286537927,-0.8832222041861271,-0.15354641394973267,0.06226502665885588,-0.9099902394982108,-0.40945725174462205,-0.06528800051870333,-1.1314032761138413,-0.04760022088131928,-0.0069462590478831625,-0.9823889736487607,0.07153231303337633,0.02843766345988295,-0.8518274150417224,0.057105270160624375,0.015874298473196744,-0.8620371061751548,-0.06979045020026702,-0.1553671498339932,-1.106925807433343,0.19812769181908774,-0.1201525437801448,-0.9716557920297856,0.2824785714508523,-0.08995166230613115,-0.8247069109239068,0.2501747721328232,-0.1068108471504677,-0.7812291036769019,0.28730562693929396,-0.22931450636793974,-1.1376613534747677,0.4013517261814683,-0.2680220620199378,-1.3467435273398403,0.5168115454919443,-0.27401979898544115,-1.5296299563388884,0.5842767515129252,-0.2902971736944509,J
0.0,0.0,0.0,-0.31224104691878785,-0.3544949922597198,0.16878876948238009,-0.6052013647982397,-0.43899008156047425,0.20721167039023716,-0.8202763731564917,-0.3029852216638934,0.2062702177081111,-0.9460073424060507,-0.06960082461738323,0.1847442331003394,-0.8920348705598863,-0.6648479777024198,0.06339005605212898,-1.1331052879433428,-0.2903832576245355,0.08929468194963174,-1.0273387126031526,-0.12768026399862084,0.10509855587961904,-0.9008289926694303,-0.08354323549647688,0.10700822857617728,-0.9136042731852545,-0.4030961468298929,-0.05329848429867709,-1.1352677256878783,-0.028646646171772275,-0.014706785179596055,-1.0066413685064792,0.1162629966621661,0.005439453348541499,-0.8806006058340695,0.13063297367031806,-0.009401902848885481,-0.8766561447203033,-0.06675906024863527,-0.14942998902367907,-1.123102573219491,0.22204265785860164,-0.15520983037432823,-1.0023376152962389,0.33659098063993004,-0.15389943122080788,-0.875845746177286,0.3322834581341408,-0.17500602835967455,-0.8075894932891072,0.2844244991931847,-0.2251050511978387,-1.1685402931611473,0.40384090273533185,-0.2764209875480316,-1.3613290215518974,0.5150479228095048,-0.2799901014998487,-1.5321236970583625,0.578910314988189,-0.2882502637795574,J
0.0,0.0,0.0,-0.3123250696577864,-0.33971668968377133,0.22767032559458752,-0.5859872522344588,-0.4250516972246363,0.30577134218605034,-0.7813333406099013,-0.3036513427683768,0.3344061833729695,-0.9012617882052895,-0.08259524538659743,0.3402817379979964,-0.9045379184674964,-0.6355720622712555,0.15669787214624661,-1.1122774877341042,-0.22812044080705962,0.20590509257335915,-0.9863073970285348,-0.06886140250620618,0.21961159714952383,-0.8421809737074138,-0.028212850821487254,0.21776681117171942,-0.9271207883527206,-0.37421229105922466,0.020302832916518188,-1.1233267684567643,0.02356251280732321,0.0933308407238766,-0.974006800075916,0.1648465899098166,0.11784404436914825,-0.8404156205944107,0.17547262413564466,0.10041453206197577,-0.8906403597945959,-0.04214111492861791,-0.09417402184772268,-1.1140129728338106,0.2605283517951704,-0.06187720434189565,-0.9733395849471093,0.3818781818551057,-0.0543636543708431,-0.8325985055349459,0.3757818970290103,-0.08012525635750793,-0.8186183911150129,0.3048139621644567,-0.18637844564531447,-1.1607036561242552,0.4252454206005978,-0.22660256448687865,-1.3579535512070482,0.5405968045135076,-0.23805644164433018,-1.537663036770916,0.6028517932749303,-0.25523852223504256,J
0.0,0.0,0.0,-0.30007150972116736,-0.3490971300137912,0.19240632655873427,-0.5823612474901291,-0.4385964317216711,0.24723128088257457,-0.787923959424393,-0.31198089089537195,0.2596255659870103,-0.901701635189546,-0.08651673434522335,0.25249491765806126,-0.9006806858656449,-0.6299356895921542,0.12596788219965024,-1.103499235298811,-0.2401494504056118,0.16544361750541436,-0.9694503924251104,-0.09253798890652258,0.17269531339622676,-0.8272434939397658,-0.0694905609787761,0.16522467355472165,-0.9184501337347617,-0.39553330030601364,0.0016613824457667413,-1.095279350388959,-0.017435165818782773,0.07365283706028755,-0.9367462446800561,0.11782115868726425,0.1043030492882515,-0.8060967599112115,0.1192613357189476,0.09314637715490034,-0.8751871015137492,-0.07522829200144573,-0.10428074276832137,-1.0607644675885015,0.2032230160922771,-0.06749388130700144,-0.9111279573179234,0.30460064507008144,-0.046349967195764126,-0.7652663067346741,0.28869881799582253,-0.06106039225879708,-0.7866037507269579,0.2723953789935637,-0.19271902447536454,-1.122609989024549,0.3664864808796226,-0.22734825318233343,-1.3133083597606223,0.4614115820156091,-0.2327357574370004,-1.472792125743268,0.509826011340136,-0.2435544920716436,J
0.0,0.0,0.0,-0.29957872744269315,-0.3420081162492067,0.20613709664522814,-0.5847796064037509,-0.4256670480112887,0.2684052778128028,-0.7854483067189307,-0.28970799920900386,0.28534509558075666,-0.9005635423814464,-0.055539401080671694,0.2805693350789076,-0.88889563418251,-0.6406772171984965,0.13245446381447173,-1.0934198237233619,-0.24355440115380958,0.18257188092066937,-0.9655103426228868,-0.08721732084262736,0.19999892316991422,-0.8189450707080345,-0.04242775376787951,0.19875855901781936,-0.9159751440394525,-0.40123466570285427,0.0005277690999509233,-1.10682605049672,-0.009925229521490532,0.07802363595933046,-0.9568803362059936,0.12793972931520492,0.11035976947722738,-0.8245598615039318,0.1404029475563814,0.09632934115784651,-0.885681080101381,-0.07728350736830812,-0.11111732665647693,-1.098379713419717,0.21642475011208998,-0.07446630063587426,-0.9588133606310854,0.3300461736025824,-0.060126539187003156,-0.8198148431347331,0.32682174116303936,-0.08309198101304821,-0.8125571791446761,0.2721129397084591,-0.20302408307057188,-1.1637680422189576,0.3730034073814513,-0.24128260754322076,-1.358897129452101,0.47754450756459255,-0.24834689415149788,-1.5313062648395261,0.5370513298907582,-0.26348077768485156,J
0.0,0.0,0.0,-0.30223963065477344,-0.3549515055927881,0.20255354244579285,-0.5822032063580546,-0.44725098302982563,0.2593265320964281,-0.7869832664369221,-0.32430974045743416,0.2686786656742408,-0.9148664328909186,-0.10012263058226013,0.253779376721937,-0.8716112525486011,-0.6692182086263626,0.13091456935862314,-1.0907705244693509,-0.28873123114743776,0.16713354943454087,-0.9749640174554771,-0.12568731601566577,0.17158602553956312,-0.8302485299421267,-0.0615454162547352,0.16626290975689292,-0.908246283953442,-0.4184357897577512,-0.0004213485145524433,-1.1088995679010936,-0.0388863392390509,0.06209365037581754,-0.963783654508157,0.10391804359339092,0.07390586850981139,-0.8300575023493473,0.12854872426730657,0.048999631741909674,-0.8894701915279356,-0.09138163336327075,-0.11128337440256275,-1.1093448845743552,0.19505726667081355,-0.08689300623317539,-0.9757959474564248,0.3126049839772237,-0.08847663257422062,-0.846720619647924,0.31711961656579674,-0.11886019795033553,-0.831515831578968,0.25947928498427975,-0.2012233485597873,-1.1785178682394064,0.365525428448931,-0.22829475895153392,-1.3629630894108327,0.46417881788556925,-0.22570664930492804,-1.5369558000573182,0.5126865664017268,-0.23493041247851848,J
0.0,0.0,0.0,-0.29053880071641186,-0.34941513873667446,0.18183776539049235,-0.577205658428237,-0.437178997446804,0.23276125746471676,-0.7928664974691977,-0.3141955734998949,0.23811594578290726,-0.9187173218155321,-0.0839405668139784,0.22219082770880066,-0.8732294262232803,-0.66436446180388,0.13519122823324412,-1.0979521166532007,-0.23649070833358923,0.17207323096740715,-0.9683922962541945,-0.07379866081775038,0.17676931347048802,-0.8200248481289661,-0.03390653349052446,0.17125745123684127,-0.9051616840289544,-0.42493399311240354,0.010650223632167624,-1.1035448699199575,-0.009634701060115925,0.07161475202330835,-0.9504500415539329,0.1298831104406945,0.08565753901177255,-0.8141345693511854,0.14130652774672645,0.06518996630094057,-0.878741322718271,-0.10202247075225636,-0.09643991959451775,-1.0969211928131837,0.21181664772498857,-0.07479555537172208,-0.9495470495722947,0.3303851548880956,-0.06980960476799433,-0.8072705146551274,0.3270426181705128,-0.09103158657700831,-0.8078452829615458,0.25554673080358425,-0.18567579125225298,-1.1572492525000864,0.3589248544139927,-0.21440067334230067,-1.3454999885257968,0.46579544238319087,-0.20857533694201263,-1.5155601436301607,0.521958556051887,-0.21143595359533227,J
0.0,0.0,0.0,-0.29438561141486747,-0.3796199819619519,0.21687994539473396,-0.5820618089484874,-0.47991685139648604,0.28801178097734464,-0.7973085295081073,-0.35106828448904986,0.30807631311389544,-0.9384117311458152,-0.1262071331626112,0.30052118541519623,-0.8664406210176594,-0.6893552462146467,0.1688745926015586,-1.087845881725028,-0.2867157382820357,0.22092042625325337,-0.9950810815884669,-0.10952036636741043,0.23029650147775008,-0.873361898900839,-0.04406320320353084,0.22457972612732252,-0.9003530038125882,-0.4339071775657227,0.03300045124839849,-1.1117003609261333,-0.029386719024535393,0.10630103617116857,-0.9828087516706748,0.12980233068266137,0.11375480084830482,-0.8592454434944454,0.1625623400107762,0.08212197154917344,-0.8765869322278971,-0.11438879753467383,-0.08187009178841151,-1.1229388546371413,0.19363003352855235,-0.0601712100989033,-1.00856255987975,0.3356140319134095,-0.07328203313866032,-0.8877256086842055,0.35911652035735425,-0.10991860371657612,-0.8159979269465316,0.22764988555116236,-0.17362402871743063,-1.1888362795322207,0.33227749840861737,-0.20503249123734713,-1.3863421740184039,0.43759802474804477,-0.2056882379934081,-1.5619074707243545,0.493407006478561,-0.21626731268453558,J
0.0,0.0,0.0,-0.2884518666177099,-0.3736138572057951,0.1972828533039436,-0.5788440669826201,-0.47251111179118077,0.25320427015683056,-0.7901546962373023,-0.3543799298748159,0.26258177359125684,-0.9177643898764919,-0.13140178628828314,0.24856709752125974,-0.8782269007962032,-0.6926797272140633,0.12451743545283325,-1.1333620129790474,-0.28689750707506045,0.15488848506563843,-1.0018690719955938,-0.1337438599891992,0.15854522517502795,-0.8546032155977951,-0.09579383852480583,0.15225780857688767,-0.8964574098553438,-0.4430854875751616,-0.006273995196790685,-1.1390080144049202,-0.05404255161180496,0.04716585970563679,-0.9833425968271334,0.08853156115956407,0.06471347444392621,-0.8444758716343457,0.10244884789722089,0.04475081566796174,-0.8668321339249023,-0.11631683083748985,-0.11816191077117226,-1.1369126746784322,0.169188417261333,-0.10314902987593542,-0.9998440331778811,0.2909017207129157,-0.09370836490891796,-0.8594884479639736,0.29401430957300956,-0.11388256689476853,-0.8020746058807809,0.2417935619396847,-0.2100715524236393,-1.1824870841013824,0.33278859306873315,-0.24934535934914803,-1.3869960825164176,0.44220575877176993,-0.2464127329326447,-1.5713843302099577,0.5002668565206708,-0.2524959472478537,J
0.0,0.0,0.0,-0.305808836348121,-0.35815045240849275,0.19461364830218514,-0.6070857951769636,-0.4529383473401441,0.2474166803641545,-0.8420895097688995,-0.36438332526180645,0.2556346841291812,-0.9794006066721918,-0.15833716468017414,0.2468496527288642,-0.9008465684453731,-0.6718142722344849,0.07786733453193058,-1.2205986625097922,-0.2778931770086483,0.09478373488034883,-1.0838138373095179,-0.11181340103000138,0.10990840671590173,-0.9262791108730027,-0.09038954694724415,0.11367488887796554,-0.8981586034957739,-0.4367773504025023,-0.0503653565647147,-1.1991205839464525,-0.03574878488718656,-0.018898208298084678,-1.0545791359540149,0.10405243467479397,0.014517761407936782,-0.9132363718561977,0.10191582200191876,0.00840404700395385,-0.8567577221687478,-0.12140300742676524,-0.15888088983913345,-1.1756353589119384,0.18360899527517296,-0.1538758441779245,-1.0460885911223394,0.3140069613064742,-0.12452602088738625,-0.8998956083685941,0.3042619674446819,-0.13164223960323845,-0.7930044450720903,0.215545392844092,-0.2486381155904892,-1.177200722987049,0.3256591996894271,-0.30189256295043454,-1.3966642198693038,0.42198289444450193,-0.30957534517084856,-1.5883508412570913,0.46614039704021104,-0.3227656602449497,J
0.0,0.0,0.0,-0.2882611847243568,-0.3626127026925003,0.17752169480758248,-0.6088602767762642,-0.4580646255958677,0.23493825492387244,-0.8540985339114804,-0.38791868298637233,0.2562392351807106,-0.99939050131223,-0.20076450248731204,0.26345533943832816,-0.8822826528232927,-0.7030696433236674,0.07286385014471154,-1.1825622394796182,-0.3541245321085806,0.09383193085368034,-1.0681064901715838,-0.21021707277337823,0.09652121887241254,-0.9464882895962103,-0.18972384332186187,0.08172329810026413,-0.8769973461268852,-0.47879406691963583,-0.0403967371077896,-1.190402148510328,-0.12437598739486766,0.0023948537610611153,-1.0648053367801815,0.015818400977522455,0.03901390362490559,-0.9451452639288102,0.02132129209987996,0.028986078824725123,-0.8391022506526508,-0.1670984978713123,-0.13692863079747253,-1.1791553984496246,0.0969270581190068,-0.12392613658382282,-1.0844241331319022,0.2268982812104512,-0.09250448328493227,-0.9548469928228556,0.24502318279068264,-0.10254964746331914,-0.7759196702212977,0.17258989546297301,-0.21736948242945425,-1.164836044515973,0.2622251670669147,-0.2845194612176735,-1.3915397283618676,0.3521344338739046,-0.30834657420116846,-1.5814953578861153,0.4031197360449728,-0.3337546091210553,J
0.0,0.0,0.0,-0.2899630912070718,-0.3567239223339927,0.1229696212415016,-0.6174868514575459,-0.4608725024537717,0.14281559617549308,-0.8847923450741187,-0.37351795821058775,0.13389658534268292,-1.0355480765589826,-0.16149769236664663,0.11394934156860695,-0.8963958636270875,-0.6842137070906649,0.003604490918546133,-1.2161643370945823,-0.29910237226555675,0.002923406764073857,-1.0904868303593733,-0.1487675312262987,0.00460146401930858,-0.9652437789124447,-0.13737040112075363,-0.0065218307768604876,-0.8804963467216355,-0.46432849475427185,-0.09552608214035439,-1.194021189331875,-0.08771889338194033,-0.08216265202458105,-1.050304723775538,0.04494476087917243,-0.052728330013747056,-0.9306605294490119,0.05505601996369947,-0.06163346303000077,-0.8346034413717744,-0.1633631751699869,-0.18068111725272432,-1.1512039535907017,0.1359485013502973,-0.19219023654422937,-1.0264911987503904,0.24163244417692334,-0.16821120776102796,-0.8918807994041201,0.2493370212676609,-0.17668723773854952,-0.7679706522177637,0.16829519983741137,-0.2532394607194043,-1.153185054492353,0.25566419634288423,-0.32290855608350005,-1.3733911324064052,0.3412783839483342,-0.34413750317576297,-1.5646083174922405,0.39752696909932705,-0.36638552492073745,J
0.0,0.0,0.0,-0.2907964827934591,-0.397210931643574,0.14569864814097544,-0.6226549285080104,-0.522117425512866,0.17311739863837394,-0.8916302345546286,-0.45070042062527943,0.1714517339658717,-1.048900004824821,-0.2616144514003668,0.16089819377448084,-0.8789494654134232,-0.7358836716446298,0.002138374059131509,-1.2349482205271003,-0.40138433624482056,0.0004217969188264094,-1.093035529504036,-0.27135739397212827,0.003923132725584498,-0.9558038926878772,-0.2807898261408358,-0.004759194624071638,-0.8701327539148848,-0.4821678447808992,-0.10189779204595802,-1.2171314903895027,-0.1588287858658754,-0.07385119358564007,-1.0700940849999654,-0.03495400870215114,-0.027050874072982345,-0.945370381184761,-0.0583705263665978,-0.02913684316120247,-0.8342260134598162,-0.15296088902348345,-0.18984468476718677,-1.1808920048147584,0.08527530910848331,-0.1728519157017231,-1.056747954891017,0.18405562313247348,-0.12252573529217889,-0.919498220049701,0.1657621393035924,-0.12362245137827765,-0.7793210003676024,0.20066056121418935,-0.26530050635286434,-1.1713273277907952,0.2517344809238438,-0.3180651209501715,-1.3949140794592798,0.3257678138911178,-0.3294526246043858,-1.591055822334937,0.364307041376907,-0.3489012795247282,J
0.0,0.0,0.0,-0.2631457237093702,-0.4033475798852572,0.17114055274860865,-0.603524181961859,-0.5237824420388366,0.21157691237033152,-0.8852558925947299,-0.4531348864231298,0.2222730922511527,-1.0415122064217994,-0.25433810059976975,0.22393323657292247,-0.8800651118624699,-0.7504267008372493,0.00029255974962589225,-1.2559706488361388,-0.3928263182094021,0.012577375914795172,-1.0961908430991356,-0.25045214327664234,0.025501424468332777,-0.9589648748360948,-0.27537971258011057,0.017112798242871603,-0.8576331377601846,-0.5022291601325437,-0.1105950800360484,-1.2309618372848858,-0.1357555356565007,-0.06658395979624182,-1.0613124004011343,-0.01248787089506774,-0.0012780770137491872,-0.9314690610137132,-0.04262119346043585,0.001789313703453964,-0.8193705127758547,-0.17291839578980844,-0.20243470528048746,-1.1911798260318893,0.10099127477149182,-0.1668221366699617,-1.0518514542155981,0.1886132523378153,-0.09811355619158885,-0.9059949292804366,0.16457830619270006,-0.09642673798277596,-0.7676900275119596,0.17911064346110747,-0.2806078611553853,-1.1852267482470975,0.23988466205276868,-0.33963045181794005,-1.4220583162124425,0.31318834442657917,-0.3574138460547916,-1.6329822000645056,0.3523392961042349,-0.3848776316833351,J
0.0,0.0,0.0,-0.2688732232249889,-0.423907683520467,0.17049299027373616,-0.6089808506317251,-0.55690736500356,0.20368122604285763,-0.8974117875250806,-0.5032811635537483,0.20751110888404867,-1.0577792309589182,-0.30545788770535803,0.20277675520053676,-0.8745372074710601,-0.7624006362066963,-0.020232704122432124,-1.2699310184929065,-0.4206606499770702,-0.012709987208181723,-1.108436052180851,-0.27832182622014295,0.006503751710057083,-0.9674142422678226,-0.3012863757585501,0.0029283057493322264,-0.845086335708217,-0.5173752640719914,-0.13472906637283494,-1.2335344250867861,-0.1591540816644905,-0.09731585490394368,-1.0654999551621063,-0.045511005590546674,-0.02454784696193003,-0.9345748641425183,-0.07602343982052936,-0.016146052874502666,-0.805705517754699,-0.18723811430226792,-0.23019438576409595,-1.1821161548140686,0.07638060705625103,-0.1938281748075991,-1.0401437921276921,0.14509547843205273,-0.11779499743616811,-0.891515236569171,0.11596730926744021,-0.11437497916498982,-0.7527714488375724,0.16637616581289236,-0.312572517419243,-1.159895112061985,0.23037093082489402,-0.376070772213607,-1.3954742046602429,0.2982759477601761,-0.39797876117514724,-1.607251786261323,0.3382466660632597,-0.4295768637563573,J
0.0,0.0,0.0,-0.2586764119663796,-0.41498158533453405,0.1560138540859272,-0.6190088335831544,-0.5459173043179828,0.1816444939466703,-0.9078206914183942,-0.4587636202480026,0.17998049884228456,-1.045434729583373,-0.23189709019890645,0.17148113333303355,-0.878955123344649,-0.7766319292765063,-0.02538559611182216,-1.2682318490844684,-0.4265118840540587,-0.026918899329689615,-1.113006706392559,-0.29447101137863446,-0.015180919913722515,-0.9750861415356532,-0.3293562612215137,-0.021965994712877215,-0.8461444648007442,-0.5153541196813003,-0.13582958445999171,-1.2388797492060886,-0.16442897245475016,-0.11035542116597408,-1.0797302360569931,-0.057085189743040665,-0.04382168292874062,-0.9505046951443469,-0.09641099736630893,-0.035152559000697886,-0.801505009850415,-0.17696237880235574,-0.22843523813114142,-1.1905956439737158,0.07751175553283036,-0.2020389128534758,-1.0569176312732207,0.14747650534021559,-0.12827391841662406,-0.9148572078242041,0.11572438045909587,-0.1199378363221105,-0.7397417591782761,0.17637341243358323,-0.30922862284371494,-1.1492813626053944,0.23247258855924616,-0.3633525989826359,-1.3790554284750007,0.29627080350554746,-0.3767784227640153,-1.584200650923624,0.33142101051432565,-0.4015832891702127,J
0.0,0.0,0.0,-0.25643435316600094,-0.41513118310933966,0.13065769867055735,-0.6237060249405552,-0.5548806329800342,0.14878020887874652,-0.9263293708416426,-0.4755675549151689,0.14266883193806945,-1.0743230300946809,-0.27100059811810506,0.13157046989234172,-0.870847861866462,-0.7818781242641636,-0.03685992225335132,-1.2817913329240842,-0.45207511751909635,-0.04043487005510491,-1.1478116111070027,-0.3010034918320152,-0.02376930580536637,-1.0148816070586508,-0.3240659861732512,-0.024673298916227302,-0.8424764943033635,-0.5216199458145153,-0.13470704760619182,-1.2482709098737075,-0.17752479564126564,-0.1226743979462427,-1.1110020980341997,-0.05569327388673639,-0.06470424642502873,-0.9834050809589959,-0.08320167698893398,-0.05705710490800217,-0.8014692645373521,-0.18779584277794314,-0.2162565638712394,-1.2097989588731788,0.0665139349822368,-0.2059024814168039,-1.0957951712327791,0.15614628768635072,-0.14109191681377672,-0.9617687610887405,0.14330648471458649,-0.13209892254485392,-0.743352302117146,0.16279578286798382,-0.2871090340822838,-1.1591003098537855,0.21344209991650218,-0.3448851973686294,-1.3921517636215748,0.26386805832295335,-0.3598928009280403,-1.5945456609809776,0.28824372599217757,-0.3826877673078727,J
0.0,0.0,0.0,-0.2774750674066578,-0.4079647136718797,0.131615749000083,-0.6374426023151634,-0.5482240233869017,0.1475611168499944,-0.9324052196024779,-0.45953531476280596,0.13562553991279686,-1.0834787718178411,-0.2538524454472532,0.11836847675254035,-0.8850222146327089,-0.7593492384338714,-0.02177705184303825,-1.2902441240784117,-0.4289799398005478,-0.035050893576956996,-1.163510623052736,-0.27769922319640733,-0.02506170817019661,-1.0291947746947283,-0.296010202508797,-0.026153842721103205,-0.8513083996358752,-0.5095334270452911,-0.1250987427310358,-1.2476830172984033,-0.1514914099761966,-0.11592255297384878,-1.1157016567309006,-0.03409272323851524,-0.06372786099278831,-0.990389813154266,-0.06722595513443504,-0.05858975119714543,-0.8004800613612683,-0.1808585631981557,-0.21389198931582484,-1.2131946558234028,0.0865247883587354,-0.21097936910723844,-1.1025863864296612,0.18469456802227147,-0.14728899775742108,-0.9668768510826746,0.17073574001430128,-0.1347750106580878,-0.7320635318310149,0.1687929693677492,-0.2919683590292094,-1.157770535695051,0.21684543553582544,-0.3472274011619615,-1.3887916356558696,0.2739877784117267,-0.35241180435631103,-1.5774827118899026,0.3054307580201592,-0.365255506323934,J
0.0,0.0,0.0,-0.280993207105054,-0.42765622103197926,0.114860690932171,-0.6503545522741118,-0.5693983173729986,0.12139505689333366,-0.9441459144967234,-0.49680310316786513,0.10707078654787949,-1.1008117591999407,-0.29748377583896457,0.09123772160633808,-0.8914542962053897,-0.7828454403517581,-0.07295819311806626,-1.306976916935666,-0.4455674797496944,-0.1033254166359231,-1.1522480630418326,-0.30522059016407055,-0.09489595953552452,-1.005890980580964,-0.33604759848043925,-0.09648234857124012,-0.8405780924879049,-0.5152576059161961,-0.16714685152555286,-1.2618068327794412,-0.14737216439249584,-0.17772378492936228,-1.1119447446111443,-0.03674044455874795,-0.11951119865817832,-0.9870525039795737,-0.08563174368843404,-0.10911683699071488,-0.780612605187563,-0.16660510013363455,-0.24713381126172987,-1.2231028523817167,0.09762677893566268,-0.2642243640270108,-1.1104619392580928,0.18798048521320493,-0.19451973763809408,-0.9749506249882341,0.16843299087139202,-0.17375425779470435,-0.7096524320801957,0.19381481726739777,-0.31636807631690644,-1.156107843069768,0.21071046315289388,-0.39713497879444926,-1.3987160083076544,0.24270969997607889,-0.4129327222559888,-1.5974238708798858,0.262293030107842,-0.4293359910238262,J
0.0,0.0,0.0,-0.2795581810441283,-0.40654056318527326,0.12869878789781283,-0.6512843312282388,-0.5535930456560516,0.14115154278117564,-0.9397533736253408,-0.494211910814359,0.12933467976254173,-1.0988636704506962,-0.29838520083532716,0.11437655590103689,-0.8936426417602785,-0.7763104162078756,-0.05121826737682073,-1.3109306693145901,-0.4453884682831745,-0.06723823795632833,-1.1548412119945772,-0.3049194312847485,-0.05646702282511969,-1.0183347867609511,-0.3426451536179371,-0.060312527409421,-0.849765576506613,-0.5043155677910334,-0.15350658965657257,-1.270973553890086,-0.14510996016623173,-0.15294178708702513,-1.1207469699132069,-0.030071983848561776,-0.09638331101125673,-0.9974900847660555,-0.06943490811305918,-0.08980035869215726,-0.7993191081105074,-0.1594828866456973,-0.24054387593893584,-1.233068223470494,0.10418392397777279,-0.2444952204056869,-1.1191135126032081,0.1888238669199629,-0.17809435827491163,-0.9868724785145878,0.16992315833084284,-0.16377714975449126,-0.7364479862079233,0.19648857179556894,-0.31632414516409474,-1.1805413504637499,0.22993847153867386,-0.3798579313020682,-1.4205020334656062,0.2657140485882205,-0.39071592886798834,-1.6267953612154287,0.27975611102765524,-0.4085590159758739,J
0.0,0.0,0.0,-0.276177521665666,-0.4216711887017471,0.12015184756875225,-0.652309843869514,-0.5856765768075831,0.12744782356474002,-0.9504568146614623,-0.5417150843628683,0.11338509969100541,-1.120385828288796,-0.3511115682605592,0.0967259662679751,-0.89085551352271,-0.8007741027349804,-0.06837423209548503,-1.301026666748782,-0.46535542590905254,-0.09111725583030422,-1.1441845903216963,-0.3359451487249457,-0.08223715134266553,-1.0068726069262197,-0.37643911322256196,-0.08571504913924861,-0.8430423918643434,-0.5106370452794585,-0.16890628617050116,-1.2656830891846798,-0.1594771581139998,-0.1769215758357826,-1.1190473265682839,-0.05304707988091824,-0.12232202995688173,-0.9954690731507524,-0.08998695073139074,-0.1154077392822023,-0.7889437292813022,-0.15265520929014503,-0.25449849639169003,-1.2280479705420193,0.10324130272889628,-0.2689702806282764,-1.1250421374060136,0.18752117829849396,-0.20554931901612092,-0.9974127181140341,0.1741742717789274,-0.18992967155528973,-0.7265083542332045,0.20712722048202944,-0.32849893327269036,-1.1803227756796106,0.2263987052902325,-0.39656846276906027,-1.4269432829442672,0.2576979224594499,-0.40830029287866176,-1.6371582856137623,0.27210566713334544,-0.4255588869690264,J
0.0,0.0,0.0,-0.2915297346722961,-0.4159434846933642,0.11334781348283983,-0.6777027305005986,-0.5625159436573893,0.11698534664082255,-0.9806305613444082,-0.5016516985293303,0.10315806836352116,-1.157426239266542,-0.2944811405883687,0.0869181629047129,-0.8976067623649758,-0.7765751807342046,-0.09991212262993288,-1.358560067391381,-0.45931713987831374,-0.13023137071022736,-1.2112356399368824,-0.3163324436858758,-0.11464527474640719,-1.0684540034004864,-0.34173827649059724,-0.1098434577908154,-0.8561966743394192,-0.47951242247994724,-0.19234108125289126,-1.3150568595826044,-0.13574946378784744,-0.21562915111225195,-1.1726216354968757,-0.01649908991662597,-0.16459316231829152,-1.043512870224709,-0.04885288626440874,-0.1558327646087961,-0.8046026235365177,-0.1223872371846636,-0.2681679679448624,-1.285676014315509,0.12216671608801923,-0.2989208388664154,-1.2258252368327562,0.24466970572571073,-0.24877260238632493,-1.1273722836278244,0.2662619035755642,-0.2381731558952832,-0.741919431406316,0.23657604637019808,-0.3301806196332082,-1.2089183377872146,0.26157153532075494,-0.40548565216232685,-1.463318853743015,0.30893456641115496,-0.42450989169902126,-1.679590765143951,0.33988806787705284,-0.44543457669551034,J
0.0,0.0,0.0,-0.3116076314909116,-0.44564085659669095,0.11390759479746732,-0.7239190447808438,-0.5660388177977006,0.11679389186539131,-1.0613957202357713,-0.45340612698794536,0.10381825952233022,-1.2754177921655618,-0.24390664544667268,0.09142680712239054,-0.9192372634629167,-0.7430117023553294,-0.07776663789520599,-1.4022251119327989,-0.5558696233252535,-0.08580111309978525,-1.2897649025677078,-0.44554250179296107,-0.04854308401185916,-1.1630749740178257,-0.4531371655378629,-0.024755401924822194,-0.9089852894342512,-0.3848412915678384,-0.16013408099629675,-1.3765409519253544,-0.19109819189799104,-0.17053632732039709,-1.271179594259383,-0.11327935201199102,-0.1186368174550487,-1.161644647121355,-0.15341647641855774,-0.09868849472040139,-0.8759614382522779,-0.013846971898721978,-0.22425726683960642,-1.3584866441849675,0.08682162137814319,-0.23966437739096821,-1.3613957543035,0.15320736429919068,-0.19085834783387878,-1.3252179155004526,0.14267186307971438,-0.17381208669718878,-0.827610101366464,0.32895211174748856,-0.272793127143855,-1.279887599770846,0.32077712581752943,-0.30691964816353895,-1.5257284602140366,0.3302298589044486,-0.3013718856098242,-1.7341399818735819,0.31902923693013036,-0.30335244778383286,J
0.0,0.0,0.0,-0.3208697869431999,-0.4666520006269932,0.13034669216599112,-0.7250658596367205,-0.5991404149634881,0.13411207815112441,-1.058968441452365,-0.490011686837014,0.11937180757588221,-1.2674808734865544,-0.26388823858082483,0.10171744239638998,-0.9031789133386299,-0.7745624225281124,-0.09453796699433885,-1.3849360300817612,-0.5825817024972476,-0.11177308391450032,-1.2520923239395951,-0.47815105491814075,-0.08615887690845056,-1.1125473600489677,-0.4852094616469712,-0.0710189119805528,-0.8879806527684113,-0.4216343716686141,-0.18361594957028915,-1.359139302089294,-0.2146868236068101,-0.18170048815877365,-1.2239326982930059,-0.11927004485385052,-0.12193692781381354,-1.0968139474465641,-0.15887700961922996,-0.10717415685280811,-0.8589275832325307,-0.04753310065691464,-0.25098049737505645,-1.3333531457066454,0.05829214226073747,-0.2465882256421303,-1.252094038254701,0.12814933994419475,-0.1790148528285412,-1.1391506732987007,0.11046332243631729,-0.16079596904195306,-0.8203023495843899,0.3056412401394461,-0.3027550100355893,-1.2688823260855226,0.29416875773243795,-0.3359995800050816,-1.516254424358567,0.30518980382825955,-0.32909271158862174,-1.7256687289979844,0.3006882980796875,-0.334700379159193,J
0.0,0.0,0.0,-0.3068432874981356,-0.4386570230684389,0.10621363347127831,-0.7205318959375943,-0.5792103434676498,0.11077431170979886,-1.0707317357214328,-0.4548447079638906,0.10607063493682126,-1.2784541856086926,-0.2181310930378979,0.1001955369228491,-0.9114375655149316,-0.7310367861796073,-0.12944897811920533,-1.3931516408566373,-0.5354320195624923,-0.16619247744524582,-1.258881132854226,-0.43215103954586803,-0.14687132819031642,-1.1042306667240376,-0.43447260080731326,-0.13543932366526865,-0.9001900315527619,-0.3832614426129445,-0.20680564232941537,-1.3773717702985075,-0.1955389056920502,-0.23048000972626567,-1.2307016710045369,-0.08916260758573605,-0.16839313011550558,-1.095643448891748,-0.12023122683694315,-0.1466122188804071,-0.8676625855419517,-0.0034960083975896653,-0.2654653367553949,-1.3449554009913387,0.10127578381685892,-0.28988169362480193,-1.2387210019200425,0.16400184515925642,-0.22580195765095398,-1.1031542113395347,0.14397256374506934,-0.20384844317749928,-0.8195698621858056,0.36355812189190373,-0.3090163823137366,-1.2833529008606426,0.3593959440491774,-0.38699575393754565,-1.543256685438866,0.3824056867521688,-0.4090062061257432,-1.7645365994812967,0.3877513258090837,-0.43056475495779795,J
0.0,0.0,0.0,-0.2988461497368551,-0.447452813768115,0.08625629732428139,-0.7460795868372732,-0.5702328480947477,0.08369736759872179,-1.1265773344576024,-0.427611444508264,0.0766170087373441,-1.3509252138445786,-0.1941591492451958,0.07023557555633222,-0.9171558776407277,-0.7085644716610846,-0.1334092968323713,-1.421709425843681,-0.5282688195643316,-0.14685025590591302,-1.3146905536744038,-0.3956043318579436,-0.10572108240545947,-1.1794701288726785,-0.37119157340995645,-0.08286271563143918,-0.9154295651326201,-0.3499987074770915,-0.19871994375368407,-1.413220799137148,-0.16435688577189705,-0.21935380056934037,-1.281266301850761,-0.05326050608346966,-0.1604436703968374,-1.1421294920306426,-0.06279969696160351,-0.1376600927377517,-0.8818362341415167,0.02638601179058776,-0.2450769936068152,-1.3913879898679442,0.11393605720176385,-0.2757600139071671,-1.3364247571098111,0.19279713840546583,-0.22807437831862962,-1.2373733499779525,0.2055334884652817,-0.21288300585145048,-0.8303679672331309,0.3764648542680556,-0.2755465692186646,-1.2872482943788552,0.37766489010702486,-0.34238988682425886,-1.5450765485064044,0.3804022676198809,-0.364868997658998,-1.7625588191111365,0.3667327142223489,-0.3882440504771115,J
0.0,0.0,0.0,-0.30409462108072055,-0.44890849415252343,0.09621956008626291,-0.7630892124287628,-0.5869748350034976,0.10302720958413011,-1.167125112806156,-0.4826779730521482,0.11253961465049735,-1.4121803026668585,-0.2931919151251671,0.12555825799500234,-0.9150697199958057,-0.7126934236851546,-0.15788936728168707,-1.4503101152946933,-0.5120134045978335,-0.13999003967812668,-1.3620412158659763,-0.3857007877525828,-0.05283760653676472,-1.2467266143907965,-0.36675062706309197,-0.002604132360316046,-0.9196529222643073,-0.32288468498933015,-0.22357097926623,-1.4743807814777297,-0.1506202608172533,-0.24328766448225805,-1.350125235500493,-0.07329236387620693,-0.16052237984018453,-1.2109015043424105,-0.09830978943970647,-0.11416846792437224,-0.8869039163708752,0.06819374211529988,-0.2657454491796672,-1.4510763338808894,0.10995884585577104,-0.30666619357151126,-1.4471156662171816,0.13886380134495005,-0.25821731917660773,-1.412946233309204,0.11802069778223376,-0.2386543419872778,-0.826740640302333,0.41690209544954593,-0.28745261824827956,-1.3033634421221936,0.42604690419776114,-0.37861015238878065,-1.5812563245822842,0.43313205058330806,-0.4158661994022555,-1.8325250547930523,0.42501865670760475,-0.4460527569770547,J
0.0,0.0,0.0,-0.3177163882388587,-0.47104817436898805,0.08834812625011033,-0.8114512742205795,-0.5892945940601109,0.07680725056822042,-1.2506711037155946,-0.4787338182816287,0.0626724199974048,-1.5323156347954683,-0.3290155407922562,0.04755214030834418,-0.9231418794228422,-0.7169236906411228,-0.1358145357966561,-1.506875732869988,-0.5542575793994328,-0.1250967043000514,-1.538939256216067,-0.43509648139283097,-0.054144993641530345,-1.526076252654722,-0.4077353830680883,-0.017484557741570105,-0.9225808271311142,-0.3240644903545446,-0.2093485693796788,-1.5242145661364794,-0.18954726809811367,-0.23707615058047204,-1.4710931280653816,-0.14338333621275826,-0.17567228891850423,-1.3788834257411184,-0.17810048526295605,-0.14152287092823174,-0.8856761177430521,0.06516389192684562,-0.2618146119702687,-1.4673102451478768,0.10183142010642106,-0.30990818035820406,-1.5512566571663333,0.09208896593104085,-0.2766670122572607,-1.6035818644735969,0.05471990780790755,-0.2650320258470637,-0.8291088286767624,0.40728419517208886,-0.2950658473978388,-1.3175633571387833,0.4212404066919716,-0.37217468495290834,-1.584470609510392,0.4318737924514624,-0.39538972557543817,-1.833931596113957,0.4318775118190261,-0.4159450965215582,J
0.0,0.0,0.0,-0.33820299194256775,-0.4703437450793206,0.0680823937991473,-0.8725753885955717,-0.5683662904453247,0.029709910781638045,-1.3425717776143635,-0.43817284486327346,-0.009650511604807581,-1.6167210883231617,-0.3002118614344907,-0.04175766223260931,-0.925284237341632,-0.7046648872833865,-0.18484025729340312,-1.49831716885635,-0.5478322354179916,-0.19568872033452897,-1.4172549992720471,-0.41391882613247166,-0.1264846390142223,-1.3024634159703334,-0.38044276819659956,-0.08897289602362836,-0.9057819605245163,-0.33633911658815335,-0.2577499537168999,-1.4982342928707315,-0.17009739833537788,-0.30146444625613183,-1.4007440449425592,-0.11985786461048216,-0.2394570614063629,-1.2807763279350324,-0.1707320392722286,-0.2076298670920819,-0.8665393470121324,0.037758910883944556,-0.3110749318803723,-1.470502541924628,0.1062105815021827,-0.3597091605449101,-1.5736392030608988,0.12105483857726812,-0.3176432361382266,-1.6478426895669314,0.0897135325394093,-0.3054103721687114,-0.8137114683269957,0.38290846782241844,-0.34831680646645413,-1.3031528440520395,0.40862672166825925,-0.4158324373243043,-1.569217296445681,0.4273166469619126,-0.43345335278836206,-1.817641261571614,0.4372503628354321,-0.45481227416920056,J
0.0,0.0,0.0,-0.33930783474203974,-0.4743540797037663,0.06355458019420022,-0.8508274394759108,-0.5983140335562692,0.035285112477285295,-1.305651938181783,-0.5065054554633687,0.006042526746358313,-1.5895252056348568,-0.37798821276754874,-0.017008331630585218,-0.9329418070553644,-0.7088660532494491,-0.16093971186490974,-1.5240235844621464,-0.5757157083391136,-0.16629954747722053,-1.5108467679306934,-0.47926412703172744,-0.11134261503501978,-1.4685929775731683,-0.4648963616467448,-0.08247860111008715,-0.9187457532984323,-0.32430018187328413,-0.2252457165698188,-1.5197624769607878,-0.19338067369903786,-0.26264099784029793,-1.429560406834442,-0.18018037765337053,-0.21476407599268932,-1.3157308732654913,-0.23905144058905378,-0.19244923762110216,-0.8793762656750139,0.05362013832304203,-0.2688664283749827,-1.451638222338891,0.11800266361343323,-0.3113213681551119,-1.4885321770841056,0.12996080849144045,-0.27669541425658833,-1.4911842306474883,0.11773052755711598,-0.2666233745121448,-0.8345773525537816,0.3807163625878435,-0.2975348975505086,-1.3208793932498717,0.38293758120967625,-0.3533513605526017,-1.5941532159065306,0.3927483406370553,-0.36862308723484194,-1.8391096128776698,0.4149998479695489,-0.38785344586935816,J
0.0,0.0,0.0,-0.312170525739374,-0.47830843309708215,0.07616960826615093,-0.8049860158666564,-0.5931164465296214,0.04003011836530274,-1.2389027245179893,-0.48755535555102375,-0.0015654828144418262,-1.51043308021118,-0.31787568199345106,-0.03761418195495825,-0.9106551139312938,-0.7461726384900692,-0.1654537561784661,-1.4725090582886167,-0.5689068882840631,-0.18808130837743628,-1.3822836200554276,-0.41784666185974334,-0.13714857396742808,-1.2724306685526132,-0.3951871000419155,-0.11052983510594243,-0.8870538061176444,-0.3889462394688586,-0.24870940443665138,-1.462179628724215,-0.17356116129372812,-0.3111965623132862,-1.3571190517859377,-0.09059412407576128,-0.2635153250594103,-1.2290361824651872,-0.13473464407077115,-0.234711303729969,-0.8476674927695484,-0.010701905129291048,-0.3143621308995569,-1.436138010432747,0.11867488366832828,-0.3717699273381436,-1.6259868568568518,0.2052632712548206,-0.34035140365151867,-1.7623789630524909,0.22532281286860545,-0.33187318576545116,-0.7936864173890543,0.3407179625658577,-0.3645002925031955,-1.2746189624963387,0.34749561023569936,-0.43042586205453537,-1.5405749073553954,0.3847253008908635,-0.44479151507077547,-1.7818842577773868,0.41036845695012414,-0.4608449479904209,J
0.0,0.0,0.0,-0.3089556508360405,-0.5229736299610799,0.0521773490785591,-0.7896229940699726,-0.7178244381521265,0.00786761393286156,-1.2175399660740838,-0.7305058201475594,-0.04226168291376698,-1.486073229623498,-0.6533677193514359,-0.08875997229226083,-0.9191651894150086,-0.7465484894106292,-0.1762280023795466,-1.5010868607294205,-0.5524608548470864,-0.26157949229025396,-1.359893211717515,-0.4896097085574467,-0.26203229281730317,-1.1824357595517456,-0.5126523891138447,-0.24376041178517097,-0.9025442054552029,-0.3555234848564263,-0.2429341658037807,-1.4758730520888683,-0.1595985364898108,-0.3097213348268905,-1.3340073236577188,-0.13579594626776856,-0.2493011724939891,-1.1762182089332724,-0.20485692835694083,-0.20353794216243676,-0.8605821183423258,0.04906595173809724,-0.2981719726943185,-1.4545745140606454,0.11920849209797367,-0.34239344467822014,-1.4377357348276718,0.11691630070121388,-0.2416136521435357,-1.3725734068177264,0.06676226276869358,-0.1689688028421965,-0.7853501712721291,0.42942373548796176,-0.3449958608135317,-1.305237280209378,0.36593492974050496,-0.37116200450753384,-1.4822342170291578,0.33285497301864503,-0.3117673567365905,-1.6014281696606665,0.31029476536983686,-0.2602242619447765,J
0.0,0.0,0.0,-0.31562283286337794,-0.5143641704659396,0.08138874107157834,-0.8006271838092891,-0.6940510125163811,0.05386982147704843,-1.212889488241068,-0.7019228290288491,0.018389978995576504,-1.4925683732656307,-0.6727521680847173,-0.02733142399606341,-0.938244747366027,-0.7276069801967497,-0.14259091062840412,-1.5201626148357918,-0.5744813506614563,-0.17257687734434504,-1.672928431862586,-0.5289367239223977,-0.13500303391537255,-1.7277938180565011,-0.5365744420109687,-0.09768705305786086,-0.9192666201830576,-0.32622423112399385,-0.22028761210012987,-1.5475353881354157,-0.23331535438861,-0.23852788498952276,-1.7829047579296857,-0.2785900483151703,-0.17283159155635644,-1.9231605549160873,-0.36858135962449656,-0.12560854043294561,-0.8745364914734419,0.06836672641078449,-0.2796317828513672,-1.491466612678382,0.0935706380265253,-0.3062447275935025,-1.700245984956824,0.010320303917241615,-0.21754855773696224,-1.813594561970925,-0.0928398514786514,-0.14728972237045176,-0.7946108249426891,0.43783689636239775,-0.32676758862035754,-1.3287232682220345,0.39749324928700586,-0.36974785364068113,-1.5914751042243205,0.34584943337326807,-0.3195334112747367,-1.7845825122550296,0.28376606139661475,-0.26334760496353565,J
0.0,0.0,0.0,-0.3167695838150333,-0.47742189360995396,0.07603240442506376,-0.7902199898029009,-0.6474157774635357,0.04614691495725066,-1.1797633504391427,-0.6180993362951318,0.01786444714542371,-1.4327303998484116,-0.5013488156468616,-0.004949917863784035,-0.9341823907595835,-0.7017240523505419,-0.24665865119431957,-1.5122223369138874,-0.4953765932776498,-0.2951259091040746,-1.3606314927608318,-0.42306420415586177,-0.2577237317863073,-1.1868701645818387,-0.4356057878482283,-0.22967600268758656,-0.8957228666306446,-0.3090298190377533,-0.3196578125753757,-1.4583529633221781,-0.11664919302475124,-0.3779421209470303,-1.2906141049092652,-0.060848209557851377,-0.31750699496122314,-1.1315602730765963,-0.10061805254434993,-0.2915466843094738,-0.8450882039135719,0.09295546332690076,-0.36762696887280527,-1.4193651475013036,0.18318646282581638,-0.41379419383240384,-1.3357196107013347,0.23881671618733508,-0.34574061860761196,-1.2190123972017468,0.23715605360133474,-0.3186095227880871,-0.781151861522777,0.44583793455414605,-0.3999655758151425,-1.2937091779903949,0.4743065550041205,-0.47529718110538477,-1.5795369145118099,0.4911494269123829,-0.48952416936853554,-1.8294055595208198,0.5082743505069336,-0.5074496505913675,J
0.0,0.0,0.0,-0.3076951464106412,-0.48788423301604794,0.05447169277687434,-0.8063929186829818,-0.6744257996822881,0.01843680598537104,-1.2168383051071785,-0.629391983559562,-0.007040444748966015,-1.448037227204545,-0.5401113894474858,-0.021477831753976367,-0.9390735483382235,-0.7055808630113354,-0.3074462653227528,-1.5532794605305429,-0.4817182186415226,-0.3662212643262705,-1.4062497963270375,-0.39470109443769097,-0.3062351758371053,-1.2266274595284379,-0.42135098208398214,-0.2591977359163131,-0.8834120704256823,-0.2809158504016126,-0.3750591937539306,-1.5094685534356858,-0.09825359351834352,-0.4807109383732616,-1.3354287169396317,-0.03414380828845227,-0.4182643079507228,-1.1578360326666033,-0.08179461443762853,-0.37350191851609066,-0.8233898247988033,0.142470666406247,-0.416794861286343,-1.4814039970967416,0.23983722442000818,-0.5003252021529273,-1.4368775205779296,0.32518292197511917,-0.435059638483337,-1.3410256286280275,0.3400195907629707,-0.39582934626451366,-0.7574018536497268,0.5041055712851905,-0.442531978810462,-1.3142686849725627,0.512263592116127,-0.549846400308533,-1.6245917034765205,0.5246065029320445,-0.5847621368334622,-1.8784826760898186,0.5297172509304288,-0.6104373809841475,J
0.0,0.0,0.0,-0.30580161340105694,-0.505213334854457,0.052657888442009644,-0.816268651168479,-0.700364365075644,0.014416730390050474,-1.2336669430459923,-0.6651540848160868,-0.010975421412652469,-1.456609250737939,-0.5417313704845665,-0.022398483200657467,-0.9555400929166079,-0.6963789580578071,-0.3030814388212663,-1.6044294169492128,-0.4852353442222055,-0.3786223517524907,-1.471076896514703,-0.3741622028803134,-0.32797891138640184,-1.2900790790850107,-0.3938605594347561,-0.28507721814058157,-0.8919311078283843,-0.25524408283776157,-0.37324168720058715,-1.5468139222620239,-0.07627330176765201,-0.5037078402191814,-1.4039585037499793,-0.008768392566490448,-0.4517735778794741,-1.2350834450023591,-0.08081704482751369,-0.40415904063285063,-0.825890859785879,0.18421423073355497,-0.42120285418949444,-1.5185037682246636,0.3039926916221651,-0.5234034004328459,-1.618035168357264,0.42608962972034087,-0.47605249598069,-1.6295380715001935,0.46160253619299335,-0.44093410658614607,-0.755082850716734,0.5589335268377696,-0.45284966418417516,-1.3376905092863252,0.5651094007984419,-0.5679430891274975,-1.6681788404854025,0.5860710819755184,-0.6122075324458391,-1.9295636876718447,0.5872486521476242,-0.6407245768627116,J
0.0,0.0,0.0,-0.3204004656530856,-0.4982525288290034,0.049606852671103534,-0.8555050392353031,-0.6575469900755483,0.009280882434281304,-1.2955076940056092,-0.6066668316141619,-0.021836304198296158,-1.5033778593666565,-0.531248583574815,-0.038962764280616125,-0.956931285916323,-0.7009215987186848,-0.2708857285176871,-1.6157786286498643,-0.4793974152881072,-0.33399689582248626,-1.5044547631554013,-0.33204880162967687,-0.2742962981019317,-1.3262661084528873,-0.3239346766823468,-0.2259504642540128,-0.8993861109713611,-0.2727847407427147,-0.3416037303803055,-1.5616917110282555,-0.05950326778648148,-0.4659631506512233,-1.4570876999627125,0.03290654913387025,-0.41680833892424834,-1.300221236020379,-0.014457362452764338,-0.3676122411579624,-0.8386480439328157,0.16260396276413647,-0.3930778483976953,-1.5344356763890905,0.303043940790996,-0.4985473692758928,-1.7245534751676315,0.45959808057335094,-0.4663367735489573,-1.821590480096866,0.5327351961506154,-0.4392513589825554,-0.7731362392038635,0.5432955977172718,-0.4276145263680623,-1.3452869964722383,0.5641094344208983,-0.5412418219374415,-1.6694243214238749,0.6017957092966782,-0.5885706325116467,-1.9345843816394879,0.617867324370441,-0.6180501646171767,J
0.0,0.0,0.0,-0.33490550853283996,-0.48958660106284224,0.06496519527352582,-0.8403262730726344,-0.6748241838871369,0.037033405808981776,-1.271331938865856,-0.6736032696700226,0.014708566506515575,-1.4985411198320973,-0.6445418020370577,0.004853271292077476,-0.9442152594966767,-0.7037275362134057,-0.25958174198932316,-1.6061730067667421,-0.4970343663939673,-0.3146519594887164,-1.4878087683386068,-0.3711890421128187,-0.2457143930443501,-1.3009828025227883,-0.3557952753449749,-0.1881881426665506,-0.898838366886656,-0.28643703731176895,-0.33172792144856555,-1.5532408429908247,-0.09740783057222373,-0.42900140902039297,-1.4376079443238907,-0.02740612925311843,-0.3589406109266179,-1.2938955903860583,-0.0733890781480507,-0.3048065900716944,-0.8471450349669815,0.14090902927557064,-0.3837747731034157,-1.5272266313879075,0.23944850021381175,-0.47447563056050485,-1.6008586978701058,0.3280546834947891,-0.4204869547650918,-1.6134381379165736,0.3403628441979588,-0.38536417771471443,-0.7905042342359881,0.5100193109049246,-0.41855487530545843,-1.3655406849922576,0.5348097791898123,-0.5399440120077991,-1.6871179847697817,0.5641805618561554,-0.5854385087711355,-1.954227862008158,0.5754746470535551,-0.6143701128134863,J
0.0,0.0,0.0,-0.3236209731264747,-0.48270397657322145,0.05608368051542171,-0.8141124504523485,-0.6551533038764192,0.015681110839175852,-1.2076174954423764,-0.5442602220851809,-0.022122286116771465,-1.4264741343878413,-0.30629989938481983,-0.05457507955833868,-0.9560883429017776,-0.7342256977015712,-0.26634102392715725,-1.5667630962567358,-0.4626091282096079,-0.3359241622998961,-1.4335104432189854,-0.3484456057444327,-0.29262488400970643,-1.2610307709824373,-0.3738811623776982,-0.2514902754739581,-0.8870672437856455,-0.31330245721866606,-0.3390476003502815,-1.5058846574703253,-0.058893632431559595,-0.4385123312606418,-1.345562775673226,0.027930343653707636,-0.38181653900173934,-1.1822234308608348,-0.03335806137510895,-0.34152210580812725,-0.8188558589624829,0.11192388059861721,-0.3901745167603228,-1.4596293801369866,0.2667938925845056,-0.4779144531105578,-1.4012667840390571,0.3527660430407253,-0.4161593012051198,-1.2984928297720852,0.3480421419877446,-0.373398374544993,-0.7444630873589944,0.49006571933243853,-0.4259176744146561,-1.3218565705987504,0.5022919406930142,-0.5197876356491,-1.6306574498475532,0.5213609445240814,-0.5349521290381888,-1.8856165087832666,0.5292438150672633,-0.5443746178961769,J
0.0,0.0,0.0,-0.3171337129584532,-0.42618924931772334,0.04687086529700595,-0.8272655287514902,-0.5896076175096232,0.03055268124364305,-1.2388118169808982,-0.5944744940150782,0.022040198982978737,-1.5008320182308077,-0.6237729588796942,0.022991527570243284,-0.97375753950737,-0.672739299206694,-0.2594340102007047,-1.5563362346700902,-0.40457474868003723,-0.3118732052533551,-1.427613763550035,-0.2848792501029266,-0.25889526255584067,-1.2650752649202965,-0.31187550458786006,-0.21780780766624055,-0.9062305294998794,-0.27910271515134527,-0.3175655866077358,-1.4988593669779362,-0.037616775536396904,-0.39513313593507454,-1.3428179807245286,0.06995276586382729,-0.3244145409800012,-1.1892581652889915,0.02869202590053174,-0.281750666190162,-0.8290541160581789,0.13611763995612583,-0.35622007359540775,-1.4453776589762664,0.27921810788080903,-0.4389205220011876,-1.3543970767052604,0.3684571379250707,-0.37228384686114596,-1.220992733727532,0.36466077983915196,-0.33205709473862993,-0.751728131062255,0.5069306082520156,-0.37980087575017285,-1.2959472099926552,0.5443071913134961,-0.5067291545498458,-1.6111976383501314,0.5704743741226082,-0.5538978141213676,-1.8663140305657904,0.5777372176004351,-0.5841879744507129,J
0.0,0.0,0.0,-0.3252313871647002,-0.42568531787032055,0.09966144454225329,-0.7614678724572291,-0.5524504930877197,0.10198341481614599,-1.101660397739071,-0.4603359908360309,0.0954741457547208,-1.300231793738138,-0.23894655291866307,0.08709153723582255,-0.9748469413175828,-0.6657015293700551,-0.1371865015375808,-1.479105608021288,-0.39078864067425095,-0.18048861664629767,-1.3299597956035867,-0.29572553631568577,-0.16196614698958042,-1.1707792522145595,-0.3186530731075462,-0.14694606736528873,-0.9242953710837086,-0.31374620835386136,-0.21735083100095265,-1.4316382870867312,-0.05601740488013943,-0.2557171270029371,-1.2693372834953198,0.045818000516295226,-0.20085482478417138,-1.127304614425308,0.002498839699735851,-0.1784602851835844,-0.8526440524984938,0.06438039915987644,-0.2790648252256214,-1.3650541958259264,0.23112413569185342,-0.32601182996968114,-1.2593789977638021,0.30573612668496686,-0.2692725779801902,-1.128786674957975,0.28350924212863904,-0.243125629664023,-0.7650018841636871,0.4235264583160462,-0.32461569848476834,-1.260221907118526,0.47065753515069597,-0.4099554928230862,-1.5373051508933877,0.5135456137878874,-0.42878552165302497,-1.7778642385510064,0.5338570565272239,-0.4442448829989713,J
0.0,0.0,0.0,-0.33853508117742787,-0.434704424132588,0.10725815415883218,-0.8047372667677997,-0.5365969364540827,0.10771789222124287,-1.1723093150235862,-0.4325044338783514,0.09561344419271883,-1.399369220059251,-0.22685660560623022,0.08528826550991074,-0.9894821381332325,-0.6396990803807121,-0.10933802000251787,-1.4948636089086886,-0.38034970782349475,-0.13735987854141452,-1.348699160694778,-0.3166725509638091,-0.1116150462191222,-1.1959939889804498,-0.3407083520780816,-0.09337312455398449,-0.9414715257335178,-0.27638673602708885,-0.19298118659935357,-1.4533121098098611,-0.026963603325884152,-0.2239453959652808,-1.289049655959944,0.030169925755820934,-0.17218390909250147,-1.1496399765028693,-0.019533880463325923,-0.1504673097505736,-0.8673677219936545,0.10209784474522347,-0.25786948165815987,-1.3959215521637998,0.2546694196916375,-0.2956443489722828,-1.3117416478456552,0.291827908548144,-0.242472345245659,-1.2091521089089567,0.26478095245619176,-0.21976167522486859,-0.7818814736275157,0.4438058491606096,-0.3059717240149982,-1.2715144993157146,0.4894494753461952,-0.36861012970068274,-1.5415341876406743,0.5296519375168474,-0.3773153749655941,-1.777727174329801,0.5636979121087132,-0.3891846128149564,J
0.0,0.0,0.0,-0.3400364526628873,-0.4352333469894412,0.1214267463280644,-0.7797678017076465,-0.5521906286251735,0.1271528149480098,-1.121850830421514,-0.4368798360276916,0.1218547132881796,-1.3144879641102853,-0.18651407582802787,0.11389345802891933,-0.9868729629207436,-0.6500836450308151,-0.1345761680647481,-1.5011422490030422,-0.37468297584040466,-0.16529594437848658,-1.3451907724480374,-0.30164268594649885,-0.13379496207823371,-1.181914786258943,-0.3302754012139214,-0.1092015181469203,-0.9341555453178076,-0.2812007401398356,-0.21972610426801417,-1.4492002976710594,-0.03482483576726821,-0.24273916356752387,-1.277943111408826,0.04244315930133151,-0.17494982966332842,-1.1359169848303745,-0.003915434879787999,-0.1452450713473104,-0.8650711752990256,0.10691223985183763,-0.28192393192761617,-1.3810592875803582,0.24811973600989712,-0.3085864084307601,-1.2553039615538304,0.28478515064599597,-0.23876136393389144,-1.1161361947195987,0.2464143055813785,-0.2086749656974577,-0.7894422271739454,0.4654589682130521,-0.32550878298160535,-1.2885102905590362,0.5051408126854539,-0.39356670208463673,-1.5570163055070099,0.5361874457997707,-0.40055869892615276,-1.7903200216429673,0.5563564155717069,-0.4109923668968917,J
0.0,0.0,0.0,-0.3272266218964952,-0.4227270679924725,0.12752400362596192,-0.7687430277049929,-0.554066963757175,0.15158211231458277,-1.1097898136728461,-0.5045749387882572,0.16850804785808732,-1.300280060151575,-0.3820517882668067,0.18718588080342413,-0.9990400016161499,-0.6330197612601132,-0.1308065676023811,-1.5099742220936245,-0.3567577029204078,-0.1443718823387446,-1.363789537238919,-0.27709788081868275,-0.0930728420516189,-1.2055999807889521,-0.29803011230724213,-0.05989932382940579,-0.936324222524615,-0.2763502470059064,-0.21662754047777455,-1.463735176997565,-0.007530281710525738,-0.2489349734543817,-1.2896455980015404,0.06546084073568904,-0.1783790401052745,-1.1375310587428646,0.014494458855884778,-0.14245467853994723,-0.8558231229748693,0.10706437436023362,-0.27869753078620724,-1.4117408365069228,0.2692603025187143,-0.31834619670243114,-1.338467267885796,0.3501438560091669,-0.250751572850145,-1.2337315591994067,0.3520367302672136,-0.2187637669659223,-0.7642096453761232,0.4637511626830777,-0.3213994640975352,-1.2821635018508977,0.5078464049450958,-0.41850454237203877,-1.5637414275233594,0.5470700567975558,-0.4466803287607822,-1.8073576175153925,0.5719813851494121,-0.4675139919892663,J
0.0,0.0,0.0,-0.32722790043697375,-0.4177454879120384,0.09399197827745844,-0.7924585265117563,-0.5176384978824852,0.08633184021374624,-1.1554580488316635,-0.3787505717574199,0.06930220733648629,-1.3665090713419694,-0.14261068089778198,0.0549813023548296,-0.9854589191478021,-0.6566113353252728,-0.1321922974969625,-1.5193391325823533,-0.39120706206730194,-0.17186935668294032,-1.3839610764262864,-0.302499601933256,-0.14623806043139884,-1.2319173546389535,-0.32760848509319396,-0.12327109369113813,-0.9359965603009498,-0.28128632872854115,-0.21163279607662347,-1.469595050113486,-0.04935470342616857,-0.2595170932463396,-1.3188547170531928,0.02784302759060056,-0.21300790454166776,-1.179003350726684,-0.009631975976786274,-0.18834465417241952,-0.8702081810937213,0.10825010316257179,-0.2724698788362578,-1.4117755980745086,0.25501840608169185,-0.3191811488957414,-1.3448199915033028,0.3171956282480674,-0.27476845474179107,-1.2513690212556339,0.3066739029634324,-0.2531872956716761,-0.7992602263160299,0.460499852658818,-0.3167700275873876,-1.3031239856809922,0.5027817465734135,-0.3732974819042254,-1.5699857010567275,0.5417081271644417,-0.3802449335016432,-1.798310111629427,0.5681082688631731,-0.39018914810525074,J
0.0,0.0,0.0,-0.3211414352094192,-0.4304057335546443,0.07514514126676337,-0.7924352799008061,-0.5548364323569881,0.06235451625391224,-1.156987619803255,-0.45485895298605644,0.043783745653644575,-1.3463563679640933,-0.29125132922744373,0.030072300303008528,-0.9970369588825146,-0.6407946082533997,-0.14714325359054228,-1.513952345140213,-0.37085128339375567,-0.19338426063498407,-1.3864896274855687,-0.2732944372101276,-0.16353274068743562,-1.2325979593129364,-0.2909136324521927,-0.13980995607013877,-0.9352718718483441,-0.27223026669988276,-0.22617959152365047,-1.4734217952949127,-0.00949586935897267,-0.30803830671854093,-1.313412802064722,0.06895730313452138,-0.27038198288710535,-1.151281458699877,0.01635606426012715,-0.24174324289087126,-0.8524109839288613,0.11706096329539502,-0.2890828680391117,-1.4255940311922506,0.286223714772376,-0.36852993637545184,-1.4163147796526967,0.38945960541823205,-0.3306279665179014,-1.3611872788144266,0.4032651288613606,-0.30361255951446187,-0.7569597764615043,0.47538719626590487,-0.3370788893235602,-1.2681655332082358,0.5239546771143548,-0.42804185912965326,-1.5528890040435022,0.5672817094056881,-0.45371670689310384,-1.7931865880013012,0.5899685634449843,-0.4698582422611101,J
0.0,0.0,0.0,-0.32883694675443664,-0.4212897275555961,0.09528669553509579,-0.7807654190079952,-0.5367664665223479,0.09443705615343034,-1.1414420754854142,-0.4089279484484078,0.08572412598131672,-1.3496620373032502,-0.2054234932309514,0.08245415291723045,-0.977012357117325,-0.6563665829987592,-0.14938068129629706,-1.5112525561191452,-0.39629404056214185,-0.1873577664742712,-1.3855113894853686,-0.29968478984961694,-0.14089099431348354,-1.2320898746090558,-0.3256835300287621,-0.10208901877393053,-0.9272169672570248,-0.2950300061999407,-0.2307075878083516,-1.4744441668584596,-0.06563379885934016,-0.28435980873398736,-1.3232012886420348,0.01940371367604567,-0.21861813828364923,-1.185902520391071,-0.03243601552459752,-0.17759076901056006,-0.8589058967140325,0.09058964645656584,-0.2929945159383548,-1.4103647470229415,0.23934834554686588,-0.3546423671407515,-1.305421672933211,0.29730920520676035,-0.29115445390538747,-1.1808560897736313,0.2650148765671371,-0.25213548016253595,-0.7860753036972691,0.4455801929787136,-0.338478134531225,-1.2978438342279885,0.4898478666122964,-0.429458946027374,-1.5772539055372397,0.5315667827436096,-0.447726072251136,-1.8165482751279247,0.5563478510541551,-0.4593603004489723,J
0.0,0.0,0.0,-0.3361396394386909,-0.4159831505973536,0.09186318364530811,-0.7791872548298088,-0.524549194921254,0.09005768861509972,-1.1213524786655709,-0.3543193361508269,0.08124035116166979,-1.3071290680440366,-0.10887713383540296,0.07554419510768408,-0.9843778950505946,-0.6588052950871659,-0.15232826699241803,-1.5226940916836873,-0.3952385789501318,-0.1932276532289588,-1.4032234564021266,-0.27487694974610377,-0.14481774650906137,-1.2435870990778572,-0.28906831111315606,-0.10366140485391691,-0.9296419536672814,-0.28533265531942775,-0.23313325329099802,-1.4800399762559198,-0.04535775435657339,-0.30152058661696335,-1.3298979804647602,0.059630760585047037,-0.24622027109523828,-1.1859580897789623,0.017001170886402066,-0.20840498521127335,-0.8573230007448285,0.10432567484138563,-0.295033753125069,-1.4314319173766759,0.26391233529348557,-0.37164244969524407,-1.358930957727576,0.35978825103820716,-0.3253371470210882,-1.2555111213289165,0.35899568273919225,-0.29356037398186513,-0.7769457322707869,0.4620537646332934,-0.3390576789303788,-1.3018295743117796,0.5053913734068727,-0.44342804868602076,-1.5884979137475033,0.5451853370291968,-0.4752565153467415,-1.831337807120233,0.5605432840643838,-0.49432264774550483,J
0.0,0.0,0.0,-0.32143074175393294,-0.44401202582398586,0.06993937241779415,-0.7782497773313319,-0.576983752149456,0.0586904666280133,-1.1477621659369006,-0.4619853297138684,0.047395702621338166,-1.340796300899269,-0.28037935125585045,0.04102661868221327,-0.9802742216743152,-0.6597072997277287,-0.1643170965986427,-1.5135619248393017,-0.3947566746151781,-0.19436328393482405,-1.411181655478693,-0.2730990592998628,-0.1329981528192685,-1.2680020261873488,-0.27191172268245173,-0.08702355258128196,-0.928879270596272,-0.2840201622221486,-0.237730620888101,-1.4862315705189568,-0.031490853646490055,-0.3178491806885181,-1.3586070151487386,0.06121250590926572,-0.2675215774007203,-1.211231309656967,0.02705571415064975,-0.2246181321323787,-0.8501200507943621,0.10743983287423077,-0.29486581335191847,-1.447239316305284,0.26799361159324103,-0.38436889591212126,-1.536776666544045,0.3919334667690742,-0.35904888435935445,-1.5681521447197309,0.4350413335983489,-0.3366630713568639,-0.7547487581615674,0.4650978074723631,-0.33433124830590316,-1.273390093923318,0.5082618658133551,-0.4422399187155829,-1.565250135759562,0.5537021791201259,-0.48373369268313204,-1.8152312091529639,0.5766811824709782,-0.5080352746477919,J
0.0,0.0,0.0,-0.32496106927430274,-0.44118685136980756,0.088108463496973,-0.7788277001001027,-0.565390164916967,0.08683780128373386,-1.1336651140290739,-0.43739698479579003,0.08248277143747233,-1.3186098065809722,-0.22502079804741598,0.08409536932766558,-0.989999543360454,-0.6445085648036835,-0.14950278357003047,-1.5307129424503814,-0.4095836174988419,-0.18668206765631065,-1.4093333664862966,-0.30981255155539644,-0.13417527320324862,-1.2538605847841358,-0.32781267596288544,-0.09267281486098711,-0.9368349115281603,-0.266485713967414,-0.2265517883251017,-1.5112755684588386,-0.056099182287269234,-0.3090421426188657,-1.3680625389796575,0.02548297923637736,-0.2540322400796909,-1.2162953529848595,-0.02321363778787172,-0.20559368184863122,-0.8614848128361994,0.12400093075716122,-0.28654613429782405,-1.4667805508649807,0.24784725433376634,-0.37110558305208,-1.4972132823046118,0.3386501084797622,-0.3338975071108907,-1.4777540111587415,0.3459942813312418,-0.3016980941830356,-0.772742613622465,0.4667600734240202,-0.3282930382876158,-1.2924695809396987,0.5074964113000243,-0.4391938720525893,-1.5843739097807692,0.5512601966493638,-0.4815553686154097,-1.8280520786405703,0.5727847675784136,-0.504186865578854,J
0.0,0.0,0.0,-0.33734721643279103,-0.43421138984208085,0.07194603049687928,-0.8172385520231743,-0.5213231352120493,0.05638000134553357,-1.195917890905945,-0.3462340804608352,0.040024257340234605,-1.4103024668475455,-0.09784399322620756,0.029160430955596953,-0.9865195468146591,-0.6436002408693965,-0.15604822469031474,-1.5455959193599464,-0.36736564085836065,-0.2045605362614573,-1.4630489816076182,-0.2117116003580089,-0.15930872134124555,-1.3242088525883742,-0.20071761516659317,-0.12149327053520338,-0.9404724229135117,-0.24616294661963367,-0.23434040507502735,-1.5305921317551445,0.0035575257228089244,-0.3331194015326686,-1.4346969289468066,0.12395263144807639,-0.29266394658843126,-1.2955825181864253,0.10291430650025764,-0.2485154990509361,-0.8667235212335072,0.16472839254180616,-0.29900599139648076,-1.4828508349733265,0.34371943562274565,-0.3999573950221632,-1.6609332562171244,0.502942868175869,-0.38707679050593236,-1.7641676145883751,0.5767097388698171,-0.3683068416697278,-0.7788513136319308,0.5303144229437651,-0.3449502172649519,-1.300358546477401,0.5656476070406158,-0.45248641690592023,-1.5937196510045613,0.6119615538469239,-0.49552140008529305,-1.8422995995185918,0.6326089679819723,-0.519288133329529,J
0.0,0.0,0.0,-0.32856356903158185,-0.4524861770433365,0.0866924756472311,-0.7869159813147801,-0.5245766962634577,0.0745571131955638,-1.134807595928693,-0.35447945621468374,0.05158891528589538,-1.32928569821331,-0.10736748029297855,0.03551637655966934,-0.9843053486519717,-0.6294253144399903,-0.09226905593834064,-1.5199322122129426,-0.3997960212543518,-0.13802967811674197,-1.4042239685492286,-0.2958211913466501,-0.11184692235027549,-1.261338362878897,-0.31908301347858226,-0.08791806632105736,-0.9517836976186121,-0.25243048206322116,-0.17431765450685677,-1.4832180125014292,-0.04184467944613457,-0.2546855017672938,-1.3678216788638684,0.02574106664424982,-0.21888162262921165,-1.2326111979298304,-0.027800238782635153,-0.18019978788250224,-0.8852817759840248,0.13865469708976752,-0.24669380957817122,-1.4502134040082193,0.2918355346011664,-0.31647852921357245,-1.6168176919596773,0.4032795405887801,-0.30048470984138265,-1.7270395263024745,0.4363998576400792,-0.28475799487162967,-0.7987280014281901,0.4803002505448736,-0.30368100154588046,-1.2914219591312153,0.5182740385273249,-0.36672204247697004,-1.5551704989579604,0.5665135023604622,-0.38585612687242254,-1.7810933451795912,0.5909217196086797,-0.3971965088414474,J
0.0,0.0,0.0,-0.33007938855877067,-0.4319024435743409,0.0786770032646622,-0.8035630528607489,-0.5372586285508765,0.0688588179348035,-1.168559552389307,-0.41546797194174834,0.05796822199976447,-1.3599430106938775,-0.21652890594277352,0.05548938900832737,-0.9884232841105818,-0.6347754882415201,-0.14585804321144938,-1.5455346606887372,-0.38378172758144485,-0.18121027797451747,-1.451153986622345,-0.25201572964500873,-0.12675557488577024,-1.310648380629781,-0.2612036895830971,-0.08453959400267973,-0.9418913215571731,-0.2520596538134156,-0.2220510511002885,-1.530220743396836,-0.024799910846735725,-0.3149612009471553,-1.413114355325144,0.07849281430730769,-0.2673731875077716,-1.2580617154846419,0.04350997976701514,-0.21579592415493817,-0.8714024668262306,0.1457455966013996,-0.2830325195795616,-1.4836865032939544,0.2981364318364447,-0.37054522287501185,-1.6251535605283134,0.42622906783722386,-0.34930097346081324,-1.6992585130938787,0.4665224970200136,-0.3251735497664921,-0.7867078853040816,0.49566211570534924,-0.3260112609320113,-1.2985464588231592,0.5470198802277272,-0.4204980240662642,-1.5905243968847487,0.6015294478564567,-0.4594784053073723,-1.8335848020021204,0.6244575384006384,-0.4809616347341254,J
0.0,0.0,0.0,-0.32165396376286465,-0.4180816102912949,0.07927143756143794,-0.7718661463673248,-0.542615715172213,0.07392471838928516,-1.1196427638286803,-0.41235682912104554,0.06115885099092624,-1.3140851006087384,-0.18824463623408808,0.05166795026943272,-0.9806222786160288,-0.6514925036307335,-0.13483054057079885,-1.5049409273959127,-0.40321443773495524,-0.17967960197554675,-1.3927923967108158,-0.30302032617846414,-0.14924136704204027,-1.2451303847236326,-0.3203509787556032,-0.1213668867753742,-0.9336119430358715,-0.29104594616711693,-0.20895214055010872,-1.465900511658663,-0.05827810034245696,-0.27320983040827235,-1.314199645366624,0.03113590617163331,-0.22672291139854034,-1.16783877584368,-0.006279693710461875,-0.19640004652864818,-0.8664739745707418,0.08704081110138308,-0.26711661740619125,-1.4120420578456678,0.23692124488740127,-0.334280381473633,-1.3364566438043541,0.3130416105861859,-0.2903861124278253,-1.2291429460097416,0.31429822492738646,-0.26186496673638376,-0.7903975228139883,0.43626167520170883,-0.31035689883802553,-1.2920731603929725,0.4837261976368601,-0.3963826798588491,-1.5696550305152221,0.5117328515756406,-0.4215935050791851,-1.805052799413695,0.524737213136447,-0.4385940353648308,J
0.0,0.0,0.0,-0.35957592507198055,-0.47107989893208607,0.03499967718535477,-0.8666837012681164,-0.6459062922234214,-0.011793758114710043,-1.3011740617148944,-0.6403253192829615,-0.06390908823003273,-1.5850720485438874,-0.5865110464319847,-0.11700283844679439,-0.9696784562233612,-0.7362628129870807,-0.18826907814997657,-1.5874694749648293,-0.40878176588910586,-0.26192281710905885,-1.4854489743427373,-0.2871418459628746,-0.24526595513587213,-1.297345924129368,-0.3113258335813284,-0.2170427357816206,-0.8963026778854463,-0.36328926307903103,-0.2542880668589708,-1.5216427112962863,-0.041085912423155145,-0.313560374295846,-1.410960154121572,0.026229476227173316,-0.2595372561669371,-1.242071811862552,-0.007691914443175974,-0.2282786588535955,-0.8120874205422698,0.03353826849501869,-0.3088512141990149,-1.4391898844966922,0.23296912427880673,-0.3606316497417742,-1.3672691479802923,0.2696467328884977,-0.2852674827347323,-1.2340413243342,0.24971684069451092,-0.23695099596548422,-0.7085967999450721,0.4161443597504458,-0.35380944919471013,-1.2661780099158895,0.43252848705342567,-0.40151760528719643,-1.386114783856975,0.4342621320310621,-0.36114083727511,-1.4288373613153527,0.44629072905814576,-0.32542972974345835,J
0.0,0.0,0.0,-0.32626267032896616,-0.44459165969227615,0.08038930657121054,-0.7522792962880794,-0.5780374533030587,0.05875388272214978,-1.095731642671675,-0.46356042666039066,0.01991699132835053,-1.2886360156642922,-0.23016168415642607,-0.02577823230720479,-0.9460009087884284,-0.7258463072138484,-0.11787028273376796,-1.50120791059446,-0.44154204996045154,-0.1947909671627316,-1.4081875224176066,-0.31320202853068563,-0.19402047588148796,-1.2376691320001532,-0.3247114342968187,-0.17283198463519453,-0.9017660735450405,-0.38264915829735113,-0.20099146812113547,-1.4451063931310015,-0.09950149242162487,-0.2575497966458627,-1.3353939639603603,-0.016999796986847792,-0.2111050158962866,-1.1826035947305102,-0.06072940200668273,-0.17895871757576529,-0.836788241324188,-0.005764424691336943,-0.27238797234927264,-1.3831435367000102,0.15683464147034112,-0.32679548370951883,-1.3163990696325192,0.19881827048611192,-0.2618053093492606,-1.191219547310162,0.17143072136232976,-0.21290089211936375,-0.7426121731891894,0.3695456797813791,-0.3315235864247181,-1.2414806884551712,0.3322014799561536,-0.38181423477686033,-1.393258166785848,0.30814395397149574,-0.3467535206207748,-1.4746087393601066,0.2910514959995706,-0.3114655591963684,J
0.0,0.0,0.0,-0.3174278054992866,-0.43886711825167224,0.11264753319786716,-0.7131627529306188,-0.5787579485862481,0.10524944507658736,-1.0278929367112979,-0.4872087550927887,0.08071807466857417,-1.1981864809120026,-0.2582692459043093,0.050279097711653446,-0.9311695734536646,-0.7332557643229524,-0.14093222191442634,-1.466771529877668,-0.4401929792815802,-0.20704428023392568,-1.3385563526221957,-0.3116534541207854,-0.19321259599084212,-1.1658922943978172,-0.3280011405069648,-0.17462711967345998,-0.8754790526349889,-0.41995573256905616,-0.23911003968827782,-1.4138515473241615,-0.11568137485946506,-0.28517377886628054,-1.2771641064674109,-0.006608388849330656,-0.2163518885747965,-1.1305701829242254,-0.0494481672230006,-0.18212223618737547,-0.8043668274706315,-0.05421446913310118,-0.3211400107098467,-1.3461216622060832,0.1499553472892558,-0.3577054800291891,-1.2579861832092163,0.2284992501194993,-0.2739931448921207,-1.1266114826055236,0.21416374086383197,-0.23061629693496208,-0.7061008870725927,0.3132555846159524,-0.3901125637262729,-1.2142902890478298,0.32480457787712436,-0.47055029955095073,-1.443650884030098,0.3402593996981368,-0.4695010711165139,-1.612511371162324,0.35417367790793064,-0.46587318242090753,J
0.0,0.0,0.0,-0.2949612717523176,-0.42778298838801837,0.096847557302745,-0.7154975742828751,-0.5795243178605066,0.08756284150146887,-1.0544953645137995,-0.5118878526192677,0.059700968302924914,-1.2387729926128266,-0.2885895184481771,0.023858047802413847,-0.9225009471628183,-0.7672682159933377,-0.1138773016688224,-1.4883242712704365,-0.439371461289887,-0.18184865180133153,-1.3800830746046715,-0.3066686817113678,-0.17522481476512422,-1.2107339466680926,-0.33628415506387943,-0.15861503190538995,-0.8607179677296231,-0.4653745502877329,-0.20637613227279428,-1.428145627080304,-0.1289406280449701,-0.24747757933109005,-1.3353943017977377,-0.03253644474085952,-0.1882924759942371,-1.2014533494642359,-0.06902148288868779,-0.15758644187939333,-0.7888487167273391,-0.1052937785853413,-0.2873012931820298,-1.3597740606908093,0.11595953955096781,-0.3299026585368421,-1.3138681555910967,0.19042904100730793,-0.2598881279307073,-1.1955666957053563,0.187131825242741,-0.2171457805205535,-0.6901601821308755,0.2687404724163877,-0.35624918924587357,-1.2098394347957768,0.28715233798818063,-0.4215249949906894,-1.379306623103612,0.3013546499759457,-0.4036077263950136,-1.4697849940108523,0.31686556182134884,-0.3830672673969062,J
0.0,0.0,0.0,-0.29696218227217674,-0.44888729655569604,0.08930290383253035,-0.7124502743554162,-0.610821212471941,0.07703818636663935,-1.0452588449318274,-0.5363071102413043,0.04874637526779214,-1.2183681755381661,-0.2918582138076334,0.009925750961621592,-0.9112966065054668,-0.7901470528262886,-0.11508615761273666,-1.4764382169513997,-0.44703068696414816,-0.169475621356128,-1.3769359781747534,-0.3034894593658939,-0.15524068179794587,-1.2225886809871744,-0.3422531070847034,-0.1371116660548451,-0.8453921260807148,-0.4951445362953824,-0.20035977974024566,-1.421956544117768,-0.13938700367854565,-0.22843983697855993,-1.3345096945452084,-0.051840877166267445,-0.17032098339388294,-1.1984113303412398,-0.09151967512295263,-0.1424130800728151,-0.7715963644592874,-0.1432842413179868,-0.27224229812790274,-1.3432774617543346,0.09551284655480133,-0.30628980063954375,-1.3117129183845568,0.1567950624362806,-0.2444846184044913,-1.2060148101606925,0.14681038960588785,-0.20693694967372625,-0.6747622479454185,0.23177546103971028,-0.3316880541480955,-1.1817796085308514,0.250409292026798,-0.3895375481735979,-1.31090969090449,0.23171848218118943,-0.368776494355546,-1.3595556820751242,0.22125210542952603,-0.34407009064761823,J
0.0,0.0,0.0,-0.2853508942050709,-0.4372445253209534,0.09407827735754946,-0.6871257501589814,-0.6046680592633454,0.08581256390828586,-1.0096467874940755,-0.5513823854725121,0.06163069611260273,-1.1797383729521491,-0.33393633048070603,0.027961549749073732,-0.8971786843514434,-0.8020919579163608,-0.10250435542859432,-1.4510772600041737,-0.463503474558812,-0.14120252250758508,-1.3692610325378243,-0.31758525686007066,-0.11237498339312119,-1.2255427946960256,-0.346877700865113,-0.08604780958908834,-0.8315943954315947,-0.5216233051710698,-0.1906826918972185,-1.4077373553963124,-0.17069214106069935,-0.2079481989799546,-1.3330385156239903,-0.07599525903688158,-0.1459744384295858,-1.206060908741624,-0.10479393839731752,-0.11631255010052122,-0.760457837912134,-0.17884098013151217,-0.2650324694907316,-1.3260853333815414,0.06908571180953735,-0.2961862016668069,-1.3109405382705783,0.14601108564207288,-0.23556867910647444,-1.2227538856714026,0.15140087122491339,-0.19938812859902624,-0.6674104742882631,0.19793732776166573,-0.3265883601801671,-1.1639548416003433,0.22757583762663428,-0.38391206707111397,-1.3107751845291287,0.22622200386851574,-0.36554664182802354,-1.3853465641257499,0.23296820686168493,-0.3432913846463185,J
0.0,0.0,0.0,-0.27926494132686824,-0.4364400123368137,0.09497045377096534,-0.6615908738017336,-0.617873322006404,0.08928283898363117,-0.97453555717455,-0.5785815502461162,0.06383849946866826,-1.1492502870688193,-0.3795208981050914,0.02879068642337463,-0.8792212568711909,-0.8184356606289203,-0.06693425644602856,-1.4147696355242503,-0.49543131664475865,-0.10127182236822116,-1.3485102582904487,-0.35188446015800967,-0.08423993339400052,-1.2099561836927737,-0.36836225119267524,-0.06715688398816297,-0.8184708181055413,-0.5528936208937577,-0.15625032443049722,-1.3696742187985569,-0.211079886847703,-0.1663525136826355,-1.2865204834565,-0.12504744051155872,-0.11380387824596128,-1.1587360824143618,-0.1532132015827479,-0.09167194906504691,-0.7523044471047133,-0.22126547005459535,-0.23356040741965872,-1.291346162279403,0.013490386009271604,-0.2600212935052791,-1.2365890227554335,0.07697498391294119,-0.20402702400965117,-1.122224972908581,0.07490867676109329,-0.17144371199406347,-0.6647721351922413,0.15101046661325493,-0.29910050960511886,-1.1395493447747111,0.14696189408634253,-0.354005212482157,-1.2764615231932945,0.14751713009162487,-0.3323067112562995,-1.345780301241268,0.17260079906891077,-0.30754138552598775,J
0.0,0.0,0.0,-0.28314856193108556,-0.4451977524750175,0.10499772282702789,-0.6783861081615455,-0.6352452875220184,0.11113284470354566,-1.0051727300772972,-0.5995382167553754,0.09845620202015254,-1.1999524874949545,-0.42511638841376564,0.0718462563148422,-0.8771232726473119,-0.8595694095385079,-0.031472963291153365,-1.3918724326812897,-0.5481556142545664,-0.012493405951480234,-1.4017074601003914,-0.39705608757056765,0.04564743479397709,-1.3290082660858256,-0.39334621702222866,0.08451987970980682,-0.8077844518777925,-0.5777547141748647,-0.11697764552774473,-1.3271784599566034,-0.2705834117758502,-0.08639652317436222,-1.3749807369838891,-0.1796222615623798,-0.033837474569534065,-1.3520623791102901,-0.17529918210917286,-0.017091004840289584,-0.7379785756211458,-0.23620370865985293,-0.18585111677579588,-1.229870900860534,-0.010778670137991723,-0.17807848449705369,-1.306513926428122,0.04600366569868804,-0.14562246977917162,-1.3072400720648805,0.04647765336373197,-0.13677099023334674,-0.6582689278477248,0.146249457288761,-0.24075327987807874,-1.084448539049441,0.15834914058097477,-0.2576020827246206,-1.2273322795393449,0.16531482402411887,-0.23404520627573966,-1.3095947018305343,0.17851802338842307,-0.21449296235702425,J
