feature_0,feature_1,feature_2,feature_3,feature_4,feature_5,feature_6,feature_7,feature_8,feature_9,feature_10,feature_11,feature_12,feature_13,feature_14,feature_15,feature_16,feature_17,feature_18,feature_19,feature_20,feature_21,feature_22,feature_23,feature_24,feature_25,feature_26,feature_27,feature_28,feature_29,feature_30,feature_31,feature_32,feature_33,feature_34,feature_35,feature_36,feature_37,feature_38,feature_39,feature_40,feature_41,feature_42,feature_43,feature_44,feature_45,feature_46,feature_47,feature_48,feature_49,feature_50,feature_51,feature_52,feature_53,feature_54,feature_55,feature_56,feature_57,feature_58,feature_59,feature_60,feature_61,feature_62,label
0.0,0.0,0.0,-0.23598319141058224,-0.14170846328989914,-0.16262262868478294,-0.35154289482216955,-0.44429511944606837,-0.24657334683727952,-0.17910574365069706,-0.6511022971477568,-0.32575439399385675,0.017622003006490982,-0.7524410379243495,-0.3958027242004438,-0.25502214905413395,-0.9691538014898171,-0.12949392901872145,-0.3314241956264827,-1.375324633999014,-0.25142456839404914,-0.37376325807764577,-1.6387188545786184,-0.34037228048874013,-0.3976248672970953,-1.8667454760870719,-0.4045975732357261,-0.04981712155312045,-0.9894876729013742,-0.1357659735588583,-0.044018725095697486,-1.4648943858809726,-0.25900189484041103,-0.04116308517398589,-1.768199220537632,-0.34018713343103574,-0.03030008966258563,-2.031738910340725,-0.38834903931816067,0.11917087138433469,-0.8843399570518722,-0.16292825229595165,0.14657593432645158,-1.1396762303778671,-0.34111604585664956,0.07369522278190174,-0.8635061837339222,-0.36113101516423035,0.03246248312144388,-0.6363777461572245,-0.32840752174215576,0.2640698593972006,-0.7075770488444872,-0.20411479007732555,0.2619402559333668,-0.8990892460564022,-0.3534926440303859,0.17679744441516215,-0.7112092683820875,-0.35331617953053557,0.12665028865176645,-0.5306121620286974,-0.3207954408114226,V
0.0,0.0,0.0,-0.23519886367238121,-0.146345340605017,-0.16300269139035226,-0.3471791585042251,-0.44110512805879537,-0.2473408799886905,-0.17765172452173433,-0.6387576610192244,-0.32759191658477277,0.008226362811105928,-0.7518158507295996,-0.39945481361062374,-0.24909082195508422,-0.9674381681925155,-0.1283840476421203,-0.32847597304074244,-1.3765197767069957,-0.2482777924115722,-0.36722856814870164,-1.6410691910028994,-0.33636947453379573,-0.3866004828284123,-1.8705105162412425,-0.4000302363035272,-0.04651456804097375,-0.989653691697888,-0.13572754130501022,-0.044805441870515,-1.4703757663690724,-0.2561319518000426,-0.038334371505500224,-1.7733814447737548,-0.33738165064759507,-0.022360060959040216,-2.034819700119182,-0.38630326888774674,0.11825150613019685,-0.8842345596465863,-0.1641549855595981,0.1398684264076437,-1.142903033248481,-0.3397393448126449,0.07073822713914991,-0.8699586615779277,-0.36370999031899814,0.031087434997684314,-0.6420566991800278,-0.33502407822905267,0.25871795138253034,-0.7054459175394995,-0.20679215865603492,0.25526093495363456,-0.9011081385958185,-0.3550608749353554,0.1727329708255577,-0.7161994456540527,-0.35758282948828296,0.12231530715232021,-0.5353569886645597,-0.3279787295883046,V
0.0,0.0,0.0,-0.23789418359051856,-0.13763366350721776,-0.1677577345374413,-0.35470693780142665,-0.42706951926126885,-0.25222541057060427,-0.18466510654447887,-0.6271344623386585,-0.32862736458048203,-0.0022822218562974037,-0.7471959436378466,-0.39625965103318045,-0.2638957692994834,-0.9645184892684606,-0.14489975074692385,-0.35041183061021075,-1.3771888266301509,-0.2666441270853617,-0.3949945493427862,-1.641228332110456,-0.35978874154562684,-0.41980978099017585,-1.86824679957624,-0.42920174081432233,-0.05967289543968892,-0.9871719866366311,-0.14808988604807183,-0.07231280436634951,-1.4760383204605112,-0.26701680413271744,-0.07396567397856524,-1.7818759214548663,-0.3515170378578451,-0.062249149429640674,-2.0483040521521714,-0.4063748435904289,0.10733697060703705,-0.8820116062630726,-0.17126067690794328,0.12837454531416942,-1.1565366179007135,-0.34437631603848967,0.05954497988548103,-0.88901339114657,-0.3721611468283821,0.0209974443371848,-0.6661889332092492,-0.35038612833984534,0.24977431657076785,-0.7018223865090447,-0.20873998252447395,0.2332921176560979,-0.8931199048924793,-0.36993427304842463,0.15190869207477112,-0.7067495470269348,-0.3827128295092371,0.10632039887985546,-0.5262264541710113,-0.3595301852378096,V
0.0,0.0,0.0,-0.2406194993930339,-0.13964728874061694,-0.1657021980384857,-0.35897745158606453,-0.42686915504517164,-0.2485470905763431,-0.1937775104161615,-0.6366877224094334,-0.3243334681661291,-0.011291590294902487,-0.7607843256983782,-0.39102015465768347,-0.27378403738268003,-0.9588322504881674,-0.13727527989456295,-0.3571257044485357,-1.3676528183275616,-0.25679064599272405,-0.3980797821478738,-1.6306299293405548,-0.3471877583885201,-0.42106815233097145,-1.8578465646807376,-0.4140968483062225,-0.0687030419013584,-0.9876187456184675,-0.14102873939912028,-0.07758479011228865,-1.4723787882519315,-0.2585145962941582,-0.07583549147988208,-1.7790526328015326,-0.34153611178150667,-0.06327672445027402,-2.047000079084806,-0.3946814416834399,0.09887393480874175,-0.8873408442170573,-0.16519868473943425,0.11775074335649119,-1.1518495507890723,-0.33673467745260666,0.055137631975913835,-0.885813037717916,-0.3660261007840654,0.019831651637625222,-0.6650822656746307,-0.34467316558582733,0.24027205699083076,-0.7126980861972162,-0.2036136846352065,0.22548589830491209,-0.8992459744358944,-0.35791086979439546,0.146824055930907,-0.7175506728345024,-0.36983273902460323,0.10102113269137987,-0.5400854968687686,-0.3473964924214285,V
0.0,0.0,0.0,-0.24448287557451595,-0.13891478702050064,-0.1685848891851049,-0.36347341561013846,-0.4408745848904685,-0.25430929383755096,-0.18616765325915238,-0.6470858700210557,-0.33317478582708093,0.009252763010473723,-0.7645493065320336,-0.4033442662728497,-0.26255216902696227,-0.9650089810608894,-0.14261014714372178,-0.34287320116734393,-1.3795426467210445,-0.2667041377366104,-0.38386226958279634,-1.6495370205759405,-0.3543041976661661,-0.40571636312514103,-1.8821907551718107,-0.41632187152296046,-0.05492978735123019,-0.9876146106675966,-0.1469697222472725,-0.0484472941739991,-1.47929204909034,-0.271355564009884,-0.04434651500682799,-1.7877688913011505,-0.3508399850838825,-0.03494840548127402,-2.0508988754581163,-0.39664245041599056,0.11604539112845862,-0.8838446302958256,-0.1719901814171518,0.1424264591969348,-1.131557074551703,-0.35122953015127467,0.07073781330810533,-0.8559635784707909,-0.37193388064305427,0.02816112857587333,-0.6365254709330107,-0.3398325923805691,0.26150849225798634,-0.7063585842196272,-0.2113626800267648,0.25939623871944295,-0.8898748699739425,-0.3621270202356984,0.16654568070005865,-0.6939576118320501,-0.36132023126304685,0.10624579322127528,-0.5130318912555462,-0.32833390722372596,V
0.0,0.0,0.0,-0.2413831234287677,-0.15313116645038022,-0.16411877093782043,-0.3547938619069106,-0.45113824694540544,-0.2501955175997139,-0.1774611120124037,-0.6539287091240308,-0.33139242249530304,0.016582720603288664,-0.7656859382991604,-0.40378754374298803,-0.25049935070371426,-0.9686282859702293,-0.1374179741541224,-0.33231287294505996,-1.382874427717599,-0.2609727806894886,-0.37331963260855894,-1.6503553799497859,-0.35168912576467715,-0.3942172951749945,-1.8817399559500847,-0.41695013025400407,-0.047033583747978676,-0.9885456143225313,-0.14340645174995062,-0.04129213788639475,-1.4757317386905742,-0.26405608522729523,-0.03552474855000211,-1.7816767480449804,-0.3447242224166385,-0.021807813872970913,-2.044683467314775,-0.39468711972275233,0.11903601952715052,-0.8818886012435644,-0.1698225358383249,0.1435102030647896,-1.1441479935524514,-0.34057428288935526,0.06675236707478568,-0.871092533974754,-0.3589007341334247,0.022035303297599514,-0.6465671513430493,-0.3290286621673962,0.2612740242862086,-0.6995843845868335,-0.21122539331170645,0.2576396145167379,-0.8941465058746372,-0.354477686291574,0.16257207437647758,-0.7078491237855958,-0.35287567672213627,0.10190480740048073,-0.5270749913185159,-0.3219933339017331,V
0.0,0.0,0.0,-0.24086831891167398,-0.14224020233857032,-0.16449184379619003,-0.3616178475451765,-0.441693846626809,-0.25064872290934476,-0.18552156607028047,-0.6485453214632171,-0.33150629971268014,0.013636074297796178,-0.7578530607532294,-0.40397569201791234,-0.25381889307445143,-0.9672518384451444,-0.13739751207763257,-0.336199580769796,-1.379509957234237,-0.2583030506651872,-0.3794699921455686,-1.6437255208657289,-0.3459670277392371,-0.40276506649134475,-1.873284798855209,-0.40939881951260576,-0.0482748557280862,-0.9885291367872149,-0.143107246592044,-0.04137291570959524,-1.4753297235038405,-0.26307373067045914,-0.0371120580943262,-1.7785243307614387,-0.3429856155435902,-0.02717709779227735,-2.0391375960728517,-0.39154193215093713,0.11877712667582382,-0.8827702541876397,-0.16907599148940083,0.14510267879395808,-1.1352384870816519,-0.3415354796124595,0.07225034518648152,-0.8590900871839885,-0.36092354544975197,0.027695378921464116,-0.63600770979262,-0.33038390325409084,0.26040869094872277,-0.7008357802646854,-0.209403348362531,0.26158978518991477,-0.90074267912556,-0.35427632104847784,0.17161539885195337,-0.7071206723727673,-0.35206614539917314,0.11203556044070385,-0.5222969278379352,-0.3199299773006091,V
0.0,0.0,0.0,-0.2396590373695499,-0.14215021511758122,-0.16299455921764383,-0.3587999292159829,-0.4413968873752872,-0.2486506675722111,-0.1841983078716321,-0.6439521357872189,-0.32991943829514625,0.010100701939916286,-0.7532854121128747,-0.40322224056574557,-0.25001708821957846,-0.9662104620231835,-0.1357029136649287,-0.3326911539391202,-1.3756048956288516,-0.2579261292476343,-0.3748619972676548,-1.6378551856816126,-0.3470459111503222,-0.39747043891580547,-1.8664097632490122,-0.4112883080328355,-0.044561177695894495,-0.9887880218021207,-0.14252210138432556,-0.03777338168789153,-1.4743235005403388,-0.262871185668238,-0.030464284189517726,-1.7761143823910925,-0.3426269147471065,-0.016524519187503847,-2.0361875977771,-0.39113803404023845,0.12236853274322232,-0.882354630685847,-0.1698438154865854,0.14342219852310975,-1.1369006712722165,-0.3421046906851711,0.0729423924054468,-0.8602321414702253,-0.3616195070953834,0.03246480779265469,-0.6342415359499143,-0.3313324294808571,0.2646951046988276,-0.6998198650142992,-0.21160917647339925,0.2619631275141942,-0.8954848634181642,-0.35542507027258263,0.17144293053291232,-0.705618761417897,-0.35359051243826906,0.1135848745463033,-0.5225678412341807,-0.32212106225097126,V
0.0,0.0,0.0,-0.24053726006233617,-0.14198480885183565,-0.1636870643676444,-0.3598533996507935,-0.4345226565487875,-0.25069963022010716,-0.19138237019945595,-0.6324633841718404,-0.33326553788617086,-0.004983814534236893,-0.7479297654227912,-0.408141829367828,-0.2502044201873948,-0.9645641761445867,-0.14068991531334912,-0.33296298604904206,-1.3728867776257971,-0.2643152616823791,-0.3753787311512576,-1.6396635487649573,-0.35474984575730534,-0.39814664857599713,-1.8710174834888709,-0.4199635503134959,-0.044473490314438105,-0.987993942582639,-0.14795295900814046,-0.038209763707117414,-1.4771727561972876,-0.2691119399162847,-0.03298678056442378,-1.7812104494303165,-0.3494159381989727,-0.022051773829035056,-2.0417139097034362,-0.3983714073690001,0.12386948954831968,-0.8820806833733004,-0.1753443568949983,0.14167597192618808,-1.1387776847518605,-0.3476866849404319,0.06930246122344562,-0.8549511011630921,-0.36557584979390495,0.027825097756688545,-0.6255516254521024,-0.33446473785155945,0.2672928129271791,-0.6990612356960738,-0.2172703196185551,0.26379090966503177,-0.8969653777223897,-0.36148217936964133,0.1723432645783288,-0.7012855621359929,-0.3579132349475157,0.11492723020967387,-0.5153227253595735,-0.3250821620989922,V
0.0,0.0,0.0,-0.2387600168579204,-0.13692462124326701,-0.1606700609138587,-0.3610072394075922,-0.43329841557088805,-0.24526018437765967,-0.194068430357245,-0.6382592932024138,-0.32474644228894883,-0.00247799734096192,-0.7508315463201154,-0.3967120916909995,-0.2539201800753396,-0.9670382199587207,-0.13701699852799926,-0.33671390814849445,-1.3738043626154428,-0.259179628227751,-0.3806687455766673,-1.6404211527266874,-0.3491690923984043,-0.4059150035966467,-1.8694332038300594,-0.4142961108866185,-0.049589222900803635,-0.9881513156819607,-0.1452511145847229,-0.04336970355953789,-1.474764917176833,-0.2643069413041985,-0.04502506239665024,-1.7802021307359135,-0.34294414437976223,-0.03751700770384448,-2.040666872210427,-0.39011540044791276,0.11672703318327891,-0.8799984906519327,-0.17320098723153468,0.13793571240460936,-1.1392276263793253,-0.3429461558986115,0.05895466078165533,-0.8592672442177174,-0.35690214638032564,0.016673019273402808,-0.632555304330565,-0.3230408197157717,0.2567913687634161,-0.6963471105358694,-0.21548284685628893,0.24550010758330965,-0.8951172602043574,-0.36120219203605364,0.15754952376530662,-0.69805695002808,-0.3559490742084429,0.10830502187790024,-0.5124609401232796,-0.320585409550322,V
0.0,0.0,0.0,-0.24195558141285445,-0.14611531850339024,-0.15925389388181663,-0.3594127671819044,-0.42371589666043113,-0.24311432582438613,-0.1920288334076593,-0.6379844451382958,-0.31973926380040996,-0.0022897471054052665,-0.7503382501596387,-0.38670455682485705,-0.26515936552366337,-0.9620036127063416,-0.1354262368187564,-0.3491351280375015,-1.3733108852502895,-0.25537323753417457,-0.3943201043191877,-1.6292926878478047,-0.34799251034015755,-0.4251030463591414,-1.8537708006235567,-0.41601431738170447,-0.06238962297633332,-0.9883417850747157,-0.13888142719671162,-0.05983327710006635,-1.4777174151159362,-0.24830003295660905,-0.05725887927566547,-1.7750620265136707,-0.32439939796373973,-0.05061804260847018,-2.0370164111615403,-0.3736207423430393,0.10280888495066977,-0.8842022815260708,-0.1617137093406939,0.11925553984419977,-1.1398540660086223,-0.312939617494763,0.05368782389376662,-0.869173559653332,-0.32441787745801365,0.0175668257803652,-0.6502445682288143,-0.2956174193641755,0.242684880117464,-0.7030778699040741,-0.20000126188976838,0.2247535950053007,-0.8926370067865091,-0.3341888506739373,0.13992293023194238,-0.7032185800892652,-0.3304133094742953,0.09142551647793883,-0.5249675635589187,-0.2995186353764181,V
0.0,0.0,0.0,-0.2402260513413833,-0.12051952568357767,-0.16899161955742487,-0.3795102667832983,-0.402308657715131,-0.2615900982383932,-0.23353271177559276,-0.6067285109157572,-0.34836676594286664,-0.05178180320992029,-0.7303999573266269,-0.42592550488555075,-0.2847700677249081,-0.9594047535594455,-0.14794789008508832,-0.39000063332306645,-1.3644758338906622,-0.2822727184282512,-0.4492304286892396,-1.6270365879362516,-0.38057824524937683,-0.48868392114713666,-1.8482339370346927,-0.4478980477636376,-0.08487368638820804,-0.9843771660668486,-0.15426617349592878,-0.09236669494322633,-1.4804181771572804,-0.28170424149126666,-0.10338238160420983,-1.7905726637001806,-0.36479905561538495,-0.1040560819582657,-2.052902539649098,-0.4133062780715488,0.08748077344803881,-0.8830765514012542,-0.18148235401647428,0.09451917433655482,-1.1240244107503097,-0.35584760268190974,0.014592848133694837,-0.85523149372199,-0.3741293080202312,-0.028784412747064454,-0.6356756009493473,-0.34190964171845195,0.2358569490165713,-0.7097385895138685,-0.22408073942696344,0.20922289042512537,-0.8801057588878788,-0.3674954268094624,0.1283686081567276,-0.6889806199870211,-0.36226309156755215,0.08690154957036186,-0.509482076987045,-0.3263567174492848,V
0.0,0.0,0.0,-0.2468029905562551,-0.11111769951971597,-0.16815700754933105,-0.4043340334036493,-0.3812238734894233,-0.2647775815003227,-0.2822765044915767,-0.5996457798042015,-0.3560927558769005,-0.09561103642486203,-0.7189680198754238,-0.4375395091433207,-0.3297682411274933,-0.9509693850837533,-0.14408182485119145,-0.4496167022790398,-1.3485044072433139,-0.27733571119666794,-0.5197457954395174,-1.6003014309590142,-0.374148172100276,-0.5662135035800298,-1.8158291686881178,-0.441042487862963,-0.13153329684660847,-0.9798871087494774,-0.150067471249608,-0.16104240359828365,-1.4554360161748061,-0.2755060369013162,-0.18161560205506447,-1.751570433479328,-0.3554617830840423,-0.1899061413000435,-2.0092336004530384,-0.4031163063437543,0.04415464636519215,-0.8858865588706617,-0.17719893433266815,0.03548374285480956,-1.135430710425251,-0.35245632764282747,-0.039150242217932785,-0.8508619808461998,-0.3688690551662131,-0.07548904697216052,-0.6201316535964649,-0.335897222387325,0.2009003355052342,-0.7169987634495596,-0.2197448818449189,0.15526533718081453,-0.8733204259919394,-0.36950180381314907,0.07390091250943966,-0.6676696097945122,-0.3686681468748816,0.03538922006176356,-0.47790970415825934,-0.3348417020796084,V
0.0,0.0,0.0,-0.25461033745050443,-0.10425725817221453,-0.1654874591053115,-0.42171569515769486,-0.3773898879128668,-0.2552836377729474,-0.3052976669060171,-0.5979210627787517,-0.3389600445893401,-0.1198463373078756,-0.6968936783391334,-0.4118765128485412,-0.3420477706525813,-0.9468089790220919,-0.14034489257815258,-0.46062305506186335,-1.3391503950655912,-0.2674496302859463,-0.5290092347762022,-1.5921950607458797,-0.3616829219221466,-0.5754751814801738,-1.8075048603665538,-0.42928249271569535,-0.14343811715071114,-0.9792480674133481,-0.1431737720935009,-0.17464995666739133,-1.4478698660961826,-0.2641880249892186,-0.19585349694866444,-1.7422546254556737,-0.343060828236942,-0.20599136775091337,-1.9963770449747893,-0.39168860935522987,0.03403627881320739,-0.8925366214916799,-0.1665200745538431,0.020880347566252806,-1.1312518037899635,-0.333221257316737,-0.050938006265226606,-0.855286912605638,-0.3504961702065655,-0.08534864383831516,-0.6341239843261386,-0.32131144012276935,0.19392280698251232,-0.7315130292031292,-0.20578835752985378,0.14243559396237648,-0.872285358606486,-0.35090547555913715,0.06138931510487848,-0.6716780207487898,-0.35461669327255346,0.026250941771430964,-0.48920610098592665,-0.3259626728662978,V
0.0,0.0,0.0,-0.24058617540912686,-0.0980350284869714,-0.15305832296905586,-0.411408927759647,-0.37115014185028694,-0.2383000623593847,-0.29713362470202076,-0.5583805869999632,-0.32011693561443527,-0.12464446053278928,-0.646370345175349,-0.3934904687514201,-0.32426738662169985,-0.9417592352903669,-0.13947295403896715,-0.44425186319302906,-1.3316527131687594,-0.26406973216490476,-0.5129569134210362,-1.5871009649890218,-0.35576540673613904,-0.5598737527404469,-1.8057043146289946,-0.4213551401576074,-0.12670080847864296,-0.9807837532682968,-0.14835812905200307,-0.1522391523853675,-1.4497871565046216,-0.26733897925985867,-0.1703838976059782,-1.7509041606449531,-0.3464198315947245,-0.17730367444919226,-2.009213798380081,-0.3943872070528679,0.04753865322505744,-0.8976848855245879,-0.1757915947664142,0.02708784552789599,-1.1214388181120722,-0.3378032453984311,-0.043016771641960265,-0.8530477950572062,-0.3605745306701406,-0.07772832761940603,-0.6343158795202407,-0.3358140281003718,0.2016709737639419,-0.7395757639535232,-0.21805843914709647,0.14293772762066745,-0.8451432882117523,-0.3579568106843623,0.0626995393857966,-0.6498788873120953,-0.36431490643501474,0.0287793347605812,-0.4716780772080648,-0.3384304677252254,V
0.0,0.0,0.0,-0.23738908038677264,-0.12120486491793438,-0.15005684613961873,-0.39541327909744944,-0.38910457630279066,-0.24051905273985846,-0.29618206668175434,-0.5912306322727541,-0.33088559255537153,-0.13664930357088603,-0.7200577173179721,-0.4112145469708056,-0.3205900056138421,-0.9497716160210367,-0.12365013895223673,-0.45087437341864034,-1.340068667301285,-0.2524207699844714,-0.5328995344097617,-1.5877613344946526,-0.34680436427982286,-0.5904219738502859,-1.8010861955663662,-0.4120632139146128,-0.13598158124347737,-0.9811051405176892,-0.13762889526654254,-0.17538550972303255,-1.4461946078805563,-0.2652187002112342,-0.2061693480823043,-1.74537028454131,-0.35279879019249355,-0.21959505842760307,-2.0011485191682095,-0.40521393189461286,0.03484216129730906,-0.8942371359037984,-0.17072038534917028,-0.0009131668693692662,-1.1357117715481055,-0.3375339920107697,-0.08010899596469113,-0.8668332881605461,-0.35785261797889895,-0.1144192428655899,-0.6525385409566145,-0.3304333857434632,0.19117335853483686,-0.7332084519696479,-0.21859283575518468,0.12025208740202391,-0.8632454300668071,-0.3522955006773728,0.04050135558863839,-0.6704627121829909,-0.3511053687403913,0.013862488456712799,-0.49744499959025545,-0.3207377295238227,V
0.0,0.0,0.0,-0.22942505382983833,-0.1279442365810925,-0.14912356028371446,-0.3975502730496501,-0.39428920213837054,-0.23998054047571096,-0.3116781246082719,-0.6024705715287629,-0.331390356502281,-0.15194983937810957,-0.7413518345797442,-0.4129478719393324,-0.3065365873268047,-0.9502135763852624,-0.11835711124907769,-0.4308427731283461,-1.325921093271593,-0.2466436729463225,-0.5215752311601857,-1.5605840128464161,-0.3404603041749147,-0.5880393885234916,-1.769423900104068,-0.4045809934942135,-0.13214261491649387,-0.9824253180927851,-0.13182876656223907,-0.18087639481118947,-1.4564217356668294,-0.25953892010071544,-0.21510318789361185,-1.7437041116854386,-0.3447471202851516,-0.22600882892761917,-1.9900727349309768,-0.39540474317293034,0.032774374408381234,-0.8931709013083475,-0.16468069580123423,-0.014486240507199,-1.111826317659665,-0.3366879565337775,-0.10240021546934203,-0.836337551130066,-0.3600470769802611,-0.143651671986121,-0.6232301755164774,-0.33367606293194685,0.18717795198834428,-0.731821655840272,-0.2120372845426385,0.09793532690721816,-0.8352832132670641,-0.34847759851359095,0.007600063092183906,-0.6441147892911775,-0.3513009356867183,-0.027242381026286705,-0.4794329247571434,-0.32438100898331573,V
0.0,0.0,0.0,-0.23366520117327588,-0.12446613774472905,-0.1582997461483551,-0.4174992665398626,-0.3950275199414238,-0.25829617996143567,-0.36108168267334395,-0.6046148244899644,-0.35822588254705445,-0.2016397326723153,-0.759090646204484,-0.44840739725394974,-0.30223325110146737,-0.9570970349126381,-0.1293131248145429,-0.44342567107181013,-1.3480614259006232,-0.27207761610953296,-0.5374732264326296,-1.5894843335411382,-0.37390282139647096,-0.6075054528828454,-1.8046671699769485,-0.4404941916148247,-0.12086407763763371,-0.9824379712607334,-0.14215311238906594,-0.16721166394870035,-1.4701086314090825,-0.2829960042652065,-0.20153336755829154,-1.7665640301445273,-0.3774454651779774,-0.21784992326768746,-2.028276727364485,-0.43076712033962056,0.04563873091449307,-0.8904861582892905,-0.17569602047898897,-0.031464567346039425,-1.115198839683774,-0.3718774446826565,-0.1270803640592992,-0.8141848309057745,-0.40849563643207515,-0.17013872883392864,-0.587044522202984,-0.3836511242893749,0.19662419429391112,-0.7232764265788206,-0.2222853320929792,0.08702985013020333,-0.8211159534613938,-0.3812475119419331,-0.015791538978756132,-0.6040572357434385,-0.39209406224053567,-0.06112773659315393,-0.4204530147149411,-0.36526615355986297,V
0.0,0.0,0.0,-0.2332767338743938,-0.14559952790976835,-0.1505626852123328,-0.4267055855941009,-0.4181339057102008,-0.2522220802844364,-0.3838144056583808,-0.6236123839568787,-0.35617032530570064,-0.2105242215675083,-0.7380525669404246,-0.4509579983883538,-0.2843041890852049,-0.9670820039582219,-0.12308040258642072,-0.4232084618766999,-1.3614653392812448,-0.2656076545498808,-0.5141157295432993,-1.6070486063507927,-0.36641959770302723,-0.5811673780214635,-1.8250066838033292,-0.43169245445162546,-0.1012186766188065,-0.9851588999256858,-0.1386243896316587,-0.1384245625281988,-1.4647313339044143,-0.2778238523887376,-0.1692592197476569,-1.7619586510820822,-0.3681478252501534,-0.18196965235807724,-2.0223013691966494,-0.4180086672335106,0.06471875266246904,-0.8865650263131191,-0.17459703851226008,-0.01955400303262734,-1.111527601016048,-0.36619627453200865,-0.1179411799031516,-0.8152651362948938,-0.3991662470205522,-0.15875471749529674,-0.5859682593882837,-0.37116195592921886,0.21368135370601937,-0.7147766055258346,-0.22318730485289023,0.0930035202744259,-0.818834433828986,-0.3722975126877758,-0.008185493283593862,-0.6078263453909375,-0.37757515218206555,-0.04684156277940997,-0.4238097529018831,-0.347545318040227,V
0.0,0.0,0.0,-0.22893439069935753,-0.14686367141041629,-0.13309555498254547,-0.41865586818535294,-0.42417900969507305,-0.22539445609467423,-0.381818075263015,-0.6407105413560725,-0.32365472833619935,-0.22084482053672416,-0.7474238791138452,-0.4135920455728161,-0.26090134588326586,-0.9840867111284304,-0.09082954111450733,-0.38575130324166645,-1.3738710142504955,-0.22653082871089808,-0.46906330236705107,-1.606510407069764,-0.3224250917103014,-0.5406675326576164,-1.8088123262199978,-0.3806767130258813,-0.08643398877578785,-0.9899553625445806,-0.11188183835428805,-0.10396516142805227,-1.4829699795868578,-0.2419866227484975,-0.13687976035806246,-1.7641808237412038,-0.3221731061292283,-0.16377150632738144,-2.005440783386152,-0.3601250975046172,0.07338138179284451,-0.8789228669756864,-0.1535875937100125,-0.014856452675253587,-1.106738846840942,-0.3397662575790914,-0.11665919539029497,-0.8218300527551863,-0.36987112735290006,-0.1655357840358868,-0.6058513369444749,-0.3358564106817791,0.21477255492640102,-0.6982825257536547,-0.20598910518558516,0.09970999394480655,-0.8378806444632114,-0.343386609771927,-0.0033722713470063334,-0.6366937283781394,-0.33885785050592515,-0.050561067764749106,-0.4579765047613226,-0.3007572898707713,V
0.0,0.0,0.0,-0.21769587309229807,-0.15390602666335432,-0.13006640906680503,-0.3979387855823938,-0.4484380734335799,-0.21639888628174248,-0.3423615773114716,-0.6567159797558987,-0.30901364126277925,-0.17256027358245754,-0.7705834168949091,-0.39355180721463723,-0.21409744198272707,-1.002208149924612,-0.08126271712058122,-0.3129948224669279,-1.402998187582869,-0.20880498028027705,-0.3834389653665669,-1.6407954213846156,-0.30117149896082884,-0.44407778638798273,-1.845254215461525,-0.35810147635915485,-0.040703175009711545,-0.9939530158990937,-0.10198359539271484,-0.030393562442028496,-1.480259799573095,-0.22312822201282012,-0.04921577835433013,-1.759836850300694,-0.3011171320693981,-0.06629201845554993,-1.998995918375394,-0.3403174594309412,0.11100227558055792,-0.8734634179905424,-0.14417350223628453,0.030816027002877045,-1.1057964794301696,-0.3258188862721741,-0.07427558182444649,-0.8289691895192653,-0.36301111602142766,-0.1278273775754422,-0.613353119820191,-0.336491920045301,0.23816065500719047,-0.6870549594696976,-0.19665998750307648,0.12998267588451243,-0.8338353020937804,-0.33579131379640054,0.01261570885351391,-0.6378025368233048,-0.33881811313528665,-0.050604520281533685,-0.4573683449657404,-0.3081522605806404,V
0.0,0.0,0.0,-0.20741168728650533,-0.1890565493889678,-0.12390082536102466,-0.36182066160955795,-0.515177917083808,-0.20590239657386825,-0.28614753193011494,-0.7340733166048643,-0.29573568669233585,-0.10981423455113037,-0.8248190266836408,-0.3771204869829889,-0.11967101410839957,-1.0222197998255385,-0.0693797483926535,-0.18569036359496519,-1.4288358503616925,-0.19829435153374894,-0.2381373498855171,-1.6706871191540704,-0.29118925495557785,-0.2864752882603703,-1.8753340295208676,-0.3454768961196416,0.0532319563363621,-0.9944674462960046,-0.09055858370197001,0.1074091866063826,-1.4799322494676368,-0.21439069307878142,0.10422377110985571,-1.7579162789795952,-0.2910715731002195,0.09540881993549254,-1.991505238620256,-0.3238181957245455,0.19922394833063195,-0.857278556502103,-0.1329185066049161,0.1141793574006856,-1.084628639632835,-0.31029881017259164,-0.011334963544482862,-0.8186777328397112,-0.3433422691805706,-0.07406715303881341,-0.606191551070436,-0.31036280442470454,0.3128079192694256,-0.6596325781462946,-0.18586843777511886,0.19774899588178052,-0.8104098909026162,-0.3132271714812129,0.07673238878442415,-0.6377162849735659,-0.31057821583416945,0.018728429541079006,-0.4708408190522209,-0.27455283032107997,V
0.0,0.0,0.0,-0.20059622396930568,-0.19997128873259387,-0.12199193110525273,-0.3485174983948465,-0.5402785251304156,-0.2060726644439026,-0.2833391687908853,-0.7711963808108898,-0.2997987291675431,-0.10128100186521063,-0.8477797784848414,-0.38422768906294935,-0.08615573796745055,-1.0319018096141768,-0.07128617041444965,-0.14310072115245737,-1.4453183842894726,-0.19864275574579007,-0.18510842750436335,-1.6906920556317466,-0.2853285466186772,-0.21996980072311656,-1.9026243866131263,-0.3361555735765791,0.08452950375421173,-0.9916690712826259,-0.09719679036120973,0.14342361085160008,-1.464714948062589,-0.2262752105814175,0.15007494384869152,-1.739315591724232,-0.300479135198723,0.15147013903738538,-1.975396711810952,-0.3299593299902929,0.2260678868148896,-0.8509796494942642,-0.1444847903723089,0.13689412853735253,-1.0820272454701405,-0.32963821788904146,0.005748605476230327,-0.8151645097795817,-0.35644663434881374,-0.06030069839311077,-0.6022647759348883,-0.3159444803587928,0.3334748319223875,-0.654988426790741,-0.20241522025675812,0.22875288755291912,-0.8329997094871603,-0.3325665303822621,0.09807090358024947,-0.6653791439325648,-0.3252950348770434,0.028155397349499157,-0.5038881255173511,-0.2850367527073026,V
0.0,0.0,0.0,-0.19818391131782132,-0.17313431806083884,-0.13663072950507882,-0.35882125274742593,-0.4894282957018483,-0.23204942237379758,-0.3268276712434005,-0.7221839373413014,-0.3328153282179246,-0.15073059655699209,-0.8205377130029418,-0.42356094364897057,-0.10848853732438064,-1.014559830685569,-0.089619885466823,-0.1717283119647907,-1.4032472877737434,-0.21645965133647008,-0.22379136616603504,-1.6359803713418655,-0.2996619061802699,-0.25762233424896985,-1.8388731704265784,-0.3483241484226031,0.06625222723305876,-0.9917896257852818,-0.10937998249839827,0.08971837055859884,-1.4435948587868408,-0.23862397957145093,0.08706889341177307,-1.7224174438702249,-0.31232161274292003,0.09313511445989707,-1.9638111702972187,-0.34045406121257993,0.21221805242096345,-0.8607088146113719,-0.15051158047447324,0.08855967498107382,-1.0548033324970183,-0.3414067377736402,-0.04310647673056992,-0.7870218758171321,-0.37429389661513085,-0.10546799695669748,-0.5732404467377034,-0.33730628455271333,0.3216689375313702,-0.6687251085666428,-0.2025173746901198,0.1643984491498393,-0.7957826901547439,-0.3451081859726118,0.03278033687303871,-0.6115720180196247,-0.34697521960639144,-0.03402624400063394,-0.44088663926198646,-0.3105764560323251,V
0.0,0.0,0.0,-0.19793951946084662,-0.1841152370036391,-0.13791176720806508,-0.35906780087981055,-0.48629396017108817,-0.239568759086312,-0.351340244648924,-0.7105832080367679,-0.3487556644536628,-0.1951550578900152,-0.8369048514851299,-0.44715393901432077,-0.10503334449625984,-1.0166809209667118,-0.09460445919521418,-0.18191912077788497,-1.4211785727664645,-0.23284140441431028,-0.2400154738761028,-1.66537575604669,-0.32574220052468456,-0.2801017346411694,-1.874490267241478,-0.37901053749848856,0.06231839184872312,-0.9909733746899263,-0.11869367587638321,0.07574960790123322,-1.4628831691572535,-0.2594508374079614,0.07338947280263038,-1.76118897256914,-0.3457610657622052,0.08297598999387709,-2.014352440497019,-0.383596143377001,0.20335715931272902,-0.8618969860312254,-0.16448459746060617,0.06298672051473661,-1.0682107302495871,-0.3636146889147433,-0.0728774444742727,-0.8087884468563364,-0.3985791950504621,-0.1318674109844462,-0.6005595410932415,-0.361857202571747,0.30631672636604185,-0.6746798626969477,-0.22113265185135877,0.1505830256750716,-0.8397594552445267,-0.3621850714744871,0.020041176628312604,-0.6566208059061667,-0.35722383825672865,-0.04091267467999926,-0.47950878884640724,-0.31588107232352863,V
0.0,0.0,0.0,-0.1905067988245623,-0.18240523442418224,-0.13025185540444392,-0.34982582100959014,-0.4999244709648263,-0.22259647352372383,-0.33866612355868386,-0.7355540890422768,-0.3224857913393933,-0.1640590603770754,-0.8292436262379623,-0.412392512036017,-0.11092030522677913,-1.0241172843247637,-0.0823854857950499,-0.18255714969108958,-1.4143116959735897,-0.20513491675221338,-0.2341693167801702,-1.6475806499418622,-0.28625562819269157,-0.2692070228373842,-1.8516460078312398,-0.3347714890251821,0.06090723342163513,-0.9924487342573616,-0.10646980223463924,0.0968535152402373,-1.449092808105893,-0.23469699106730205,0.09364521642683728,-1.7330034889953405,-0.30992396360031993,0.09831746133758747,-1.9817285335420765,-0.3410242893368475,0.20643613024408256,-0.856178795948111,-0.15130569067670294,0.09558697151466501,-1.072286573267955,-0.34149267044447795,-0.04156355049143811,-0.8126804883849791,-0.3698508429978598,-0.10751236856422514,-0.6006086224810405,-0.3305676981180638,0.3126539630181997,-0.6598095063020197,-0.20651430348794525,0.17064953926586984,-0.8080871655450726,-0.3422265387891893,0.040990879504478404,-0.6356031741054285,-0.33660496925227107,-0.022294513066669644,-0.4702219746523835,-0.29708168064521256,V
0.0,0.0,0.0,-0.20591380498655953,-0.19929386697361098,-0.11728263168973214,-0.3687457705689651,-0.5191508298820353,-0.20069130136298635,-0.3420683096077609,-0.7546819224414626,-0.2941647971091577,-0.1703475138395939,-0.856421158427411,-0.37772232839771624,-0.11485945245190932,-1.0246192946708164,-0.059494530881101036,-0.18002287849141418,-1.414546498820459,-0.17594956092427189,-0.22965926843493284,-1.651928400009481,-0.25593779638946695,-0.264702508120998,-1.8585245447887462,-0.30291207525491387,0.05027663624805612,-0.9949763933795456,-0.08656925819834946,0.08713806331858,-1.4408188280809584,-0.20595233495910698,0.08552633217000477,-1.7272999077158209,-0.2776782614562356,0.09123906127377629,-1.9739521385114995,-0.3081923674676074,0.19316648559833194,-0.8624607765713312,-0.13454266539260132,0.08241373377854641,-1.0755439096667014,-0.3121095024196626,-0.05131993615916382,-0.81987937123145,-0.3380602103670055,-0.10942605786204378,-0.6112999030756818,-0.2999268930305685,0.2984370317799742,-0.6728961597137283,-0.1925413907073277,0.17063066624737508,-0.8452954290529553,-0.31327006966606324,0.04306980578928154,-0.6818851250401149,-0.3011166502503946,-0.015064829298235887,-0.5156791561552272,-0.25971992771442937,V
0.0,0.0,0.0,-0.2107412706819595,-0.1849986249860358,-0.11087738113177283,-0.3856424517162071,-0.487664844823515,-0.19556347565446716,-0.3838733722698116,-0.7164646332172991,-0.2927581555701141,-0.22737512511538127,-0.8482758291429647,-0.3799788710014847,-0.15647393090202286,-1.0176822579706464,-0.05033812417794796,-0.24537809028218008,-1.3991012265340173,-0.16744314739235666,-0.3109817053791462,-1.6279787692685035,-0.2491384750224781,-0.35983867899842115,-1.828514902872894,-0.29674626124411285,0.006448420248119626,-0.9965853620479236,-0.08231666919957928,0.023905855578298697,-1.4399873230029572,-0.20274102305604985,0.005976608062079066,-1.724625828918717,-0.27801015626164544,-0.004614994038930441,-1.9722706648724542,-0.31123833920436816,0.15207067087120962,-0.8782317220989129,-0.13532563090347072,0.01748194380592573,-1.0922772158698697,-0.31426314164193625,-0.11081713948940905,-0.839580606394729,-0.3440096553256723,-0.16243698721868907,-0.6365391298990125,-0.3089741645199727,0.26148832833964974,-0.702926247326515,-0.1974945873618407,0.11523942963080204,-0.8840942456091829,-0.3189255187339769,-0.010509426623506008,-0.7105656833842525,-0.30754784331526946,-0.06540389504754829,-0.5358754194089306,-0.26676158284312107,V
0.0,0.0,0.0,-0.21402425845686882,-0.19275183737747598,-0.11147173823982748,-0.38561715140105296,-0.46997480009965886,-0.2096854126632799,-0.4661941800402993,-0.6579606183408909,-0.320748745224002,-0.3714616895390843,-0.8248234312571233,-0.4242584076127716,-0.149459481114323,-1.0169268168368026,-0.09220177365387626,-0.2748871625345361,-1.381095817978887,-0.22840683423767574,-0.3670041275947358,-1.5987256444992757,-0.31931780761888384,-0.43382968284099716,-1.7959406547720584,-0.37124856147391205,0.013400208514900579,-0.9916171714322506,-0.12851388925894203,-0.03629569389945991,-1.4315809296676654,-0.2762585234866933,-0.0899622147814856,-1.7236841343307505,-0.3697290095398693,-0.12292422988755933,-1.9844475658983913,-0.4108690340376522,0.1495187830615182,-0.8806230809085676,-0.18196281649540694,-0.10729715102602623,-1.0715375253283308,-0.3838999257021062,-0.2498899406837634,-0.8269825832301234,-0.42419978284931276,-0.29876949810398606,-0.6241387733707541,-0.3910148049980546,0.2255167920162796,-0.7163603633182157,-0.24287827486803956,-0.035387203546915234,-0.8512637800202679,-0.3793993142202342,-0.1603233463150913,-0.6740438288191047,-0.37580651590717057,-0.1998572361011158,-0.4966252693021313,-0.3361096666920265,V
0.0,0.0,0.0,-0.22571394897183084,-0.20817168547145337,-0.0993028591576737,-0.38509911025911564,-0.4755487984334226,-0.19130880548197515,-0.46626337494253395,-0.664901113300867,-0.29759923487459805,-0.3807596296085891,-0.8353494027645959,-0.39554580640874204,-0.15414560092811538,-1.0042720615024616,-0.07013766686906824,-0.279976200118707,-1.3433077103012974,-0.2014299530515012,-0.36865929570262695,-1.548619207027987,-0.2936012090820376,-0.4321160909230599,-1.7325341570206079,-0.34971551451388455,-0.0031341641368420638,-0.9939555185748441,-0.10973879947300334,-0.06890928361067221,-1.4140968284348616,-0.25346284586874573,-0.1304544295959054,-1.693008803372728,-0.34886101283874366,-0.17281945380452451,-1.9320014294211618,-0.3966180544300776,0.11439150410956918,-0.901121202442359,-0.1658988673714672,-0.1360151802245491,-1.1100343090354239,-0.34703570135542305,-0.26453048005114516,-0.861123653912239,-0.372966098188908,-0.30761414789169444,-0.6628337103001942,-0.3407121353638477,0.1790558751493433,-0.753924303548531,-0.23097920424759816,-0.08582871648227305,-0.8851358310808084,-0.3557275499203748,-0.19825379472153828,-0.6905466301343596,-0.34881506593901196,-0.2281569039025735,-0.5092454662450914,-0.31186781058676555,V
0.0,0.0,0.0,-0.21424008130862243,-0.18089074666220822,-0.11031206624422417,-0.38884644049105765,-0.4860801612470666,-0.1916644561618176,-0.4041398025846439,-0.7249927379588541,-0.2868476913419003,-0.24654221922335595,-0.8777550450119398,-0.3713846392048093,-0.1772583352290332,-1.0037350960182283,-0.031119182993405027,-0.27611313101076007,-1.373873735524431,-0.1413976666718769,-0.3479291641867904,-1.587396248439506,-0.21913016871181804,-0.4013895415814504,-1.776166598031946,-0.26396215294362924,-0.016624503461326406,-0.9978402270957705,-0.06354924920190279,-0.01749314377209717,-1.4299339984029589,-0.18010249846253099,-0.047168886656332946,-1.7051588506822395,-0.2553080859116272,-0.07240096098337402,-1.9391875425125817,-0.2876100845467812,0.13011061906878318,-0.9010497403882345,-0.11865486662932281,-0.018153050419734564,-1.1127907282020157,-0.293426771198617,-0.13274643868415995,-0.8492263158913546,-0.32653803061715136,-0.17184537365162086,-0.6334216142132353,-0.2939061715112316,0.23824505611380448,-0.7543640156823184,-0.18361489732470962,0.07173111905906612,-0.929532507247587,-0.3015122525606025,-0.047651815384961355,-0.7616297670791984,-0.2952582512424222,-0.09504178516047604,-0.5896087154513104,-0.259268036489243,V
0.0,0.0,0.0,-0.2143722166479207,-0.14844735557901706,-0.14236312401640377,-0.388680610218339,-0.4348220423276187,-0.23540739559240745,-0.3581491025838354,-0.6730591721524793,-0.333887467333744,-0.1883783946175987,-0.8116390022322011,-0.4209615294157444,-0.22116073099576603,-0.9994092830939313,-0.0792651817439396,-0.3327236055256914,-1.3808747057764243,-0.20548441956564317,-0.4107719743439598,-1.6168093789375932,-0.295789080172197,-0.4664020331617542,-1.8210498948479463,-0.3497211282713031,-0.050803730426909964,-0.9941797276477926,-0.09500342156401893,-0.05098990664931284,-1.4378798222448188,-0.21758475975017522,-0.07202865548457998,-1.7245018308729068,-0.2987617248085535,-0.08083214440905502,-1.9730566983737812,-0.33888242216846076,0.10218530356305341,-0.882649213423856,-0.13370681180639685,0.009410302696745776,-1.0804913029216827,-0.3132428920965319,-0.09259393172232477,-0.8144719450597769,-0.3477679493435557,-0.13335677455157227,-0.5997381472597182,-0.3178063684467346,0.22937718446985153,-0.7111090420690361,-0.18462846931682383,0.11611267783835809,-0.8520577208319099,-0.3110698766567951,0.013320746214976488,-0.6755525406931089,-0.30727900841557154,-0.028637245820529105,-0.5068519049398252,-0.27240430200871824,V
0.0,0.0,0.0,-0.21900267921040362,-0.1341997288092071,-0.14635677164057662,-0.40111095713394207,-0.41517734305558707,-0.23780506431315138,-0.35577079372399095,-0.6537026759291843,-0.33252082893434254,-0.1795345919511954,-0.7899693182432587,-0.41638207451905707,-0.25044730677772875,-0.9879021430469325,-0.09496789826251227,-0.369454223347779,-1.3766283794584722,-0.22151366410082807,-0.4489477855052085,-1.6223975551317942,-0.30971883740731837,-0.5056676242314156,-1.8357178218342338,-0.36433788388884164,-0.07100582764209709,-0.9917019099245216,-0.10717039839861046,-0.0778967489957544,-1.4404108013701067,-0.23200743066469762,-0.10370141394898036,-1.7298784898897486,-0.31231842784245295,-0.12074545221202948,-1.9789213211576437,-0.352744049096789,0.08994888984102786,-0.8863270438041329,-0.14136365659367436,0.005818548219334202,-1.0794143731861943,-0.3211463822608066,-0.09146705848617297,-0.8129095464887736,-0.3545668876494748,-0.1331254456684109,-0.6006242645439459,-0.3258180670933667,0.2254229749690886,-0.7172749493786158,-0.188352012339427,0.1136834897787059,-0.8257889111375475,-0.3205744546975171,0.011429383234718564,-0.6413346200132597,-0.32286517321087016,-0.0331204672468248,-0.4721348820873718,-0.29242372879338,V
0.0,0.0,0.0,-0.22371212797164147,-0.13719935003814382,-0.1371124801954071,-0.40269365751410463,-0.43211149338294735,-0.22283419015230468,-0.34830443209189815,-0.654440930476843,-0.3126284290106027,-0.17057399335929951,-0.7729623093449708,-0.3928070574976956,-0.2381617673079722,-0.9899607648225245,-0.09127110020606868,-0.35677197020729134,-1.3831145000483405,-0.21324489979467573,-0.43373823381984977,-1.626271488360708,-0.29732026162631203,-0.48858466722926186,-1.837720799623099,-0.34896758640203107,-0.05341259413233991,-0.9928128534600349,-0.10709683838749443,-0.054117219870567515,-1.442197445185968,-0.22748806896966156,-0.07513637308914979,-1.7370687852921745,-0.30537844413750065,-0.08606211386191612,-1.9942674286719273,-0.34363840917418825,0.10825657357339294,-0.8840038001866741,-0.14341279134282192,0.01872560702639728,-1.0683123176322675,-0.3205707457216239,-0.08019501233466639,-0.7946820464715423,-0.35357349254382026,-0.11973970198284518,-0.5812663847981697,-0.3241940781207556,0.23832334428345486,-0.7114284272209939,-0.19135201354771283,0.11872818584865912,-0.8115028928810673,-0.3240739780222432,0.018442582675656034,-0.6183126459546979,-0.3245924149258579,-0.016977996618556066,-0.4435021408671829,-0.29178824707263623,V
0.0,0.0,0.0,-0.21804314571243857,-0.13869455094309074,-0.1398492033136196,-0.40595861661779997,-0.4225808232549297,-0.22897260591513524,-0.36914329420410413,-0.6423261644931363,-0.3228213298855159,-0.20002538168268755,-0.7779323357358815,-0.40687109564050367,-0.23903972800101322,-0.9904668029459538,-0.08970751412398766,-0.36159259319934145,-1.3811494174568923,-0.21638992149709035,-0.4404684621505116,-1.620999641883447,-0.304109182559868,-0.4995206922771885,-1.8304016848328761,-0.3572161143844859,-0.05736514652387737,-0.9927748144216131,-0.10539168759644071,-0.061839901688964714,-1.4465649148943156,-0.22959580535869448,-0.08318673626811433,-1.7332900288873547,-0.3104483712212007,-0.0955237084702971,-1.9860171420044306,-0.3501254184019844,0.09954587110698447,-0.8853974283488807,-0.142812419468429,0.00441249021665362,-1.0617079466877544,-0.3285033650991512,-0.0982510279857928,-0.7834989751579878,-0.3688210669509736,-0.14462100716398008,-0.5729815670838891,-0.34235262951663326,0.22859844132564527,-0.7132200209419065,-0.19124522395436497,0.10579704238153355,-0.8065374843038768,-0.3314064563642384,-0.0054278584080091246,-0.6026311599481922,-0.337498785068724,-0.058918422656847734,-0.4255071801862327,-0.30771072203684047,V
0.0,0.0,0.0,-0.21877776261515086,-0.15264298670744145,-0.12815166119400484,-0.40466620586772534,-0.44243013185259816,-0.21407987921698027,-0.3618523249276006,-0.6677493694687521,-0.30679049565065364,-0.18280819605392307,-0.7817858723036986,-0.3891203415202551,-0.21609708043989237,-0.9991608001090411,-0.07700554475506634,-0.33093401326807986,-1.3806401980787262,-0.19797945257895072,-0.406582134358013,-1.6143412497071097,-0.2834451665043279,-0.46268888257957413,-1.8198834871233474,-0.33720344108917866,-0.04107580438337282,-0.99425441701784,-0.09884802747032306,-0.037674855579609944,-1.4366599943262846,-0.2193565785363325,-0.05838319519542105,-1.7169164616698152,-0.29799633380822166,-0.06848840118407552,-1.964888518067917,-0.3368566201895509,0.11000686140852249,-0.8778783957328745,-0.14131058584439185,0.010853397392862904,-1.0726190410297969,-0.3207141739860115,-0.09990396643578835,-0.7951033904216185,-0.35253123010771753,-0.14653786039989666,-0.5819919981123038,-0.3216159998027572,0.2329247910099761,-0.6942274492066693,-0.19445608011411633,0.10735256333168783,-0.8165478849003863,-0.32788260834773536,-0.0063905367737061335,-0.6233468576680571,-0.3267261133911853,-0.056967986821205956,-0.4518455958813627,-0.29293402936164553,V
0.0,0.0,0.0,-0.22169229056670509,-0.15249994677962234,-0.12525907884521786,-0.4074925754842567,-0.42668789266141355,-0.21288131919381126,-0.37277578116426385,-0.6526159339148749,-0.30771895005867395,-0.20468557214159575,-0.77836990776282,-0.39251917481569865,-0.21810338820309122,-0.9939259113479579,-0.08214034481781146,-0.3382982436884974,-1.3758548820609338,-0.20157447014554275,-0.416836265964402,-1.6165556666894139,-0.28472683451054986,-0.4700253884060963,-1.8262272142920906,-0.3370059956807564,-0.040221490945010464,-0.9937220410581745,-0.10439701519361595,-0.03906496689740976,-1.4328912485937635,-0.22297041352724037,-0.05921964736166742,-1.716719943152198,-0.2999280683056973,-0.06497090676279789,-1.9630180159098076,-0.338353542512068,0.11617485344027582,-0.8844150617924476,-0.14624858627804282,0.012588965544012174,-1.0723177652859168,-0.32052617410526624,-0.09631494496253813,-0.8120534345731601,-0.35257578143443336,-0.14228138338113092,-0.6037818923807485,-0.32383620855177275,0.2444334200194109,-0.7089986431948451,-0.19853907909770582,0.11290020554821242,-0.8210902262138583,-0.3257218844817263,0.001488819697891135,-0.6365782703191647,-0.3234073453800174,-0.04940932154491181,-0.4669860213409062,-0.2899836264535979,V
0.0,0.0,0.0,-0.22539597321519184,-0.15745531271233315,-0.13980656854459741,-0.40680810045763766,-0.4206773459542908,-0.23814526160422958,-0.37274290553786354,-0.6481867821072494,-0.34210209129889874,-0.206243638426028,-0.7887414145046528,-0.4342475984505745,-0.21906797826166433,-0.9957424210449674,-0.0900279863453217,-0.3393390263191362,-1.3835427817441244,-0.22138938288431279,-0.4200074061924854,-1.6249258012446568,-0.3122535714998044,-0.4779561885875475,-1.8326852087209053,-0.3658858049208505,-0.03968389960671737,-0.9933930616428571,-0.10768200031497638,-0.039375447421620344,-1.4347516282714587,-0.23497986981824137,-0.061313508759063814,-1.7259463964564297,-0.31477326901216784,-0.07289464117731763,-1.9791412807313205,-0.3516927956581726,0.1181588245056824,-0.8795754963691129,-0.14736230441133255,0.014703352259366552,-1.0614770777904219,-0.3298113329470252,-0.09986269886249355,-0.7928980052259754,-0.3586824936208648,-0.15183392268910575,-0.5823459512964073,-0.3225791801025264,0.24871140550205906,-0.6988109482997991,-0.19875108137997338,0.1257936486900931,-0.8245956114415568,-0.3270260195274047,0.012919772555887362,-0.6407784557101877,-0.31806985496796003,-0.04323200345427498,-0.4711963709031006,-0.27652424270011206,V
0.0,0.0,0.0,-0.2292543218070476,-0.14078792831325024,-0.1555275836540302,-0.4221373697403158,-0.40317076801926205,-0.26629096835466987,-0.40317516549825083,-0.6301125655630839,-0.37938929071925626,-0.24411835047400451,-0.77534744450374,-0.48212267265455233,-0.23137868893804087,-0.9874492895780685,-0.12549937089488836,-0.3644348047877524,-1.394071528918651,-0.270956830982986,-0.4504948428104009,-1.6510779558444904,-0.3666987435267485,-0.5089698249473439,-1.8690818773436129,-0.4217882165272029,-0.043005145770793944,-0.9893240448079611,-0.13924256462033574,-0.04934367198522438,-1.4553840393415929,-0.27818746826302193,-0.07385774841911401,-1.7671974012428575,-0.3576161354548308,-0.08795529649832619,-2.0299140096041177,-0.3916838724130678,0.12198716651856095,-0.8773751135140676,-0.1753338977301137,0.00626014115145539,-1.066348857594796,-0.3682473707211355,-0.1110803192566343,-0.7925257564255181,-0.39494792867673495,-0.16501298044060217,-0.5739253169015675,-0.35458476079815754,0.2563147584493915,-0.695614334344689,-0.22423555436635628,0.12285500899699708,-0.8282917722849791,-0.3630746436708749,0.00417188831665752,-0.6321782813180643,-0.35334370977479224,-0.05484238964977216,-0.4477137121924331,-0.30836533272900074,V
0.0,0.0,0.0,-0.21981433801306863,-0.1438084395370136,-0.13663072144967714,-0.4100639233043873,-0.4182337045275389,-0.233387511266288,-0.39154662569789367,-0.6522514377073264,-0.3360983588758002,-0.22061672575379324,-0.7897014899532336,-0.4287635983402842,-0.21615625352405768,-0.9911867235282135,-0.09596645664069678,-0.3431526220226717,-1.3779159704006738,-0.22275190560627559,-0.4265598786579641,-1.6159975882603823,-0.30827196493138564,-0.4860249795273986,-1.8256629811542058,-0.3603457804991663,-0.03423400781776068,-0.9926781724246191,-0.11583643079986368,-0.04649486766141675,-1.4417401489499542,-0.2457638066128288,-0.08108039878459655,-1.7319272993918178,-0.32677508284028933,-0.10157447388015288,-1.9869735518463827,-0.36428643222997414,0.1315496886111987,-0.8865544297740502,-0.1558780376162407,0.010052323383417106,-1.0725502167840673,-0.34201240272755734,-0.10394289961145475,-0.8000229778505886,-0.3728842682770439,-0.15301714028612762,-0.5869766566703534,-0.33844885880545217,0.26894091314890506,-0.7121356027509351,-0.20682380413035087,0.12285872719209023,-0.84222963857119,-0.3391099213018999,0.0061880644265135025,-0.6486118894961825,-0.3321777418644834,-0.050464184025513024,-0.47075597037467526,-0.2928717033919689,V
0.0,0.0,0.0,-0.2167635894646158,-0.14566061070405123,-0.1474721540826716,-0.406091209938796,-0.42110895182151276,-0.24744408939344129,-0.3897498064223666,-0.6438539020941351,-0.3518352862225973,-0.22336110381900282,-0.7765691250607138,-0.44372329506893765,-0.21638175513172278,-0.9917211651263734,-0.09323661625672101,-0.3339622494106209,-1.3691144922770238,-0.22740556299665227,-0.4147145947596455,-1.608008229682127,-0.3183636390646865,-0.47363608485089675,-1.814887269335896,-0.37136087933617434,-0.036369648207316856,-0.9934096689179597,-0.10869442667214292,-0.04438292754408087,-1.4417869720034457,-0.23997355164691475,-0.07204630367680964,-1.7372828540105456,-0.31746927465273456,-0.08955313999719502,-1.9882987514738775,-0.34987882447104446,0.1244397457291768,-0.8792654532327254,-0.14730502596125225,-0.0009433825168383754,-1.054276561446853,-0.3351321509803317,-0.11692465392374354,-0.7788858209226774,-0.3600816463600932,-0.16912553719275555,-0.5584524976598095,-0.31749954376450634,0.2523856395716734,-0.6967450708730867,-0.19891806637548382,0.12009850421439633,-0.8241326997654552,-0.3293245999625658,0.011459983637812664,-0.6489358872385736,-0.31849151238178147,-0.04106173493580246,-0.4858513274678757,-0.2738958370463987,V
0.0,0.0,0.0,-0.21875198694710596,-0.12841300838244865,-0.135802914127819,-0.41041675157248436,-0.4233880691877514,-0.2281953184370614,-0.39984464868821074,-0.6538230192433067,-0.32630845798196245,-0.23668357573299167,-0.781478088645768,-0.41273975667843754,-0.19514306190199127,-0.9978398980083845,-0.07813516197993861,-0.30462874152624847,-1.3836454872685764,-0.20926723658332796,-0.38044561632230584,-1.626542248888793,-0.2946129406727322,-0.43570995264739487,-1.8266601122753896,-0.34273985091504194,-0.01300510354860186,-0.9948315323499745,-0.10070297673798738,-0.022648388597752263,-1.4495950384750302,-0.23105553100580856,-0.0505369045761591,-1.7468334024158658,-0.30503495604546066,-0.06983753245791041,-1.993824050468667,-0.3315814853011966,0.1479672670294794,-0.8747813693963391,-0.14655748763194348,0.009515701804389435,-1.04997844483683,-0.3338934295487944,-0.1089995638351911,-0.7726516907609898,-0.356874391044522,-0.15658657840678902,-0.553890607601063,-0.31078458947672083,0.2718235453191829,-0.6894078763292848,-0.20427484810283017,0.12307872929246584,-0.8335547339739774,-0.33370639605595387,0.009870335971771305,-0.6495967061279656,-0.32062249804044873,-0.035004235189681654,-0.47737421041255,-0.27315349797025473,V
0.0,0.0,0.0,-0.2361042015122378,-0.12408701233623094,-0.15070104737554713,-0.4348225123854726,-0.4047331268036105,-0.2484132991652512,-0.3973087486354228,-0.6203103409775967,-0.347873360299761,-0.22670016875756605,-0.7384648663188527,-0.43603510701956244,-0.23039885980595776,-0.994987153819728,-0.09393758732065646,-0.3465692598737455,-1.3725612010935913,-0.2239566496135515,-0.4268280069938054,-1.6076864367892987,-0.3144406459682478,-0.48379355786241734,-1.8054896897432764,-0.3694139039621705,-0.04490254837186367,-0.9933070925776821,-0.10641795423980056,-0.05960308423976442,-1.4357829052315312,-0.22835877173482522,-0.07750681001531294,-1.7207208792037003,-0.3030409673236487,-0.08667979995930351,-1.956408619028414,-0.3372032633810762,0.11188444416247731,-0.8724158190041255,-0.14301350049854206,0.00501691322721987,-1.0430445169734108,-0.3258745712214755,-0.10952288973784674,-0.7676997202052432,-0.3603202687121487,-0.16402446159669112,-0.5522128368349368,-0.33007429445284153,0.234753710144024,-0.6860606198205753,-0.19246768108139958,0.1036784408865597,-0.7923354981479331,-0.33711075455040407,-0.015599373217715233,-0.6042465894785273,-0.3432976981462273,-0.07549247894645181,-0.4359880434088419,-0.31166927857006965,V
0.0,0.0,0.0,-0.21849041492774657,-0.12206360286283312,-0.1314937235765032,-0.42131521537432287,-0.3861371098012029,-0.21706200952692953,-0.39597926362447344,-0.5746241389222009,-0.30934206639820544,-0.238366228665725,-0.6700337649684265,-0.39232076471974603,-0.2533138954009242,-0.9861288424660708,-0.08056608954421168,-0.3872443661131052,-1.3731702836235515,-0.20409903743397428,-0.47190633307785673,-1.6033286967425833,-0.2902309430465155,-0.5395388783195744,-1.8053885933661573,-0.3417060355797505,-0.0692935631075172,-0.9925325841895548,-0.10038660983352693,-0.08736194139404431,-1.4531422455989218,-0.2154091022562536,-0.11303053426231689,-1.7440874348019528,-0.28854303215477994,-0.1338724692852118,-1.988278991696823,-0.32351148951579134,0.09123608454500882,-0.8827964456044027,-0.14223764751548612,-0.014691596037843984,-1.0466236371256217,-0.3142661047442444,-0.10987412542060965,-0.7692626275709971,-0.35186669033915635,-0.1542547683449856,-0.5568318410249458,-0.3263037219646147,0.22206094435336177,-0.7097869932197366,-0.19587648141423575,0.0984452297079344,-0.8000547153943341,-0.32736359532605824,-0.013174594594666227,-0.6008089818419242,-0.331156018895235,-0.06948789723541215,-0.42534522068552383,-0.3009989853341553,V
0.0,0.0,0.0,-0.2148719978320173,-0.1181258695988229,-0.14224186706339412,-0.4255577018681303,-0.3493572401944969,-0.24752592678266583,-0.4576267093685136,-0.5323746939502326,-0.3600133781467048,-0.31652161537568335,-0.6555142821223732,-0.4618783659365619,-0.26756763095292735,-0.9619989890984895,-0.09891461924364767,-0.42533673955238904,-1.329645218704505,-0.24658257991484658,-0.536535193695599,-1.5381052790596288,-0.3487915555505499,-0.6256480462347284,-1.711546691553144,-0.4068014683883508,-0.08475088715294012,-0.9895752473158153,-0.11643932766309083,-0.13390925919880653,-1.4211081006878619,-0.24979497197642522,-0.1791837122365204,-1.682789448701617,-0.33612277236352345,-0.21448826095126006,-1.9056952856961122,-0.3776625541952698,0.07996059946660673,-0.8975211173302832,-0.15637573468832544,-0.06637524585289564,-1.0080381450524452,-0.3365703898225661,-0.16180985745004528,-0.6978624706571614,-0.3722589525025902,-0.20049589535650164,-0.4715984699502446,-0.3436967771582566,0.21419545817445015,-0.7363149514966373,-0.20936258364738927,0.0630455462782747,-0.7728028526588112,-0.3422300428079394,-0.045325285453715454,-0.5630974233011509,-0.34640129847086404,-0.09624289235267923,-0.3945459985447789,-0.31439292210294645,V
0.0,0.0,0.0,-0.2190421159887121,-0.11277163013882537,-0.1393063856952872,-0.43994646559731126,-0.34336916143132934,-0.24304185684871302,-0.47909780007439784,-0.5333495240855013,-0.35404926031254247,-0.3397978554596864,-0.6563824000208656,-0.45453741266406794,-0.2809326375183517,-0.95738389117783,-0.10329881587196227,-0.4404013235552397,-1.3349025762203177,-0.24913127538550134,-0.5519255509862415,-1.5445540713840422,-0.346143307452266,-0.638946974691426,-1.7187701592862106,-0.4001231486082085,-0.09700211953862475,-0.9878376176306036,-0.12152131499826592,-0.15323029999387383,-1.4399814745208304,-0.25430335298478673,-0.19975731790922854,-1.7023313242859157,-0.3359370380617955,-0.22977626562774184,-1.9212943942168965,-0.37310030064509553,0.07120850131507882,-0.8983542269363278,-0.1608317582603677,-0.08417017394432123,-1.0158464571427732,-0.33967830576592983,-0.17787091327757484,-0.7087412886585424,-0.3680803422276498,-0.2139362998275313,-0.4835453227001324,-0.3338852718205253,0.2099948753051869,-0.7365774976806443,-0.21288190977159402,0.04885081951221878,-0.7787741641362261,-0.3411889750544543,-0.05608513504916832,-0.5652011711733925,-0.3377001464002833,-0.10437124545827726,-0.3927925184022146,-0.29995928842729147,V
0.0,0.0,0.0,-0.22461254812227424,-0.10939253323564294,-0.14353444653245842,-0.4428608828837277,-0.34606791201634873,-0.24573014934705092,-0.45465897802659155,-0.540754024282622,-0.35281807715809455,-0.31236054119635365,-0.6612477798281471,-0.4481259853620515,-0.295891037082586,-0.9660711780232637,-0.10362188010055283,-0.45136603175460377,-1.336174272129636,-0.24250455475542385,-0.5613672941993264,-1.5435408804833552,-0.3372244749198656,-0.6490673566392101,-1.7181759430791614,-0.3911198836000098,-0.10484846539880975,-0.9868755104150508,-0.12281500823005169,-0.16188886498224883,-1.4243138341135846,-0.2495164663525967,-0.20635427680224455,-1.697498951821445,-0.3274977803256896,-0.23784175857810158,-1.932120827880321,-0.3646262001613966,0.06385406418779757,-0.8815562687024044,-0.16442758260984733,-0.07590516605756474,-1.0088500814264783,-0.3443803053545676,-0.16560714485874575,-0.6920088890904422,-0.36938816452010526,-0.2021945171965836,-0.457435349857577,-0.33285801445423613,0.1983832701683789,-0.7062341326511586,-0.21891004001093392,0.052532889009975436,-0.7976031226619904,-0.349490528420848,-0.0524986673495434,-0.6029631131667443,-0.3412692568548317,-0.10652177258159641,-0.4382265389159625,-0.3012410336502902,V
0.0,0.0,0.0,-0.22779858723492322,-0.11662568904741281,-0.11092968967531336,-0.4481546190129819,-0.3772905595905078,-0.19422564947500073,-0.4217444184727863,-0.5678806507969011,-0.28895053628964545,-0.26597541158255367,-0.6664914270768386,-0.3757356431093413,-0.29584374552192655,-0.98563356275301,-0.07619542820728095,-0.428104172985428,-1.356734853552619,-0.20101674050875126,-0.5139719952678845,-1.5724827250778668,-0.2850979157495746,-0.5909578427351925,-1.761295993195651,-0.334680158430801,-0.11656942111413807,-0.9868639141200863,-0.11185340883807443,-0.14079052382635926,-1.4518431548555268,-0.23460743523233724,-0.175944832551714,-1.7262466771718779,-0.30352097490261515,-0.20603441567437097,-1.9693449435897845,-0.3312608876214082,0.05135865803118848,-0.8762558358932198,-0.1676792132594035,-0.05801539918077939,-1.053501252793942,-0.35004115131281477,-0.14856946366693152,-0.7459219735364081,-0.3732164808466864,-0.18811776792080312,-0.5240660751456598,-0.33155741555237966,0.19478959540033,-0.6956298578708966,-0.23301106197865515,0.07650838551176649,-0.8191824149214838,-0.36277238282419705,-0.017844478013063287,-0.608043722995664,-0.3503140558859304,-0.059807920207294696,-0.4318983849643278,-0.3068363488080401,V
0.0,0.0,0.0,-0.2337274409117725,-0.09825049452574523,-0.1440348817561912,-0.4571249561709334,-0.3418924352074182,-0.24779547882258168,-0.42050107802039194,-0.5362561326342911,-0.355831848637108,-0.25021812500366347,-0.6251483899426793,-0.45612114427850026,-0.3283026481677192,-0.9548474569530978,-0.1441575983927709,-0.46338246052079585,-1.3426558185229227,-0.28698568763453663,-0.5547407340833127,-1.5721573134738405,-0.37893929218015476,-0.6372222795834398,-1.7761929586281249,-0.43636443983854756,-0.1380963815650258,-0.975552562083162,-0.17095785448941855,-0.15663839616098357,-1.4627510109921351,-0.311623910529434,-0.19890441123013808,-1.7512120014499981,-0.38950801634539123,-0.2375643942988185,-2.010701239484876,-0.4251858728036224,0.03686822765803583,-0.8708855404211971,-0.21684400372934662,-0.04797761872356326,-1.0734441980072473,-0.411538196817427,-0.1380812617123336,-0.7708976373679107,-0.43621043938088183,-0.18047257066568578,-0.5482985137708398,-0.3972499888899071,0.18907915031109235,-0.6892692533459195,-0.27512701799485995,0.08381864799764935,-0.7831504276433231,-0.42375916138892084,-0.003632888242318996,-0.5681738244678379,-0.42070521547818357,-0.041425753045763,-0.3875241506325056,-0.3823596037522802,V
0.0,0.0,0.0,-0.22767255539693704,-0.1035748691756489,-0.14558907473136815,-0.4251958849309955,-0.3268897846187088,-0.24223745083447917,-0.36857457343424044,-0.5331467582171252,-0.34155581115888867,-0.20998859073890777,-0.6382980722551937,-0.43216137945709504,-0.33477200893080716,-0.938372494882506,-0.1429399553723562,-0.4680638794342979,-1.3104869390399618,-0.27721355163037653,-0.5545948620136536,-1.5281703165819454,-0.36499452797543064,-0.6301675214567304,-1.7284870497808458,-0.41910490013231155,-0.1471726080695794,-0.9754762986663597,-0.1636649448543488,-0.16086878073214775,-1.4459302884715928,-0.29264911257282766,-0.1966703708859941,-1.7240491820590127,-0.36563706827045434,-0.2270238595186942,-1.973156914527718,-0.39925093849995785,0.026826339448137525,-0.8838036600171167,-0.20256035678239423,-0.028537386396948874,-1.0156751296927928,-0.3765822594958658,-0.09939851114757525,-0.7297310535311051,-0.39559757421113967,-0.13220048559873868,-0.5149699365293509,-0.3564605556417433,0.1749334676434348,-0.7202645872845096,-0.25539157309807614,0.10330207424598771,-0.7658189808976948,-0.3736844417506693,0.022477009531606272,-0.5709789726819096,-0.3590584938911145,-0.018484908627891965,-0.40396548359431705,-0.3173203053911569,V
0.0,0.0,0.0,-0.22953631715551903,-0.0922826762903516,-0.1583944239191103,-0.4253405769704805,-0.3264948822872934,-0.2634637302461738,-0.35003741306999886,-0.5373195003246436,-0.3678691488814023,-0.19079299643968622,-0.6611424011458527,-0.46173147518562563,-0.33310961879651296,-0.9511820398744765,-0.15927683122896985,-0.4541550769707654,-1.3411679432639818,-0.29556912591082957,-0.5340653837501961,-1.568620411652394,-0.38428470641219475,-0.6023621706813964,-1.7748790286252603,-0.44000931104846897,-0.14172276300407316,-0.9741055397058611,-0.17616201622609948,-0.14891581170222534,-1.4630384587509377,-0.30810820438074915,-0.17790259966077124,-1.7400829953116481,-0.3824737526753539,-0.20176675578483444,-1.9881816742022393,-0.4187435407798733,0.03540216117659171,-0.8741315651339517,-0.21167614077888153,-0.0013392771120068973,-1.0522284514609757,-0.3940279394698185,-0.08711033583684948,-0.7673282608868857,-0.41216219894396305,-0.13548136995259538,-0.5538547022708951,-0.3730013258283669,0.18920686844088913,-0.7056144815591479,-0.2610816297649505,0.13073937922417864,-0.8000502813941758,-0.3925278496871327,0.04727236787239698,-0.6007453714070342,-0.3789489356532888,0.0011469999431189136,-0.429516100968114,-0.3369957337457849,V
0.0,0.0,0.0,-0.23055563004280188,-0.10148953650648318,-0.1479498147841753,-0.4296009282348778,-0.3436217853682349,-0.24190361426647639,-0.35524862172225036,-0.5295399346830064,-0.33791121416489156,-0.18904467471295403,-0.6297386870021641,-0.42384956165061394,-0.34523292279649626,-0.9458479859887506,-0.13642298059050603,-0.46475177672504614,-1.3405785912741714,-0.2683992210283275,-0.5467929684646369,-1.5480105234055828,-0.35498008303090617,-0.6117830151741185,-1.734875064441033,-0.4079156294493074,-0.1561379286873507,-0.9758882580705781,-0.1525223097949825,-0.16619681673048378,-1.465145784463141,-0.27282692044867674,-0.1891657875916417,-1.734307494247553,-0.3447998783868336,-0.1995381023191498,-1.9728060511652972,-0.38204022961774187,0.0198285923498538,-0.8847339588417777,-0.1875783892401475,-0.0206736322502683,-1.0402887325833867,-0.3559203885493128,-0.10079025987722263,-0.7633519630595054,-0.38191858196814327,-0.1434975741306925,-0.5523947192220374,-0.3529313502058053,0.1682723390316947,-0.7255651523534586,-0.23694700094992388,0.09425169234497734,-0.7492682363489328,-0.36271689391760253,0.015431145683895,-0.5499590159796662,-0.3607058242438009,-0.02249042729170911,-0.38018239184077274,-0.32933038198903963,V
0.0,0.0,0.0,-0.23397444216640678,-0.10678358069325793,-0.1365925762784641,-0.41473188800225474,-0.3694063491943102,-0.22597322112976348,-0.3242909655177401,-0.5496730801516088,-0.31834233017858915,-0.17210318341572592,-0.6441984231969774,-0.4022984581898632,-0.3237072953720135,-0.9636204595778007,-0.13122390670886702,-0.4451258253223421,-1.3697845822593455,-0.2650635312999498,-0.5259760510607866,-1.6083087506805058,-0.3558781540741214,-0.5983379151805517,-1.8039940924981164,-0.41001438059518835,-0.13206434308898213,-0.9793023731140462,-0.15338145682471896,-0.14771788303570205,-1.464489483542906,-0.27866165348380495,-0.17044671631976382,-1.7597533141315131,-0.3570288460560489,-0.18689312869916047,-2.017300597998766,-0.39614890614659604,0.041238259713817456,-0.8764923654136075,-0.19295466060880467,0.008974100531901515,-1.0843001116128335,-0.36626124683065614,-0.06374349217296092,-0.8039919153658982,-0.3899562114252255,-0.10390704924769419,-0.5886736376705998,-0.356094767373261,0.19253597925186938,-0.7053511313800822,-0.244285329359973,0.13510677533598858,-0.8049360783188441,-0.3740775619832487,0.05969866759151954,-0.6061331354163048,-0.3647138274854828,0.02314861418879716,-0.4321941384096302,-0.3245091657609983,V
0.0,0.0,0.0,-0.2254998375584592,-0.10106549118386607,-0.1444077800065354,-0.40351862038005637,-0.3475653608870811,-0.24108583232397196,-0.31406895337951135,-0.5164568291394148,-0.3386245540243729,-0.16371465477960856,-0.6085477275035952,-0.42752177885648207,-0.31712961545000323,-0.9598202056900299,-0.15314637708879505,-0.4340465054766928,-1.3553781916803884,-0.2941874854516909,-0.5149001649483157,-1.5870794610563548,-0.3915209510204463,-0.5876948232917427,-1.7838780585215916,-0.45251975399579625,-0.12909009054692802,-0.9764228646665739,-0.17301484872376566,-0.14114761516009178,-1.4440306870329997,-0.3079744229246623,-0.16697869958087871,-1.7421323545751912,-0.39287853338698375,-0.1855361336257899,-2.0080559611018476,-0.43766703613081726,0.042430471542295047,-0.8739990259242668,-0.21020019362649786,0.028109034331729604,-1.0645145007398105,-0.3896244888523152,-0.051477256260191666,-0.7801529356489075,-0.4146685602073364,-0.09364471287508695,-0.562458899856352,-0.3818494003062644,0.1914788778080416,-0.7058436195112935,-0.25965672319201455,0.14520534866683793,-0.7867745369792473,-0.3950027852690236,0.07345842274086571,-0.594254787094955,-0.39035648725880845,0.04390977219335248,-0.4328982954465234,-0.3535165869216378,V
0.0,0.0,0.0,-0.239488261333153,-0.1068935497190638,-0.1429501416725136,-0.4172230198432533,-0.3576950477423189,-0.23309369260905516,-0.31053830345406735,-0.5229789829880277,-0.32437765785303896,-0.14573026522489058,-0.6075690492914526,-0.4075234070832378,-0.3127878175425558,-0.9634369624936268,-0.1333958073688876,-0.4230081429504709,-1.3494987819163526,-0.263191220257982,-0.4987026844094456,-1.5772782381105828,-0.35369858001080395,-0.5627510497822893,-1.7792545245545712,-0.4103702274348285,-0.12217776160257013,-0.9812133498624755,-0.14930826039253356,-0.13345916011198874,-1.4454022943715945,-0.27095827011274626,-0.14998212857814053,-1.7371217195011441,-0.3482754329298603,-0.15723976754196914,-1.9973758057999529,-0.3895374794512229,0.04934394351652076,-0.8785136426016004,-0.18329826745715974,0.034945126302416245,-1.0584521478154567,-0.35539398931491367,-0.04222287359088707,-0.7798242893365537,-0.3872656315073701,-0.0862588477870124,-0.5649704013838145,-0.36105144550682483,0.1996354470477501,-0.7077087154713179,-0.22940564782721815,0.15202982630420445,-0.77265734729533,-0.3635850944117419,0.06735199554218493,-0.5842848661260764,-0.3657322602697273,0.02292118601324143,-0.4209223231922728,-0.33464602096046364,V
0.0,0.0,0.0,-0.22610053246799675,-0.08559161157921119,-0.1422674792046617,-0.3969129429837639,-0.3336607474101856,-0.23057075244381864,-0.30116726674034455,-0.4896908260558273,-0.3195834175086767,-0.16048176840267553,-0.5952815564279087,-0.40105810971679356,-0.31359498139727954,-0.9571023155063125,-0.1418722794936088,-0.4239721449950403,-1.343705073520453,-0.2725450155021175,-0.5006813725495327,-1.5752760614902002,-0.36114880687055184,-0.5691233300826425,-1.7788053662163164,-0.4158034841422061,-0.12142692813834788,-0.9795920376818487,-0.16017159808532935,-0.13140269264685417,-1.4583367846137198,-0.2863911638856322,-0.14601770661724492,-1.7538753221633756,-0.36560919091355965,-0.15630592707493401,-2.019388371898865,-0.4065942164987006,0.05472673486779161,-0.879385627470599,-0.19533620297029627,0.04435410177600213,-1.0607890241673847,-0.3737158723587169,-0.03207464757462358,-0.7689226515394479,-0.40225805576767404,-0.0824345359961863,-0.5497827159710962,-0.371754032300116,0.20718585761729374,-0.705769296269574,-0.24173114706289828,0.16611803443569464,-0.7814745087564821,-0.38101210099771077,0.07919067905718577,-0.5757073002041203,-0.3776608171382081,0.026063477470255555,-0.4037910652944792,-0.3410835253689384,V
0.0,0.0,0.0,-0.2367871486460415,-0.07578174221800338,-0.16336133777952314,-0.42007774421849114,-0.3319901815766278,-0.2584378312670185,-0.3271505307749458,-0.49316940336180964,-0.3503887854410579,-0.17166228242340842,-0.5730760273024965,-0.4324952257476135,-0.32865722278630277,-0.9493845220220264,-0.16118444016306346,-0.435179843858948,-1.3588829824726743,-0.3016520442740161,-0.5056652589869857,-1.6075860177211903,-0.39492628566736954,-0.5676268172218528,-1.8214831304661518,-0.45347551198933195,-0.1294873997691679,-0.9763664519897369,-0.17303631043798967,-0.13384483898734892,-1.46387754079333,-0.30885998411355237,-0.14399736550379394,-1.7715913281663127,-0.3893849896133083,-0.1516266103160287,-2.0421243009869987,-0.4306618901852055,0.045784893917995124,-0.8782979863177381,-0.20460749736297212,0.04818674597799652,-1.068963350498584,-0.39643897792513483,-0.01909360602288567,-0.7546422780897636,-0.42206855098659407,-0.06063438044482249,-0.5179108029629081,-0.3865694219333715,0.1991264239746198,-0.703640074025372,-0.2498599995545583,0.16868243402445615,-0.7795599041059234,-0.40915385624340783,0.08588275976984715,-0.5657924405207986,-0.41272975651730687,0.03492921523797241,-0.39225150560548727,-0.3774482528395245,V
0.0,0.0,0.0,-0.2380764498199472,-0.09566309379006813,-0.1562364136517519,-0.41550972068671954,-0.35891039947273273,-0.24301153784103924,-0.30665023641725503,-0.5247866756318783,-0.32624608900164875,-0.1335819374607938,-0.6056322308229163,-0.3995039588893027,-0.31739610073420704,-0.9580117510897448,-0.14031249987581176,-0.41963413513411724,-1.3569336883879095,-0.26948226075301,-0.4857344747376393,-1.6016229093160295,-0.36017754251525325,-0.541697909781159,-1.818342151303489,-0.4201915669013403,-0.11472232138132057,-0.9820982068444354,-0.14940515750744918,-0.11359920064559077,-1.469266902533487,-0.27070357388514177,-0.12031233384051075,-1.7723180120992807,-0.3485459716561382,-0.12598401566962622,-2.0370494972443884,-0.391961225119229,0.05889273954218801,-0.8790323521281165,-0.17790335868932053,0.05232024678812026,-1.0672021409534298,-0.3522979225942378,-0.016669230226136898,-0.7676858463919358,-0.3801413362647481,-0.05684121387095894,-0.5392236839241722,-0.35211922912271193,0.20971136470407634,-0.7005674213186369,-0.21991092818291597,0.16655611246737914,-0.7768034415542742,-0.366192285767832,0.07784181362359574,-0.5690559247782374,-0.3705730296579618,0.024922732300137876,-0.39629383032591015,-0.3399444011809537,V
0.0,0.0,0.0,-0.2358398164676407,-0.10701179464321091,-0.15619481548308656,-0.402198615223541,-0.38374928725029755,-0.24277887033552356,-0.2888541376794579,-0.5464550224291043,-0.32690261764745376,-0.12180960348853873,-0.6113865341337376,-0.40218775810835566,-0.28699506214037523,-0.9639388305314212,-0.13861320594309118,-0.3731439960163687,-1.3689280447839578,-0.26603706145997463,-0.4278062445010803,-1.6114094339880647,-0.35581145188400554,-0.47377125839344697,-1.8233080818411962,-0.4152765236204608,-0.0864622364235246,-0.9852903991456677,-0.14740119071436658,-0.07169311020578767,-1.4612035879133627,-0.2686538547975494,-0.07219682127340286,-1.7591240835387005,-0.34717980122282516,-0.07389571536917026,-2.0210058504562856,-0.3909980031783635,0.08158177702113824,-0.8802352009753485,-0.17572663685338963,0.08087839073837115,-1.0754555627911748,-0.3491918599688757,0.010926316027349801,-0.7801420973782511,-0.3784068260960608,-0.032947734313641876,-0.553449832756132,-0.3513290466777914,0.22581943020096895,-0.6994761787196493,-0.21761540809389882,0.194653769603108,-0.7896080263900315,-0.36338154195037764,0.10774761435871537,-0.5921420354694362,-0.36954463881561883,0.05285171277693658,-0.4214428932522455,-0.3405193917222776,V
0.0,0.0,0.0,-0.23645861293725196,-0.10226904493538823,-0.15447525809838758,-0.3995432158764699,-0.3762836790566568,-0.23856431004806108,-0.2802992345716163,-0.5422933007541189,-0.31889420615922764,-0.11382477750976851,-0.6088843120253141,-0.3901644193390829,-0.2996678866070454,-0.9673008954737341,-0.14072661149639873,-0.3844802686698106,-1.3793135009763382,-0.2638321374582241,-0.4336451088643478,-1.6253261368607785,-0.3482812503546737,-0.477583128753449,-1.8378239016710247,-0.4040874066233962,-0.09519736129135663,-0.9841819434354802,-0.14941005527983744,-0.07667699540697978,-1.4487733734534969,-0.26994840235512896,-0.075425734945226,-1.7474712260910692,-0.3447732405226798,-0.07787582752890901,-2.0094867900865543,-0.38453369241983126,0.07484090668592805,-0.8789187796286899,-0.1770885991774554,0.08082980252504791,-1.0585079994370226,-0.34914395978331364,0.009797957314907456,-0.7720623646413741,-0.3742741628014372,-0.033859055447351745,-0.5530419878799031,-0.3439136296308601,0.2196069599442778,-0.6997263918987782,-0.2179762878015142,0.1942373469706061,-0.790434878220137,-0.3636715182163986,0.11121871609924347,-0.5949151208954965,-0.3672209881162872,0.061883648324355486,-0.4271852354285615,-0.3352990940158204,V
0.0,0.0,0.0,-0.2363968323468259,-0.11276472923095333,-0.16885028512127545,-0.3912003440300175,-0.3900383480658837,-0.2590904516132722,-0.2528452541773074,-0.5648956252165527,-0.3436656377331658,-0.07531458615888763,-0.6510382445400742,-0.4179823976427261,-0.27419215134320296,-0.9756489740202463,-0.15170517691941343,-0.34867058049806016,-1.382615167270597,-0.2841632706125184,-0.3900563514463533,-1.6340496009845649,-0.3771797639670803,-0.42477798218947743,-1.8599471285582936,-0.4403644058366375,-0.06538627748981868,-0.9853330146012159,-0.15761816219238314,-0.03722987949125917,-1.4679545246556374,-0.288790833968058,-0.02785989788070287,-1.7697010720714519,-0.3708439076255352,-0.021227763685257518,-2.035267048134239,-0.41603086453941973,0.10414555526516443,-0.8696021728719142,-0.1842906009944455,0.12854702598406129,-1.0758506776427958,-0.36940899930591925,0.04816593293871042,-0.7786757664144883,-0.39519264622077277,-0.00316503873933918,-0.5545559059641609,-0.3635120031463141,0.2502781054807226,-0.6789979389372072,-0.22527514382691907,0.2392398106133208,-0.788176883759329,-0.38232489672812514,0.1429175020860258,-0.5850411856980292,-0.3882960179171944,0.08070493162984646,-0.4143682497908152,-0.3572020683386858,V
0.0,0.0,0.0,-0.23365589099731693,-0.12439513593070045,-0.16270259789358257,-0.3918225369978944,-0.4072090269165933,-0.2454602933453525,-0.25483501098176586,-0.5682122263477213,-0.32389625341481443,-0.07411396615563212,-0.6281055436791819,-0.3925187106930939,-0.2719620983889329,-0.9751637014408177,-0.13175487796122778,-0.341338025377394,-1.3705264330303293,-0.2525117269981348,-0.37850974202324295,-1.617329223406774,-0.3399639602867862,-0.40826949600556495,-1.8392574714386372,-0.40245467578412175,-0.06813192773278795,-0.9883164790103378,-0.13633993450204757,-0.03937277238173546,-1.460065423908345,-0.2581995021213729,-0.022587055438848383,-1.7503792327028982,-0.33810152641689417,-0.0070838725553191255,-2.0035958907852858,-0.38522197144679926,0.09643236652246429,-0.877369989565584,-0.1616329033113559,0.1157655170128893,-1.0760928836136021,-0.3372921866841387,0.044560601969316126,-0.7732863962595393,-0.36669396975709057,0.0026961299933945557,-0.5486798705162146,-0.3418931225031717,0.2393152820808353,-0.690981933779497,-0.20132229516588035,0.21293113335913855,-0.7756731592696803,-0.3540432059754029,0.12311260187134263,-0.5685261652568359,-0.3662269801870138,0.07077471859113878,-0.39527608270891007,-0.3426285222206651,V
0.0,0.0,0.0,-0.23262984937978082,-0.12955442226172056,-0.1610867213368326,-0.40061290809425154,-0.39034245704851006,-0.24655692484551078,-0.2938497298813235,-0.546574610401396,-0.3274739095127139,-0.12363731641089615,-0.6134085672648412,-0.39793613588760046,-0.2835199578684927,-0.9748546462220214,-0.12434481073056962,-0.36873077937779714,-1.3624165132463872,-0.24423090582413914,-0.41689190922528374,-1.6037247845407105,-0.3314875779245097,-0.4555023633713871,-1.8210112764905904,-0.391298879920965,-0.08740676806718913,-0.9878033211465328,-0.12885905334096073,-0.06607884592497215,-1.4551788724506527,-0.24568617014448102,-0.05914043432667825,-1.740255095545998,-0.322096233629316,-0.05547666860478523,-1.9885058473858164,-0.3660141475502092,0.0736862781051689,-0.8755935358722939,-0.154746833133244,0.08461889676910617,-1.0434652339265247,-0.32381469458703255,0.014290356725286389,-0.751296835859708,-0.35369875607264395,-0.027192559989659134,-0.5379210304802917,-0.32971153601002007,0.2114344892542725,-0.6895064461295516,-0.19474113086855466,0.18553692525013402,-0.7728442669956671,-0.3343010407589363,0.09014409875793244,-0.5692823339550087,-0.33822337201382385,0.03372964490085767,-0.4029088650912363,-0.31064787590764265,V
0.0,0.0,0.0,-0.22695507197203457,-0.1215704585884353,-0.15790972124727362,-0.3903698390968615,-0.3934414194134748,-0.24536139786667469,-0.2728182647401077,-0.5434472048765022,-0.33011236365221164,-0.10034664065128555,-0.6000014591180537,-0.4065174503760098,-0.268577290368338,-0.9768859007039669,-0.13199378860580177,-0.3457996109168659,-1.357990054951556,-0.2555644662539047,-0.3898568213988568,-1.5986667188773624,-0.3424396031849962,-0.4248281242634571,-1.8109752092505562,-0.400474809213771,-0.07296408419430586,-0.9874670749232973,-0.13994648391479206,-0.04773401274434221,-1.4365533368198582,-0.2600670807042167,-0.04349219632464803,-1.7235377948178765,-0.33396065423718796,-0.04321979382107064,-1.9722092827628963,-0.3729600249186464,0.08927855221961006,-0.8739188069116216,-0.16878736212102394,0.08901393865933435,-1.0535598375416608,-0.3459728625902171,0.01713104400009297,-0.7635574797822164,-0.3793438796882932,-0.02436297259970458,-0.542244760440309,-0.3527008518210101,0.22284608861243105,-0.6857015181704984,-0.21065093250368863,0.1895418301263696,-0.7697360064282722,-0.3590463934100919,0.10556249600765095,-0.5768190377085052,-0.3682624237458162,0.060947218263694314,-0.40733394709592136,-0.3401302078100482,V
0.0,0.0,0.0,-0.23296090618541623,-0.11472939801453835,-0.1721447958262984,-0.3870485409445637,-0.3994542547341419,-0.265679624492797,-0.2515440677858017,-0.538561822870197,-0.3520620403365128,-0.06633616878362186,-0.5795156197858732,-0.43096191529088224,-0.2467956094844025,-0.9785314049425843,-0.16122734583552398,-0.3127402177687139,-1.3693109549709823,-0.29054501922895765,-0.3517233990600179,-1.620762507630491,-0.3782155616154341,-0.3791539168342292,-1.8435054873086658,-0.43720065980215,-0.03815054515466715,-0.9853327869267242,-0.1663244868070142,-0.009893472050242026,-1.4477559638877446,-0.29519423008266693,0.004266554392375424,-1.745689418016422,-0.37197812013411413,0.019808661266280527,-2.01196130754459,-0.41169743190654684,0.12919997992804538,-0.8659218194814398,-0.191728915171472,0.1562521846740821,-1.037803414035929,-0.3787876189089705,0.06786570877066758,-0.7485262050220682,-0.40998058136450655,0.0063544427120485044,-0.5341488947803533,-0.3800818805510687,0.2659193113414622,-0.6718085794727575,-0.23099589910005003,0.25462399623905774,-0.7470655084505974,-0.3908142052766568,0.15819369929628693,-0.546829113545599,-0.40005437068682637,0.09373888858561367,-0.381569734357429,-0.36982380443356105,V
0.0,0.0,0.0,-0.23669748950399835,-0.13355119964517548,-0.1622567728270488,-0.3699877720567633,-0.4315046874284991,-0.2493487894558112,-0.22163785790277205,-0.5876137938952668,-0.33230444498026757,-0.03805135238369382,-0.6425916449156831,-0.40725882637960154,-0.23630097935231908,-0.9853229067678473,-0.13878061335668956,-0.3011035639407713,-1.3809891121570401,-0.2639201445825958,-0.3399714086875425,-1.6365640056899293,-0.3537239045125048,-0.36895122913382167,-1.8563703094327644,-0.41712963958273275,-0.042223091854797105,-0.9879444424376972,-0.1489395487125193,-0.023471640574933447,-1.4467102506539544,-0.27546805740983554,-0.019397561638017553,-1.7469558269832168,-0.35821474349190646,-0.016599566376352733,-2.0040240255297372,-0.40463768365718,0.1144944020170049,-0.8697628313252139,-0.1795716476036842,0.11817804838913303,-1.0760692427923368,-0.35974663594299977,0.04863536516924235,-0.8052919991522524,-0.3897156098523641,0.0075489916351156065,-0.5856622597872133,-0.36294006730003975,0.2449726479866661,-0.6840984198051315,-0.22447579356547537,0.21823273266784357,-0.789627542869342,-0.38028704588156964,0.13431047886268815,-0.5981485572697981,-0.3898045469536426,0.0861405730205492,-0.4232146493365453,-0.3620827346009114,V
0.0,0.0,0.0,-0.22916866365862523,-0.14052439325097146,-0.1507016888180849,-0.37045698937989574,-0.4414202437973383,-0.23001455692305367,-0.24550807966071733,-0.6258984476682424,-0.30662853202440005,-0.07066559974117936,-0.7167282542033308,-0.37343115973556856,-0.24397447086695906,-0.9914462888347314,-0.10768143383208675,-0.32406306685496644,-1.3824736574820033,-0.2190007954150836,-0.36833545618767427,-1.630470261524353,-0.30247031568507715,-0.39733883758220523,-1.8389807470172967,-0.36228121249485956,-0.05969484020530556,-0.9912708961757342,-0.11755227112999471,-0.0616075433076333,-1.4414406694368738,-0.22815529216887653,-0.06628673225702152,-1.7211563691616312,-0.30428729644880304,-0.06576629813318995,-1.9552958248863284,-0.3488615714210393,0.09690003363729555,-0.8769011382894755,-0.14845947060399636,0.0926971742249735,-1.0984520166944607,-0.31159881124643984,0.017602448284485032,-0.8533109282231538,-0.34065904140193526,-0.026742354625563142,-0.6487626757226445,-0.31885311829228963,0.22917994622733268,-0.697647994555786,-0.1933128865829349,0.1942653193805627,-0.8328685548262037,-0.3347991829217183,0.11182810286289527,-0.6576020554608794,-0.3436916163750797,0.06755797004392895,-0.49039787455626777,-0.31985457447608157,V
0.0,0.0,0.0,-0.2285026388228015,-0.14077658955832256,-0.14812669424828953,-0.37216873365517666,-0.44312879566693136,-0.2252557653444863,-0.24728535247114602,-0.615259130002632,-0.3006615318603805,-0.07297348399136581,-0.692009354966523,-0.36730001149434166,-0.24313417985957733,-0.9920668506827368,-0.1046331317232047,-0.3252478850584155,-1.3863894218936528,-0.2125746816728961,-0.3724202823238777,-1.63485217909408,-0.2937669194886663,-0.4018651072779359,-1.8429854682691154,-0.3516649864365192,-0.05609617922433137,-0.9918731292941969,-0.11419682158698222,-0.054016049346534374,-1.4400981605513308,-0.22258476457904264,-0.05774859375493639,-1.7228582776153394,-0.29879089679441734,-0.05741526079000745,-1.958102234885928,-0.34281116516034504,0.10261595432797478,-0.8789872565356015,-0.14425185342549093,0.10582867279292814,-1.1076648228808905,-0.30880307077631974,0.03244957173643193,-0.8532743564119436,-0.34049012270287665,-0.012786024695632673,-0.641430311321567,-0.3185738674950494,0.23707780489269917,-0.7006390439005726,-0.18737352716291436,0.21004313836535773,-0.8354674781163186,-0.331813061867445,0.13121691404368124,-0.6530426487559288,-0.34170214635300433,0.0881824717257509,-0.47911739694922606,-0.3166718146612487,V
0.0,0.0,0.0,-0.23032706600959874,-0.1506750001405776,-0.13667469872032117,-0.36048171238246046,-0.47398465255597055,-0.20549067068163865,-0.21214096828867235,-0.6628585938894052,-0.27544421011637343,-0.012324655522494201,-0.7116534511470342,-0.3379904843645679,-0.23555927035052593,-0.9909403828868153,-0.08466256640034224,-0.31149833346514244,-1.3793170584641858,-0.1890871404502675,-0.35512278652856355,-1.6274059444197597,-0.2694843194518923,-0.3841630292101495,-1.8398730801494503,-0.3289040680956087,-0.049195829926746815,-0.9937904724814735,-0.09980113788363527,-0.038932011620102396,-1.439537451938,-0.20501969165945064,-0.045385028960362235,-1.7211975509280604,-0.27860696787757705,-0.04993951250039859,-1.9555737750355822,-0.32204544827725967,0.10423874444208198,-0.8815853353890675,-0.13514374054023084,0.11482467260435396,-1.1214441896845757,-0.2961632034970922,0.039390206647293556,-0.8658808152768067,-0.31977616561704625,-0.004827278127069778,-0.6492617292859633,-0.292939764026168,0.23111423757538627,-0.7031158753224869,-0.18335751775670614,0.21221275633789166,-0.8671415798861397,-0.32542866817802235,0.1347326431000337,-0.6813187346851775,-0.32980680281454167,0.09249484383370699,-0.49832621135517524,-0.30148496082840415,V
0.0,0.0,0.0,-0.22190293109558376,-0.1573516207155405,-0.1360585547865775,-0.3409189310193049,-0.4856339012334283,-0.19998586315222436,-0.1813386829790549,-0.6726829303624662,-0.26500478823786583,0.014485553128986053,-0.7433922844083476,-0.32214276062867836,-0.21791477281235605,-0.9921667169171616,-0.07799134518714429,-0.2916187071493891,-1.3737057008979896,-0.1797379615200489,-0.3308935696368429,-1.6198854179072264,-0.2563442067181998,-0.35539105741866833,-1.8307412974131247,-0.31268268554259493,-0.03203302998988734,-0.9953089912341624,-0.09129017996532218,-0.022747817077873878,-1.4257665862539124,-0.19746241159356437,-0.02559071728281964,-1.6988338538141317,-0.27017706868785357,-0.026795556473802114,-1.9262998566191498,-0.3110740217237625,0.11793661673765031,-0.8832132116750151,-0.12517991424696354,0.13036515292991632,-1.1098136100046732,-0.2912311510271765,0.06377801467083878,-0.8428109234845594,-0.31928766622593074,0.02666422627468057,-0.6206501572216907,-0.2935446919271168,0.24245568767280473,-0.7045292448935385,-0.17156939621362538,0.21686182350022978,-0.8276059913575099,-0.3201112597230576,0.13700865678867344,-0.6391345680590725,-0.3324339030750575,0.092491915139477,-0.4622269156481425,-0.30826057116211014,V
0.0,0.0,0.0,-0.21864414531581458,-0.16149861956447634,-0.132464149982922,-0.336093906688804,-0.48470629863600845,-0.19479433177444272,-0.17476583423927675,-0.6758490884467993,-0.25790167175661666,0.022905870620529734,-0.7465558537876955,-0.3124587809373982,-0.2176489353566749,-0.9936910766654597,-0.07721392930620727,-0.28552457637478407,-1.3773171819393206,-0.17687990609836957,-0.3224976289543432,-1.625480964335831,-0.2520914080561441,-0.3480864505378898,-1.8371185360368751,-0.3069826724366209,-0.032653229244722866,-0.9952931219655383,-0.09124345449391684,-0.02289679447456091,-1.438718153711065,-0.1930545480440437,-0.021406617950377203,-1.7163585142632098,-0.2642040525344453,-0.020094798248138996,-1.9452940592784418,-0.3048448706829292,0.1186744078592945,-0.8803141830276897,-0.12505066688790697,0.13738182221317577,-1.1132889296087916,-0.2867849760219749,0.08009593280906385,-0.8576035550820708,-0.31707940991232325,0.046865418466091345,-0.6426553008340262,-0.29449983201620183,0.24530901787957202,-0.7000043011135958,-0.170749246529954,0.22905575118102842,-0.8277907373792658,-0.31574318487572123,0.15229751828370916,-0.6446735824096983,-0.32762040362588335,0.10711583043141576,-0.46957193076957504,-0.3040322917772668,V
0.0,0.0,0.0,-0.22352713018367676,-0.16074780974816147,-0.14356436094916447,-0.3400323731147346,-0.48348642101688716,-0.21020110552036653,-0.17086892199348053,-0.673321209656561,-0.2756142206718896,0.02830013088879865,-0.7392933253022288,-0.3325946814491878,-0.22225795238005108,-0.9939567024982804,-0.08618784304892223,-0.2904089992366689,-1.3807923828705122,-0.18790816106237676,-0.3282577397042926,-1.6315436937084662,-0.2649669592588944,-0.35481734422745353,-1.8446064423423658,-0.321195944293397,-0.0325942176540107,-0.994807114980011,-0.0964179493697648,-0.032025516185597395,-1.4373624462411345,-0.20217754189097717,-0.032859034453635756,-1.7209121835411039,-0.2748172625381695,-0.03416094479629004,-1.955997384433456,-0.3153617915668886,0.12218486639670052,-0.8769355525165973,-0.12782303215681878,0.13823521411496434,-1.0969782511262602,-0.2957049251834759,0.07962200677594276,-0.8338502393374086,-0.3257165191109199,0.043215609802289695,-0.6178530713740115,-0.2999213249629128,0.25121716878051625,-0.6943107919254073,-0.17187123632483556,0.2437729446947245,-0.8377099336330602,-0.3202624597952769,0.16435831439185333,-0.6563501272920729,-0.3303563565182262,0.11217947951517294,-0.48378354800019857,-0.30426002301115573,V
0.0,0.0,0.0,-0.23430010826287495,-0.15133725900780748,-0.14823000544141285,-0.3490211151687163,-0.4790797810316726,-0.21422651233806453,-0.167231022196451,-0.6745548554158336,-0.27701815695397414,0.042082849663645526,-0.7306666597774419,-0.33112583624904146,-0.22818359557346676,-0.9925596373854846,-0.08894009946645404,-0.2909282951251884,-1.3840534245230023,-0.19242436618059422,-0.32553712081995334,-1.6354735987707945,-0.2715061329448104,-0.3475421145529487,-1.8505539883888678,-0.3303643622177234,-0.02779971814557297,-0.9950430907051607,-0.09547996287676307,-0.014957133227258092,-1.4385907270862248,-0.20322145363121452,-0.010200878532751631,-1.7253634530527107,-0.27866695212257697,-0.004650823079182454,-1.9671591364362961,-0.3212508132448138,0.13092388122318033,-0.8784211454364534,-0.12357999077683139,0.16397954498558698,-1.093093436527476,-0.29570569948435216,0.1045871059724038,-0.8230640539604911,-0.3269560845308627,0.06805621333454773,-0.5995154350310379,-0.3002116069139147,0.26163816693052616,-0.6947816678370717,-0.1642393155531632,0.26684382652642374,-0.8363482262055137,-0.3217708668363331,0.19266687478642278,-0.6509487378733686,-0.3365951805261502,0.14534561622753053,-0.4752962861707367,-0.3114713178339295,V
0.0,0.0,0.0,-0.2310675775821735,-0.15292797269640027,-0.1555542710597205,-0.341225058983286,-0.4870502465732896,-0.22186356610318608,-0.14516390889038436,-0.6844120791497956,-0.2815664862351044,0.075273115941079,-0.7387202759471403,-0.3312127010125067,-0.2187482813445098,-0.9979126513092499,-0.10072651767242115,-0.2731356653364499,-1.405425923386059,-0.20717417744385525,-0.304944417658327,-1.6713077573236588,-0.2875383655468619,-0.3277030798840587,-1.8992852843233574,-0.34796880435730404,-0.011387643580806813,-0.9946900387380322,-0.10228415521970388,0.008232624498898621,-1.4522905238914274,-0.21116070308448293,0.018283054486992075,-1.7443217413526246,-0.2842997022562978,0.02826217225011832,-1.9970568603687002,-0.32587688956010014,0.15129172900696858,-0.8712737334727708,-0.12592944195564187,0.20560998826550486,-1.102060874636515,-0.3004645813187941,0.14633421687680945,-0.8251417238919888,-0.32780830789236964,0.10646455814376146,-0.6037343278029962,-0.2979524933510171,0.2833497196934865,-0.6821425566527564,-0.16244276402383645,0.30316401827486655,-0.8450113660099232,-0.32688838565902156,0.23146241980936924,-0.6599552672233877,-0.34324486163882817,0.18431935162797852,-0.4916527288227071,-0.3180367557349666,V
0.0,0.0,0.0,-0.2285665321552511,-0.15171941832570893,-0.16115282269342715,-0.33353859456548357,-0.4776902933236103,-0.2345080955259963,-0.13908711703901422,-0.665659749626412,-0.3021478283847162,0.06838938969361523,-0.7320466290412515,-0.360348547871308,-0.20118280725873958,-0.9995327660891877,-0.10931749144290154,-0.2471275059417706,-1.40808686116698,-0.22223188542452788,-0.2711851068377587,-1.670385102609828,-0.3071718918863128,-0.28578283487954814,-1.898743877674577,-0.3694029872312861,0.00440802463418148,-0.9937236097650819,-0.11177636921227901,0.03244920019450795,-1.4471411730764099,-0.23065897655934184,0.054235100172951405,-1.7338151294979076,-0.3116619861561106,0.07465427124849995,-1.9834610758265343,-0.35751115567158687,0.16236730430602647,-0.8715977369157205,-0.13651683890267743,0.22093112398721498,-1.1007978164996428,-0.32181954864823903,0.1689449384702693,-0.8286322302315464,-0.35679685105128506,0.12656472595503676,-0.6011889267333328,-0.3297711999681484,0.2917474739294491,-0.6833832166040147,-0.1741010180777436,0.3280285637727567,-0.8517721256137895,-0.3421090949369447,0.25963336581639623,-0.6734593529143611,-0.36016089630569315,0.20172587982541781,-0.500720948687299,-0.3356599685859399,V
0.0,0.0,0.0,-0.2248531678604695,-0.17038695358929895,-0.13924373365439555,-0.33591235923747054,-0.5068365379847363,-0.2046201146873928,-0.15239440411268654,-0.6866425763203863,-0.26891723700914727,0.05328348601642196,-0.7471622726040932,-0.3251377347176625,-0.20024843097447975,-0.9944197679826092,-0.0925388379262801,-0.2570020714996451,-1.3901589762070372,-0.19790558106332837,-0.29067431861000353,-1.6446401882445134,-0.2782721824197782,-0.3103105447327167,-1.8657004500478487,-0.3384056453777069,-0.004642142644054845,-0.9945414162741929,-0.10423925281291485,0.02076985668860631,-1.447239642409757,-0.2103200358038162,0.03657777819726486,-1.732906215942622,-0.2834557969526997,0.05759465763292485,-1.9776206044687066,-0.32730389625576783,0.1483822023515352,-0.8738647767204206,-0.13615916861222935,0.19492790731699888,-1.1110712737946835,-0.3008911205387201,0.12695456814393327,-0.8432694642357406,-0.32368932549816465,0.08433821258967747,-0.6239820892909179,-0.2952434342123652,0.2730243570248241,-0.6841438546554245,-0.18039304916972176,0.2815325042940189,-0.8565716501238866,-0.3258846661872918,0.20660263633125533,-0.6822980884150173,-0.33130116596310993,0.16005013659635187,-0.5181634186408968,-0.3036171108024851,V
0.0,0.0,0.0,-0.22748255946933044,-0.16581504283100354,-0.145811138110302,-0.3352182681590954,-0.4942617150482427,-0.21424649540444113,-0.14673230956405595,-0.6798328232886961,-0.2805115780092752,0.06476219307479429,-0.7384276873745435,-0.33851572624558923,-0.19928771148255572,-0.9953944542524615,-0.0943487917107647,-0.2544949600924857,-1.3956120464314243,-0.2010050494409723,-0.2817812694087325,-1.6485935594281236,-0.28155132450322096,-0.2952677979016025,-1.8695187747202173,-0.3414791948586387,0.0007222978651548988,-0.9945973179465712,-0.10380584482234569,0.029226335524225037,-1.4523501688026261,-0.21456302191673007,0.047505090113557934,-1.7385876397089195,-0.29050213565524874,0.0682723297694014,-1.9815435813605868,-0.3349143935653431,0.15621669207051264,-0.8730329621777172,-0.13420938901933874,0.20162267083350052,-1.1077233187863331,-0.3067303704244605,0.13058003581219063,-0.837361753961475,-0.3331529372225625,0.08701636563599216,-0.6128840647997296,-0.3047348034022508,0.28295452233534735,-0.6831550085849991,-0.17705859263864498,0.294098607633199,-0.8525494671243191,-0.3303251934673896,0.20864337187094753,-0.6695448897528575,-0.33894086204499546,0.1541336175286716,-0.49455529556004185,-0.3118170857852172,V
0.0,0.0,0.0,-0.23119961904457706,-0.15895584747936667,-0.14749735134029796,-0.33904915970379906,-0.49569243812129754,-0.215141021286085,-0.1458404993188404,-0.6852253510149728,-0.28099972556950764,0.06106191769630414,-0.7573456038348215,-0.33919598175299925,-0.19321355854210231,-0.9954597170594094,-0.09755918179276248,-0.2532313169133913,-1.3962961476434819,-0.20287526380620988,-0.28913289210620896,-1.6491075008226432,-0.28265184202955995,-0.31207309164349445,-1.8717675023322857,-0.34196919054972524,0.009670452945057022,-0.9944598541120412,-0.10467129931024734,0.024963990291032048,-1.445978581478301,-0.21397852088725391,0.03743831875580148,-1.7288359759483922,-0.2877097749296093,0.05725519774226652,-1.9712408748308234,-0.32994136637718713,0.16767563201184613,-0.8731714739574575,-0.13264585936632833,0.20167416667267613,-1.1197506675430546,-0.3027543847350934,0.13107042589717446,-0.8451073761211988,-0.32578376267689657,0.08794981892802295,-0.617287698469099,-0.2945888639520057,0.2981863902145193,-0.6802571289278264,-0.1735890491421896,0.30958078151078944,-0.8556333028595632,-0.3259265279853826,0.22998445014624205,-0.6764548812042243,-0.3338011142063887,0.17661050953193835,-0.5036400175319118,-0.3050391620792552,V
0.0,0.0,0.0,-0.2338975549245686,-0.1612602138276997,-0.14208996464023474,-0.3538733764282082,-0.48252542466197323,-0.20888044255886232,-0.17322113330457892,-0.6490155739122302,-0.2744210313589158,0.022867812340846432,-0.7089975257171199,-0.33304734798699864,-0.22515466878810725,-0.9823837089586985,-0.09896233873188535,-0.295468626576867,-1.3750040773088792,-0.20469219923406742,-0.33417329987572614,-1.6275807088788843,-0.2868293768510499,-0.3575715594924459,-1.849098703054964,-0.34906007362877267,-0.023523296503149865,-0.9937838814295518,-0.10881291987829163,-0.009072345202321707,-1.4321347235072992,-0.2163158700894595,-0.0032695428816774466,-1.717154185143706,-0.2925825128640189,0.006854808951546037,-1.963059725125991,-0.33930921646923146,0.13648917443686162,-0.8829480745255749,-0.13867127133688065,0.1686093123771368,-1.1138194944006927,-0.30067943400339975,0.11042635655051339,-0.8378572281015315,-0.32584712211171185,0.07823673122908802,-0.6102466651854473,-0.30059232227921073,0.26914442301840147,-0.6980068035997302,-0.1814188881295649,0.2696603264238015,-0.8547925552766801,-0.32450269783506136,0.1948309008494852,-0.6776219531457971,-0.3327700802063263,0.15180992999127332,-0.509087784099439,-0.30805418632436615,V
0.0,0.0,0.0,-0.2478372227225615,-0.15229172847224304,-0.151762050647994,-0.3783589176972982,-0.47456255522894414,-0.22891599820177874,-0.20661902447869918,-0.662868901950868,-0.3028619461797118,-0.007941841859710969,-0.7365185623196907,-0.3691978431149236,-0.23325443400168494,-0.9894741983816938,-0.1224496889898488,-0.29987856362745635,-1.3971530196035509,-0.24160154577268256,-0.33695130060446005,-1.6566383728234209,-0.3322971325194518,-0.3569958371548502,-1.8797543835460966,-0.39888524588520663,-0.02465338650737586,-0.9911746583845251,-0.13024978737041357,0.001498727902567746,-1.4422911413948523,-0.2471703419305786,0.009412659726026597,-1.7431506607082285,-0.3299904501115562,0.022833487967053968,-2.0039260322213397,-0.38093175592953626,0.14143410870760498,-0.8748975481619629,-0.1576313414425236,0.17141810691828047,-1.1143090182492068,-0.325521509472327,0.09910710218528536,-0.8468664316055163,-0.3479633847432184,0.057284323303197014,-0.6203924946462576,-0.3198927888248308,0.2817546890570924,-0.6855554517858887,-0.19864838476977661,0.2833769599142467,-0.8505004825022259,-0.3507754491586535,0.19586483602487778,-0.6681051120609619,-0.35760799534037707,0.14060994175474834,-0.490171037782086,-0.3289066274721702,V
0.0,0.0,0.0,-0.24852164537904106,-0.1423698338783935,-0.15687075016617852,-0.38546298187495,-0.4567775664066744,-0.23438275542235676,-0.22860326795285263,-0.6475725152051696,-0.3080183250763642,-0.04014731920158231,-0.724509151665642,-0.37324996962035045,-0.24000125863806793,-0.9867873226334918,-0.11116243792045406,-0.328102464183679,-1.385753873640805,-0.22457321766251412,-0.37579781268372864,-1.6406438821959788,-0.3111507791621077,-0.4053219573909566,-1.8538478029400123,-0.3729735912697899,-0.035740215737793825,-0.9926569489664202,-0.11556305052954358,-0.020501433088207593,-1.4497036179863343,-0.22331847689446718,-0.02183578337933791,-1.7369802257125289,-0.2981082226732775,-0.016925358361156828,-1.9810261962952227,-0.3429474954381442,0.13202552942546303,-0.8786728560736167,-0.1414402443631134,0.14505308593529598,-1.1078760235187246,-0.30048006320608106,0.060529350463619146,-0.8446170233594337,-0.3206744452292005,0.01267792244789051,-0.6269012484677174,-0.2927151820517781,0.2707425444982152,-0.69061537852521,-0.1819942075135911,0.25773711420324863,-0.862219523629609,-0.31611477553385037,0.16523398791084484,-0.6821830979731642,-0.3148208903023405,0.11381326256721369,-0.5100513124115466,-0.28447692946725983,V
0.0,0.0,0.0,-0.24334022145880357,-0.13856168472715716,-0.15431878997920037,-0.370647565906954,-0.4634807299180857,-0.22793447118086985,-0.20495753853014861,-0.6641212804828522,-0.29842692056377207,-0.01355267009140097,-0.7563816830695107,-0.36104198348793026,-0.24813470229847037,-0.9781637050691129,-0.10799224106652518,-0.323399348881282,-1.3806897188730909,-0.21653027941472056,-0.36473535686578007,-1.6337020942663223,-0.2977795688483691,-0.38663715567349827,-1.850587657823239,-0.3583310229655773,-0.03969171497943399,-0.9928554764874657,-0.11252808791958871,-0.021300092612463357,-1.4434909580132864,-0.22260587785321223,-0.014963104683527476,-1.7325584542211614,-0.3027933638328737,-0.0036090870481867193,-1.9863584724166552,-0.3522138283995386,0.12552752857591684,-0.8892512156883237,-0.1375691843315121,0.14770209830298758,-1.1221243562959355,-0.3067063949351703,0.08689776081588771,-0.8474936874988669,-0.3392216277893898,0.05083621847924956,-0.6167572843740539,-0.3178830300058618,0.26324904820151235,-0.7172556370872724,-0.1757257002970813,0.2501109975750162,-0.8725788360308913,-0.3302299155773596,0.17601947680136656,-0.6878699856911058,-0.34627617287941587,0.13289061821342207,-0.5077683377734132,-0.32484985423013335,V
0.0,0.0,0.0,-0.24259289290130936,-0.14741529121462663,-0.14822585445522157,-0.3667834244655045,-0.47044159414186976,-0.21848592770851472,-0.20235431702991916,-0.6711498913487107,-0.2867990072223507,-0.01852899125625204,-0.7606918482731433,-0.3470529844519252,-0.24132210093622464,-0.9800751960342287,-0.10278590111098146,-0.3117207807547757,-1.3808885351181817,-0.20657641325348014,-0.3516196926857826,-1.6338792144767011,-0.2846334594210294,-0.37440608426085936,-1.8535550611965266,-0.34385563135913855,-0.035829030450490074,-0.9932821516198833,-0.11003112218982838,-0.01786449752293775,-1.447784454324202,-0.21835201624601616,-0.007550010509113907,-1.7371419019783592,-0.2973850970160513,0.004743123557200454,-1.9900300735743555,-0.3470024912961739,0.1264774626297659,-0.8850799782886588,-0.13702508656280024,0.1643638752230705,-1.1218149994879991,-0.30270458901072334,0.10514652913741784,-0.8601236171952317,-0.33353624717484165,0.06106971270342059,-0.6421848871783521,-0.3125981808632589,0.261558920963273,-0.7063056797225172,-0.17670511161453226,0.27326743747486265,-0.8707541856586172,-0.3241722153682172,0.19984582465945108,-0.6970217855938765,-0.33671786275863236,0.14829316845360166,-0.5265799037242715,-0.3151095497270631,V
0.0,0.0,0.0,-0.24172088684484244,-0.1524458592231003,-0.1518039233508416,-0.35779043002189265,-0.47630807814785936,-0.22237370533242884,-0.18201208546311476,-0.6834572823929544,-0.2902671335354116,0.005645581574324617,-0.7801098909011959,-0.350156363814687,-0.24203209163090317,-0.9734305598947223,-0.10891474661131224,-0.3163157489133767,-1.3813575375704872,-0.21836664845118936,-0.3601749554983882,-1.647189020136395,-0.3000526147044436,-0.38193842543261736,-1.8735200331066242,-0.3609227256602141,-0.0350129989377285,-0.9930339024904123,-0.1125067038449207,-0.016379489347048568,-1.4458539913297999,-0.22578891212480806,-0.010983895172026357,-1.7431789651960132,-0.3064940715167441,0.004327734615009972,-1.999599012699601,-0.3558875463892255,0.131692771431091,-0.8937229634092742,-0.13576393460768818,0.1782311736790198,-1.1461011870832747,-0.30305755674328266,0.10689067513227032,-0.8910343194037059,-0.33207858408627516,0.057193376991424204,-0.6694005106142273,-0.3080596914200524,0.27235733473053186,-0.722118325796251,-0.172156280849668,0.27949043975094173,-0.8887219359601587,-0.3223901452698858,0.2171587390812577,-0.7287392519087987,-0.33718920246811623,0.17988109051441567,-0.5641115264017394,-0.31430967166332036,V
0.0,0.0,0.0,-0.2373064209710832,-0.16756053147447494,-0.14261302866538386,-0.3564210407140746,-0.4955604101702383,-0.21061990169577652,-0.18620527212634827,-0.7201327008902696,-0.27878688952696823,0.008258274045626101,-0.815966020317807,-0.33765211003967904,-0.22724096884290867,-0.9789679892283552,-0.09282702619954693,-0.3020053585175038,-1.3838173800627962,-0.19571335600024312,-0.34407356023627594,-1.6447987659560777,-0.2723931876560888,-0.365550331427283,-1.8670246194007958,-0.3288959790353183,-0.027877831278834996,-0.9948087586750584,-0.09786909719915879,-0.0012391237341252367,-1.4529472396364773,-0.2038447743856773,0.009954980764387927,-1.7410609713221525,-0.2780247989976134,0.025309911673372293,-1.976239003513496,-0.32329613066362134,0.13104768544225132,-0.8949994512467958,-0.12260178128031209,0.18056044052170617,-1.1535086234097243,-0.2805187685227438,0.11163239231153242,-0.9143634330779938,-0.30623281799831686,0.05811931806064269,-0.6951300683566661,-0.2808925904711168,0.2673250028341314,-0.7243975234336127,-0.16040422841492757,0.30620150436932775,-0.9178078634863603,-0.29460759556879185,0.23809698780002866,-0.7720226505918825,-0.30259989459911996,0.18294999694833755,-0.6048061893419188,-0.27786841236006826,V
0.0,0.0,0.0,-0.2315763504787766,-0.19700229338791103,-0.13787420530580258,-0.34783947823657185,-0.5370127506038871,-0.2092327503827526,-0.18782507416124317,-0.7729426022931385,-0.2836657719340821,0.007248402912821556,-0.871131093288957,-0.34882878388824895,-0.18794741340570195,-0.9942492638243664,-0.0821539393023782,-0.2556191691567222,-1.391196060099082,-0.18900536222619535,-0.29793256470914076,-1.6414002377782873,-0.2694202548629846,-0.3205434222628324,-1.8608067439235036,-0.3276032702870316,0.006076511343723522,-0.9957087512786236,-0.09234261549822834,0.03950827506979557,-1.4445451954567914,-0.20341384207715965,0.046703006572144885,-1.7319073041323088,-0.28153600847817817,0.06586823850206319,-1.9658033152127732,-0.32931093868438244,0.1620227408980732,-0.8878633528250416,-0.12314717478101059,0.19965291124406426,-1.1615379199109426,-0.28083245916185906,0.10318960091647679,-0.934498776830691,-0.30295709221433775,0.039691389293759705,-0.7255199647136691,-0.2756954688182726,0.3025834292121952,-0.7107211585434385,-0.16727875102610204,0.32540877508641386,-0.9250391907349578,-0.290916345381886,0.2316000290422202,-0.7854794150297345,-0.29113616137918774,0.16432705976386322,-0.6223785102095276,-0.263486406864009,V
0.0,0.0,0.0,-0.23435188836527301,-0.19917720719545978,-0.1401362771578209,-0.3527261909250474,-0.5404204529200972,-0.2074497145677386,-0.1989142313168892,-0.7949195280465535,-0.2772113112536329,0.00017920128623754718,-0.8888625879837403,-0.33769490950707665,-0.18549784084882207,-0.9966938480534885,-0.06584965337419753,-0.25288013615207827,-1.3932930139714736,-0.16568792961599904,-0.29580205857881814,-1.6405808445132923,-0.24436285664604537,-0.31695725257508767,-1.8588915056332151,-0.30421995354171805,0.003153701559817282,-0.9972667095643701,-0.07381845406892575,0.02968613953303098,-1.447075347982336,-0.17866004604322094,0.03615486398993993,-1.7240910546796249,-0.2558362842893528,0.05702920215867573,-1.9489185554000146,-0.3056246093637048,0.1560567972453985,-0.8904467715517069,-0.10377424307102864,0.20065139894255743,-1.1983961460188135,-0.2625427216632355,0.11524932945727992,-0.9648481522128224,-0.28917337379430724,0.06194357644560722,-0.7426724086423122,-0.26643909402450866,0.2965897808247121,-0.7145179177710245,-0.14715306474134018,0.31405768736851086,-0.941192276590497,-0.28132603495793235,0.2240691096267275,-0.7927016107819095,-0.29075067659539755,0.16235877611085323,-0.6148123913609738,-0.26944759633586385,V
0.0,0.0,0.0,-0.23643661681106026,-0.20242068535778945,-0.14850526957294194,-0.34866635564927323,-0.5408692130238925,-0.21873062639302784,-0.1886791379829453,-0.7835081713042644,-0.2892928115801512,0.008389808075414132,-0.8892255637356525,-0.3506574275528863,-0.18913257499776234,-0.9925114409517943,-0.08013009225393401,-0.25045401862882144,-1.3898670232518955,-0.18370635061591803,-0.2890377571324344,-1.647067089806532,-0.2619775639628586,-0.3071891018065041,-1.8668769521582473,-0.3188866107794318,-0.0019705345090857253,-0.9964802381327423,-0.08380484475650384,0.029319881650087004,-1.4560923249943005,-0.18897106986773718,0.0365273690200497,-1.7334612658903277,-0.26186145228123164,0.05544164593757507,-1.9568124325898897,-0.30623260374481287,0.15237746805255498,-0.8884284809976007,-0.10977827739013124,0.19323817804064483,-1.1661682350998772,-0.269612518680479,0.10338160054278593,-0.9396458636662935,-0.2978763854842329,0.04479260424651905,-0.728507219659642,-0.2747721996759712,0.28861062109554514,-0.7064242865524679,-0.14945061387988415,0.3123220740569689,-0.9199267564358229,-0.2796064570404946,0.2216530206130462,-0.7780740630507039,-0.28566317468434166,0.15847521726080493,-0.6082702602272668,-0.26199568411334956,V
0.0,0.0,0.0,-0.22512787660413697,-0.21573000438336476,-0.12984339111823687,-0.3422232783947446,-0.5558423393985704,-0.19810554004588815,-0.20647504482842935,-0.7943508438882364,-0.2724939324862931,-0.020605702022736774,-0.9046271688391374,-0.33927816332033367,-0.17774474764589096,-0.996876182869256,-0.06942648048449401,-0.2512016557464666,-1.3898086955405098,-0.17894110568858024,-0.2963335564735601,-1.6436783407469677,-0.2623844784947824,-0.3174474373391735,-1.8656914994731508,-0.3215932010044705,0.0016023602575510056,-0.9963063514619094,-0.08585503175856028,0.03410983717676131,-1.45123041663789,-0.19409348677928587,0.03391699604068162,-1.7299805101199621,-0.2685071340304235,0.04772676620283245,-1.9609878683743065,-0.3141753109986275,0.15358401725812965,-0.8876018636956579,-0.12325119066229065,0.17469324891396337,-1.17906274511076,-0.28067517725656255,0.07058652641050063,-0.9544724586548452,-0.3018334024871943,0.009268300765607564,-0.7464514505048881,-0.27578827662687655,0.28462159061983167,-0.7049584660584094,-0.17376196179632905,0.2899841508913809,-0.9334848139417284,-0.29309255962458247,0.18850504047167058,-0.7954948527033758,-0.287712211072137,0.1227427766960523,-0.6288510030345164,-0.2587678986350658,V
0.0,0.0,0.0,-0.22719469423498453,-0.18376242088862094,-0.14003640966817324,-0.3569837519667907,-0.5299047614296062,-0.2151390517257155,-0.23657765638569497,-0.7901174306109591,-0.2934496532036268,-0.04332467467490219,-0.906946317865059,-0.36222414839584566,-0.18150384323036653,-1.0031135752039964,-0.08096407400248759,-0.2541241953733824,-1.3971894333288948,-0.19578634423502297,-0.2974440967245968,-1.6504098296952745,-0.2803955576379398,-0.3169476984242623,-1.8681828282467072,-0.33918416023113906,-0.001232114176900847,-0.995638450864734,-0.09328749677383122,0.032398934530613065,-1.4547208617958325,-0.20774192896494448,0.03589260969307316,-1.732025510327858,-0.28303960604504097,0.051738652116999094,-1.962103142903879,-0.32724814115612516,0.1519523951679842,-0.8833684855094107,-0.1271675290059953,0.16566496079197224,-1.1758802472009078,-0.29306706633784135,0.05416787609709061,-0.9305058524799044,-0.311060408311551,-0.008870625408225129,-0.715858137890905,-0.2800907113095064,0.2851718815233878,-0.700744005099101,-0.17436532078494252,0.27098397241549455,-0.9278115101466556,-0.30009909198915163,0.1672880897342947,-0.7743917157216618,-0.2942090094469533,0.10739759520105106,-0.6060819358297013,-0.2630891764982924,V
0.0,0.0,0.0,-0.221941955623245,-0.18861971047093207,-0.136244906330237,-0.35031144605596065,-0.5308738069442368,-0.21338801703751203,-0.2356101479460044,-0.7869316109125837,-0.29580417293516525,-0.03881414126673263,-0.8859704836548862,-0.36834143615684234,-0.16490329447849061,-1.009591099212192,-0.07761145644648192,-0.23732301887300222,-1.407992843859286,-0.19657093755357313,-0.28744202922361767,-1.6654383419951304,-0.2845002917800672,-0.3138792010892579,-1.881451588791779,-0.3430182033924459,0.014484221498962047,-0.9956109189792087,-0.09246137213422861,0.05620504683618319,-1.4637503095595386,-0.20939270954088898,0.06270443272528992,-1.7531919066434882,-0.2858296981492647,0.07958793807089339,-1.9858149037194863,-0.3288735577150217,0.1703507337975966,-0.8754372857447709,-0.12876840947657428,0.17705758473150063,-1.1590301468372495,-0.29469942157161966,0.06135373649078108,-0.9222468334593557,-0.3132876474317468,-0.0056604367650978735,-0.7080000527262775,-0.2808903753023747,0.3049463490175574,-0.6872099805871411,-0.17803394815004506,0.2910700988927299,-0.9233947079143555,-0.29708820867492314,0.18065937549493855,-0.7810129295631524,-0.28501994232084515,0.11300996403046597,-0.6156284149736105,-0.249496295457476,V
0.0,0.0,0.0,-0.2340500972184692,-0.16392989972011443,-0.13560623362448762,-0.37195557560578146,-0.502152659268468,-0.21074024504996075,-0.27043178420380043,-0.7391815262090143,-0.2899683209162638,-0.09057885793198237,-0.8343811501340754,-0.36072705670207583,-0.19666314900532172,-1.0009054438235616,-0.08926926209788258,-0.27310893759449534,-1.395639695980226,-0.2118230457814709,-0.32334998042367175,-1.6497969159068855,-0.305192424224298,-0.35472870853786376,-1.866904963744812,-0.36959128355122584,-0.012774941683249568,-0.9943573893341399,-0.10530993847488186,0.019958307601957728,-1.4642121879014836,-0.2214081907090284,0.022092779374388583,-1.750114621613711,-0.30034622897032703,0.03254723040241653,-1.9883097130602434,-0.34774989066448625,0.14750879811897918,-0.8814893882173127,-0.14192408974645573,0.14800687316841082,-1.1719968807159342,-0.307918739748302,0.03429789586770152,-0.9208786968330723,-0.32685619755025036,-0.03179802986121736,-0.7024451695476682,-0.296912353611667,0.2826805581900132,-0.6977785631870447,-0.19137966547035826,0.2569382022243816,-0.917145981190133,-0.3199202557271726,0.14894588889613117,-0.7565822639877855,-0.3127403776625168,0.08897017422621523,-0.5850692475661492,-0.28010030390699303,V
0.0,0.0,0.0,-0.22644424564315813,-0.18643442591786127,-0.13391780797781172,-0.3542670200905208,-0.5332346768091529,-0.2086858366007664,-0.24315496348454535,-0.7826217562307032,-0.2893966867035205,-0.05389932216826502,-0.883984391481965,-0.3613555868882544,-0.17298778177068372,-1.0020236633097925,-0.0820904025570244,-0.25488010746446177,-1.4036133121924772,-0.2058226264461665,-0.3099691035512622,-1.66188158284007,-0.2982653203705043,-0.3416823149083048,-1.879663292348642,-0.36067643842793123,0.006066861431998509,-0.9951182442456751,-0.09850316320692468,0.040050439837438716,-1.4707425553486264,-0.2178787871874975,0.041886270759362625,-1.7601469840772364,-0.2969293149748139,0.0557367382652969,-1.995428234190302,-0.34318787020738833,0.16406205703145174,-0.8838921541053696,-0.13614149904978778,0.17081054375987964,-1.1798676290237586,-0.30430377249236457,0.051834037149461686,-0.9412091138064295,-0.32440161324571803,-0.01737015068630496,-0.725687418171331,-0.29389831155819873,0.30081253768693134,-0.7012907806720369,-0.18665245988803347,0.2871768614081277,-0.9372570741153585,-0.31148617613823965,0.1723661949814689,-0.7925011619442708,-0.30318875041407034,0.0996078464067331,-0.624077891897002,-0.2703067448668676,V
0.0,0.0,0.0,-0.22615634403962565,-0.1790648049390857,-0.13051970671943308,-0.37287481170268316,-0.5155848731006778,-0.20705203963928917,-0.290092744838295,-0.7743371208706465,-0.2904160236155381,-0.10565420120314736,-0.8871654351134352,-0.3642127513257837,-0.19456472679586811,-0.9959305744218093,-0.07365609934979372,-0.2727283576418836,-1.3802124181305102,-0.19231599020322843,-0.3259805951839206,-1.6330210999849928,-0.2805332648553444,-0.3539073727444699,-1.8460954035475976,-0.33991789398228983,-0.017505970033139515,-0.9955953590909552,-0.09210549370016399,0.014183725856088085,-1.4555471112539178,-0.2053247872957485,0.015837661984450645,-1.739852681917845,-0.2795332996556137,0.03389190135652481,-1.9720001260283602,-0.3226174035667886,0.13859250622450775,-0.8891850783495604,-0.1320819368865919,0.13705665290098837,-1.1725646797819234,-0.2940515368126751,0.01973031602634482,-0.9392292702165982,-0.31259286775472733,-0.04764718861477732,-0.7286391725039095,-0.2822666592526732,0.2733469328613334,-0.7110742581759182,-0.18489133963357457,0.24780162134188108,-0.9387399451725154,-0.3010980990594203,0.13911106064709208,-0.7958179950572775,-0.2904257343725153,0.07288680550458629,-0.6314205116717461,-0.2573477643889298,V
0.0,0.0,0.0,-0.2287442437979853,-0.1817666306174635,-0.11246455447614384,-0.38413103092608325,-0.5083928110883584,-0.18090133741977943,-0.31945991036502797,-0.7633402106837022,-0.2589268886213066,-0.14480588703259564,-0.8515901467508173,-0.3283196238145692,-0.2034446975918988,-0.991634124462156,-0.05190106595358451,-0.2994863039800468,-1.3638086222011703,-0.1649903110419719,-0.3639608511583951,-1.6125567766544138,-0.2521429899006059,-0.4035870384717974,-1.822245248112085,-0.31118379588195005,-0.026747871487579736,-0.9967795707174361,-0.07559787544136244,-0.012528556021935493,-1.4486011597716189,-0.18193892566280556,-0.018472950338488562,-1.7281895466822426,-0.2511637385671984,-0.011894116856451533,-1.9573980119391956,-0.2899705688209779,0.13226134634062398,-0.8932376336490339,-0.11960553930783153,0.10746893282080464,-1.1554639572152616,-0.2716362474363151,-0.007939623665713031,-0.9196619107152263,-0.2841568111232325,-0.07425564289096843,-0.7094913777650648,-0.24973851018243903,0.2682414119889527,-0.7142302615497219,-0.1755753500252514,0.2265330311096459,-0.931373345628407,-0.2835808396942797,0.1117214259315035,-0.7795512350652246,-0.2664219624383495,0.04425964839329701,-0.6099255322213191,-0.22817659371959115,V
0.0,0.0,0.0,-0.22647359303636716,-0.1749707503930459,-0.1300583910436627,-0.38466330064130594,-0.4928779978494209,-0.2061013851900107,-0.32754604070765586,-0.7504617444598878,-0.28787118199583434,-0.1605962669273385,-0.8808880330045336,-0.35893283614711957,-0.20107935077619313,-0.991889868343306,-0.06292181255599251,-0.2978032503849196,-1.3754312177115802,-0.17479963429910686,-0.35776728926721707,-1.6206802063436867,-0.25864865555506905,-0.3907748198691392,-1.8307206613635545,-0.3143938437517249,-0.026359339133101595,-0.9965289157011492,-0.07896395007823566,-0.010935291415878033,-1.451229703528354,-0.19054596358961917,-0.022789641178515983,-1.731137664646803,-0.2636328967382478,-0.019079925226990757,-1.9589928415123479,-0.302676991281598,0.12896532630619773,-0.8977975841580385,-0.11656387122584144,0.09394104191955152,-1.1731861600383116,-0.2799929818867786,-0.019471823424946754,-0.9292919311354256,-0.3009750877481444,-0.07467506016945351,-0.7114235474136913,-0.2688851886791547,0.2663555126592311,-0.7291562750247474,-0.16643955160004018,0.21228668802851636,-0.9482198531293257,-0.2867659957852758,0.1021227728901795,-0.7848822963556538,-0.277660593103179,0.04589717647780113,-0.604851683646571,-0.24211385705335964,V
0.0,0.0,0.0,-0.2223493805111269,-0.1701782124629718,-0.1301530192262201,-0.3785284337526917,-0.49018128428349567,-0.20832973964231433,-0.32729473606461984,-0.7500472095750612,-0.29304776774450786,-0.15292562236022456,-0.8698788964297255,-0.3671774945917889,-0.2003771506580738,-0.990291859700173,-0.06378279361949955,-0.29986136342709585,-1.3720830561116295,-0.1808639857371267,-0.36304384220082414,-1.6199381906565515,-0.2689348748091204,-0.39835416816252,-1.8334145905800834,-0.32784659565611346,-0.025324204303997955,-0.9964324491989348,-0.08050502381703693,-0.014794226657989726,-1.451675605463318,-0.19559784745990053,-0.02884247102865058,-1.7318414594345468,-0.269353311708843,-0.029053929105093815,-1.9636530756187502,-0.3088521359792756,0.13254781999795215,-0.8978584579999159,-0.11918533456010728,0.09834218984778982,-1.1753261685054601,-0.28364063621712415,-0.014646971210228284,-0.922932384033384,-0.3006512999901366,-0.06984518121940088,-0.7029960145287306,-0.2656779911701331,0.2727183957030279,-0.7300329732612543,-0.17070729085282743,0.2230361993295833,-0.9520966147476375,-0.290345588285087,0.11172675820800748,-0.7875246542080904,-0.27914493579556704,0.05370251272354498,-0.611468355145313,-0.24234553811021511,V
0.0,0.0,0.0,-0.21849660827639297,-0.178803739234974,-0.12964615606506535,-0.3688005846662733,-0.4804905324990663,-0.2109404722649169,-0.319932850900059,-0.7219340161461671,-0.29924940765983654,-0.15408264151271964,-0.8519087850688826,-0.3780882814648544,-0.1996728208489178,-0.9826308625465474,-0.06881423429346716,-0.29339831346768935,-1.3575571623088938,-0.18455901416330328,-0.3569228087516015,-1.5980332390541703,-0.27251880612985374,-0.394543149329768,-1.812724084102324,-0.33245738688486437,-0.02846798952217917,-0.9956709973943547,-0.08848072400413488,-0.027443980715105665,-1.4561349860222474,-0.20365612025353524,-0.04606696074176111,-1.7323826952471402,-0.2809950208742201,-0.0457488643889255,-1.9611234767357857,-0.32553195994626344,0.12495285906469243,-0.9013593323582717,-0.12884339171401482,0.08242780679959621,-1.1708785411609413,-0.29295540742846965,-0.03480032199811937,-0.9198260784171103,-0.31258843869534686,-0.09415633887749239,-0.7043930539361348,-0.2825230453636405,0.2609521223547677,-0.7356234161525019,-0.18190271897718854,0.19534529426796088,-0.9429488872158419,-0.30272318505408047,0.08058713281269707,-0.7739236150601164,-0.29354076281747765,0.018250415120252102,-0.5952356215014739,-0.2599680485406219,V
0.0,0.0,0.0,-0.20937772363393853,-0.18916752737207937,-0.1277149770112406,-0.3625312787800104,-0.49171354606222517,-0.21261944561291304,-0.299421031423858,-0.7275414631216158,-0.3060176907863354,-0.12698329280887094,-0.8432831789967512,-0.3895602249903351,-0.18605176446579444,-0.9956133188233807,-0.07843421608313167,-0.27225529121532394,-1.3779897727622783,-0.20573539045626063,-0.33930339903148893,-1.6212767614605428,-0.3031527504649252,-0.3819979728004115,-1.833255236921625,-0.36666176313895793,-0.022235978669842497,-0.9944919002001712,-0.10242764123441912,-0.02733064917511644,-1.4560541666380264,-0.22480313090653642,-0.04669841664079259,-1.739891112467601,-0.3082649048974495,-0.0449760968516801,-1.9791361372143916,-0.3576097010032571,0.13155104528050998,-0.8912307434089566,-0.14735933408781995,0.0900909356078936,-1.1587624092938171,-0.3158136081364536,-0.022341211674773515,-0.9218532654655154,-0.33956447615299645,-0.08232891904382253,-0.7082672570216834,-0.31208969635283473,0.26925699770989225,-0.7250962547118681,-0.20527212521295185,0.21762919603489805,-0.9474208382404861,-0.32162537850583034,0.10363587288480175,-0.805154851681508,-0.3098791678979566,0.035659304996508365,-0.6385351428230426,-0.276347513305484,V
0.0,0.0,0.0,-0.21999807412852138,-0.19629151030998568,-0.12102242952507179,-0.3990722481909895,-0.5091959184925349,-0.2043769625036276,-0.3708780193059043,-0.7700310402569459,-0.2980343288218195,-0.2025031961152813,-0.898447665902234,-0.3807298810493471,-0.18412387085487594,-0.9978030824040044,-0.05627955205760875,-0.27920450724669765,-1.3749392053139917,-0.17733779856269216,-0.3436977442916282,-1.6102935611170266,-0.27185553470435403,-0.38266563112769847,-1.8204402053488493,-0.3349416176265851,-0.026788763559638978,-0.9964286909480167,-0.08007637605790813,-0.022393258571762942,-1.4628845768084289,-0.19460479751229068,-0.037498247215003236,-1.7396909919556114,-0.27193488404957844,-0.0341716061343397,-1.9710891713133474,-0.31727453054487076,0.1196741565277274,-0.896174544799454,-0.12620268240798788,0.05879639314510425,-1.1844438401823192,-0.2849714338171242,-0.05979654712978738,-0.9572011153457574,-0.30462688665905724,-0.11908558655931921,-0.747855009263292,-0.27491500805956454,0.24953706814063858,-0.7318598797135757,-0.1853632888064154,0.17616818825189667,-0.9764631508047248,-0.2900161365947975,0.06764626976796716,-0.8443469011425708,-0.2763149003540753,0.009983204333796786,-0.6819994435998964,-0.24263454121501055,V
0.0,0.0,0.0,-0.2083401341632382,-0.20823452552113972,-0.09876305038446273,-0.36197952996011945,-0.5342844259644554,-0.17359596206675532,-0.34856335599971094,-0.8067967958513853,-0.2653305524496014,-0.18086779976223785,-0.9080183774288302,-0.34729254975278245,-0.1346456295147928,-1.0081623159421402,-0.033349715159001446,-0.22107547747749523,-1.3862062723829716,-0.15496917872495808,-0.2841679901100815,-1.6290450720539171,-0.2450938755058954,-0.3248423502401984,-1.8321286944223927,-0.29981690325217597,0.019173972255087334,-0.9976595979407873,-0.0656329598950687,0.0443040071938244,-1.4426904447832622,-0.1824908901298402,0.035070011097860614,-1.7379577424485386,-0.25473184593088904,0.028764125696427154,-1.9765263412955105,-0.2889124091321144,0.16303828130360581,-0.8939902973523416,-0.11909894816016718,0.07313185735289648,-1.1592835554510614,-0.2749415297973174,-0.04940839337969147,-0.9298446677114817,-0.2888095423437499,-0.10947333220988024,-0.7184482175549793,-0.24921282527776775,0.28596778071973855,-0.7309768818257025,-0.18403480196710756,0.19122501042232884,-0.9640250890926862,-0.27911283479350674,0.07318518168068838,-0.8316850749281297,-0.2571921160137238,0.013158628802775334,-0.6713966838263454,-0.21450896983674417,V
0.0,0.0,0.0,-0.20933832280152304,-0.19675100045524116,-0.10786040630497601,-0.36405284844251967,-0.5128025108024851,-0.18999369844927025,-0.39396291274252143,-0.7603269891252875,-0.288088073550281,-0.24471124444641887,-0.8921721952424352,-0.3762129153606418,-0.14451886212949536,-0.9989445006221218,-0.029149721895265407,-0.22326697112455135,-1.3506236079172906,-0.1509617681391227,-0.2840412759837453,-1.5639430572312927,-0.24208304377514003,-0.3194602482584528,-1.7529199273420686,-0.29762949819725093,0.0065752368929974415,-0.9980419623490019,-0.06220134765705911,0.00028405398271330194,-1.439579321144885,-0.18158184348276485,-0.017189771886621664,-1.7109199956401306,-0.2573426544302409,-0.021827007225605922,-1.936708441513834,-0.2925564265404059,0.14799464831581177,-0.9029811161626815,-0.11819975273801556,0.02529288036049516,-1.1574269771105885,-0.2851648273327181,-0.09770618901898744,-0.9054560446294503,-0.3039803847127215,-0.1521752524586005,-0.685917011672063,-0.26557614206004415,0.26077579487740654,-0.7470696346211778,-0.18563186570266285,0.12817728697044273,-0.9586445220619707,-0.2942288934941447,0.004107698155474307,-0.8037848152768906,-0.27823339647821227,-0.05374036404106619,-0.6331968808601521,-0.23755199073473826,V
0.0,0.0,0.0,-0.2137227939951424,-0.20520318653331712,-0.09907114869480418,-0.3741816559541957,-0.5049632464388848,-0.18125666735429705,-0.429035349712932,-0.7464366379106206,-0.28161189346889276,-0.285381282522527,-0.8841176599869117,-0.3727257652796757,-0.1621652112474091,-0.9943856638386537,-0.021072191363138253,-0.25747639105165104,-1.3403754503856333,-0.13892002941660828,-0.3257658012929267,-1.5502079458638367,-0.22832866356723633,-0.36578601726933296,-1.7391142183209252,-0.2840017607054076,-0.015694500521606137,-0.9981147762664646,-0.059334442374751196,-0.03943665563607057,-1.434539785607588,-0.1782982245255944,-0.0672028159074763,-1.7122421183789258,-0.2578753631931248,-0.07622123317560192,-1.9441252265708735,-0.29567167802340805,0.12455215944232348,-0.9092787862672396,-0.11905426635028986,-0.02506321406839409,-1.1612423907450704,-0.2831480080145653,-0.1486596400487262,-0.9190705410421557,-0.3027371201705299,-0.19612856534335485,-0.7026134084636086,-0.26517326902961535,0.23306050031719527,-0.7565688177057752,-0.1893986436000003,0.07016179231771537,-0.9604542357046373,-0.2941126417042333,-0.04853884520541476,-0.8055121177157993,-0.2772407712899437,-0.09476799380016233,-0.6306686534419327,-0.23579120154027772,V
0.0,0.0,0.0,-0.21940497317059696,-0.1860838619491505,-0.11547978145934365,-0.3913493780399801,-0.47357092942991263,-0.20803141921992757,-0.4602054211156473,-0.7034135626907891,-0.314946380713822,-0.32140500947129846,-0.842418341254075,-0.4116319291418468,-0.16603509241851447,-0.9976259111665081,-0.04050620371020854,-0.275746397425342,-1.3351043898352297,-0.16832327960732696,-0.3520476133374945,-1.5479951068380613,-0.2637031064055909,-0.40404208488368243,-1.7316445994319947,-0.32201379441805433,-0.01490101596302086,-0.9972428389352838,-0.07269580397495841,-0.0551782744550561,-1.4291734464574075,-0.20189750157271255,-0.09362809145361488,-1.7087288728780312,-0.28802014627869066,-0.11472687043572147,-1.947513561937851,-0.3274181860982203,0.12639734585576992,-0.9026341390076325,-0.12760134118665967,-0.042255671362090005,-1.136604058096776,-0.30099625514428463,-0.16529011216773565,-0.8910785676201082,-0.323459464397482,-0.2131175268045602,-0.679498708977578,-0.28378141764834947,0.23006177103587475,-0.7436900275248868,-0.19398900886908804,0.04773755492144298,-0.9368306549342732,-0.3040550569279777,-0.07035945167005664,-0.7816315507065079,-0.2895423822030448,-0.11808633630144941,-0.6124672414083905,-0.24702378960306454,V
0.0,0.0,0.0,-0.22952135003237556,-0.16752203423999829,-0.10774271443720555,-0.4176304047258362,-0.469333757278798,-0.19309768804939728,-0.4596624202692635,-0.7077457172836452,-0.29510100229852454,-0.3107284687464167,-0.8501165218691034,-0.38695207755142036,-0.19263348048882237,-0.9965792192133373,-0.030021020120951925,-0.29956342541307335,-1.3505832025331928,-0.15104410829446355,-0.3767471573225762,-1.5601178066160666,-0.23925890444451695,-0.4309802349564981,-1.7430489083348404,-0.29280061160343,-0.03777193531497054,-0.9969876681253865,-0.06774120244331282,-0.05884001385593703,-1.4452263191234602,-0.19427662824558134,-0.09237287565107442,-1.7284603512988437,-0.2755429091655444,-0.10918850060302075,-1.9656673022727076,-0.31162759545591584,0.1081910610453587,-0.902816511175576,-0.12809937469949795,-0.04511090326405355,-1.1592885317672241,-0.30794932523594154,-0.16863391798944002,-0.902041715969186,-0.3301176245660417,-0.2143653888623878,-0.6801997228460114,-0.28870981155030445,0.22530207901493923,-0.7440230988704251,-0.1987235834403502,0.07085879480387378,-0.9638058993457167,-0.31734010449473943,-0.052600887594027444,-0.7987587319030117,-0.30136421268497077,-0.1067865105825661,-0.6186349917008287,-0.25707422126577184,V
0.0,0.0,0.0,-0.24124175065912207,-0.1533426232706302,-0.1067964804945708,-0.44165281057744704,-0.4642266663462454,-0.1857736863587194,-0.47261374656371413,-0.7363912439058867,-0.28099176335590953,-0.32011704530585466,-0.8971356394742468,-0.36539860765884213,-0.22290307857789554,-0.9937498299133141,-0.023443552360651872,-0.3393449595972062,-1.379394745795317,-0.14054914491043857,-0.41953907330648854,-1.5990249744002976,-0.225863617584664,-0.47622944236631765,-1.7862687334535645,-0.2777606475898598,-0.061521477345105345,-0.996490240222095,-0.056765385292333055,-0.07641510620033515,-1.4536177412558946,-0.17595947525681177,-0.1072400548306817,-1.732917554083101,-0.25240763803033717,-0.12397017004404155,-1.9639070090817679,-0.2868133227015102,0.08895929405930737,-0.9066547543886857,-0.11304947456716904,-0.04094393046170527,-1.1825138741352363,-0.284722398154945,-0.15204519242267373,-0.9184243444928741,-0.3036436725137692,-0.19116423691382498,-0.6922616476341424,-0.2625587701546068,0.21373306282707275,-0.7520754210488173,-0.18003555011283537,0.08627489187179196,-0.9806053219972823,-0.29725416997408977,-0.04019362101840884,-0.8197880614944604,-0.2825088312295731,-0.10608581626686683,-0.6426112637845159,-0.2402590868273271,V
0.0,0.0,0.0,-0.25030675364441746,-0.15985287263654396,-0.11364344615797141,-0.45002635500909416,-0.4484897235064387,-0.19522097994402207,-0.4670680215573989,-0.7236073427432691,-0.2914987312219015,-0.3078036993309824,-0.8753990019157625,-0.3769993856745492,-0.24637970404057075,-0.9801394645357432,-0.03165894086969885,-0.37461911840149437,-1.3590878766977186,-0.14666293718409318,-0.4585772150215569,-1.5916482573170823,-0.23137582874349574,-0.5122127397209039,-1.7923377135494358,-0.28395205489196773,-0.0847892753673851,-0.9945414120371482,-0.0608124865946887,-0.1042085854834771,-1.4431355706465698,-0.17977426437475486,-0.14566225367055727,-1.7264473726315768,-0.2558464790992049,-0.1698458062652286,-1.9521595058779042,-0.290617442062618,0.06831715107469262,-0.913021275853935,-0.11292158624848132,-0.043164665485888855,-1.1754696308658377,-0.2819689073531661,-0.15408598293134335,-0.9323285563849859,-0.30495812887204626,-0.19723629352918032,-0.7119348433137731,-0.2678062518846995,0.20481580611679853,-0.7642876907226365,-0.17620568090885838,0.10522773863642103,-1.0059753657122894,-0.2857943752721441,-0.015195987914501581,-0.8637378283612432,-0.26860874280528835,-0.0808591089529828,-0.6920109610775942,-0.22642229489708843,V
0.0,0.0,0.0,-0.24615472088485799,-0.1396780245317293,-0.1183405693291401,-0.447801409749227,-0.42939932512041656,-0.20431113513992044,-0.46964723595045044,-0.6997516346010679,-0.3044130145257027,-0.31767331221950557,-0.8761056343696204,-0.39351682728599213,-0.2459166211535001,-0.9789036107411581,-0.038802831467382684,-0.377906829156103,-1.3589104302900794,-0.15890577794556163,-0.4714684614990035,-1.5841308829371012,-0.24697492735606505,-0.5368942759007446,-1.7790806651587558,-0.30169768404059927,-0.08095738168213687,-0.9943796536565788,-0.06822760984377978,-0.11000708758774749,-1.4434593107819067,-0.19249031436517294,-0.1563447859153606,-1.725001340466126,-0.2766751431813401,-0.1831628783491859,-1.9610059172824639,-0.31685154935608345,0.07589807012677124,-0.9113079059146824,-0.1206784286513241,-0.044336139489172664,-1.1589630155978257,-0.29498325842762146,-0.1611434890498456,-0.8988351904083174,-0.3198986412190843,-0.21159021019703553,-0.6769020615264391,-0.2826845896044998,0.21702298135688514,-0.7581940401538058,-0.1844051007678025,0.11366272737012086,-0.98671491732667,-0.2990778176556885,-0.009774925972667005,-0.8332812699103472,-0.2840556633437399,-0.08342379771396327,-0.6611533645242603,-0.24205068991897807,V
0.0,0.0,0.0,-0.23551358391573515,-0.13178508198433608,-0.10916264252218155,-0.44940719752044955,-0.41137754492856765,-0.19017600598912654,-0.47532889998757805,-0.6767157660342582,-0.2855855690656792,-0.32147769469743986,-0.8338422161391276,-0.3710641437545377,-0.25340344334245035,-0.9763793195489129,-0.04338038999704321,-0.39153181803766846,-1.34643101212599,-0.15958018544057612,-0.4822291760046098,-1.5669830267914793,-0.2430360960556179,-0.5451646301081172,-1.7567016480328406,-0.2943272009614265,-0.08952109286987114,-0.9932500106170776,-0.07375900175950893,-0.12481802024901512,-1.4443377424382489,-0.19553398063702937,-0.17107669276387852,-1.7229674106178414,-0.27425489056053237,-0.19667056579191614,-1.9511689386018223,-0.30990166967530686,0.06871766836308696,-0.9135280773132809,-0.12494073579397695,-0.05876141205849276,-1.1470557336567957,-0.2947251488699149,-0.1726286220806538,-0.8888358332648345,-0.31637071383814047,-0.21775202451534856,-0.6661192729938661,-0.2773492301598715,0.21190694542113672,-0.765225270920649,-0.18636893687171077,0.09378649150409162,-0.9826839262077135,-0.29615633675274466,-0.027012274473608475,-0.8264158011007137,-0.2780721321927691,-0.09413078865454147,-0.652678832341002,-0.23444962223924898,V
0.0,0.0,0.0,-0.2478893196584136,-0.1144916682813492,-0.12385506902372846,-0.4675681133920876,-0.37877755277414316,-0.21808028022555487,-0.511427993550156,-0.6329262513184288,-0.3253886631489457,-0.3629483497001913,-0.8076193387942072,-0.4209146362735419,-0.2840859720192818,-0.9630822487944154,-0.05433631155862387,-0.43880797735761495,-1.3306981164606895,-0.18088474118430983,-0.5428070379542679,-1.5536388947859134,-0.2707421284985532,-0.616652997828904,-1.7473613198936269,-0.32585057319362465,-0.11241373174859844,-0.9900327962420524,-0.08484229652418047,-0.1712250368855223,-1.4417953754277821,-0.21894553282502682,-0.2248347196463863,-1.7218697767294302,-0.3053617777689248,-0.25436089771671144,-1.9574825557866602,-0.3443992125374439,0.05273652614173929,-0.9186578575059571,-0.13806054674893584,-0.10117745515471686,-1.1391402697623574,-0.3241359624167146,-0.21186888806357368,-0.8584031401680772,-0.34837880004987076,-0.24992786566699332,-0.62484151899778,-0.3067895978873965,0.19841987468920252,-0.7766459476828744,-0.20250720194144317,0.054945505273541514,-0.9832475193054055,-0.3234688933919782,-0.06604883884834584,-0.8147051412431151,-0.3068125109061166,-0.1289544261653897,-0.634870208239361,-0.26181555329784106,V
0.0,0.0,0.0,-0.24179229898271462,-0.12863234759029682,-0.11135350357694904,-0.4507421491850065,-0.39297599587377463,-0.19370358989400144,-0.49579639661239194,-0.6269220959453725,-0.29107551153547895,-0.36160802233678524,-0.7756917327982652,-0.37824990667014063,-0.2787342165017803,-0.9627549697905853,-0.05314420382374909,-0.4379843329661693,-1.310383996043837,-0.1760180242292182,-0.5379847965161525,-1.5313127638426998,-0.26679492405889826,-0.6102233943969252,-1.7300058158938605,-0.3248983080559686,-0.1186906573013683,-0.9890986529458121,-0.0871572292477744,-0.1770498775163259,-1.4216545268750427,-0.21824774562484905,-0.2312319143607001,-1.7002078181062965,-0.3064962586064934,-0.26179159439490896,-1.9431719258205638,-0.35086991160218406,0.039708321855258306,-0.9166158716611861,-0.1415761281556057,-0.09771620534633645,-1.1331999797434065,-0.31982247806627023,-0.20487228524942694,-0.8678373673455352,-0.34647686642275827,-0.2445809575652577,-0.6419353011782011,-0.31140699976278274,0.17821769975886692,-0.7730478582397149,-0.20699699748268283,0.052461231626081246,-0.9610544474779228,-0.32442133121686634,-0.06373992899890021,-0.8064227442448297,-0.31340541356202634,-0.1226952388400209,-0.6373966615347088,-0.2751910832233295,V
0.0,0.0,0.0,-0.23852829777030543,-0.10028710168287025,-0.12038327841919907,-0.4649945809005338,-0.35307592875281063,-0.2077102168573296,-0.5210144230409267,-0.581842043434116,-0.3070100535073947,-0.3985943104509021,-0.7557096092866671,-0.3945248613996947,-0.3146751470930968,-0.9437406753913468,-0.06364753209583233,-0.4800373101981757,-1.286232525346599,-0.18790935104736944,-0.5843062276041583,-1.5003579955667625,-0.27566595797833005,-0.6600588605052359,-1.6945471571516542,-0.3300068881648205,-0.15228401784312076,-0.9838395316892884,-0.09417724669450524,-0.23074015849656376,-1.4037285574405518,-0.22733249617438508,-0.29650176121117405,-1.6868872553570997,-0.31349132865335577,-0.33941565341039165,-1.9348958878305735,-0.35441703157253046,0.010508488970116263,-0.9212054470339599,-0.14582699115459483,-0.15113615758043372,-1.094885497068961,-0.33067311745388306,-0.2403098306507619,-0.8152920751421984,-0.3583054651257762,-0.26499340147229905,-0.5878750841647173,-0.3206393856455975,0.1561423259768332,-0.7885270875867728,-0.20850059470216512,0.012940624821506097,-0.9518682174107622,-0.3317016253574506,-0.09272917984849678,-0.7808038406327301,-0.319843283307982,-0.14211037854720074,-0.6077323108109284,-0.2783005286921597,V
0.0,0.0,0.0,-0.2410582690657941,-0.07989384156129002,-0.14434382895562245,-0.4805716339585092,-0.3018368786899613,-0.24801791905946163,-0.5472513136668133,-0.51986548309031,-0.3607641555302554,-0.4250401861537584,-0.6948414626622043,-0.46024398813444856,-0.35461451238024544,-0.9319320809342053,-0.08574057166572102,-0.5427616610448109,-1.2831073584039192,-0.23039330422077187,-0.6642538101694259,-1.5003811493691226,-0.334741637002994,-0.7567509445579556,-1.6904517244121748,-0.3991002886375555,-0.1859352757233622,-0.9765651661104854,-0.1083907264542377,-0.28177436518746274,-1.4121084138911189,-0.2532654991868162,-0.36262655023516077,-1.7090086082091251,-0.34815647046966464,-0.4219155188127507,-1.966853063569484,-0.3952494851944986,-0.014676380490281376,-0.9101350768053051,-0.1555706795122268,-0.16998198701240633,-1.1040282427449162,-0.34911388438287666,-0.25662313561680467,-0.814462659815246,-0.37936621658453085,-0.2807835331178548,-0.5833159184730574,-0.34246771490349226,0.14374687509522152,-0.7680234139191533,-0.21629709360143903,0.002394673510195135,-0.9199762823166339,-0.3470256214374104,-0.10209511707312709,-0.7399700103519482,-0.33964083633582065,-0.14906477743485289,-0.5699551629270635,-0.3002293729553969,V
0.0,0.0,0.0,-0.2293482766226898,-0.10011720811141372,-0.13128079683162464,-0.44874016538566797,-0.32322518851641363,-0.228912602902614,-0.5141839688375887,-0.524029905263245,-0.3381472528609102,-0.39721440821605036,-0.6902725080103935,-0.43565761597163966,-0.3360793296599622,-0.9422962915371353,-0.06882785409866472,-0.5091770081138062,-1.283851942236049,-0.20709576381662775,-0.6252682257356953,-1.4987924843485405,-0.3092131965790025,-0.7134614812053919,-1.6889463072999538,-0.3722864670156799,-0.1724211692482115,-0.9803643177509288,-0.09569088188451125,-0.2530129043260178,-1.4167254370175413,-0.2300835559487519,-0.3234033841183383,-1.7009093771865726,-0.31901873360929833,-0.37612764891304135,-1.9447421308523671,-0.3633008069241193,-0.004942013975095622,-0.9070601860090842,-0.1463551563330107,-0.16377024367366252,-1.0907760284539114,-0.33278879641684767,-0.24116690643218613,-0.7948090789463074,-0.3647184224066734,-0.25806508999325056,-0.5623666702131698,-0.3312763484240071,0.14708205304589714,-0.7570400035958162,-0.20913130588476772,0.0027522874863473343,-0.9000905093632127,-0.336831696554864,-0.09762918349050577,-0.7041853790672091,-0.32871715279673125,-0.13632448433231986,-0.5251578246776256,-0.29015342390380033,V
0.0,0.0,0.0,-0.22904783761842815,-0.08198747919039398,-0.1448051151663908,-0.45403335906833203,-0.29205611148277516,-0.2537842682661469,-0.4946505032503008,-0.4885779398213914,-0.3713440425500004,-0.366260501792778,-0.6640493382070661,-0.4766199865255705,-0.33793962409252554,-0.9427269352443045,-0.099902599759644,-0.5129924549796362,-1.288200222706516,-0.24641741510180115,-0.6286988633280426,-1.5008244886393447,-0.349897761173354,-0.7201434506637807,-1.6909414870766082,-0.412911400644787,-0.15897411228496955,-0.9791067542041982,-0.1267958812222444,-0.24185097845925374,-1.4154136518363991,-0.27101985187270544,-0.31858999129410615,-1.7007864233079586,-0.36120274428240784,-0.38219550235839295,-1.9470257663214636,-0.4041823602497305,0.01748796772304027,-0.8975122179775934,-0.17759771237770397,-0.13430405382102417,-1.0815713958689686,-0.37695218009081227,-0.21919638242519762,-0.7681716014403679,-0.4069126017768441,-0.2454498465839624,-0.5291339060534084,-0.3686568261712956,0.17872777028237424,-0.739248471954114,-0.2409940149114997,0.036321048011251446,-0.8740666211381762,-0.37833916444959775,-0.06868318061856937,-0.6842972338067048,-0.37091905638127753,-0.11864209746646488,-0.5180584906942558,-0.3307628278771632,V
0.0,0.0,0.0,-0.2292886834333686,-0.08845944713592876,-0.1362093830534077,-0.4596468554002272,-0.3259522361432968,-0.23996915749797543,-0.5062964871220602,-0.5254832928942488,-0.3542435483829561,-0.3678435617279527,-0.6442415775571699,-0.4575893705841695,-0.32701306780646505,-0.9528521207527082,-0.08569848730658286,-0.5145300573450465,-1.3110556837293104,-0.22254720597536598,-0.6324260968639885,-1.5382625462997512,-0.3183077584560351,-0.7189281004605889,-1.7311379299682381,-0.3772376300777231,-0.14477875085738387,-0.9825731382606315,-0.11657247217430709,-0.24199618681844326,-1.4219130618787799,-0.2591929635683165,-0.30991767846430784,-1.7215603024030615,-0.35002293297742265,-0.3640024144964947,-1.9731343775357875,-0.391989484679182,0.03248537523092109,-0.8979792444724897,-0.17033274505634563,-0.1298228079305976,-1.0628121047786991,-0.36386456459938404,-0.21289872472279514,-0.7585550286582411,-0.3929125104397879,-0.2427347325864989,-0.5220274285419318,-0.3527480479599556,0.18991014483416638,-0.7394492115584004,-0.2366418946047762,0.04012866162756775,-0.8884938177912223,-0.36230372045040043,-0.05918764818795683,-0.7103556606993435,-0.3502588848435127,-0.10946007583981796,-0.545565354647246,-0.3080093682118374,V
0.0,0.0,0.0,-0.22503367734743854,-0.06776844439522954,-0.13926175831910803,-0.44547992668886727,-0.30745663105331394,-0.23349082383558475,-0.457637543544472,-0.5067580419845095,-0.33204399155048553,-0.3160370741718118,-0.6310065130233028,-0.4195923798973592,-0.3065889073115785,-0.940640357157046,-0.08263092858173524,-0.4812196276235157,-1.2612013660686063,-0.21564608087147502,-0.5945971557227498,-1.471779602619868,-0.3122473970825438,-0.681954458318506,-1.6473502340385018,-0.3720827135260972,-0.12258784549564698,-0.9870358616070671,-0.1035974325856104,-0.22373825664118607,-1.4117365762546532,-0.23466866344336243,-0.2915373674936472,-1.6885393960381103,-0.31715432004289007,-0.3405504806418668,-1.915491518473771,-0.35501822640165337,0.05941410053443066,-0.9127330380121719,-0.14773963741870327,-0.09218568886451534,-1.0409531841030086,-0.32391039875939764,-0.16674575239790657,-0.7440198901157884,-0.3477521729320255,-0.18953198395113222,-0.5174082602001114,-0.31023352767465406,0.2207109187824499,-0.7624667652792351,-0.2056947496354361,0.07510088916401865,-0.8775330034949909,-0.3284148903329632,-0.01781405016112448,-0.6785355171777332,-0.3169671334633106,-0.05702538374381649,-0.5051477895223141,-0.2753822582440984,V
0.0,0.0,0.0,-0.19146551750875018,-0.08889732802847043,-0.13118204172175316,-0.4031390809333218,-0.31321537177844005,-0.2386192781285566,-0.38100120626407824,-0.4436510962347227,-0.3548928962189088,-0.2316823157104615,-0.4896999151826326,-0.4630633949783349,-0.29699073726695996,-0.9475693939373363,-0.14397081745083656,-0.4809455733087454,-1.3603636769621745,-0.28923776180527166,-0.6162782540037232,-1.5787508735490763,-0.38517363219610484,-0.7159313166165462,-1.7682817661309165,-0.439998060260868,-0.08160928998341786,-0.9811832496122145,-0.17498386916746683,-0.17106978975144158,-1.5205389586358438,-0.32020501322046974,-0.24271389337791432,-1.8445543033883076,-0.41080823287575935,-0.2877369622748719,-2.1011162642069,-0.45317352747741363,0.13342310946378746,-0.8700771140329162,-0.21828258748043136,-0.0012476361823137814,-0.9873993428827207,-0.39732988099269806,-0.09706950279149043,-0.6156257219791847,-0.4064501519714485,-0.1377385296670743,-0.3494133552425638,-0.3557985526100259,0.33383702455004727,-0.6669606814013148,-0.2721820640219205,0.19746527811193357,-0.7873981511466042,-0.38772462852375633,0.09840927599080868,-0.5608322166119094,-0.3408431055077822,0.04699644185704614,-0.3747502776282388,-0.2692853645578646,V
0.0,0.0,0.0,-0.20114756086557353,-0.07869364408936269,-0.14134338007858854,-0.43233881909393573,-0.2723218023709167,-0.25875377639234626,-0.4338132498605523,-0.43093121130241435,-0.38195830762402916,-0.29582857040359434,-0.5289927362259247,-0.49291356379787793,-0.3106195162437476,-0.9437387459545399,-0.13938556407116284,-0.4995163446085498,-1.326608315991232,-0.28848982792396866,-0.6389544551166864,-1.5351253352040262,-0.3908786419706323,-0.7375570204698837,-1.7162810416012146,-0.45184752325886274,-0.10572748671557154,-0.980455275283468,-0.16591911198420614,-0.2200248005870853,-1.4851796120063527,-0.3180055234863572,-0.2976658887901226,-1.7957081085879631,-0.409893038042527,-0.3509246775410132,-2.0499270279084287,-0.452552110726095,0.09820745727437477,-0.8760198665816502,-0.20789539615888084,-0.06452855245497875,-0.9997883028585604,-0.39062416929952654,-0.15936508525867601,-0.6443590296418078,-0.39678116049450457,-0.2020556261725421,-0.3919386889343163,-0.3449977427959965,0.2894133140515881,-0.6776135521522035,-0.26230663048729197,0.13633591970934736,-0.8038492982787813,-0.377243495393898,0.028132221772191393,-0.6046052519176539,-0.33300781422382125,-0.03650615606024207,-0.4429142131027809,-0.26526730827831635,V
0.0,0.0,0.0,-0.20303476649810995,-0.08593425343614924,-0.1519926402317561,-0.4062419374535172,-0.33200243339685176,-0.25854716792711646,-0.38809863680267687,-0.5080385793920325,-0.3680493345777002,-0.2394826360840089,-0.6266339911163615,-0.46816282349941607,-0.2404268539336977,-0.9570874947888689,-0.1031538999710275,-0.38304263746015305,-1.2949872683504413,-0.23002312739856512,-0.4943234689611927,-1.465650947354382,-0.32047763597765655,-0.5671791414785264,-1.6006121733101093,-0.3722110815455141,-0.051580632526162185,-0.9917239391421325,-0.11757153941584976,-0.1374065881521568,-1.4633657339327077,-0.24181452285155605,-0.22239161540680927,-1.743364713755699,-0.3223384669305393,-0.2796287167985017,-1.9597008435557552,-0.35775391310537763,0.13364656831689692,-0.8985020326313558,-0.15202955458325873,-0.009129540748965827,-1.0297500224630651,-0.3215211661010209,-0.10180925115036127,-0.6927291227514744,-0.3463888003411877,-0.13165478421762208,-0.44734231160286547,-0.3105663830157846,0.3048836718520806,-0.721774383317364,-0.19945904602072992,0.1590237266665916,-0.8472115298207546,-0.31028665295391894,0.06922810832800838,-0.6434888542184253,-0.2854431176279813,0.03291074997687139,-0.47526994819540747,-0.23481853145280743,V
0.0,0.0,0.0,-0.24793959056122813,-0.055416714121559296,-0.16729652702722025,-0.4660195664656079,-0.2825496606555849,-0.2865758866338337,-0.45247935660484206,-0.4968225798508352,-0.40594244593831025,-0.30016511916355837,-0.65239629472879,-0.5120452905723565,-0.3418428429433458,-0.943780366999548,-0.13538149980597713,-0.5130044056656959,-1.3202750761834445,-0.2886071979978561,-0.633963012520958,-1.5618933728127065,-0.39732590917450267,-0.7231571080385923,-1.763699098686088,-0.46565449153938,-0.14757982873847483,-0.9778765684036446,-0.14824847761995658,-0.21618447091716478,-1.4337767405451982,-0.29386620431238125,-0.278978329235258,-1.745976786340077,-0.3836090919370733,-0.32616443678219686,-1.9965188089683432,-0.4277891111836423,0.04057659435684306,-0.8889552673759015,-0.18449215817387,-0.062282104313801157,-1.0876678296443425,-0.36933869345083487,-0.15563566273749233,-0.7783950068025508,-0.3823336253150489,-0.1910251812010504,-0.5340134375793795,-0.3378018529363368,0.2166783122873737,-0.7161749747415794,-0.2365031705437253,0.10325837431862438,-0.883949432509416,-0.3740990070567536,-0.003393200225833441,-0.6832873785649262,-0.35821855509067724,-0.055324165512129715,-0.49840511131476417,-0.3100982850173085,V
0.0,0.0,0.0,-0.24207215636388296,-0.0565722486652044,-0.13617392443667117,-0.46106767237205376,-0.31328741477831934,-0.23497073990282527,-0.430384991865769,-0.530020347494508,-0.3371583983221768,-0.269926073623157,-0.6639698530636164,-0.4275187082947317,-0.32799841639340493,-0.9472639318535936,-0.10294657608589333,-0.4824381064970294,-1.3124805426315067,-0.24105029354201565,-0.588703611632435,-1.5532486627660054,-0.3458943790788922,-0.6675287433802695,-1.7569193651945267,-0.41626121588813236,-0.1296930388172975,-0.9833559245561904,-0.12724323684414485,-0.18838145575836676,-1.444939002920602,-0.2588914502586409,-0.24922474983793105,-1.7504585041228045,-0.3474435190723819,-0.2969586843327947,-1.993740438122005,-0.3930115167537134,0.06204339449922421,-0.9000788337324502,-0.1705605749456436,-0.053846164446663895,-1.1249456547259862,-0.34028410756002964,-0.14575269239629246,-0.8097509487162543,-0.3475918506799119,-0.1735441476272315,-0.5578123054379488,-0.3023229983566174,0.24423469986802876,-0.7352891729659027,-0.22750732871484153,0.12129120477654926,-0.9131604184514325,-0.360016390159185,0.02595617756539357,-0.7075768949539798,-0.3409675137865461,-0.003261598710965985,-0.520227507961583,-0.29063490127278907,V
0.0,0.0,0.0,-0.23292059460041706,-0.06595666404714626,-0.1473717827608917,-0.4422996210028645,-0.31708466327963536,-0.24822639870694654,-0.4112955295525974,-0.527250076140288,-0.35100718774882195,-0.25923074843983623,-0.6670649143049122,-0.44172615074771304,-0.3203492092801072,-0.9421005777925401,-0.11539659878009763,-0.48128114513573345,-1.3091327190831095,-0.26184263285809034,-0.5847856465825486,-1.5465107668847746,-0.3681874895538359,-0.6641816236186352,-1.7477544516772698,-0.4370907973489121,-0.12308242924114708,-0.9830285505275014,-0.13603523242122784,-0.18423853556969838,-1.440798951287884,-0.28090677237550216,-0.24451565764504626,-1.7505316275643672,-0.3716780663929171,-0.285578295113252,-1.9957957735250544,-0.4146172619719699,0.06411393002853769,-0.8958848035527515,-0.1771914309288887,-0.05284163283141273,-1.1060906410988058,-0.3612260113280213,-0.14378997433817303,-0.7983299315070748,-0.369494407000159,-0.1713560726221666,-0.5530372356123225,-0.3199604293063848,0.2413548262280582,-0.7227956488711285,-0.2323518300313006,0.12184391794215219,-0.8888552034156778,-0.37331596095096675,0.026535016151966195,-0.6885996495269706,-0.3528349835829032,-0.008088095258889006,-0.5087603303461133,-0.29855154749942464,V
0.0,0.0,0.0,-0.2307246377389852,-0.1363744243942766,-0.12659753524290293,-0.40683107841224503,-0.4014639765057139,-0.2135026623977567,-0.3283966967680371,-0.5830702920726352,-0.30656770285483065,-0.1655757180656099,-0.6629854646718637,-0.39059595690528864,-0.3020016430127607,-0.9563820735819997,-0.11346947108649286,-0.4406747447646972,-1.34930680223911,-0.2484796710451915,-0.5255319296254038,-1.598393007724533,-0.3478675748346901,-0.5837045051748139,-1.8134583561441184,-0.4145094403138518,-0.1166210211932373,-0.9836108600638765,-0.1375107755059484,-0.14448450096892815,-1.4545996225665536,-0.2664344264406909,-0.17542048692238932,-1.7594696903121285,-0.3516676913876838,-0.1892454441953591,-2.0081866284300895,-0.3998939075374942,0.05597689929749863,-0.8982608785375551,-0.17876441403493207,0.006359778064379922,-1.1609425096943264,-0.3418965118989974,-0.07747928048181277,-0.902155232698955,-0.3586413944576555,-0.10955584161676164,-0.6726831748403659,-0.32517644924548317,0.2186935563671806,-0.7402228486174489,-0.232455000909377,0.16421329434866389,-0.9256745387989807,-0.35156796158745,0.08705142053771245,-0.7669476739781929,-0.33787460683449977,0.0645927377119152,-0.6008609119648308,-0.29761191877467597,V
0.0,0.0,0.0,-0.2250922372914239,-0.14459073692603538,-0.15194815705940745,-0.3732661960036223,-0.42819088269564665,-0.23948871542514166,-0.2598773265784373,-0.6094544706547151,-0.3271180702482173,-0.09632289428576482,-0.7263446047104636,-0.4061013314759167,-0.24828336515890992,-0.9805914975922623,-0.11289613043449717,-0.3418777500619515,-1.3553673764523153,-0.2332441610798483,-0.40069425699195,-1.5954858172172564,-0.322880450335569,-0.437644114053686,-1.8052265406493888,-0.3839823714676673,-0.06169691176730389,-0.9903636292792133,-0.12398940631877664,-0.07445258152786656,-1.4225221082421735,-0.2457049396084086,-0.09770014078880322,-1.715261163652957,-0.3257447155654169,-0.10528690094683057,-1.9513543176388217,-0.3687624927046602,0.10613623348111788,-0.8860074456957641,-0.15637274173326757,0.08517557647119554,-1.1184287817524012,-0.3281319752691854,0.012400140535293622,-0.858350797501106,-0.3580063886729832,-0.017261596339028983,-0.6386932582414109,-0.3307483658894647,0.2581337911118249,-0.7206092063327008,-0.2019751596798929,0.23257300258061703,-0.9009458542833247,-0.3398976060240628,0.16423092222227328,-0.731863205807911,-0.34154124189912555,0.1401114807627293,-0.5642944754050693,-0.30944780416787576,V
0.0,0.0,0.0,-0.20523732149133223,-0.14017624333304043,-0.1319616975832097,-0.34152870928284973,-0.4060461658256248,-0.21608435822281494,-0.22009124810904915,-0.5763193305223718,-0.30400106137928756,-0.06322265700256034,-0.6872928466514587,-0.3833649624603897,-0.2294633807139417,-0.9814073332652158,-0.09945434009927266,-0.32515906188003274,-1.3635519679223775,-0.21130939225189294,-0.3880686138504159,-1.5923763447873593,-0.2948738954805256,-0.43231420445545776,-1.7966595012535997,-0.3506728447354887,-0.050640769454527654,-0.9916713754254675,-0.11842041897753444,-0.05779729271826407,-1.4297933869407522,-0.22989604831605728,-0.07251825536025891,-1.7087465534155997,-0.306878577728452,-0.07305045395380635,-1.939794535737116,-0.349506211501769,0.11258861720531947,-0.8893217839622871,-0.15568361600998368,0.0962598642211524,-1.1112420863490529,-0.31342119923400585,0.011896506229877566,-0.8712951129926104,-0.34139732233890113,-0.03032538180309162,-0.6649937370048424,-0.31660051182359794,0.25866976328492536,-0.7232182507447565,-0.20469791848141938,0.2303493502978769,-0.8982605271136662,-0.3237292771439491,0.15591328377920025,-0.7352873588365895,-0.317921584314342,0.1253637822850719,-0.5673488313699182,-0.2846209907666939,V
0.0,0.0,0.0,-0.20850362484826077,-0.13703826574421793,-0.13670213469563028,-0.3514256148950444,-0.41031416535538223,-0.22231992722409663,-0.23993774393310122,-0.5594142782264862,-0.31101579724551703,-0.07603608487128335,-0.6327732944886897,-0.39004381324744414,-0.22327875065881728,-0.9844052006555886,-0.10772015714415406,-0.3147772450691282,-1.3712915656988462,-0.22893434016539208,-0.37023374096776174,-1.616278550945165,-0.31901447887709367,-0.4074496771745605,-1.8331147390818359,-0.38034378887666537,-0.04280868248325534,-0.9910973414117223,-0.12606933231624548,-0.04633084941299668,-1.428872189393264,-0.2456077525980432,-0.05891685801050652,-1.7203673000855109,-0.32541906210276356,-0.05881400724489356,-1.9728527194752685,-0.3706065518722273,0.11799660238260881,-0.8851013710787596,-0.16333806505281206,0.10278412492194579,-1.120100509040553,-0.3316101002468483,0.0027154017499331977,-0.8575033968342818,-0.35499829947576805,-0.05080273465089813,-0.639734828763929,-0.3244279440024817,0.25812652439775235,-0.7083445457965778,-0.21292916283891097,0.2243808579453856,-0.8683961421392001,-0.3435929516165447,0.13864082692814386,-0.7001653150715814,-0.33868922880341334,0.10147442893414028,-0.5385254292682432,-0.303400240613255,V
0.0,0.0,0.0,-0.22209638501629078,-0.1377460323819442,-0.1424230784500245,-0.37227588378782894,-0.42381259585927955,-0.22902824247608808,-0.2541572194767113,-0.5866806127549844,-0.31684429089972604,-0.08416523838403836,-0.6716908475616649,-0.39692280208372127,-0.22747386839991487,-0.9880109973264973,-0.12399852506704956,-0.3170423887850245,-1.3805390403470255,-0.24453522898927746,-0.3701974444608872,-1.6335547627029456,-0.3327200692606646,-0.40448209529158935,-1.8528842154309435,-0.3930350054551785,-0.0345288206839819,-0.989675558359322,-0.13910445617713968,-0.023755635935692833,-1.4393491285136455,-0.25691660907066055,-0.029782608683674505,-1.739076732405076,-0.335993773206134,-0.027576398952788145,-1.9912249609657935,-0.3812553078214618,0.13167809974370276,-0.8749709926026014,-0.17227493685861203,0.11200585919608418,-1.1165343296418955,-0.3406916280822691,0.024863509265972222,-0.8559626690821781,-0.369465461916427,-0.017859490299884095,-0.6339886746633501,-0.34359528692961566,0.2750034805206706,-0.692563518564717,-0.21724113232491762,0.24446598717292534,-0.8736962230030546,-0.35324592614812933,0.16504586037423216,-0.7090553153349128,-0.3521875103569845,0.1303446413461719,-0.5407187251503794,-0.31937368639159475,V
0.0,0.0,0.0,-0.219359211410648,-0.13216226675416293,-0.14411739987407646,-0.37317104352066083,-0.4120562052099977,-0.23278521748389272,-0.2627206012949756,-0.5747681862959519,-0.3224244086518301,-0.09831973395894707,-0.6650005386845876,-0.4039913279317021,-0.23614685724477993,-0.9886178925841042,-0.1302270052698727,-0.3323047536949189,-1.3836213953653909,-0.2541499896019889,-0.38883438336020465,-1.6369523910699848,-0.343241030018328,-0.426123380062406,-1.8560302832561666,-0.40262684473900406,-0.04244594945717105,-0.9884033229599211,-0.1457985340682997,-0.0316736562376506,-1.4407209452541854,-0.26572038048544083,-0.039735794322763925,-1.7442546794204956,-0.34372105066654635,-0.04112442873447349,-1.9983594850367363,-0.38681668611956466,0.1242926102436844,-0.8706109101547234,-0.17958056745307707,0.09731339271249577,-1.100907711067775,-0.3508001491838527,0.007791741522511596,-0.8328944732848903,-0.37793182887023363,-0.034346431595899146,-0.6114598347570736,-0.3493195823681167,0.2649403289116657,-0.6850504195289235,-0.22534788599815747,0.23038126949813717,-0.8541849257912166,-0.3618134388011229,0.1476763302148916,-0.6836110554209988,-0.3586045731304181,0.11250705809186513,-0.516876864784889,-0.32349419235927784,V
0.0,0.0,0.0,-0.2109550933395758,-0.13872760312814222,-0.14120952823747204,-0.37436809630190376,-0.42829386876242914,-0.22754701239548622,-0.2733917972901055,-0.5907688272562567,-0.31526386973236936,-0.10070048178758516,-0.6371476989806444,-0.3935204803148854,-0.2255127312682012,-0.9937066082891634,-0.1183113351793512,-0.3203427298918817,-1.389606578046224,-0.23871369692500657,-0.3786155848616307,-1.639399564829784,-0.32885052708662316,-0.4138005317817798,-1.8591555482574744,-0.39181892252239103,-0.03864100200741876,-0.9904129977020436,-0.1326234027112654,-0.03435701178173546,-1.4445191041520058,-0.24752736863952793,-0.03562175824718942,-1.7342869750141576,-0.325819045598983,-0.02431929537663032,-1.9821792161062302,-0.3732864405141082,0.1270758362356831,-0.8764458524695404,-0.16566136877777576,0.1078222952417082,-1.0999015577347255,-0.3276725627276482,0.018414969608527704,-0.8274313670767957,-0.3550340362721741,-0.024540239235465357,-0.604042621821345,-0.3311939461276643,0.2716221916898846,-0.6972649758791805,-0.21188308390891927,0.2392079871219973,-0.8563530148914569,-0.33984423662709795,0.1572922053938022,-0.6878115278622637,-0.3393236346380568,0.12529474832332363,-0.5275525347447391,-0.310350014252663,V
0.0,0.0,0.0,-0.2109866633370931,-0.15373993077619957,-0.14153413218489527,-0.3736569167008955,-0.43455483651995264,-0.23166526085282535,-0.2718988005125986,-0.5864810214641107,-0.32324286883402986,-0.09613800733583017,-0.6492804215712413,-0.4060391630596389,-0.2199943915320261,-0.9949950076687419,-0.12229999316408031,-0.31451247084380796,-1.3960537523962588,-0.24800114011739,-0.378797402425996,-1.6407626485544242,-0.3435623268216731,-0.42244772461926794,-1.8567007189274407,-0.4082825889976765,-0.035314698259160386,-0.9901088546534407,-0.13578412287051966,-0.02358938921284218,-1.4532432509837576,-0.25050942507721263,-0.025593428892731494,-1.7362955068721941,-0.3303482965087866,-0.01733788391502592,-1.9761517883943724,-0.3800230716022351,0.12785899534195594,-0.8750782893991584,-0.167910427051292,0.11539098131604258,-1.1069067466785396,-0.32885337793299724,0.023174777074363988,-0.8298053658327624,-0.3574427197706615,-0.02285300305833519,-0.6080464423948624,-0.33649068055796466,0.2749488487763157,-0.6946981920511971,-0.21278055589728334,0.2456392216365326,-0.8525106055967279,-0.33900657544896323,0.15782699544958045,-0.6754000141684308,-0.3370695821487355,0.11998914172636345,-0.5114474038593294,-0.30840487009451467,V
0.0,0.0,0.0,-0.21058590827739146,-0.16234185091517023,-0.1508449882369919,-0.3561362215539459,-0.4538886246897772,-0.23969626936130525,-0.23957774314670824,-0.6046608493365015,-0.32793897817495105,-0.06545718816501539,-0.6776084982274494,-0.4074639224001134,-0.20133025637074944,-0.9890580542436449,-0.12305299505174273,-0.2955950012048976,-1.3808693567584565,-0.24081149929847792,-0.3506839931261177,-1.6222846027846807,-0.3283932282353646,-0.3857551670472066,-1.8344321491076019,-0.38907673934658027,-0.014870673734499545,-0.990848781643967,-0.13415496627910709,-0.007081881212133413,-1.4593703967933895,-0.24861677373181987,-0.010344869889341683,-1.7364911708115558,-0.3253131059000444,-0.0025224383084476304,-1.9710311580179916,-0.3709661577487529,0.147743972757492,-0.8766181506409187,-0.16518468048195403,0.13169445873107605,-1.1014036702662637,-0.3272414894842148,0.04004963181293449,-0.8268868540268463,-0.35444704737609867,-0.0023945116698122545,-0.6163173969678589,-0.33093481870852154,0.2898753790928584,-0.6975969741290835,-0.20968510349493485,0.2611328906756227,-0.8841240804229624,-0.33183248435155627,0.17967333227424506,-0.7125395912515297,-0.3272396172373441,0.1481994505207715,-0.5565400533420249,-0.2976064303908381,V
0.0,0.0,0.0,-0.2165098338990115,-0.16097989292383097,-0.1495218036733573,-0.36536537326244783,-0.45234978306560697,-0.2347307860182814,-0.24919961840635474,-0.6104154842431451,-0.31939728476837387,-0.0761295014297278,-0.6884372635707067,-0.3956286818760225,-0.21966958560430827,-0.982358365208286,-0.11870312783632334,-0.3119326104419118,-1.371678217201106,-0.233539641560845,-0.36641513284634836,-1.6134188748457037,-0.31965106907623053,-0.4010273820001235,-1.8255682637125275,-0.3799529189486734,-0.03543751789708096,-0.9910514095372199,-0.128690660032435,-0.03148317704195149,-1.4652204209119553,-0.23874221987190736,-0.03335574114478248,-1.7363092515996985,-0.31190906134215957,-0.022615912049680123,-1.960228145716866,-0.35625096161116565,0.12698788904533226,-0.884765962314106,-0.15879906939748042,0.11062765699492406,-1.1113331583674657,-0.31619074360275,0.024755105229924336,-0.8416090151387932,-0.3422900832294296,-0.014342278709431366,-0.6338670147785076,-0.3201007592219278,0.27140893343410155,-0.7125243175724728,-0.20264245707535253,0.24146786800624617,-0.902419172894262,-0.3218098528402588,0.16295299738117636,-0.7303283386844005,-0.3172463249167373,0.1328810816389897,-0.5723767310954412,-0.28938041363817163,V
0.0,0.0,0.0,-0.22062860180328758,-0.14284808835975296,-0.13484188133846467,-0.37177020769823066,-0.4369544242242119,-0.21141519773694026,-0.2561509566602567,-0.5927684238333095,-0.28999243506062194,-0.09512696514841791,-0.6748851140431994,-0.3601971320277557,-0.23646569113910273,-0.9806468876866331,-0.1100267527127293,-0.32870602568009877,-1.3650507774337515,-0.22572206691583038,-0.3802953884305887,-1.6069988734659175,-0.3143510289242139,-0.41165939512924915,-1.8217277276933472,-0.3777644987045483,-0.04804587538552524,-0.9908752103854751,-0.12592819899442256,-0.05016685850322171,-1.4378286618363456,-0.24124591558247868,-0.05073336786004005,-1.716820438336576,-0.3241245303460986,-0.0383225011939045,-1.9572599197023006,-0.3763629924393795,0.11887375133772488,-0.8908430667717947,-0.15994795974880888,0.10278194464041902,-1.1122629871883238,-0.3244182840155575,0.02395838603265881,-0.8358939022682956,-0.357889503641873,-0.013241065815964804,-0.6136684568886178,-0.34008841758568914,0.26511740655946336,-0.7260700942897572,-0.20569492994576272,0.22988117257430568,-0.8832127614664742,-0.33817308384460715,0.1590640136930885,-0.7088053914053914,-0.3432145622678591,0.13525741129364677,-0.5480366157234612,-0.3193017860954281,V
0.0,0.0,0.0,-0.222818884449149,-0.16185575884702735,-0.15126150750318432,-0.36763375406355814,-0.44732254055393117,-0.23147154258246747,-0.2227989010688435,-0.6070188607859699,-0.310183641360409,-0.04260086618535188,-0.6745113708716158,-0.37925227889055185,-0.24305489415505832,-0.984206150885952,-0.11704575866774394,-0.32634093580882084,-1.3823841316838745,-0.22623902705523563,-0.3712680154867727,-1.6336539221032869,-0.3070586169109364,-0.4018910655545645,-1.8563163934275755,-0.3637749041355402,-0.048900565149562286,-0.991499837989062,-0.12056867750671,-0.04157628620499684,-1.4449590032555748,-0.22664150096938246,-0.04255695209035954,-1.7200877162177646,-0.2985045274367364,-0.037981991542393304,-1.9545423555894912,-0.3424951637098164,0.1154180836430187,-0.8863011563509186,-0.1441031862146591,0.10628592555180225,-1.1035883450814254,-0.3032530165047321,0.0375850377286704,-0.8435113115320603,-0.33701910073511127,-0.00012483444980969122,-0.6284918664036298,-0.31807942031087194,0.2592263829901877,-0.7191754593964114,-0.18113292959538033,0.23504451915333724,-0.8668667022328189,-0.3060731710503463,0.17167253274500643,-0.7096811333757075,-0.3126841851753346,0.14261817803119672,-0.5521775573924997,-0.2902471356506834,V
0.0,0.0,0.0,-0.21641203816025587,-0.1717625275878129,-0.14521432921012614,-0.34372181697507354,-0.4650533653957251,-0.2178071202983413,-0.19230602571323785,-0.6203405184802772,-0.2891533403438643,-0.01032461044166858,-0.6845849591002104,-0.35167308670212705,-0.2332838730056876,-0.9844993766370446,-0.11350842285051467,-0.3128475901928231,-1.3838712550367704,-0.2199493674489362,-0.36097983356121244,-1.6206740806721336,-0.29853856003033363,-0.3934359860544458,-1.8307547450593638,-0.35385701419347876,-0.03908878718058762,-0.9921224279940071,-0.11901745497206268,-0.02765677979550977,-1.4549859618207541,-0.2209792924929205,-0.024436396065493728,-1.7262595458362335,-0.28999795994628225,-0.018983108531794548,-1.9534869976580491,-0.33263515896252616,0.12559496547062568,-0.8856485979891169,-0.14380973996546767,0.13491985955564745,-1.104607526754911,-0.3001390239332421,0.07474109527181547,-0.8349892870322979,-0.33224750885018134,0.04065358188913102,-0.6202098334045245,-0.3139102391103552,0.2694011654488442,-0.7170195754760913,-0.1814113419967779,0.2599629620191156,-0.8748421169216863,-0.30797275602913443,0.19765554831787502,-0.7154868402149703,-0.3137335450566223,0.16333847950250155,-0.5608146901179957,-0.2913903739427784,V
0.0,0.0,0.0,-0.21879404581165324,-0.15020812053128405,-0.15069745413227875,-0.3505675209585849,-0.44548858301626654,-0.22992239839771075,-0.19376866660025613,-0.5924978868885556,-0.3075284505419219,-0.009072249109216647,-0.6518288869997283,-0.37681988764361274,-0.2324180561490906,-0.9766482669443871,-0.11920076463729436,-0.3131514430157829,-1.3583729769809483,-0.23157835005589597,-0.3571599921938088,-1.602274060188419,-0.31501410470696234,-0.3884499688969062,-1.8164632297218029,-0.3759187933015518,-0.03435253092061281,-0.9912142007160957,-0.12772749084711552,-0.022853867188620335,-1.4331832911637286,-0.24365341446389652,-0.01963122321745408,-1.711225437896292,-0.323039348212215,-0.014150693216890147,-1.9536554327783542,-0.37047887521717565,0.13062206992648803,-0.8883861940350742,-0.15625162231700745,0.1342559832337774,-1.1003509846968016,-0.3252304681272994,0.0796867225393349,-0.8226372081100987,-0.3600428227376135,0.05260673405550139,-0.6050370099186941,-0.3401605440382714,0.27418708618418425,-0.7163544893654095,-0.19755474773377268,0.2566052600146291,-0.8630696748530843,-0.3363217406664258,0.19857185561211763,-0.6919213181419362,-0.3456345897833095,0.17237844170199065,-0.5359966282988914,-0.32277461064091606,V
0.0,0.0,0.0,-0.22496111850702155,-0.1581257594277534,-0.16964814283372195,-0.3541499602986632,-0.45850038542096877,-0.2593215961367199,-0.19809016830488424,-0.6069204071674156,-0.3449210511884778,-0.007311375040253438,-0.6455789126305753,-0.4206479705408542,-0.22267894517879394,-0.9808597697412123,-0.13522348372245754,-0.2997049573356432,-1.3550666035243943,-0.25300342466252085,-0.3409403497744088,-1.6001162958074173,-0.3411861438969602,-0.36517026944239317,-1.8211854605593552,-0.40739492690239054,-0.03013731851749206,-0.9898294662796547,-0.13903010363625998,-0.021622075376477427,-1.4254286200311135,-0.26329363646803977,-0.012585263377161404,-1.7020518026309115,-0.3480602778074268,0.001929259926955297,-1.9490540347424474,-0.4008998034105009,0.13038503247805933,-0.8845674101186941,-0.1646300547981046,0.15019746699622324,-1.0997281853870156,-0.3413600311403766,0.0892747075955341,-0.8238658097828023,-0.3777424309092253,0.05133391654422505,-0.6078696823022063,-0.3589361710724783,0.2708022165762862,-0.7112641455094866,-0.2055113419789357,0.26872262792331525,-0.8524827526017605,-0.3508203701785353,0.2063599818454351,-0.6789853237072214,-0.3655246927864415,0.17110058966821398,-0.5212298137776449,-0.34704692102872087,V
0.0,0.0,0.0,-0.2243863424210528,-0.14835808480507753,-0.16603646873222602,-0.33324080970685527,-0.4553759374672196,-0.24318198100191082,-0.16227741328789172,-0.6110690052567314,-0.3147043418979,0.022479345951358733,-0.6408828430983236,-0.3757713839904937,-0.22502353714670245,-0.9885016632716205,-0.11074345903320332,-0.2917200227574407,-1.3758973948869857,-0.21247897106953317,-0.3294554556064255,-1.6207257789670213,-0.29219592930852634,-0.3524077252732375,-1.83089347098982,-0.35310913614269246,-0.03499267173703611,-0.9933379589619464,-0.10979623039985675,-0.02646211992054472,-1.427808998485848,-0.21971261983495335,-0.008018340564967225,-1.7007294441391694,-0.2994698017583378,0.009929924741916231,-1.9372723324089558,-0.34930923337656145,0.11990703337094426,-0.8875498838664766,-0.13130036302176532,0.16130627450563953,-1.1016288956522322,-0.30082841386508913,0.11469234959883558,-0.8366860297452047,-0.3417922692973113,0.07560468886771102,-0.6208238549160318,-0.3261192741165206,0.25374567257972486,-0.7201292410127051,-0.16728820646350948,0.2806318523427347,-0.8689013182291296,-0.3177896105215791,0.22392594160772208,-0.6989645542371183,-0.3387914074894095,0.1795735054959985,-0.5364602554284174,-0.3227341924832005,V
0.0,0.0,0.0,-0.21471095065612839,-0.18119005037059993,-0.2088939278740844,-0.31129593301427305,-0.4565843401518078,-0.30864071462440956,-0.13640620477834722,-0.5904386002659296,-0.39400122258181997,0.0661340851107522,-0.629252157090651,-0.4685143266824964,-0.1986845402437332,-0.9924526406245383,-0.1615830323759037,-0.2604383849007665,-1.3889167270662717,-0.27665793929967336,-0.296885053252134,-1.6354454672887304,-0.36697349376356514,-0.3108436833927312,-1.8509641832699868,-0.4355496773503783,-0.005864895803211536,-0.9894227166010028,-0.14494237086204007,0.016358670391460103,-1.446569894766491,-0.26062246781376125,0.043872913914726974,-1.7208518681918716,-0.34489991462198966,0.0728062514364424,-1.9546817458190786,-0.40153521142208404,0.14513675012549698,-0.8696809702514383,-0.15363784707141434,0.2019306930250518,-1.0743204603805718,-0.3306517630811685,0.1415840671028817,-0.8040802823967278,-0.37936870215792007,0.09176758376369029,-0.5935160253438065,-0.3720606525774334,0.2739314057482884,-0.6902714672146658,-0.18037625550302158,0.3056999624510046,-0.8344861526030258,-0.34190948203490856,0.23865049243888217,-0.6601906823490166,-0.37162760748372103,0.1807469545980718,-0.502698215265619,-0.36393345721088277,V
0.0,0.0,0.0,-0.21658123912297378,-0.17837515767445544,-0.1730883139823983,-0.31078241249731614,-0.45852002020130017,-0.25744728563746355,-0.1374403489741019,-0.5890294750792936,-0.333167455978184,0.050074034096294705,-0.6331532019248691,-0.3989872152046448,-0.1912076099859667,-0.9904039261213029,-0.13156883677379227,-0.2500596391265081,-1.3811362190085665,-0.235191385820043,-0.28340276055703945,-1.6214675006473347,-0.3215657644676763,-0.30088075218902655,-1.833304483653317,-0.3900226636958717,-0.0017135285913712874,-0.9917571993416859,-0.1281199491636721,0.02015260745462115,-1.4459010186426333,-0.22940335192063327,0.046173380035453356,-1.7117451079142372,-0.3109310100726694,0.07200086269125605,-1.9461890904304326,-0.37003357878658993,0.14561726841289743,-0.8753527903421383,-0.14574124772541588,0.1979232770911533,-1.1030741590156148,-0.29849147498580825,0.14142070770768558,-0.8340745446879808,-0.33608603025442946,0.09416119916538293,-0.6262288889485284,-0.32975179388244663,0.26897085239679724,-0.6886113232266832,-0.1793246409637629,0.3003072197885292,-0.847146111017719,-0.3233706365639717,0.22981002109160734,-0.6743802610919445,-0.3431912630880882,0.17077420808792312,-0.5144181015468446,-0.33276771388858956,V
0.0,0.0,0.0,-0.2207921854438436,-0.17404726025490241,-0.1568001120857307,-0.34088647789606463,-0.45315837075726323,-0.23685200447708493,-0.19516771534760313,-0.5796128408278429,-0.312187915616054,-0.02468305907525963,-0.6199147537498031,-0.3781424755064693,-0.21426633852824029,-0.9850246536335132,-0.12173077376315387,-0.2834901594411686,-1.3731249769995133,-0.2282541755774881,-0.3270483309641448,-1.607398501506642,-0.31390530639137054,-0.3563432329045129,-1.8168528134356032,-0.37784684150190334,-0.02779459507178599,-0.9918806489906085,-0.12409769797528353,-0.010959404861694203,-1.44259206518512,-0.22781789524244883,0.007662443028165547,-1.7025936030992672,-0.3068907529011904,0.02467425194307852,-1.9275675101149417,-0.3606733800561121,0.12325486275224223,-0.8840465986262916,-0.1460410546042443,0.1521101221753533,-1.082995906107984,-0.29869202693237507,0.10229936286498771,-0.812837602513621,-0.33487952143450994,0.06278461713553918,-0.6030902749166884,-0.32402098203934937,0.2543028473317697,-0.7116236591823053,-0.18233176512508276,0.2706165124983801,-0.8605334599475227,-0.31378813582877185,0.20722467930354327,-0.6893475655290833,-0.32352412291674004,0.15907013690442542,-0.5288449604769302,-0.305340221576116,V
0.0,0.0,0.0,-0.2241753966034025,-0.19029252175909797,-0.1641944029085348,-0.34374787388058675,-0.4533762484068037,-0.2499556733933853,-0.19379925343060714,-0.5800656514700264,-0.3289457092918264,-0.010634409905436536,-0.6133007510648446,-0.39691471011344703,-0.2089372663984997,-0.9867234695725822,-0.13292615004193262,-0.2822567748933834,-1.3870253962563492,-0.24154107648670722,-0.33006335292399086,-1.6221802368707796,-0.32995939631655513,-0.3611768750786803,-1.8351785833652843,-0.3957053584050506,-0.019481046141873924,-0.9913537125768411,-0.12976249612785726,-0.0018260045948264507,-1.4425491256084837,-0.23249550503036925,0.018258373345259562,-1.708053108804344,-0.3115923037759742,0.03146261829614997,-1.9381715028276003,-0.36767695249298116,0.13207327319285234,-0.8832729737167706,-0.14636766567623868,0.15981530557614668,-1.0670292018758323,-0.29370396397764775,0.11188280443359555,-0.7969855351812665,-0.32995817173221226,0.07183973272208079,-0.5885600853022798,-0.32195512476848287,0.2626063179614373,-0.7124798967326009,-0.1784444727561775,0.2780162483892765,-0.853422744717387,-0.30581202673417274,0.209869623102113,-0.6832951247858988,-0.31630716257153685,0.15402379819988346,-0.5246222070621291,-0.30069986498911416,V
0.0,0.0,0.0,-0.22150550701335492,-0.19314674193165737,-0.16345538148052113,-0.3343392622018109,-0.48699302283597146,-0.24236313633680323,-0.16792035145543183,-0.6192592594343925,-0.315875802315167,0.02002431143702855,-0.6294279974404448,-0.38146373728895444,-0.18566893552648997,-0.9926894294172045,-0.1276494674450273,-0.24980693552428607,-1.4026947436628556,-0.23475125103336586,-0.29995141093308214,-1.6389709773409809,-0.31588263532810257,-0.3334325669386742,-1.8497521161053057,-0.37290777254938595,0.00963108617933155,-0.9922399690107728,-0.1239640515492563,0.03875660641924439,-1.4571603557142427,-0.22908950762175337,0.04833278554351997,-1.7343348139103663,-0.3034627384337018,0.05400400406640318,-1.9691232121674171,-0.35078411658696507,0.1659830556279259,-0.8792546120419853,-0.14079496957529777,0.18333975881488987,-1.0809639391435222,-0.3053071963921225,0.1233674064542165,-0.8070236522611381,-0.35334306474688015,0.08163998822424444,-0.5896335019096998,-0.3443527937051239,0.295563462608454,-0.7097147454139733,-0.17071612584143378,0.29827407328659344,-0.8686509907237642,-0.309548644919411,0.227098981033504,-0.7000292380827279,-0.3262901947284912,0.17478178972486025,-0.5340068243002928,-0.3110236950140591,V
0.0,0.0,0.0,-0.20627379829589737,-0.20063917686193483,-0.15174176357918903,-0.3037826621487637,-0.5013550932521279,-0.2262028535387978,-0.1245968148311849,-0.6277768672930206,-0.29840929860075693,0.06628936808102162,-0.6662633889572751,-0.3620863645059403,-0.1579207615972162,-1.001318235988925,-0.10819364450054245,-0.20398924634033275,-1.4021161608184805,-0.20956438069678643,-0.23968803503857697,-1.6397227364749616,-0.2892316637562021,-0.2623963234095562,-1.8480296159691803,-0.34738131260619526,0.03551389781768065,-0.9931787263168608,-0.11106205766783493,0.0723033511144825,-1.451784509325523,-0.21039779669808326,0.09454126942143731,-1.7198777231184545,-0.2851810685969124,0.11831483581929057,-1.9464926317238151,-0.3350229618634478,0.18793104227066004,-0.8717799010299315,-0.13419551124052462,0.22850429222811453,-1.0945334162838332,-0.28948936140838655,0.1598817545117946,-0.8299167258357991,-0.3297428543232084,0.11039015402269996,-0.6174668057420087,-0.31953248296524656,0.3170318181120502,-0.6854154018289169,-0.17044987069030684,0.34157512452302696,-0.8595521953329709,-0.30074615048642916,0.27217733838652014,-0.7038005486389467,-0.31265062644934755,0.22102603089962042,-0.547726779879692,-0.29647764394119025,V
0.0,0.0,0.0,-0.2084408154205077,-0.19658601014459487,-0.1476695629312951,-0.30056526370712044,-0.5042858727700732,-0.21729238396433026,-0.12466719076380091,-0.6394547920892818,-0.2854617166791424,0.0625998153055749,-0.6854375422794698,-0.34498720268540806,-0.15987332042920027,-1.0049667880194748,-0.09816166328490392,-0.21087540315624362,-1.4038792273857716,-0.19814472978530945,-0.241315709127769,-1.6501249351001046,-0.2783425017322775,-0.2560261121391956,-1.8635500384892016,-0.33816966801349685,0.03207397682845132,-0.994124830164021,-0.10337834425915515,0.07082923029559,-1.4488436655787542,-0.204417752053092,0.10044628590073254,-1.7188645587658715,-0.28333477867448004,0.13135987173656805,-1.945458460548134,-0.33514051056870664,0.18422252405066597,-0.8734234965764573,-0.12877918934116225,0.23310054955535361,-1.1009489898988605,-0.2874871739297668,0.16508272520071832,-0.8405424255215695,-0.32937354077632025,0.11390054903133204,-0.629915304221854,-0.31873163394784876,0.3138722208558563,-0.6912611179592418,-0.16697228932489266,0.3465805637674944,-0.855505149424511,-0.3043479472885353,0.2825383377911229,-0.6963457878267625,-0.3205088687395184,0.23347831812174574,-0.5411788935181041,-0.3048928012287106,V
0.0,0.0,0.0,-0.20079164166021563,-0.20776218613340447,-0.15367931794691023,-0.29289775371607046,-0.5201779933384905,-0.23171164921301732,-0.11937998124876652,-0.6474806544167229,-0.3063980121369853,0.07427545400379691,-0.6699443165546652,-0.3720732614585211,-0.1383919122819833,-1.008114182955939,-0.11966038273651139,-0.18723284948567645,-1.4127202555943286,-0.23121822490078,-0.22141619184357134,-1.661340108670197,-0.31729452205160097,-0.23800931437069037,-1.8760692327034711,-0.37927630969168974,0.0529868134532601,-0.9908747624900136,-0.12393386405832937,0.09688458126561493,-1.4459976267344326,-0.23106712450609304,0.12523224755477239,-1.7157414201792598,-0.30780430523848656,0.1586921113048295,-1.944408146804703,-0.35705951749744874,0.20516617465822182,-0.8658697290543528,-0.14813744235719067,0.26443395576603373,-1.088397947671354,-0.30998189409908306,0.17997233651762143,-0.8269944752463594,-0.34502179762029533,0.12034413851610767,-0.6176603040222127,-0.32866664882269025,0.33426010048500576,-0.6792165761201875,-0.18585516645837685,0.3650397993824315,-0.8379142175041064,-0.32335182205080515,0.2911742925459205,-0.6789893620010758,-0.33420126618360485,0.24005568407202219,-0.5261098446957407,-0.3137921486465179,V
0.0,0.0,0.0,-0.20924893942381786,-0.1734697257079595,-0.14937670048260637,-0.3140428941994172,-0.48382720128249596,-0.223051619661045,-0.15097804695765862,-0.6137489034689022,-0.29496420858247413,0.02800828828523529,-0.6435881475947547,-0.3577290116165521,-0.16093887925837924,-1.0069140543571347,-0.10063607391468471,-0.21531678678726007,-1.3831118933214037,-0.2076286992428098,-0.24253383134935794,-1.6203606585307442,-0.29222609040286324,-0.2585110308069352,-1.827462943860774,-0.35497673050339423,0.03520517415201355,-0.9935197978674225,-0.10806945432638543,0.06715980813660452,-1.4171461866103907,-0.22154912928236675,0.09610390784840253,-1.6879059805431496,-0.30311782705566037,0.12482445652612338,-1.9274993283117807,-0.3519264694958389,0.19215704069852887,-0.87002348365732,-0.13688893050725814,0.22587210969279786,-1.0862497540942588,-0.3083541162876116,0.1620028035278148,-0.8068492778159606,-0.34969389752302316,0.12118981289951881,-0.5914899434607006,-0.33252595383503813,0.3243612671129994,-0.68297990841019,-0.1780326344489792,0.33951008187647796,-0.8223093245133174,-0.32691616865222534,0.28291687997836146,-0.6579842700226759,-0.34598864491444076,0.25118603209728413,-0.5118195048460518,-0.32747619220092095,V
0.0,0.0,0.0,-0.24115920048464656,-0.16396182581855182,-0.16726301859706097,-0.3917143757664868,-0.4411273688433842,-0.26894184256086195,-0.28830220469747253,-0.5786214747087022,-0.3680860503161821,-0.1232404046307747,-0.6347897153404861,-0.4577659925763855,-0.23723085999596585,-1.0008486448634026,-0.1441456997001999,-0.3112348316436203,-1.3957639627156948,-0.2738978673694859,-0.3568527554871949,-1.6483292857323548,-0.3689582109722541,-0.3860929066650286,-1.870838535925696,-0.43359741457433254,-0.03615493512599555,-0.9876885947882476,-0.1521974388459017,-0.014863149712512238,-1.433780074697994,-0.2793787389444773,-0.0029042433056289865,-1.7185965551198361,-0.36318164379943724,0.015042628154946853,-1.9747273706087642,-0.4128536403196854,0.13475596523744343,-0.8585003523978205,-0.18146484314427108,0.13377588647997526,-1.0755209183536183,-0.36174000996211053,0.03569772716965805,-0.7948810812520638,-0.39117897364223464,-0.02170205659557979,-0.5734705893282614,-0.3644334937756326,0.2821515417061258,-0.6596022452134898,-0.22488616243272366,0.2686517472080966,-0.8061050501887067,-0.3639250931199286,0.1722027560358139,-0.6343539086076369,-0.3619086357954752,0.1201416047479808,-0.47529101740209706,-0.32976232614570605,V
0.0,0.0,0.0,-0.2384595312720864,-0.1399307873454451,-0.15003012206744343,-0.4049295237528534,-0.43535845240589094,-0.24543637027819476,-0.3150770345677374,-0.5938050681403548,-0.33947035877264836,-0.1519089024459321,-0.6682363855226996,-0.42410125084831285,-0.24920335707259783,-0.9943768608122128,-0.14510444172321527,-0.354395873589015,-1.3954918499612814,-0.2863711040506178,-0.4169153314484951,-1.6483075008295658,-0.393811223167463,-0.457691793177464,-1.8680581443890747,-0.4677211811169069,-0.04695981934392512,-0.9859167431797101,-0.1605084137517395,-0.05470278858942951,-1.4413739615388628,-0.2941772270208596,-0.05552291849220783,-1.7338908478520803,-0.3860113349215199,-0.04312915510513875,-1.992214644999327,-0.4412486968371401,0.1328049627499285,-0.8675899889555309,-0.19471445315350489,0.11191013727227553,-1.1067813093602323,-0.37385331235370634,0.02291748170686511,-0.8220021811796726,-0.39728505025036576,-0.023580533779550036,-0.5874621512129973,-0.3672391383915607,0.29402091274006753,-0.6816232381294113,-0.24176357484198743,0.27119996069498176,-0.8528822433162959,-0.3900548172867421,0.18342050182992933,-0.6691877858395686,-0.38691698290833604,0.14060823201551614,-0.49499839819522284,-0.34997013078817263,V
0.0,0.0,0.0,-0.24722602042641836,-0.13097657265714846,-0.1555138890692748,-0.4100514366639076,-0.4203193454876534,-0.25643094293253715,-0.31172389480030344,-0.5822973291513086,-0.3556037260555513,-0.14424679981906072,-0.6581512476021958,-0.4463339031050438,-0.2493756843351022,-0.9918181258173988,-0.15630302646293615,-0.35185410411977747,-1.3835306541031291,-0.30788295898379325,-0.4175343558083869,-1.6432314390143192,-0.4211801933631443,-0.4611684302680881,-1.8666231696418647,-0.49834485974678444,-0.04015606993792437,-0.9841300623438665,-0.1728453367557197,-0.038553706233174945,-1.426099470010511,-0.3177789970874192,-0.04203718127039324,-1.7260120246532107,-0.4130712421078379,-0.03061474502871578,-1.9925648788145676,-0.4685012709004638,0.14330139528686683,-0.8624354624320449,-0.2090906719674615,0.13449983326121343,-1.094566341477253,-0.3977071440782494,0.03597187160461919,-0.8012141781477755,-0.4176536069343507,-0.01546017395702836,-0.5621765246979863,-0.3823050321828379,0.3091644395530989,-0.6718436990922683,-0.2584390727954114,0.2882521509793207,-0.8390417977859987,-0.4129112295311765,0.18895234932590121,-0.6510440534046248,-0.40856645913667605,0.13761554046489285,-0.4777053011279043,-0.36900931739216447,V
0.0,0.0,0.0,-0.228954175422892,-0.1501443692409206,-0.15760181538267265,-0.3881542130199835,-0.4454803765478577,-0.25120617400081696,-0.2700066788290089,-0.5668705395658039,-0.343112843057917,-0.09896863939314253,-0.6018564905246307,-0.4282288122839547,-0.22907777757373998,-0.9907527837546202,-0.14350855619911929,-0.3102502774218259,-1.3757872691411028,-0.26794614601776295,-0.35937921172815196,-1.619232336423049,-0.3585419371598089,-0.3924587922734277,-1.8357975575086793,-0.42285962480731604,-0.025419518327129183,-0.9875113231899438,-0.15548387266743383,-0.01463645734105473,-1.4294598091665014,-0.2796458548073259,-0.00670395635563268,-1.7065199884299116,-0.3618421029048265,0.0071081751098235535,-1.9595920043304544,-0.4114114428899418,0.15011562998845498,-0.8619240610497256,-0.18783710073385484,0.15201405621839767,-1.080994270149044,-0.36660504986985104,0.0710144591900234,-0.7946066847195647,-0.40022638284803763,0.02540666744188034,-0.5711828293503974,-0.37712977885586635,0.30352856347930396,-0.662209388007296,-0.23297563072451347,0.28449593512084964,-0.8086823761588517,-0.376347247563884,0.1974629642943732,-0.6293809838555204,-0.38192289619466824,0.15325661999573123,-0.4670565455757466,-0.3554694073230401,V
0.0,0.0,0.0,-0.24618210897439044,-0.15526935727960536,-0.1603073146161113,-0.3921160244983413,-0.46055007587272945,-0.2539148988957125,-0.25655797694153687,-0.5990855845513052,-0.3458811196422268,-0.08170635326112398,-0.6539042957983813,-0.4299891734250028,-0.238528385645787,-0.983613677039054,-0.1372414556383081,-0.33567330650668,-1.3643531129962934,-0.26715531507788604,-0.3954586851467557,-1.6036998502994442,-0.36822690995790525,-0.4338833541791603,-1.808469671863545,-0.44120307273323395,-0.042338213643769836,-0.9881415047985843,-0.14759350310851682,-0.05020962543863398,-1.4159466645804553,-0.2794142286763651,-0.05022024438820767,-1.6975402002223503,-0.3732826264769495,-0.036859297357204474,-1.9494611589011317,-0.43280131943235106,0.13055790738797468,-0.8787829451541066,-0.179117081291274,0.12831730902792568,-1.1193210824300797,-0.35773120368211875,0.04814585567365992,-0.8464443193078067,-0.3885914005028531,0.0013553011510249106,-0.619371010091275,-0.36657015183352065,0.2871181595809732,-0.6964622755289805,-0.22498697577145402,0.27765852228465254,-0.8773482327280089,-0.3745984528371678,0.2016400016006198,-0.7015055840362947,-0.3817477472051797,0.1631569283455599,-0.5314096338377867,-0.35581104943896064,V
0.0,0.0,0.0,-0.23823643005156017,-0.17159333455348227,-0.13434640225364788,-0.40062755834313807,-0.45929387876008904,-0.21378574151824173,-0.3018372216710928,-0.5942369970644839,-0.29726350694891845,-0.1317295080128304,-0.6388158711187397,-0.3742384230224482,-0.2741893913295818,-0.9669558670561691,-0.09579100084110821,-0.370305877708431,-1.3185490252503902,-0.20434642958227084,-0.4304722987564228,-1.5485110659584134,-0.29157578318154836,-0.46998192868237987,-1.7567232068725103,-0.3573294330611843,-0.0805434191209342,-0.9902958646083918,-0.11325572027861205,-0.0947910336383246,-1.4087417403223437,-0.21883767957767006,-0.10020110847132975,-1.6773817172072905,-0.29836895124190344,-0.09496679535467316,-1.917153222021028,-0.3521861752063242,0.09259546015754973,-0.8947097820909189,-0.1504695045532348,0.08107159533064577,-1.1345224984604543,-0.30202366440873357,0.02948787061659218,-0.8819845447212168,-0.33267111125376414,0.0005085728750617952,-0.6681495882401314,-0.3180731706664464,0.2471007015559224,-0.7233784193732109,-0.2005826310979826,0.2273570248512676,-0.8944825616211147,-0.32365059783076566,0.16752363772715556,-0.7329241295218193,-0.32614723843403115,0.14032156048376052,-0.5722716833545766,-0.30388436615300535,V
0.0,0.0,0.0,-0.24328357321257585,-0.1472751418344166,-0.13845513537419063,-0.39321585660835634,-0.4475066235679572,-0.21124962042740864,-0.24842512407031017,-0.620119217841909,-0.2859809083382056,-0.05831847695039024,-0.6981546877021378,-0.35388478412977703,-0.27627340368203834,-0.9550111784484243,-0.09490546465032791,-0.37645450467729524,-1.327192535262972,-0.20920994026494383,-0.44241745687424705,-1.5703170367360866,-0.29930082390730817,-0.4876367317052486,-1.7821246140813554,-0.365702549926415,-0.07209822161447219,-0.9914154629194967,-0.10907440728305819,-0.09317923493323321,-1.425581849475411,-0.22257708907676968,-0.11127818939739421,-1.7101554336295548,-0.30727715960677715,-0.11662995429265656,-1.9617644762210065,-0.3602252718967693,0.10681876164102634,-0.9020968505573206,-0.14315997277829026,0.10829680792422552,-1.1304111973123692,-0.3071834269512145,0.0479552184322122,-0.8499163525501762,-0.3316914822765179,0.013838451054798697,-0.6204561022070989,-0.30544803217255606,0.2685686414880869,-0.7316559411522673,-0.19000168903427317,0.2595734676674194,-0.9071598251690187,-0.32914557239102643,0.18378803312831493,-0.7172344904788893,-0.33003466374389573,0.14119903039523382,-0.537211794933622,-0.2998059811097352,V
0.0,0.0,0.0,-0.26867181756957126,-0.1107286649374806,-0.2166067107613615,-0.41980624812572637,-0.42095063490318907,-0.3303718346392603,-0.2692207818977824,-0.6304499762660921,-0.43730518515412575,-0.05630866488825386,-0.7463781582604124,-0.5344414127344789,-0.31002025638915076,-0.9486575283636811,-0.1467229710535629,-0.41763883456045725,-1.3429525792887533,-0.29415284051921164,-0.4934933316890495,-1.607408085342685,-0.40335783908264966,-0.5383936834871458,-1.8352704731092366,-0.48288063152358923,-0.10080511547077504,-0.9840285136302251,-0.1467181415422558,-0.13088200821979015,-1.433996630200849,-0.31061862970175275,-0.14721274885915414,-1.7520412233279523,-0.4251727416569365,-0.1519107078337422,-2.034826354382131,-0.4920090597299388,0.08193885176626635,-0.9013878123925282,-0.17851791059950647,0.09586751792286162,-1.1734343620963426,-0.42157440018628317,0.06327904226291134,-0.8656186146599242,-0.4804257287054794,0.043914301882138324,-0.6110136524539201,-0.4576449534986711,0.2520153960204654,-0.755373019368771,-0.22702962577144312,0.2713625960902334,-0.951455207968982,-0.4450808168742131,0.21408826597178418,-0.7472430852179438,-0.4862852592216905,0.17049466734356197,-0.5497728417360382,-0.47066599744746773,V
0.0,0.0,0.0,-0.250024662818724,-0.13598746172952175,-0.16077398499844692,-0.40017934615576617,-0.44472083459648404,-0.23814896359923876,-0.24354881328787323,-0.6639552216152903,-0.3146130164387612,-0.04456042982706094,-0.7767909308152241,-0.38193421116620485,-0.31007727592021755,-0.9519720962412674,-0.08466365816430131,-0.4173393068054932,-1.3462960986521257,-0.19972700447405972,-0.4872042595655297,-1.600108337206638,-0.2895155626120424,-0.531816836666103,-1.8146210575298112,-0.35701322207614217,-0.10253744113619431,-0.9904941991775752,-0.09169140941667012,-0.1387879807769875,-1.4320653852227636,-0.21804238969071463,-0.15793117473011775,-1.7355110713244206,-0.31376764015106334,-0.16490090337154364,-1.9978322015439411,-0.3721881663598627,0.07753200503201874,-0.9129692094738316,-0.12402260937987235,0.08583067069304615,-1.1863427555466772,-0.31386453937286474,0.0639669324347876,-0.9115740945241673,-0.3543455265773538,0.05214353200401644,-0.6777873443755313,-0.3313681634164739,0.2498485780790161,-0.7637202050171198,-0.16980921628257015,0.2588515826988751,-0.9810206998747252,-0.344086632043559,0.21757736648020057,-0.8009727673798894,-0.3669055364770225,0.19033684678754156,-0.6152059392750986,-0.34457156661058325,V
0.0,0.0,0.0,-0.2361529100251283,-0.14868680840005616,-0.14452410100063615,-0.3863514081085686,-0.46768808047054417,-0.20826840234237456,-0.24078745625096012,-0.7051607664497207,-0.2715852130130568,-0.04245177116277473,-0.8083967258220551,-0.32625677860563923,-0.2984253948836087,-0.9483627018208817,-0.06908320435577099,-0.4073669834966246,-1.328474983232899,-0.16928867986270305,-0.4795796910673455,-1.5739187889262782,-0.24873018995268437,-0.5270325750348256,-1.7840941884134505,-0.3087235005480667,-0.09732251822355543,-0.9925328389909407,-0.07353156445506184,-0.1357545484448915,-1.4429316500582972,-0.17912709745165983,-0.15869380346309525,-1.7296007959814172,-0.25909813045282054,-0.1653864824880297,-1.970258114283372,-0.30778817662399865,0.0789744301148484,-0.914404532661466,-0.10092624858418435,0.09805269886238957,-1.1849798386658472,-0.27044874873805025,0.07487247287752857,-0.9354509959396874,-0.3136273505662772,0.06153526359762325,-0.7117096805152828,-0.29618156927110306,0.24511902861296467,-0.7623957998091837,-0.13998961393738485,0.2605988581562483,-0.9848833167214003,-0.294360120608313,0.2180330743400693,-0.8218050226727085,-0.31650543193500685,0.18790534423641012,-0.6393134625382857,-0.29764411654835105,V
0.0,0.0,0.0,-0.22100817170438886,-0.1697945214275058,-0.13263448329061972,-0.3628492850713392,-0.47461923007503853,-0.19658284313570132,-0.2233158858334055,-0.7061054861246879,-0.26253271828759334,-0.029164658163907228,-0.8186268944616019,-0.3190442760787189,-0.2886814174009167,-0.9411111347129658,-0.06338104849372547,-0.39832482182359014,-1.3201845538375008,-0.15950299159453096,-0.47229588276753093,-1.5610768436635671,-0.2355311138133792,-0.5181948948168893,-1.7665913576412335,-0.2932359060757942,-0.09138449440466209,-0.993340299132369,-0.0701706797887832,-0.12894609679636662,-1.4275925208125368,-0.17118467006874527,-0.15587478212981143,-1.7117400487596726,-0.2501217948674033,-0.16012015377918284,-1.9545851474400422,-0.2999059462323105,0.08322504599804886,-0.9244780752580107,-0.09776039560400934,0.09575728716639106,-1.185476988307838,-0.2509381198298704,0.06725457632735304,-0.9452629214445216,-0.2876108261171748,0.05600575486717685,-0.7277255295182483,-0.270681887343966,0.2457764802622657,-0.7835233416961829,-0.13719370973659534,0.24310941718108775,-0.98609742612221,-0.27096984299640925,0.2060637096795838,-0.8406883074561183,-0.2881045293892778,0.19062862283391968,-0.6732552525932625,-0.2694207663304625,V
0.0,0.0,0.0,-0.23329220714211724,-0.16174957545210605,-0.1425061242747471,-0.37349458345854947,-0.4648084648777641,-0.2068967081730221,-0.22884750592730108,-0.6925307951753044,-0.271631962933665,-0.037075009042264725,-0.8018717324460859,-0.32689226906070573,-0.30115033922986806,-0.9437671290345677,-0.05900964139181699,-0.41124568487483715,-1.3209777530598272,-0.1543708105558349,-0.4855624194857442,-1.5609498858872095,-0.2339129657133351,-0.5314611742561335,-1.772542124052236,-0.29722643640386803,-0.1041493374352184,-0.9924408449833889,-0.06491598201107339,-0.14558558214691847,-1.425202939004794,-0.168999743206428,-0.164403736882339,-1.7076309801377991,-0.25780618500325214,-0.16663070062400334,-1.954209496707826,-0.3180613622462648,0.06656881470422053,-0.919219890681633,-0.09363762409606469,0.09516788688484477,-1.2030380408175583,-0.26100094139900426,0.07714254754834993,-0.9665007619316379,-0.3146484475130681,0.06329155830281566,-0.7485992580547277,-0.31010118452269403,0.22777833160176744,-0.7753286161930681,-0.13407649308923128,0.24497180482144634,-0.982464244819966,-0.2889438488727707,0.20769617808013005,-0.8290135906126902,-0.3223650410196888,0.1831414299737549,-0.6538540630063873,-0.31583927984433674,V
0.0,0.0,0.0,-0.23996733664384706,-0.14935783179625545,-0.1375330743597211,-0.38711091509389256,-0.4547009186076822,-0.2010263364130987,-0.2543566817177456,-0.6918767410521949,-0.2665033335545717,-0.07138714446131622,-0.8155247377231494,-0.32387137335539784,-0.3101795103059623,-0.9399265816853243,-0.060706697497766374,-0.42524804742662353,-1.3167481948421966,-0.15804592428188016,-0.5033833925621034,-1.5563593764504629,-0.2389044335885593,-0.5532444585092693,-1.763467843121278,-0.30124916488088876,-0.11570544116156241,-0.9908698519735598,-0.0692039546232991,-0.15639764505637022,-1.4340143704210442,-0.17092360743629362,-0.18124861827768668,-1.7154682304140538,-0.25537772229394495,-0.191315110306084,-1.9545574276235815,-0.3116782289128376,0.05848121067197817,-0.9226824580307711,-0.09945286266300334,0.07657311963850022,-1.2016679420953649,-0.26055794616373623,0.04347754076397965,-0.969347394652953,-0.30584453936696787,0.019108186283960014,-0.7562382375104932,-0.29662242446838066,0.22241732864055333,-0.7790731644792649,-0.1412964396895268,0.23720393994732164,-1.0111720735756708,-0.2844001240925099,0.18455796315375383,-0.8503331411437858,-0.30362911445814084,0.14805867535964798,-0.6643102986959593,-0.28841807796692587,V
0.0,0.0,0.0,-0.2601370300989333,-0.13575355944275783,-0.19171417195181448,-0.4033857443405788,-0.45354403872155685,-0.27745689892531356,-0.2629808148824452,-0.6947082308759807,-0.35694033778545886,-0.07063701419139172,-0.8212075775397171,-0.42814337515851203,-0.32637014130074016,-0.936487687099851,-0.10119818043526246,-0.4443133210372644,-1.3250220063979452,-0.21481535330234322,-0.5229470114888627,-1.5746636459332226,-0.30263257911599184,-0.5726189354509172,-1.7883151919501055,-0.36822539409135124,-0.12770286642270695,-0.9871524434994507,-0.09603140736492384,-0.17316367892014947,-1.4378819016206636,-0.2179428358652001,-0.19694269100885692,-1.732968763450339,-0.31482238870173623,-0.20776360940368854,-1.9745761784899083,-0.37556486644011844,0.05104517931191814,-0.920903961674924,-0.12004139736942396,0.06350592357064187,-1.2080313661094075,-0.3209980304351989,0.050896743012508516,-0.9784418018139034,-0.39940228689516166,0.04484686590994356,-0.7592214791855895,-0.4036576712427152,0.22484234746845336,-0.7916340602659201,-0.1578885777591028,0.23352060105612657,-1.0171679759666081,-0.3449634113243855,0.19199378965368816,-0.8435695280038091,-0.39476400935663836,0.16528250191066698,-0.6458349205543888,-0.394836827681774,V
0.0,0.0,0.0,-0.25509678526405266,-0.13823516725314128,-0.2049434579949888,-0.3957246481799729,-0.4477916947206009,-0.29961463562511337,-0.2591429914558269,-0.6824636626528715,-0.3866705276722891,-0.07159329888095171,-0.8341481147343162,-0.4651288974944976,-0.3324026755617978,-0.9335751745537456,-0.11862251963516643,-0.45423326030536587,-1.3224628042012552,-0.2399765741427135,-0.534599776616507,-1.5702377720342908,-0.3316843657857687,-0.5888073523598605,-1.7838975146286908,-0.398812725635084,-0.13363557110985874,-0.9846721793422311,-0.11208136938654445,-0.18488241072275982,-1.442624450978351,-0.24225650522652484,-0.21119784544049278,-1.7412109605121708,-0.3425732786838962,-0.22370916426795448,-1.9871022271304053,-0.40434840097030816,0.04860086760248034,-0.9157654743574305,-0.13618857175866791,0.056287949038794916,-1.2101305264492892,-0.34837676989416844,0.04244520906045206,-0.9576863725211868,-0.42724066489393875,0.03604404338389984,-0.7321354607892675,-0.4285299380636556,0.22499019652232846,-0.7861031898247971,-0.17497031936215848,0.22780642528878886,-1.013162327800408,-0.3687250882239294,0.19405452175217125,-0.8339074911051806,-0.41907011642417646,0.17619953814225503,-0.6430255830240612,-0.41820051949877185,V
0.0,0.0,0.0,-0.24927253943993613,-0.15987646789534457,-0.15356359324630667,-0.3943117124280414,-0.4741082427391035,-0.21197508646623525,-0.23955549860710565,-0.7311850439543354,-0.2689461781726821,-0.04858872475139746,-0.8696074932522152,-0.3171263497761355,-0.3350527478472368,-0.930287344841421,-0.05741666157461207,-0.45079887466353763,-1.3311312868658085,-0.14523910969639042,-0.5245483563079516,-1.5765104418770335,-0.21453323317311435,-0.5711061422924048,-1.7900008877517457,-0.2690168374588723,-0.13336622590398903,-0.9895145141186694,-0.05544795881382846,-0.18075531055166166,-1.4468552999934767,-0.15726170885356708,-0.20426403187997422,-1.7389924193795372,-0.2401400732241981,-0.21195387456980824,-1.9754625633398288,-0.29263411939543416,0.04605962288928941,-0.9326011407898286,-0.07824287764014909,0.06422497292654297,-1.2254501889278335,-0.25272226697350453,0.05574387825340109,-0.9879387212714894,-0.3152585682243255,0.05455039917735497,-0.7671831585525438,-0.3123538637105193,0.21781873284652897,-0.8089841910956318,-0.11287785111215037,0.2171529017838233,-1.0286226274744066,-0.27542656162092843,0.1950669377758858,-0.8709279335057831,-0.31678105718024957,0.18818110919812267,-0.6914139600130289,-0.31346092337153647,V
0.0,0.0,0.0,-0.2465881351042112,-0.12975462023556597,-0.1561504778086845,-0.3882916761026443,-0.4456951049946092,-0.21760651834793798,-0.2312113304505679,-0.6931147081922305,-0.2749509751453425,-0.048293864036399084,-0.8191952171536638,-0.3230524276455226,-0.33436469791522705,-0.9268961562527948,-0.07637457516166841,-0.4488727319410609,-1.305747207254034,-0.17633542353596965,-0.5231366922514943,-1.5488007281223577,-0.25694965380863566,-0.5712975807759515,-1.7588357082961805,-0.32017587783007645,-0.1311876593650577,-0.9884075104694141,-0.07642245270843218,-0.179826793151762,-1.4359756190265667,-0.18534192971875352,-0.20156160876633952,-1.722195175517435,-0.27317733207298206,-0.20702908675335988,-1.9628792084955342,-0.33013621025526724,0.04527296580338442,-0.9254407424558232,-0.10063955741006676,0.08051656643973264,-1.2119056249808842,-0.2778830904857149,0.06373047585809281,-0.9717484570993423,-0.3360597709192111,0.05191219770344929,-0.7493804223572221,-0.3315452310805685,0.2134110629979455,-0.7920033155777201,-0.136936033283338,0.2242891809541227,-0.9848009473620334,-0.3067412420321697,0.19360407418329098,-0.8284290621527669,-0.34952173880499904,0.17721754638394543,-0.6577369655920813,-0.34622932239150017,V
0.0,0.0,0.0,-0.25667936804955566,-0.11880711599576976,-0.206315991777561,-0.3958035509843198,-0.4254241472661247,-0.30401112045331097,-0.24170600159371025,-0.6620589652527668,-0.3926070948918705,-0.04542617344839363,-0.793292609810162,-0.4706470819461404,-0.32521505291881775,-0.9261788272292144,-0.13950700857753395,-0.43802057212632384,-1.3173383452294753,-0.2763277637036454,-0.5209532613037882,-1.5718827132504138,-0.37554235721457696,-0.5768776604073022,-1.7873629819823091,-0.44726445118004726,-0.12589155065862997,-0.9829014979483667,-0.13437247785027503,-0.16413046804360823,-1.4266690232381418,-0.2823455769530318,-0.187144789339744,-1.7324258289825631,-0.38771296190445936,-0.19227421163072042,-1.9978400959146325,-0.4508740446440677,0.047814160311677664,-0.9153546657672561,-0.15901126933279408,0.10277340384669925,-1.1866021393618753,-0.3785165214519732,0.08784381681530899,-0.9163937242173975,-0.4415614280583371,0.07582777056371223,-0.6829413490717665,-0.4297601118507708,0.21076318636414132,-0.781213705944554,-0.1993700120548282,0.24173873575052762,-0.9579829725114808,-0.3966288274560654,0.20934296576897315,-0.7845235710094952,-0.44226877703901174,0.18343217365212042,-0.609710421341216,-0.43531844196642633,V
0.0,0.0,0.0,-0.2488700992833433,-0.11731104003955417,-0.1473337914745668,-0.4126056530940555,-0.40697818420278037,-0.2225983512850362,-0.2898320335769185,-0.6534329555372765,-0.2980606960387331,-0.11043509658644883,-0.7976476890479678,-0.36427999176618,-0.33735605411551656,-0.9220155750771809,-0.09048782868476435,-0.46270970798807454,-1.2815948241068003,-0.20887579126955158,-0.5471017935812942,-1.5157135431067068,-0.3020251563690772,-0.6072653837603738,-1.7188400066029568,-0.37046281863417657,-0.14214053083057052,-0.9847346766578139,-0.10046733838832526,-0.19803438192989922,-1.4289625872606713,-0.21976119192824145,-0.2305320539896414,-1.7156064538276743,-0.30822408786349437,-0.24687056350753608,-1.9657347270501238,-0.36287385657183485,0.039007967290253444,-0.9208101071881784,-0.13208595863064862,0.03329997526687552,-1.194637436231192,-0.30958620984586055,0.015631919033692602,-0.9230486502606362,-0.34672183130760553,0.012029789921921274,-0.6844486359520904,-0.3260655204654861,0.21660612731381765,-0.7765820141578428,-0.1760085248962245,0.2143159762339667,-0.9881785046121558,-0.33100717018049935,0.16516703549095785,-0.820945959279202,-0.34587048219273686,0.13626764939350028,-0.6423050246949066,-0.3227465491176831,V
0.0,0.0,0.0,-0.24935265322358005,-0.11893719823357865,-0.1462529393624681,-0.4126223183035948,-0.41179812176577707,-0.21898086739838207,-0.2923492236621396,-0.6616751823413236,-0.2916613996589061,-0.11609251207243315,-0.8065293794150101,-0.35479881435767674,-0.3435890123292054,-0.9223472487974799,-0.08288409971700038,-0.46663448576996497,-1.288478976073747,-0.19698323183371436,-0.5507605216997411,-1.5183869447457823,-0.2860609573376418,-0.6118675805788436,-1.7227381090472775,-0.351290475479435,-0.1506327007479499,-0.9842146088476248,-0.09290529154087715,-0.20759873133270093,-1.428399538041415,-0.2105217785837357,-0.24325950513813666,-1.7122033380778485,-0.2982604979262916,-0.26338099733523124,-1.961936231376259,-0.35158039846894584,0.0279666619782378,-0.9217871352111389,-0.1248663703595725,0.027343458428904177,-1.2011221971028962,-0.30714631651190255,0.011320039657740673,-0.9289239076205812,-0.3473045321579432,0.006722257929184827,-0.6897723197323886,-0.3261148508214717,0.20327102833933877,-0.7828172181752012,-0.16836310773346655,0.20664101674554292,-0.9961299313902258,-0.32974910115777095,0.16044717226755317,-0.8241133127601655,-0.34704049395112113,0.13309727060838594,-0.6408954067856855,-0.32354675374276487,V
0.0,0.0,0.0,-0.2528996412913435,-0.12080690473626943,-0.15663147617660264,-0.408109027549058,-0.4144333048577602,-0.2341979318258735,-0.2733284602559844,-0.6615373379573778,-0.31062851319384366,-0.08380453223897294,-0.7922188302630575,-0.37777726306983206,-0.3305452985476858,-0.9220599138652397,-0.09283807050173556,-0.4496791149576178,-1.291899600839881,-0.2029023045624096,-0.532054626061684,-1.5240297424669336,-0.288075206122796,-0.5883171805282,-1.7291561938499906,-0.3521494994705595,-0.1345888860927664,-0.9860595357059838,-0.09783876421750107,-0.17830989076964804,-1.4204780102986416,-0.2161598033872864,-0.21052401192091916,-1.7103302144563775,-0.30654470314074833,-0.22466599667870996,-1.9666655179786754,-0.3630361886824073,0.034954681395089934,-0.9194278183866484,-0.12484114481171861,0.05616602683697064,-1.1839855755484685,-0.3052328205171404,0.02562396346794922,-0.9142751838269566,-0.34654112825776273,0.008237138892771546,-0.6734117822075918,-0.32728938386826106,0.19623740747615823,-0.7751242508154091,-0.16477386942231373,0.20217729184015837,-0.9522126033264686,-0.3262765737267633,0.1635847898155822,-0.7826941982900862,-0.35033273612266574,0.13975191197200892,-0.6014547283152054,-0.3323414330310623,V
0.0,0.0,0.0,-0.2485710732280297,-0.12249235883615361,-0.15352672703676687,-0.3990951098422424,-0.4158828015503708,-0.2300369668651209,-0.26517675499683757,-0.6518372166524871,-0.3055049644331847,-0.08035243331148806,-0.7858104057082861,-0.37205082073687656,-0.3241895964843406,-0.9254459702220666,-0.09211458948606435,-0.44242635813670744,-1.2912828101539466,-0.20829185788730942,-0.5261953591476372,-1.5257202830712266,-0.29820953700149005,-0.5873277410628175,-1.7315667527480982,-0.36313212725606475,-0.12956035642533975,-0.9866715868112457,-0.09845452667255779,-0.17276921872612377,-1.4229590321238876,-0.21775474374454473,-0.20759274108198605,-1.7164536515796895,-0.30488987571696685,-0.22567085353050587,-1.967202733038046,-0.35633095095269746,0.04224199643437527,-0.9208149568930208,-0.12696405280027015,0.057688892600394635,-1.1725440346988893,-0.3048474287528966,0.024567873379301948,-0.8985827400989288,-0.3380047013148975,0.006594639616325274,-0.6558563000131277,-0.3117460101031916,0.20617464912281533,-0.778249891205258,-0.16856924154653946,0.2100586289168823,-0.9565148356354846,-0.3234833801942069,0.16515882491123104,-0.7829947020372003,-0.3361296025480136,0.13705232816537508,-0.599500440280479,-0.3089734759855449,V
0.0,0.0,0.0,-0.24160341639652447,-0.13539303172140302,-0.13426473080248977,-0.39927602171363236,-0.42476044532661705,-0.208781648077908,-0.29538460841625336,-0.6713803510066448,-0.288656814186077,-0.13151218202195503,-0.8409371237942384,-0.36143115865739106,-0.32647793499684397,-0.9261975837076935,-0.0822567397066831,-0.4737546356638933,-1.2837739136209947,-0.20560411306745122,-0.5699461666424566,-1.5089140041788562,-0.3000485429746195,-0.6373352588522213,-1.6984031709872518,-0.3652127188263338,-0.13823761445477423,-0.9851999925449548,-0.10134760302678227,-0.20823199747501872,-1.438696240486843,-0.22354720603240405,-0.25892216931578754,-1.7134279618582136,-0.31213405216460055,-0.28637593221917895,-1.9403559702086923,-0.36600013881009824,0.04151399129767052,-0.9273861500121938,-0.1413560181517921,0.02161537233473483,-1.2305818117864396,-0.318109246257924,-0.026358337656377576,-0.9593640258327503,-0.35014455629434804,-0.04834776979557663,-0.7182877994538458,-0.3269579375253014,0.21821296328378573,-0.7909540263506243,-0.1928378058937233,0.205159090365222,-1.0362474405205961,-0.3362821591738204,0.13781636096551753,-0.8709313692789932,-0.3397013748720238,0.09345413108565387,-0.6835217572942387,-0.3111540977335028,V
0.0,0.0,0.0,-0.2375483517268649,-0.12595636121721662,-0.1338744488104461,-0.4172528361477771,-0.4136921255464937,-0.21123911081088464,-0.3438863029579418,-0.6875528079056183,-0.29312848135327474,-0.17165975709010095,-0.8651838444038443,-0.3654511456444945,-0.3386715715625027,-0.9277423404087052,-0.07841832084209234,-0.4902834500044696,-1.2861913558163955,-0.2031780123475244,-0.5943537311741527,-1.5108898489747573,-0.2978101532244039,-0.6636828813109226,-1.7076795734591286,-0.3608433691606509,-0.15688291108486171,-0.9830933326634412,-0.09442060941461848,-0.2270009652865901,-1.4542198111832125,-0.2136010811705132,-0.28852930294814194,-1.7580447297863588,-0.2960880087790775,-0.3262108009594577,-2.007790969919688,-0.3429138678605736,0.022965072857004613,-0.9233010645652031,-0.1313576285640463,-0.008642241484449273,-1.2132894795682143,-0.30291007212931886,-0.06540866083223308,-0.9463602017014935,-0.32892470291301196,-0.08813170698523608,-0.7137709943046362,-0.29830607194865827,0.200283620266837,-0.7845238107413987,-0.17971077699225257,0.17017584158932506,-1.0323211351320087,-0.3147088524931297,0.09590024923325398,-0.8595938857921304,-0.30942801433571987,0.05449943588696865,-0.6693244207911135,-0.2725829889357076,V
0.0,0.0,0.0,-0.24629256987848727,-0.12450575462520652,-0.1328476352571852,-0.43752633484144765,-0.4049045266362586,-0.2094740899349604,-0.39158059317770094,-0.6873416552741639,-0.29051054227030937,-0.23305455716515477,-0.876752148107364,-0.3611265605408423,-0.3729286314017529,-0.9201096215325482,-0.07360213712089343,-0.5260510815994628,-1.2831779053062866,-0.19311458455556432,-0.6341030135140634,-1.5061258934973243,-0.2818947971477582,-0.7086253167180043,-1.6975466208713583,-0.34179104836250307,-0.19857000227730057,-0.9761169462539153,-0.08812299036871132,-0.28084778327392795,-1.4357788957180089,-0.20433966592835673,-0.3464593891918162,-1.7124643276270355,-0.2844118180578379,-0.3823224444570099,-1.9380483021020922,-0.33119670015768093,-0.022447925226177896,-0.9245627091033317,-0.12390702586958754,-0.06739314242250075,-1.2210119850636865,-0.29094184180061694,-0.13050381401720323,-0.9767525901881627,-0.3203282911547669,-0.15561829710834948,-0.7555210855690864,-0.29556316727796383,0.15592354186112287,-0.7968805248224132,-0.17106922439994215,0.1008662443270911,-1.0316242913756009,-0.301238411501634,0.024494949296628446,-0.8697152202311599,-0.3026753229119116,-0.01429600610025995,-0.6854808870297111,-0.2740112154808177,V
0.0,0.0,0.0,-0.24805761823179914,-0.13421998126667364,-0.1286555913988997,-0.4561236270942288,-0.4323339461516091,-0.2065232055155321,-0.42312981993257404,-0.7409996479112415,-0.29212945484521236,-0.2576099740657808,-0.9299827687600506,-0.3690583404822137,-0.3610412861139493,-0.9139011076458199,-0.0694249777929282,-0.5235803054538902,-1.2685679889826267,-0.19171422520027315,-0.6435841922321831,-1.4800683768404221,-0.28082723333544224,-0.7269921828141043,-1.661916467394155,-0.3393725664040303,-0.1886597986654492,-0.9781811396236301,-0.08700079569824906,-0.2761949506613,-1.4544430181898567,-0.20383839195240702,-0.3577295465674441,-1.7272012177194491,-0.2784722356789121,-0.3992796495132435,-1.9438782001086974,-0.3198196099226177,-0.01117726922797643,-0.9335329080088864,-0.1268685276601046,-0.06792066822807799,-1.2557758879401073,-0.2931447588511206,-0.1524142670067316,-1.0181309993933874,-0.3195381559456871,-0.1790668793000262,-0.7878219424830599,-0.2910119710663897,0.17019983365513225,-0.8151726745016868,-0.17839248541608344,0.10307620323783123,-1.079210189198662,-0.3022588031925835,0.01377262359931899,-0.9323925034626631,-0.3020792324715245,-0.02563377973457817,-0.7429157410411674,-0.27299731535079924,V
0.0,0.0,0.0,-0.2703692928123019,-0.14138786622338995,-0.12494829306969522,-0.4811701538959785,-0.43768741709729714,-0.196510679517424,-0.4614446526238166,-0.759617260290904,-0.27545331830872705,-0.3096199766459764,-0.9670664973207007,-0.34514950029768726,-0.37786077403832097,-0.9024633288932844,-0.05824273478555837,-0.5562312654456566,-1.2630850384432242,-0.1741885917868279,-0.6788413018419571,-1.4807127458161031,-0.2565967506764129,-0.7608879520609492,-1.6625836273786097,-0.30890138772620673,-0.20979798672026023,-0.9750200723167964,-0.07294287729089552,-0.3052624042842712,-1.4489229093059748,-0.18713660599172874,-0.3925371935377834,-1.7315969454252256,-0.2599109910834445,-0.44533564694877154,-1.9461632603288355,-0.29691611049600763,-0.03119720564428829,-0.9430546367323075,-0.10936796580766986,-0.10789826653613535,-1.264790052942049,-0.2698502541170792,-0.17899629525658875,-1.0500986028847918,-0.2980354745444211,-0.1962260098307262,-0.829433966516898,-0.2696976135650228,0.1540064080220847,-0.8379694135734025,-0.156851705421683,0.06664080932749179,-1.1082801733609176,-0.272818659767978,-0.02505418390505769,-0.9702186992310506,-0.2697779844032148,-0.0662073831658314,-0.7771798574283262,-0.2373470543724243,V
0.0,0.0,0.0,-0.26085019825602795,-0.13131186881437512,-0.12409584301085769,-0.4702693628693844,-0.4402629904007899,-0.1905309758572217,-0.44691798448496817,-0.7664394489777959,-0.26448633812260974,-0.287029403019756,-0.972409230946865,-0.32731506596457033,-0.3441446343724181,-0.9155371007293185,-0.03771614408536174,-0.5127910213391718,-1.279111868054246,-0.14542950040072067,-0.628102573822322,-1.5074666544907978,-0.22278157786491623,-0.7014769022624978,-1.7022923132282075,-0.27292353222496607,-0.17457100553473606,-0.983421015495544,-0.04907209296844987,-0.2543154146008456,-1.4511769484922212,-0.15570487880967543,-0.3363093802568385,-1.7338695291120478,-0.22190330130669067,-0.3849531937186216,-1.9509741873566997,-0.25416780725196414,0.0005810840804083232,-0.9460420047429127,-0.08389197093548266,-0.06930204939235113,-1.2554265271402225,-0.23865221903855224,-0.15641521034066816,-1.0353881045629463,-0.26366568752254277,-0.18449245334951223,-0.8104199822859885,-0.23342112217631553,0.18296295320889872,-0.8330919104195583,-0.13067955009941273,0.10751985287083009,-1.0945345839337701,-0.24262073785822744,0.006235396700470124,-0.9666239867893127,-0.2408034429614615,-0.04634158942641995,-0.7841753787604433,-0.20979315594447018,V
0.0,0.0,0.0,-0.24055669061644647,-0.17224111766094025,-0.12211485678741453,-0.43410385987166633,-0.46967296926545066,-0.20035499727478145,-0.42896607343207943,-0.7791531913541273,-0.2899359395509229,-0.27352802810604754,-0.9725306246684436,-0.3694792634136537,-0.3116615122860133,-0.9377546640849307,-0.05854007840238444,-0.4665040411588906,-1.3215699294839494,-0.1806431014464569,-0.572883160800194,-1.553852713311345,-0.2646557455123768,-0.6474870836527234,-1.7513903797759702,-0.31489272179234806,-0.15013916690549492,-0.9857142352264924,-0.07632612287267766,-0.19847344061412833,-1.4603193694599106,-0.19288190098777877,-0.26897842385056386,-1.7377925794701534,-0.2609220950599962,-0.32007221628978166,-1.9534663216697767,-0.2923275661071261,0.015842806965537422,-0.9352957194163629,-0.11683066327611658,-0.04844441871349443,-1.244917257153369,-0.2730035024971662,-0.12983385012945903,-1.0195258703988381,-0.29226754952154044,-0.1611519647934233,-0.791525841305637,-0.25681482253553806,0.18090708042151496,-0.8181090304514798,-0.17000675783718175,0.12101255802790317,-1.0855090148269129,-0.26944803549200724,0.011366152493297001,-0.9764524940745827,-0.25775575359296765,-0.06288742804293854,-0.8119830822263087,-0.22208805721653277,V
0.0,0.0,0.0,-0.23926384012128474,-0.19524008743202448,-0.11224231694565308,-0.4230546647831478,-0.4916415786012482,-0.19035466279430907,-0.41590478327345887,-0.7922182088623638,-0.28383867948151004,-0.2548671640179624,-0.9793728673277159,-0.3680949003922466,-0.26860960468576195,-0.9635784016332218,-0.041497967817880045,-0.3975275467657309,-1.3583853198370197,-0.16364046911507674,-0.49570438915716303,-1.5871561298533834,-0.25249139190986414,-0.5651045720492602,-1.781757135993599,-0.30515612851034046,-0.11077308686753146,-0.9916425997190521,-0.06613832208544453,-0.14107325123069456,-1.4599693956935684,-0.18295002919843797,-0.20655646737699165,-1.735412581489345,-0.25899803544823713,-0.2545782256975646,-1.9516447514070334,-0.2965189412512728,0.046357908246293274,-0.9279046652896661,-0.11311591514958567,-0.01118624641960452,-1.2383495799987303,-0.26521588795013185,-0.10798359489076874,-1.0148246958991491,-0.28551552327047003,-0.15344182749692903,-0.7901322758044129,-0.2524611987063563,0.20052136148949892,-0.8027937179622331,-0.17235787701565947,0.14588950085950889,-1.0771778996466832,-0.26529975795987576,0.02784935994184627,-0.9731251489199123,-0.24961925728935377,-0.05585412078369805,-0.8134769734316935,-0.21247813125531848,V
0.0,0.0,0.0,-0.2303443050720007,-0.200271682372383,-0.10185169760182324,-0.3939452299506318,-0.5183449829136154,-0.1714938186237436,-0.37509538207006143,-0.8080086306272023,-0.2574594299199906,-0.21535524751090362,-0.9549271506371637,-0.33336076312923396,-0.21017965946595535,-0.9779236482952935,-0.02260519128563044,-0.31589196699254013,-1.3607534629962863,-0.14209980381909082,-0.4045348818918018,-1.5893630087865411,-0.22789622967539652,-0.465169022258863,-1.7777036287816037,-0.27846188909443886,-0.05242314548788541,-0.9973174340184527,-0.05108570856908103,-0.07068297010006286,-1.463991956792949,-0.16853862314858287,-0.1179525966201456,-1.7493978953436937,-0.24416170748590288,-0.1456487691654836,-1.9794099309865523,-0.2793635407139379,0.10081608803467973,-0.9175421339524992,-0.10168966027106037,0.03878912926352882,-1.1952017615160841,-0.25834092727933167,-0.08078684270782772,-0.9779810278958722,-0.2787520325498532,-0.14392984769204226,-0.7653614372243182,-0.24129741713586692,0.24611902177948156,-0.7755946086605362,-0.16310752062662373,0.18756067284511635,-1.0355753476132767,-0.2584241406819807,0.07615142778054348,-0.9404604811139133,-0.24263759430005935,0.001621428079698105,-0.7997653110409133,-0.20289241963277257,V
0.0,0.0,0.0,-0.23666851588708035,-0.19666647206905366,-0.11207758097376454,-0.4060231824156045,-0.5420341250144014,-0.1784496886457184,-0.3578042705786215,-0.8557025686673864,-0.2581394085660665,-0.17609558168797404,-0.9869598098047738,-0.32865570479384026,-0.22006258750994045,-0.9836871180562066,-0.03595138670024191,-0.31305111855730633,-1.37907625655837,-0.1448976936731569,-0.38664259751201485,-1.6122210533107808,-0.22352416155607552,-0.43746838207502575,-1.8198759380154954,-0.27336539946562605,-0.0546280196198646,-0.996970434465952,-0.05536905519496031,-0.05040230551186905,-1.456323710811914,-0.1627400226908857,-0.0859075100853608,-1.735590186727488,-0.2289568428249878,-0.10955983942859183,-1.9616673177972164,-0.26197517769199596,0.09923296693957075,-0.9151316167093666,-0.09698610723529466,0.07300656958554108,-1.2186252824621209,-0.24736492351751593,-0.036452781090866145,-1.004542359190242,-0.26815787783306033,-0.09739564356091789,-0.7855362650387536,-0.23568492135673927,0.24553473573950832,-0.7763741544347317,-0.15105591994070536,0.22436259846309958,-1.0329562994321513,-0.25157039400430525,0.10324331096062611,-0.9451643983332434,-0.2467512451910698,0.00826147205863566,-0.801542891464155,-0.2174033268290577,V
0.0,0.0,0.0,-0.23497598953098045,-0.23663511237792414,-0.11188006584207608,-0.3942237686124514,-0.5745218815393611,-0.17982468256580547,-0.3366469433382237,-0.8952656467224553,-0.262352904351503,-0.14758325791396898,-1.0320354137378178,-0.3341438398217783,-0.20854862626008697,-0.9939865978978637,-0.020644234987159827,-0.29281319000976636,-1.4101062325056992,-0.1314048025864984,-0.3584147817066306,-1.6533907306694118,-0.21185829445932888,-0.40042276682092326,-1.8608255951193524,-0.26058273913790947,-0.04474971376399986,-0.998205356931196,-0.039793573751342605,-0.01441344973488173,-1.4633336529677363,-0.15226866674594272,-0.03911623636180829,-1.7455376333794055,-0.22467089159006678,-0.050052780398818386,-1.9637091459702471,-0.25954613099100404,0.10660237378256417,-0.9134443915848929,-0.08254660307370093,0.10703921242389691,-1.2286783870421694,-0.23350401240593976,-0.004168621424812667,-1.0450139853343572,-0.25899649909395106,-0.06497166435431316,-0.8343759429656962,-0.22739028413153983,0.25219766897334495,-0.777215403840536,-0.13782705551489174,0.24797825540204227,-1.045818150684584,-0.23180169005296075,0.14264031807037203,-0.9841179980130839,-0.22642891512431254,0.06566887820020413,-0.852098343955288,-0.19570446098849914,V
0.0,0.0,0.0,-0.22764496797357991,-0.22070893971843925,-0.10322193184392382,-0.39364759465047866,-0.5687152869785305,-0.166046604444347,-0.33057448397850675,-0.8761600616525957,-0.24255087782599402,-0.13920022601852508,-1.0145838940574154,-0.30962179796298606,-0.20898339865945514,-0.99290768874153,-0.020270935674736083,-0.30548486703107236,-1.396289508874067,-0.12323301564568288,-0.38436911274532126,-1.6338122063625702,-0.19686348771258483,-0.4380364671020353,-1.840764471018398,-0.24199162933711027,-0.03834724753678141,-0.9984111735330616,-0.041287009708716245,-0.022797429133105212,-1.455892568502251,-0.1425913663602255,-0.0465813827851824,-1.735541978715445,-0.2072406723693647,-0.05230853411878008,-1.9590808521296084,-0.23804669756002428,0.1163807193419022,-0.913930401951028,-0.08427676301338449,0.09593822818401715,-1.2161212469236815,-0.23536687144812787,-0.017093275240671793,-1.019294558491553,-0.2602724595860171,-0.07551689467200323,-0.8044649474602439,-0.2281457899097562,0.26019843730436204,-0.7756279960355557,-0.13738056507436835,0.22800201967439873,-1.0450146338617616,-0.23754275791714058,0.11429964803746097,-0.9471228059043281,-0.23004491860110074,0.0417440353037173,-0.783624929105091,-0.19644823605887674,V
0.0,0.0,0.0,-0.23660102986649512,-0.2029737742967577,-0.12650468950638658,-0.41714108213947326,-0.5686921621826304,-0.20116440183945083,-0.3569451370001439,-0.903761777204381,-0.28491217800442087,-0.14716584827535553,-1.0270807833077693,-0.3574780511736594,-0.22190877462362707,-0.9934320253227774,-0.055053905709706495,-0.32765327272334366,-1.4450407490948491,-0.1651203809798809,-0.4102757724147011,-1.7061163058353994,-0.2348069546521393,-0.46724177604780076,-1.929298965831894,-0.2761639137216035,-0.04324799362459957,-0.9968064444771827,-0.06713064349612413,-0.02351169650210636,-1.4977105834332074,-0.1796132411405515,-0.04469582291839862,-1.794364142638523,-0.24070334497224782,-0.053126627931556675,-2.0239661363396975,-0.2648818320350492,0.11819691842024699,-0.9099600474979113,-0.1025361911153968,0.09049835656760917,-1.2440868745224254,-0.2692354406520214,-0.0223354347491134,-1.044548310159002,-0.29501804771209156,-0.07948633260720962,-0.8169070181747327,-0.2565531966770893,0.26965661319857276,-0.7725537738598632,-0.14926356089972545,0.23401436894996083,-1.064182935367391,-0.2638693602846734,0.12322888178266135,-0.9748875194754053,-0.26348676329719856,0.051115886643349685,-0.8080687291194072,-0.230558701233366,V
0.0,0.0,0.0,-0.2279930873324189,-0.20605818379306082,-0.13554231901763084,-0.40202742407113057,-0.5488126675303641,-0.22019100725671625,-0.3750113245994792,-0.8800577582229777,-0.31463892437891267,-0.17880548531173066,-1.0015392508800405,-0.398458034285056,-0.22643832875745323,-0.9895654589527167,-0.05499101142662975,-0.3207975212510201,-1.4136988808883864,-0.17387484157721425,-0.39651837011565266,-1.665510009229244,-0.25498419927946736,-0.4389649779344441,-1.8828672011521383,-0.30452205582584746,-0.05050044544087131,-0.9966079457976289,-0.06497928426278665,-0.02716403495781676,-1.460157222896858,-0.1815991851368095,-0.04616528187148306,-1.749713287000535,-0.25148952130625146,-0.05246833570603282,-1.9748128026634473,-0.2834328470938123,0.10834523700036681,-0.9064089729259528,-0.09962119529426391,0.0945436688391816,-1.2046933529236192,-0.2599206677441924,-0.027140448382988243,-1.0014431936374746,-0.2871310814851564,-0.09520678155949003,-0.7801713024493244,-0.2540641242695278,0.2520502937654143,-0.7623960685858119,-0.14747274158877693,0.21774575935640322,-1.0120400428777885,-0.2533394023158752,0.10539483757285374,-0.9201248717143152,-0.2525231907270879,0.02956791022660899,-0.7664464823140061,-0.22242401734451306,V
0.0,0.0,0.0,-0.23306448947573416,-0.2000725387104225,-0.12338061512613487,-0.41401874715050363,-0.5376887976912323,-0.2063211065864176,-0.41764800714325684,-0.8712529209833888,-0.30218407166855277,-0.23436871659237696,-1.0001035905245665,-0.3869075651945698,-0.22929019697070688,-0.9819994715810082,-0.06554350679435954,-0.3429012963760077,-1.41079229341853,-0.1943727371895867,-0.4302125610199039,-1.6646726462959256,-0.2817069099506982,-0.4885826943888888,-1.8847010068637462,-0.3352679369452084,-0.06547829337309738,-0.9944171126621625,-0.08274780445180774,-0.05490295378968925,-1.4710538663533779,-0.21191042081349207,-0.08295258011447672,-1.7668039272134848,-0.2870516776761454,-0.09478181790037203,-2.001543310304388,-0.32164882622531693,0.09010505212644476,-0.916115350413194,-0.12211658689780659,0.060504254822283346,-1.2179121514004205,-0.28584196612929924,-0.06774723113318129,-1.0109901796567877,-0.30287212997440627,-0.13558346233871746,-0.7916908675689894,-0.2615483152171829,0.23592916363563016,-0.7845086870821649,-0.17452382510220205,0.19918329010016117,-1.0437458414976077,-0.27637953484502453,0.07754638980388316,-0.9607216852686035,-0.26660008781006606,-0.004108230804679977,-0.8164437933263159,-0.23011751660133148,V
0.0,0.0,0.0,-0.23855720696157037,-0.19924905496801373,-0.1277428658093671,-0.4248488830765753,-0.5356104724361945,-0.21179164366835915,-0.4314275902671254,-0.8744548364340164,-0.3085861841810757,-0.25164342869189466,-1.0210639821359175,-0.3933791625495126,-0.24158153404889007,-0.9795817647935532,-0.06037540406987909,-0.3548379670211245,-1.4164184144607466,-0.18747207595739523,-0.44142297515371615,-1.6694084284111852,-0.27204324966719234,-0.49933664614224443,-1.8861549283163153,-0.32294109058940595,-0.07533486068636885,-0.994311366033212,-0.07529652145041976,-0.06053242145467174,-1.4725685960277868,-0.2060697162990143,-0.09053338418580538,-1.768256671231131,-0.28265380233884374,-0.10566210724630333,-1.9989916727019308,-0.31754940219612726,0.08074208489810576,-0.920483005119619,-0.1134508146013775,0.04578706290830789,-1.2308032900163604,-0.2784589731492326,-0.08172523958473293,-1.0257563688515074,-0.2971671361260342,-0.14784391103695957,-0.8062408861665076,-0.25681822668107807,0.22890430618697924,-0.7933055928558284,-0.16499328124548399,0.17945926995826736,-1.0532185067324353,-0.2675082145304064,0.056580248460083284,-0.970182436420437,-0.26010946292645143,-0.024856423580171025,-0.8268085378992214,-0.2252519115858604,V
0.0,0.0,0.0,-0.23695182544666288,-0.15975110433538023,-0.13288034507396523,-0.43791617990533743,-0.5059319393953664,-0.21561948964525848,-0.4612031426751401,-0.8486483229119137,-0.3080255279867055,-0.28421151268396583,-1.0079386039300948,-0.38808506907007634,-0.24612283688348793,-0.9726630595790192,-0.0731075092725001,-0.3788432896015271,-1.4152548874232034,-0.20011093945883168,-0.47816433090589394,-1.6761179964533164,-0.28032600173702776,-0.5448423077576027,-1.8986006772612427,-0.32709396166004834,-0.07894035583262686,-0.9931827796639873,-0.08576937915091984,-0.08324088397966314,-1.4998842486109163,-0.21642062404049056,-0.11924497504383667,-1.8078961108758431,-0.2862022999988434,-0.1303056691187301,-2.056823068324055,-0.31247079764059965,0.08247876337772522,-0.9201477571660297,-0.1216642382685991,0.026360308544538292,-1.2361610847837776,-0.298980335198913,-0.11077073860820531,-1.0167866252116582,-0.3190103971357099,-0.1753545524869327,-0.7867675741949205,-0.27254647113647873,0.23661435112862134,-0.7919866786008348,-0.16974163826026065,0.1760159514223507,-1.0726372899016525,-0.2872814034995905,0.04728598567110604,-0.9794389778682407,-0.2811882432798404,-0.03215470787671845,-0.8238288756474365,-0.24182451061050017,V
0.0,0.0,0.0,-0.24145302717492068,-0.16077021402680453,-0.12784713211577362,-0.436867167102099,-0.496728631547882,-0.21327730977807963,-0.4555939330486315,-0.8347230780837115,-0.3096094447165588,-0.2785331920422256,-0.9982554709637831,-0.3934462669482726,-0.24387542743108137,-0.9692603816256167,-0.07153722240623768,-0.3779907546063796,-1.415062974786002,-0.20566852233972727,-0.48181043179613486,-1.6767607840753294,-0.2904405875939203,-0.5569477119240005,-1.8954887705512355,-0.33762379366279105,-0.07440880065713557,-0.9931839659433638,-0.08971588587189004,-0.08655800651212076,-1.51599293445137,-0.2246270866916639,-0.13176184230794893,-1.834798513366952,-0.29640202950582933,-0.1512378457913671,-2.095461687787727,-0.32201282387740227,0.08884487085224374,-0.9198700924273331,-0.13096988240293259,0.025250987891542655,-1.240377415520113,-0.3099630272538054,-0.10478602254083777,-1.0098221296824688,-0.32462058636250013,-0.16153447247588318,-0.7788354098668367,-0.27246488464235247,0.2453761278251776,-0.7894122182885083,-0.18409746669700242,0.17705629036575615,-1.0719007781257017,-0.29748520417396845,0.04992290570979341,-0.9669422932596851,-0.2825070424706546,-0.026642299883418607,-0.8051808381106633,-0.2358035493996325,V
0.0,0.0,0.0,-0.2454304134303964,-0.1826485807356163,-0.10176732487706254,-0.4408483204401731,-0.5059029083683056,-0.17542588644744186,-0.46172737223059324,-0.8194983400570948,-0.26541341449922873,-0.30590579891237424,-0.9880897020884077,-0.3448225363346325,-0.2432344230600255,-0.9810939259005433,-0.04485091484636478,-0.3632204803457367,-1.3941146531963664,-0.16071350738392673,-0.45359108950700244,-1.6299784602814729,-0.23829913340999373,-0.5169299959600375,-1.8362171740872326,-0.28412673263807803,-0.08454519985169906,-0.993664205245131,-0.07405103913246815,-0.09255807744271706,-1.480658646244598,-0.1932495876877319,-0.13251134792832767,-1.771131668813252,-0.2654944899536988,-0.15133677447722835,-2.0054192197617486,-0.2970965592213168,0.06750610884068321,-0.9172320340449319,-0.12291409577869865,-0.009450005671311877,-1.2150678111266333,-0.2808027215831885,-0.134630903749241,-0.9978204742551342,-0.297200178573801,-0.1968866130629666,-0.7841970731183323,-0.2562955721076685,0.21060889385391646,-0.7859576442013437,-0.18216677620449837,0.13510767828980738,-1.0559465378288924,-0.2771542105223045,0.009454365809828905,-0.9520601598918922,-0.258721262502641,-0.07354291880562092,-0.8003741118943681,-0.21666442337067948,V
0.0,0.0,0.0,-0.22221270410028415,-0.19154718960845785,-0.09618155757273819,-0.4060328847333663,-0.49967183856779107,-0.16954813579095032,-0.4310010761529196,-0.7926495480023463,-0.25887827483248804,-0.27387908186890036,-0.9545529543707217,-0.3378420711516972,-0.1923951493452002,-0.9902986401697468,-0.040900802173396734,-0.3131918423096474,-1.38498200211635,-0.15284662005388439,-0.4034044158657026,-1.6166149725204926,-0.23132374298992667,-0.47041286838773877,-1.8201955899667115,-0.28045970201898185,-0.040514519248247,-0.9963920238646831,-0.0745755221833827,-0.058592813188284076,-1.4669543716942808,-0.19066620000145054,-0.0991363498170522,-1.7531851408359238,-0.26219868510137423,-0.11503061999749918,-1.9850602998816178,-0.29483555124394834,0.1092745300743084,-0.907833241337457,-0.12793572298629463,0.026269714111000927,-1.1895483470195625,-0.28376834893464076,-0.10650217226928996,-0.983656588389911,-0.3004772022088683,-0.16887902491695406,-0.7805395834957796,-0.2618425400153337,0.2483203601342921,-0.7617754544496181,-0.19130311819316426,0.1615840820753929,-1.0289641666068976,-0.28812874278694034,0.03364052808511732,-0.9192801986312911,-0.2697428047151168,-0.042098362417150134,-0.7608181471069212,-0.22851391549400596,V
0.0,0.0,0.0,-0.23301791983814069,-0.18408084695276591,-0.10299330906932058,-0.41272699677565455,-0.5023721818180348,-0.17682976316722984,-0.42044821646504055,-0.8011547725042477,-0.26639695781836953,-0.26749644264695127,-0.9462632636357006,-0.34648525981103107,-0.1928288318543183,-0.9913655753110941,-0.045193697552865904,-0.3056373340516989,-1.3931139457452453,-0.16262580162778822,-0.3951864414968034,-1.632333896731081,-0.24605642440524852,-0.46492058733893726,-1.84154344605116,-0.2972530474880466,-0.041023698001437486,-0.9962340083790244,-0.07638623404350095,-0.0474485881452332,-1.467211860834744,-0.19999060145183792,-0.0845216847589067,-1.755254685711328,-0.27777781079843206,-0.10399910969272962,-1.9884048575588147,-0.312444967096271,0.10538522563349635,-0.9088046257455572,-0.12750526848301869,0.028934674489427225,-1.183505041857131,-0.2920211265423094,-0.107115032680247,-0.9745115816526326,-0.31561686126768174,-0.17913767166859199,-0.7667394352469551,-0.27801015788465505,0.23976557600267734,-0.7646127354069036,-0.18891970984476553,0.17367485676755146,-1.0302862338629835,-0.2918315698877556,0.04993703210598809,-0.9306861104728481,-0.2772809938848329,-0.03020549731346319,-0.7809102312101129,-0.2369248129409087,V
0.0,0.0,0.0,-0.2226002007083056,-0.19410149553076964,-0.09770805917429172,-0.3945179707801155,-0.5100113403790164,-0.17235533432502237,-0.3858810739226444,-0.794821794136689,-0.2641598938489658,-0.21930499373930304,-0.9267231736644241,-0.3457554473496762,-0.17179972683491185,-1.0024535788775626,-0.03458034299303013,-0.27638009921922596,-1.399894086791773,-0.1552571382613529,-0.36345846096392825,-1.632237856376243,-0.24309324421940892,-0.43051955744776943,-1.8298224943797319,-0.2956950445496486,-0.0132188417997571,-0.9974978970428603,-0.06944931689040769,-0.010111970481037135,-1.4632399557947562,-0.1899108979133512,-0.038083149102717796,-1.7466184183757758,-0.2688420755059738,-0.04623546846905808,-1.976034448920796,-0.30560454086841315,0.13741633287917615,-0.8994355787592437,-0.12454700641539154,0.0555073979263843,-1.1622617134298918,-0.2828667124525225,-0.07775621389337369,-0.9464872128402559,-0.299970610604754,-0.14406503483359312,-0.7425103668309997,-0.2603646037094094,0.2723049399024702,-0.7402362005156184,-0.19031189479055965,0.2019477027743064,-0.9894514831342568,-0.28400079451096993,0.07135907074662881,-0.8835198824884782,-0.2594670582896446,-0.01261261975263641,-0.7345221075566195,-0.21394189999312455,V
0.0,0.0,0.0,-0.2206715467573436,-0.18758055067216073,-0.09529980283857993,-0.38829587322956044,-0.4977287590590615,-0.16854936181219107,-0.38770685940776445,-0.7637369071347533,-0.2581819919646118,-0.23319839755588723,-0.8871167894374625,-0.33926825936905486,-0.16285890791486884,-1.0055440187401397,-0.04392113637140623,-0.26962586939355726,-1.3993763067735006,-0.16280539382096212,-0.3562316466687745,-1.6428722047756634,-0.2503019790038866,-0.41533838275325125,-1.847297027665961,-0.30377892925156585,-0.010222133987579572,-0.99679441930705,-0.07934981799009364,-0.008800150106605342,-1.4531099658148354,-0.1991586152537669,-0.04072007747208284,-1.7414187076375436,-0.2789436459542017,-0.04659734824587494,-1.9673089221080176,-0.3174805251824342,0.1351738139855005,-0.8934465215643329,-0.13327923779712927,0.07234431622260613,-1.1498734131522637,-0.28853281329411673,-0.06501656937004004,-0.9522462771950961,-0.3056560004946321,-0.13643469221347793,-0.7601529300327152,-0.26875955627220954,0.2629913889206351,-0.7286978062626808,-0.19727854051289112,0.21239462894673847,-0.9858355584906481,-0.2911413265228651,0.08662534104237005,-0.8816518020788374,-0.26540711110240717,0.0055683208133182035,-0.734092416579736,-0.21958921156949793,V
0.0,0.0,0.0,-0.22335957418318167,-0.1794299548229584,-0.11226353320675155,-0.4029505525083631,-0.4730141383045629,-0.1970131568783947,-0.3969732444164457,-0.7213481617329016,-0.2945511759575542,-0.23683705298766408,-0.8468846130900367,-0.38077680636127526,-0.17864797519186215,-0.9992012772529723,-0.05179983869651203,-0.2891842869077045,-1.383997405174241,-0.17438474741844515,-0.3776710061010993,-1.6202908525040245,-0.26428428977984075,-0.4373671401169548,-1.8134028276812815,-0.3176101584958164,-0.019254886374843048,-0.9965727064648042,-0.08044930130278924,-0.027402917727930996,-1.4432036080329569,-0.19979017330958954,-0.06508389699625049,-1.7320121061741953,-0.2752534609632289,-0.08465208640925338,-1.9589741272059822,-0.30929750516207233,0.13082507121210124,-0.8961578047702705,-0.13056885006590088,0.04490564778159242,-1.128608749746255,-0.28515904635514816,-0.09241531598447261,-0.9196731550873893,-0.2994406673821982,-0.1654041620710567,-0.7239971799499234,-0.25948575241989225,0.26421616022278516,-0.7305277120626361,-0.19294292464880144,0.20331295529176938,-0.9764282224122665,-0.2848395216486694,0.07450760576920526,-0.8685244499000605,-0.2573359474165292,-0.010446349260756885,-0.7228674595057557,-0.20958667772208936,V
0.0,0.0,0.0,-0.22006982471199088,-0.14739290330728355,-0.1252163728004408,-0.3943106666158903,-0.4518204548506526,-0.2090175156302635,-0.3773993772985662,-0.7096779920618863,-0.3037416794406042,-0.20794725812503043,-0.8066384146358676,-0.38829951521326356,-0.201800837572896,-0.9853102307893211,-0.055759853374663375,-0.32632125581587385,-1.3556315067658338,-0.17886686991641013,-0.4179067191511826,-1.592200627907116,-0.2685948757525449,-0.48078524836330155,-1.7873899983635115,-0.32499083446703503,-0.03174515014142628,-0.9962591336287735,-0.08037402630044015,-0.054567359901476174,-1.4380282321243718,-0.20250777331523584,-0.10184532989959229,-1.7234846622136841,-0.2789826466599582,-0.13042247435574272,-1.9437181462713709,-0.31455669120661744,0.12624181820000957,-0.9012935822062889,-0.12818851152323196,0.06148696171169171,-1.144422572125493,-0.29191325645939814,-0.06734482847808439,-0.9278362967846993,-0.3129638240340186,-0.13571335476321916,-0.7205898499403081,-0.2770573836517551,0.26244846631038055,-0.7398831302518984,-0.18908489552024396,0.1991296312757267,-0.9635783336144605,-0.29497760240550447,0.08230331913536797,-0.8494764137510364,-0.2799620558930622,0.011252539216470842,-0.6977286106677438,-0.24049359366634712,V
0.0,0.0,0.0,-0.214980418055154,-0.15412044916034193,-0.13168435791372532,-0.384647838785434,-0.44921285633246927,-0.22308852114357075,-0.35515637609108897,-0.6849002718088154,-0.32223549692296993,-0.1857865496300638,-0.7985693788934062,-0.4104037187279076,-0.1792964067840532,-1.0024928759576146,-0.06159371025149549,-0.2933592440257495,-1.3738276410247128,-0.18624159557095019,-0.3756858520612299,-1.622860218644949,-0.2787138553629944,-0.42746382610804057,-1.8209213673824618,-0.3359534605835082,-0.006496224120208411,-0.996583430103089,-0.08233629768298628,-0.016982281669435616,-1.4459743254418604,-0.20010078712057183,-0.05612627918146881,-1.749716374744287,-0.27476319439702646,-0.0756849508897753,-1.9770364744796878,-0.30988488188804825,0.15030994862575237,-0.8816157768940452,-0.12643398632398986,0.0949320543370532,-1.1278147395157243,-0.282973755591362,-0.031931606313422296,-0.8938437960289152,-0.29574944522327046,-0.09363195554684758,-0.6783400002263108,-0.2557466456404131,0.2867166811583553,-0.6932919126465519,-0.18398490911470763,0.2215713547862731,-0.9299639769876935,-0.28658473857673805,0.11212265199496724,-0.7857153766825993,-0.2628176310403232,0.05749301321022499,-0.6198823934172619,-0.21616840309929164,V
0.0,0.0,0.0,-0.21311015182225634,-0.12203773453537539,-0.14031856448822475,-0.38835253901315453,-0.40484708113084655,-0.24118688815343026,-0.36976040447227865,-0.615469533465747,-0.34932977172791524,-0.20704769144109036,-0.7079021464810289,-0.44565952990372076,-0.18066463127733637,-1.0079854576288494,-0.08751136680390463,-0.30310804285272425,-1.411119049723559,-0.22765501225432044,-0.3940683035339748,-1.6715614662794789,-0.33126995222970335,-0.45892516984633447,-1.880168002589884,-0.3958159138338082,0.008271615639715178,-0.994076719041203,-0.10836538670159446,0.010655537279626072,-1.4415897563412237,-0.24905980355374788,-0.028915424369940403,-1.7425616117035323,-0.34039771861722184,-0.06888130922027365,-1.9799000313974873,-0.38209071623255225,0.1766772660237543,-0.8694847167743063,-0.15159678534613966,0.10131290915120068,-1.0900357996354,-0.32847553741318525,-0.03395521443117894,-0.8239636492726259,-0.3502539751455466,-0.10474608882402082,-0.5969132890386728,-0.30962326552172076,0.31957005955478346,-0.6700074642643195,-0.2083272128486016,0.23690087698304862,-0.8685705744639447,-0.3289097484131596,0.11239952364329085,-0.7194379151914319,-0.3130763035111849,0.04265249737649839,-0.5580289897134599,-0.26613150686273757,V
0.0,0.0,0.0,-0.20745179237685962,-0.1214409881882378,-0.15666012743511992,-0.3791310728055435,-0.4179960813651446,-0.26578791445068045,-0.3524167602501306,-0.6346017323225511,-0.38048034485631194,-0.19388995842322204,-0.7305160992365325,-0.48325218908326617,-0.16572868520183096,-1.0072814835320822,-0.08522225007556834,-0.2709259516420873,-1.3709927570698066,-0.21997296902522412,-0.3583256612654804,-1.6094311332722238,-0.32322812305197574,-0.4136024878561484,-1.7961238263502786,-0.389772678357658,0.014629918264137122,-0.9949231081326221,-0.09956894292552922,0.002036287234581784,-1.4300370383065337,-0.24270785936881906,-0.030325545852042602,-1.7404235264310683,-0.3458929842729274,-0.05351993015626938,-1.983446418686928,-0.3976831983984996,0.18256932028158512,-0.8738154097489949,-0.13640796410619874,0.11285250839342166,-1.1045743982998129,-0.3185673435357205,-0.019628077839928773,-0.8208450251335816,-0.3511342501293979,-0.08337945083416937,-0.5832022694861135,-0.3177202979208559,0.33794319527913025,-0.6778125047972564,-0.1876149623061111,0.2541006220323786,-0.8915048386977352,-0.3198226229809355,0.14066122802893816,-0.7292491757591494,-0.3141898801449403,0.08073859753279217,-0.557824744601093,-0.2725624981295494,V
0.0,0.0,0.0,-0.211435578167426,-0.13322412053983645,-0.14593408717363085,-0.37547967845279834,-0.42654922152802616,-0.2493600142845841,-0.30623448506356005,-0.6411725005049032,-0.3566932708800714,-0.1330542409837513,-0.7305411103547217,-0.4530122209637821,-0.15821143593368137,-1.0122139093973512,-0.11579820329501203,-0.26936610190567095,-1.4072402379618616,-0.2604629160421595,-0.35012455653963603,-1.6530285728404537,-0.36541930442379433,-0.40674203625987687,-1.8619471953001547,-0.4320987582265257,0.02767973355386454,-0.9904329044669886,-0.13519058435953377,0.020702575479252344,-1.4351959260997893,-0.27756189817588767,-0.0080929397598852,-1.7330551363665903,-0.36570835222872955,-0.021297153925550434,-1.9892590287542664,-0.41019605945140875,0.19307874957881133,-0.8533172394170196,-0.1763311957628319,0.14106822264010394,-1.0831584300518422,-0.3617412724621452,0.0040109121481329115,-0.8289489608719138,-0.3793587660813188,-0.0702906571674933,-0.6172035319648678,-0.3374413843956042,0.33809328228233976,-0.6455393887494336,-0.23085372691203104,0.285657790601219,-0.8491157112411667,-0.36096412001719064,0.16329120685370851,-0.7042358326771644,-0.3468904029984408,0.09023701606257623,-0.5546689798192942,-0.30285218538366615,V
0.0,0.0,0.0,-0.1961599430644155,-0.13386653594362147,-0.13104729720862793,-0.33359166620606084,-0.44574351690042857,-0.21730961991569994,-0.2500172643590875,-0.6377153032143235,-0.3129401372597458,-0.08085926445015489,-0.7368022610176974,-0.399570842742583,-0.11990860630530267,-1.0246605928797297,-0.06683671920125255,-0.20192483370530814,-1.4130005701303534,-0.19599640203824278,-0.271743139860982,-1.6723477758618617,-0.29608597918492324,-0.3162787077729701,-1.8801193801054334,-0.36270431660147123,0.06378048252354489,-0.9932640191658558,-0.09674005519718276,0.06100543633515005,-1.4488290297559219,-0.22605485352933297,0.043573069718393455,-1.7488085886917484,-0.3174609652099596,0.03727882554099806,-2.0047201139295745,-0.36696739345808627,0.230096840594221,-0.8588281450025155,-0.1487507801063979,0.18551965040106927,-1.110232727756057,-0.32927374388703295,0.06662335256026194,-0.805965937393891,-0.3493245955050865,0.00540734842237311,-0.5651975533088273,-0.3117139516799929,0.37981327767141115,-0.6479317309422797,-0.21345580607944373,0.34635073768037433,-0.8778442053009206,-0.34875573491810224,0.22745266577512394,-0.7061510673028899,-0.33199607989149527,0.15184858960472794,-0.5308309227843202,-0.28571687956499414,V
0.0,0.0,0.0,-0.2112263424582109,-0.12260866209893326,-0.12957138229238468,-0.36527624868011105,-0.4389581413477205,-0.21606097347339348,-0.27680217631190596,-0.6464135216450053,-0.31027164238033045,-0.09766039168085625,-0.7140389699371771,-0.39400254596975237,-0.13843378958802863,-1.0294433082214633,-0.08747997751753411,-0.22485462948697416,-1.439563796059558,-0.225771089713754,-0.2883442511292738,-1.7212942869178072,-0.33186481544496244,-0.3307773510805573,-1.9593582076378862,-0.4032204534742383,0.05747227983032267,-0.9916966713741937,-0.11504194468301376,0.055464968520999136,-1.4527131114746856,-0.2532303952557707,0.05167271564046638,-1.7608655245198672,-0.3484335526262032,0.05499518113935087,-2.0278851022151048,-0.4002181141221198,0.2316033701372045,-0.853788470334887,-0.16279188872189446,0.19013795426529964,-1.0931395750834751,-0.34687334642862017,0.06826904030642629,-0.7820576703444371,-0.3568292278465321,0.0012629710532700465,-0.536476038277745,-0.30933982550996253,0.38404506167613395,-0.6470533564734469,-0.2229461904194033,0.35552301177479545,-0.8665361843331201,-0.3567287579147933,0.23039522616579744,-0.6939686399445438,-0.33348471915046224,0.14776677830241478,-0.5286299210600744,-0.2811380756991776,V
0.0,0.0,0.0,-0.19870009561035443,-0.17444364706760068,-0.14717288061352576,-0.3281348690675246,-0.47514368015269437,-0.23915764327529015,-0.23239602445524463,-0.6495093543059745,-0.3348433770995318,-0.06517200846631853,-0.7551013321387356,-0.42028748426556434,-0.13226598319189797,-1.017277723565159,-0.10021140498756154,-0.21037845581334622,-1.415870503902527,-0.22387848728110069,-0.2613284690225579,-1.6701792961165238,-0.3173313874092839,-0.2901097254305785,-1.8804207046211405,-0.3787770504766005,0.05325642558331757,-0.9917567922355933,-0.11654277407310504,0.07431281285936266,-1.4314405054750061,-0.2405515412762521,0.07980858174414333,-1.7217595683569131,-0.3258284857473672,0.09121416890449505,-1.9566560123696917,-0.3736035806508016,0.2151933493513819,-0.8619485417345759,-0.15439176830636467,0.2007202548786665,-1.0982810089456718,-0.3242818136973297,0.09092447970417188,-0.8468495494275855,-0.34570652387542805,0.021618320889080736,-0.6315187562950284,-0.31336041851128643,0.3531078754771361,-0.6680986257099242,-0.20590194752229163,0.35791655761352253,-0.9023451192267222,-0.32911359035367804,0.2550245571359633,-0.7596480781459977,-0.3130597602399656,0.18261362259861286,-0.6006293237357508,-0.2711118191071743,V
0.0,0.0,0.0,-0.19363672958961134,-0.18683072131886025,-0.14592951384628652,-0.3102640029408721,-0.513184481979427,-0.2302816009225555,-0.20457425962104606,-0.6943125834738025,-0.3191168871574087,-0.03056596934237106,-0.804433458751959,-0.39763780587915093,-0.111453040394247,-1.0266478709746556,-0.08103817356322492,-0.17628446840343107,-1.4399180161169267,-0.1919807633371656,-0.2179542442754528,-1.6976801821939311,-0.2739319974671892,-0.23247433622694574,-1.9031161629310251,-0.32820516080921314,0.07001829120921026,-0.9930977788553748,-0.09409697406751959,0.10560536808815495,-1.4400953603538649,-0.20709848062748923,0.11248507447792737,-1.7295875614694431,-0.28314426234485596,0.12313406205043756,-1.952824632750079,-0.32390638598513216,0.22675335697705115,-0.862679972847456,-0.1299805605496602,0.22115659681822786,-1.128334868929049,-0.2949972571294872,0.10528127865662827,-0.8948508945132493,-0.321051658094755,0.034911684399503595,-0.6811510890026429,-0.2921796712681751,0.36062377663155953,-0.6689268366882244,-0.17955950527349043,0.3702998448660354,-0.9150379291079339,-0.3067357659226882,0.2601797508400241,-0.787972215637268,-0.30083177835780334,0.17940557072311547,-0.6281051100197114,-0.2655003499672571,V
0.0,0.0,0.0,-0.18925206613434692,-0.20678145094472566,-0.12581682823416196,-0.3018741952237291,-0.5357604882075259,-0.20077376153782714,-0.1964106009578647,-0.7204722458164549,-0.2826556827055847,-0.025067564998501164,-0.8033451549222468,-0.35652282587535333,-0.10960295340252135,-1.0186487258054966,-0.07173638750615932,-0.17893237131926232,-1.418322424497134,-0.18236429409480834,-0.22548638415390537,-1.6669130866329864,-0.26778097703703435,-0.24732581543220486,-1.8726984787716525,-0.3249175725177798,0.06591796753359007,-0.9936533648649142,-0.09114719989596197,0.09398774154103123,-1.444512341618549,-0.20120040013535725,0.09690473445334626,-1.730423827005928,-0.2772027773968872,0.10953648994991416,-1.9560706929705434,-0.3200453613285985,0.2189826610429264,-0.8673299417249166,-0.13063368244740134,0.22059793980859305,-1.1405551996497714,-0.2866852687117839,0.11086410060496807,-0.9133683206335744,-0.3096542278696367,0.046791291187520935,-0.7058255378555287,-0.2820276285922481,0.3513594886994626,-0.6807990500772569,-0.1824330378434143,0.35605785522445876,-0.9265951855474409,-0.2977489140829952,0.2572436678754801,-0.8065264708169074,-0.28789401694463673,0.19402582594243495,-0.656320598752729,-0.25313905291386785,V
0.0,0.0,0.0,-0.18015918736463132,-0.21096840244121431,-0.12815958019200235,-0.2837477768591931,-0.546338515165398,-0.1991007392409262,-0.16662472792173585,-0.720511272814727,-0.2758303419268211,0.005376572586234203,-0.8119812061306272,-0.34495635210004005,-0.0853234827795596,-1.0251916780755,-0.07315908255676679,-0.13941902933415273,-1.4166274984628215,-0.17719711148232203,-0.18112032829607386,-1.6497389725161837,-0.25958164043263415,-0.19819835992040566,-1.852212301370692,-0.3162580783543202,0.08985410402536848,-0.9920427299941644,-0.08818991923980675,0.1406548726750443,-1.4412574968349467,-0.18901396648749572,0.1488022184776213,-1.7124488462693521,-0.26179724617551176,0.16162522027015452,-1.929065729691914,-0.3055552889402182,0.2401992534194929,-0.8629005933889139,-0.12302564235068372,0.24979948667657606,-1.128527028270736,-0.27630729287397127,0.13454283931529215,-0.9030640414603966,-0.30680646760979263,0.06342933244458242,-0.7036577783424552,-0.2875031940681418,0.3692725556715667,-0.6770767959601794,-0.16972893341443346,0.37289944028046423,-0.9095682528323441,-0.288255514178162,0.2664383500476139,-0.7864792212844951,-0.2856894977623898,0.19434185813338337,-0.6395755355479064,-0.25824578407859367,V
0.0,0.0,0.0,-0.17080422399029954,-0.2282713356343296,-0.13295430918335022,-0.27113274021741746,-0.5578871405215545,-0.21195717095747602,-0.16834493854449728,-0.734845627789018,-0.29792012896363845,0.009439815551844708,-0.8263690876924596,-0.37447230004119564,-0.06710090670175696,-1.0258148866123136,-0.07970748774484405,-0.11947823549593906,-1.4564499100718802,-0.19731027089784167,-0.17053400572489558,-1.70594996732513,-0.2907365448577264,-0.18941090472286834,-1.9086191305895428,-0.3520556653616894,0.1020666558639966,-0.990373230654288,-0.09350541034683026,0.14522260746339383,-1.461346884318296,-0.20051090021982987,0.14904391265908254,-1.745767936240141,-0.27716006105032814,0.16045032392582684,-1.9650467410585233,-0.32432758949353796,0.2505166607803882,-0.8626220489480584,-0.12792400655170852,0.2668663619904591,-1.1748681664909961,-0.28559433159817316,0.12923016160084305,-0.9485150292702997,-0.31196406304912844,0.046572254647660544,-0.7386143724747293,-0.2891035587658707,0.38231187934834954,-0.673867890399364,-0.17498672296310994,0.3900663759738375,-0.931177866994068,-0.29800462909044634,0.2723115787840161,-0.8152574836425692,-0.292881735721318,0.19315206815086863,-0.6684963103598843,-0.26191133339393136,V
0.0,0.0,0.0,-0.17325513988874,-0.21944701606005193,-0.13556857837371789,-0.278684027960785,-0.5407480587698271,-0.21904242497644277,-0.18314733264355873,-0.7111859435734724,-0.30906192530222293,-0.013058662091493577,-0.7931190204810967,-0.39035295522551733,-0.0678698223099089,-1.0270790426777707,-0.08078711274703958,-0.12218167768221008,-1.4395821019052693,-0.19781775828609102,-0.1670612366101535,-1.6844982172582244,-0.2873279878283167,-0.18605198883742874,-1.8869941004181074,-0.34533413329575663,0.10323917815040459,-0.9899611444170723,-0.09653291997691474,0.15607900115794418,-1.4424561937233027,-0.2095690617164662,0.16131643456460482,-1.720183621750988,-0.28639437620768143,0.17384158572128197,-1.9380160583998234,-0.3291610588523908,0.25103965553653035,-0.8564895065455063,-0.1333194792686034,0.26189768256778656,-1.1344229514724478,-0.29534313772324505,0.12482074895923587,-0.9082153555996809,-0.3205532201885794,0.04531812520590561,-0.7110946406294839,-0.29342954767352447,0.37881487411919124,-0.6585910257561473,-0.1826642171262842,0.384614041735377,-0.8981067410517042,-0.3018699325761033,0.26481547494020763,-0.7734204753461494,-0.29190380004399463,0.18961228340828792,-0.6298446450065148,-0.25678972177232173,V
0.0,0.0,0.0,-0.16569180737425018,-0.20340969853303875,-0.13432174182290954,-0.27860661674551046,-0.5230109119663059,-0.21641567405115508,-0.18409761369542973,-0.7026442648215462,-0.3058815676120048,-0.0072057338373471575,-0.7919011197653599,-0.38612582357264863,-0.0694130502818224,-1.0210849838008151,-0.07260090283214642,-0.1306218471148139,-1.443637667336724,-0.18772646552204708,-0.17721999275191477,-1.6907615787084582,-0.275197482777003,-0.19593049391740638,-1.8907678540445698,-0.3319299844943573,0.10414240802101575,-0.9906688404824063,-0.08791818554104007,0.14926027272789352,-1.456118707129308,-0.19870356239687212,0.14696673497794602,-1.7297789114150643,-0.272264225711796,0.14867950509979405,-1.9388542167286758,-0.31252783774130205,0.2553772126242824,-0.8611805570646424,-0.12467145634127873,0.255667336237782,-1.146290626362446,-0.28720329878967216,0.11267620546670508,-0.9110183296523044,-0.310917619161311,0.031709860454121476,-0.7057000600833743,-0.2824398398417942,0.3857699531546243,-0.665891977904638,-0.1739569451298236,0.3783170287945645,-0.9098929622725865,-0.29652865883421103,0.25549326206968226,-0.7836059262242258,-0.28826589278664855,0.17965963311081293,-0.6377385385709752,-0.25364998248735277,V
0.0,0.0,0.0,-0.16799996946782414,-0.21912436696969778,-0.13747895553439388,-0.2767421860307248,-0.5369455695136996,-0.22206110892094189,-0.17884890983615886,-0.7114282956382406,-0.3126382107704685,0.0021664792193212463,-0.802390615814718,-0.3945773398380366,-0.06821517711547402,-1.0217843399356978,-0.0898214460647232,-0.12332537680872876,-1.451818637867622,-0.2064347879055392,-0.1732792329034324,-1.7015293981072577,-0.29535730876150895,-0.19364837618012304,-1.9044682716047956,-0.35340240756758984,0.10620273921733718,-0.989050199390462,-0.10247283185518814,0.14754947212767522,-1.4593302841504288,-0.20898045226181108,0.14383097614479984,-1.7389424227727315,-0.28152108478360444,0.14723964303894174,-1.9550035016118092,-0.3252764961639501,0.2574679727375195,-0.8609978096710122,-0.13578021945198313,0.2631105265035623,-1.1579560019178003,-0.291821996150933,0.1311361872778323,-0.931665367428818,-0.3170069923429363,0.055388444263233846,-0.7292359481169026,-0.29438844339400433,0.39081042752453243,-0.668805329402996,-0.18196594674862587,0.390398051296986,-0.9197239582083294,-0.3005792483465207,0.2756601086219707,-0.7991933327560492,-0.29384337116883397,0.2030064178796361,-0.6542411745602279,-0.2632492868634853,V
0.0,0.0,0.0,-0.1539659351512794,-0.2091105868043473,-0.13717790887770798,-0.25345234221331286,-0.5346284514307347,-0.2184182829888436,-0.16329330036051645,-0.7133387265630778,-0.3059587553710075,0.013312156870254057,-0.796057018516126,-0.3852042084789615,-0.05217338820195226,-1.0211903448026,-0.0791161985074806,-0.09838543177654743,-1.428276683030598,-0.19682518554681758,-0.14873529939443278,-1.6804934202043997,-0.2904460315860406,-0.16972245916912632,-1.8842293326353123,-0.35206508760739585,0.11574090896758482,-0.9888199833486744,-0.09401639496218028,0.15931058418388833,-1.4710704038167135,-0.1979922996014958,0.16192237373885054,-1.7529989453079162,-0.27284409062382414,0.17184042180516185,-1.9643723635586425,-0.3191763739273482,0.26602590337237875,-0.8605935137601121,-0.13043344075116967,0.28236466994411846,-1.1592532267381779,-0.28963046999543157,0.14713108832745714,-0.9311076807753144,-0.3180445776986874,0.0665101425321817,-0.72771851260297,-0.2971051194735315,0.4012625290328104,-0.671208884050151,-0.17939627079982046,0.4076984677570906,-0.9313882862646904,-0.30305044827968775,0.2872177059078155,-0.8056344104114097,-0.29501763186660596,0.20901843529748118,-0.6575248003774102,-0.2627745321971248,V
0.0,0.0,0.0,-0.1687794015198774,-0.2113346197161244,-0.1349038953208592,-0.2989124126031169,-0.5262837890042984,-0.22472447764791575,-0.2530214766175858,-0.7243866810216323,-0.32468900393190503,-0.09518815030196788,-0.8232992684093126,-0.4162299943746059,-0.07718602093555173,-1.0274794168551267,-0.06613665110188863,-0.1438814285998361,-1.428522910809548,-0.18827189787858808,-0.20163968613965577,-1.6690308500908602,-0.28175199522989003,-0.22871598600094,-1.8644705412246259,-0.3408654323103223,0.08603026870361288,-0.9924751664396245,-0.08713114751582175,0.10971824852815168,-1.4584507615372462,-0.2050944890125313,0.09581032742247869,-1.7329623773011664,-0.2860516456688064,0.09406455498388178,-1.9430319978081794,-0.3295557016493188,0.2316058573218217,-0.8590755840698122,-0.13115698385421706,0.20371252577819393,-1.1370199206922598,-0.3032176361521043,0.05458260895517609,-0.926155327509903,-0.33768363265641915,-0.033814902288089387,-0.734160800777075,-0.31345902506543977,0.35900708663434566,-0.6597054303811106,-0.18719510724843133,0.3458177801028627,-0.9114292434907584,-0.31281397586555565,0.21451606586030003,-0.8027858059382891,-0.30641605076320294,0.12229753867375202,-0.6643935349841597,-0.27220178853588567,V
0.0,0.0,0.0,-0.1909389133864776,-0.22413117597323373,-0.1300148624547027,-0.3208908570523474,-0.5199895143498883,-0.214082887352004,-0.259790087715016,-0.7240950716996409,-0.30644286505899526,-0.1054179352514957,-0.8363147987193572,-0.3889696323207511,-0.10624737026890851,-1.0259179820274518,-0.05482297765639268,-0.17157146418807664,-1.4081420200721804,-0.16637813048404285,-0.22405955581644008,-1.643907649895465,-0.25391457555606783,-0.24908669590328278,-1.8430504682383015,-0.3110504756599917,0.05494596519105515,-0.9959515988744594,-0.07114319088030503,0.06754460186339546,-1.4276572389221476,-0.18071950071472703,0.060882511863466084,-1.6962546243374188,-0.2574251309589052,0.07117599858809563,-1.9074013206592222,-0.30110238634171743,0.19801727785504367,-0.8703892914193444,-0.11060182794652436,0.17508778741974668,-1.129836847949695,-0.26545633721208656,0.04669690839671751,-0.9390566029342959,-0.2987263239462722,-0.029132418797600576,-0.7569121069431954,-0.27969841586176136,0.3275778584111615,-0.6808803749579387,-0.16290667600672773,0.30481199031035755,-0.910193396662825,-0.27504890888445876,0.1913229163220136,-0.8086484700088491,-0.2740390257496698,0.11687645262942302,-0.674591672257657,-0.24750984395552597,V
0.0,0.0,0.0,-0.1879726017379333,-0.2024032626631281,-0.13415429184078825,-0.321867934542613,-0.5195462748397378,-0.2201407711388448,-0.2722957173397781,-0.7209262492315093,-0.3147162162369726,-0.11042486004947916,-0.8135534998500394,-0.39934639007957023,-0.10173896531304502,-1.0291217320968344,-0.0654261818845764,-0.16864192564294062,-1.431587467562526,-0.1862359692465318,-0.21733595197166172,-1.6770914025852892,-0.27929054676940485,-0.23891556596457283,-1.8847750049510477,-0.34088236469747807,0.06420452188977673,-0.9943652364688508,-0.08435375433939872,0.07551609108967086,-1.4376895952934574,-0.20847639711523924,0.06237035301068304,-1.7141226694756857,-0.2946397452608993,0.06138380552438493,-1.9364512061732497,-0.3423834625729601,0.2120873298998828,-0.8641432645765657,-0.12588093261354033,0.1914243697904436,-1.1312915405221673,-0.301440270824999,0.047680927884470536,-0.9068374920014909,-0.33255526669013113,-0.038834435732096974,-0.7095056058259727,-0.3055691241849698,0.33959966889410154,-0.6714412913931884,-0.17973810666325357,0.3296041660964992,-0.9086509941889891,-0.30983012238026336,0.1993994164472102,-0.7919533626842246,-0.3061578019783831,0.10828513987589483,-0.652755157742328,-0.2730559333462579,V
0.0,0.0,0.0,-0.19808128977180475,-0.18446058787719632,-0.13186951328153315,-0.3358632300040257,-0.49074142279960936,-0.21900958433183668,-0.2738299554446904,-0.702342735868774,-0.31388862734992257,-0.10528343093653655,-0.7741431177994227,-0.39752897631187745,-0.10515736878360783,-1.0231520913119767,-0.06954065131617379,-0.1769702998878512,-1.4040822557795294,-0.1929849512664482,-0.23065766098547452,-1.651134984253762,-0.28679731452898344,-0.2637687981193736,-1.8613054063246384,-0.3490627131487596,0.06874693982826205,-0.9935177882850404,-0.09053321283070986,0.07890549585318328,-1.4207332978887706,-0.21756687500671137,0.06860718766777546,-1.6986336063097556,-0.3003682831930105,0.07099609398662379,-1.9326012544350815,-0.344139800691374,0.22077333292444687,-0.8622077991258027,-0.13405268623810396,0.2024849088695863,-1.0958805416716526,-0.3046023814940794,0.06497733920550434,-0.8702911781717434,-0.3231189366905098,-0.022423661962809725,-0.6771457065415324,-0.28694417907620906,0.3492714515729963,-0.6649285156300965,-0.19080048595890353,0.3457314437853238,-0.8850333198521341,-0.30795971324340166,0.22420239460920255,-0.7731562964212929,-0.2926910766890146,0.13342338407598403,-0.6441197041421338,-0.25250241955406477,V
0.0,0.0,0.0,-0.17452539280744614,-0.2084105979508127,-0.14005186114863977,-0.3081211279192306,-0.5162449979383946,-0.2327506413258662,-0.23820656890343647,-0.6864464237842601,-0.33288267164308744,-0.06470146108530675,-0.7554932535332227,-0.4250165875056861,-0.10517537227908477,-1.0239221811460122,-0.09007468534708093,-0.164970355973251,-1.4416142616936214,-0.21552588955206473,-0.22245203517772336,-1.6867441440279913,-0.3131606259071843,-0.24678481010445524,-1.8891674786328652,-0.37722240246459876,0.06956458631070518,-0.9919068811262685,-0.10621444113574803,0.09712668601402963,-1.4616031770510745,-0.21983166163712142,0.09406487071329497,-1.7313683391395855,-0.30019356098396927,0.10452097408101575,-1.9440285468563072,-0.3501196162135039,0.22438806607314263,-0.8635540142613195,-0.1443719696302789,0.22192988852324733,-1.147710997853024,-0.3120677328997698,0.10268015332175158,-0.9057658534159232,-0.3455199994449065,0.03566401584277178,-0.695370933549624,-0.326088968840587,0.3640245687860539,-0.6730747500799854,-0.1947653639503213,0.36858121066250343,-0.9246918175703075,-0.3202197921296562,0.25828506959073017,-0.7934831953822968,-0.3145156554674207,0.189709626049014,-0.6427688424183002,-0.2838952216697088,V
0.0,0.0,0.0,-0.18531174719826388,-0.21419296299107438,-0.12507585465834342,-0.27940245095705474,-0.5341520619602476,-0.18818005492809828,-0.14400696146979552,-0.7028193364576533,-0.2575838747303964,0.01894867043989381,-0.8102909939334022,-0.3214188014925947,-0.1519912488184994,-0.9979130280419038,-0.08604750212408219,-0.22393674403672112,-1.4199318951905662,-0.1916272350786301,-0.27897786965595195,-1.6723889332361095,-0.2752140839159653,-0.3020090526064494,-1.888193035571199,-0.3357126119264365,0.03217102892508402,-0.9943063012266039,-0.10158742165726749,0.04950053338619606,-1.4962242283056713,-0.19971884406977375,0.05222460715767815,-1.7817919651050105,-0.27132287863355986,0.06063762751512271,-2.0075634871371753,-0.32079213582221705,0.19568437356079818,-0.8917292302754322,-0.13555595835235393,0.22823348466144047,-1.2190866722553466,-0.2852916622556994,0.1504111088915139,-0.9771234904353644,-0.31578579916705296,0.09977605219813383,-0.765488532910256,-0.3027497485621136,0.34479738186419473,-0.7266313172245854,-0.18117401369157504,0.3671822823257254,-0.9854332716628798,-0.3055140593001197,0.28597072922072486,-0.85642781379137,-0.30839486003493255,0.22994592567182046,-0.7056995144363204,-0.2878436304468086,V
0.0,0.0,0.0,-0.22213552354861746,-0.19108164977591166,-0.16988963551377395,-0.32064418199557065,-0.5015014205803212,-0.24733329170948293,-0.1592864583083347,-0.6765160614083326,-0.32346504084010086,0.02336904219563377,-0.7440315434920945,-0.3924960697978752,-0.22860964413057244,-0.9701647333144731,-0.10212411382359508,-0.3040659659764256,-1.380075651301178,-0.20319602387434807,-0.3491414808795233,-1.631586293158461,-0.27885146694419205,-0.37027092354720215,-1.8490459580443415,-0.3355014383091869,-0.03354705358929933,-0.9943579114481823,-0.10063269416986474,-0.03622475353081711,-1.4718201904318289,-0.20807289212492747,-0.028865529835007616,-1.7564589388696283,-0.2858817106804326,-0.018260208678359566,-1.987327335932936,-0.3350589204730427,0.13194402880274575,-0.9136268498323817,-0.1233754824126363,0.16884940261891943,-1.2176976716015686,-0.2979931368918352,0.11689026194434188,-0.9824439541424004,-0.3530852080792897,0.06977450478276154,-0.7641957624653597,-0.3460881118728007,0.28109536855347184,-0.7775726622235747,-0.16036643114602975,0.29812301516928913,-1.0234211799550752,-0.314279769299829,0.24486602899615809,-0.8969418063724911,-0.3457182286033756,0.1948022660960218,-0.7360626480384944,-0.3381917498235704,V
0.0,0.0,0.0,-0.20780555602534787,-0.1652458580366257,-0.22461640026595775,-0.302904121870443,-0.4718791410579757,-0.32886817594686935,-0.17313043907765172,-0.6589239406767835,-0.42459400657711865,0.00017495094701790696,-0.766617099275883,-0.5085868376796137,-0.2112019620825393,-0.9880916022628029,-0.12093825538443287,-0.27577493665744723,-1.404035737325969,-0.23261650452515725,-0.3164176759541125,-1.6623514803947963,-0.3188208877357587,-0.3337327292525402,-1.8751550607947522,-0.38415860290698245,-0.022834447570274412,-0.9942408735276651,-0.1047075613845802,-0.021879585127438546,-1.4704305594349074,-0.225557029524934,-0.0014915037091097825,-1.7640068219311154,-0.31806776811544113,0.014016973424322903,-1.998875923074483,-0.37643155809389905,0.13998915700235603,-0.9042418732653247,-0.12247813517374313,0.16893697472432204,-1.2104301432346123,-0.3254928684916345,0.1293168813155087,-0.9621956470790927,-0.4091681488897605,0.08831834591219748,-0.7354677931440454,-0.41602308466546,0.291229026283614,-0.7741453483727531,-0.15850028064191293,0.31058562049517563,-1.003442543168293,-0.34685543740160324,0.271790448933021,-0.8690697670270953,-0.4109986368036396,0.2277657711919345,-0.7081711587091718,-0.42339888799073255,V
0.0,0.0,0.0,-0.2108881379404644,-0.1838497698120621,-0.1743512677839232,-0.29669105667481294,-0.500757205544884,-0.25351468428342994,-0.1357903295119191,-0.6756602201239547,-0.3295685721479315,0.047119368481340386,-0.7618235389245053,-0.39786327396060345,-0.2034883065594309,-0.9852880449474275,-0.10432490931704928,-0.2719384456015254,-1.3950759876617467,-0.20062778767593453,-0.30722785832025784,-1.6474731182886568,-0.27401900443856586,-0.31751507181253164,-1.854721320100021,-0.33184090240580105,-0.014156221889703335,-0.994585530339116,-0.10295253382927894,-0.014954642630999418,-1.4750403730538515,-0.2074317600098784,-0.0013592753765895036,-1.7530964725710099,-0.2848499542163606,0.012957937405630489,-1.9710819305969103,-0.33491315616086276,0.14760512704114073,-0.9019718605349881,-0.126723649290803,0.18842755629472732,-1.212245478370488,-0.30171156141084926,0.1500458639651879,-0.9679752516294512,-0.3605147916468157,0.11336607535653888,-0.7447391645027295,-0.35838875140856663,0.2939615292698714,-0.7535889593118188,-0.16471791644946615,0.3182836987847581,-0.9987830542428661,-0.32679709825232617,0.2655236380417505,-0.8643520001075364,-0.36528310144221576,0.21211334135624052,-0.7010991332812498,-0.36317355885021685,V
0.0,0.0,0.0,-0.21850556009543087,-0.18410781689099462,-0.20313093645087085,-0.30327998983599663,-0.5001642398786643,-0.29452099618538213,-0.14020918763522303,-0.6882949091706394,-0.37853244150382404,0.05468480632878578,-0.7882033297553092,-0.45309275055723397,-0.21723217726728208,-0.9896902289106103,-0.12133745006445633,-0.28364364333143466,-1.3977149536636224,-0.2245999870180259,-0.3179037807439679,-1.6581093045734718,-0.3041110282966162,-0.33062173143408224,-1.8720902803805222,-0.3650346033724362,-0.025394884269180726,-0.9934913242854085,-0.11104093129373553,-0.02848016489956032,-1.466092330166328,-0.21895389898647785,-0.0133175943909841,-1.7585961987371803,-0.2984308861394037,-0.004624348487510375,-1.9868781210942754,-0.3504548397022108,0.1388175167513422,-0.8966538944988822,-0.13094632027628864,0.1789253710667083,-1.193168178024139,-0.31501810661227597,0.1500630854680942,-0.9436796153756501,-0.3802713023857371,0.11300822734731507,-0.7101954002050519,-0.37989110022897427,0.28764215009230915,-0.7549246921161766,-0.16799523256988158,0.326127579195834,-1.009510490848581,-0.34021419020613525,0.28721054423347486,-0.8714749454723801,-0.3874298798480231,0.2375549649722218,-0.7010956879624185,-0.39052041993054515,V
0.0,0.0,0.0,-0.20376434887455436,-0.18263519591341612,-0.15116380080341427,-0.28722898338338315,-0.48755782876120285,-0.2142347096194064,-0.11855239255596221,-0.6605908192831195,-0.27761058369521796,0.05842711308646754,-0.7426645088260224,-0.3329132869719968,-0.20517321508981118,-0.9815867646379483,-0.0714827660578998,-0.2631924917450768,-1.3791911865432964,-0.15970718038176668,-0.29587880238186876,-1.6253907496728082,-0.2312742974876938,-0.30781307434701427,-1.8343069456943029,-0.2880602081622217,-0.017542598934328777,-0.9969406669932782,-0.07616799667594439,-0.015950935975896734,-1.4474570655124315,-0.17696083117286554,0.0001369695484576392,-1.7244724728842835,-0.258428078439303,0.014234336307843518,-1.9509311398311833,-0.3111771796986979,0.1402655222274404,-0.9108221514763899,-0.10387266403109323,0.18788228169965782,-1.2001458728887084,-0.2755032687895201,0.1606619521087922,-0.946115235837286,-0.3365928394819413,0.13067688578186293,-0.719240923914833,-0.33537733074607257,0.28239843863516123,-0.7669142633313666,-0.1434736007021368,0.31067048954390347,-0.9829303463020711,-0.30304400471663756,0.27263263783905534,-0.8360116882694556,-0.3419580135003813,0.2347983203230368,-0.6681712517322451,-0.339041522185162,V
0.0,0.0,0.0,-0.2069958134952442,-0.21532363765659698,-0.177848329631658,-0.2826179722298038,-0.5222654627352753,-0.2588899695026669,-0.10605759458155097,-0.6926339514727052,-0.337155436496768,0.08586949623704228,-0.7722595367296873,-0.407267138607292,-0.19584844368809276,-0.9888609980287152,-0.10195670888949714,-0.25551144374536666,-1.3969319579645014,-0.20691602383608348,-0.2917213292776991,-1.6401068478054424,-0.2888214415539219,-0.30741103383908086,-1.8530815375153848,-0.3502070097521003,-0.0015083874735652145,-0.9950008648703008,-0.0998549131219043,0.009298313540376897,-1.4682236582365302,-0.21303106339765993,0.026830003407666014,-1.74882867942803,-0.30160766437599645,0.04119466040939656,-1.9826762142821754,-0.3598260418746684,0.1640475547907804,-0.9026288625129119,-0.12357108159616112,0.2023517074113895,-1.2017709126864278,-0.3030286118424092,0.1689343463529703,-0.9547388136924255,-0.3659881948697015,0.13325149993956142,-0.730383538733872,-0.365702862658636,0.31175714942924615,-0.7607997819727952,-0.1622590074611589,0.33847401746303685,-1.0118406107098703,-0.3184575747218127,0.2974914858796565,-0.8797406672543969,-0.35327729040757855,0.2516746898719569,-0.7183272979209677,-0.3497991036970733,V
0.0,0.0,0.0,-0.203690863144384,-0.20034022855267336,-0.16834822617552134,-0.27543340652836507,-0.5094920004707908,-0.23980016658374514,-0.09073028043023719,-0.6902951798120787,-0.3078813154061089,0.10166878906298192,-0.7705676906195476,-0.36793537670560467,-0.19824862616652594,-0.9846087386485801,-0.09404052734111436,-0.2458575381721595,-1.3947956642914292,-0.1842190195216667,-0.27016441974815475,-1.640435609907662,-0.2554719190778202,-0.27987660775111584,-1.852292493906489,-0.3096275077828201,-0.006331749531095679,-0.9959242784806813,-0.08997077570305714,0.016753899882459473,-1.4608873435364687,-0.18556001239765563,0.04233314060229857,-1.7355356722461224,-0.2626308474371956,0.0609176771885745,-1.9626514159602948,-0.31451770663090056,0.15451736858460846,-0.9025831296872909,-0.10991378162756722,0.21391916712075731,-1.2001043614139475,-0.2755922641469505,0.19240488488446883,-0.9704414763324001,-0.3382379303260848,0.16086462582570338,-0.7559536124090144,-0.3408195097135167,0.2977351896630524,-0.7569625827908398,-0.1432798009422783,0.35664679917844405,-1.012724216877201,-0.2926399624415049,0.32383926944317826,-0.8775556242122685,-0.32748115266989364,0.2785938293646163,-0.7032799792408168,-0.32543631572171267,V
0.0,0.0,0.0,-0.20789313300606999,-0.18375845744142594,-0.19032911764376464,-0.28077280479179995,-0.49056013892510214,-0.27427171203075945,-0.10068174352189926,-0.6606025198981296,-0.35016640070634353,0.09448578846858857,-0.7478363226303226,-0.41682972384739164,-0.19881126913154024,-0.9807937339400322,-0.13240138320533215,-0.25891703604780597,-1.3938276660738311,-0.23524577159344853,-0.29224078046880986,-1.6382153464807345,-0.3141068036326534,-0.3032153667811673,-1.8492644955725885,-0.37434244876828576,-0.0023274571227662444,-0.992330961570822,-0.12358740085975325,0.007609582124063249,-1.481845174190437,-0.23007397838595164,0.03220363719705505,-1.7632032935382058,-0.3143049788188928,0.05441059467463031,-1.9855864736918407,-0.3714623006745386,0.1665982669015897,-0.8959729058678354,-0.1391912785028049,0.21534819208735745,-1.2012165416155811,-0.3172431038597101,0.18956231335429602,-0.9521919376842339,-0.3844100747731548,0.15813498809463122,-0.7266181154679251,-0.38945816637015207,0.31621353954365533,-0.7438867432307619,-0.169813441978676,0.364414870960334,-0.999145501691704,-0.33488793485188856,0.32735250682815226,-0.8500753725434502,-0.37570635490781024,0.2801754142723606,-0.6745150156090995,-0.37618994795515753,V
0.0,0.0,0.0,-0.21127015139673166,-0.19563418448214548,-0.17793661909777542,-0.27453753611427134,-0.5039899857812054,-0.2517105011915296,-0.07450079787860214,-0.663440757806189,-0.3172051637991229,0.12296302883311509,-0.7404949588283132,-0.37428805662008713,-0.18911765385428386,-0.9801042029113332,-0.12377900030181754,-0.24016986616562497,-1.3906734319087275,-0.2194687265183901,-0.2697616407302699,-1.6311951804863571,-0.2954036951770361,-0.28309464333510326,-1.8433834450370723,-0.3534444799589541,0.0049631758361287056,-0.9934445211588278,-0.11420748778047383,0.03380095149715698,-1.470281279929129,-0.20867512064956698,0.06686277923077512,-1.7478670004855763,-0.2892677303767801,0.09178790534182624,-1.9806616015022898,-0.3455517855009833,0.16514307357968094,-0.8943934019281844,-0.12667318284551374,0.21818977393522665,-1.1812002462043474,-0.28758568123789857,0.19801688929690564,-0.9226527541094653,-0.3495699631963486,0.1704188712121992,-0.7023972865414649,-0.35490135971309217,0.30330508160575187,-0.73314298180854,-0.15316298775350043,0.3595496932232733,-0.9786349780102043,-0.30352055311888454,0.3251849495316914,-0.8234455678353827,-0.33672738298641697,0.28170467122947096,-0.6534736823897842,-0.33390698936760477,V
0.0,0.0,0.0,-0.22472689915808614,-0.17734350699008197,-0.2534179464346277,-0.2899555998688082,-0.47586107410048545,-0.36300015412187386,-0.0996199560365234,-0.6280887697104646,-0.4519490554338322,0.10702150561547835,-0.7279587264046347,-0.5302997983136758,-0.20358715944170044,-0.97134016624406,-0.19502099802410164,-0.270864730300283,-1.3862492043883734,-0.31667929559791275,-0.310837194779766,-1.6301513761010806,-0.4067203764857993,-0.3281876846466877,-1.8460465639713644,-0.4739391799143699,-0.014146384695917986,-0.9862590110174055,-0.16459964455309237,-0.006219660981255126,-1.4788898725687785,-0.29070696049377726,0.01571475012468857,-1.7656983763010512,-0.38751592073496227,0.03316272297262747,-1.994266721892108,-0.4529954550275359,0.1489576968796549,-0.8972249663422803,-0.16516259334394445,0.20254150022506773,-1.1828584916628495,-0.37378593644340197,0.1773570805697173,-0.9160818767563642,-0.46358657987747587,0.14569312758118483,-0.6832962199726172,-0.4793646939398256,0.3005449663232045,-0.7585681356516821,-0.1850654714651073,0.3456684808781083,-0.9929581895483225,-0.3818050221976742,0.3110807788361305,-0.8206117342028899,-0.4463309508227782,0.2663815003429193,-0.6385468426309339,-0.4615190460576168,V
0.0,0.0,0.0,-0.21796485906271013,-0.15949176269861437,-0.25602544291605256,-0.29218584436878975,-0.45296259234084063,-0.3712805001679633,-0.11951640901713256,-0.6230330595816038,-0.4656749433181723,0.08529338566278837,-0.7231405143280745,-0.5499836405145885,-0.2151049128756276,-0.9641589282715702,-0.2166609886566751,-0.2779060185408831,-1.3850720858492975,-0.3439330941334663,-0.32072239627021343,-1.6357371046711164,-0.435360816168058,-0.3378157230343554,-1.8521110295857621,-0.5031115971309307,-0.020479160976689084,-0.9822170383945785,-0.1866287583762856,-0.014930059339766072,-1.4832214677981506,-0.3186288490876229,0.002493053279597182,-1.7734421128493514,-0.4184313072099792,0.01598478429551088,-2.0074324265198222,-0.4858320900325398,0.14922171019384103,-0.8980383387521207,-0.1857099748607682,0.2082627164770249,-1.1814981280292183,-0.3989777200362215,0.18918379380365222,-0.9032370122001127,-0.49150056087898125,0.15827091610491906,-0.6595535255294378,-0.5086943654311662,0.30448597209709705,-0.7650098021274325,-0.203434136872279,0.3551361154693055,-1.0036241214199377,-0.40135714832713915,0.32743238343624603,-0.8391595222337996,-0.4664497680584946,0.282915224854467,-0.6588283406868463,-0.4820337777588982,V
0.0,0.0,0.0,-0.20382619767416774,-0.1762692681100965,-0.174765421551987,-0.2644657570183089,-0.46009891205363257,-0.24906020995538458,-0.07444243427895803,-0.6153600443064982,-0.3159212773656775,0.11205729475600669,-0.7079046213028443,-0.37274680958569045,-0.20686064035583038,-0.9755991542579676,-0.11663139849659997,-0.2721940587872107,-1.3776035616346236,-0.21198037322142566,-0.31534315118414263,-1.6171690668818508,-0.28545956924460814,-0.3360704517885018,-1.8312039222376257,-0.34038673810232895,-0.013895775710450427,-0.9938065213232672,-0.11025200947262326,-0.0005476879910436084,-1.469837679406276,-0.2083247158506574,0.018088160202688174,-1.746746215565114,-0.2880991243818846,0.03329781831138428,-1.973930322541427,-0.34024741656285046,0.14752737967314852,-0.8947759534403431,-0.12518686080671335,0.19869034892734558,-1.1496397517199577,-0.293884034351325,0.16136675134125,-0.8853311202481922,-0.35040100328084084,0.12236335605696445,-0.6641504889054215,-0.3466474979311448,0.28581184314608427,-0.736164468470306,-0.15334869706340226,0.3276366255066892,-0.9478670877724852,-0.30664497494922144,0.2856912143328254,-0.7881711284419913,-0.3329592381433069,0.238594549946792,-0.6219095489886622,-0.32147310592482303,V
0.0,0.0,0.0,-0.19402430301412193,-0.19232573940417774,-0.165129745322664,-0.2640278319415696,-0.49554174057762723,-0.23864686182751094,-0.08050918437871442,-0.6581060872702669,-0.3064683048199689,0.11973064938577163,-0.7210794168762856,-0.36680791465566803,-0.1886768577978768,-0.9798402883531179,-0.1235934379568829,-0.2501030117789302,-1.3958348289629086,-0.21762328957611493,-0.29183794850494726,-1.6404406843062713,-0.2882944107727651,-0.3121050149939853,-1.8517162710074009,-0.3425364323566823,0.002762830725863256,-0.9926768876047466,-0.12076822256592801,0.016363076965011696,-1.4903737511267636,-0.21305028552630265,0.029525447829885986,-1.7698491459849446,-0.28292013730601734,0.03987444546125378,-1.9951426133426444,-0.33148486991527837,0.16565773979076676,-0.894479741854505,-0.13820250576187434,0.2035579134605722,-1.1947992501254803,-0.29684974822767507,0.16219665593798382,-0.9438039594793886,-0.3480835623972596,0.1278845212349467,-0.730911731147528,-0.34672586129146865,0.30956040334140633,-0.7372594868467977,-0.16850537401145768,0.3374740002995797,-0.9920342072824394,-0.31348862320092247,0.2889785839848649,-0.8456168743230854,-0.3380218007112838,0.24448345145044467,-0.677476323671076,-0.3301505537019455,V
0.0,0.0,0.0,-0.1881445346187799,-0.21522682957456019,-0.16774752833924278,-0.24535945854070398,-0.5133375717885509,-0.24386921483447196,-0.05706721495640377,-0.6662307383389757,-0.3146040800465619,0.14424883504554295,-0.7298506203420899,-0.37776587842141973,-0.1436731057822081,-0.989135005905027,-0.12530515700026412,-0.20039310875472646,-1.407577240539791,-0.22329578078637852,-0.2384296060998971,-1.6584755455002251,-0.2962925144665237,-0.2541673249716977,-1.879068814438981,-0.3505665972455855,0.0471455366019655,-0.9914180206139862,-0.12193279616394512,0.07911925231691602,-1.479212731795199,-0.22256326061422937,0.10006515094699776,-1.7557761888766323,-0.2966931090939951,0.11712673540100231,-1.9807567258148078,-0.3454769922980994,0.2065520450849038,-0.8846289945011523,-0.1388387137120183,0.25720902663992035,-1.1521220180781426,-0.30515340386018086,0.18833396657131407,-0.8991646597298468,-0.3541421852964883,0.13336081394589874,-0.6921148162481571,-0.34688163622082235,0.34517978667309746,-0.7220671251784708,-0.16881354766010573,0.3830587437741985,-0.9518073197645285,-0.31199270662873996,0.32097134228835766,-0.8054819268595603,-0.331213665474583,0.26351998810668836,-0.6435689219211288,-0.3177733785220532,V
0.0,0.0,0.0,-0.1788548112632607,-0.21456073436919673,-0.15186847971758988,-0.2396289910641366,-0.5149402201844219,-0.22356710747291855,-0.0633009009121913,-0.6577833343489917,-0.2951435499776567,0.13009629407000942,-0.712726491742718,-0.359733391299276,-0.1408057261818613,-1.000422396546315,-0.09776446143309558,-0.189677694763594,-1.41025855034585,-0.1945452238422239,-0.2197655240599687,-1.655010617678992,-0.2682050921451948,-0.22944465650607046,-1.8680192707356233,-0.3217230312742789,0.05011946015403286,-0.9934210958291719,-0.10296876261971567,0.08603049579112743,-1.4721205844834593,-0.20150979792904045,0.10924042347975119,-1.7427289101179666,-0.2734899669105602,0.12854610756142681,-1.9619533492155432,-0.31881643157068656,0.20998265109579828,-0.8817636130186208,-0.1290716489035699,0.2571222951360836,-1.1493800431639891,-0.29254606978010156,0.18654937338767974,-0.8961769132162197,-0.33767819860672266,0.13263296290223547,-0.6847982652859546,-0.326158589760582,0.34931895678885183,-0.714654217944911,-0.16754758299160583,0.38680623248929513,-0.9399696228710535,-0.306283487475706,0.3211332738408999,-0.7979550117480455,-0.32076129982766327,0.26160113805087304,-0.6374899836911833,-0.3027835476686281,V
0.0,0.0,0.0,-0.19367870420918645,-0.21720510361145862,-0.17042133802209344,-0.2487972522884435,-0.5111296498986477,-0.24796866756443575,-0.05549501575903832,-0.6625696711407939,-0.3201062497217128,0.13731446326218194,-0.7272718691961374,-0.3829788879767408,-0.16106400704106633,-0.9927943350402779,-0.11586474196288901,-0.21592190550493592,-1.4103271848143535,-0.2178164016157121,-0.24778201613945935,-1.6595537423516704,-0.29781144923739683,-0.2632016227981705,-1.8753725674204758,-0.3570222552487376,0.029719009676268553,-0.9933210595571649,-0.11149014801359461,0.06123284552763475,-1.4614036588580641,-0.21289547545787546,0.0917566846045385,-1.7334048598481149,-0.29312612497455487,0.1162414725926198,-1.9614544027517196,-0.34747690661319275,0.18711552330553066,-0.8817318877467045,-0.12914020331121986,0.24555977177152732,-1.15371492582238,-0.28850773223059634,0.20115380494369092,-0.9123255478970513,-0.3365875907696192,0.1567603398621129,-0.7042955466292349,-0.3313808788202505,0.3239778007643663,-0.7098543419561308,-0.16158332580604368,0.383113419386653,-0.9352153017681646,-0.3011251491271384,0.33051291170944186,-0.7948530071209864,-0.32134088562048174,0.2718054189260042,-0.6349820912605804,-0.3094361567164204,V
0.0,0.0,0.0,-0.198218616488185,-0.20822354787428088,-0.1621480760952481,-0.25911204442175556,-0.5102566565431879,-0.2326519980667378,-0.0666347038253645,-0.6671440861476768,-0.29854412733528574,0.12096215385623312,-0.739051352019477,-0.35541543387799057,-0.16966269417357518,-0.990379465611367,-0.10499836085205425,-0.22091116295428503,-1.402597121976338,-0.20201091432720553,-0.24650364198161695,-1.6487726642662042,-0.2789939556669292,-0.25550622880941404,-1.8635878521262204,-0.33728716424875915,0.022052048996417887,-0.9946454646748957,-0.10096586916736001,0.05710457956461661,-1.4536656046404304,-0.19988954475772913,0.0896715206108802,-1.720895772863792,-0.2769424244604112,0.11765303410800343,-1.9498602599305621,-0.3286395695695903,0.17977660152871686,-0.8882893716677184,-0.1182261320205647,0.2346791634478401,-1.150139642374057,-0.27204998934256114,0.18124836300314195,-0.8924405358391342,-0.3127129367558528,0.13645220901763463,-0.6818066270150982,-0.30286818832640816,0.31602421695285254,-0.7206098057738541,-0.15003066605543,0.3648271712454054,-0.9293294872534468,-0.2875052425009448,0.30865767580227865,-0.7791938805913443,-0.3057770850399325,0.25657747430298045,-0.6184165947842266,-0.29195116909186036,V
0.0,0.0,0.0,-0.20935146296262797,-0.18015533260322247,-0.17134873889709595,-0.27576159906487335,-0.4897704683338856,-0.2422928058149226,-0.07691763653929283,-0.6435518675588521,-0.3067642848811283,0.11062004655077429,-0.705113590055518,-0.36106350289323763,-0.18284669308272544,-0.9883879096685915,-0.10662282394023838,-0.23586579486849754,-1.3925071134530953,-0.20464794042946122,-0.26240857963212266,-1.6356962541116165,-0.2819400993699691,-0.27368850519119037,-1.847230890856621,-0.34061070833247914,0.011485858947577317,-0.9948875219045766,-0.10033391152948729,0.0385305334643992,-1.4443053077769783,-0.20616063544593577,0.06944106511365102,-1.7143282919407556,-0.2880161838216581,0.09592717738191053,-1.9410904550382688,-0.34040352138568725,0.16833013834388805,-0.8913135223907819,-0.11679593770549183,0.21285979361194887,-1.1384664726428588,-0.2831557885311016,0.16351041081620968,-0.880722062701341,-0.3280076957352589,0.12318991273481,-0.6678548060447349,-0.31617258961973915,0.3059230276066587,-0.7264457703275439,-0.14800185724532602,0.3536522300513487,-0.9331989276487384,-0.2971422921841686,0.2984275653492283,-0.7736294708518217,-0.3186795312691584,0.2484298305488948,-0.608658635484256,-0.303644819671973,V
0.0,0.0,0.0,-0.1987995408337473,-0.1767956971868863,-0.16741103669263988,-0.2661605985810551,-0.4773280398310871,-0.23944360613072513,-0.05769533318125656,-0.625199335454085,-0.30585440811077325,0.14646124545708197,-0.6619077134917148,-0.36263423541974216,-0.18838087685871177,-0.9840512184642155,-0.10507114362899568,-0.23644002663733174,-1.391388076315846,-0.20203335526842855,-0.2586083881454859,-1.647575770265749,-0.27598438910253936,-0.2697799915295057,-1.867710515730532,-0.331076737494459,0.013422736105043466,-0.9948988297389147,-0.09998074184357883,0.0451706004096077,-1.436462607901341,-0.20360865882257234,0.08069517036210724,-1.7139242626069078,-0.28216353586947607,0.10444794695194215,-1.9525440908633593,-0.32965221696191105,0.17611480939598667,-0.8920057567052386,-0.11699496590581884,0.23153499265019134,-1.120695911301389,-0.2886365931951829,0.19954311353238055,-0.8586936517720574,-0.33966970353175296,0.16355068840645157,-0.646728839281889,-0.32747415659022816,0.3135093194053608,-0.7230182933701822,-0.1467581308633579,0.37407951214819357,-0.9119964781428155,-0.29863012260201166,0.3304340043213769,-0.7454028097325902,-0.31932749028395335,0.2781555117877218,-0.5725353667636772,-0.3004640164113104,V
0.0,0.0,0.0,-0.21485843771033777,-0.16562529713257057,-0.2525328427604036,-0.26532304364190173,-0.4616005711903127,-0.3631690784552935,-0.04822705570341827,-0.6075770088923566,-0.4501426230715786,0.1676117507016974,-0.6856823835698084,-0.5233063669784461,-0.1935457899826601,-0.9856737485390461,-0.1960286950144004,-0.2303667496244639,-1.3991651702832189,-0.3197213807902845,-0.241104952833635,-1.6571789963957297,-0.4067792004808949,-0.24325662072623222,-1.875376413157349,-0.46942757430062876,0.00215336613087078,-0.9867414552021784,-0.16228574675489416,0.043863796367714016,-1.4443574741917902,-0.29189929478301097,0.08859199601666876,-1.7227106148957625,-0.3760878499333958,0.11960109907542388,-1.952867753396176,-0.4246319000059836,0.16133239338248512,-0.8759995799889682,-0.1598217243226962,0.2347853230067926,-1.1133225561873907,-0.36866324317845317,0.20010123232405927,-0.84534298267471,-0.4328697202884925,0.16348090740400287,-0.6301012283254835,-0.4232714595204468,0.3025188287312265,-0.7100283274595272,-0.17669726967545332,0.37041779138459835,-0.9077959377902509,-0.37097769933984426,0.3259149722150914,-0.7373886442848104,-0.4172317964032738,0.2718309353116413,-0.5751809303750404,-0.41172349991162344,V
0.0,0.0,0.0,-0.2071955956868745,-0.19176327798704032,-0.20754223330331387,-0.25328821694688103,-0.5084651874546311,-0.2924237939295588,-0.028744034587661532,-0.648131742096987,-0.36111102444780196,0.17845538933039792,-0.7079222530656015,-0.41902363847992347,-0.16835412282003961,-0.994706296558449,-0.152057091693145,-0.20732312363822278,-1.4091455800864587,-0.2588826566785519,-0.21731911379099528,-1.6618114702013382,-0.33920564634313494,-0.21975458661796332,-1.8771925419549584,-0.3996180654309651,0.03330608983786291,-0.9908579671597896,-0.13073329069399922,0.07328550442442078,-1.449061350329567,-0.24030754062422002,0.11456364644046901,-1.7220872094726436,-0.31907800309497364,0.14028050721864044,-1.9476248178243547,-0.36800360515600306,0.19126058337956808,-0.875545662258216,-0.13552043397465252,0.2530592408691319,-1.136307065006995,-0.3173592170171047,0.22642527945771865,-0.8857711070176357,-0.37603595197535117,0.1956568283665718,-0.6757373564360275,-0.3704735918797478,0.3263138801796241,-0.6992769107277651,-0.15625450792298098,0.3933337664765459,-0.9108598986170282,-0.3293841098817823,0.34997258816699295,-0.7518933164558049,-0.36747043423933196,0.2960036205084246,-0.5878883035263045,-0.36052452746704694,V
0.0,0.0,0.0,-0.19227318868519927,-0.1685001586117339,-0.18051362759465553,-0.2514773219686878,-0.47037482535149494,-0.26483528634385695,-0.03242556142648407,-0.5992259483489443,-0.34329409853478576,0.17230477603165814,-0.6335937369411427,-0.412313991682055,-0.11624018807933709,-1.0025288187663888,-0.12242168401465738,-0.13653572011364423,-1.402549897556062,-0.2304663643736744,-0.14252560804049988,-1.6598979408521326,-0.3133371815496512,-0.13550255040635809,-1.8812974718096396,-0.3749747215226194,0.08840206971832529,-0.9890926669222836,-0.11781668095002862,0.14328464746757608,-1.402574625802988,-0.23722611033563645,0.18983145093157658,-1.6840847569241624,-0.32584458165295477,0.23226630019242775,-1.9320763381047166,-0.3790912092377052,0.24604346633700022,-0.8662467398140729,-0.13719832027048182,0.31219105585023965,-1.0709937982772795,-0.32245916689520726,0.25547576174309033,-0.8074596896287388,-0.37684376485278803,0.2054611160315885,-0.5873045782594014,-0.36321520369688604,0.37687426213122355,-0.6806782031454519,-0.1708815485602745,0.44208924347467654,-0.8517218385838761,-0.3322203479854153,0.38161878844145525,-0.69399424636163,-0.3593675767903438,0.3225338217574395,-0.5225843973615851,-0.3429663609478466,V
0.0,0.0,0.0,-0.18588641907716175,-0.1878259673443674,-0.1714876498553025,-0.2460899690041816,-0.4778096485740668,-0.2602224545306818,-0.026606557178873107,-0.5960544396951122,-0.3440567646840706,0.1878832486069988,-0.6216483207247491,-0.41791090505373485,-0.09859048200302492,-1.008158472699859,-0.12358381462695459,-0.12269457875352478,-1.4065960921971294,-0.23104600473746226,-0.13389766224249114,-1.6567615169611212,-0.31739940868998323,-0.12629339783415536,-1.8792820143326958,-0.381587866372664,0.10306101346723918,-0.9874037975984505,-0.12005068925776259,0.16353918343938476,-1.3955556592069929,-0.22906502773812712,0.20831733721795992,-1.6675249726525256,-0.31214402963757487,0.25345780087581254,-1.9131696564504905,-0.36525707857973666,0.25878519402589123,-0.8591541149964853,-0.1383927373924476,0.3230340268665615,-1.0845756843812464,-0.3073843220872164,0.2615698177109302,-0.8239492395635294,-0.35055745135098,0.21126673293007428,-0.600130131180283,-0.334304010942007,0.38720271308462,-0.6668147141722702,-0.17116130282635503,0.4582981890245839,-0.853128739053602,-0.31817792115911064,0.39514335758256475,-0.697974070966215,-0.3344580574651741,0.3330464615590214,-0.5226043031278856,-0.3127090633269881,V
0.0,0.0,0.0,-0.2058129640049936,-0.18047842923669988,-0.20550080292923595,-0.26102589247322827,-0.4698421766370465,-0.2992358011562728,-0.04829770486701176,-0.610518248959525,-0.38251705506420425,0.15064810373952062,-0.6935614886845416,-0.45464604412809423,-0.1866002918639103,-0.9763269327420695,-0.14776784296946513,-0.22286398079247122,-1.3789956810472426,-0.265572065942406,-0.24276539487802687,-1.6369803171820156,-0.354790096334071,-0.24820605567100207,-1.8642682220276747,-0.42046663606254164,0.012036136594455042,-0.9910581874894068,-0.13288641926883107,0.04468622769187399,-1.4316810231869261,-0.2607092839105729,0.08115020079860852,-1.7201698821713214,-0.3588016706086662,0.11114687997789434,-1.9739853086018544,-0.42042118922622956,0.17092605208004266,-0.8948892652406706,-0.14366877690791924,0.23999416873743867,-1.1342305075572632,-0.3389882637472845,0.21160046986887654,-0.8617721585654398,-0.40636836767889983,0.17757690056607636,-0.6332120957457107,-0.4029248641314274,0.3074684945934624,-0.734832517695888,-0.1705011427933955,0.3747243928810545,-0.9170423447457876,-0.3423338636758968,0.3351383428792606,-0.7529297247787666,-0.381985094396264,0.2857129202749089,-0.5791209943036932,-0.3759356286087522,V
0.0,0.0,0.0,-0.21016426005079064,-0.17297866759878963,-0.19753724975884163,-0.2639955011887195,-0.45745693468490156,-0.28012413661327923,-0.05765963240959478,-0.6141484060194926,-0.35006928948065497,0.13149210534602673,-0.6903077196922364,-0.40918899550781085,-0.21795216132109707,-0.9713968776865467,-0.13854305087566487,-0.2627913214965041,-1.3779301462264317,-0.23970575568836974,-0.2818278776872655,-1.6310492227161075,-0.3170539786586813,-0.29148955971433743,-1.8514332804960925,-0.3768943210167096,-0.023184133155062635,-0.9923198442837822,-0.12150647147563211,0.0016889286110306318,-1.4496468083916827,-0.23430716886480865,0.04293690529929852,-1.7300374319421106,-0.3245990749133401,0.070054141003611,-1.9605155650291906,-0.38260765880363334,0.13417050960422677,-0.896835329516937,-0.12832793185761265,0.20100294178217362,-1.1477088542884255,-0.3121094133902694,0.21261349357427842,-0.9116156937559033,-0.39043014809189175,0.2016539428171528,-0.6979116873367868,-0.3996702007449421,0.27123826085160424,-0.743412641156924,-0.14916874832424362,0.3410342977411706,-0.9301723232577384,-0.3221318728427669,0.3229860690476051,-0.7782057186941285,-0.37273844866884986,0.28419926664254946,-0.6066879571216307,-0.3764368406597653,V
0.0,0.0,0.0,-0.20581598499572187,-0.183203145693009,-0.23120087141279366,-0.26657968756135836,-0.46590950413256477,-0.32598480975195976,-0.07765497340227029,-0.6486674621076521,-0.40367738869569547,0.1194290103913375,-0.7670396490236255,-0.46798645660777927,-0.23739005075550645,-0.9699946287397747,-0.14519612771058585,-0.2990147295680668,-1.3727962318218179,-0.25201772144843565,-0.3250142228063691,-1.62939378951239,-0.32957333443401987,-0.3409835085529081,-1.8492332981459094,-0.38613773311547,-0.04866405742979059,-0.9922973397563684,-0.11392014320085951,-0.04600752019345394,-1.4490393810163595,-0.23329480377583953,-0.01764592370107495,-1.7289357959255183,-0.31749886097214536,-0.0026583056086024793,-1.9630843097944997,-0.36695393342109306,0.10876506248880888,-0.9079767081446014,-0.1129707552483485,0.1721578925206617,-1.1618601459769309,-0.31465669990953027,0.159609965015429,-0.9037186887750263,-0.3843626189303809,0.1298144396619986,-0.6883669773823726,-0.3800303279256411,0.2488601553647184,-0.7738072096849405,-0.12932070384821892,0.3088508582036558,-0.9780962052291219,-0.31207990521005574,0.27328049216963834,-0.8145074026155851,-0.3581361385332698,0.21869747171959594,-0.6468223866947963,-0.3553076270940816,V
0.0,0.0,0.0,-0.20470147714723488,-0.17917323964438478,-0.2160043379346854,-0.2543122153741023,-0.48651981815787015,-0.29870337669336644,-0.05442219972927447,-0.6802275521781418,-0.3671022566213845,0.13882807859974317,-0.7959985379801569,-0.42210434221242255,-0.2447909491895669,-0.9644586957187826,-0.1282021958583549,-0.29785293646489525,-1.3808695618129414,-0.22709327383411612,-0.31792397066348116,-1.6472119778946743,-0.2995437581570941,-0.3276308710415689,-1.871233112742783,-0.353119968723044,-0.05426308470622959,-0.9933000615903671,-0.10203188365769443,-0.061006246787018964,-1.45612721083068,-0.21308562697897784,-0.035629168556061505,-1.7511514357747773,-0.29600665329411524,-0.01793601997964625,-1.9919906970690984,-0.34471391653075595,0.10449459251605961,-0.9118064296277948,-0.10473808904160888,0.1721293059714231,-1.1850670343156664,-0.29760877030653426,0.16729861807039811,-0.9443394850271081,-0.3726181335903965,0.14169148603528828,-0.7311558511930558,-0.37186247535161304,0.24343935546603568,-0.7798432803000879,-0.12365727964368398,0.3100031364190721,-0.9901358825626497,-0.3012430568797687,0.2848669406535576,-0.8510167560665869,-0.35452714220809717,0.2385394967286037,-0.6894506986875556,-0.3568886467176523,V
0.0,0.0,0.0,-0.19440132715923072,-0.18862976779512874,-0.22534143521477323,-0.24407099556551679,-0.4970105729052195,-0.3096321184806458,-0.05917219088240568,-0.7067699264495139,-0.3761443566086895,0.13276307931898426,-0.8471245678719097,-0.42610714023895885,-0.2554974420022821,-0.9776508969770648,-0.11535496814890374,-0.30715330209488145,-1.3838056325267998,-0.2069617107097838,-0.3274642691434609,-1.6417994152784163,-0.27339315221341703,-0.34249034267018713,-1.8524805649322102,-0.32107014713942095,-0.06821057440679104,-0.9943771131841362,-0.08100292781547608,-0.06544231708751891,-1.4577833034231569,-0.17508183058077206,-0.036311009813308426,-1.7396139366245538,-0.24261759444947764,-0.01392799387305826,-1.96553569655955,-0.28068841132531963,0.08625695140515059,-0.9028012654035256,-0.07962216623528898,0.14706871738491423,-1.1822120642762035,-0.25839093381367434,0.14495777772943055,-0.9662155247912276,-0.330313822892458,0.12780291304907704,-0.7732251035388484,-0.32965196265994545,0.2221980224293702,-0.7723960714643451,-0.09586846404137425,0.28620945693354355,-0.9779390711613832,-0.26304193976305257,0.27091136057796206,-0.8784303576342817,-0.3201330763105275,0.23670278970673558,-0.7621831018656762,-0.32761822010804126,V
0.0,0.0,0.0,-0.20409323347627356,-0.18173180687026536,-0.2342308930499159,-0.2655905602563099,-0.49377802616011357,-0.31859277905822847,-0.08588060453981601,-0.7263914463507033,-0.38227386426872384,0.11030996199024415,-0.8700909616379715,-0.42991861495577455,-0.2916787865700831,-0.969196018487621,-0.11509212778553005,-0.34850007201499583,-1.377688496476702,-0.20645358425745194,-0.3773947609424005,-1.634538996135832,-0.27438641110611117,-0.40310576215227417,-1.848708077605243,-0.32406008199038516,-0.10445679401219131,-0.9915957750181232,-0.07633215017869137,-0.11528196061121457,-1.4512137745082563,-0.16962791293756324,-0.09477586991322541,-1.7376680666979294,-0.23836363912330855,-0.08393164307852484,-1.9694020978831208,-0.278802547276992,0.05531929698291175,-0.905126188250564,-0.07236138992691354,0.11325424476954236,-1.1870361851297402,-0.25375216126850597,0.12330045514346709,-0.9878164025723911,-0.3345819342620433,0.1122136815734441,-0.8066989217597256,-0.34151040847567765,0.2003716700969913,-0.7843722643748431,-0.08624360363911171,0.24878131746716428,-1.007381629768594,-0.2641174996818138,0.2329730512307871,-0.8843096880001156,-0.3285534801880294,0.19922072509647598,-0.7423425596280907,-0.34048181029016256,V
0.0,0.0,0.0,-0.2065549697128487,-0.1848041631572077,-0.23935154084170499,-0.2688899246213952,-0.5093881435631796,-0.3252968671245515,-0.10163390848237633,-0.7417692009035278,-0.3920395266697866,0.08793242515968751,-0.8874339447540743,-0.4438480465438948,-0.30033083011744766,-0.9728244019350669,-0.11631506794832462,-0.364872917754741,-1.3840168183029762,-0.21255132691722012,-0.39609993530612403,-1.6433709918315198,-0.28630819110382183,-0.42491049623334654,-1.8554678583532207,-0.3404986260474956,-0.11082943044888677,-0.9908346589404052,-0.07722380454773167,-0.12440353530598196,-1.4568702470918615,-0.17909208733223242,-0.10626704084736398,-1.7444153081327607,-0.26066476917494635,-0.09969543228936846,-1.9785969866329134,-0.3112985131434515,0.05386947336617935,-0.9078306808782339,-0.07345815920954661,0.10926790323305091,-1.2138369062452659,-0.26651800675291853,0.12220573813253105,-1.0147079558567764,-0.3615219853887977,0.10841733041719771,-0.8207036029554103,-0.3767193877192703,0.2038385305785117,-0.7968500144335527,-0.08733290136229394,0.2476374292617736,-1.0444730254488137,-0.27445968584688885,0.23560846253455026,-0.9229527245317898,-0.3489908176508484,0.2016179131587818,-0.7665187952770123,-0.3686862720475958,V
0.0,0.0,0.0,-0.2197845377806578,-0.18326104119166362,-0.2027576770541775,-0.30183529086751887,-0.5104982985452876,-0.2743427520848988,-0.14209816201830214,-0.7590280899917384,-0.3321987846309027,0.039841099906143686,-0.8969437498422093,-0.37687419302124747,-0.3188215117285562,-0.9571239631360438,-0.101706960385989,-0.3837014542431287,-1.3721758081915387,-0.19065447005081332,-0.417160845150108,-1.629475177011604,-0.2565659433047311,-0.43913182346249185,-1.8483190172253083,-0.3058375885225571,-0.12583839772450814,-0.9892635584887655,-0.07431224329996625,-0.1436847147627446,-1.448558571321155,-0.17340410214822294,-0.13214514325496302,-1.730236623957657,-0.25221589569621505,-0.12481918688670561,-1.9595329609769097,-0.30194857146690185,0.04201211713225166,-0.9178880000887305,-0.07589268177123838,0.09971122754250292,-1.2002426032506333,-0.25452052643079237,0.1044310027047342,-1.0168292337848093,-0.34052883907638365,0.08593235732040164,-0.8364784039118208,-0.35370625274922546,0.19512051251577658,-0.8098998868283794,-0.09182839611237617,0.23994887561595346,-1.0397768253093223,-0.2563502145203007,0.21615998098439135,-0.9266138313712736,-0.3164405081937646,0.17598728779604514,-0.7764135591875184,-0.3294948533586102,V
0.0,0.0,0.0,-0.2172120371362975,-0.19782086924848477,-0.17809172125428857,-0.2982030447127047,-0.5355547038145433,-0.23629874817984725,-0.15785377960978847,-0.7937014293154893,-0.28685886535305943,0.01929984932808989,-0.9245773388649358,-0.3241887585464265,-0.3040018727306603,-0.9704176642369173,-0.06307629992725962,-0.37296887204133927,-1.3813692875407533,-0.13824737201633086,-0.4121325970958072,-1.6358566555283613,-0.19594818027564817,-0.4384217978871282,-1.8520094272145404,-0.240797132263972,-0.11141580510184301,-0.9928460197777342,-0.04293366260894988,-0.12302957617770528,-1.4500406455012185,-0.12747976488234486,-0.11336691864258788,-1.7291487605296558,-0.19726651737498024,-0.1105294779045331,-1.94978335362001,-0.24238409066582212,0.05379836979227267,-0.9131701785173353,-0.050779520363192554,0.09965640181308942,-1.213038841927207,-0.21331255859405684,0.09145324962465338,-1.038273521595413,-0.2907918055122337,0.06423415134282136,-0.8552955988974343,-0.30061399696908914,0.20254735078080613,-0.7997349201682882,-0.0720117289812509,0.23442807253293416,-1.0426999848530896,-0.22394408316845588,0.20862132818459328,-0.9482432697886631,-0.2788834624483766,0.1683038856402937,-0.8042170897369066,-0.28962296773800345,V
0.0,0.0,0.0,-0.20414639653042296,-0.2016334317896508,-0.18336086873323784,-0.2771160335925394,-0.5311127915699749,-0.24528340098503615,-0.12627096293805692,-0.7876971210626094,-0.29589971027447504,0.0495593549155792,-0.9324326590037525,-0.3330020903919676,-0.2961800700170277,-0.9707409312796711,-0.07945562415867177,-0.36561872086796815,-1.3808762308906746,-0.16203428661023173,-0.4049595549130699,-1.6347342042232087,-0.22092361225872292,-0.4330313565703627,-1.846791726624701,-0.2630296100199776,-0.10038662388472278,-0.9933210125048654,-0.0568849001171316,-0.10486583813216135,-1.4433552930782547,-0.14656537666317304,-0.09049380570690409,-1.7243658704904166,-0.2142874951042431,-0.08462975334813018,-1.946135460114211,-0.25367681352493004,0.06912798984667423,-0.9106287288996107,-0.06199228660869141,0.11732958169002458,-1.1842787563748296,-0.2274178110832196,0.1167674236558359,-1.0269279549347496,-0.299093486901372,0.10090666519141249,-0.8774422517992578,-0.3031303250931874,0.22011264736943903,-0.7935976745852157,-0.08017725542667169,0.25626624792209457,-1.0275324302522826,-0.22956160265187872,0.23061254809077864,-0.9246373541333054,-0.2730751514739414,0.19605878151554842,-0.7881705331352824,-0.27340072881919686,V
0.0,0.0,0.0,-0.20756924646809155,-0.20130709983755699,-0.1959839243322164,-0.25906327421604475,-0.5324473475468288,-0.25610053198534816,-0.08466304759603356,-0.7664049132821452,-0.3023382761023003,0.09958747591856812,-0.8813765277538156,-0.334849355305894,-0.2754979909188887,-0.9777474499793681,-0.08368536305638753,-0.34309575210608273,-1.3844679487485851,-0.16512098834206307,-0.3801622315471799,-1.6431846425704897,-0.2268281614897373,-0.40785118945308063,-1.8564269907911732,-0.27300569460601254,-0.08214887117752491,-0.9951452388528373,-0.05419886117611535,-0.08249099524865455,-1.4400727319136521,-0.14403947879997325,-0.0634179327634165,-1.7260950892225142,-0.21793134047928897,-0.051503953194658586,-1.9497259872614172,-0.2637215786139183,0.07990450486129257,-0.9062562804018942,-0.05383482896018517,0.1415595567537551,-1.1806545723378565,-0.22318762411029006,0.14349522142143709,-1.0174095350139853,-0.3083279033887283,0.12635741848360732,-0.8527788850740323,-0.3222593566004361,0.22217666817646511,-0.7814516879273337,-0.06740143338541113,0.2722817410660785,-1.0012325760852754,-0.22797318330328264,0.25131838738381157,-0.905777225678258,-0.2883745905088172,0.21659228776381084,-0.7731983751516218,-0.30089589600786787,V
0.0,0.0,0.0,-0.20783137297894574,-0.19852089392698047,-0.22964416923723277,-0.2527205210878818,-0.5306543617247368,-0.3037126898287792,-0.06835585816405565,-0.7597635517231158,-0.35668866936579274,0.12225740179557328,-0.892074957306377,-0.39503637336984837,-0.27952404048216895,-0.9817431562884669,-0.11946038713363143,-0.3418843357928506,-1.3990666232656437,-0.21173731696137557,-0.37314942462340783,-1.6604470918894751,-0.28116317605722235,-0.399784956265966,-1.8780550678292407,-0.33151918872571373,-0.08464898599402781,-0.9934704064979814,-0.07649248710114405,-0.07463561082298611,-1.4555959752992071,-0.1717439171583098,-0.047498852567813096,-1.7398465658974567,-0.24686254539525843,-0.034319813473839,-1.9683814293499027,-0.29365113396014736,0.07740782974844805,-0.900484133652794,-0.0662321167810416,0.1477205978624691,-1.1768889278802714,-0.24555464075679725,0.14858790304683414,-0.9833457762808384,-0.3327074705071323,0.1257579886671282,-0.8038739145093434,-0.34553116708867726,0.21856764281093635,-0.7763836030849615,-0.07263301192305824,0.2775900762276151,-0.9980615454344884,-0.24156851033967489,0.25613311437519776,-0.8872669920737786,-0.30646056842367264,0.21448036187413258,-0.7500425762853467,-0.32200811903599313,V
0.0,0.0,0.0,-0.20613897938629064,-0.19534013880039947,-0.18983216653097582,-0.25040245281221474,-0.531637601070533,-0.2503491843358417,-0.05584537320953411,-0.7557135953205898,-0.2966711313998352,0.13011576677539896,-0.8593043257223817,-0.32993197714690137,-0.25171331641329225,-0.981170153358429,-0.09687622341688353,-0.3139979866923062,-1.3984530856274466,-0.18121338421377375,-0.3455851944734124,-1.6570872450937015,-0.24398021256684882,-0.36914406595092375,-1.8744152402515482,-0.2903871751052088,-0.05997633345295509,-0.9957181138525044,-0.07034399172318032,-0.047868504607332746,-1.4470228637126727,-0.1588656185962787,-0.019161612762912988,-1.7210395105721152,-0.22436474115171887,0.0015752867309085808,-1.9454256654437272,-0.2637637874965503,0.09897947440245232,-0.9037517909715058,-0.07106767813480283,0.17194608899010352,-1.1665412901186838,-0.23566067742642272,0.16209721298175367,-0.9651633856681776,-0.3003542757575996,0.13579492548583721,-0.7872345410407927,-0.3001194673931958,0.23609297322601303,-0.7665624450090496,-0.08585752510454396,0.2967542230128962,-0.9802867633986821,-0.23953578380810897,0.264830495645756,-0.8545566907329126,-0.28245010541380156,0.22087186937423922,-0.708253081641712,-0.28229351441138384,V
0.0,0.0,0.0,-0.20599510285468653,-0.20431753725277282,-0.20502532486924072,-0.25619817389570826,-0.5356381890959211,-0.2760623374190549,-0.0688512239678586,-0.7665353532747313,-0.3323447253117679,0.12234376079402129,-0.8861163138507807,-0.3744607283505066,-0.24627939175362024,-0.9867035520717801,-0.10493383603803938,-0.31153698276110164,-1.410230944699829,-0.1904608046966622,-0.34482852405501246,-1.6735629539279735,-0.2542170994199224,-0.36723798390440704,-1.8916132881011143,-0.29979447535404247,-0.055905637715375336,-0.9958021359653696,-0.07247527632541176,-0.04518668734243853,-1.4638665825799213,-0.16045951645018403,-0.015102839802851622,-1.74058339298365,-0.2304491087858171,0.010744142766269333,-1.957415819485682,-0.2744542057700761,0.10289771108163606,-0.9001285501668638,-0.06875695263338383,0.17502663061807866,-1.1691213624500874,-0.23379203097115447,0.1679232016784145,-0.9726473323148787,-0.3090801695542586,0.14212082203519377,-0.780636175957533,-0.3161201787086584,0.24046263332916096,-0.7688651334204221,-0.08054170773090243,0.30234547610521995,-0.9837940371369002,-0.22673625075904344,0.27922629284694095,-0.8740306761395541,-0.27493167389698714,0.23900622390150247,-0.7282653201197499,-0.2813947875688233,V
0.0,0.0,0.0,-0.2023514673348587,-0.20762552824726205,-0.19637564677589442,-0.256744353730728,-0.5340976107088469,-0.26539785107685304,-0.08355985337464869,-0.7609689134542351,-0.3240853611790514,0.10193268827964974,-0.880163727834906,-0.37028006794327367,-0.238495236138692,-0.9843694165166547,-0.0940544088102138,-0.3101269498981903,-1.4011752822025703,-0.1807976683811551,-0.34560960431086657,-1.666837914423365,-0.24495010590819302,-0.36726033756217363,-1.8884450760244536,-0.2907627744239089,-0.04901952606121771,-0.9964773328522074,-0.06804418547153551,-0.041784301559411104,-1.453413289742683,-0.16286820895743495,-0.01576825989521045,-1.735200123486491,-0.23367351701033554,0.003607946835827911,-1.9572514363455968,-0.2761672346009778,0.11064682302920309,-0.905837715546649,-0.07102944429995682,0.1670075879344228,-1.1630931153818371,-0.24186849179382602,0.14598215616788812,-0.951800426913759,-0.311342757731982,0.11413451175325082,-0.7549197879939964,-0.3113713978829686,0.2510960886430899,-0.7803132751861303,-0.08907375047478006,0.30281867520665595,-1.0084417940797992,-0.23395546734220593,0.27029506218400895,-0.8944981488389845,-0.2747825367149133,0.22696877082583272,-0.7458088625202952,-0.2751921213963846,V
0.0,0.0,0.0,-0.20777923526989112,-0.20300880307749428,-0.17813420051178275,-0.26130710030004756,-0.5393092751586974,-0.23986356996883904,-0.08182770413741201,-0.7714617825557759,-0.29416814538691016,0.09991980448879205,-0.8819833692519946,-0.33748403435869456,-0.22880878779555586,-0.9876733011548977,-0.08203242385759617,-0.29705370321771696,-1.4045881193834915,-0.1661964867093912,-0.33250610893902494,-1.67074834347617,-0.22996078858960384,-0.35618980502599784,-1.8884730669983367,-0.27600984039410037,-0.03930573156974018,-0.9971379454559972,-0.06458310303446572,-0.02654903707695387,-1.4611192817006657,-0.1567358485851974,-0.0008702648909127087,-1.753188787235194,-0.22912131476349884,0.018748702473985572,-1.9772397777039787,-0.27393243222349445,0.11929182700031991,-0.901701566537174,-0.07353093125425636,0.17923923099325947,-1.1794718967477136,-0.2378181598522368,0.15520812746281792,-1.0022484917954446,-0.308399780677167,0.11965382103662497,-0.8183003593781614,-0.31236242893000826,0.25803456738046576,-0.7656789175535542,-0.09575521047926853,0.3125726053257822,-1.0160275831790777,-0.23716892806791304,0.2747678547033999,-0.912330056590639,-0.2751411933823227,0.22494827137319023,-0.7587395000953852,-0.27437246966759826,V
0.0,0.0,0.0,-0.20446894252191458,-0.21029770803336406,-0.1612986165846195,-0.2727845970307088,-0.5292857813128865,-0.22294045883902847,-0.10901468443354982,-0.7618506224272513,-0.2829109504582216,0.06160748906295637,-0.9094244148839472,-0.3324266382148403,-0.22161316897967118,-0.990160888651259,-0.06591060455370827,-0.28993508850818317,-1.4027639146469957,-0.15501156488081305,-0.3219226085153395,-1.671789082179044,-0.224590769449692,-0.33609303894704756,-1.894305353751036,-0.273920542746185,-0.034429833527144876,-0.9976404868583484,-0.059397353007778236,-0.018871910061934942,-1.4564381136582987,-0.1522833054192046,0.003092622566696115,-1.735558733963608,-0.22663183456100439,0.027012467849252198,-1.9607428597654293,-0.27352302724509064,0.12088710563276928,-0.9009196506170353,-0.07814089542612036,0.1832898345319049,-1.1709719681318167,-0.23632888428871113,0.14228757765280783,-0.9688636850395688,-0.29313548874191825,0.0971598052895402,-0.768142686146832,-0.28967213363342137,0.25286914351777917,-0.7554695954276779,-0.1102508835166352,0.3141161851129715,-0.9927760122984635,-0.23821470743226625,0.26282112733950264,-0.8910536019824409,-0.26199583473657073,0.20178312856889422,-0.7437686269347356,-0.2535099177373098,V
0.0,0.0,0.0,-0.21745154789737073,-0.1893289143892681,-0.13964218831103486,-0.3188644836919938,-0.5230122285786559,-0.19911961585091226,-0.17080049604199887,-0.7613203192535338,-0.2622111329327255,0.0072808855195607225,-0.863514091132438,-0.31764486981462614,-0.23256750707315163,-0.9802570995764792,-0.06017389294590435,-0.31772425752576344,-1.380002845193286,-0.15382526669197874,-0.3673252259142771,-1.6393777393096818,-0.22625725289263157,-0.3956412190948293,-1.859525586125188,-0.2777154553188462,-0.050971746682787054,-0.9965956836737002,-0.0647991074248398,-0.03901961203060494,-1.4476121540003015,-0.16490238974991217,-0.03480741232226877,-1.7322082591221557,-0.24035458057399084,-0.024238179471984426,-1.963744394743721,-0.286691217478452,0.10728338476615618,-0.915858054491759,-0.09183163339860191,0.15105787758367262,-1.1888958848468378,-0.24900036243179535,0.08831379403126816,-0.9966971923646567,-0.2991144736917487,0.0370097810463015,-0.8045021985797169,-0.29055019160024104,0.24911917722810933,-0.782243027615025,-0.13079033250901367,0.28637430519141915,-1.0271168196012161,-0.25231524277814604,0.22153141643773924,-0.918347072251995,-0.26767672866871783,0.16360879022259026,-0.7598550186964265,-0.25324965185413484,V
0.0,0.0,0.0,-0.21276478236414906,-0.18578514920957442,-0.13894280596583294,-0.333219206950502,-0.5090817015346302,-0.2040815390272739,-0.20938075805769027,-0.7605469263578187,-0.2743626345681475,-0.04065049795744524,-0.8939980644488952,-0.3357691937491215,-0.2563703467433186,-0.9767061801274215,-0.06680415092928049,-0.35413847797808007,-1.3725536561331197,-0.1662668277387776,-0.41080981118633003,-1.6318234907315092,-0.24213244616517332,-0.44384019513682593,-1.8595139389588178,-0.2957448426699413,-0.07282526450025102,-0.9943524795108576,-0.07719862266308823,-0.0680496866076589,-1.4541286794546489,-0.1784027916984298,-0.07551978027304014,-1.7299691801239498,-0.2535118965099767,-0.07483821153460665,-1.96095432996131,-0.30068838379662544,0.09193488903991602,-0.9076639146442482,-0.10947033175513068,0.1091797064089744,-1.1770206322642853,-0.2634807795484758,0.05175952514476315,-0.9579730690355361,-0.30259014757992686,0.013010817088366804,-0.7472947812826675,-0.2889909498761619,0.23753589879118178,-0.7691029959637297,-0.15535739237775908,0.2480007578544683,-0.9918129986871542,-0.26764332167204163,0.1858223408819966,-0.8849424145690435,-0.27433907635991384,0.14143115465840345,-0.7374206011965581,-0.2565288358754988,V
0.0,0.0,0.0,-0.2192709512338335,-0.1989990116882935,-0.1359505628560429,-0.34266877124445877,-0.5186202669168171,-0.2013723042493615,-0.22126267390749968,-0.7702986415222437,-0.2729844761551359,-0.04882160482520098,-0.9107540469137946,-0.3368313977581421,-0.2624741512099712,-0.9754909798608111,-0.054914409749076264,-0.3547780104233811,-1.371621532564992,-0.14551969694690872,-0.4129880226507337,-1.6292316587536833,-0.21612206504706172,-0.44334077720280773,-1.853606117413866,-0.26778124419559696,-0.0833521791424204,-0.9944222895214668,-0.0646275818447033,-0.07918276586580912,-1.4537484147444901,-0.16047788996413218,-0.09123356969760409,-1.7306607612708662,-0.23588636032920215,-0.09219170435418655,-1.955105854938366,-0.28548072136108565,0.07750167319529347,-0.9156220188839596,-0.09656925243310727,0.09244246375606979,-1.2112576144797722,-0.2469832071191435,0.03394929639053178,-1.0089338365762395,-0.29391655571644715,-0.00434717975366177,-0.797268297030104,-0.28698279170717833,0.22611014224709367,-0.7850773508833564,-0.1408411144493742,0.23714458111148454,-1.060561978353998,-0.2517674730175024,0.1711370381779836,-0.9585708713228641,-0.26279042984877354,0.12133330944843208,-0.7947324080010837,-0.24938525869961167,V
0.0,0.0,0.0,-0.2171859612453378,-0.18692491148910717,-0.1407074326998134,-0.3336237175764411,-0.5115854001890441,-0.20043537745094553,-0.2234017682276781,-0.765362444028608,-0.2644009814197143,-0.05551656648233385,-0.920449448831184,-0.3210079447194076,-0.2597617985219362,-0.9761382543007666,-0.05155191748010408,-0.3518398408968552,-1.368908159944492,-0.14489026700752797,-0.41532501111678377,-1.6139823838525589,-0.215829261941968,-0.45515322645393697,-1.8266911816671547,-0.26295950513357247,-0.0821633981402785,-0.995057336739871,-0.05576802494438196,-0.08354991198536735,-1.4747171103865087,-0.14706665964605692,-0.10193407334212175,-1.7484472207131934,-0.21415953398979726,-0.10957080195794437,-1.9610192875779815,-0.2534210960618451,0.07934736071460895,-0.9127578077856286,-0.08326633058817969,0.07442824724602798,-1.2109995164483685,-0.23172465995335373,0.009968456415325663,-0.9909788135435542,-0.27053574505744465,-0.0243255062130722,-0.7836727886765414,-0.25556555647233736,0.22815424397688824,-0.7793430086068397,-0.12345126417048351,0.21730758877640316,-1.0589769052882674,-0.23391718124269212,0.15089035486761768,-0.9476700103560619,-0.23710012672003147,0.11207616906166572,-0.7952828166706867,-0.21566554988483705,V
0.0,0.0,0.0,-0.22495517527124986,-0.1810280545724125,-0.13320014465664187,-0.353154725139801,-0.5088553182910207,-0.19514561487941923,-0.25056116974922277,-0.7677445240361087,-0.26404382572951307,-0.08085200227171077,-0.8874161494798113,-0.3263246108399472,-0.247768466247566,-0.9743610623685863,-0.06012547398273346,-0.33942181661823373,-1.3817902064628864,-0.1594239935517893,-0.405423194076188,-1.63366457765334,-0.2337899132683817,-0.4435808916308906,-1.8517548346916928,-0.2830639214401998,-0.07148305137798902,-0.9949739421963398,-0.07012152106141444,-0.07242535328552223,-1.4911436157789144,-0.17028309629928445,-0.09111922227354827,-1.7816390017356152,-0.2398893008030347,-0.09508565588432755,-2.007101629419686,-0.28007621919833225,0.09234538213453528,-0.9160542630060409,-0.10162782745981365,0.08439121532628177,-1.2177022866393765,-0.25645234070576356,0.010380271654295297,-1.0004156793913215,-0.29340374436014655,-0.031816872036732245,-0.786357802761015,-0.2751771606557057,0.24599445644033874,-0.7836831686029124,-0.14517532526658045,0.24168784385359499,-1.068691299738257,-0.2578095237454822,0.1600672132274021,-0.9546545413958183,-0.2567144638646212,0.10690795051861442,-0.7888980856799648,-0.231090318657121,V
0.0,0.0,0.0,-0.23446513330072588,-0.16402254076385242,-0.13282674718784493,-0.38804188846032306,-0.49398167869681614,-0.2016445028718718,-0.29695803241804525,-0.7657140948662733,-0.2773157741656927,-0.1159490750690261,-0.8762349017999277,-0.34375826508188634,-0.2625003258086672,-0.9688479179376488,-0.07308979348064243,-0.3636098341592748,-1.3737233903747448,-0.18182457129085633,-0.43340346149338477,-1.6290208800670865,-0.25967614413165613,-0.48034329704927947,-1.8461357592633452,-0.3115006026355954,-0.08693068724746839,-0.9925761707794432,-0.08506233488154746,-0.09891105402195292,-1.4727917076912147,-0.19749696365472486,-0.12232008895999444,-1.7650755747520714,-0.26981178170728143,-0.12921944913973465,-1.9975520076177908,-0.3099503576867773,0.07908263898015434,-0.9192531110052439,-0.11817489821532609,0.06887684018662385,-1.218749353189021,-0.2778049479765628,-0.012819799354830077,-0.9972957376379656,-0.30400091054900974,-0.059563016698289145,-0.7815903378861022,-0.27592297495140844,0.23801166297667906,-0.7856105860972131,-0.16410655720672698,0.2265967560029638,-1.0605256944233232,-0.2763381041783007,0.14254862102158514,-0.9537107133631837,-0.27154558737590123,0.08552871390662302,-0.7991451333123076,-0.24160116009171756,V
0.0,0.0,0.0,-0.2136499837095577,-0.16449195789161639,-0.12290187757233324,-0.384461205518286,-0.48404424031180365,-0.1931074373156502,-0.328377175604958,-0.7649755820333651,-0.274545925491826,-0.15202519143984466,-0.9006260519463621,-0.3461104742851799,-0.26590626159953246,-0.9639473842795567,-0.055889868568614116,-0.38661870852955144,-1.3467465247706245,-0.1650779796607706,-0.46894090083445844,-1.5971018340703467,-0.2448555025326951,-0.5223887669214564,-1.8152093274389782,-0.2961237176993741,-0.10243351672362198,-0.9918920098162717,-0.07521712248064798,-0.11320425461096649,-1.468062387135065,-0.18362256968852275,-0.1484782523973318,-1.7515240123787053,-0.25113039390684183,-0.16735481809883612,-1.974120267998632,-0.28664180397928557,0.059490204416082625,-0.9237322033283202,-0.11629930711649097,0.02718801613551445,-1.2033746697327203,-0.2693899638740315,-0.05505162022201975,-0.9800748471635297,-0.2896937909618527,-0.09722676324973017,-0.7639400010479199,-0.25831186620492563,0.21569956042035446,-0.8003292713723988,-0.17060784708729787,0.19918796174656161,-1.0700883484489478,-0.2652205560573225,0.11251342398815589,-0.9631218248058292,-0.2480224233527756,0.05546061486588127,-0.8125162478414388,-0.21248461992912718,V
0.0,0.0,0.0,-0.22283501794833488,-0.17119531732690385,-0.1157016073893108,-0.4026301945390733,-0.49073538419911417,-0.185788928402984,-0.37878150029258456,-0.7769865374861281,-0.26842046089157484,-0.2077686869614208,-0.9043773032370643,-0.34193110471116983,-0.2755108239314086,-0.9580126409142767,-0.057835285891563996,-0.39355180117617217,-1.3522322547992707,-0.17137550084177516,-0.47286487623828327,-1.6034387403688417,-0.25253044975065825,-0.5224468391754612,-1.814489471206411,-0.3038415559309402,-0.11013746618514773,-0.9908483738801297,-0.07803357304018733,-0.13565179166834895,-1.46575333274796,-0.18880980321042545,-0.17569807479660654,-1.749498546046222,-0.25455303129399964,-0.20145207791200861,-1.9688278552102432,-0.28704723646467467,0.05211731090949556,-0.9296161277503182,-0.11899730313915645,0.00732120219131794,-1.2161425767159457,-0.27016615574846575,-0.08114437640519284,-0.9940529716006056,-0.2849662495368698,-0.1301765691504788,-0.7692732288472696,-0.24848177104988428,0.20696507403529632,-0.806254512362029,-0.17243408560446793,0.18410742370268313,-1.084064291294895,-0.26696525327199805,0.08129362320485883,-0.9875771591218386,-0.24761207997569587,0.0035560564839259546,-0.8323962081612952,-0.20869853027375465,V
0.0,0.0,0.0,-0.22134283789321846,-0.16898189630412674,-0.1170237503675485,-0.39486461282443786,-0.48241783856148623,-0.1887332502713854,-0.37151704509271327,-0.7670667163452615,-0.2735235602719743,-0.1960092648332896,-0.8798244728164067,-0.34883444451634044,-0.2815458338583256,-0.9535177558231218,-0.05402593568400165,-0.40558605819538346,-1.3300437478864706,-0.16970971156769504,-0.49645223875132705,-1.5768003122082759,-0.25318511551714745,-0.5576170240546918,-1.7859416515777364,-0.30610843337065774,-0.12096517534215286,-0.9897653671155903,-0.07570960581711511,-0.15753666959019327,-1.466551729101299,-0.1878692516188855,-0.2002740983763445,-1.7488005524472627,-0.2528911432036082,-0.22735173517495258,-1.9660509708313467,-0.2851525164890173,0.04238156622013952,-0.9277637479486256,-0.11891426386378068,-0.012312456533143142,-1.209802762572423,-0.2716191387103392,-0.09863574440925296,-0.9841127410849853,-0.2840592582570429,-0.14478099404718545,-0.7641107990620906,-0.24622099340185466,0.2018280213641343,-0.8022513376472661,-0.17503420176322468,0.16970649501734955,-1.0818417153899162,-0.2679007171693028,0.06799243213225206,-0.9788517375681681,-0.2440357796217178,-0.006162154200774464,-0.827182458037795,-0.20309320647149773,V
0.0,0.0,0.0,-0.2169243659973788,-0.17980648343977831,-0.12374752344346947,-0.38748786357303383,-0.48810869956895936,-0.20018167459801595,-0.35291044154448525,-0.7845043563051172,-0.28774258581940254,-0.1689581674634742,-0.9321721118772842,-0.36468282122825973,-0.2693864610682212,-0.9593106554523573,-0.05497284691398763,-0.3944626641390995,-1.3452631466865146,-0.1718939398590185,-0.4870121484591546,-1.590571399732536,-0.25538951980420177,-0.5489807863225501,-1.8003140507829887,-0.30587826671825336,-0.10686271792641548,-0.9917295314423695,-0.07108372515898133,-0.1342223365192414,-1.4745245048556586,-0.18073305696162328,-0.1814858927046574,-1.7621286781241312,-0.2456635928162113,-0.2127649431012273,-1.9867486633759561,-0.2775442060897208,0.05747009941658982,-0.923295400397258,-0.10932256346879207,0.011362748665797654,-1.2102090312644376,-0.26082910654598285,-0.07632456473322258,-0.9906675893518353,-0.27755514359657424,-0.12236829829439373,-0.7776444788183088,-0.24254761864151814,0.2201148420303491,-0.792894427987461,-0.16055330397881584,0.20086747187815,-1.069154927179383,-0.2532707609282772,0.10121463165785324,-0.9811634771163606,-0.2329215558465374,0.02585499808481256,-0.8434281402074657,-0.1938509716577644,V
0.0,0.0,0.0,-0.22269531446615734,-0.17209273057234634,-0.12238018292386306,-0.3873562792828081,-0.4758340348895946,-0.1976719478708328,-0.3603455712425083,-0.753152888754328,-0.284414083279179,-0.1886961190330697,-0.8962172616045825,-0.3607057214366337,-0.26592334866333933,-0.9627391912696635,-0.058224757540266014,-0.3847973879949154,-1.3469350934514388,-0.17447674612041858,-0.4706810301715984,-1.5967140571362601,-0.2595910527730785,-0.5276541467701169,-1.8113598105348507,-0.3119100387507826,-0.10713970030963729,-0.9913422270150726,-0.07590568855070862,-0.1267144988128049,-1.4658556706360717,-0.18506713583884682,-0.16331195145743266,-1.7554677427626515,-0.25093344490509695,-0.18981950880560644,-1.9804538246075938,-0.28432188414221515,0.050507914425606114,-0.92284976990069,-0.11515009447943167,-0.0034402948496138766,-1.199185485056894,-0.26310739663713417,-0.09130758645014767,-0.9806076018274097,-0.2765170186810185,-0.1412787218035079,-0.7702877437469939,-0.24064499341480697,0.2022950534506623,-0.7946021782071576,-0.16772968712171438,0.1790838211098828,-1.0732563922025296,-0.25791611506625267,0.07936148957171915,-0.9715903084181928,-0.23257487281626632,0.0028293527147338683,-0.8225886405249653,-0.19032204836121117,V
0.0,0.0,0.0,-0.22478820306906314,-0.15684140770380267,-0.11873379721007822,-0.38953689153678656,-0.47439945708521497,-0.18789740394675378,-0.3369824947247523,-0.7603170568190231,-0.26757608803269634,-0.1594604896434781,-0.8809294255442043,-0.33793951625290525,-0.2651984039702751,-0.9593234074365247,-0.056084169845311345,-0.38277106731793153,-1.338551780722102,-0.16750131846198182,-0.4676358322045971,-1.5855150315007602,-0.24780370738024388,-0.5254689706864571,-1.7898545024260002,-0.2992558508512891,-0.09992792250579474,-0.9922875288021401,-0.0733476004203122,-0.12209527253156,-1.4591395168590273,-0.1822019976479055,-0.1625771718593021,-1.7399176480168754,-0.24772018751068922,-0.1921062567992703,-1.9542546507665959,-0.27992578461004963,0.06019929652426654,-0.9253406625663866,-0.11128960085784724,0.01756776400356246,-1.1999090171951798,-0.2624319458629824,-0.07247380322563828,-0.9793984170304049,-0.2789557114971115,-0.12210439978524404,-0.7657219305367478,-0.24370218899356508,0.21322683179107785,-0.7940099289095086,-0.16150468529983186,0.18677209180586912,-1.059529656196227,-0.26034598351198507,0.08693764117515201,-0.952568799842679,-0.2439515939496546,0.013604996367918024,-0.799090290270346,-0.2060890789705955,V
0.0,0.0,0.0,-0.23353151933802352,-0.1550400437209061,-0.12969409009210386,-0.40267255194080015,-0.4622506694959674,-0.20640541925764577,-0.3410436764258392,-0.7515601776282301,-0.2913298198364971,-0.16000767641448765,-0.891105859538149,-0.3659898340815181,-0.2815908893153457,-0.9645368185496341,-0.06262129477550368,-0.39837258662978314,-1.3580525933895125,-0.17742162572434408,-0.4825865909415594,-1.6093764659370353,-0.26088046269520165,-0.5397981680856311,-1.81567449081077,-0.31465687744617593,-0.10838375778281657,-0.9911850186948128,-0.07619199278034051,-0.12877971673859642,-1.4583222045528046,-0.18863747235283523,-0.16802996735715023,-1.745353429127673,-0.2598808181571122,-0.19538753553421526,-1.9676014953735448,-0.29716005616717794,0.05556000293422329,-0.9187362527852969,-0.11222569523176165,0.025933348192285727,-1.1968579908221393,-0.26611266601526745,-0.061612538000295175,-0.9903390096311765,-0.29008485551962404,-0.11158259745503181,-0.7838166009895845,-0.2606940950672399,0.21366327353078332,-0.7856690238063029,-0.16116231405710071,0.1959319289424836,-1.0586445589717832,-0.2629044579779991,0.10211780679090099,-0.9586403467355443,-0.2534226443090767,0.034319405895058774,-0.8073493627611914,-0.2210067302451111,V
0.0,0.0,0.0,-0.23298956696308967,-0.14953232673165023,-0.12611661733702986,-0.40964036735825154,-0.4539462069666801,-0.20590266854921285,-0.3725595018771316,-0.737096580235115,-0.29625930692846136,-0.19036374249829813,-0.8501106830550764,-0.3771790820835801,-0.2831085824342808,-0.957882633359178,-0.07504429273164893,-0.40869777155230885,-1.3578728596239389,-0.20268697306026567,-0.49933323684234215,-1.6152976689807963,-0.29381144423384403,-0.560175674109601,-1.8244511725861332,-0.3507498915639031,-0.1138769536867201,-0.9891268303899742,-0.09305994208957952,-0.1346534911875359,-1.4772298430322268,-0.2135540213354373,-0.17437910259395273,-1.7687873161844743,-0.28445130083555015,-0.1997960754307311,-1.9914769181936174,-0.3192140440930567,0.05248480167584897,-0.9169576014018966,-0.1324735167433105,0.01718642151928636,-1.2112152464586372,-0.2890448395362932,-0.07654900284999393,-0.9834742068844139,-0.2994025620202113,-0.1268314039552792,-0.7633859662481619,-0.25831511836776744,0.2100196009352009,-0.7762929591287833,-0.1852911546706943,0.19149103254162536,-1.0569572499778626,-0.2837652936681217,0.09284010887146965,-0.9540786049723172,-0.26070935539454715,0.0259562398718521,-0.803820723249957,-0.21766044300389645,V
0.0,0.0,0.0,-0.22200963123283787,-0.1269709887781639,-0.11784141899227941,-0.4094462890815074,-0.43264738312279744,-0.19688627705200873,-0.3883817002136999,-0.7081382080984356,-0.2881187872924891,-0.21114031821472165,-0.8228962368916373,-0.37065151547539155,-0.27909901187013236,-0.9562059032701872,-0.06195995128148471,-0.4012994496398166,-1.338476995268024,-0.18455842980691262,-0.4926881443315816,-1.5871973087100737,-0.27192107464540727,-0.55204679141315,-1.796388686683233,-0.3269246554616282,-0.10782022033850991,-0.9904519692259627,-0.0859051613267084,-0.14252649345738896,-1.4610816399531954,-0.20497108844165224,-0.19090352787898657,-1.750608424427546,-0.2749376691804673,-0.22083709613370844,-1.978513637284438,-0.305679561522177,0.05908492792254619,-0.9173898342012419,-0.13073777943493153,0.0036479135658801674,-1.1829766324782531,-0.29123721133763775,-0.09431937431702045,-0.9290538003057259,-0.30077992874635523,-0.14245182646056717,-0.6952782537996666,-0.25444403155518414,0.21616035750585105,-0.7749431530625711,-0.18748976755473618,0.17026624004587562,-1.04801507845367,-0.28951933194681706,0.06981794973973288,-0.9223909674258683,-0.26452802486153526,0.009456981986886022,-0.7576395551837152,-0.21650965228224328,V
0.0,0.0,0.0,-0.23406199846826872,-0.14330994877652808,-0.12038549932084727,-0.4151094416910937,-0.4391744660587015,-0.20167359285765796,-0.3994890195781847,-0.7056938196643606,-0.29541650661867996,-0.23223609315800475,-0.8241069560862414,-0.3790384440293305,-0.2685669331719098,-0.9697574924774959,-0.05397552935147073,-0.3908814285993031,-1.3583669697582068,-0.17645048834673704,-0.47977652180051983,-1.6057543604408695,-0.26558408518397525,-0.5377195227745905,-1.8101340681326594,-0.32074749599769503,-0.10202266901627155,-0.991727940897919,-0.07789137467762235,-0.12923333379955276,-1.4587429671108885,-0.19774789644059043,-0.17108193257902507,-1.7511484548453444,-0.2710602125891361,-0.19897212666621805,-1.976959471352813,-0.3046643033990593,0.05950113481286545,-0.9163570154202504,-0.12423591311048449,0.0003734533842069782,-1.1719458740195152,-0.2820642593294666,-0.10699121752403713,-0.9357497363241939,-0.29524287776998726,-0.16598438380114497,-0.7151983581533368,-0.25298776628987296,0.21357685148506553,-0.7780859898341619,-0.1834418743847451,0.17685301622447333,-1.04913066332434,-0.2821759956229115,0.07399016701028123,-0.9294509025030542,-0.25827186192676627,0.006150171799818226,-0.7711959847008152,-0.21233652619785529,V
0.0,0.0,0.0,-0.22368455877525845,-0.15395630031532184,-0.10911308117809024,-0.39785668056919443,-0.4285251543835711,-0.18596838059848747,-0.39185110311062205,-0.6819864676059861,-0.2785931073330552,-0.23394345876715344,-0.8194105339033242,-0.3606221174087221,-0.2631265743761169,-0.9612605228249272,-0.02431662268312191,-0.38654429519990346,-1.3076056778802436,-0.13583646635619132,-0.47770064572073573,-1.5373817415588842,-0.22219343374379488,-0.5401102819917358,-1.7331619501947053,-0.27572623186036965,-0.10598379320549597,-0.9929431583161398,-0.0532101487588972,-0.13465501282903414,-1.4316368713620393,-0.15516653007816586,-0.17068778970232446,-1.7054521549236366,-0.22093821376990308,-0.1943019585045615,-1.9181980754544612,-0.25358799160065637,0.0509570957298878,-0.924981944161547,-0.10541698293371754,-0.02397186543706951,-1.1537185093183846,-0.24593586315828156,-0.12461050152532399,-0.9167723478067129,-0.25707384275650236,-0.17584974194057162,-0.7049086309954511,-0.2195689063396851,0.19924069428511035,-0.7941452282629919,-0.17106806582295345,0.15075468614085674,-1.0498708070424392,-0.2518823977428351,0.055135152929631094,-0.9235321263269023,-0.2218410395029884,-0.0007789073516191294,-0.7669075466913592,-0.17674942338303026,V
0.0,0.0,0.0,-0.21956341410391875,-0.15391513538047621,-0.11889253974283835,-0.39565936812111624,-0.42804833168345724,-0.20057721173022602,-0.39888121913502367,-0.6787745814410939,-0.2968447008244931,-0.24354424155831386,-0.8138666985777712,-0.38172266900214485,-0.25449620411675294,-0.9653773441390333,-0.030550582249054742,-0.377838345025943,-1.319496426478652,-0.1449357086558431,-0.4687955985577202,-1.5507846707678246,-0.2320646351380001,-0.5316082878474967,-1.7509453297912503,-0.2855642035019441,-0.09566886402037034,-0.9938270481400981,-0.05617176196444975,-0.12204223979447144,-1.4385554730162111,-0.16390585708168187,-0.15901989677595005,-1.7110841451449075,-0.2323694160779684,-0.18370343554755017,-1.923457743145979,-0.2649108059922032,0.06229972151042792,-0.9227577879284395,-0.10598562310477919,-0.019888567430671907,-1.1495900157473358,-0.2550978500659282,-0.12427552984669973,-0.9070170544230477,-0.26875275381469976,-0.17636480998929477,-0.690978105005666,-0.22973044515603425,0.20894420602215616,-0.7904413804947221,-0.16981018224469768,0.15726001828594988,-1.040493394818596,-0.25740066490615776,0.05859889006192558,-0.9070972002562844,-0.22941172768238527,0.0017412773080741487,-0.745339025785448,-0.1838268761113775,V
0.0,0.0,0.0,-0.22252727403981812,-0.14073667134813048,-0.11507804343138495,-0.40231692092095295,-0.41641542470059295,-0.1971053667156665,-0.3963868482681695,-0.6685765827139217,-0.29199450395966614,-0.23625522920374598,-0.8074442671115194,-0.37608923515053144,-0.25754764950113174,-0.9628797592469557,-0.04552742265389518,-0.38111031064289824,-1.3202075111028269,-0.16535443833004848,-0.4720814671654453,-1.5576719670947594,-0.25430560169006083,-0.5332850220437545,-1.7500133009324486,-0.3088293350566989,-0.09509927762398696,-0.9928871345666083,-0.07163285145452418,-0.12778771578356188,-1.4420527947658004,-0.18274557790117038,-0.17098876413031974,-1.7218111141676122,-0.2513547198970361,-0.19959504663776723,-1.933234289203871,-0.2826348849821574,0.06420284458690305,-0.9189210166691498,-0.11996626444599917,-0.012569343339132856,-1.153400013785508,-0.26839315851250223,-0.12432212101107236,-0.911486502511469,-0.27612041549333305,-0.18117755626101473,-0.6995543528200835,-0.23286392610527895,0.21383821504533296,-0.7739376321832611,-0.18113900893670906,0.16307152447294532,-1.04021153679151,-0.27151259990454213,0.0603984826873425,-0.9052029490794659,-0.23981290445570577,-0.0011464877754244966,-0.7419685150499304,-0.18964604534046303,V
0.0,0.0,0.0,-0.239717900998272,-0.12451482064527357,-0.13000298592939616,-0.42774661086524773,-0.41020238364440353,-0.21716043108393662,-0.40297539783811775,-0.6732214675045308,-0.31385744735614246,-0.2371856184005645,-0.8173959693800162,-0.39861308288733327,-0.26853337872670585,-0.9685401192243852,-0.05497142442828582,-0.3975558923365519,-1.3496300592329344,-0.17890633291157595,-0.4877720679911947,-1.5939016413264173,-0.26614344699854886,-0.5466044022065623,-1.7912472284577077,-0.31798589112902054,-0.09829595997389778,-0.9922458997887722,-0.07606562038910711,-0.1301747853618265,-1.457634774052438,-0.20329552950909738,-0.17807607115835652,-1.7498442122910172,-0.28012117849496776,-0.20835044894597965,-1.9720649749788062,-0.31065408663135946,0.06634436081541092,-0.9118262355854083,-0.12064558621153869,-0.011797178597337636,-1.147413154901997,-0.2885458432167965,-0.12130127770805532,-0.896208862114771,-0.30301516459105715,-0.17113051803451498,-0.6783383808912045,-0.25645152490953643,0.22043639875724635,-0.7667588790459321,-0.17822684605050737,0.15306635585796877,-1.0170783895538007,-0.28232108677084033,0.05486286138078016,-0.8758429695379999,-0.25652104220674815,0.00484881236976023,-0.7132401920154613,-0.2056697431963425,V
0.0,0.0,0.0,-0.24334165623407802,-0.10660211302141315,-0.1310466112949862,-0.445578597041291,-0.3988508744843526,-0.21554196342733364,-0.43705900257973007,-0.6653690299420315,-0.30819099772089104,-0.2778995191099896,-0.8115373011466848,-0.38904975443198475,-0.29904332546938867,-0.9601428422029866,-0.06253802687227909,-0.4219093720866149,-1.3329651949004133,-0.1816073330107206,-0.5061859461480233,-1.5708118374513558,-0.26496914930858056,-0.5630901898287475,-1.766563470449342,-0.31569908841429173,-0.1261075051807403,-0.9885789648624815,-0.08251380107905655,-0.15845833929058667,-1.450172374154588,-0.20585272770013283,-0.20432510975832982,-1.7398570983098123,-0.27808642408498346,-0.23684917637825562,-1.9643755037052157,-0.3066550763576389,0.04330457214633461,-0.9146671628231086,-0.1252809677895091,-0.04578941044377986,-1.147839960376345,-0.2914712713689932,-0.14450717617346692,-0.8939682685508138,-0.3046526348181803,-0.1897263782631212,-0.6800652277114886,-0.2589523845604976,0.2042282564795168,-0.7745878978786149,-0.18116815243093853,0.12354739104381253,-1.0202365011347487,-0.2899073054645658,0.029791210369267032,-0.8664396243340705,-0.266962579815137,-0.016878461519927123,-0.7015757279404189,-0.21810262926015336,V
0.0,0.0,0.0,-0.2475308566487822,-0.10570057355025003,-0.1411312316121001,-0.44712694140800247,-0.3766432639413002,-0.2362503392018386,-0.4321860441241484,-0.6234229655022692,-0.3381676472622682,-0.27353297519619557,-0.7648089068594418,-0.42762033493025753,-0.27679589887824424,-0.9669098837931523,-0.07766761292223481,-0.4045259582632379,-1.3361997545104625,-0.20479773594090495,-0.4929754075468422,-1.5766655274613026,-0.29688496755203664,-0.5507527740952838,-1.7777875522749103,-0.35426534588600106,-0.10484164621115606,-0.9898983801307373,-0.09544331424608626,-0.14089208939364697,-1.44312345559468,-0.22248382501289385,-0.1894061058773897,-1.7316282719635834,-0.300591920410911,-0.2201329499188877,-1.958812927818363,-0.3360512728033871,0.06201442885677131,-0.9057067474405122,-0.1367322296187687,-0.02211856672689854,-1.1316809033684931,-0.3026666300174263,-0.1304665618790867,-0.8814642421930127,-0.31737407285092767,-0.1822252482760997,-0.6668081730625312,-0.2752862894143357,0.21767306703727576,-0.7538824009099835,-0.19261379849988616,0.15083364198395213,-0.9930775365177069,-0.2987666685588829,0.04919090623830675,-0.8578611189560119,-0.2763119386757997,-0.008982354548743436,-0.7039848487734877,-0.2301072896223804,V
0.0,0.0,0.0,-0.24969829627820214,-0.10186321454438668,-0.1250372334263316,-0.46418947136563105,-0.3901079227563178,-0.20843552431125467,-0.43841528032896976,-0.6292290722256816,-0.30078693462901657,-0.2870627452413461,-0.7780967673403348,-0.3819571469907815,-0.29605127543674975,-0.9659735184000905,-0.0724702512919337,-0.4250964927782699,-1.3348816003175954,-0.19208070621025952,-0.5142462448572753,-1.568255369913279,-0.27837053003008166,-0.5799273508722617,-1.765710500264255,-0.3328187099087132,-0.11970740790337175,-0.987992957577246,-0.09767319115715437,-0.15189432054124716,-1.452806753007178,-0.220093316687861,-0.20047571636703246,-1.737661338770797,-0.2955421469509933,-0.23678364594929477,-1.9577028579631246,-0.3300367435194094,0.05323375507640813,-0.9067284108810978,-0.1442318720094996,-0.04669521242233205,-1.1296649466787254,-0.3094986270528607,-0.15192124624655962,-0.8777792513965186,-0.3259274908434651,-0.20183382881162415,-0.661264622136964,-0.2859969844177285,0.21176312301927647,-0.7582281132408013,-0.20392092338588405,0.1280456948975849,-0.9999701152412791,-0.3144706346882793,0.028583271862856786,-0.8502714978935255,-0.2942442713354592,-0.023324077674280845,-0.6826403608076779,-0.2498545252476112,V
0.0,0.0,0.0,-0.2337711189851285,-0.1139553088728054,-0.1336396003175167,-0.433795008735116,-0.4039803247115934,-0.22158898331947993,-0.3951313884191944,-0.630225396932567,-0.31742916239501184,-0.230095565770805,-0.7427577029287845,-0.4033451220207883,-0.27596915333613636,-0.9751950953737348,-0.08964792760587045,-0.40660662294900946,-1.3626989045479152,-0.21571437138733968,-0.4990947142646444,-1.6084251828770841,-0.3043308918099915,-0.5659178585492216,-1.8142884158909085,-0.35980865218989283,-0.09243145502707448,-0.9894713104523802,-0.1113685409495303,-0.12073708513877042,-1.4486284104386093,-0.24106530309640156,-0.17011941334186786,-1.751024004412246,-0.3202323361486384,-0.20359365308590643,-1.9910475632351763,-0.35720306038599375,0.08412720759641198,-0.9011715952372371,-0.1544862860559176,-0.008184008203012462,-1.1438809268511743,-0.32833893712354995,-0.10311158831224668,-0.9018845158080462,-0.3494172156125252,-0.1425291550298709,-0.6817863515705637,-0.3096559608021331,0.24673037908968432,-0.7490194316339583,-0.21042510323819477,0.1807033036401013,-1.0072300767232842,-0.32593492664283025,0.09171453508281349,-0.8736427466595336,-0.30800870273513464,0.04991540598061884,-0.7074950981915219,-0.2632143977006115,V
0.0,0.0,0.0,-0.20489206478986244,-0.15420214669236398,-0.13617540596178826,-0.358291081750762,-0.44184443447516564,-0.23061992098355236,-0.28409048802681586,-0.6092872013009686,-0.3330269948999511,-0.12786999187054973,-0.7036969214638765,-0.4259853917819368,-0.18953663542366367,-0.994817704531337,-0.10192259157048349,-0.29753764846122344,-1.3862123178176242,-0.23673367796050862,-0.37583982547610795,-1.6314199844605282,-0.3364251895939755,-0.43204355236367376,-1.839553419429321,-0.39864226676392445,-0.012976253501203933,-0.9920722539599481,-0.12499703903653332,-0.005290180622471832,-1.4513807357780482,-0.2537422500758797,-0.014095880240627435,-1.7506223417222628,-0.33783388607717074,-0.014028643200204192,-1.9954672007621463,-0.38311722793894165,0.153167959286075,-0.8860777031747239,-0.16898626134690756,0.10293124112955088,-1.1245356625000018,-0.33400741124766953,0.005739294334470178,-0.874196682864208,-0.35136744548939663,-0.04297387953960903,-0.650836968129882,-0.3154905717740934,0.3023116021563942,-0.7197793281124415,-0.22726693793664496,0.2802449750850401,-0.9630800878998795,-0.33346700746559377,0.19475623572745918,-0.8288729740131591,-0.3083997572058118,0.1509927233945186,-0.6720804058002532,-0.26277923954096083,V
0.0,0.0,0.0,-0.19507427056091833,-0.1698178878380319,-0.13408428875383596,-0.3596006842567525,-0.4572120271327756,-0.2393167740459571,-0.3185581363336665,-0.6246958881182519,-0.3563532322999977,-0.14844418445687876,-0.6659849432004401,-0.4652584028494176,-0.14171249543072484,-1.0160917810099286,-0.12379433115145234,-0.23129179208535117,-1.4151204551596066,-0.2685981524846854,-0.2949548842637638,-1.6738666308491854,-0.36867226792123026,-0.33997782032480756,-1.898260181921093,-0.4289746884051896,0.037049898289131536,-0.9875186636199108,-0.1530823113201216,0.06608231088336251,-1.422911614074233,-0.29785826489129424,0.0650411055149685,-1.7218103574357977,-0.3812185882521116,0.07036144526232532,-1.9823515650497396,-0.4197629840897684,0.19612109578164422,-0.8580592344074773,-0.20222847875438774,0.12816507504127234,-1.0539642213221783,-0.39303512605432983,-0.0010102961805687797,-0.7875730028786014,-0.4114178546177245,-0.07278679471527356,-0.5615936316577758,-0.36367443106337227,0.33312632626485167,-0.6697006873831338,-0.2635901775409447,0.3255926587661578,-0.9071550307221212,-0.38227949503464626,0.20710892888176696,-0.7876028902750936,-0.3552359673392486,0.11512114233118799,-0.6408240979671954,-0.30199901040658494,V
0.0,0.0,0.0,-0.21929078557790796,-0.11783055434481625,-0.16329449662086995,-0.40183511954579454,-0.38714733704853227,-0.2766566780487672,-0.3363346360797976,-0.5518334042238947,-0.39218043991286655,-0.1757541675903217,-0.6191964400635014,-0.49873678229760154,-0.2223703044426412,-0.994984229087026,-0.15578644219636384,-0.31621298049475177,-1.4017128026227796,-0.30176915006066707,-0.3883982076733971,-1.6552133709062193,-0.4029559092715998,-0.4442608334078104,-1.8738515338946382,-0.46497661318452466,-0.030992344383541297,-0.9845376618106156,-0.17240959099220016,-0.011612229776476149,-1.4538238400036172,-0.31608475472753844,-0.013868070101485542,-1.7549007357949569,-0.4001204681847725,-0.009623528437323132,-2.0137468984783253,-0.4395167197568714,0.13935021170115158,-0.8619103762120987,-0.20971961886309196,0.08743095657117561,-1.0615166776200333,-0.39973517649133067,-0.009963209475373266,-0.7775341181209551,-0.4166345320295476,-0.06229929354017686,-0.5470735197268637,-0.36999191157087163,0.2898593613076638,-0.674707358387896,-0.2611423383589163,0.27188953072411154,-0.9062692653980081,-0.3888059550845836,0.1766707306624841,-0.750527492523996,-0.3622160304823248,0.1148266480953326,-0.5917159242349274,-0.30813845738939355,V
0.0,0.0,0.0,-0.19113283637875678,-0.15425851233187357,-0.1559001123978844,-0.33604392918132436,-0.4083342780950464,-0.2556025873073776,-0.2603099260997091,-0.5442490034922195,-0.35875811956665454,-0.10865684143577692,-0.6254191800586362,-0.45257244138181024,-0.19721606818310797,-0.9940050440991298,-0.1119138559106737,-0.292004201425665,-1.3907701248180606,-0.23597005698037224,-0.36102033255374905,-1.6333445155202138,-0.32621257269158443,-0.4097217698228869,-1.8482287744077193,-0.38145375878301374,-0.014815235467453227,-0.9922304397911123,-0.12352839005661842,0.004152325717353906,-1.451755043070538,-0.24014554736168492,0.009637933072665361,-1.7335985542131689,-0.3175570482411917,0.020271588479105394,-1.9694731031899235,-0.36005659450593175,0.15086811300998867,-0.8822985865937277,-0.15745172696392767,0.10698480643879327,-1.0805790352640965,-0.324343966416033,0.015326410345842647,-0.8178783725572598,-0.3544659401757866,-0.0355103551994545,-0.6047125974001398,-0.3268661386100298,0.295266239851902,-0.7168859303492474,-0.2054154771509142,0.27620243784673004,-0.9223992468270351,-0.31373231147007963,0.18387405758123956,-0.7715609851881273,-0.29461265754961524,0.12981692612373438,-0.6160224460643046,-0.25404127104573304,V
0.0,0.0,0.0,-0.19230275461457844,-0.1526691622504319,-0.14578488040595272,-0.32644965831333345,-0.4178286848080855,-0.23962294041539595,-0.2320344457071886,-0.5538568905814012,-0.3391521128534141,-0.08159803488894365,-0.6439924395292679,-0.42943974529584295,-0.1739675538867421,-0.9974257068441454,-0.1049597388435748,-0.27049524035365324,-1.3804964888853883,-0.23349757355342954,-0.33527013541261974,-1.6236046359021643,-0.3290163816220683,-0.37645478444246194,-1.8357667164581126,-0.389378022052473,0.008254307295010564,-0.9921922310769421,-0.12444453785377468,0.023068555772537015,-1.4427310533933575,-0.2508386868558721,0.026047588711694443,-1.7253677479246707,-0.3361068175743783,0.034887929280222475,-1.956842116916308,-0.3824436605678398,0.1757160266271099,-0.881241959875712,-0.16531016799072654,0.12506101165463168,-1.0768003736575378,-0.3384788570148062,0.03411032929720834,-0.799144657296687,-0.36649274638876744,-0.008638293746425317,-0.572479319511708,-0.336104989647761,0.32055276704581204,-0.7115282349510564,-0.2194592646922398,0.30071415760610526,-0.9371009600659673,-0.3316152362902638,0.20456887338754046,-0.779684063081445,-0.3092719713340415,0.1523011396914752,-0.6157044220935937,-0.2649070955753606,V
0.0,0.0,0.0,-0.1869524239989804,-0.17627210329034054,-0.13239508362329827,-0.3406477545182437,-0.45203898328163356,-0.22998345497270728,-0.29458029135720026,-0.6234050855960542,-0.33781933682081555,-0.1419250029689868,-0.672189319258471,-0.43694186430053933,-0.17362821820416785,-1.0061311304839755,-0.0958047406114329,-0.26703251497701247,-1.4065061179245648,-0.22628455046966564,-0.34114158049278137,-1.6484701733739062,-0.319727078735259,-0.39618692599543137,-1.8555234489513899,-0.3757272716864656,-9.350192199619993e-05,-0.9924803349668079,-0.12240415009942822,0.01277119831841481,-1.4554581942070113,-0.24821707256257874,0.005757826527283502,-1.7348788042967498,-0.32766358493655257,0.008055718119999451,-1.9674331222239028,-0.36805799179531296,0.1594572803479059,-0.8756997087799276,-0.16965898003953056,0.09896311337276656,-1.080219579492949,-0.34230100157745574,-0.007900487951186044,-0.8218384784087573,-0.3663388176757045,-0.06693209567953658,-0.6046023463042528,-0.33070321599802244,0.2974326457091466,-0.7003686883880184,-0.22923716774510142,0.2632529029135448,-0.9372208203406232,-0.3351940065907588,0.1631506669035405,-0.7975143960499742,-0.30963469229099994,0.10167539675207267,-0.6393675978928477,-0.26301331210178835,V
0.0,0.0,0.0,-0.2106752061278391,-0.1372315859543489,-0.13779287678988725,-0.3909431198005868,-0.4241832388841556,-0.24340142085662528,-0.37544212269668853,-0.6018486609513554,-0.360633458639805,-0.2134433189741942,-0.6564412587068914,-0.4684810867786906,-0.1826555452902215,-1.0037964489268392,-0.11874918379334161,-0.2819262312801728,-1.3974312016494546,-0.27041483673670197,-0.34960137234527267,-1.6619670747520272,-0.3754790688336522,-0.3949598505419227,-1.8852503417157664,-0.4382838903030092,0.0017512367956542278,-0.9888529367562832,-0.14888519952688317,0.015847075156117704,-1.440915538021558,-0.2988177924459018,0.00822069661513638,-1.7531196341925774,-0.38347016580974685,0.008789819797832745,-2.0152628878565246,-0.4207311401790655,0.1678782938247229,-0.8686983714969263,-0.20082606692960428,0.07908152068198544,-1.062318682392831,-0.396846415049437,-0.04873433786641477,-0.7876388599961585,-0.4148694591562055,-0.11615011223162518,-0.5504769167313306,-0.3645145909868816,0.3089469210660957,-0.6865083561808655,-0.2658956309741489,0.2840244413779967,-0.9214633804253318,-0.3894625533253519,0.1580405200136286,-0.8069670506376272,-0.3645954192681095,0.05942413384450306,-0.6629791412011472,-0.31148967181397397,V
0.0,0.0,0.0,-0.21983479792986196,-0.12045011076877517,-0.14617915792331138,-0.4061724145415474,-0.4015676969205734,-0.26154230994957145,-0.3814779586921852,-0.5913348450275224,-0.3856150511678959,-0.21417652823354302,-0.6698581820359915,-0.4998056137137207,-0.17100545512234575,-1.0042292719486055,-0.12528301435711897,-0.2783435197807913,-1.4132703426060196,-0.27742140005689386,-0.363381137546797,-1.678067278304929,-0.38533088998685977,-0.42317322274545877,-1.901670772063834,-0.4512762079321188,0.018172989406787753,-0.988165999668885,-0.1523079103474734,0.023828907424367076,-1.4445839902144688,-0.30100279329391705,0.008051756057965768,-1.7662045392985588,-0.39223274046556605,0.004362233413156453,-2.037643399651038,-0.436327304752926,0.19017686280291654,-0.8635395687562014,-0.20104746475422314,0.1029555806783647,-1.0608840870598095,-0.3893413841174211,-0.03611799662465227,-0.7930741283001849,-0.40658392529844145,-0.11022004695383682,-0.5598317566317158,-0.3608685644264199,0.33806322553380064,-0.6762414220282044,-0.2638892853317016,0.2879988594415329,-0.9156159266590237,-0.38646064298580907,0.15441370837030755,-0.781436976706047,-0.36046071147612124,0.06035897042372645,-0.6175079842088235,-0.30755176131286305,V
0.0,0.0,0.0,-0.21916407233362095,-0.14086345276512596,-0.1497326251465119,-0.41682352077188733,-0.42031537750817904,-0.2563091334132142,-0.41355868210863106,-0.6031928662784002,-0.3710802925697286,-0.2614033417752327,-0.7076974884707081,-0.474181975071056,-0.22240300299775875,-1.0011461328135134,-0.10166260973227773,-0.3296147341715878,-1.4245136080040641,-0.23440170474771763,-0.41075015654148705,-1.674907957868857,-0.326859522739483,-0.46520304754376096,-1.8776387279017857,-0.3799032893621508,-0.037717862051515776,-0.9919233774408693,-0.12110068607799687,-0.047909736593084555,-1.44800730160846,-0.2548869319556683,-0.07265267576067388,-1.7484182437856226,-0.3416425285737634,-0.09239666342139967,-1.9884978868849978,-0.3832434212247453,0.13700617631680254,-0.8894419176690317,-0.16316950734726113,0.03476631940610276,-1.0727543654363292,-0.34239813752192455,-0.08300824454845422,-0.7942161745909262,-0.36909885372028506,-0.14366225514020173,-0.5664057229410586,-0.3323886651404201,0.2867446880293488,-0.7254916684258071,-0.21919329387565561,0.22986918372233422,-0.9626243227798519,-0.33512088211158575,0.10688951197339161,-0.8130875365331257,-0.3103612658234237,0.022997687730536814,-0.6478695799696161,-0.26042221289083833,V
0.0,0.0,0.0,-0.23388040373768568,-0.11356584900815622,-0.15597252182734916,-0.4299779209957823,-0.3811429076716309,-0.27106067645501797,-0.413288068294959,-0.5676439590239577,-0.39226650600785684,-0.2576960376100137,-0.6652798734122096,-0.5011849583784793,-0.250648788260209,-0.9885141519980812,-0.12373993319939405,-0.3751911772345414,-1.3870869520840867,-0.2748291608958615,-0.4630035583169361,-1.634801595156029,-0.38461081909883416,-0.522529636164787,-1.8399676972309058,-0.4525898045519342,-0.06481611633413215,-0.9876709165625774,-0.14249572498779894,-0.08319624379107675,-1.4368157557039614,-0.2884885135443714,-0.11147260784193673,-1.7356570688220385,-0.37955708163698854,-0.12843879439036693,-1.9842635388941616,-0.4265176692184307,0.11096190558894385,-0.887891328853858,-0.18458109695754518,0.030253279956186332,-1.0982847053106417,-0.366757192288701,-0.08226011993521835,-0.814363702079738,-0.38027055550773026,-0.1387129653762136,-0.5730032650310978,-0.3360044069994126,0.2667648678387366,-0.7222596182944233,-0.24275760851713069,0.2199810075326123,-0.9630958554332161,-0.3643310804985492,0.10842471421817648,-0.8270640155322294,-0.34111722738649036,0.03705119077209348,-0.6689556534916558,-0.2918902911896673,V
0.0,0.0,0.0,-0.2284465580325202,-0.11059145423833379,-0.15214925060827403,-0.4048586534128624,-0.37783826323923264,-0.2508043332740205,-0.3426375366807314,-0.5573746742936185,-0.35382748946671205,-0.17865583865901583,-0.6292395367054711,-0.4469891406718394,-0.2598009186231024,-0.9935071161612659,-0.10294090627474356,-0.3684331350386029,-1.375301280564864,-0.23234328735555548,-0.44876260091206727,-1.6132663160600598,-0.331659901821167,-0.5025217959474615,-1.8127707908043658,-0.3946979735263577,-0.05962790969286936,-0.991212955702944,-0.11807365850304072,-0.052091792825726,-1.44706268644732,-0.23986447573156186,-0.06725568332395959,-1.7479953228262717,-0.3247188387823784,-0.08072696302270083,-1.9917420050126708,-0.3696215947105492,0.12335665504289905,-0.8890286555631239,-0.15507067587083703,0.08322744059206567,-1.119420148672478,-0.32354860598313073,-0.019239934728994778,-0.8296441309313463,-0.34539783834063664,-0.07325246715290537,-0.5872893443097997,-0.30830587159757483,0.2902663635498149,-0.7197930821775873,-0.20612693498750453,0.25348756734936745,-0.9623042454887285,-0.3248301916194621,0.15569277995679784,-0.8097606918219235,-0.3026457684499801,0.09602613366017981,-0.6404547966018892,-0.25312903605452886,V
0.0,0.0,0.0,-0.22928229243148582,-0.060614147534432644,-0.1896665312741288,-0.4263680608316024,-0.31766779835713144,-0.3129034276300334,-0.35065539676556884,-0.5105343839332926,-0.4332530100412718,-0.17446469729147443,-0.605938360038328,-0.5405948492971842,-0.29445948505497016,-0.9764292807101576,-0.164158818293524,-0.4062462638234756,-1.3798482989537262,-0.32171268780067713,-0.4883237252223591,-1.63380456083954,-0.43520222997120456,-0.548861405818063,-1.84408553587446,-0.5064452521190478,-0.08238368759257415,-0.9821081457066915,-0.1693414248056669,-0.07165179170116519,-1.4601796855985734,-0.3204892167810157,-0.08714172337538437,-1.7784871776900082,-0.41705946305115554,-0.10245136034563194,-2.045678313435091,-0.4658131403402762,0.11108794263627896,-0.8874062316828603,-0.19871711035023742,0.0580143910972439,-1.113248706667466,-0.3959143233395717,-0.026922097452955818,-0.7900098139055716,-0.41556480322808825,-0.06782032015248332,-0.522169545538436,-0.36953540998067214,0.2899825847515802,-0.7277191287395092,-0.24518491902468187,0.24473112312613823,-0.9683613017967144,-0.3899012440549765,0.1658198709089957,-0.7960213100855759,-0.37280069761388324,0.12344296878179928,-0.6153208534203565,-0.3208814682807763,V
0.0,0.0,0.0,-0.22758141018770142,-0.08788562786613824,-0.1813308993745944,-0.40220308319039944,-0.34258602728501236,-0.2957027385530518,-0.32713837545443913,-0.5221746418919478,-0.40871354281815025,-0.1605234700506172,-0.6267376199169985,-0.5094160314737832,-0.28803908789289306,-0.9670017043312429,-0.1488495070060334,-0.40590554017183234,-1.3527157456666432,-0.2908707136467977,-0.4854102645394632,-1.5964739667551306,-0.3880338236949706,-0.5404356987146101,-1.8072360626194726,-0.44722287286707696,-0.08486187009503714,-0.9842378903908704,-0.15515875135776896,-0.07547859134644758,-1.432496899858851,-0.29556004145209236,-0.08732566437078888,-1.739977748915889,-0.3811241492954504,-0.09700335807837103,-1.995483814700907,-0.4224948916780177,0.10073682391224473,-0.8966596448220181,-0.18557860474140017,0.046226531345737315,-1.0937383798002056,-0.37692225246065947,-0.028830565126442064,-0.794507915162765,-0.406402171147078,-0.05877090889187492,-0.5501412440096572,-0.36899647434638566,0.2695378534131439,-0.7482848793603938,-0.23166902131985526,0.24436554355847362,-0.9635620896590447,-0.36896250555803,0.16732512088417995,-0.7992945543849921,-0.35827899743673136,0.129243994897595,-0.6274710074670895,-0.3135856283252653,V
0.0,0.0,0.0,-0.236065256582663,-0.08388875007763874,-0.1703027273216104,-0.4200883157777955,-0.34099339978756915,-0.273346596753284,-0.3507992234499585,-0.5180188340901306,-0.3771531530359422,-0.1870764063221734,-0.6230792866069674,-0.46917721108633137,-0.2800644085109466,-0.9749028009592382,-0.11043661485856088,-0.4070492109617305,-1.3573185292613787,-0.23888220586903022,-0.4903200013266231,-1.6085424946873565,-0.33453766224392295,-0.5439229729009204,-1.817833258352529,-0.3965736653994432,-0.08028741450858423,-0.9895824969926369,-0.11950068082377066,-0.09256850644392299,-1.4304793836741687,-0.24632006897801256,-0.10565993760157925,-1.730322374921017,-0.3314354181972555,-0.11655498993058133,-1.9715273393902155,-0.37677323392683043,0.102900691064645,-0.9065511024061873,-0.15438138694056866,0.04453580115251053,-1.1044429099665685,-0.33659586855535195,-0.017292915570543202,-0.792461977494781,-0.3678326755514522,-0.040732350940565355,-0.5343986384059286,-0.33530919921610697,0.2667604638179904,-0.7634964158213559,-0.2051163661136944,0.22162506695422243,-0.9811029746184884,-0.34200392871062957,0.14833101821738207,-0.8037969914739068,-0.33650219555378236,0.11178831465259949,-0.6207696262269612,-0.2977842704813378,V
0.0,0.0,0.0,-0.23484429085199177,-0.09087481357351783,-0.177769829719536,-0.4380787924508297,-0.34537271641807055,-0.28373845669781667,-0.3926322927904279,-0.5273443788517348,-0.38947921996319473,-0.2279386762445767,-0.6418553773423079,-0.48381559008802416,-0.30058915068488834,-0.960418918866312,-0.11834754362086289,-0.43687816307115795,-1.348955506467154,-0.2493023432752867,-0.5349302144193998,-1.5790853537974878,-0.34476398294619526,-0.6057230464937968,-1.773036982986741,-0.40149357575543876,-0.10771936199696079,-0.9868673392851515,-0.12037189748115441,-0.12526395595981696,-1.443962713918096,-0.2408839546810812,-0.14553049107456165,-1.73806843423343,-0.32090927830121624,-0.15888279449814827,-1.9757766630896638,-0.3644751919494185,0.06982703144310722,-0.905883669075492,-0.1490030569314138,-0.0077851915357307995,-1.1156023411615061,-0.32902160182591317,-0.07882368979511903,-0.8193785099428244,-0.3663545091885516,-0.10338977963879259,-0.582241017504315,-0.340126696686641,0.22607886639134028,-0.7686491564269957,-0.19315953157650362,0.16413842259819092,-0.9986662944165936,-0.3211303884408172,0.08352555131720112,-0.8317215572575953,-0.31452245971411774,0.049676166139587134,-0.6612955182664388,-0.2795881149680566,V
0.0,0.0,0.0,-0.23413614660425933,-0.11213860303089426,-0.1622318548212925,-0.43579159495364117,-0.3656216805473421,-0.26152044326955465,-0.3857605055184719,-0.5499037037985601,-0.36385646134374866,-0.2234847288312166,-0.6517487973908772,-0.45626016528120433,-0.29356027546454144,-0.9692931725128352,-0.11273119974598271,-0.43446127443271915,-1.3746061504355298,-0.23890451727345535,-0.5340026810368075,-1.608103618072924,-0.33043698930238785,-0.6064682770753134,-1.808536844715482,-0.38407112513467595,-0.09818871349878706,-0.9878961354710087,-0.12008414575996099,-0.11377487659554325,-1.4569622843157721,-0.23650346713069453,-0.1407512298902833,-1.7485148058868836,-0.314467152288208,-0.1590750126841411,-1.9846355915817544,-0.35721691978877435,0.08147766534193751,-0.9013210199203815,-0.15107584779475253,0.0006121181498651217,-1.1044592086487195,-0.32086184128167594,-0.08146642603414508,-0.8181556558790845,-0.35427487192729723,-0.11280304758071755,-0.5903927799647641,-0.32762578394860753,0.23936661296036038,-0.7604918570939904,-0.1962509598380603,0.18718982303328993,-1.0030308176943672,-0.30890406604017434,0.09678464827437794,-0.8416844045240991,-0.29165949536460245,0.05459780044428341,-0.6733359025991468,-0.25183844230141045,V
0.0,0.0,0.0,-0.22545230284900314,-0.09904247869095266,-0.15344652045592866,-0.4485776230187889,-0.33216292917836865,-0.2595514384816572,-0.48774983447140907,-0.5242650103899663,-0.37299958707688097,-0.3548119547449945,-0.6118117135586991,-0.4764834986790111,-0.3077975029921962,-0.9710184336906983,-0.1015243339428247,-0.4575557629107071,-1.3598300249631026,-0.23155131702284235,-0.5635758880626439,-1.5982094154288864,-0.32790848715413823,-0.6384428074288254,-1.8024657008810716,-0.38542944676625995,-0.12603187223852894,-0.9854013594001452,-0.1144557909080926,-0.1433449210378662,-1.4576509202868828,-0.23061199225779735,-0.17458920841487602,-1.7501739670573055,-0.30791057524596455,-0.19406442308992328,-1.9812287834820672,-0.3498347032573696,0.0486416573963291,-0.897801411756893,-0.15092127285719797,-0.04315139742728353,-1.1314448739133085,-0.3146433809737256,-0.1284493600432335,-0.8749572263250012,-0.3432413498393488,-0.16518930520511124,-0.650883515155828,-0.31399446394052044,0.2022645438197204,-0.7548272106134659,-0.20194797875731876,0.13658035728691736,-1.0079283838479904,-0.30389973606007115,0.046996004848240354,-0.8688003623048859,-0.28257587427783,0.004244884287471753,-0.7081162942902114,-0.2407091570162635,V
0.0,0.0,0.0,-0.24004067100800186,-0.11448957366517104,-0.1589028284575565,-0.4571962364444814,-0.3623559472068972,-0.2665436792811319,-0.4741130701294451,-0.5868092589550098,-0.38145847008364214,-0.32290403643418314,-0.7113247361007459,-0.4828716839456326,-0.30999234029345457,-0.9697306063188521,-0.09507700265742816,-0.46335879254056356,-1.3510762121380504,-0.2264424421585934,-0.5696901161668378,-1.5886216523498637,-0.32274571551745707,-0.6446552994462708,-1.7935105799787343,-0.3798728890992892,-0.13625758336741228,-0.9847499360021996,-0.1081731691249577,-0.15932388797149474,-1.4589733100843287,-0.23228666043386192,-0.1922931669522475,-1.7494530958266699,-0.3093607039912541,-0.21331813283606094,-1.9755426680628825,-0.3486175382878707,0.03316949241108786,-0.9002591528051631,-0.14674420725236148,-0.059521249826416336,-1.134043626919438,-0.31641499445180565,-0.1480624064333624,-0.86543377214053,-0.3371573767385786,-0.18604801067658358,-0.6305881719568761,-0.29966497121613955,0.1844458943221225,-0.7605566921462354,-0.2015495030757846,0.12549727432977417,-1.0208758605834645,-0.30280393138216205,0.03424963287824175,-0.8916213003621728,-0.27767842372441714,-0.01615722893944157,-0.7368066870458132,-0.23300238383398128,V
0.0,0.0,0.0,-0.23629468446486424,-0.11708710803650489,-0.15395081876146186,-0.4609096683330908,-0.3692480682254356,-0.26105500109144114,-0.47119680623372245,-0.6061085608661317,-0.3758809812497419,-0.31166919973669477,-0.7288906500643585,-0.4780858063147397,-0.3044537032998453,-0.972793627713839,-0.10123321280151397,-0.46406591856974466,-1.3660634154381255,-0.23544886798438777,-0.574480263225358,-1.6112564170189463,-0.3320973185198805,-0.6524207941923779,-1.8220180136041966,-0.3891724062101988,-0.12663428297144388,-0.9853182207064076,-0.11450660382819536,-0.14662435286616474,-1.4665741681045281,-0.24162759512761448,-0.1842741654032753,-1.7607485811233385,-0.3198424029980929,-0.20709862918919875,-1.9915156829875498,-0.35891988463543234,0.04691457710854532,-0.9009811521741061,-0.1514142186470129,-0.04628962594528829,-1.146694799139834,-0.32232861723705103,-0.14643990782014402,-0.8864072390759616,-0.34309531563140855,-0.18971464462350274,-0.6555454460666815,-0.30495196058104473,0.20671186107635395,-0.7619369242155942,-0.20361043863543601,0.14256469089804338,-1.0337782591656202,-0.30823299316638714,0.04663528500448351,-0.9025741669812707,-0.2835025192817635,-0.004691161476207499,-0.7401024558316569,-0.23734222314685072,V
0.0,0.0,0.0,-0.23139192565154387,-0.11459826343480707,-0.1459769764597356,-0.4492738403409187,-0.36547690275463834,-0.24689234321952408,-0.46623571599482644,-0.5996282702234316,-0.3570207105444026,-0.31438250325607187,-0.7410378348117976,-0.45424139094689386,-0.3233196554066557,-0.950575681147914,-0.09770833757739282,-0.495045653120362,-1.3333735089776217,-0.23416301627127353,-0.6125853160880157,-1.5772826760124652,-0.3310496761446348,-0.6923852923267282,-1.7862517168353573,-0.38856858068752015,-0.14739159919909506,-0.9826047945066931,-0.11297581288927563,-0.1865820816427821,-1.4488462047685795,-0.24513007109659943,-0.23473808404022434,-1.7415543087179974,-0.32546502372559366,-0.2658121135148582,-1.9757524727088105,-0.36484680765946276,0.02819645749892268,-0.9159820769695922,-0.1509736052142251,-0.06523476582427139,-1.1530663025706422,-0.3237199638190093,-0.15693099774036434,-0.8848344361516925,-0.34034807777410797,-0.19508631419861755,-0.6486871763123244,-0.2979410074003863,0.1919236147413957,-0.7897449387285141,-0.20384162654528792,0.13895730259596856,-1.0524864963803933,-0.30857862299326233,0.04866092858746682,-0.9378217653191774,-0.28280846680555016,-0.0019353260754827945,-0.790715863028299,-0.23482890903786993,V
0.0,0.0,0.0,-0.22032971542876906,-0.11134860054376643,-0.15294639425475373,-0.4208255257854112,-0.36459319552637104,-0.24907517895967363,-0.43445614566178337,-0.6105078383243067,-0.3528544118463667,-0.28842392062480204,-0.7613921159161645,-0.44269186050695186,-0.32377912067098935,-0.9484495459086647,-0.08361879529909129,-0.47581415832778173,-1.3213308606052556,-0.2033940249453986,-0.5743345849044775,-1.561707126494089,-0.2883753045192506,-0.6389666605350065,-1.7734875376455066,-0.3404607214011574,-0.14897607566528248,-0.9843934857747563,-0.09367814069246319,-0.18247737159772887,-1.4328260399888781,-0.21512879249076566,-0.22334589579472486,-1.7149135321298963,-0.28815283501540984,-0.2484216359534887,-1.9423787378089974,-0.32362044416156255,0.022048447682274527,-0.9187054565859811,-0.12833918108375852,-0.0570969534777362,-1.1571378102657517,-0.29473673525173494,-0.14015154461385257,-0.9069404590490036,-0.3139118184432063,-0.17732837314364028,-0.6816402965785825,-0.2751582319383028,0.17946583811435982,-0.793279024226461,-0.17852500792475356,0.13529459262842272,-1.0506753057427691,-0.2794830653579561,0.05051444225522776,-0.9471878162671747,-0.25999729765788565,-0.0014260878581997135,-0.8084234166150611,-0.2185089449862882,V
0.0,0.0,0.0,-0.2309275330939208,-0.10938080950769524,-0.1520683594117424,-0.4372891974925737,-0.3684896670761386,-0.2450351582318112,-0.44552920429121173,-0.626989078173149,-0.3452851901730174,-0.30098912302102065,-0.7786929684699159,-0.4326501039167532,-0.3321752293180246,-0.9560980491112347,-0.08263280618762735,-0.4846751950031647,-1.3348745547908745,-0.20384706664807736,-0.5877546062262532,-1.5694058825533175,-0.29247646930054705,-0.6594684937117714,-1.7747549738367112,-0.3452676985069189,-0.15608882594868936,-0.9836304430025463,-0.09004126838608127,-0.183621526711336,-1.450505924232001,-0.20492505450292745,-0.22471159847612882,-1.734757364024739,-0.27703063767504105,-0.2514974255544572,-1.958080830016715,-0.31325756595743987,0.017063785167008814,-0.9141786064182146,-0.12189751135417956,-0.06830546756698541,-1.1632807989120684,-0.2813909469023248,-0.14863952429006094,-0.9216125645100899,-0.30538173871568663,-0.182407646000276,-0.7006071022927266,-0.2722209665227816,0.17521074601473605,-0.7909743684608744,-0.16917809856117674,0.12056412157135725,-1.0508981740047973,-0.2657819620170108,0.036982189783208747,-0.9458519221048519,-0.24764494550084543,-0.010038579693435986,-0.8038269582968284,-0.20856857622303465,V
0.0,0.0,0.0,-0.2343622219507995,-0.10265162204331686,-0.14352123477566436,-0.4461906989545462,-0.35546711031676986,-0.23544834572256262,-0.43463397655953506,-0.6081165019385188,-0.3360848938372534,-0.28068654739033616,-0.7649127651708532,-0.42391254331954914,-0.33541943902060745,-0.9523015330291248,-0.08004434517615168,-0.4909788863717574,-1.3301521640093164,-0.2004767187468171,-0.5949314793839853,-1.5667472185384637,-0.28954222093434073,-0.6679478029985308,-1.7740427008241735,-0.3432771246217363,-0.1600017647664223,-0.9825977875851609,-0.09434523360709537,-0.19301987444101124,-1.45648320876742,-0.2098902106413109,-0.2360848858985743,-1.7409334530361342,-0.28492878915100583,-0.2631877736019201,-1.9686022973706234,-0.32373959635555316,0.012557398400221721,-0.9120834099895786,-0.13149453668213562,-0.07705072117034634,-1.1614895136009888,-0.2908261675084639,-0.14980187383570107,-0.897847022254376,-0.3113139386103359,-0.17432816418895403,-0.6659285817737308,-0.27609389627395386,0.16992004916681924,-0.7849068288238793,-0.18346061855137688,0.1103330289715668,-1.0440706499122143,-0.27993055484427964,0.03285447067987683,-0.9306258175793766,-0.25804501692884607,-0.003836812173887754,-0.7868354751482896,-0.21653375670205055,V
0.0,0.0,0.0,-0.23561101051611225,-0.1191603803100158,-0.14439685793748958,-0.4377913079144654,-0.37456333453885976,-0.23572577296910127,-0.4244642743133562,-0.6167020261831169,-0.33451945613897677,-0.2747236107274942,-0.7541083868584307,-0.4214187633336329,-0.3305854759568416,-0.9558370760591361,-0.09144648426739335,-0.47281899844533654,-1.3372596074645258,-0.22188034866201065,-0.5783386414486816,-1.573017756472743,-0.31804299779370204,-0.6562093672805545,-1.7686194091362895,-0.3745322199751561,-0.15507095225253412,-0.9825466481795011,-0.10273793806924483,-0.18302948594923169,-1.469027980390569,-0.21858080834376667,-0.22646359816947867,-1.7413119985884686,-0.2901782421791641,-0.2588324517440759,-1.950097885836438,-0.3277464937316403,0.017989244889361614,-0.9077958537966514,-0.13678289510219838,-0.05470322529254442,-1.1706836966965875,-0.2914138068866167,-0.13129224164637815,-0.9194500700828536,-0.308675104774485,-0.16383245404099903,-0.6978774643824246,-0.2748141023935482,0.17117858041672437,-0.7736564116854162,-0.18632343135136534,0.1278158172458041,-1.0301952992936396,-0.28124434716083735,0.045114498387628495,-0.9224338126463514,-0.260497794544508,0.00018548734464279826,-0.7856589970215133,-0.2214711008087121,V
0.0,0.0,0.0,-0.23768976446134765,-0.10279743444413443,-0.1469197860216657,-0.4466154324510549,-0.3828185695852761,-0.2342183056949869,-0.3990576020104839,-0.6244184070233709,-0.32739975785477415,-0.21685357388205584,-0.7484123960749197,-0.40817019789578646,-0.32656397790216174,-0.9506185282015845,-0.09291827848430631,-0.4624575302683192,-1.33584222976817,-0.21487650097889519,-0.5578774665916788,-1.5847901855915656,-0.3027445355244831,-0.625441561447573,-1.798836145661587,-0.3570774254190887,-0.1409881114963446,-0.9845769824503108,-0.10358821383600872,-0.16901011283139505,-1.4575007353022256,-0.22123004854627246,-0.20012263634035296,-1.7600704065143282,-0.2972789031444141,-0.21734049677068212,-2.005957322625638,-0.33825310468009717,0.03934901935013207,-0.9115527253923686,-0.13619239453955298,-0.03637837882412059,-1.143092160683897,-0.3015367561716769,-0.10772275191630215,-0.8694084193919392,-0.3215685737660181,-0.13637230851013277,-0.643399359761188,-0.2856026412283605,0.20147112510807386,-0.7809069998673329,-0.18330093845717718,0.15572071339407134,-1.0244333672322836,-0.29016759467240566,0.08783143828418007,-0.885711707147703,-0.2700317666509054,0.05758849330944607,-0.7368661600336085,-0.22846796724195848,V
0.0,0.0,0.0,-0.23566713452257834,-0.11741683707697206,-0.14764285562618654,-0.4374024468197243,-0.3896172498313359,-0.2346274615432992,-0.3821605305626164,-0.6154177623175986,-0.3273976375560074,-0.21577677603815815,-0.7538869116740892,-0.40951266466285724,-0.31163327719282313,-0.9557520318574992,-0.08838623056803176,-0.44930972218892573,-1.3407096472660502,-0.20439608108657795,-0.5427950897288387,-1.582022100270847,-0.28900626743577384,-0.6089733713487037,-1.7918137546080344,-0.34169731608176424,-0.12758515546432994,-0.9868441792083796,-0.09930052400507293,-0.1510612275542483,-1.4829366024728585,-0.20958350581615065,-0.18449766049944846,-1.7675734054734797,-0.27917120583334387,-0.20779960254413504,-1.9897766907819148,-0.3158924966256699,0.05017737089239746,-0.9118292817706004,-0.13340843765863392,-0.02233541330912863,-1.1622368455756127,-0.29506752645464956,-0.08769735208382273,-0.8910624653288464,-0.3212341828464544,-0.1100824877230117,-0.6670411563825702,-0.2911129200295133,0.21085100488152586,-0.78164807047101,-0.18192323087589168,0.15709861883579487,-1.0349231251262023,-0.28463979607480483,0.08573912777761482,-0.9045472019972158,-0.2701556966117341,0.05893451249423167,-0.7618577679868341,-0.23567117196947335,V
0.0,0.0,0.0,-0.21977235568785985,-0.1238669432142395,-0.14798654306001022,-0.40746760641484603,-0.4052177496719228,-0.23866130331931862,-0.3825768481071759,-0.6211343571150888,-0.3363492523055238,-0.2319497638512264,-0.7458463456260186,-0.4227647806441403,-0.30212436154211736,-0.9554493447633582,-0.0987610955210395,-0.43765567879321465,-1.3385447248821056,-0.22481347986420827,-0.5284300373129432,-1.5810021688405875,-0.31656188035423033,-0.5965671595246334,-1.7949036995955494,-0.37389049142367753,-0.1284312059432307,-0.9853213905633018,-0.11245969339442784,-0.1517164799998756,-1.4688678141630591,-0.23123648590151594,-0.17774153344615137,-1.758556977819976,-0.30700014191583624,-0.1963009680405704,-1.9950733460919798,-0.34864025797368337,0.044168786842334995,-0.9143813650964449,-0.14875521611535358,-0.016356004436470627,-1.1705045150673317,-0.30950330862239384,-0.07829548299208493,-0.9035332233660408,-0.32817333724735864,-0.10395248357721185,-0.6791871363693595,-0.29411477923794727,0.20372514912908343,-0.7896923862526297,-0.20046745760825854,0.17106363934857088,-1.0493896705777712,-0.2981977733985704,0.1076967469303544,-0.9264029998496986,-0.2762495035390505,0.08046511133816572,-0.7866233446353487,-0.23651086666461446,V
0.0,0.0,0.0,-0.21936455557611298,-0.12464115245266316,-0.14682757185370296,-0.39543580640304327,-0.4036054251287162,-0.23673715326599168,-0.35250637358909187,-0.6172697000666527,-0.33464031974149083,-0.21138836678072237,-0.7612424551340985,-0.42236793802025313,-0.31228226751955007,-0.9498217260726974,-0.10501015404044876,-0.4534169457512469,-1.342346660543103,-0.23155637903050608,-0.5479150257867447,-1.593204466727469,-0.3208926861111429,-0.6162238530131988,-1.8095388616773225,-0.3748493852878134,-0.13289216085992175,-0.983614390509564,-0.12182940681329643,-0.1583914652613255,-1.4667026384625768,-0.24622130336610362,-0.18818288455041865,-1.7728816118061244,-0.3260974061021841,-0.21292617614615242,-2.0224638987821293,-0.36812728101364856,0.04400334170418601,-0.9139593199621244,-0.1601870253710177,-0.024378280619157033,-1.1535435162055367,-0.32871432770581277,-0.08773652351109865,-0.8821659837339794,-0.3506087992349267,-0.11612837163440144,-0.6489563806051881,-0.31542456280899056,0.2048963488583173,-0.7916474035114802,-0.21306190708629438,0.17323099945770387,-1.0476809100198843,-0.3149406514483417,0.10538617625565835,-0.9265767915921596,-0.29120246029066243,0.0698740771333857,-0.7823387434404614,-0.24816914172855487,V
0.0,0.0,0.0,-0.22066211618913836,-0.11316053737737883,-0.1535276214817657,-0.40268101046445287,-0.3847160127870766,-0.24797356403784399,-0.3712029553009817,-0.615005906328296,-0.34865886512675087,-0.2362992328959895,-0.781567114034974,-0.4382488094542234,-0.32062511675520583,-0.9461891362805734,-0.11528616762027598,-0.4606718052221649,-1.3428424875103333,-0.246821374446989,-0.5503704387800933,-1.5985396467487416,-0.33733657739558787,-0.6153528325115185,-1.8196496054882196,-0.39173704208604193,-0.1400576803949127,-0.9816617627474262,-0.12932142019794005,-0.16808563108630603,-1.469485304975537,-0.26162561707003845,-0.20053956008200438,-1.77630895699215,-0.3432231997261327,-0.22464611430467887,-2.0301316261168636,-0.38495175113151575,0.03934283195681614,-0.9173450611098792,-0.16509502920629496,-0.0331519687632687,-1.1702313226579708,-0.3423485824873642,-0.09285917924219894,-0.8935118394956519,-0.36322840391673306,-0.11390505729743886,-0.6637091500753493,-0.3249361909022288,0.2060978116505627,-0.7990959938851611,-0.21526212295857453,0.1647135169601849,-1.0626448442883978,-0.3227575122680459,0.0995706410806365,-0.9344240047091638,-0.2993144255824018,0.07327847284066545,-0.7934316963831071,-0.25494456623227263,V
0.0,0.0,0.0,-0.2169745863837192,-0.10201136702478766,-0.1397054548464429,-0.41536392052041404,-0.3814769842237539,-0.22971561430529372,-0.3947220535478264,-0.632226240083849,-0.3288425957181938,-0.2373591533472362,-0.7869704563145714,-0.4168650075865622,-0.3135367592980386,-0.9482566040412234,-0.09908531206496743,-0.453259170876747,-1.331250923175611,-0.2320031164063434,-0.5505174190809113,-1.5764246453697635,-0.3236221885749746,-0.6208480136010986,-1.7889790276384732,-0.37773356196215974,-0.13354185532000837,-0.9838606240718855,-0.11910014810473597,-0.16430033856760537,-1.4726740353040702,-0.24796033786684402,-0.19935688719121225,-1.7757378440696396,-0.325551387285842,-0.2238075294409281,-2.0226798999587845,-0.36374542071393245,0.04888206576406035,-0.9174801623031974,-0.16072038057707996,-0.03556684280486164,-1.1534759406635948,-0.3366373944725764,-0.1040911912613732,-0.8687500610751065,-0.3553965867767531,-0.12779251287242832,-0.6343138358309126,-0.31467216529007086,0.21667338784248877,-0.7960687946761323,-0.21585982503112,0.16356151997013116,-1.0552672577320472,-0.32266500628612893,0.09125181578833734,-0.9236723758276145,-0.2973544043938519,0.06087602692157846,-0.7798149955725234,-0.25129245174961745,V
0.0,0.0,0.0,-0.21834991945704693,-0.0969979390967918,-0.1474020892695917,-0.4158911669639906,-0.3664876669321735,-0.24357768751391912,-0.3936435985663781,-0.608336479534455,-0.3478506854235606,-0.24319859725087356,-0.7772678607085564,-0.4408433438274614,-0.33615896913926013,-0.9402056859294919,-0.10774241067592678,-0.48690239845182237,-1.3200265914636116,-0.2462493395172008,-0.590412306726495,-1.5589102267386412,-0.3422735518534191,-0.6684312616304252,-1.7689734601650289,-0.39919759998677895,-0.15749570567908508,-0.9795477830778713,-0.12522477135085758,-0.19743354111372566,-1.4661172061989622,-0.26001325127731145,-0.23874321052462655,-1.7671589122687208,-0.34173827140108676,-0.267728423476853,-2.018376860153502,-0.3831428951746878,0.02474676315948925,-0.9167275211844617,-0.16480556263222568,-0.06156832748695801,-1.1663316005376572,-0.34557607373301413,-0.12409239679901818,-0.8742916086957985,-0.36411694184950066,-0.14307310835856352,-0.6383156395984345,-0.3227214883607939,0.1945466033362642,-0.7981911485186123,-0.21839496748640938,0.1334922182426048,-1.0605726608408272,-0.32888305612639906,0.06946401898827509,-0.9209000262138041,-0.3040180445564311,0.04830347228372478,-0.7754579868632746,-0.2577117891958141,V
0.0,0.0,0.0,-0.2524648798861191,-0.14008629351725863,-0.15465667714557052,-0.3674351851727974,-0.5004840175556352,-0.22014562418604988,-0.19786451217541617,-0.7545324692685967,-0.28153349310420406,-0.015179619612257975,-0.9140953301530195,-0.3353988189432525,-0.27295365573155056,-0.9900957936349184,-0.09945163578767909,-0.3513690754798099,-1.413855590032374,-0.21269445537338774,-0.3897142943799354,-1.6814644600876896,-0.2865891818486559,-0.4137977671957885,-1.908171098725557,-0.33398077172462204,-0.07629334488820404,-0.9915155254062324,-0.10524394711418024,-0.054174106653559116,-1.4774443616457502,-0.22182318482221167,-0.05465224270293216,-1.7789223402841552,-0.29003859191913284,-0.05150522137719381,-2.02514496020677,-0.31936522342466495,0.08721644600996227,-0.880909919198831,-0.13332285583063896,0.0640307243941482,-1.1070426099689374,-0.3169930501812552,-0.027898223134094294,-0.835575052769222,-0.3422113115281879,-0.06355886503422638,-0.6199674471662605,-0.3048193417624037,0.22083848782650792,-0.7103325759785806,-0.17404728617374268,0.15403845112477474,-0.8625014043851987,-0.33176482343556823,0.06001382775387479,-0.6538036031297308,-0.33631516945100365,0.025460836933371384,-0.4651898235543469,-0.3008300440948644,V
0.0,0.0,0.0,-0.2508890570411472,-0.14166229049883078,-0.148930823283289,-0.3757614733637085,-0.5038531920205365,-0.21100002197977943,-0.2232983502451636,-0.7739524908796168,-0.2700203946964499,-0.04133364517988802,-0.9477305273640606,-0.32031062935215154,-0.2748131248693609,-0.9869192388435689,-0.08687024639276625,-0.35700487653495644,-1.4099811341589756,-0.19541604101478158,-0.39757984917465566,-1.6791158576039436,-0.26501448254129484,-0.42100889662203694,-1.9057377372069615,-0.3095426604824205,-0.08393675416999172,-0.9920116589644523,-0.09416734985121637,-0.07111873205237275,-1.4787305220347255,-0.20778818762539608,-0.07960068734088618,-1.7804575042438193,-0.2739864022491048,-0.08285802534909228,-2.025481645903365,-0.301761141406497,0.07955077711508263,-0.8873064063541807,-0.12354197613993179,0.053606551150998126,-1.1187629448096896,-0.3070201763332228,-0.04180231889877209,-0.8416905936782576,-0.3323366977148846,-0.0791047392606894,-0.6263657266999915,-0.29457808119053414,0.21571181038314838,-0.7227750277443076,-0.16514695019141645,0.13734440657726707,-0.8677185908949454,-0.3229041520801766,0.04239957174955902,-0.6549657704044191,-0.3293249913058819,0.010172594610156979,-0.46481486060799393,-0.29500002205393766,V
0.0,0.0,0.0,-0.25478901469796117,-0.14939013891256295,-0.15054373963271223,-0.36958688445204324,-0.5119193498752919,-0.21286439087009146,-0.20967784463897152,-0.7775564210506478,-0.271770365574676,-0.03129756446176065,-0.9532404780555722,-0.322164649350632,-0.2677299968158936,-0.993414221845746,-0.08399033313916797,-0.34325703153586873,-1.4127650025008487,-0.19002904906951296,-0.38052848260998245,-1.6788500549720398,-0.2581813526262789,-0.40419841763978476,-1.9017243153476977,-0.30106801353717305,-0.0745660560295504,-0.9931344303438404,-0.090132716334378,-0.054113769579425805,-1.4775302057974753,-0.20090508701248647,-0.05813050491131868,-1.7760722764915515,-0.2642473453785344,-0.058427430285403266,-2.0165545079201066,-0.2891655524582157,0.08798789795479632,-0.8788189948610018,-0.11866647144427067,0.04942760923072588,-1.097711158111226,-0.29978026411963854,-0.04737395257291189,-0.8202412495780504,-0.32157265091296866,-0.08244430307294758,-0.6029963460606612,-0.2808231164020575,0.2182173665329501,-0.7058119896146287,-0.15948007274480228,0.13703967338388925,-0.8613995890175984,-0.31276236753080033,0.04337222095611624,-0.6553215246156573,-0.313192821338474,0.012734079034431151,-0.4699528473620501,-0.2746375338527693,V
0.0,0.0,0.0,-0.2541054679308092,-0.14983012944579882,-0.15535137574035104,-0.3654819054919904,-0.5288682176768597,-0.2196048504417442,-0.19302865430475152,-0.8139911579204812,-0.2787300261519602,0.0006035737029808024,-0.9966492929928563,-0.32889866295023584,-0.2665446449494907,-0.9933203417651373,-0.08948157728252833,-0.3400611989797647,-1.421719171937528,-0.19917672569279493,-0.37781535382530224,-1.688606496138579,-0.2670121234642443,-0.3985421198565058,-1.9154601137225824,-0.3082852313091222,-0.07185757142537905,-0.9931525467733472,-0.09211139053592116,-0.05054995490776617,-1.4806073266583617,-0.20713029750635484,-0.049764783267391956,-1.7810255268894835,-0.2693521687575564,-0.03607845846977593,-2.026890448499929,-0.29194226202201706,0.09058093849472845,-0.8790524218440322,-0.11764508519087678,0.05827753869866755,-1.0933871903049703,-0.3045384592841351,-0.04853153233164991,-0.8053149267865158,-0.3224439314032956,-0.08415590206035316,-0.5855590749142687,-0.27612455584855145,0.2222358749965671,-0.7058828259492574,-0.15544573108023638,0.14321203956815526,-0.870020506642411,-0.3128403442046034,0.04476511223613561,-0.6562994528240806,-0.3108400673375881,0.01642381511135316,-0.472221116715989,-0.2685489687800677,V
0.0,0.0,0.0,-0.24955406968229274,-0.14519235175512832,-0.1557162411554152,-0.37026973301474975,-0.5200398380604068,-0.22555990057411376,-0.19858066105617123,-0.805403352623611,-0.2894888050060798,-0.004012804746308213,-0.9818177977947383,-0.3441904804989068,-0.258963543957541,-0.9962089165385785,-0.10864182692284803,-0.3308536781274453,-1.4333343492955306,-0.22449016004362218,-0.368263714568571,-1.7084399589588455,-0.296676661843057,-0.3882229262358428,-1.941155615383832,-0.3420199253483567,-0.06221747795305689,-0.9917321360425656,-0.1122334877726385,-0.04013764563746576,-1.4868095220747455,-0.23364386696698267,-0.03908798928687194,-1.7844688739138432,-0.29856709427422096,-0.022964975957249528,-2.0307181001923644,-0.3243484865362951,0.10146345319028338,-0.8744357263525331,-0.1370229447053184,0.07861154372727303,-1.1023268124327157,-0.32557162988887306,-0.02730143114377376,-0.81834207561972,-0.33817278509190996,-0.06616347940565503,-0.5987106985053706,-0.2893179335066153,0.2343703336978524,-0.6974772566573415,-0.1738898804466643,0.16595243509297025,-0.8750131525234524,-0.33248989800285,0.06810768560880322,-0.6583729504740173,-0.3267189716592563,0.03574590496649182,-0.4707011904953052,-0.28193081856943386,V
0.0,0.0,0.0,-0.2529602663387762,-0.15330829791914177,-0.15533594720271252,-0.37526763728934326,-0.520995903692613,-0.22767016716107047,-0.20499846672294353,-0.8035121474908324,-0.2946920875746551,-0.008210708574349971,-0.966084138853884,-0.3516683297247532,-0.2582317202298117,-0.9956762208465165,-0.11049046811913359,-0.3237675934209535,-1.4237669026911723,-0.22530731270808158,-0.35952510059183684,-1.6949890051557066,-0.29789715708244147,-0.38239943486657724,-1.9298356944092683,-0.3436016311867084,-0.06555526977546161,-0.9913658581062584,-0.11356162197639015,-0.03944458660015178,-1.4827780337806735,-0.23146488803104445,-0.038976956077193876,-1.778661596901474,-0.2933416243970617,-0.026948577208847954,-2.0241489930516106,-0.3180777907097676,0.09624393094102626,-0.8754345861260098,-0.13747502983280258,0.0805724510375627,-1.1092658833949682,-0.3179284994252566,-0.028476298280769974,-0.8270934008436048,-0.3248002195340241,-0.07332004895584515,-0.6095797201904269,-0.274057506658359,0.2282833940400182,-0.6974779346484218,-0.17424318786774076,0.1703392671334961,-0.8762097773399398,-0.31905477361650997,0.06941019687498276,-0.6688998523113201,-0.3056583594174492,0.03056652029796661,-0.4879569910527326,-0.2582775691212854,V
0.0,0.0,0.0,-0.2535566904938377,-0.15301617186210112,-0.1562422677011065,-0.36949094397880744,-0.526312254250716,-0.22510062378541584,-0.20049051453487304,-0.8005743782102644,-0.2899381770323729,-0.013527333953381588,-0.9741512133519021,-0.34545717980775587,-0.2604257594747959,-0.9972065200203872,-0.10550562633369721,-0.33341902309610943,-1.429003138926533,-0.2241916405853206,-0.37325613241091654,-1.7047096194220195,-0.2994292784391759,-0.3966852428755845,-1.9398514549651478,-0.346773710959954,-0.06391647354269223,-0.9917568388393058,-0.11105429764459145,-0.04008728150524854,-1.486296546142201,-0.23528389249393145,-0.041971524142712956,-1.7975075511745067,-0.3036223534346068,-0.03746493394001656,-2.0543987072826466,-0.33187518129144356,0.10302148981957958,-0.8719776908987608,-0.13858287458595103,0.07127269953325421,-1.0952420199048896,-0.32746434497946847,-0.034785376455265034,-0.8053392857444864,-0.3409789036669234,-0.0768082925595803,-0.5805660693525206,-0.2927036948453517,0.2369755104296953,-0.692943223366888,-0.17917610025657782,0.17055324241204656,-0.8701410585502525,-0.3334278488106078,0.0709660931510155,-0.6675379465296633,-0.3266812236023162,0.034017793874050115,-0.48657308056084925,-0.28257802392021675,V
0.0,0.0,0.0,-0.25453681117072663,-0.16601231344405512,-0.15112628221274538,-0.36509044378846633,-0.5425061976689955,-0.20706738113957793,-0.20097291424521527,-0.8221427357610424,-0.2592616140736946,-0.01783261872449317,-1.0171630961059914,-0.3035386312244686,-0.2613608202545326,-0.9961787986174823,-0.06273217457943954,-0.34212563059720363,-1.421521936539164,-0.1586979958048387,-0.3808760011594582,-1.690509706305303,-0.218116786596505,-0.39885322287616787,-1.9139187542964249,-0.2542600621496486,-0.07347326504799727,-0.9951120486106557,-0.06598249793006268,-0.061141416852836826,-1.4860639472229258,-0.16891536604546525,-0.06905580520337068,-1.778139271058148,-0.22675625999285656,-0.06799713357599754,-2.0039088720154363,-0.24696215513115524,0.08662264524384572,-0.8837937973776481,-0.09336167215008356,0.052846738789532346,-1.1080938401326128,-0.27575875044985537,-0.04433273272406701,-0.8277784152272475,-0.30192005216616485,-0.07535997056934787,-0.6132225137690205,-0.262940937240699,0.21756550172360561,-0.7145922407051185,-0.13256956299493042,0.13649270316427226,-0.8861906525614832,-0.28944382818320996,0.03917044629383337,-0.6732319477009442,-0.29335565720885864,0.008729698796872151,-0.483256131405695,-0.25696498128495354,V
0.0,0.0,0.0,-0.24396605985714434,-0.19175172542120994,-0.12975402052359,-0.36125332156456275,-0.5389997671950553,-0.1851492328015005,-0.20947158982874065,-0.8055766581122238,-0.24238887557628455,-0.030265101463408398,-0.9765637350838622,-0.29135484335089673,-0.2723182166934237,-0.9878900202333952,-0.05086449013662794,-0.35591422915161075,-1.3978851169061497,-0.14945879600118714,-0.3969688200783679,-1.6519659856910869,-0.21405218925397837,-0.4227350130152077,-1.8704745360881856,-0.2529736143446324,-0.09266775572574651,-0.9937223001723385,-0.06267916072308331,-0.08085555107692109,-1.4573148367618127,-0.16306485346823377,-0.09530231157511534,-1.7361926552088256,-0.21774005089405438,-0.10155821364164691,-1.963456997369991,-0.2360538298904505,0.06394929034384667,-0.8859861600077431,-0.09678752332242183,0.02215149177265885,-1.1036616907162042,-0.26215850521354955,-0.062457683607343446,-0.8270704972975924,-0.27378887940871344,-0.08568629693676719,-0.6176979602898613,-0.2273804523577009,0.19148363906497637,-0.7132521609045671,-0.14263170490784308,0.11761743777745046,-0.8831373011997119,-0.2726757032480748,0.028833300203741166,-0.6889458030446615,-0.2591775240630292,0.0018643526771997708,-0.5182094729941322,-0.21361321341998885,V
0.0,0.0,0.0,-0.24892080570352706,-0.1788216145161459,-0.14977103433778474,-0.351018607140163,-0.5292500623332335,-0.20277974288698344,-0.19064340745590755,-0.7858324432746487,-0.25137272265713445,-0.022759062528689186,-0.9583123497859607,-0.29061742309942434,-0.2768383950557835,-0.9915606951579284,-0.06391227534173853,-0.35522009305662494,-1.4017968047867133,-0.15359084890545097,-0.3924413986249632,-1.6550006786575076,-0.2122253484087875,-0.41656636749315507,-1.8696984457820798,-0.2492512263193127,-0.09620646562338087,-0.9931739722403693,-0.0659528379718674,-0.09176476530177059,-1.463950671942836,-0.16113176530639373,-0.09816682508863292,-1.7428850390649906,-0.21600405876127288,-0.10039411595344898,-1.9660610388415773,-0.23765786964542013,0.05687761857591119,-0.876912108505331,-0.09154287318506357,0.03846316871948236,-1.0905373791397872,-0.2574531945145623,-0.03910914747731913,-0.8275531769561026,-0.27688703487109106,-0.06857179015841927,-0.630752695010341,-0.2397940066576371,0.17963147340937183,-0.7033248779933255,-0.13017009349386133,0.12335999664426685,-0.8564817182934817,-0.2710110255479361,0.038067184695106795,-0.6679005288440362,-0.2697957004827629,0.005629890939329967,-0.5058567097317643,-0.2346122217362526,V
0.0,0.0,0.0,-0.2426640900638033,-0.17084427770776264,-0.15468528170346918,-0.34974974639564094,-0.5075621452139994,-0.21301368065293064,-0.19694340192842566,-0.7855908433171499,-0.26458926686402606,-0.023014122596346567,-0.9888567171546494,-0.30426836795607987,-0.29720307300863374,-0.9865741407999731,-0.06985732363277843,-0.3740344411623284,-1.394347381570899,-0.16197324110182776,-0.41037359115500927,-1.6390608914467801,-0.21759032745588627,-0.4386599333241623,-1.8464666037836224,-0.2488680975386148,-0.11320116906264976,-0.9914906001650841,-0.06427974103191968,-0.10200022396675347,-1.4546681228248892,-0.15842038729715918,-0.11874819898735058,-1.7272710848002188,-0.20764980305165034,-0.13030935784287961,-1.9392711599076495,-0.22181047725027447,0.04143872893450698,-0.8833290180799288,-0.08251715901521639,0.007733461952260705,-1.0592325307884387,-0.23976451343153285,-0.07132625401193296,-0.8012856842914026,-0.25359351262429874,-0.09077281953287687,-0.6212084074967336,-0.21189746007859234,0.16346657596319739,-0.7200209361709698,-0.11437723101374396,0.08923529621994265,-0.840377129381321,-0.24116207732549702,0.011792743556267467,-0.6436008666373649,-0.2352921812586963,-0.0018636804989289517,-0.49138684457780757,-0.19657928808344652,V
0.0,0.0,0.0,-0.2411741830560463,-0.17810549798077996,-0.14574440757964227,-0.354428053583047,-0.5219085745781726,-0.1966216680086065,-0.2067701931021597,-0.8146615231254513,-0.24149945997682926,-0.026016533804998923,-1.0085600992020758,-0.2736459117522654,-0.307236730147557,-0.9885053135176655,-0.045940342643790655,-0.38276887882413896,-1.3844141350104788,-0.1249924691799045,-0.4175754954124789,-1.6189509198970427,-0.17368497234314936,-0.44274173261197813,-1.8156565524958208,-0.2009333585021185,-0.13084149725986696,-0.9905806230748,-0.04037984377801854,-0.12526441370699232,-1.4407459397004747,-0.12226612969516176,-0.13926985165302305,-1.7043014105929308,-0.1668837566707589,-0.14673543926894125,-1.9090849991137002,-0.1791538171727004,0.019715164453289465,-0.8854978348773479,-0.05882455470506585,-0.005802023896350998,-1.0517364862120524,-0.20800761486016758,-0.08010943596078646,-0.8029491502533356,-0.2243597277408436,-0.10248602602589515,-0.6276252855617854,-0.1850758933054998,0.1426331795651248,-0.7272970702388313,-0.09000127508459801,0.07804103489085946,-0.8591579838710377,-0.21010565334021478,-0.001850645553146439,-0.6614649902805629,-0.2034449217551889,-0.02489376646403521,-0.5028289909479736,-0.1650324375401097,V
0.0,0.0,0.0,-0.24296574339078975,-0.1764430343657419,-0.13619723425168234,-0.36666465486198546,-0.5235010564174897,-0.17819513643781695,-0.22873977041703158,-0.8046670264778155,-0.2148233978735268,-0.04487005982724324,-0.9829312912897323,-0.23943363463677902,-0.3123404752591127,-0.969336521609482,-0.045705034234201615,-0.388802382834896,-1.3405786977166188,-0.12585493858467553,-0.4279274274844484,-1.5594304814468407,-0.17055756975812375,-0.45913716644561614,-1.750199727474665,-0.1953710322680552,-0.14022491167759316,-0.9892575269817394,-0.04131004060739293,-0.14197267016965573,-1.4279020270887148,-0.12469631283990568,-0.16314870762052341,-1.66618441138224,-0.16103825727971655,-0.17312095489411244,-1.8536629878816426,-0.16635398047273806,0.004784144045470826,-0.8985587212345604,-0.06053320324820892,-0.04762266337201688,-1.0123894479396645,-0.20357377307803445,-0.11127641549745147,-0.7700560003621463,-0.21977046392876717,-0.11489129026576651,-0.616662947972048,-0.18379209811689812,0.11547305703996456,-0.7532814519094952,-0.09223028710946139,0.010679926950559502,-0.8037747109607709,-0.2056463342817363,-0.04619036996173776,-0.6295636944723748,-0.20940917719555452,-0.0358969218776056,-0.5162661174119818,-0.18249039495963,V
0.0,0.0,0.0,-0.24241713767861847,-0.17265063110168988,-0.14590505760727168,-0.36394935944680434,-0.5108321539840839,-0.2010542430174624,-0.1988357314614167,-0.7942980472930502,-0.2510813785963892,-0.005761053389718958,-0.9698982802197605,-0.2899512787989176,-0.30774001925328826,-0.9850138565533216,-0.061399557225537346,-0.388566048027581,-1.3810947161395513,-0.15385120780040012,-0.4313801264414104,-1.6256084871807042,-0.21101872123962687,-0.4678911773673343,-1.8311034050025081,-0.24335369608373467,-0.12232080345776165,-0.990777097843091,-0.05829548379651565,-0.11897394149502778,-1.4537036174390334,-0.15276539402853787,-0.13859846727520814,-1.7334505494981314,-0.20503924900648868,-0.14844495517322878,-1.9535359476414127,-0.2212907361626185,0.03567246009234019,-0.8835646819044393,-0.07830854741644079,0.003322482505029976,-1.0420508480801698,-0.23388221816130825,-0.07681185729620242,-0.7992730194503938,-0.2524709100114015,-0.10165233679641478,-0.6233933604315388,-0.21301848142046773,0.16375150392547036,-0.717419302766737,-0.11105377305481091,0.08717156403460492,-0.8329032311243082,-0.2323494769671075,0.0014727692910349245,-0.6389262005604165,-0.22552565112793152,-0.023713398417132575,-0.4831739717761721,-0.18598234654562074,V
0.0,0.0,0.0,-0.25122425205739346,-0.17120181164701126,-0.13712215457415033,-0.37575375591274324,-0.507689627301467,-0.1848637985303575,-0.23148688903888687,-0.7979981981001022,-0.22875463201287022,-0.05230952381725542,-0.9900176259626577,-0.26264455562513256,-0.3357373239596717,-0.965139584352985,-0.05061050074390426,-0.41876299460322175,-1.3532647662798727,-0.1370266848288858,-0.46069987668436024,-1.5890979371875427,-0.19059531955453052,-0.4944363103732497,-1.7912813789392434,-0.22275186320128312,-0.15742921511179686,-0.9861944140629665,-0.05134802722876226,-0.17033792495288905,-1.4468706009842338,-0.13950599620978427,-0.19113532590392734,-1.7147473351101723,-0.18767476659455698,-0.20165452830771252,-1.9275251547805399,-0.20402786928201516,-0.005779986331167316,-0.8880771008751877,-0.07482571758833864,-0.033988176904690304,-1.0585764320806166,-0.22548548418898418,-0.10190988632720321,-0.8069671424070859,-0.24264705926639638,-0.12121641152092637,-0.6320065550159962,-0.2066999758515516,0.1209157094614001,-0.7269819738906366,-0.11046997673571342,0.04366686651393829,-0.8279581676884704,-0.23518440880420738,-0.034685919393654105,-0.6350713786332057,-0.2355680052930897,-0.0561210487671541,-0.4904633791708112,-0.20341578502810154,V
0.0,0.0,0.0,-0.2545354685726155,-0.1673126881196644,-0.13868410651037508,-0.38176244547934934,-0.5012922421411925,-0.18634248914401028,-0.22636217846278112,-0.7828150604862855,-0.2299203290885195,-0.04541465575201238,-0.9592183010549719,-0.26360539206410144,-0.342398438109605,-0.9644587722579055,-0.060813581060808405,-0.43057686313728016,-1.364645541469504,-0.1500305115756441,-0.47754063067390934,-1.6105687769216739,-0.20320102950091232,-0.5145214911014154,-1.8205280982708272,-0.23425208469138079,-0.15772111812661235,-0.9856148345040329,-0.060724351807813465,-0.17516130025451657,-1.4488171515881767,-0.156273193902068,-0.19674117297605032,-1.7241928955554242,-0.20766599214921017,-0.20637979620405758,-1.9485672405217527,-0.22378079316909139,0.0019576796627842046,-0.8926184233055923,-0.08274141887495158,-0.021093766413933124,-1.0404573680091826,-0.2403694401466201,-0.08446353899188067,-0.7743014072066791,-0.2577549477409496,-0.10452412240165652,-0.5900744065638562,-0.2175019821594019,0.13379421679108056,-0.7377579430477708,-0.11689221464585986,0.0680558771465146,-0.8266090305188196,-0.2438362404863193,-0.008324446257356937,-0.6264266755356579,-0.24241973515567175,-0.03452879043688261,-0.478140725099993,-0.20641690686758457,V
0.0,0.0,0.0,-0.25020009935453424,-0.16763567278902253,-0.13346641084597666,-0.3855046072013537,-0.4819695035124244,-0.17841420956799509,-0.2566144628399279,-0.758351941517171,-0.21903534587967508,-0.08382773987957991,-0.9360257248749835,-0.2486176360620257,-0.3666629173743611,-0.9487795567399392,-0.04877938889473819,-0.4517254980484368,-1.322937555407809,-0.12502718119030415,-0.4949882536029661,-1.543715019591236,-0.17069894981640757,-0.5303282211025848,-1.7369840065769782,-0.19760066446893967,-0.19386226763813533,-0.9799603699946383,-0.04577220145646947,-0.21383078837559394,-1.4178819572769354,-0.1231578016698773,-0.22910536667442644,-1.6621866976604542,-0.1603904857108903,-0.23734289986417467,-1.860879390140818,-0.1705284628683705,-0.046448273423638484,-0.895834597111274,-0.06495940105306865,-0.06350269367965031,-1.0273070752043474,-0.20346437871032158,-0.11306901748036785,-0.78109312858994,-0.21940005332297424,-0.12795178915117236,-0.6177004801850121,-0.1859173374431221,0.07319480123885479,-0.7520551819169674,-0.09638372011544172,0.016694180986640106,-0.8031404527400874,-0.20783982352172076,-0.03947652941922557,-0.6226283924583847,-0.20974270467523135,-0.04977986769751006,-0.4992746057342361,-0.18214641141853963,V
0.0,0.0,0.0,-0.25136418652727577,-0.16841397658576024,-0.14883512216345904,-0.3772107696667416,-0.4858103606484422,-0.19889975676342886,-0.23690232496119054,-0.7571271848844948,-0.24276678582259908,-0.057299882650846345,-0.9329695431876568,-0.2752890995459901,-0.34578705275544813,-0.9604518114156395,-0.05714852648894666,-0.43029762974532626,-1.337838268255605,-0.1384931366376021,-0.4748717050516737,-1.5650733828538959,-0.18791755393083773,-0.509262548064432,-1.7613910245499134,-0.21707695257421666,-0.1701288978798672,-0.9840989264313641,-0.05104371756463693,-0.19421475770340918,-1.4382739254768915,-0.1324754961107567,-0.21400558657939647,-1.6954963487515369,-0.1740564628544287,-0.22365828776820576,-1.896861290530008,-0.18699986838317847,-0.01893762635611246,-0.8893606433751419,-0.06913944219441705,-0.034038837832654704,-1.0236175008177286,-0.2141025915992584,-0.09279594622909132,-0.7824087899031738,-0.2348714294912695,-0.11418562300646325,-0.6170439477941713,-0.20397158050426328,0.10410837076709886,-0.7362831792196491,-0.10098352102651807,0.04317394000663421,-0.7850945641940181,-0.21882008396088234,-0.020319152062970768,-0.6041654787048962,-0.22385772440297688,-0.03741285164230386,-0.47568768838583864,-0.19816860084245758,V
0.0,0.0,0.0,-0.25389363372952295,-0.17897637271782135,-0.14101527977563366,-0.3711287136001689,-0.5041635287870068,-0.1809331129415136,-0.2228790754070798,-0.7752262226385697,-0.21599382301357803,-0.05119681242974698,-0.9532733444901761,-0.2408526926934934,-0.34720073541299784,-0.9636068982403979,-0.03358887862549827,-0.4287484437818394,-1.3458736516348198,-0.10703068559639242,-0.46965308485288104,-1.5797601343614405,-0.1551526936893269,-0.4998677894885523,-1.7779592455862565,-0.1851507198141946,-0.1717347630262715,-0.9845556530622067,-0.03401965889837998,-0.20250535053305838,-1.4472879961696985,-0.11327820107084151,-0.21648055473672193,-1.7210881043376884,-0.1579729017410196,-0.22059532327824652,-1.930714623273555,-0.17270845913507524,-0.01804673741076803,-0.8811308654767932,-0.05927334052720748,-0.03471488530116937,-1.0399481458736073,-0.21138665419687877,-0.09156657064924846,-0.7771816950496274,-0.22871502880566139,-0.1099298524727351,-0.5984956167200554,-0.1919474880984319,0.10964141102738956,-0.7158461966983665,-0.0972120955614958,0.06021323259924206,-0.8296168909866931,-0.22368685592004636,-0.01783859015791697,-0.6411519064827457,-0.22057354511351596,-0.05104919464508406,-0.501169790702232,-0.18679900903449526,V
0.0,0.0,0.0,-0.24834928479818072,-0.16018141060996513,-0.13787386333972673,-0.3559173295951221,-0.48511273212347134,-0.1809921011049087,-0.19069205068911138,-0.729725410632398,-0.22041109667874909,-0.015226552729899864,-0.8815221722622947,-0.2525340029865096,-0.3229289281221508,-0.9729943571025976,-0.056834883167466425,-0.39480853149558554,-1.370131940292823,-0.13518338301771324,-0.43175015867163463,-1.6112997727679796,-0.1886047093766012,-0.4599282886910438,-1.8178899278095275,-0.2234099904631784,-0.13908821308768166,-0.9884928630878786,-0.059467037965615414,-0.14001474053693966,-1.459741952726626,-0.13913773858438816,-0.15161598345435423,-1.7423240216391636,-0.19224253611276265,-0.1622212172237371,-1.9669725016316724,-0.2171595653939993,0.017236491645103966,-0.8824597036004987,-0.08316468897811628,0.008511665298188743,-1.0824953135921207,-0.23049162179362023,-0.047243153610520804,-0.8599790728805309,-0.2642781589116111,-0.0727768919177789,-0.6857318626260615,-0.24567565235266425,0.13936236712085198,-0.7189988196877816,-0.11828043693138578,0.07321767626927525,-0.8079401100704914,-0.24776061421071843,0.003442645255980746,-0.6313012831528031,-0.2586063812025811,-0.02300913178620556,-0.4782026042621744,-0.23745179769981997,V
0.0,0.0,0.0,-0.24758094750542883,-0.15587251191957094,-0.1673486796374578,-0.3558292227354108,-0.45474770599682307,-0.2269685034992814,-0.177393750652281,-0.7010979701565976,-0.2764025042910245,0.013587107150336683,-0.853517308422073,-0.315661995823731,-0.3129468605116955,-0.9767454341092856,-0.08503585262192809,-0.3934582492555799,-1.3887731619635557,-0.17512159194464041,-0.434367693511163,-1.6329398302055864,-0.2341316348160569,-0.46345356711461994,-1.8351981165909526,-0.2726844233727874,-0.11976684903505508,-0.9900006424590034,-0.07452938885416101,-0.11673762423956255,-1.464549158640016,-0.16682159987102085,-0.12603500421588432,-1.7513314384095613,-0.22328352332812756,-0.13365636007306506,-1.9792162664657618,-0.2489795482073433,0.03990045893690475,-0.8793448044448444,-0.08788939429068919,0.04317082895472195,-1.0764294886275942,-0.24674518700674122,-0.022496839699373064,-0.8501879485783645,-0.2816796020363874,-0.049316790924776435,-0.6808890929900067,-0.2623094054267071,0.1660258926111608,-0.7069237016432425,-0.11519377312648077,0.10085315507869184,-0.7702142747858735,-0.26336923705822446,0.028318681746948147,-0.5882932170564001,-0.2861756720560508,0.0045875933827735065,-0.44521987675561847,-0.26990699924207107,V
0.0,0.0,0.0,-0.23893594602400917,-0.16368167409253895,-0.12739861057292018,-0.3510228600506206,-0.4874592534811313,-0.17285502662360908,-0.19007168249347955,-0.7298187884318764,-0.21851360113188195,-0.015368026963935244,-0.8804841999144976,-0.2569357582871516,-0.2924171798349809,-0.9854336372456384,-0.04678285260778985,-0.36702335725804924,-1.3781585977927626,-0.13028913864164265,-0.4059071528503697,-1.617404216747257,-0.1873576255542662,-0.43244996656211476,-1.8223761357133132,-0.22402666206548502,-0.11308436709836588,-0.991972704595116,-0.05658691771260004,-0.10974296180504828,-1.4587260572489948,-0.1440570651059741,-0.11641639783273842,-1.7434270376162968,-0.20275627607742197,-0.11813881679624413,-1.9715147440290823,-0.23053416839984758,0.04417948394038489,-0.8838943519734123,-0.08695705623889781,0.024641965642985066,-1.0828134307139414,-0.2394905438946335,-0.04773931645712239,-0.8614432207558878,-0.2758858432846566,-0.08167615729413458,-0.68061954066171,-0.25807679835341446,0.17156661562122902,-0.7161694306078689,-0.12838780231460425,0.09584580313959297,-0.7967009542548116,-0.26278907664979806,0.012170677393073401,-0.6100147374816914,-0.2768802496247538,-0.020787147004776338,-0.4439369261227951,-0.25674154867433974,V
0.0,0.0,0.0,-0.24536313296753826,-0.158085822693601,-0.13320768787647322,-0.3591028596653008,-0.48696294327602235,-0.18482980880547303,-0.2069408377267189,-0.7297727839483293,-0.234516289682251,-0.04262034062039917,-0.8836980912813887,-0.2758070511906828,-0.28312677637423744,-0.9773836523060963,-0.06793937836879997,-0.359789346263541,-1.364412286387553,-0.15811495413640364,-0.40129786006993384,-1.6057731555748274,-0.21641632382864537,-0.4328387135699431,-1.8127765433332765,-0.25341793192690515,-0.09694066467595297,-0.9923540641502702,-0.07639318619239449,-0.10017825431831386,-1.459189032715796,-0.17054949973324865,-0.11185571974204558,-1.738018621910161,-0.22759606692176806,-0.11920441021988115,-1.963064879071377,-0.2523135915698216,0.06404779224009309,-0.8870589044862582,-0.10440257729549864,0.02990892317216541,-1.05379570931832,-0.2576125956953945,-0.05358755043383322,-0.8093877153353035,-0.28074310875714054,-0.09575252682323572,-0.6167623906205422,-0.25164395438637877,0.19532404583376556,-0.7186135455374832,-0.14499684420061337,0.118220810970922,-0.7820821244837536,-0.2755404512273172,0.02015143097239558,-0.5919153287661522,-0.27946374559252163,-0.028359558886205612,-0.42551879610670346,-0.25050894496686243,V
0.0,0.0,0.0,-0.23818539552430304,-0.14209784165367143,-0.12033715940774323,-0.3835490312943488,-0.4510146287201727,-0.17898167243135288,-0.2523330375505098,-0.6963124322716712,-0.23949376206923706,-0.07938635032550977,-0.8485653222524762,-0.29103072918439477,-0.28086077349504446,-0.982927164936355,-0.06697175476564692,-0.3677884830726773,-1.363044586431283,-0.16141332647366402,-0.4213072769070871,-1.6059617726716047,-0.2251966534763964,-0.46053213899118184,-1.8182715533725475,-0.2665968391089431,-0.09573453693046359,-0.9920405188509295,-0.0817955218620701,-0.10444311461689113,-1.4486129173437912,-0.17844195787982955,-0.12002792920811903,-1.7327562214914427,-0.23932279370258194,-0.12351501752579275,-1.9728502020179888,-0.2680214011588167,0.06286088041083153,-0.8859603230417931,-0.11463675134275128,0.007368105108528776,-1.0522793419186343,-0.2664088242701991,-0.07733798425213802,-0.7948243044091985,-0.2854764074481055,-0.11571486183377475,-0.5911136940374582,-0.2529228759259063,0.19551559639897254,-0.7193456253581737,-0.15860619868242676,0.10281998053817303,-0.7944694278538935,-0.28241371817247196,0.007502927205959055,-0.5932193982442198,-0.27887527735763046,-0.036265594529464186,-0.4199441790116885,-0.24452427283762232,V
0.0,0.0,0.0,-0.23305278638603927,-0.1451636096682176,-0.124789555009306,-0.3668360155996634,-0.4663741772588669,-0.18375468706090348,-0.22938699817197122,-0.7094886841850254,-0.24442865518428722,-0.05325708432882076,-0.8632969792420505,-0.2965180347034362,-0.2619612286317658,-0.9806925592846832,-0.06517373745457046,-0.3494951443062118,-1.3755664425420093,-0.16825347509943298,-0.40111562242219,-1.6222714914195766,-0.23472566503367032,-0.4362627199695567,-1.8326890301296355,-0.27443900030814883,-0.07914734963746611,-0.993637691939006,-0.08012386787649366,-0.08028159453116025,-1.4677992406104787,-0.18840783190848956,-0.09257233140940382,-1.7679010728209024,-0.2549421616866854,-0.0914269846081042,-2.010206065650827,-0.28222827986112436,0.08008638598909706,-0.892401246802485,-0.114030177874322,0.018291934711655182,-1.043984842929899,-0.2712981819854883,-0.07223733731201626,-0.7803993435381857,-0.28943301314003866,-0.10699185907099992,-0.5767289891753629,-0.25274036044151066,0.2140330599535798,-0.7310559900266222,-0.1601730113986277,0.10470856674013766,-0.7981503686403957,-0.2837996816409298,0.002195093842663097,-0.5910411983967726,-0.27813497183351926,-0.03759568494702174,-0.41611368282456107,-0.24069976341900326,V
0.0,0.0,0.0,-0.24606832455021171,-0.15627046454256094,-0.12896095823404669,-0.37837659509579363,-0.4796147087515651,-0.1891572986010102,-0.234882784712316,-0.7257341608622331,-0.2500805800934596,-0.06927846041296261,-0.8964235214455212,-0.30165423621465365,-0.2666123639330716,-0.9845532677939478,-0.08055538693932221,-0.3557618895144545,-1.3808420648985116,-0.18546662407974507,-0.40529679566278537,-1.6309556266718122,-0.25143524869737144,-0.4383344396381061,-1.843093422922831,-0.28993557221002725,-0.08056995133999666,-0.9922766093963674,-0.09431655944699967,-0.07878941864723914,-1.4565105463764525,-0.20339297471687934,-0.09056200143832564,-1.756470091623752,-0.26824899739954633,-0.09200743301194804,-2.002028988553514,-0.29459936436539846,0.07771142791472722,-0.8811754965328163,-0.12679732495980547,0.017598660704285167,-1.0247105785614816,-0.29075759789307115,-0.08079047744413338,-0.7570217638826587,-0.31260105885480155,-0.12214281793799459,-0.548228202881244,-0.2765046546756473,0.20585988622222173,-0.7074212542983207,-0.1710713283361261,0.10764846254599157,-0.7685531847470147,-0.2977734118281073,-0.002682656937193927,-0.5820075044805328,-0.29400188800190374,-0.05493132775528552,-0.421127551565751,-0.2575174071590452,V
0.0,0.0,0.0,-0.2331957268670455,-0.15809282334069488,-0.14167682233622977,-0.3699107739819803,-0.479389528833472,-0.21093933816040347,-0.24562618407277334,-0.7392033502580018,-0.2783346159136241,-0.0752565162896495,-0.9201029856326253,-0.33628276726541334,-0.24847301573082037,-0.990784838898179,-0.08697543831116267,-0.3386621288300131,-1.4143333182829376,-0.2001401969844342,-0.3845252175276993,-1.6673304172255479,-0.2681659466341771,-0.40996686311748,-1.8748968536435797,-0.3053769408412961,-0.05731691841642441,-0.993890814039027,-0.0943176581138718,-0.043966033515157786,-1.4886921990146922,-0.20511707879373275,-0.05054671687298377,-1.790937487426709,-0.26451555552746586,-0.042236953264854604,-2.0228340624480503,-0.2837385185688664,0.10484508204637256,-0.8835219169351672,-0.12253394399764665,0.025288969489672665,-1.0581986742908682,-0.2887893772564254,-0.07652663157643776,-0.8007371263596185,-0.3122420380742594,-0.10608366300573566,-0.5930170771782878,-0.2766600377527383,0.23560701014134877,-0.7086693791206506,-0.1632055867169727,0.10093763543522336,-0.7925300834814188,-0.298315476073135,0.003794422586120373,-0.5927360782210337,-0.2998437396380839,-0.022049051512533592,-0.41481034847734877,-0.2647850608468156,V
0.0,0.0,0.0,-0.2350618681997253,-0.13284196500821185,-0.1401570458272658,-0.3663899126510303,-0.46013736938339134,-0.20253022447722077,-0.2208367157868685,-0.7138197878641751,-0.26151203452190364,-0.03797099794929502,-0.8502596761929478,-0.31139598910225114,-0.25825076263642566,-0.9936500836513995,-0.09527721400796713,-0.32574529320627127,-1.4290093743790568,-0.2067180067327686,-0.3630805534137724,-1.6985371957692899,-0.2764502700995485,-0.39093803679864936,-1.9182657742329305,-0.317618052063814,-0.06373839342336726,-0.9928122549700227,-0.1012977965463553,-0.04198943696505767,-1.4852764881850087,-0.21103742032931255,-0.03911820832264816,-1.7961769047817626,-0.2719891366285744,-0.03298662189108874,-2.040231019115669,-0.2933218810319368,0.09816078977111209,-0.8757935941789758,-0.12672749637896233,0.07037568761023785,-1.0597917899283797,-0.2943980112818293,-0.029927394228813704,-0.804378307218681,-0.3169823743728143,-0.07409179089388286,-0.595853125201234,-0.2787745160740656,0.22963647910854657,-0.6975708436173657,-0.16394229469319777,0.15381682669477534,-0.7909509496243676,-0.3101384053690664,0.060993351516608535,-0.5972408590224901,-0.3150978603476589,0.022560202654765056,-0.42345321992101226,-0.27824829096405235,V
0.0,0.0,0.0,-0.20534153592368087,-0.17979432003468498,-0.14899597320916105,-0.2956073643036598,-0.5084877545256421,-0.2131258138208183,-0.13915744370690608,-0.7231486627749873,-0.27485719360328587,0.03566797455571961,-0.8632601086538696,-0.3279557233025027,-0.17661083960985755,-1.0200042284427522,-0.09438651230739978,-0.23846024383385495,-1.4535027540971968,-0.20041340160671434,-0.26866331516703557,-1.7234878204263695,-0.2676681605318752,-0.28308290629999594,-1.939301008844886,-0.30768859761489664,0.009185450401747465,-0.9948241486289336,-0.10119555724257064,0.04927376781920282,-1.5082786597241924,-0.20761476959217,0.07204754340740084,-1.8207914451055554,-0.26820907715849696,0.09168809759942677,-2.049842677797394,-0.29055329511115635,0.16387415979312162,-0.8565964969521515,-0.1292121405629216,0.11882123100849216,-1.0481192516555475,-0.30013759993848266,0.009844640466611135,-0.797923677859416,-0.3310744645821872,-0.03883858376589141,-0.5988347941409482,-0.2993569760924929,0.28473517186704034,-0.6666654824611691,-0.16941191273942627,0.21709418073424422,-0.7988203724804253,-0.31453108472386027,0.1255620699981441,-0.6220366908451921,-0.31892411456163927,0.08492887116026679,-0.46051183418421593,-0.2848302780661481,V
0.0,0.0,0.0,-0.19285025932211852,-0.16774655742708855,-0.1362198359950734,-0.2957401576752109,-0.49897909884241665,-0.2021605861337075,-0.16138074319605586,-0.7373895900314651,-0.2678182731184221,0.02104779824197683,-0.8702562365158705,-0.326627416355737,-0.167800644337449,-1.0078800726160708,-0.09285283218465999,-0.23739236656391097,-1.4526170685427318,-0.20487989390427697,-0.28895347967293583,-1.723040864425359,-0.2781217719210915,-0.3120280004934765,-1.9416023814480905,-0.3205465955820653,0.0188274691092818,-0.9945639367477238,-0.10241143553240947,0.0553176948831514,-1.5349290486876037,-0.20636255901733283,0.06911569595289177,-1.8583082321809912,-0.2692471586331082,0.09082175647891465,-2.09123658476822,-0.29373950173667035,0.17780487888219004,-0.8628076084856612,-0.12943638476870056,0.13476276146692834,-1.0907661115595415,-0.29576781849618583,0.015328722095339527,-0.8605964987126867,-0.330409581853088,-0.03981534151307516,-0.6617813136513834,-0.30376013905891414,0.30499946795453287,-0.6725685791483883,-0.16662408391592762,0.2180762713894409,-0.813818696738665,-0.3107740166573021,0.11480622810387192,-0.6290716399869136,-0.31332080715910104,0.06974537822180417,-0.44958054021183813,-0.27724441539468686,V
0.0,0.0,0.0,-0.19470632327283313,-0.17763899958895757,-0.13134964545444672,-0.30850920035670854,-0.4906657183877692,-0.20326589441693527,-0.1894745070345793,-0.7076941049433981,-0.27597714132388224,-0.0171400612706056,-0.8537361907460742,-0.34057996575010013,-0.16888874137764592,-0.998786400366068,-0.08267297279585116,-0.25138550807754023,-1.3992833734616714,-0.19882559537246175,-0.30945802176583126,-1.6563623977724267,-0.2758995178285486,-0.3404082322810041,-1.8643557474438495,-0.32020591055393705,0.014148415759016738,-0.9953223279022833,-0.0955682264703589,0.030909653800147603,-1.4800517775451647,-0.21096382710265354,0.03318773623868398,-1.788092959288267,-0.2801478704635957,0.045209863351269614,-2.0164252076556,-0.3058375186992944,0.17164116104843383,-0.8783100333804879,-0.12642147190463582,0.08603827897823818,-1.0325372283872762,-0.29368957025612774,-0.012344229718872918,-0.7734362461100461,-0.32658088246080946,-0.04578353514640901,-0.563801525037059,-0.2969416200018256,0.29989398425086133,-0.7012370644664475,-0.1679817727619203,0.18671400540971028,-0.8143623799090863,-0.3034519279034017,0.0904069425206291,-0.6163556804787659,-0.30240731697034035,0.052011488961314974,-0.43649252712668585,-0.26387369873239414,V
0.0,0.0,0.0,-0.20749222317118587,-0.15844481737133442,-0.11830023952378871,-0.3459990364857198,-0.47567117162520106,-0.19526669098218322,-0.24527287801618222,-0.7036729511959017,-0.277133073519355,-0.07528322581781383,-0.8480817899082197,-0.34899718120573764,-0.19972111421081323,-0.998739678307664,-0.07836737370824297,-0.28629721577314404,-1.3869952717960652,-0.19817300126320936,-0.34415085275486074,-1.6433218385936377,-0.2748141537347756,-0.38105690769706485,-1.8449372903303793,-0.31919496455462515,-0.01613525064607038,-0.994545778740607,-0.10304536707600177,-0.016433944074538097,-1.4530898285389076,-0.2305529001120593,-0.020091995178085374,-1.7585710579116658,-0.3056333322501226,-0.011645705542672987,-1.9979127378482748,-0.3339760077010269,0.1481252351794435,-0.8836654950803706,-0.14441796279292876,0.02594525430183391,-1.0212702774629672,-0.31246968172262046,-0.07516189068360633,-0.7432253021931359,-0.33206080662779913,-0.10411251176060107,-0.5200333866746316,-0.2922462643387637,0.2878172431183056,-0.7114395608869436,-0.19693276315844077,0.14494773506795483,-0.8295076450094906,-0.3225263469341085,0.04887120860735398,-0.6302765157425584,-0.30954370528048775,0.01597008392031904,-0.44843404647458623,-0.2625506876276739,V
0.0,0.0,0.0,-0.20357568726983863,-0.143734322726697,-0.1271042545542523,-0.35306133193670214,-0.45162533149892725,-0.2159161391617986,-0.2685040840785449,-0.683117681603506,-0.30768862071946573,-0.09997246474721105,-0.8258994841161729,-0.3888565821609869,-0.18567469200311848,-0.9838611228812962,-0.09317879834160116,-0.2730233617521355,-1.3315539128098972,-0.229047888934168,-0.34057592425632577,-1.5585002547987021,-0.3170912446891839,-0.38684234829569836,-1.7510388661183496,-0.3684060755051662,0.0040207167405254,-0.9926448989281242,-0.12099561342820006,-0.005050678864195301,-1.4585736136666625,-0.2718705346411965,-0.016708053818423847,-1.7726150680672024,-0.36053392209582785,-0.010554706027819974,-2.028538736836582,-0.3927135176636204,0.17601553216113222,-0.882392364353354,-0.16480550983092407,0.03444484779744636,-1.0187997965049067,-0.3585412058174061,-0.0776919538331732,-0.7308093728200941,-0.38029291221236566,-0.11125362782088215,-0.5048378518713694,-0.33346820379482117,0.32347164891205293,-0.7001637609565111,-0.2189951424242051,0.15197142304452982,-0.8151532353769363,-0.3594687521611679,0.05279017938594549,-0.6034646297863795,-0.34155717927661233,0.021726350661231335,-0.4163234293523912,-0.2852857798460931,V
0.0,0.0,0.0,-0.21210088918251974,-0.14220788663954886,-0.10960437738732302,-0.36918899526776494,-0.44735052187371416,-0.18750076204142738,-0.29501570461520654,-0.6868262170471094,-0.2733935664129315,-0.14076398195813025,-0.843769917928988,-0.3477671824470991,-0.17803746993529615,-0.9925485360262182,-0.0601275583980821,-0.26440504325093034,-1.3293165002066831,-0.18652475600556032,-0.33485621611058797,-1.5620246013186239,-0.27075935026947595,-0.38651143087733847,-1.7420413066535336,-0.3189590442986228,-0.00034008898915340236,-0.9955624789136288,-0.09410225777753571,-0.0030547594601989534,-1.4420895964236562,-0.23315266202076623,-0.017552305116973563,-1.7487853243552551,-0.31915406499929205,-0.02325969975166972,-1.9854300881336697,-0.3506136963423409,0.16018633445870253,-0.8870063093394601,-0.1446242784975095,0.0033823235082440202,-1.0178524535190168,-0.31474447529179195,-0.10608713530109487,-0.7496480798970588,-0.3304870000947352,-0.14164824280037877,-0.5360937081369789,-0.285801215131594,0.2978834740722705,-0.7106392244912709,-0.2070051160681972,0.10685955578685837,-0.8086821058513508,-0.3232589302572387,-0.003258989676388995,-0.6212126185002361,-0.30466186086151953,-0.04411652638976729,-0.45650522235816937,-0.2543039905461891,V
0.0,0.0,0.0,-0.19748303220084978,-0.07058672826429482,-0.12370290189782292,-0.381479870553493,-0.35334713006646085,-0.22122207218070108,-0.3268022832716022,-0.596547965306271,-0.32538866964070406,-0.183854701596554,-0.7864181205471763,-0.41913783408229793,-0.18571281664433795,-0.9974588995314003,-0.10980987187013122,-0.31561757423875314,-1.3851572531637948,-0.25543887152475375,-0.4071181109711601,-1.6587617866072437,-0.34768213337736703,-0.4704054707341117,-1.878913208618702,-0.40237441889198977,0.009311734233292132,-0.9889872258304034,-0.14770768006387144,-0.0014266976892451024,-1.4655578783598833,-0.30675593401914186,-0.01851541222814829,-1.8082728560327916,-0.40738356853108587,-0.014459346070294444,-2.0836259946142195,-0.44869226516830385,0.18256771787778292,-0.8654422804757739,-0.20070505542671122,0.01753289190168186,-1.0087193609944833,-0.4034179126564376,-0.11522122309519826,-0.6907503925567003,-0.42030670700233014,-0.15734538899071765,-0.4475947826483731,-0.36670443273596626,0.3289401492984162,-0.6733518844971392,-0.2637844594243619,0.1233464384532278,-0.7920477052025537,-0.4111242283816066,0.003848029633032415,-0.5695607178580848,-0.3914180574033692,-0.029477871060566985,-0.37980201075547665,-0.33193035232066737,V
0.0,0.0,0.0,-0.19408501382441581,-0.15862514366639194,-0.110334025423508,-0.34423682878000483,-0.4544189325756169,-0.1860970938408862,-0.3073594087507423,-0.6748373758646935,-0.26798816277109494,-0.18699512358541273,-0.8402579670209579,-0.3390084710571408,-0.12999540329976195,-0.979583480332071,-0.062271161738052826,-0.24221163121588277,-1.3170314269961538,-0.1728250476743055,-0.3199173991374391,-1.529204331505408,-0.24860917702632676,-0.36612856867882976,-1.7025969993439019,-0.2938386804365878,0.047659476762332426,-0.9952630205812185,-0.08473543614267788,-0.012655471917310574,-1.434305561913579,-0.21543514528519334,-0.05114469125143592,-1.725083405124575,-0.302286300712981,-0.08470659743566487,-1.959436997349239,-0.33744209414922943,0.1957022366990639,-0.8985693348415144,-0.11945466789259412,-0.011691361025222688,-0.9867985408526967,-0.2735137813036164,-0.10536169206069329,-0.7073080027179226,-0.2962624273878202,-0.13795320742992512,-0.5011461262369696,-0.2626030218322874,0.31462770589057587,-0.7389690904179433,-0.16537702342257535,0.09390211728102955,-0.8022210448618179,-0.268547147272777,0.00647088965588166,-0.6116256700176462,-0.25392459654828975,-0.029524343930154313,-0.4550968787987727,-0.2102087864881249,V
0.0,0.0,0.0,-0.21403613443931369,-0.15850479140137022,-0.10795881394732927,-0.3871254070059297,-0.4379795688735671,-0.18946783015981253,-0.364777965011614,-0.6523766411449875,-0.27854147049801875,-0.2384445382779804,-0.8007544312623095,-0.3575467193060103,-0.1632832262092654,-0.9730556448571235,-0.0655429811533515,-0.2907099738921767,-1.2813740629994177,-0.17813236944034674,-0.37348686952770244,-1.4849151623803194,-0.2579143339470615,-0.4185252926438683,-1.6524391693110905,-0.3060614279587911,0.012517242141205918,-0.9957836749851804,-0.09087459096021834,-0.04930983920376131,-1.397632616332506,-0.2126465208513979,-0.07683240647021954,-1.68420006101135,-0.2956798597462759,-0.09531119533023392,-1.9154857487750945,-0.3316812592471848,0.16519176175552067,-0.9090024845499037,-0.12964144632267305,-0.06362781315308856,-0.9810997141679098,-0.27370677987867326,-0.16245272804434976,-0.7078901078668607,-0.2962095308976266,-0.1971379667170281,-0.49452822440238237,-0.2662848166016661,0.28780814289038065,-0.7453250241640953,-0.18061284475553116,0.04005836802587455,-0.776201379369944,-0.2811206067026599,-0.0566815679857045,-0.572187035224677,-0.26974669825760017,-0.09292027217093612,-0.39636459674529484,-0.22964785265726484,V
0.0,0.0,0.0,-0.2323434818384951,-0.11313890105091937,-0.13742423291782774,-0.41525106496834885,-0.3651997773151669,-0.2402436561160805,-0.4296354845445982,-0.5760729566436054,-0.3474086511677292,-0.3194544302594508,-0.7518936173312994,-0.4416436102038413,-0.1910579968669765,-0.9782884383733645,-0.11294006156687168,-0.3339072346351598,-1.3632210542383747,-0.2618770314988987,-0.4315495164235035,-1.6190381196829333,-0.35731976930179815,-0.4943714611866407,-1.8247280133645947,-0.4114724742841378,0.0005090620902232285,-0.9905011765005403,-0.13750330980319642,-0.06514628543880063,-1.420045035808946,-0.2993680511075639,-0.0954350343035032,-1.740158068860153,-0.4009872505372325,-0.09952906369830022,-2.001240392610124,-0.44294592854273723,0.1573949296402269,-0.8962020278236758,-0.1801974214052791,-0.08990663188377439,-0.9849249566966073,-0.37639615832718637,-0.20575434319950178,-0.6756605298120187,-0.3924382224723146,-0.24052047728919718,-0.43624066911607984,-0.3404671485189917,0.27030291133575035,-0.7330161456541767,-0.23613973282928782,0.005684031670182117,-0.7626751009586001,-0.37569604945193624,-0.09999669395562605,-0.5411689391960417,-0.3638058559163489,-0.13032524114010102,-0.35735802330807015,-0.3112494645101045,V
0.0,0.0,0.0,-0.2351093259098562,-0.1659697728441921,-0.1286006750932467,-0.41291943167533685,-0.3899766702548392,-0.22977745730056473,-0.451759269143876,-0.5803806633636305,-0.33664689236316464,-0.36064850111433716,-0.7426091167524822,-0.43115665341124304,-0.20189310125260368,-0.9754755760776227,-0.11514950014245257,-0.3643412778707401,-1.3490626800207353,-0.25834558003897984,-0.46766562439542336,-1.5789747517460637,-0.3498652562528635,-0.5325154847776645,-1.7677982333562121,-0.3990248144801122,-0.022437668059513506,-0.9907242158448504,-0.13402268162761596,-0.10470701709484653,-1.4006777647876738,-0.27842480695667826,-0.14553177314019544,-1.6981634893631559,-0.3675137127148522,-0.1628539686520502,-1.9301369292225365,-0.4050233001882576,0.116201388070498,-0.8983659489260697,-0.16867016283383635,-0.14843325543046645,-0.9455397576030604,-0.325301231010863,-0.2528627273935849,-0.6741227780649596,-0.33752183815642417,-0.2843214432077091,-0.4610290549506741,-0.2969142085483341,0.2006375696200284,-0.73929574862301,-0.2178472753751801,-0.06779676922101864,-0.7430434388747872,-0.31967889928364246,-0.1675750750507091,-0.5445898059724334,-0.3004588296636861,-0.20399754151039212,-0.374281797745881,-0.25175933642369247,V
0.0,0.0,0.0,-0.2275905519133501,-0.18011379981889294,-0.13372083262381065,-0.4051933391156032,-0.4046619958383196,-0.23566878277244177,-0.44773139177483273,-0.5775242566924922,-0.3435648515810674,-0.36610735523281834,-0.7337753567774379,-0.44060100196351487,-0.1842925919162582,-0.973960074383129,-0.11835982482950935,-0.3535411864766145,-1.338691656184102,-0.25885283943446413,-0.4587855264765187,-1.5520972046229862,-0.35115301878979405,-0.5238587186889179,-1.7321942461808184,-0.40361209499906553,-0.009873541810369776,-0.9905329305556456,-0.13691978183215012,-0.10628375119188706,-1.3985385984818026,-0.28358427545161463,-0.15902971287027012,-1.677767138313483,-0.3814625949534013,-0.19088124855457517,-1.9077075043323168,-0.42857784741640487,0.12102749637045036,-0.8986351489688817,-0.17102455549247292,-0.1568744142949557,-0.9411242568656482,-0.33648136073420637,-0.25175616386607413,-0.6633773601150541,-0.36692859404224126,-0.27299393470878985,-0.46273070043457265,-0.3411000571844166,0.19450542201207244,-0.7415219294538102,-0.21869354545661812,-0.0855213297541805,-0.7309320384841289,-0.328584229712431,-0.17220975268937821,-0.5304191788879897,-0.32418136237441403,-0.1969588447315749,-0.37276357692366596,-0.2900502376785939,V
0.0,0.0,0.0,-0.23435610496929118,-0.1856646677341806,-0.13942093550252405,-0.4102413208481247,-0.4033628957456644,-0.24273612604878927,-0.46784427150996055,-0.5694352373507201,-0.3488368499615966,-0.4076309777461594,-0.7285807827360165,-0.4443319126548526,-0.15790317142519322,-0.9668899373008291,-0.1284693571480772,-0.35780572413268447,-1.3071178846309304,-0.2661756858744587,-0.4735568286570067,-1.5067933346163116,-0.36119775933266757,-0.5470845172504878,-1.6774262696612918,-0.41807971270628685,0.001553098006450873,-0.9896119595808148,-0.14375589497896094,-0.12757330587176197,-1.414475914883169,-0.28748543146080524,-0.19589094860155512,-1.6798770729377792,-0.3866376704848618,-0.24596882869809014,-1.9013575175974542,-0.4367880419791845,0.11599857403266352,-0.9024710980147684,-0.1733735268372895,-0.19971899051876646,-0.9261370425027771,-0.3290518553402878,-0.2869172968664905,-0.6536709596397368,-0.36048952392492595,-0.29797372010726936,-0.4712657610404799,-0.3408005534784444,0.1716422006921615,-0.7489326855465075,-0.21729066625291024,-0.1308473320365881,-0.7296570890545421,-0.31538127022512535,-0.20339963434844557,-0.5301876569452688,-0.3081738758303185,-0.2105746181363172,-0.38916724574251915,-0.27691663608267725,V
0.0,0.0,0.0,-0.2310589689822854,-0.1478086836998169,-0.1369609995709231,-0.42149053071397113,-0.3728735529222912,-0.23902537231655166,-0.4690048203422896,-0.5600272134995675,-0.34513736503084674,-0.38661357122442497,-0.7463493301965919,-0.4387343910733926,-0.1988517578641532,-0.9539866970437558,-0.10854439302263419,-0.3793643379330457,-1.2906598171196126,-0.24468554180025798,-0.48730445354844715,-1.4977598466176447,-0.33408944072461194,-0.553912720987429,-1.6767893417261848,-0.38451801021561094,-0.029905611796177917,-0.9917280007657558,-0.12482478471943523,-0.13017668302929258,-1.4121389707119696,-0.2672297524363772,-0.1829735955515312,-1.694274434573929,-0.3576010768336059,-0.2154127321016359,-1.9264815647396647,-0.3973910117729677,0.10345255394951298,-0.9255278829984895,-0.1582179914857982,-0.1776825686180817,-0.983007604523589,-0.32751849160036245,-0.2726889325454202,-0.683313561328699,-0.35269230340355495,-0.2991582693879963,-0.4637752927368688,-0.3190167958287383,0.18768344080559113,-0.787500719539707,-0.2052903035546056,-0.09121796623221656,-0.7924138904323024,-0.3197205527048291,-0.17766269860214026,-0.5758346255259192,-0.31109022301033146,-0.20587023838023846,-0.4024437849084144,-0.2705349341454603,V
0.0,0.0,0.0,-0.23291244652378457,-0.10619100809987525,-0.1459772566579009,-0.4397510769341974,-0.3287620451983816,-0.24486785444586107,-0.46185177989469284,-0.5363752118114967,-0.3446240861457963,-0.36372318802361625,-0.7325437975731137,-0.43104176530745564,-0.28127105954435166,-0.9352359792101583,-0.11580570483938793,-0.4638727631149965,-1.2795153278567457,-0.24730770044021777,-0.5674161471350896,-1.4900248890221346,-0.3289168349557479,-0.6353433961166979,-1.6663227197090817,-0.37260225256652285,-0.09400321676022164,-0.9878031861590126,-0.12413001511654491,-0.17903620441250714,-1.4046873141696197,-0.26207163627464236,-0.21771719673482798,-1.680251334797729,-0.3449271545235021,-0.2417028850155039,-1.9048907550361258,-0.37717327551947516,0.06611636954371923,-0.9315371400913136,-0.1502300388289806,-0.18448358796150657,-0.936480654268149,-0.320835686582493,-0.2651729963337307,-0.6396614718352193,-0.3496007296389251,-0.2880445650091633,-0.42282145839197194,-0.31537124792224036,0.1815278960465455,-0.8038256825191835,-0.19043584985953413,-0.07031433171434213,-0.7716590465686058,-0.31066175898256426,-0.14712479393014566,-0.543616451329268,-0.3063855774519822,-0.17321512723846016,-0.35270349777306126,-0.2658762708748882,V
0.0,0.0,0.0,-0.23674153611178078,-0.1128636346905377,-0.1521545392331915,-0.44435068262779154,-0.34334240481162526,-0.25610018795768763,-0.45615492179395356,-0.5510802550543178,-0.3621430739438417,-0.3397782147665868,-0.7303984157237965,-0.45521321072289156,-0.27453339092044876,-0.9534673133935265,-0.1144472560071086,-0.43919808036140023,-1.3227456516494192,-0.24820828806213857,-0.5311041446183495,-1.5429850744078097,-0.330922698450783,-0.587780574309651,-1.7243361518361626,-0.3771379361978703,-0.07767389075362753,-0.9891686734603311,-0.12454758985994958,-0.14788001746733653,-1.4192674254337752,-0.2691630046850233,-0.18185867940692774,-1.69674513362597,-0.3584201367583395,-0.19992932238841626,-1.9267956439781573,-0.3947900725437427,0.08775279750577278,-0.9190093366979402,-0.1538794639599649,-0.15115443596399786,-0.9653793074341717,-0.33388416994730846,-0.24150921889929972,-0.6661677295758639,-0.3671453023385373,-0.26505735951960235,-0.4553572973825441,-0.33463939488540556,0.20880367013913675,-0.7787646740881117,-0.19755269334313688,-0.04054938860182805,-0.7714069856039079,-0.32676930625737777,-0.12404931822680901,-0.5453405204363339,-0.3291701137125736,-0.14852253256291556,-0.36269287213177936,-0.2926711919554739,V
0.0,0.0,0.0,-0.23563197982245102,-0.10559291117371168,-0.15967730536616315,-0.45014809476074574,-0.33005888727200106,-0.2726357427067859,-0.47603637070009075,-0.5391628601751579,-0.38740951764233456,-0.3585362087060351,-0.7216770448862625,-0.4891067798998271,-0.28487178238754185,-0.9463898897217552,-0.1282719425429859,-0.45797316721013787,-1.3138856647468538,-0.27053213523129394,-0.5563179943147902,-1.5320420040551257,-0.3589242812838341,-0.6200992755572527,-1.7166593155782932,-0.4102803808389461,-0.08725835715589815,-0.986512596539941,-0.13848781886677777,-0.15895783137609037,-1.4188248736569429,-0.2923136228321154,-0.1985518725106855,-1.6957162331747964,-0.38871813985026704,-0.21811782214548392,-1.9310760934079,-0.4304282216210545,0.07965810701442645,-0.9162621623374456,-0.16809841648979612,-0.16409939194485423,-0.9776119916015178,-0.3556871733097576,-0.2599025990131588,-0.6632314481494769,-0.3873072645088434,-0.2826720101819944,-0.4433485658037546,-0.35348134474500303,0.2044070580505708,-0.77192290805276,-0.21252895713679792,-0.05359909942505292,-0.7614498287280383,-0.3481438016740668,-0.13858032960754157,-0.5282416743575686,-0.3515815706076926,-0.15978796916243393,-0.34511941836438054,-0.31579800482967396,V
0.0,0.0,0.0,-0.2369841410690435,-0.10546414888725805,-0.1527824340407049,-0.4524901279584874,-0.3289655724615129,-0.2608500873886313,-0.47448276256376437,-0.5374804568502993,-0.37105463046343423,-0.3612631274977684,-0.726291200293165,-0.46749227642587987,-0.28498406743066074,-0.9439309666762572,-0.12143099600253755,-0.4595995150212984,-1.3044219907375738,-0.2621958135318373,-0.5616450231434899,-1.5144336150552282,-0.34963344937660873,-0.6306502844343725,-1.695705025553755,-0.39885080077329244,-0.08974391365822691,-0.9869426531368313,-0.13375436209909913,-0.16694015757944392,-1.4300639292166144,-0.2843143727080692,-0.21248150039891045,-1.7100625001314382,-0.37559203009562203,-0.2376683923792357,-1.9476468045641162,-0.4128658625974278,0.07684183683234823,-0.9153283049153836,-0.16501791611117886,-0.1764070057297059,-0.9627590107465082,-0.3486258614100012,-0.2659063753066306,-0.650967540074088,-0.3769666574829788,-0.2824686383950479,-0.4367482008464292,-0.34031704081510505,0.19846350379060082,-0.7704482181775685,-0.21056850988075987,-0.06157649315032598,-0.7641055115804526,-0.33865320958727263,-0.14009064656474954,-0.5359219588544601,-0.33518560258625524,-0.15453661126525212,-0.357726712567796,-0.2949667779652447,V
0.0,0.0,0.0,-0.23097710038653224,-0.11587126815143078,-0.15024390406948887,-0.4473351258679701,-0.3390063593239794,-0.2509038481813108,-0.4758950538938904,-0.5496618220509427,-0.35300599125201987,-0.3579654080775922,-0.7150203130312919,-0.44230941388720846,-0.2792800111687677,-0.9419819009702183,-0.11517381352991604,-0.4590200194147828,-1.3061590657704667,-0.24588267299098732,-0.568197525337897,-1.5113562273868413,-0.3266498184691069,-0.6327539224822823,-1.678199779502724,-0.36885525097503774,-0.08465189880174945,-0.9890606481237189,-0.12080186406818237,-0.1637111681073018,-1.431973862310914,-0.25338647138750925,-0.2127826185116339,-1.7071292968114133,-0.3333593164856637,-0.24595099093494333,-1.9302763062141082,-0.3640640603820705,0.07905337226459448,-0.9228521483994044,-0.1447873410341298,-0.17179545259348017,-0.9443255712692151,-0.3112521168981722,-0.25854911886672377,-0.652485856046066,-0.3472924103420714,-0.2794067665123039,-0.44494899687407674,-0.3193529130990326,0.19632081141838348,-0.7838925371933261,-0.18222108973784082,-0.0625190005305048,-0.7717672277981348,-0.290947301323862,-0.14758735457210936,-0.553812593995887,-0.285164693997649,-0.17796034335905042,-0.3743126263539142,-0.247446847586529,V
0.0,0.0,0.0,-0.24599883630854597,-0.10416348687136412,-0.16037282611916553,-0.4685453244975675,-0.3356373774874434,-0.2668528157683501,-0.4936781036413501,-0.5562643582821344,-0.3732685163650575,-0.37657106682789615,-0.7449149988397233,-0.46646962474721126,-0.31037505722318237,-0.9401827365174213,-0.12411472470627112,-0.49524458818361433,-1.3071582545347469,-0.26098385745027464,-0.6043123092731845,-1.5151907319172508,-0.3437547310827372,-0.670836303326342,-1.6917959743014,-0.3870500762030764,-0.11555123863700374,-0.9849814731306983,-0.12829422761267859,-0.18720965868360584,-1.4365336120829242,-0.2709890606387225,-0.2321650872421329,-1.714040017523532,-0.35226008419017407,-0.25834438467528603,-1.946866851755696,-0.38107773350875346,0.05161433919138531,-0.9241643712024422,-0.15281029627468268,-0.19803942061566457,-0.9812730556730903,-0.3378975464060673,-0.28411871854811405,-0.6717598662788172,-0.3721679449462787,-0.2981355026941095,-0.451576990965747,-0.33728103008064436,0.1789958196947706,-0.7905708813993405,-0.19133773600348716,-0.08112045141453099,-0.7947542208353353,-0.3201867279052892,-0.17423398751404007,-0.5588544351312961,-0.31838800129667094,-0.20401900145892551,-0.3663253893436154,-0.27877737102604394,V
0.0,0.0,0.0,-0.23427492648613182,-0.1017744756145669,-0.1597702324486196,-0.45361774240589503,-0.3347864761851269,-0.26665389413594387,-0.5026125495980391,-0.5563776738100219,-0.37531981181833957,-0.39079959045059776,-0.7470173048311679,-0.46912631550484085,-0.28899155330287374,-0.939740040563819,-0.10994736070533219,-0.48268558511181386,-1.3001619847038846,-0.24688688921910618,-0.5989139345087849,-1.5051645058179064,-0.3325203612150337,-0.6715295234738057,-1.6734952976913047,-0.3787659245038977,-0.10323214277818869,-0.9882236218527823,-0.11294776628863722,-0.18945214323755397,-1.4365466558150208,-0.2547286438732384,-0.2367858353007171,-1.7087277975226083,-0.3398951616652441,-0.2635958364079572,-1.9287663675238174,-0.37301846676016454,0.05790846720441293,-0.9306566146275462,-0.13745473522292953,-0.2018069449722113,-0.9931427664972137,-0.31708552057344697,-0.2860459111638204,-0.6889899562893779,-0.3532450598453054,-0.3015033772195912,-0.4739064423756192,-0.32200722601708687,0.1795635417760051,-0.8027759660364546,-0.17642193474707324,-0.08268489246954672,-0.80204303517591,-0.30070469057716187,-0.16097985204640194,-0.566592189693199,-0.3034498673287578,-0.18079977512570866,-0.3803865373111321,-0.2691041571998601,V
0.0,0.0,0.0,-0.24997732565730377,-0.08223563459539993,-0.1489912542493238,-0.4783271170340202,-0.3192587682598593,-0.24739094388331037,-0.5216670599387905,-0.5561428159335132,-0.3488444847638289,-0.4263567596164468,-0.7798109961633675,-0.4381694267516875,-0.33144860055720143,-0.9275065815107755,-0.09706340299461513,-0.5170495031646779,-1.2724655953732575,-0.22911330918285872,-0.6266895853651203,-1.4815180947439128,-0.31076144651550897,-0.6966231621944066,-1.6664637048669309,-0.35636325388186546,-0.15038016574136717,-0.9829827583196057,-0.10550214499231128,-0.23171805791198713,-1.4248825000593472,-0.24631080440908018,-0.2723836004379983,-1.6953891755261852,-0.32844376496563266,-0.2851871159408034,-1.9246277864830332,-0.3598532206590909,0.011062303625847822,-0.9345803429161667,-0.135897577650621,-0.22821815642113266,-1.0239186845023458,-0.32768869606713524,-0.31256442705954457,-0.7263124406206282,-0.3706810159829811,-0.3265412813022442,-0.5080541412394926,-0.3413399431369153,0.14146799171147612,-0.816600099286908,-0.17885060332104855,-0.1148734379060686,-0.8161745010610747,-0.3220067144506902,-0.1926461170425326,-0.5772775086950935,-0.3369349401741483,-0.20388914660087762,-0.383905053700577,-0.30885557595896057,V
0.0,0.0,0.0,-0.2645860036511496,-0.06723909735391374,-0.1467418962156017,-0.4814479082399217,-0.31454762437441314,-0.24578522371615483,-0.4992095920705663,-0.5676562668949116,-0.3494641695851805,-0.40649804678464635,-0.8030235879614662,-0.43984096602332773,-0.3479139080865042,-0.9236890087003252,-0.08941298421411491,-0.5381936784502698,-1.2746402624865727,-0.2232422704482917,-0.6451817792912571,-1.4985353446352487,-0.30471145982845005,-0.707832069610092,-1.684283474387965,-0.350002254875079,-0.1590678514014998,-0.9815829134180653,-0.10579415265605913,-0.23263490511976592,-1.4158451240714816,-0.2518248026632714,-0.2777676071795872,-1.7019175455596587,-0.33766970554159054,-0.30388121702889054,-1.9354621177255158,-0.36919208751134924,0.008953691163643291,-0.9328414543669831,-0.14517604841846668,-0.22659297058714592,-1.0340558728553657,-0.34771711560656654,-0.3057070645521294,-0.7161498475436002,-0.381934319010851,-0.313088552580568,-0.4809525080564612,-0.3410239012054937,0.14630329717226073,-0.8167025520264006,-0.1968818458279843,-0.10670694827324861,-0.8535723660377333,-0.34510545108310153,-0.18803390139317613,-0.6123389098398888,-0.3503407003412368,-0.19829078466567224,-0.41491365265839114,-0.312297456944623,V
0.0,0.0,0.0,-0.2594814740260436,-0.056653437630201704,-0.12059396144176893,-0.48022203158372856,-0.3065262719634059,-0.213547607077173,-0.4901420888855483,-0.5763388878506811,-0.31481027731579636,-0.3975922375416387,-0.8283978704700377,-0.4053210507098951,-0.333442207425371,-0.9334176751532103,-0.08520702593768603,-0.5266399330579891,-1.2903193655364689,-0.21364201438225777,-0.6479490924023228,-1.5195291172137397,-0.2909392437539724,-0.7298267238709322,-1.7197674107653025,-0.334590405331367,-0.1527371048692383,-0.981177385390996,-0.11816224098015453,-0.2363130025847466,-1.44699647739274,-0.26102767395587384,-0.2855273043609614,-1.7431529923771787,-0.3412048753994353,-0.3050442503758268,-1.9852832292932252,-0.36800226910773076,0.01633639186923045,-0.9221436586413365,-0.17036791611399407,-0.20445260103009708,-1.0394108471144785,-0.3735189712985843,-0.2885822927961662,-0.7225833932949807,-0.39841154116898964,-0.2886607214318431,-0.4899068029785175,-0.3496333904898203,0.1630612560626039,-0.7995142950260729,-0.23136427286701614,-0.08415618972617048,-0.8667203122443834,-0.37977675086101664,-0.17350478123200408,-0.6213396145040427,-0.3721033277668369,-0.18099444962799338,-0.4229974563888796,-0.3235524736599944,V
0.0,0.0,0.0,-0.26411489310244446,-0.08943599163553463,-0.1156812910371676,-0.4876076272523871,-0.33217288662604805,-0.2063346948703124,-0.5068604980235084,-0.5945507069125409,-0.30644963564194655,-0.42272725886787826,-0.8508123054911176,-0.39454921126685444,-0.3595337456044986,-0.9341907797125568,-0.07423725601892493,-0.5559597165262283,-1.285321962791876,-0.19875386484058988,-0.6666281579104282,-1.4991769833128525,-0.27403650647206157,-0.7445188016038907,-1.6861379078002667,-0.3150173678025112,-0.1809085117945205,-0.9775648300559248,-0.10788472272765473,-0.24576061278537442,-1.4387917048006036,-0.24409718900557556,-0.2981694453747627,-1.715339210199005,-0.31894222841202446,-0.33004657881846045,-1.939748879894818,-0.34330291512215716,-0.014526824168988348,-0.9228343064549507,-0.16158892617875664,-0.2298052961970822,-1.0438973640043108,-0.3574494694661202,-0.3119006987444532,-0.7443890778763504,-0.381320677222017,-0.31229223086062996,-0.5244092852394447,-0.33376640259101664,0.12513132892013587,-0.8014726227152863,-0.22391007449325917,-0.1141790857726959,-0.8907353090660204,-0.3636687108287897,-0.19842957399342953,-0.6495538226256902,-0.35180336067638085,-0.2049906083450659,-0.44413141867596845,-0.3021011469817004,V
0.0,0.0,0.0,-0.2704208575354418,-0.07488378600752431,-0.12800979877396693,-0.493437501918925,-0.32553064461692716,-0.2237962426173835,-0.4999027995875917,-0.6132830988430223,-0.3272945398360012,-0.40589683581334896,-0.879056807287289,-0.41835404724925024,-0.36595766687467934,-0.9312120376045179,-0.07745936286442184,-0.5526208772799164,-1.295218291202867,-0.20605217861865735,-0.6668658292578132,-1.5175334667941287,-0.2831315985283007,-0.7465070996880514,-1.709042678125475,-0.32510814953921824,-0.1865685532735618,-0.9766397523603648,-0.1066159886644375,-0.2509218150395071,-1.4541075705501032,-0.2466781996944673,-0.30077855593092984,-1.7441743883793663,-0.3257630410126787,-0.3286611238488174,-1.9764339195148144,-0.3530912212508135,-0.018761383192362077,-0.9189808206327573,-0.15782365144596439,-0.21268667044849002,-1.0613038607460048,-0.3581034437583911,-0.30132298142118613,-0.7691281943834498,-0.3888805340002248,-0.3123356103085645,-0.5472054963954349,-0.34608838996724706,0.12832279959023404,-0.8040351837726324,-0.2184991341531215,-0.10129691464321537,-0.8926230229774175,-0.362044420597386,-0.19089233949255457,-0.6549868491763169,-0.35821204795536143,-0.20687632957911656,-0.4527027949888537,-0.31483654423579993,V
0.0,0.0,0.0,-0.2730423646332278,-0.08238676643244934,-0.1069231363812104,-0.5050546171087091,-0.36830633712083133,-0.1821869224990691,-0.5011013775208493,-0.690433746039947,-0.2710815394157254,-0.4010599252892209,-0.9754476449618157,-0.34953601892633307,-0.3741453506368193,-0.925524222143342,-0.04981904544363215,-0.5754119362875619,-1.3258080321346006,-0.16610193634745024,-0.6950660355338012,-1.5675370197514116,-0.23267899013746993,-0.7734786946785768,-1.7821254905849373,-0.26956473972705813,-0.19866947465892784,-0.976063072173915,-0.08849473982765522,-0.2662871435413742,-1.4895220024434794,-0.22551822535175872,-0.3137957588563092,-1.7934660998257868,-0.3003274677656513,-0.3259136389355013,-2.042138049859812,-0.32325838492899844,-0.02568630320081835,-0.9255012472816576,-0.14789199640216608,-0.21708967197375323,-1.1270878496448549,-0.35119540889931455,-0.2992666058676836,-0.7993016915091202,-0.37206987202302705,-0.28387487597144373,-0.5562918213669285,-0.317880941822085,0.133631991500369,-0.8123360510560321,-0.21498843160677059,-0.08348160695655842,-0.9804656810238899,-0.3564005405435959,-0.1762640904633679,-0.7485310536727974,-0.34197722145923787,-0.17966538958709638,-0.550055166014097,-0.29054306553909487,V
0.0,0.0,0.0,-0.27569775329417845,-0.10453502682501936,-0.10894820684944537,-0.5013926588752229,-0.39213714898847113,-0.1795022823577522,-0.48864677416181157,-0.7090177959175106,-0.26288142738671977,-0.3866498825995632,-0.9844627250832535,-0.3349094088595341,-0.4024559748367858,-0.92149995292366,-0.03333696031642893,-0.5880001925710956,-1.2939673451439295,-0.14143683291183418,-0.6976253414914381,-1.5120973807885931,-0.20828030373524467,-0.776343284879344,-1.709819832714708,-0.24592250527452586,-0.230063822609758,-0.970978947459639,-0.06534922429805548,-0.29074471354753334,-1.4469054293322063,-0.18547601917536988,-0.3439183834631601,-1.7248433772191472,-0.2538654735960424,-0.37214570600206437,-1.9493483010362713,-0.2766197605849925,-0.058455075593643165,-0.919135951680996,-0.11994823311164432,-0.22503491126089673,-1.1088580007408944,-0.3038304438618103,-0.29399152150425467,-0.8041151546118701,-0.32707446629234715,-0.2832123618202103,-0.5700552860399382,-0.28132738147478525,0.09876947580322082,-0.8025111428312032,-0.18340238970922704,-0.07832086505417726,-0.9715717946462757,-0.3078940656965598,-0.16755848205222582,-0.7625823439403926,-0.29401469383597884,-0.17949912884235472,-0.572643550793346,-0.2483599198370304,V
0.0,0.0,0.0,-0.2615635649855251,-0.11978500670849285,-0.11026241676678696,-0.4734942152592747,-0.40779521195278867,-0.18410765242527583,-0.4600000341821149,-0.7201791911313495,-0.26954476241508424,-0.3572250400106656,-0.9921924491444113,-0.34496493145999024,-0.36812037180637525,-0.9311415874004693,-0.04017883898151656,-0.5642522205257327,-1.313395594802678,-0.1600094989213109,-0.6832444383398896,-1.5433735155235986,-0.2340602600318934,-0.7686560155100841,-1.7420187833904088,-0.2741873712939703,-0.19461410644336072,-0.9783170283622769,-0.07086001403934553,-0.2634883890665632,-1.466284606612678,-0.1986833013350842,-0.3202619708755154,-1.745388634476511,-0.27089076812846963,-0.3493341272636776,-1.9735561648839766,-0.2941468540525988,-0.022837681018061263,-0.9227470286181372,-0.12368299768727387,-0.19292625991825418,-1.1245768542152517,-0.3115559758318972,-0.2593920038320408,-0.8167842464538753,-0.3342798072787866,-0.24235848598057483,-0.5809161138714563,-0.2870941944265271,0.1361760459657453,-0.8005811122540233,-0.18491994317039362,-0.04508044390267021,-0.9701300311283535,-0.31431410454660474,-0.13957290754473647,-0.7551023151279832,-0.2991428330312013,-0.1537545847042581,-0.5626062986842452,-0.2502275520637006,V
0.0,0.0,0.0,-0.28685082382419674,-0.0671595888979101,-0.12202778491655682,-0.5162967097853203,-0.4001210575640092,-0.21223170874109407,-0.5020235677748092,-0.755724966469982,-0.315259450566919,-0.35553372822039614,-1.0397458141152571,-0.40664687067708677,-0.3906184225081396,-0.924873882259196,-0.08344043025733741,-0.6056212471803325,-1.394963458432036,-0.2182957803664079,-0.7323013308590143,-1.6857707087335287,-0.28820110153869544,-0.8183269117715984,-1.9265468678908984,-0.3266302111322147,-0.19116986620929496,-0.9739703399952917,-0.12180254128291432,-0.2614587244413755,-1.5411560940026563,-0.2767943221099643,-0.33072357915314526,-1.9012658814788468,-0.3550311816719657,-0.37604807651383565,-2.192970779115924,-0.3782973556565293,-0.0072785185991810775,-0.9221915408631632,-0.18115365842231063,-0.18501083400363494,-1.2286038186667125,-0.4055425501208017,-0.2800880984444801,-0.8840472936665025,-0.4204197335006121,-0.28152823396813326,-0.6053340247934961,-0.35612753242602985,0.17376103259680423,-0.8099788921403985,-0.24883234839449045,-0.018872336905762583,-1.031713181997189,-0.41598032153338255,-0.13191957093682966,-0.8033025191808623,-0.40861452199337406,-0.1576106539680173,-0.5859587392038873,-0.3560227256579883,V
0.0,0.0,0.0,-0.2630337803111103,-0.11355265015570386,-0.0956865027071571,-0.47898983326844435,-0.41721363799086425,-0.15924934065474328,-0.4459582802212911,-0.7405838947181731,-0.23609795569808828,-0.31770729877639103,-0.9844505722605061,-0.3039728879285334,-0.37097512039760866,-0.9271180076946894,-0.04543199083543251,-0.5526354769173081,-1.3094603076456603,-0.1532650693444826,-0.6706814927819799,-1.5471933893308378,-0.21864455833779195,-0.7580133468634692,-1.7573403536243142,-0.2568172788483657,-0.19866043441028441,-0.9767876935566187,-0.08012386358793762,-0.2598970596220397,-1.4602544963811064,-0.20211761193503547,-0.32185730171619764,-1.7502197776784056,-0.26912165225529855,-0.35521404512968746,-1.9875730834714687,-0.29082986837883673,-0.02903225807964464,-0.9246063903358667,-0.133683494032897,-0.1771325588895901,-1.1174470102655887,-0.31619044712159605,-0.2560887798361019,-0.8268149520826917,-0.33562979434622436,-0.2579095726183711,-0.5997321964815552,-0.2878121564330767,0.12824264673383007,-0.8076367819106904,-0.1944360996865223,-0.027993288522660167,-0.9820475794148084,-0.3207001406661846,-0.11895818850570646,-0.769161159554162,-0.30510196800929895,-0.1353887733513794,-0.5732858849873246,-0.2574103584424327,V
0.0,0.0,0.0,-0.25881652502585956,-0.11606960016660987,-0.10460241644957712,-0.4682923065448911,-0.41443687774753063,-0.1751297948721695,-0.4375929944679702,-0.7361035475590213,-0.25574144577501406,-0.30757101692335864,-0.980741139094302,-0.3263405047572576,-0.3674204575020815,-0.9341211235585253,-0.05248648897743771,-0.5518754860488526,-1.3227759430897184,-0.16428643442539312,-0.6665602722504356,-1.5739223657226378,-0.23214444181917093,-0.7489696472763261,-1.7890761584476296,-0.2715043715300157,-0.18679030978215605,-0.9787955508095108,-0.08407526322880449,-0.24576037294688563,-1.4655956699887713,-0.20723330283064065,-0.30211353494427223,-1.7652641384955845,-0.27732771286623237,-0.32984803017915504,-2.0129586623418927,-0.30054194109257326,-0.008875137096928557,-0.91591951781029,-0.13447868194763013,-0.14695328015618425,-1.1216365772705381,-0.31932873689640556,-0.23110093229613732,-0.836763496779487,-0.3374172358066962,-0.23751614120336098,-0.612923728983848,-0.28706452340040056,0.15764346867255596,-0.7858616529008083,-0.19193562868137184,-0.002797433789094236,-0.9593830889335961,-0.3224495336496875,-0.08854974424757246,-0.7421298853637018,-0.30450071466430645,-0.09715846560147658,-0.5461402194287104,-0.251915075348577,V
0.0,0.0,0.0,-0.2617506862718482,-0.14292302403305254,-0.10065811352024659,-0.46509750762273006,-0.4368757773487951,-0.1676754986709719,-0.4279390517242027,-0.7542392553401404,-0.24813201606302737,-0.3153134573558902,-1.0145101709122644,-0.318430494451819,-0.3760508467466322,-0.9339406118781276,-0.03209197438463046,-0.5537170970777769,-1.312078700486404,-0.14205453673167837,-0.6631766824783708,-1.5396361786492514,-0.21304211035637247,-0.7424599693126946,-1.739232215740122,-0.25282232826894674,-0.20294465054107946,-0.9770941493161338,-0.06403508560890694,-0.25815099165821576,-1.4513528771367448,-0.18087191479796955,-0.3079727052835158,-1.7351957877495114,-0.2512655861485138,-0.3312275417574472,-1.9629961765627166,-0.27787025192281245,-0.03255080529205901,-0.917231264204817,-0.1164257609286987,-0.1688387242621323,-1.1184785230791137,-0.2881620182321897,-0.24018053177770804,-0.8405755106199597,-0.3074001721220864,-0.23653259222978132,-0.6161728880260426,-0.2632042133920812,0.12207745138811125,-0.7918207622485275,-0.17734972657911555,-0.02675466926120215,-0.9761087595022421,-0.2895094071666428,-0.11414907082840545,-0.7834653102677707,-0.26879547056554204,-0.12622586728399907,-0.5972873306821471,-0.22048220549237435,V
0.0,0.0,0.0,-0.25345699134254795,-0.14068987350743117,-0.08628782069544598,-0.4496254094264613,-0.4314357492446228,-0.13848062441835404,-0.3964952527276566,-0.7294758373929572,-0.20454501971716774,-0.26794656947762546,-0.9659990076124565,-0.260693895658256,-0.38073612413959906,-0.9355724267119623,-0.006951378652094682,-0.5472843159504437,-1.2959910069404326,-0.0938123377855958,-0.6430410781531225,-1.5075495301351283,-0.15268553531268597,-0.7105712526531347,-1.6957194687426718,-0.18828646917685968,-0.21401890823309996,-0.9759964837127282,-0.04033324558106118,-0.26748885820974694,-1.4305703976269737,-0.1333718680109711,-0.30896171221702967,-1.6982719694202268,-0.1952265069273901,-0.3252378850150982,-1.9140666278500038,-0.22216819676426153,-0.0511998416948921,-0.9125861468952562,-0.09280324149771163,-0.16667944724795683,-1.093388330159182,-0.24387563977464957,-0.21935812513078765,-0.819390423829242,-0.2651260259246091,-0.21043362795042286,-0.6010329811762672,-0.23112490013984366,0.0953499077423424,-0.784156254178528,-0.15355935623197942,-0.04318029653108456,-0.9202909532378782,-0.25921775500576605,-0.12193729826956343,-0.7230838347195336,-0.2448975593323276,-0.13506209408655756,-0.5413149981651945,-0.2062803524632429,V
0.0,0.0,0.0,-0.25281968534978977,-0.1268620414232527,-0.09684185790745636,-0.44355233846123227,-0.43527959890583984,-0.14532642519387437,-0.39154287832914464,-0.746704049924374,-0.20519807680767438,-0.26381522331669616,-0.9925348271094887,-0.2552600564565928,-0.3843361558974699,-0.9314014227148636,0.00020699880645484736,-0.5415650363165903,-1.2896638660234718,-0.07764976734900067,-0.6298256827260172,-1.508654378094628,-0.13108324528675727,-0.6903256966804969,-1.7058003045328198,-0.16474590592219265,-0.22293362271834716,-0.974424663482015,-0.028234288721968565,-0.2702896143181441,-1.4286323702197399,-0.11289975395797239,-0.3137570088745083,-1.678724754382375,-0.16652026969122358,-0.33936435398099546,-1.8780814836232127,-0.18867886388812782,-0.06504409505720223,-0.9140506071714618,-0.07772597682672196,-0.17735220501711105,-1.1410753918000711,-0.23136088431721608,-0.22749163240705197,-0.8533389027248538,-0.2537903805059256,-0.2199380161400066,-0.6257479691056691,-0.2211274711460268,0.07904412507971376,-0.7903923806721822,-0.1362701426399666,-0.05607312509243632,-0.9464600252720332,-0.254059196211684,-0.13509227477659552,-0.7431784366346018,-0.24827983864890457,-0.1516824214217375,-0.5567863391669157,-0.215307723685749,V
0.0,0.0,0.0,-0.2520053066638358,-0.12794483113468808,-0.09667392716117516,-0.44580836126513534,-0.43844701022077937,-0.14606529303957347,-0.3895654533932642,-0.7432468597639176,-0.2053304801186593,-0.256209349119378,-0.9707866779193097,-0.25435823338979524,-0.3835764629922456,-0.9324669045921329,-0.01496469305642178,-0.5415274273760813,-1.2916316948109965,-0.09401131793493729,-0.6276457901117408,-1.5144139881495835,-0.14777171515530216,-0.686062948718927,-1.7106391072242524,-0.18207706333405652,-0.22016219171213228,-0.9745990416143703,-0.04105261775893545,-0.26646261283173617,-1.428110299703778,-0.12523202510200915,-0.30434568275474844,-1.684433576615483,-0.17618348300416672,-0.32530899053556184,-1.8841826165491646,-0.19688124636600332,-0.05966347400791798,-0.9124062280585562,-0.0869023098226735,-0.16751448381856088,-1.117139222811311,-0.2343900118138602,-0.22698051466605412,-0.8403828359677553,-0.2516829795447922,-0.23121520714288965,-0.6172458102121837,-0.21719903262277457,0.08431096186760761,-0.7848735090318786,-0.14232349567260694,-0.039383614182533964,-0.9256683021945471,-0.25405152527943026,-0.12434131525913818,-0.7268191611418627,-0.24465127957732166,-0.1528163730260029,-0.544095732842521,-0.21006552231325593,V
0.0,0.0,0.0,-0.24238985577658456,-0.13952568806594579,-0.09760306493460108,-0.42596192309293746,-0.4485792238611538,-0.15070309241588936,-0.35359610507395345,-0.7394833438255639,-0.2140423324689605,-0.21323074798026212,-0.9611661156681314,-0.2690803115356972,-0.3583138368530089,-0.9429307998835598,-0.028760300320349104,-0.5140415126838201,-1.3105908175016574,-0.11856491139853818,-0.6000479050781399,-1.5436566017839557,-0.17946950392213148,-0.6588408055067577,-1.7452617998319404,-0.2170394676352623,-0.18762035937127342,-0.9805257422400699,-0.05803334863640328,-0.22828619487127078,-1.437440644456519,-0.15031149856895695,-0.27283879185207416,-1.706624520131995,-0.20798437716711227,-0.29932207380285586,-1.915504091128911,-0.23181051439802447,-0.022090906818016714,-0.9110876507749502,-0.10609948101106217,-0.12384187878453358,-1.1186191603313504,-0.25980390183010815,-0.1838719318525924,-0.8457885839460226,-0.2779467634098622,-0.18372006653347353,-0.6250376635007215,-0.24132517263925587,0.12447616114362194,-0.7727657702187104,-0.16309875174386565,0.006468592721514224,-0.9434911430419315,-0.2781263559292497,-0.07495066965187841,-0.7375727645443023,-0.2624981520679843,-0.09332286961032568,-0.5437842810661914,-0.22097272805377383,V
0.0,0.0,0.0,-0.23895384645418544,-0.14306033510329683,-0.10510064858609738,-0.4133802372716797,-0.44876780207528905,-0.1630900029833105,-0.33297494946204903,-0.7340950809350067,-0.2289504329086681,-0.18816214973083065,-0.9461565221174678,-0.2849684953749888,-0.35440247132497366,-0.9491539238955992,-0.037919252143452604,-0.4989297645168644,-1.3164939388342412,-0.1325425899244318,-0.5824130915377198,-1.552694439788594,-0.19734207778786764,-0.6385823640798338,-1.7557116841454568,-0.238401479530557,-0.17784115384460528,-0.9820279115196374,-0.06319576722849717,-0.21490959819889968,-1.4244018917212888,-0.1606926175555601,-0.25530311579135484,-1.694242257249149,-0.22287152284214973,-0.2734882267182853,-1.9115660949330853,-0.25085466255091027,-0.013358656825930664,-0.9022528344315682,-0.10755927141457029,-0.08478924846315357,-1.109836694543355,-0.26122139665620187,-0.1569814290918079,-0.8461185802134268,-0.27534902729018407,-0.17064310161905255,-0.6353710408396113,-0.23717263711173087,0.1306440761660439,-0.7558425321115042,-0.16145250923026838,0.029153231146976155,-0.9194860186741821,-0.27503862677225,-0.05293674773159514,-0.7217630327292117,-0.2581700380727658,-0.07133994896870878,-0.5415016839022957,-0.21559662981301594,V
0.0,0.0,0.0,-0.24114072743997697,-0.15829770205534194,-0.11345084790772599,-0.3995857731094149,-0.47343275137902097,-0.1716245654527675,-0.30410425706160993,-0.747024512497199,-0.23574209347087818,-0.1622550494696058,-0.9572813524628144,-0.29105976495293884,-0.33675067859934266,-0.9484357409182709,-0.04851195951297477,-0.4849914357338844,-1.3191657121019873,-0.14342627994541987,-0.564111745625653,-1.563259852500862,-0.20787607435399402,-0.6172567677326702,-1.7720486672491989,-0.24800690336617634,-0.16090089149243772,-0.9844267078981637,-0.07081638153508238,-0.1950783071285337,-1.4309039023955863,-0.16591685855341573,-0.23376760066519678,-1.7015564616621177,-0.22344927758597583,-0.2566571159733031,-1.9145188823898789,-0.24774129242018486,0.002796555632834368,-0.9050626091372289,-0.11277020870974161,-0.08072432172948206,-1.1183878590551488,-0.268696625489782,-0.14222749656411016,-0.8509413612609509,-0.28506193443410444,-0.1488284666913315,-0.6348825840519811,-0.24764064032060415,0.1449402126102313,-0.7570918035797638,-0.16523356592170294,0.044472322277482206,-0.921243530451482,-0.28449759293233473,-0.04142068024252036,-0.7230046492859591,-0.27050018743601295,-0.07012236003434612,-0.5351315519159799,-0.22911298356747808,V
0.0,0.0,0.0,-0.23731121399994262,-0.1508299099481296,-0.12410952819846503,-0.3878094759383585,-0.4633215220688902,-0.18835438143956884,-0.2772977501740168,-0.7444011410145447,-0.25558191135643876,-0.12692481753782245,-0.9560691146112421,-0.3134422324946024,-0.3351998878003617,-0.9494691990556167,-0.06720265002735747,-0.47291540204843846,-1.337315684989262,-0.171649745831462,-0.5486211498426146,-1.587260585318656,-0.2399622063366305,-0.6058083216509172,-1.8036493159927516,-0.2819861397471901,-0.14967803392598622,-0.9850469796223008,-0.08531666951442524,-0.17038116093236524,-1.4458471356811102,-0.19058755313975936,-0.20513126342263344,-1.7286404495871024,-0.2516686601055907,-0.2257181934632903,-1.960194566560453,-0.2758903952556069,0.019495856153627682,-0.9002433819152788,-0.12337516367550677,-0.05093248260481765,-1.1083384490189228,-0.2877155393584782,-0.11228039498715918,-0.8243260282714266,-0.2987083190543615,-0.11328038583383947,-0.611861017990515,-0.2536134722726977,0.16585789063176612,-0.743743132137301,-0.17234727309247178,0.06769007975650465,-0.8993689606954647,-0.2975341529214203,-0.007779308749589243,-0.6919621833742992,-0.2800734559810241,-0.019384826167767003,-0.5175174931866843,-0.23300222438205323,V
0.0,0.0,0.0,-0.23778325435375375,-0.1434766906316173,-0.1341211546891638,-0.3775637222526053,-0.47370183054704695,-0.19660492625031098,-0.25054110075108205,-0.7432139739967819,-0.25937438657445455,-0.10066998134484888,-0.9422420140424839,-0.31247836064207535,-0.3198585716952949,-0.9560124983582411,-0.07852990642137071,-0.4493798902309854,-1.3526516164252202,-0.18032824267780154,-0.5182529466066655,-1.6081018532704932,-0.24725666105505723,-0.5667305697323862,-1.8245423603271682,-0.28918291303664295,-0.1353479956129105,-0.986594210660045,-0.09117446778375135,-0.1565346259323459,-1.4525500921924863,-0.1937396373101825,-0.18458144187057446,-1.736847539269222,-0.2546942377692238,-0.2010270212556607,-1.9665121801764658,-0.2817740776467215,0.03163231824651768,-0.8986283073274751,-0.12385280810224422,-0.02874745572762127,-1.117324020814969,-0.28529702704214077,-0.09184041071049913,-0.8448494280100165,-0.2998111010031114,-0.1046351639159863,-0.6360046486465593,-0.26091200320414637,0.17330989041523456,-0.7436070963558926,-0.16896607498581603,0.09008020357888442,-0.8989548087708996,-0.2962344716574867,0.014350027325663893,-0.6999780609346198,-0.2850052510140606,-0.006293259313273076,-0.5217835013986543,-0.2443822043694516,V
0.0,0.0,0.0,-0.23749179922951125,-0.1411208707483426,-0.14061653137515603,-0.3710816268562452,-0.46572550852082295,-0.20665393010716646,-0.24357954228572,-0.7427414435505637,-0.27179865497756933,-0.08982006935217907,-0.9482964527915205,-0.3266463201491589,-0.32120320302270106,-0.9543411754206639,-0.07826371174059495,-0.4498716583521612,-1.3491377539256486,-0.1854718795657478,-0.5196178792501517,-1.5999973868417623,-0.2552995277884639,-0.5710432753257942,-1.813427837705152,-0.29743171820845943,-0.1369777450292113,-0.9865718207853482,-0.08895583060707737,-0.16195286607294646,-1.457476941707988,-0.1972462824752856,-0.1903526952122504,-1.7441526082040226,-0.2606177811567388,-0.20599214849848774,-1.9758385304541088,-0.2860462622747672,0.029083219202031746,-0.8975982900007243,-0.12092624499704543,-0.025529684909567578,-1.1089173312155451,-0.2886251958267588,-0.08832164201821727,-0.8333644433324802,-0.30351799198778756,-0.10118945139679698,-0.6271291001247074,-0.26123176257962466,0.16986674397857715,-0.7415896480182848,-0.16541802796990482,0.09127712184918177,-0.8972022904958515,-0.2955308853224253,0.01590345295615248,-0.6908871361679219,-0.28230862758915765,-0.004310505741374897,-0.5142257506403177,-0.23783892050143002,V
0.0,0.0,0.0,-0.24851444696422204,-0.14622138683547062,-0.1336951467143758,-0.4008014986197696,-0.47670786379747254,-0.19493029280003377,-0.288500546235404,-0.7808144662711172,-0.25699541141800963,-0.12495853456690686,-1.004970767477354,-0.30849283633926367,-0.35347035931632215,-0.9467321527864897,-0.05212541183671646,-0.4833215587776527,-1.3356874649694954,-0.154751964172475,-0.5606299478387463,-1.5837146676516343,-0.22200382030981425,-0.6140764097169527,-1.794417905342499,-0.2616370354224996,-0.17027967154952162,-0.9832693714234675,-0.06470066983800202,-0.21290923857114033,-1.4590422933746592,-0.1690323976751909,-0.25322774565559014,-1.7499653602664758,-0.23176129987600574,-0.2756431364617334,-1.9841110068560963,-0.2565262353791964,0.00028358765926738696,-0.9037212381403625,-0.09997261785997948,-0.05479511863246902,-1.1100128330423962,-0.26765295274496453,-0.11463091816548569,-0.824965834073564,-0.2839381834785646,-0.124411940293686,-0.6121292274472234,-0.24096636683567182,0.15133721248286214,-0.760935928614395,-0.14684559706928935,0.06982023896955225,-0.9419823586368615,-0.27250385726255943,-0.0005056714970734081,-0.7346877967474948,-0.2569555356427139,-0.015054316703691345,-0.5573743136474606,-0.2116180804039673,V
0.0,0.0,0.0,-0.24247765624886028,-0.14505791878391586,-0.12379096028459136,-0.39237866323291826,-0.47235921924338675,-0.1848039219749526,-0.2905131221467496,-0.7557013664186393,-0.24941209306205447,-0.13768304643593707,-0.9633423501155945,-0.30486569819107634,-0.32821685339854095,-0.9529007257608658,-0.05147439399313517,-0.45722316726140316,-1.328439170680187,-0.1543124035303228,-0.5305767081970822,-1.570296726660366,-0.22186526263060785,-0.5791937370588197,-1.7742956431012946,-0.26305570032958453,-0.14457912196628991,-0.9869917598541021,-0.07031460354406517,-0.1839663495407387,-1.4600455264323255,-0.1751802957077027,-0.21646964667484273,-1.7398301548627615,-0.23879340146958788,-0.232084261915029,-1.9673338493693613,-0.2656321527171143,0.025788697275602547,-0.9023710787822803,-0.11054557183367214,-0.04559453636569,-1.1137640778337488,-0.2749262996255034,-0.11281457328786923,-0.8336251981481253,-0.2952689458549621,-0.1267807261188829,-0.6194579802675052,-0.25857276076006636,0.17605218848451684,-0.7515544020794406,-0.16153795841953647,0.07466824692905293,-0.9120287609329302,-0.2812532492312953,-0.005169837833243936,-0.7173345599642917,-0.26998920375751034,-0.024367254625811602,-0.5491395440367282,-0.23143614826059916,V
0.0,0.0,0.0,-0.23994087794264773,-0.13741396170188463,-0.12696025289371968,-0.3956458031640422,-0.47736559536316364,-0.19145913767132683,-0.3005562934162061,-0.7610434393413471,-0.2586510291476818,-0.15892644065169345,-0.9747288763138005,-0.3166582101930303,-0.305605303913133,-0.9618658189733025,-0.06349041946934667,-0.4277515738921444,-1.34172599354905,-0.17176513246238198,-0.4998387327402588,-1.580671424576934,-0.2423655909204224,-0.5500284275615888,-1.7819721036242357,-0.28503722295816714,-0.12362779720259266,-0.9889144600112904,-0.08224572049300097,-0.15607006338168947,-1.4622771803664267,-0.19269534121741522,-0.18579330197553812,-1.7409262554473661,-0.2582444210805157,-0.202568908299852,-1.9615751973937101,-0.28564917895303465,0.045077535044055546,-0.9036369952305915,-0.1220522288034972,-0.04989424640256125,-1.0964200204080217,-0.2929435410493174,-0.12659062611661098,-0.8153968143024463,-0.31357593328756894,-0.14842268553160698,-0.5943008092812136,-0.2759959093193426,0.19172392153274495,-0.7536442607163447,-0.17319127720326558,0.07297621050214959,-0.9054560328043156,-0.3023392236408063,-0.018757591594649046,-0.7010820699856736,-0.29338541686189185,-0.05092538393737832,-0.5171587760744258,-0.2546611222954402,V
0.0,0.0,0.0,-0.23655842338945265,-0.1432564613557187,-0.13197644769968783,-0.3865773784752662,-0.47952111323280255,-0.19880011583446072,-0.2984874815891308,-0.7583727035372585,-0.2687507777713133,-0.16618148080538409,-0.981696340625754,-0.3290835115627863,-0.2874955948561865,-0.9706135343710967,-0.06342990096034468,-0.41405447891851294,-1.3566883481040406,-0.17311250290197921,-0.48693639604685096,-1.597853142561191,-0.2449372489309511,-0.5359160723914287,-1.8025580096330955,-0.28816899093251047,-0.10695994927388747,-0.9908290648607451,-0.082567145272855,-0.12776394928176918,-1.4757363966415495,-0.19669401798684305,-0.15415830069665473,-1.7653505580747253,-0.26698523294634685,-0.1654321033566371,-1.9986237778828586,-0.29760475298582484,0.056528613035868515,-0.8988409662271126,-0.12361054350753736,-0.040983337114785794,-1.1105992913018363,-0.30056296243599556,-0.12338520406699309,-0.8308265139968113,-0.3274866965816223,-0.14382356369618737,-0.6059247582076959,-0.2926711152464456,0.19661837143389127,-0.7444394503590651,-0.17613837053939585,0.06822561663504725,-0.9079313921714267,-0.30800887880592087,-0.021835075351240567,-0.7134726319187512,-0.3035325913344869,-0.04846315752698058,-0.5330793615107413,-0.26793798014060405,V
0.0,0.0,0.0,-0.23393686224159613,-0.14148543242867134,-0.12917385970786943,-0.3851246445701836,-0.4765443034214374,-0.19557225671810782,-0.3012161199316544,-0.7560940893106506,-0.2655007450080442,-0.16885727474614268,-0.9792778883132904,-0.32575101620087094,-0.2849753322478724,-0.9727116255683174,-0.05991428080747295,-0.4152627160980348,-1.362634363624193,-0.16917745847966825,-0.48824865927301614,-1.6056890375442918,-0.24045568479885107,-0.5358929121005396,-1.809785020246478,-0.2830501620165138,-0.1039829498483954,-0.9913547775864621,-0.08002031677844317,-0.1264132931113915,-1.4762685082516998,-0.1946768280658621,-0.15090568003059301,-1.7683180158038327,-0.2663492725479622,-0.16019365204817432,-2.005452929248376,-0.2974423288467366,0.06018838740913347,-0.898573086889011,-0.12168931973681842,-0.04103175783947993,-1.1041239939998597,-0.2992723818897108,-0.12309955428168706,-0.8219379000648213,-0.32729490022076574,-0.1434875453994151,-0.597479824862553,-0.2927220917426041,0.20054241411155382,-0.7428845100822539,-0.17443198834659948,0.06859773277021455,-0.8978166760232201,-0.30722697642008134,-0.022567755763233152,-0.6988712006410569,-0.30331315484742183,-0.049546195938281266,-0.517828198216181,-0.26762073949670945,V
0.0,0.0,0.0,-0.23015724685711592,-0.14914314106550924,-0.1274691555603618,-0.38146691517906683,-0.4615589757416154,-0.19871767643107793,-0.29928232247148717,-0.7350555520634166,-0.2730333256733026,-0.16378962593919458,-0.9531630670697726,-0.33731128227348567,-0.2875474832247331,-0.9672652331560282,-0.0647322104541956,-0.411707973127668,-1.3421447232072519,-0.17594077200089542,-0.4848907918348138,-1.5826254765751173,-0.24898972001328767,-0.5330192378607833,-1.7862834308485602,-0.29330119125766824,-0.10968163082632777,-0.9903341392444379,-0.0849013103918626,-0.12918099620506882,-1.4628445464925166,-0.19753374173036706,-0.158542380426956,-1.7430598995994275,-0.26556736361514977,-0.17011868824786663,-1.968780695143428,-0.29508180197111394,0.050421674408932714,-0.8991735054732138,-0.125975043377095,-0.041669375546690535,-1.0974769936644622,-0.29605802588335217,-0.1280838843297404,-0.8247599496406643,-0.31728268649595437,-0.1487723387474348,-0.6107482087340649,-0.280995654379647,0.18689346268075632,-0.7417075678960526,-0.17838811380549421,0.05753429947558705,-0.8820188343510149,-0.30468018739357783,-0.029620367111824364,-0.6814688297745095,-0.29687385815744893,-0.04792402936344129,-0.503841807966146,-0.25939864127205536,V
0.0,0.0,0.0,-0.23302917409935406,-0.1462237703974974,-0.12427120632392145,-0.38967475083038644,-0.44595214629110574,-0.1942518610852809,-0.3094149637699336,-0.7079085493829367,-0.26796092443657005,-0.1666291219131973,-0.9120736726548818,-0.3319381089398883,-0.29463007734281366,-0.9607458719329245,-0.06213341946814444,-0.4176578947505395,-1.3318806215187562,-0.16814612509869128,-0.48942629726562037,-1.570895827108191,-0.23945000866035887,-0.5356065464271758,-1.7746384339449817,-0.2833944582942393,-0.12107626979780514,-0.9891977699358526,-0.08263358182836605,-0.14460804363344235,-1.4522702024593328,-0.19022564816363915,-0.17234445389948164,-1.7303522841091805,-0.2576738699543175,-0.18581754637557035,-1.953678727015583,-0.28812910870800873,0.0371043171141514,-0.9036786497587538,-0.12353658576732753,-0.05788176211307451,-1.0928167368541861,-0.29030444553591245,-0.13435345017212177,-0.8298039430243667,-0.31722758640185655,-0.15384321654485025,-0.6168070304564629,-0.2866070779529522,0.17229602394960308,-0.7530779479034057,-0.17541198776938455,0.04133486257123751,-0.8783712107443391,-0.3007465804903841,-0.04703883444582197,-0.6808255448398473,-0.29700028470703216,-0.07201573406981039,-0.5001677811283948,-0.2634298840950009,V
0.0,0.0,0.0,-0.2311915946403149,-0.13597694668121493,-0.12326964001279841,-0.39206192788559024,-0.4390801797976678,-0.19204854065238577,-0.3107879994062423,-0.6915477924201556,-0.26538332524931046,-0.17163715279233918,-0.8928357545608333,-0.33020230494762803,-0.29133158352344446,-0.9566215081195283,-0.0667323810356775,-0.4218743012152002,-1.3279734794627824,-0.17613954349140212,-0.49919803931124135,-1.5678615246683398,-0.25046999060230374,-0.5493205717677138,-1.7746495164017582,-0.2979079171954297,-0.11549024218572673,-0.9893340038717445,-0.0887706750170633,-0.1547504854698384,-1.4557264278270186,-0.20242105840727823,-0.18832720164551073,-1.7368799211593962,-0.27504805812958255,-0.20451669590943375,-1.9659623225036025,-0.30941893471137777,0.04763767842451617,-0.9084982564931179,-0.13077600050023833,-0.06077606138151735,-1.104027588753456,-0.30438024372334066,-0.1355382759926716,-0.8264084788671309,-0.3341925680941684,-0.15015952254505224,-0.6067205334460425,-0.3049982749104865,0.18933066084555358,-0.760134835831983,-0.18354288246139033,0.0404538583942329,-0.8768645185479734,-0.31910315318696686,-0.049409398834896257,-0.6691676559817294,-0.3212708767071999,-0.0709444087749257,-0.4859213967532975,-0.2907422363939528,V
0.0,0.0,0.0,-0.23403946442487392,-0.13230907858784044,-0.12352123250945463,-0.39540543805125006,-0.4439973570085778,-0.18923209294914886,-0.3171696236136498,-0.7083576519431651,-0.25940890769923675,-0.17289402044527877,-0.9070171854205468,-0.3200562362769655,-0.2980144893640809,-0.9557964370045445,-0.05408851218852084,-0.41645554257617784,-1.3230269733701165,-0.15946872394047534,-0.4898850809874911,-1.562011300781894,-0.2304907395610289,-0.5405315014908978,-1.7636195039130829,-0.2747286676385319,-0.1230144695590172,-0.9894861761206722,-0.07605621306115329,-0.1523432208097622,-1.4414854723995378,-0.1853865030399606,-0.18597782367969368,-1.725512147995124,-0.25504465457392705,-0.20581530396086825,-1.9607243071995009,-0.28622835334263985,0.036353538164587834,-0.9065456818870856,-0.11917251269208347,-0.0603981659220122,-1.099627311770856,-0.2917655578035895,-0.13384654954776143,-0.8220502708762537,-0.31979009426962846,-0.15170416279547466,-0.6028498268362773,-0.2871868237476452,0.1717948406607042,-0.7548577520981052,-0.1730122757726142,0.041789729477366686,-0.881459436212943,-0.3072231583583751,-0.04365577887908631,-0.6767932238669623,-0.30656777404445246,-0.06751624597662693,-0.49424448286948064,-0.2727404275456862,V
0.0,0.0,0.0,-0.2410267801613489,-0.1467462023411468,-0.12337675663730356,-0.4028331500847922,-0.4529624077304708,-0.1887372771660818,-0.3182196143062851,-0.7232519309304192,-0.25903137188062736,-0.17017631062655814,-0.9204394226523583,-0.3196199945053167,-0.30509267507939336,-0.957663746339117,-0.0495336385350908,-0.4324619407387905,-1.3152343795654535,-0.15554806352301445,-0.5077282084868905,-1.5554850865668057,-0.23178618949052782,-0.5581028782819979,-1.7609250794654732,-0.2806103784552842,-0.13205928449162052,-0.988857737150844,-0.06870750364023934,-0.15819000673835398,-1.4366522655615024,-0.17723859038384326,-0.1904409082743267,-1.717593090168408,-0.24781393903504845,-0.20917865703936897,-1.9475871267815195,-0.28108745121128575,0.028569899347475534,-0.906951117186359,-0.10930397684000241,-0.061113747007527926,-1.1064645327133757,-0.2762275074223321,-0.13897421743278832,-0.831528743544235,-0.3003641209152561,-0.16019183526172082,-0.6116072281808256,-0.2668263810579574,0.1714471242367329,-0.7551793673699511,-0.1612173902648072,0.05958329706611597,-0.9152906289435799,-0.28480574686379645,-0.03136666157570517,-0.7206098341727393,-0.27659013403197963,-0.06136240010977379,-0.5386845294253629,-0.23982208698731272,V
0.0,0.0,0.0,-0.2433607693248897,-0.14576317416713405,-0.13093777807007603,-0.3993678346735938,-0.44837717074730943,-0.20304403977964888,-0.3070068056831275,-0.7085344411343487,-0.27784730272520347,-0.1611755894643623,-0.9048686233324659,-0.3437077783410107,-0.30573947794135864,-0.9562275476341047,-0.07624829442065001,-0.43494082487624897,-1.3151413545635544,-0.19406008433685637,-0.5124959390558852,-1.5593295829220897,-0.2790455419570864,-0.5624372018681721,-1.7679026955669466,-0.33364583730536007,-0.12845769362190582,-0.9871303950312168,-0.09524811890454542,-0.15623220972897056,-1.4498402588074948,-0.21147951750651142,-0.18364425050862848,-1.742347917803933,-0.28643821290050747,-0.19417794383157003,-1.9823905683884795,-0.3240586988714878,0.037226839546622044,-0.9018398614321091,-0.1348713367221217,-0.040708740136375855,-1.1167463175555614,-0.30637440043802244,-0.12754874443480158,-0.8505838908106871,-0.33097278215135784,-0.1581176157931482,-0.6320328209713945,-0.2991812690452292,0.18489661612386069,-0.7428097340407765,-0.18610788107062218,0.08842670219353145,-0.9243863611584769,-0.3150582672774495,-0.009726629092730026,-0.7310128097488083,-0.3054698152044914,-0.049886936043314394,-0.5434750220501129,-0.2679289936512913,V
0.0,0.0,0.0,-0.24249086019420985,-0.14410727720501923,-0.13148949702650053,-0.39594084217864817,-0.4727819112784785,-0.19861840099890796,-0.30297757918714047,-0.7499532166325933,-0.2684364807743775,-0.16173831061972196,-0.9678070261140796,-0.3283927579907089,-0.3052980860838415,-0.9598846952696126,-0.058263370606912064,-0.435005698163766,-1.3206205423550976,-0.1715025330764326,-0.5098627110030474,-1.555177375956119,-0.24975924944584832,-0.5602564385391808,-1.7519258111489537,-0.29779960327261434,-0.12450678523117915,-0.9892207988295438,-0.07707315741836586,-0.15714495920080876,-1.449494062881467,-0.19176407668242462,-0.18757149346860305,-1.732727635343539,-0.2632378523746399,-0.20347560121870767,-1.967326415351629,-0.2949056969057019,0.04399061289400871,-0.9010732823585772,-0.11842758812264517,-0.043470196044884994,-1.1076515106929967,-0.2932669510308062,-0.12272498627934665,-0.8194528730537747,-0.3149961791943979,-0.14460711657143005,-0.5949951865667723,-0.2771875609413106,0.19319547778236754,-0.7409740473811022,-0.1713650420754855,0.09209003904561401,-0.9162300933219544,-0.2976829975372412,-0.0012047500562681547,-0.7234014047720463,-0.28467336775079105,-0.03658957827826854,-0.5472980765835923,-0.2437720154025269,V
0.0,0.0,0.0,-0.2511807444181572,-0.1314350411045663,-0.13123575173637367,-0.43021164906051934,-0.4611246988345476,-0.20403921616402707,-0.346937154953664,-0.7548837998476021,-0.27923673273533445,-0.18760543853682715,-0.9614404515809998,-0.34549528264688384,-0.3317084365692444,-0.9486659957782496,-0.07136916276320834,-0.4610716710850141,-1.3231633924626958,-0.19112698132141462,-0.5417690875046751,-1.562673066174165,-0.27290011618520726,-0.5902825616648331,-1.7666322449320864,-0.3247232357513447,-0.14812335272865346,-0.9848603611153471,-0.09005299262196081,-0.1841747736974433,-1.4634930404750066,-0.2096902184960012,-0.21756097386359355,-1.751881751720299,-0.2827414191699074,-0.2291634099914539,-1.9897241549522888,-0.31601207559418115,0.023334870049727584,-0.901267523160958,-0.12975761430252353,-0.056999155537846076,-1.1167320387394835,-0.3082711326018726,-0.14259055439354912,-0.8183435619870557,-0.3262267453671936,-0.1692484376305976,-0.582222521086076,-0.2853692633898909,0.17821367430841467,-0.7440529263429707,-0.18068937109556626,0.07712238840930638,-0.9164190941505714,-0.31822378942683477,-0.01958798956680458,-0.7071719491920976,-0.3078139899500624,-0.05739517883118479,-0.5176274507906404,-0.2658479575482522,V
0.0,0.0,0.0,-0.2429822803266828,-0.13983881181011404,-0.12362340783977509,-0.41644773139014324,-0.4744219252781989,-0.19431509870681796,-0.3238137059086948,-0.7664341814578567,-0.26971770372245896,-0.16389745850185952,-0.9743778222355728,-0.3369829104259469,-0.30541902313337677,-0.9592440102591159,-0.06612096974959929,-0.43529586105833395,-1.3403490207893467,-0.18845298200649838,-0.5184785447262512,-1.5778841058641542,-0.2716083886949797,-0.5728576151831947,-1.778554484792392,-0.3225032635656391,-0.11896201161346216,-0.9887684900102289,-0.09047050876263561,-0.14533630721538626,-1.483969246398167,-0.21197352230569125,-0.17892049612131483,-1.782575339600294,-0.28671200742329905,-0.19311522572214557,-2.0231083050468293,-0.3197763988416822,0.05490303404263425,-0.8983078521507116,-0.13538551984328842,-0.029321437283608188,-1.1338887740733627,-0.31724314804732234,-0.11937984933060825,-0.8363414837514599,-0.33655801226878607,-0.14574835624879356,-0.6001030199804788,-0.2950216629303461,0.21209719677496366,-0.7327033458972119,-0.1904291816251605,0.10771670408487928,-0.9273232785621278,-0.3284051555398306,0.0040913715007201545,-0.715448244452473,-0.31488548732637267,-0.03537341842519394,-0.5208261191043226,-0.26999591137123885,V
0.0,0.0,0.0,-0.24393802627635527,-0.11920782669380629,-0.13467684461696436,-0.4162715846461288,-0.4639521928923375,-0.21135033750312265,-0.32194351397930937,-0.7640537288893399,-0.28988345565197865,-0.16250868840264168,-0.9761852100653721,-0.35975105880940994,-0.31419964984603727,-0.9525743771242843,-0.09172344672679547,-0.4314371774136437,-1.3319071447907755,-0.2299475973509371,-0.5073492222950103,-1.5763829832019294,-0.325851136575815,-0.5606951412044088,-1.7874902083710562,-0.38748928567596846,-0.12099104549756828,-0.9857245548212925,-0.11708231690468872,-0.15482473201307162,-1.5190682200644823,-0.2576425575137108,-0.18854315743104297,-1.8591848882308735,-0.34868811736854144,-0.20139617115658676,-2.1405920551537023,-0.3929583634447657,0.05377893628492877,-0.8974082787856236,-0.16211834641452508,-0.020075925724985996,-1.1681587864987208,-0.3611797796707247,-0.10479966399578718,-0.8565847424139398,-0.3794534150843593,-0.13230082173184066,-0.6102029356335292,-0.33332438674548576,0.21672677297254406,-0.7347545505824401,-0.21794399923264207,0.10876303419754736,-0.9265920208261501,-0.3812945709823594,0.015526615749298126,-0.6956276120225282,-0.37456611682951046,-0.01538665584515217,-0.4907852566679246,-0.3284671299469085,V
0.0,0.0,0.0,-0.24920791297630882,-0.15240999300277341,-0.1256790992698282,-0.40223627502527737,-0.4955903248089385,-0.19004711119274553,-0.28335952134912085,-0.7797859948726787,-0.2583010480216133,-0.10901003785662365,-0.981189884352716,-0.31871111570469984,-0.29646744258290203,-0.9666746682184604,-0.05122920789809194,-0.41428937350365996,-1.3425905486478846,-0.1658008219862358,-0.4881069324408098,-1.5873213230526744,-0.2476975482560932,-0.5331811526353792,-1.7959665877415976,-0.30076233702196037,-0.1078033506753588,-0.9916206808165001,-0.07118190050979477,-0.1284760521615668,-1.4598226410005695,-0.18373109834088275,-0.15563599408698797,-1.7471072048665144,-0.25574504362778194,-0.1627357007148538,-1.985168823495099,-0.28968271813329594,0.06221665512141736,-0.9024706282871641,-0.11344176008633108,0.007031197705478573,-1.1399908833293126,-0.287015431459203,-0.07963616660382107,-0.8429248373292593,-0.3047765037439526,-0.10231422978424196,-0.6114889974176657,-0.26505346986406175,0.21499029992370328,-0.7414307469944836,-0.16680267553891392,0.13077136937324638,-0.9322780018203988,-0.3044213484818119,0.03768527354712083,-0.719590621273392,-0.2952563348526443,0.011094689062844929,-0.5315635907942619,-0.25408528977082095,V
0.0,0.0,0.0,-0.2693789168934358,-0.14398465928301946,-0.13696889984937066,-0.42317120885499415,-0.48834635671524823,-0.19987621899572144,-0.298152655333086,-0.7876217343926687,-0.2635095899513819,-0.122747500959631,-1.0021891013317608,-0.31917712880942395,-0.33347743658185003,-0.9555830457350001,-0.04805852844712337,-0.4525986797251839,-1.3293462403370446,-0.15636599526897627,-0.5232658019074719,-1.5725898071543472,-0.23295676735697826,-0.5654277024962292,-1.7846491115152492,-0.28312670730646183,-0.14174104372817958,-0.9880324286043345,-0.06083910378257469,-0.17567367121957475,-1.4571816599558494,-0.17157271656728734,-0.2080597660584205,-1.7409594268956912,-0.24238458039589345,-0.2203654468074346,-1.9765636620038793,-0.27518362506084354,0.028882023162336116,-0.9058920644786803,-0.09752969926156774,-0.01626520674898299,-1.1472651133139447,-0.2770901769793161,-0.09106854925913604,-0.8508289171661364,-0.3005994396169335,-0.11008221249980531,-0.6216927736479101,-0.2631256318964697,0.18357479770798685,-0.7557080133652019,-0.14552882318261176,0.10706011758727765,-0.9452392939311361,-0.2933086493589642,0.023183356717607923,-0.7237242365120785,-0.29072632394731085,-0.001963026425447696,-0.5280301467922683,-0.25249969047111315,V
0.0,0.0,0.0,-0.2622954911327276,-0.15288306797521728,-0.1446762123857902,-0.41202146693292546,-0.49356184530105834,-0.21196414724657414,-0.28845489298191,-0.803614148453321,-0.27867895997586895,-0.11413791807726174,-1.0293415860576791,-0.33677407168248125,-0.3452829243650222,-0.9520996585725364,-0.06166072210902326,-0.4600850918069391,-1.333886984663543,-0.17465759554970767,-0.532203514491043,-1.580176606596687,-0.25253930972764593,-0.5753577614606373,-1.7960577896968781,-0.30256415923355184,-0.1553714439924318,-0.985296679145648,-0.07106453726201799,-0.18967790431413087,-1.4646431413637724,-0.18522629568448953,-0.2231444214072818,-1.7513310454221644,-0.2564336786824105,-0.23617535983998741,-1.9940285746682294,-0.28993260329044535,0.017176122475742392,-0.9029951778364231,-0.10432899594264541,-0.007062930551778127,-1.162178430842011,-0.2862626441623641,-0.0773237256346989,-0.8611874828851195,-0.3081252934405352,-0.09707625717598359,-0.6291249228378326,-0.2688859812858327,0.17457567667457558,-0.7538187106518444,-0.1492317481526456,0.11440238945500758,-0.949915489780463,-0.2960655335497015,0.040764140401676044,-0.7359059395391434,-0.2921068148561222,0.020114714019182925,-0.5461151556397889,-0.25285810382416696,V
0.0,0.0,0.0,-0.2601960528027926,-0.15693386158033495,-0.1433890077194683,-0.40064684147763974,-0.4939700971933242,-0.20925746138282533,-0.26526165081546604,-0.7903499529130865,-0.27391234052044733,-0.08538121635231097,-0.9993707355282979,-0.32983663217749715,-0.33882089854316727,-0.9519023601352367,-0.06719265848747479,-0.45180997871987405,-1.3396387211299532,-0.18181772051553904,-0.5200775823300544,-1.590206908478597,-0.2616482660334668,-0.5634429689281943,-1.8065983620616926,-0.31260656649262364,-0.1477998070018044,-0.9861481583589135,-0.07527965738200956,-0.17771461038838723,-1.4687299930586046,-0.18911345887961245,-0.20731041064269584,-1.761255865354103,-0.25925861244963616,-0.21992736717857309,-2.0043218792733724,-0.29207013320520064,0.02559510152169639,-0.9044406111969417,-0.10665069420126513,0.006031193801587883,-1.1562953574040995,-0.2832758010963829,-0.06819256600972733,-0.863862815457423,-0.3021927661710431,-0.09220347819051578,-0.6361637368020769,-0.2623348974097517,0.18279551457826754,-0.7543558905952723,-0.15000044796597736,0.12944396731685037,-0.9510998124657145,-0.29181468804047433,0.05118628316874225,-0.7403274058638082,-0.28417254242045376,0.028126967224544896,-0.5517770486468153,-0.24297682977397056,V
0.0,0.0,0.0,-0.2646936271720594,-0.15629676389949454,-0.14824956264179512,-0.4023378868835635,-0.5033710952280185,-0.21374988766843447,-0.2581264287790403,-0.8043253662550047,-0.27694721701238745,-0.07202269146144923,-1.00508394088862,-0.3313921433274234,-0.33631948050420224,-0.9505796788397475,-0.07458496732172319,-0.44684140176485565,-1.3456182278577276,-0.18429281204510584,-0.5100176241765457,-1.5999187181752652,-0.2576452634080853,-0.5484065696754522,-1.8207777649866614,-0.3047267896536885,-0.14091905469916632,-0.9867304090979071,-0.08065308291795407,-0.16515583686928767,-1.4631825430994472,-0.19569259433646227,-0.19029732100538022,-1.7546166377480914,-0.2656001904672028,-0.20140730581183686,-1.9971015090890325,-0.2977501955492703,0.03316647416245802,-0.9080055831583687,-0.10937420777304638,0.017664208575911278,-1.1531197619646416,-0.2930713146022302,-0.054121788681369694,-0.8601522058245058,-0.3134768294475991,-0.08041263911350559,-0.6323227278548845,-0.2722987800927824,0.19001187928696275,-0.7616525707586537,-0.14981108175674498,0.1421814855719854,-0.9532706157670103,-0.2989280133412728,0.06443012710330971,-0.7368778050900215,-0.2925463984031664,0.03590226621690079,-0.5407163249370491,-0.2503748635868447,V
0.0,0.0,0.0,-0.26093750665023663,-0.15163205582252184,-0.14679265009184425,-0.3916595026326058,-0.5012764821259864,-0.20546111475826928,-0.23629823856009038,-0.7805478618588654,-0.2598293989696192,-0.05362020430554216,-0.9628583653738318,-0.30465344066041045,-0.317651619985526,-0.959675565613383,-0.07809791281900696,-0.4247802071635385,-1.3605330206178066,-0.18757129564059816,-0.48430264635881815,-1.6129007482408348,-0.26393298976269153,-0.5242227152507019,-1.8273024499719575,-0.3141907171807471,-0.12190454709808748,-0.9892251101616539,-0.08107381095319005,-0.14610347261682338,-1.4677722872616414,-0.19392598937426325,-0.16670657166030822,-1.7623852661326216,-0.26440619815154265,-0.1752746148972974,-2.0054431285933805,-0.29917419043989074,0.050892455654677184,-0.9086413233050068,-0.1064492082618779,0.04391841598324137,-1.1501281129025822,-0.2833862648219917,-0.029318775806490425,-0.8628681697938044,-0.30484193377461427,-0.05862329986170699,-0.6365902827399376,-0.26827696466178524,0.2066785315440096,-0.7620878242344973,-0.14408728399906964,0.16438883493070663,-0.9355992416985542,-0.2943064180027926,0.08404330812099688,-0.7279604527337783,-0.2952770216468395,0.054749564236615665,-0.5438082757961851,-0.259769422849675,V
0.0,0.0,0.0,-0.26041953015382957,-0.16185620161672087,-0.15505459824069617,-0.3822515657267327,-0.49759141470445256,-0.218137878292347,-0.21949444317466213,-0.7573384315280655,-0.2761929682687578,-0.0358089745010772,-0.9316207875895396,-0.32420062012533474,-0.3113818422736666,-0.9596920459475701,-0.08394443288871511,-0.41741780340573453,-1.3606246484694786,-0.1926631450615474,-0.4721482963180439,-1.6165987638346944,-0.26971242446982185,-0.5044939361069495,-1.837622339640859,-0.321646172472261,-0.11435595326053725,-0.989800090088098,-0.08496174206939702,-0.1342007249882251,-1.4687888582863382,-0.19845483476360365,-0.14822273686168785,-1.7656756688826685,-0.27208707829858486,-0.147616312854419,-2.0120123631982345,-0.3097979364751534,0.05721447100914918,-0.9058988775674539,-0.10845586090310287,0.06258804134421767,-1.1461785035912557,-0.2869928986934197,-0.015572024373478956,-0.8530427613734199,-0.30857764433358037,-0.05194548158072347,-0.6239768956900189,-0.27173913344621065,0.20845371339681446,-0.7538992448377402,-0.14511378362333796,0.1778231278512207,-0.9199697301768315,-0.2980350355928411,0.10069017010032645,-0.7152027660852857,-0.29883178414071465,0.06800355298038767,-0.5329473868408184,-0.2621629902715469,V
0.0,0.0,0.0,-0.2549908195132666,-0.14914430467970494,-0.1580328141938881,-0.36820070464383564,-0.4948164698489178,-0.22390686623219846,-0.1945991703504124,-0.7728500562916084,-0.28330557715700916,-0.008786015303103903,-0.9594113992478872,-0.33354557251640593,-0.30752528177100547,-0.9596552504207183,-0.08890693550774287,-0.3985616143112944,-1.3547963844718107,-0.19486175933038022,-0.4510507590944363,-1.6071547442553664,-0.2673460034395846,-0.4836843760791808,-1.826700914624516,-0.3165465067465082,-0.11134791238463014,-0.9897924500151668,-0.08895250587003287,-0.1214146858388425,-1.459935533089789,-0.20110091457801185,-0.13074828729332597,-1.7442425326329314,-0.2718826737797025,-0.12801431282389297,-1.9812987817432148,-0.3074731435873663,0.05670546823314042,-0.9015820756278677,-0.11126114544622087,0.06290946647170974,-1.1409591369143839,-0.292070012710305,-0.010827639466194937,-0.8607772863783008,-0.3141326318992281,-0.0453586559528132,-0.642180625000706,-0.27801435737750874,0.204885158096425,-0.7450124487860814,-0.14615761274794806,0.17612492637097923,-0.91762679944141,-0.30324396220310723,0.0922255565859615,-0.7010728412143967,-0.30463165251029584,0.051553302966465694,-0.508897256598678,-0.26838309024911033,V
0.0,0.0,0.0,-0.25289069610315845,-0.1599714392269563,-0.15356558733593415,-0.3686431409874273,-0.49993410614997774,-0.2181734690154531,-0.19918110532424704,-0.7777471624987701,-0.2777570796733105,-0.01576705422672048,-0.9646360740705247,-0.32759288143947785,-0.3025415740278318,-0.9644529607972842,-0.07951194313715931,-0.3937942140030559,-1.3556650362385485,-0.1836049934616994,-0.44569323652849063,-1.604336124792549,-0.255660390595908,-0.47629693642658943,-1.8219329892294913,-0.3039765444273518,-0.10724179057437105,-0.9909402778893676,-0.08084901985148372,-0.1181162870316968,-1.4575496012305214,-0.18998207190643082,-0.1278933556004708,-1.7410111387708822,-0.2591106631061999,-0.12255088279643436,-1.9768250021611384,-0.29341011280545093,0.05904812950871806,-0.8988224992267044,-0.1047813345528832,0.05825308887119141,-1.1342104096708094,-0.2807492784154728,-0.016872707906843563,-0.8498114448290375,-0.2998627992392859,-0.048172917765168716,-0.6269971932664098,-0.26141576237251507,0.20489302346277066,-0.7390809351098562,-0.1412571990562856,0.17288682610175654,-0.9189247244330827,-0.28832869712033243,0.08937626538917663,-0.7120338171370312,-0.2847599106238685,0.05239686173705735,-0.526338539450902,-0.2460524872190144,V
0.0,0.0,0.0,-0.2527484297186336,-0.16470082469685718,-0.15165099899508502,-0.36864335188823266,-0.5087039623961256,-0.2145386002642501,-0.1969316509557315,-0.7884242505035338,-0.27285832723920866,-0.009758225978515028,-0.9750703644842006,-0.3214516254310369,-0.30210218080773243,-0.9659682596705076,-0.0743220889180793,-0.39282741594283954,-1.3596994185631905,-0.177214694265447,-0.444869246081996,-1.6085544483494925,-0.2496894989916334,-0.4748470653976346,-1.827483092810424,-0.2988824850822539,-0.10676201100796963,-0.9914185366869354,-0.0754397648397037,-0.11469617691129977,-1.4585125811101878,-0.18177136522771026,-0.1234100496793608,-1.7401280000779327,-0.2499408814931061,-0.11715023580948926,-1.9743029943791466,-0.28447689182107055,0.059024782492167985,-0.8995958028873319,-0.0993817468472953,0.06048637255537539,-1.148196184879434,-0.27312171250636125,-0.014554648244364159,-0.8628851751608442,-0.2921909544753284,-0.04456831822222118,-0.6350081873947797,-0.2544040862659613,0.20534556717809546,-0.7401971830401344,-0.1358589286630496,0.1750870678034803,-0.9258158782940081,-0.28314147717269356,0.09174328584966214,-0.7224402959971123,-0.2812308080228277,0.05537900434485771,-0.537001844901779,-0.2438069728069427,V
0.0,0.0,0.0,-0.25633731134820076,-0.15192628795840904,-0.15446425012186177,-0.37684075518417376,-0.4942454864787999,-0.22175339822530782,-0.21219073769369376,-0.7671067563122344,-0.2841365185699771,-0.03094717678983142,-0.9510578119571313,-0.3372446136736791,-0.30816758469223915,-0.9588029210425323,-0.08466834911115556,-0.4000432874074838,-1.3512247542903373,-0.19130793666424883,-0.45294975809154026,-1.601009562324357,-0.2649856825952454,-0.48614799337141285,-1.8175614819700938,-0.3149178621198282,-0.11283925393938046,-0.9896292300199186,-0.08888919990970263,-0.12861710220036654,-1.4607564015482613,-0.20156603482286706,-0.13736622239191162,-1.7453095651267405,-0.27272129226956054,-0.13373164087117737,-1.9834236150247326,-0.3080014779413935,0.05578648773693618,-0.9016295657389706,-0.11564455833095554,0.05247446812612447,-1.144729296770601,-0.2980578009993346,-0.018033366132270412,-0.8593011189788138,-0.3203643459819274,-0.0509907948250119,-0.6335266414995488,-0.28331629435850575,0.20507412265225197,-0.7450137738844902,-0.15469963345107474,0.1724011653213143,-0.9321385154178848,-0.31192645343964515,0.09030953086113346,-0.7213467227816834,-0.3117610614926003,0.0482176171144164,-0.5300270041513298,-0.2742071023575188,V
0.0,0.0,0.0,-0.25669930104925665,-0.1659038226124569,-0.15161307277249242,-0.38033260221417886,-0.5086762863925559,-0.21822880841694223,-0.2175083613064854,-0.7913356335008058,-0.2812242622276036,-0.0270817191542396,-0.980085921764251,-0.33486609508265974,-0.30512822827504826,-0.9609558269004677,-0.07838808155418828,-0.3966557679264929,-1.3572702819398221,-0.18602238848645097,-0.4516527900397979,-1.6084031239924697,-0.2611548466448738,-0.4846921426857424,-1.8298791529080305,-0.31194005447234346,-0.10737813285909137,-0.9908511044797892,-0.08175588868624094,-0.11333633457424873,-1.4627914605561247,-0.19435104087563324,-0.12699358525522345,-1.7512473498072942,-0.2680405310903836,-0.1272356484459909,-1.9942694176508298,-0.30587999870332444,0.06170830931085001,-0.9054045975131519,-0.10747197155729753,0.06216667622920461,-1.159121672475841,-0.2863752078245678,-0.015158497042494803,-0.8731239178802114,-0.3089394084755239,-0.04750575352328731,-0.6481126394029318,-0.27271424001517464,0.2124028735857216,-0.7525883815705328,-0.14547649624520265,0.17945235320618552,-0.9350327153658872,-0.2968229430379728,0.09750203043890714,-0.7263069104452388,-0.2970509663742679,0.062336953857138826,-0.5370175675331831,-0.2604557660664515,V
0.0,0.0,0.0,-0.2680466293489206,-0.1568485681927553,-0.1526420870284207,-0.390892716848089,-0.5079584686462479,-0.21569027674791172,-0.2213780645099637,-0.7906909545342131,-0.27397124259699224,-0.0355167604364241,-0.9836854490020126,-0.3231651680547946,-0.31584335362264465,-0.961032516007344,-0.0782636735456025,-0.4087783065044301,-1.357993056152154,-0.1836651692842202,-0.4630905242538357,-1.607410097444196,-0.2568716084736745,-0.4968533045185513,-1.8269375083439332,-0.306434880943986,-0.1176848823317426,-0.9897836649368441,-0.08048953406967188,-0.12918247467353225,-1.4664045998226913,-0.19227734859860574,-0.14129977099490765,-1.7548243797978278,-0.26466720068109206,-0.14042660388240066,-1.9970894503390417,-0.30129302957913057,0.05184506189977165,-0.9047402847870751,-0.10517675480994279,0.04892832438450369,-1.1566104802888668,-0.28742117964004466,-0.02242307672216656,-0.8664941125293972,-0.31152211157714293,-0.051504243825866235,-0.6402354490956943,-0.2758342730834304,0.2047406756514927,-0.7532708312425377,-0.14191962642636502,0.16858605211208355,-0.9304646901432408,-0.299966840124977,0.0868784073564387,-0.7148195564647809,-0.30284960096462143,0.05108352560900374,-0.5247340579912213,-0.26729671343006606,V
0.0,0.0,0.0,-0.2684158646213033,-0.15341412389240378,-0.16161140024467766,-0.39154959045252313,-0.5071931257194727,-0.22894349747937387,-0.22519361274566346,-0.7966707968229109,-0.2901488779179848,-0.036587916743120646,-0.99808016771306,-0.3419103497353102,-0.3115911511875364,-0.9619655914230099,-0.08607366169862901,-0.41019889378905766,-1.3726896427627067,-0.19699666786770834,-0.46573187887505946,-1.6277704161390356,-0.27239111491513185,-0.49900835316195147,-1.8506584106323045,-0.32284153653536096,-0.11095534940191328,-0.9901555480367773,-0.08532819657703054,-0.1232422118145189,-1.4766969889274368,-0.20301794317756605,-0.1366828294520134,-1.7707808991938576,-0.27893156794671914,-0.13762582299915135,-2.0165131015862814,-0.31724014710250054,0.061027150000485274,-0.9066485109102106,-0.10814617449643564,0.061260229903780744,-1.1657148827078578,-0.2962429906976224,-0.01428657542139537,-0.8837310895276931,-0.3260347409140852,-0.0480092201476515,-0.6632560348409591,-0.29363563973944207,0.21703853313169275,-0.7572997003186243,-0.14364194159485255,0.18071707659442113,-0.9347067899932654,-0.3085439232958974,0.09652748990924473,-0.7199796487418798,-0.31761397738037134,0.057822446883817456,-0.5296518590491686,-0.2859259785376703,V
0.0,0.0,0.0,-0.25921245227788714,-0.16110868768175157,-0.1549438587523427,-0.38517966904772916,-0.5044907995960757,-0.22152671364675403,-0.22611719263269725,-0.7890827801773916,-0.283713708881928,-0.03814513092145535,-0.9776029341922192,-0.3363157258595923,-0.3102619216817141,-0.9566213708504959,-0.08099256416287373,-0.41012871652105015,-1.355983974957555,-0.1886962820210809,-0.46688272300820316,-1.6098571898662595,-0.26352578509889496,-0.4994527275291235,-1.8330217255232168,-0.3139593881117702,-0.11571046860951316,-0.9898385239402853,-0.0826485570223943,-0.13230891115608637,-1.4641914786126018,-0.19504153282222916,-0.14784257021704791,-1.7540701710506736,-0.267330625694051,-0.15104586523578167,-1.9993290116115296,-0.30432340682045467,0.05206953007994467,-0.9088352392160212,-0.10712275768704024,0.059419105313338126,-1.1620476032482667,-0.28652020791004507,-0.0145143596241544,-0.8776262354274246,-0.31005630006809815,-0.05083023248239273,-0.6543512249155258,-0.2748431299286275,0.20160509652362374,-0.7594280367510812,-0.14437232624274315,0.17360005383815766,-0.9350091207399939,-0.29623338362519464,0.0927044844763343,-0.7285914692951642,-0.2981192826508612,0.05346183677891426,-0.5410070687028125,-0.26334544274848337,V
0.0,0.0,0.0,-0.2664951206041486,-0.16446668566479236,-0.15850972502031815,-0.38358624822495435,-0.5162403510230104,-0.22224826710852558,-0.21426650007721407,-0.8024948292701332,-0.28018641612095285,-0.027204448380974754,-1.0005912474278453,-0.32854813162729474,-0.31174367235678074,-0.9589508338876331,-0.0787061835593893,-0.4113078510767682,-1.3596531320707577,-0.18394419184577498,-0.46396471645327225,-1.6155103302336469,-0.2551035949044594,-0.49617123150124165,-1.8383482201690493,-0.30200249595701784,-0.1153912287425013,-0.9902723285371008,-0.07775332573597038,-0.128303787256701,-1.465688566295351,-0.19081524443866724,-0.14236060690945826,-1.758465105544948,-0.26175873597970817,-0.1461001190398735,-2.0005810752960365,-0.29544849194562267,0.053490985490760694,-0.9083126339740069,-0.10022353228123905,0.05391373273048623,-1.1468080484973382,-0.2837610236526433,-0.0179474212675049,-0.8593692144743474,-0.3084172350845639,-0.04890597888089438,-0.6365199975669388,-0.27154704073413355,0.20566368853517597,-0.7597599174390889,-0.13545353132233856,0.17307916541724572,-0.9339495052584388,-0.29240573077314747,0.09129785881495067,-0.7198290709875962,-0.2945271209716872,0.054152783972322066,-0.5298291155480177,-0.2579446980606754,V
0.0,0.0,0.0,-0.2608412477823736,-0.16025426703071088,-0.15561748871252404,-0.3804860547737571,-0.5067893487838503,-0.22160668937438222,-0.2134225396688441,-0.7880781329123213,-0.2829865625303483,-0.02736275277525946,-0.9798221419132424,-0.33456173495096536,-0.30926679731675477,-0.9594891915452515,-0.0796941690819862,-0.40122611681107084,-1.3588900768339847,-0.1843991307714364,-0.45400669110675046,-1.6108472653956034,-0.25623279634906376,-0.48544226516003736,-1.8318682285506762,-0.30469982411353647,-0.11279313369553524,-0.9902713414258638,-0.08148852276094672,-0.12561445235327645,-1.4630344313605055,-0.19437482266936304,-0.13658307673359654,-1.7525324011783452,-0.2668645995082012,-0.13394248548274745,-1.9951621490733449,-0.30337353876652906,0.05610773442361436,-0.9062261250525027,-0.10609416289326068,0.05842805313069741,-1.1565026403525935,-0.2893911137636917,-0.014216994810911984,-0.8663506781671465,-0.31303886601982966,-0.046211672678035234,-0.6385051730242647,-0.27645118441373673,0.2081070760728694,-0.7555680075420289,-0.1431084168451236,0.17935073052585931,-0.9346396596567473,-0.2999765143366537,0.09782782615817764,-0.7200473013205048,-0.30179563776346424,0.059213298527772455,-0.5271767511662306,-0.2655152312420504,V
0.0,0.0,0.0,-0.2627116740376361,-0.15611184057051347,-0.15342674803974862,-0.3857171768471759,-0.49435599685021414,-0.2201201377495957,-0.2241829723057198,-0.7738767334328389,-0.2826748199816126,-0.039331121998866826,-0.9605618872003199,-0.3359864351180485,-0.3084353918466658,-0.9548790735945876,-0.08309711861164498,-0.4064812012662235,-1.347970562932914,-0.19070140708542369,-0.46058752474073716,-1.6031189940865245,-0.2663135713495021,-0.4938947048585677,-1.8246681884436429,-0.317704631448495,-0.11542854455662689,-0.9894958104220367,-0.08703040996557164,-0.13507787491190978,-1.4663078572282244,-0.19852616740977508,-0.14923384409259746,-1.7572124923614894,-0.26976004422721367,-0.15040188097514925,-1.9976236410004948,-0.3062980005044395,0.05237657342188701,-0.9072211565662631,-0.11337324373112387,0.050562727751030094,-1.159289419599109,-0.2907028667510481,-0.01673787550924077,-0.8747607225096422,-0.3115069457422099,-0.04633288900293656,-0.6467872778404651,-0.2756684020912073,0.20263968713535166,-0.75517513981348,-0.15272684896878108,0.16759440435270007,-0.9392985094545125,-0.30543950858233154,0.08745887346312753,-0.7291729834720053,-0.30523047971636375,0.04903932518602468,-0.5364237383353262,-0.26899687174597214,V
0.0,0.0,0.0,-0.2637540044253009,-0.15391485630074211,-0.1615555880416867,-0.385253283808434,-0.4932943445540404,-0.2307763102833886,-0.2281906040866492,-0.7702233047108514,-0.29367729663091496,-0.04835677050255259,-0.964699349059309,-0.34675863489409176,-0.3148053776992696,-0.9573567999728383,-0.09186232591786318,-0.4191626160572089,-1.3487796903352591,-0.20331724896713207,-0.47468158379268244,-1.6054516070866793,-0.2796484319936312,-0.5094417348064381,-1.8250377141354752,-0.329873239425812,-0.12235440561709794,-0.9881791752101279,-0.09236512928112142,-0.14189439589758865,-1.4646470476623714,-0.20873824550387923,-0.15787548039094979,-1.7591191116630438,-0.28142123640245975,-0.16089295605490977,-1.9996009848550613,-0.31700832782052374,0.04599290643660776,-0.9033992897440845,-0.11591781369468819,0.04672985819540137,-1.1405926912886668,-0.2968711678318035,-0.023896901517231367,-0.8609858900332257,-0.3186819433919314,-0.05503409655287718,-0.6436066585340319,-0.28198104349928416,0.19560366481597893,-0.7519982161580583,-0.15294853929666338,0.1591006743950229,-0.9252494880094795,-0.30573315319224176,0.08126096422796147,-0.7141295707878969,-0.3045510806983242,0.04786628088215095,-0.5268315489388451,-0.267002405361174,V
0.0,0.0,0.0,-0.2618866820633104,-0.16118407203402116,-0.16199393973504395,-0.38248644685107275,-0.5036776798297239,-0.22831187752565588,-0.2185025464492251,-0.7876569536792458,-0.28820905867066604,-0.030111686802390552,-0.9883629189909329,-0.3380497588229261,-0.309396860820296,-0.9604214784399431,-0.07815150343226841,-0.41284741932859725,-1.3581823384764946,-0.18698811798327528,-0.4682253611517181,-1.6114880494714834,-0.2618090314227207,-0.5022053772810929,-1.829413549215158,-0.31059120391574846,-0.11464987197960719,-0.9904927101665794,-0.07602366711705336,-0.13139677500573424,-1.4664814659077472,-0.19054650243299642,-0.14736529240762647,-1.7565061046712842,-0.2639483510797514,-0.14798710190533093,-1.997903133679137,-0.2996983001848776,0.05419388168923905,-0.9087923736367175,-0.09809778722805078,0.06010650338593545,-1.1457352238872187,-0.2833146266149585,-0.01878257996303965,-0.8541559209104075,-0.3088731742403138,-0.051521973769283684,-0.633065279719005,-0.27285872198364153,0.2060273997555207,-0.760234031078375,-0.13325479907052684,0.1672077578970244,-0.9303150358140392,-0.29040175655265027,0.08326478675104415,-0.7135566462766734,-0.29303152376869496,0.04892666828443709,-0.5264707437609399,-0.25720043039703855,V
0.0,0.0,0.0,-0.2606738717399365,-0.16322688762626952,-0.1803109015718543,-0.37525957321897857,-0.5023391416836326,-0.2569703635528294,-0.20595206484491635,-0.7900194628332695,-0.32445031877983416,-0.015714097510931734,-0.9909973591641208,-0.38070732933034984,-0.3217223666486667,-0.9637047762362951,-0.09601614313076187,-0.41193077752738594,-1.3600024392200656,-0.20783824769620973,-0.46421345682338166,-1.606691582509575,-0.28142185704123274,-0.4995681445616043,-1.8235193669278262,-0.3282765749937656,-0.12561696126731553,-0.9882163454790407,-0.08745761013208034,-0.1330354546536867,-1.4549520390260144,-0.2054652672116792,-0.1453473225785625,-1.7434555610155282,-0.2763155832899355,-0.1439104182599988,-1.980675650369355,-0.30894404132826064,0.04059883097530077,-0.8979198644421666,-0.10582362814696651,0.044198556946059994,-1.139190141616456,-0.2966685543163565,-0.024033514596710114,-0.8561762159067318,-0.32594826743548794,-0.04749570711594844,-0.6350277019697376,-0.28953241461299656,0.18943097253715876,-0.7504110431536984,-0.13831509078638085,0.15379260817363502,-0.9207252161144803,-0.29625404814817424,0.08254687409452185,-0.718110462187538,-0.3037729906526983,0.05581531319348252,-0.5410981379172238,-0.27083768087502974,V
0.0,0.0,0.0,-0.2553183813762825,-0.17111844170966206,-0.2283686069832464,-0.33802089361311927,-0.5015899350790693,-0.31137910264561836,-0.15176065096619157,-0.774365234371994,-0.374932235255893,0.029334284251101565,-1.0042574108424087,-0.4242236168593739,-0.3604188745320536,-0.9651600787555151,-0.11280561551839453,-0.4405217079890905,-1.3760451373394131,-0.21456076853041012,-0.4787037725825197,-1.6405680957770157,-0.2795171313180719,-0.5099145108529604,-1.8627095384495387,-0.31860237560882787,-0.15979064447284083,-0.9839628523805529,-0.07927203210515137,-0.17930759525237722,-1.4464534123649309,-0.18594157349085977,-0.1856331365390544,-1.7384317202391126,-0.2445675671698457,-0.19351486605122661,-1.9693794507384486,-0.2657738665045625,0.011031852964380893,-0.8899971408677433,-0.08083999802738617,0.04003945053998781,-1.1092461222858085,-0.28146679311683614,-0.004188749702232739,-0.8237700272297804,-0.32602729830599564,-0.026194667696139307,-0.616840090974866,-0.29405498023584054,0.15866854676135922,-0.7634765865256381,-0.09935262806283841,0.1613227057491034,-0.9410281679326674,-0.27191850431503883,0.1029454117872311,-0.7395769948752386,-0.29561479236802474,0.06914900393331909,-0.5759818807383437,-0.2717260481161713,V
0.0,0.0,0.0,-0.2458868120226019,-0.16176009343985234,-0.2179375612658701,-0.3225726484613454,-0.48688623747214094,-0.2971913591340697,-0.12599851633477283,-0.7490958700225981,-0.35524159037223857,0.04868151424678455,-0.9565999703720351,-0.3991721562712175,-0.34730798285857717,-0.9547652255459061,-0.13889601160841072,-0.42966325091763297,-1.3671646345593849,-0.24676747419520942,-0.4643317423316707,-1.6347178959986646,-0.3165919021464852,-0.4930106771199438,-1.8651465311116233,-0.36134131956889565,-0.14891638594164183,-0.9829433355261428,-0.10791806680450042,-0.17020835229749962,-1.455055043675084,-0.22531672899642524,-0.17182556615909697,-1.7452092588652794,-0.2939952190329799,-0.17421988791486767,-1.9764288752725554,-0.3238889650213853,0.021269452937830897,-0.8954619201712654,-0.10589287129846205,0.06307055065780486,-1.1042886838297814,-0.30589210400002714,0.030601067223848536,-0.8484229967528892,-0.3513719979058075,0.00563625395164106,-0.6588468841393992,-0.3236891337506314,0.1699447083232375,-0.7602955055464774,-0.11944349271698688,0.18577045627939404,-0.9242883770934515,-0.29185896226849534,0.12775594534373055,-0.7301253530431082,-0.31341627591642646,0.08559364550471135,-0.5677451531769016,-0.2886712646991656,V
0.0,0.0,0.0,-0.23136627454271663,-0.1607363340823078,-0.20052669444732255,-0.30641425964905283,-0.496066297860586,-0.26494721154742873,-0.11213033992930713,-0.7634630416083853,-0.30926505756953054,0.06702451757476406,-0.9471132668343174,-0.3392613568953769,-0.3475409656539381,-0.9574717453664862,-0.1207466960125748,-0.41649084866124664,-1.3838430658896763,-0.21926045008566133,-0.4476387095108174,-1.6509514633421818,-0.2828734777185978,-0.476406228446003,-1.8792733762402591,-0.32576754226400023,-0.15144214203869588,-0.9840210715869532,-0.09363657558665757,-0.17688706130667825,-1.460346225433123,-0.1977156567474478,-0.17943309552663525,-1.7462397535595942,-0.2531679996517292,-0.18644219267931655,-1.9837428959483023,-0.2756524976223291,0.016878731278914472,-0.8885831372495401,-0.09456186681211659,0.06980272944051612,-1.1110605927478112,-0.28296200326173193,0.03911338817869137,-0.8447848251830536,-0.3154346209883984,0.011750398107969611,-0.6523787515931224,-0.2811556705562563,0.16261042868822245,-0.7375085403440216,-0.11015683442821475,0.19581183203691213,-0.9130803798968492,-0.2845498618045463,0.14021716569468431,-0.7313168585654948,-0.30545877184175385,0.0941678350793566,-0.5799801760319805,-0.27941980918514736,V
0.0,0.0,0.0,-0.2372588187924302,-0.1691339857903085,-0.19861541223813914,-0.3186315516030414,-0.4879245973039046,-0.26128458247871345,-0.12424748970715749,-0.7418398328490152,-0.3054248927066382,0.053395042583245914,-0.9254263602604644,-0.33568064213309823,-0.34668887712337315,-0.9493386477143548,-0.1056188497752995,-0.42937095740960995,-1.3581782361397186,-0.19901590613213177,-0.4640508634442281,-1.6187303781248343,-0.2617217865573606,-0.4923643702244731,-1.8412050522508085,-0.3029927508027992,-0.15556522738079276,-0.9847135718217145,-0.07834948308753133,-0.18361096575532254,-1.444721574757937,-0.1796212098166392,-0.18378329821470493,-1.7339470570692943,-0.23900976940202331,-0.18614138772310027,-1.9650001165832427,-0.26371374859283514,0.007544074618612385,-0.8998853414575698,-0.07957084067472299,0.05851382224781139,-1.092604435839396,-0.2646321352353324,0.03313713023992689,-0.8374038698117767,-0.3048261796161646,0.00935272274061488,-0.645545805700728,-0.2751938713026965,0.14943204577010707,-0.7580209659484355,-0.09565698551298923,0.17919499915249268,-0.9103287306312198,-0.2636240272161365,0.13068025170566933,-0.7265719775141704,-0.2853842393471066,0.08910178041129913,-0.5675605222964857,-0.26015899660173863,V
0.0,0.0,0.0,-0.24252565556841338,-0.16563551421434988,-0.2047730494050336,-0.3144722986082991,-0.48965326405831583,-0.27224064813329923,-0.11076359512895684,-0.726337856991765,-0.3208499824127513,0.07590326609518888,-0.9010260212323308,-0.35613522785742335,-0.3276695277257947,-0.9625179810160129,-0.11243299083919628,-0.4006533232034788,-1.3683929180677161,-0.208269938572678,-0.42671260024564506,-1.6292033441247196,-0.2733081365904482,-0.4486673926556733,-1.8499145378901007,-0.3180782142670847,-0.13436926098364593,-0.987121341269345,-0.08681220716764348,-0.15710006149706268,-1.4582399339244203,-0.19266062467181627,-0.15219538480205386,-1.7449463952970843,-0.25902064048379125,-0.15027721496311486,-1.9752124805279303,-0.2906124225375268,0.02614286020037705,-0.8919672191462465,-0.09006098535184903,0.07831975278346075,-1.1021616787067525,-0.279568440891438,0.05111576832579849,-0.861402512880525,-0.3291184039107547,0.02483925992828236,-0.683653168505488,-0.3093078695398257,0.16777027898865238,-0.7418331986800664,-0.10837652276915541,0.1972660118172567,-0.8880772080495174,-0.2811755074270366,0.13951620155346878,-0.7026435166189741,-0.3115881093160141,0.08987968541600491,-0.5489597576087808,-0.2958362638557035,V
0.0,0.0,0.0,-0.2365744826982178,-0.16483238777444342,-0.21466154230547949,-0.30622766389738243,-0.4805341718529525,-0.2860906650008037,-0.11192720787071259,-0.7137146909347385,-0.3359055503453992,0.06991877761484856,-0.8846603827072315,-0.37274675959687587,-0.3193513373382913,-0.9589581655900867,-0.12636051935883752,-0.39110635767632973,-1.3606156223199317,-0.22305824060606733,-0.4169288336828226,-1.6157825837765059,-0.29223292088443253,-0.43557645392622485,-1.8359644098343395,-0.34260959268206115,-0.13014328605723438,-0.9869519027185167,-0.09480857985712252,-0.15616131107307696,-1.45614152186168,-0.19918970416454576,-0.14846818789288255,-1.7334596204876973,-0.2714791356578665,-0.14217830605803225,-1.9615686865034436,-0.312915746629061,0.029718654509410157,-0.8953328138752898,-0.09170087768361537,0.08844110472965894,-1.1261733117892234,-0.2764305595745107,0.06727865751420409,-0.9106798670440392,-0.3364917283059951,0.040778848105390154,-0.7480631454437627,-0.33206068260999383,0.17156590318274378,-0.7468335632932889,-0.10475826928746652,0.20056344466087397,-0.8835742309602038,-0.2820305474230172,0.1461928980335621,-0.7021816773460026,-0.3252580579302655,0.09619677023693747,-0.549517107780199,-0.3228094737063162,V
0.0,0.0,0.0,-0.23251077143930565,-0.17000611590195933,-0.19856672163581926,-0.2999183379042434,-0.49435074610241025,-0.26182951909253066,-0.1060627427563813,-0.7446279396191736,-0.3085022206729056,0.0606463810229123,-0.9421992550415211,-0.34280648825273297,-0.31210786455244244,-0.959265586854259,-0.10599811384268708,-0.3842447179018122,-1.3600195064350915,-0.1989642259058715,-0.41731657591753185,-1.6140735408620586,-0.2611383120388495,-0.438989953343265,-1.8337933171599774,-0.30293014237849597,-0.12440742820431348,-0.988847974541949,-0.0818686451083304,-0.15164609849794863,-1.4428872787192457,-0.18509934637462774,-0.14674608821069643,-1.7251685838240183,-0.2512648431071853,-0.13897340804468097,-1.9499005630337365,-0.28370935995383456,0.03392236720088539,-0.8951993508714573,-0.08584473670111865,0.07954757503877512,-1.0765613701069958,-0.2693543499009933,0.047966024591605386,-0.8265853252140177,-0.3179043873466026,0.022755730649437436,-0.638645378849311,-0.29906151692041677,0.17015674201100087,-0.7471695221220794,-0.10524298910724621,0.18858616759455613,-0.8702242159853583,-0.2680987611127466,0.13267135253062812,-0.6876156465640585,-0.29621912247519366,0.089517490261717,-0.5323729612341264,-0.2809786660602442,V
0.0,0.0,0.0,-0.22861749321132646,-0.1610893838260977,-0.19973211686986406,-0.30292055290347963,-0.47684014524034446,-0.27005681229108064,-0.11631364964425697,-0.7154422550767074,-0.32521189329143396,0.053585728293351134,-0.9030975799443662,-0.3682761903280248,-0.3084408667209704,-0.9628671525871243,-0.11334800391088289,-0.38134769337553914,-1.3683181346346258,-0.20966852724281668,-0.41684614315296775,-1.6255366126920996,-0.2756894492509023,-0.44212774061918914,-1.8463656452350061,-0.3208280923498928,-0.12088116831232301,-0.9883640722161539,-0.09232661533788142,-0.1450733614019605,-1.456477056241456,-0.19829116057338828,-0.14288587904706826,-1.7415450599756794,-0.2699825716813209,-0.1406298752385533,-1.9710042178143368,-0.3092822003094599,0.03921877439706441,-0.8915031428392822,-0.09830470559138248,0.09057495336715998,-1.0994659714242654,-0.28054631385149303,0.06023187561466827,-0.862817156696236,-0.33034102767115453,0.02761501317012659,-0.6825077219690099,-0.31649817615906434,0.17580935331256728,-0.7400566357302798,-0.11964841333596406,0.20410567789814504,-0.8866376859519832,-0.27941289094615784,0.14602854179185942,-0.7046063244424217,-0.3038597084564171,0.09349860766841019,-0.54269598421311,-0.2890336770838614,V
0.0,0.0,0.0,-0.21599603066897619,-0.16350719052941817,-0.18932269509314295,-0.29107663427719577,-0.4755238185112334,-0.25588085440703506,-0.1051237865431607,-0.7106281317219107,-0.308571853984494,0.06565070758897391,-0.884736704886945,-0.34882281147680144,-0.29987618612870576,-0.9591867446187612,-0.10563410499399191,-0.3694486934367741,-1.3569051326245083,-0.20064984411725098,-0.40239510670718387,-1.6155158564876337,-0.2663745248682934,-0.4280373053186974,-1.8359073787633442,-0.3113076113879805,-0.11694125665469766,-0.9892057596002513,-0.08829896752346547,-0.1386106831362019,-1.45213829407218,-0.19402322472144556,-0.133784123123369,-1.7364578981274772,-0.2648669663810367,-0.1304539988464886,-1.9646854398923397,-0.30155144799714634,0.03902069880731756,-0.8955191274647759,-0.09627675403047443,0.09271661836741926,-1.1010510934154711,-0.27531669510874773,0.06834477527275748,-0.8591632750884329,-0.31855250470658786,0.03893413359222942,-0.6749790821296757,-0.29853902245381275,0.1721971077557277,-0.7409483672868674,-0.11897288598220668,0.20654152727894404,-0.8900411312521046,-0.2743021628718915,0.15380024188015692,-0.7084167639811441,-0.29199637296445785,0.10329449217558755,-0.5457352386250792,-0.2706523075562877,V
0.0,0.0,0.0,-0.21233645691259503,-0.17206598467221584,-0.17442060522897693,-0.2831988519591091,-0.47911964799198037,-0.23464395829027587,-0.1035177671730162,-0.7095709993644694,-0.28365893484313054,0.06338541539449917,-0.880672340174062,-0.3210705004694484,-0.28949894850376046,-0.9650839566425781,-0.08969518671392228,-0.35841688016918666,-1.3542393476558472,-0.17706211782389517,-0.3922119660430926,-1.6047873361977985,-0.23857437067684453,-0.4165119299750999,-1.8214949318353604,-0.28113776904793397,-0.1079547770418169,-0.9911911432419759,-0.07671951298409457,-0.13204624065878387,-1.4427603777703237,-0.17287204226808126,-0.13147000561088767,-1.7141395931992842,-0.23847212744482518,-0.1291951967939448,-1.9376854713212692,-0.2735944508858726,0.04784950267950242,-0.8953588560360148,-0.08769028875773717,0.1014745520604377,-1.0969227966715276,-0.2565355841292128,0.06951286136182283,-0.8579519640718222,-0.2964251529063953,0.03643345061992229,-0.6795104444498297,-0.277453163797016,0.17987924806019767,-0.7401906342377932,-0.11236617320435183,0.20853176603719187,-0.8779985655644155,-0.2591936332404149,0.15324707174349908,-0.6992187827730855,-0.2744350227651391,0.10374826119217467,-0.5427397362094205,-0.25328554697953987,V
0.0,0.0,0.0,-0.21744627553810186,-0.17486307106229446,-0.1614024661096821,-0.2985840759084596,-0.47965012907777094,-0.21449833458059153,-0.12789629821937123,-0.7139592795929969,-0.25826387234373016,0.03713018645344353,-0.8854163907235387,-0.29073224635512207,-0.2950320840844254,-0.9636807796575431,-0.07117146002951777,-0.3622544162096543,-1.3345696851523297,-0.15230769616108897,-0.4007347991753403,-1.5781015875530413,-0.21198348748034412,-0.4309629656111733,-1.7909194573487415,-0.25283242721454424,-0.12053137233755384,-0.9907978791780787,-0.061577194631188936,-0.14545102921074718,-1.4502886428578783,-0.14794219135143868,-0.1457528864903217,-1.710901379908024,-0.20875224622001062,-0.1427212557012281,-1.9233049848647408,-0.24178351495926084,0.032637148575422194,-0.8977348663821371,-0.07496365092078369,0.07767155603597915,-1.0882938630826382,-0.23328142828585244,0.04169395512876963,-0.8469473246854216,-0.27114958179256,0.00738190127317053,-0.6703725683283517,-0.2532504190224626,0.16436052701203754,-0.7489418614070452,-0.1012942579804813,0.18527290335977648,-0.8804201848351524,-0.23489335595227528,0.12758312401222796,-0.7046502361347996,-0.24449193320882445,0.07907267872228099,-0.5542149708629023,-0.22218942465251873,V
0.0,0.0,0.0,-0.22557146504551304,-0.16656088126821547,-0.15943524119350358,-0.29974547436881616,-0.470780155387879,-0.20903970443391914,-0.11738784520775158,-0.6969201180166298,-0.24901597776900047,0.05399123129081184,-0.8621773755163864,-0.2795484414273628,-0.293691376085254,-0.964768689974211,-0.06745930200156093,-0.35825260809199255,-1.3400594067672784,-0.14552707145445198,-0.3944393059422589,-1.582914133958362,-0.20436910527723653,-0.41690075238342506,-1.799833497952088,-0.2466068801538265,-0.11190001685232037,-0.992001328122973,-0.058410198002643576,-0.12993444429988052,-1.450071708682155,-0.13871988651637066,-0.13075823115834953,-1.7130578664555198,-0.1991122847563733,-0.12438936520820633,-1.932169911370801,-0.23460870190328584,0.045186870012479896,-0.8979036170560915,-0.07189042127284778,0.09447195712481235,-1.1071964924091695,-0.2255458212498178,0.05181614884459994,-0.89662561132136,-0.2667709180377324,0.01770317513318927,-0.7346298636633679,-0.2559756178534487,0.17732825222659857,-0.7452016465033799,-0.09831478957324365,0.1877550147191625,-0.8543467222852065,-0.23937212466369703,0.1236177054792348,-0.67542391453321,-0.25688909567565243,0.08050567343316392,-0.5200189072739915,-0.24047637330010346,V
0.0,0.0,0.0,-0.2275092187145056,-0.16464445889593202,-0.1604702934083704,-0.3168738039677273,-0.46659300910573803,-0.21896839228908227,-0.13584305248476133,-0.6859222572275904,-0.2684667132666672,0.033414253067414815,-0.8487973433716327,-0.30655544036039184,-0.2892769043637239,-0.968800275484652,-0.07921813920427176,-0.3575909989241473,-1.3346584073302434,-0.16683167944334365,-0.39668161419444875,-1.578363377726984,-0.23190778921008876,-0.42370553973012126,-1.7907277476691728,-0.2770492184126319,-0.10795944062093672,-0.9914140574542917,-0.0737761876409508,-0.1208693752108451,-1.446099160912733,-0.16497086507520298,-0.11804617161551186,-1.7147515889115863,-0.23039752449858242,-0.10908061393546156,-1.935972056865111,-0.267756492314339,0.04820279485227131,-0.8905974232810931,-0.09056661247579195,0.08792944737452496,-1.0732889887498578,-0.2482982343951513,0.039530931427371754,-0.843994856713213,-0.28295877362888255,0.0033912226992367494,-0.667187086276318,-0.2652214086391757,0.17773254697957064,-0.7305162613971314,-0.12113143723557743,0.18216836627036348,-0.836296193346984,-0.25816945259034196,0.11684729544973932,-0.6552780545007423,-0.26763610920131903,0.07345554583080773,-0.4980218980173601,-0.2451308296913563,V
0.0,0.0,0.0,-0.23311568681449837,-0.1524262181854555,-0.15818735376380152,-0.3410433026670027,-0.4475323199936332,-0.22252505076968698,-0.16157847746436024,-0.6420131138853024,-0.2808780756378997,0.013394193162859913,-0.780969913613733,-0.3289916965256396,-0.2845277436746349,-0.9694920005938876,-0.08811740695834865,-0.3552145208472343,-1.3364000775156542,-0.18600574140770085,-0.39231604500954675,-1.5774719187051593,-0.260722014869933,-0.4118359861449824,-1.7914971985412365,-0.3146459942982927,-0.0967363192949044,-0.9915121032432472,-0.08686675803451231,-0.10654515221381701,-1.423651305376655,-0.18929646451477808,-0.10543040880632705,-1.7054659385928568,-0.26453719861455804,-0.09937261359192447,-1.9481835319506267,-0.3086623448609938,0.059108218073437205,-0.8892866101417976,-0.10751654871420994,0.0787367927152501,-1.0927867122637718,-0.27917363183151384,0.03225528799079033,-0.8351837149647026,-0.31962111912526286,0.003130372210961593,-0.6307563645037765,-0.30153628228942375,0.1906106684102938,-0.7177711213116695,-0.14122713223489436,0.18361789778744805,-0.8261855425421236,-0.2967281417068274,0.11504970125595392,-0.6406517860543411,-0.3156204004878163,0.07008088401778428,-0.47165759454586326,-0.29493168327513924,V
0.0,0.0,0.0,-0.2312765822108581,-0.1472455664056623,-0.16238076569514534,-0.33188972832237296,-0.4416817318500281,-0.22566434306787989,-0.15049787926916247,-0.6431872490589954,-0.2814456398902544,0.027821802072765592,-0.7807329228390261,-0.32586758678456085,-0.28159504946576835,-0.9670561299565354,-0.08296628697909861,-0.34900490351499786,-1.340108563650014,-0.1786047275990623,-0.38963941406158814,-1.5852348437365655,-0.25144413921448505,-0.4181737133069072,-1.7985385981615158,-0.3027295586694564,-0.09510555451544268,-0.9923110945655216,-0.07920621883720011,-0.10336613356591924,-1.4353386030847455,-0.1783802534594679,-0.10204345242905903,-1.7212384288225477,-0.2517796306910752,-0.09891908881469812,-1.9598279803921523,-0.29308394054481346,0.0597479111968919,-0.8913411224794217,-0.09830442695763722,0.08633063795985217,-1.0755150593577794,-0.26450616395987264,0.0372586365850946,-0.8274729683138574,-0.30412761784997694,0.0037391666851347696,-0.6297537326759896,-0.28567327708428725,0.1907462325151014,-0.7248043198244736,-0.13130706936540315,0.1869682653356428,-0.8177915521140944,-0.27882152550628275,0.11480142449124832,-0.635290655598128,-0.2944437477499032,0.06729576211949162,-0.4711273808013102,-0.2724975645809777,V
0.0,0.0,0.0,-0.23087320176495268,-0.13812518421068407,-0.16670214578252804,-0.3449407821002043,-0.4276312094474561,-0.24150201794890688,-0.16831213534653194,-0.6339043425590468,-0.3092352619006471,0.015977354265680106,-0.7770160206765554,-0.36605373056498197,-0.2933780268196005,-0.9547394512421323,-0.10830602724918412,-0.37342943632827647,-1.3316407102186991,-0.21857359765114828,-0.4177860866146926,-1.5785256359716378,-0.29530954571760026,-0.4509329197798721,-1.7912558304440898,-0.34611568641206225,-0.10399989552448065,-0.9886669337642968,-0.10826687310530748,-0.11869811928588929,-1.445181929072486,-0.2232196540507116,-0.12274196948024617,-1.7359961668862498,-0.2970603285562046,-0.12421698336688915,-1.9784804462716652,-0.3331730524434266,0.05559915469599927,-0.8928169886850136,-0.1306589725134334,0.07687593558488144,-1.0691701969648235,-0.3095941310727986,0.03103706098056945,-0.7963212293131755,-0.34111705494596195,0.0019439322657924768,-0.5867216839168954,-0.3108320419450741,0.1904147509615841,-0.7249780979763829,-0.16697713360443703,0.18871885753089276,-0.8334453363574764,-0.31673329923018817,0.11962826491751849,-0.6390153365788387,-0.322015030253357,0.07044375021184258,-0.4690777296801858,-0.28962493184817345,V
0.0,0.0,0.0,-0.23265047873561678,-0.13753149436716444,-0.18502150701269635,-0.34561290834304964,-0.4234868594447948,-0.2668035750870201,-0.17361199929360924,-0.6388996805748253,-0.3363780635125057,0.010902948124241404,-0.7909231197676466,-0.39263336796247417,-0.30055769896472967,-0.9603201745860491,-0.12066562151540057,-0.38011969304167137,-1.3361120755373643,-0.23058493017416562,-0.4255139369761807,-1.5847829819382533,-0.31251844515683785,-0.45425910106254913,-1.80370022552218,-0.37029052358439196,-0.1145206609469021,-0.9871393076983875,-0.1115392550317275,-0.12931132004795431,-1.4434540055153233,-0.2241599764058147,-0.1304437298853786,-1.7355850116494584,-0.302696031386804,-0.12577960764791085,-1.9802317573428003,-0.3482293987292057,0.04623039805024532,-0.8905348651801919,-0.12616194881671255,0.08020933126798342,-1.0997779457826142,-0.3029292252059088,0.023844283126920707,-0.8604079939105137,-0.34129169821930827,-0.016833225520791945,-0.667904713788019,-0.32250708788938337,0.186475398143778,-0.7272591173813705,-0.1566190653130777,0.1899997348827006,-0.8452042977866928,-0.31496307730342904,0.12038332811651133,-0.6576537741068625,-0.3316107434831884,0.07377603378298953,-0.4876583073161868,-0.3096366206973071,V
0.0,0.0,0.0,-0.23590644574833847,-0.13407293983352103,-0.17492283301497147,-0.3562164682434935,-0.41076918873572743,-0.2515398853885179,-0.18849162896499316,-0.6308274044050892,-0.31882907045766357,-0.011246405165231522,-0.7930833728320699,-0.373889667082419,-0.30637000950997795,-0.9653584300587666,-0.10611182334622776,-0.39232960415443185,-1.3384447506328825,-0.21204143342797457,-0.44061073312722626,-1.5877329314645738,-0.2927720776368709,-0.4716734793148627,-1.8092641468970518,-0.34957538767999796,-0.12007130970664509,-0.9876553295863645,-0.10059736837999647,-0.1326188952354761,-1.4502359550708628,-0.20762032461219077,-0.13741687553486165,-1.7438759203017757,-0.2864993854949434,-0.13645884480474527,-1.9907102021507614,-0.33329678363536364,0.03885441965440128,-0.8851634068409436,-0.11803032669104549,0.05789078620697185,-1.1024593046481828,-0.293095110337101,0.010447108656163264,-0.8544763397958803,-0.33522620542968695,-0.01877515214875022,-0.6511502763547525,-0.3189429237394785,0.1762568648055313,-0.7147970735912262,-0.1499743963359536,0.17210336011856767,-0.8338416248079483,-0.3049606156518365,0.10732903628882438,-0.648284255395982,-0.32168396290016643,0.06710055060384003,-0.47440864848894787,-0.30033824578498186,V
0.0,0.0,0.0,-0.2363635092945341,-0.13792978920067636,-0.17725973784560137,-0.3524907876673687,-0.4140597383375631,-0.2559037036456366,-0.17918777833067326,-0.6309680131268182,-0.3251796830598084,0.0036430567187426877,-0.7911264700946632,-0.3826301731029721,-0.30363389370792043,-0.9636237307560294,-0.10904665186176744,-0.38827285516451543,-1.3377870855163079,-0.21794494145263496,-0.4366116807623677,-1.5845091583786863,-0.3004106823188587,-0.4663690398586867,-1.8031720392848383,-0.3578582772741194,-0.11601756977861424,-0.9879502706415666,-0.10244113549702398,-0.12767861815672985,-1.440062556782885,-0.21231640297538057,-0.135740980847543,-1.730232768011212,-0.29236852429414784,-0.13553619147166507,-1.978647400685534,-0.3397992674779509,0.04388319389125109,-0.8889587432953175,-0.11898686760897073,0.06316777058329856,-1.1098445641172492,-0.2960504361400102,0.010095141043277602,-0.8478304541033767,-0.3352305140208648,-0.019084175659938356,-0.6394721357570251,-0.3161984194685716,0.18077611497810742,-0.7214451783740664,-0.15034911868433784,0.17190434665882437,-0.84485710740313,-0.30658112030234247,0.1048487472932338,-0.6538468871623992,-0.32203506905414003,0.06665821045763698,-0.47843479105103726,-0.2990289330492633,V
0.0,0.0,0.0,-0.23665515404004794,-0.1430790130614077,-0.18153598662263226,-0.3467883039740288,-0.4175689933337112,-0.2587699900214184,-0.17218999907695848,-0.6342077404590617,-0.3254797400229627,0.0131422693137918,-0.7947007530996663,-0.38018998402677334,-0.30407374568587686,-0.9580010025669464,-0.10457918756910822,-0.3833340266972698,-1.3299945609068988,-0.20924775144747862,-0.4272655865176403,-1.5769755163851307,-0.2877168598376226,-0.45395753873729294,-1.7958032695464972,-0.3424225506889193,-0.11530977248256691,-0.9887226818772907,-0.09555686637493153,-0.13067547715001424,-1.4412439192982691,-0.20545715842169704,-0.13617343999657022,-1.7303739689455933,-0.2852143411836436,-0.13216766373554092,-1.9753481692322712,-0.3312219826204891,0.045538261310220325,-0.89546064605016,-0.11048832971435012,0.0726281465852007,-1.0987592800291952,-0.29061191637306005,0.01722438884436988,-0.8410426146426205,-0.33360165971452016,-0.015788586503673336,-0.6411382623047975,-0.31585559186156703,0.1830304938650741,-0.73409816839525,-0.1402465338853667,0.1819315000665045,-0.8569497078555607,-0.29935359496810715,0.11585615078423944,-0.6613345499297716,-0.3173490258861386,0.07595057573742588,-0.4877077505608806,-0.2956536907608908,V
0.0,0.0,0.0,-0.22601670775780514,-0.1594978114084681,-0.1731492169069173,-0.32296240184186614,-0.43827106516096925,-0.24492564838435574,-0.14744392159722944,-0.6449597570358885,-0.3065548342531974,0.0349479071075787,-0.796367972985937,-0.3564256820583828,-0.2845878834262506,-0.962794789509859,-0.09680591150218298,-0.3578355203189091,-1.3307523670738413,-0.19297983537022081,-0.3989856659495257,-1.5695991762103065,-0.2653348382778652,-0.4236964754933,-1.7813618170027385,-0.3164449473567253,-0.10227506729456665,-0.9907202678306168,-0.08951626399444342,-0.11596188361703862,-1.4504029949066086,-0.1896584965136794,-0.11353634670245259,-1.7215438328690817,-0.2598280594786468,-0.09993873010875919,-1.9450900311470949,-0.29966334768661695,0.05454824305381092,-0.8919950515807838,-0.10516940323781913,0.08899573719826974,-1.0936480584886967,-0.2731858741552443,0.033677742724525665,-0.8455155327396616,-0.30836758890845156,-0.0008462793209465288,-0.6554587390401737,-0.2887409775546474,0.19059248900658154,-0.7246133755646724,-0.13527413311477798,0.19632288829577407,-0.8536056251325034,-0.2840321822622214,0.1282625013688821,-0.6632255755913973,-0.2951409028025027,0.08649615705478117,-0.4979255578697338,-0.2709669377266733,V
0.0,0.0,0.0,-0.23582717619550736,-0.1620427081880474,-0.16842425343897965,-0.34065131442073765,-0.4529927530644316,-0.23437608259781806,-0.15918774296372246,-0.6659638627319681,-0.2910629060298455,0.02677905792352102,-0.8153417010354553,-0.33706745658125653,-0.27901226024038406,-0.9725938700269836,-0.08942725203493401,-0.3619773606732875,-1.3419789703278557,-0.1840608480445547,-0.4125111900737372,-1.5775801295072143,-0.25772408729229357,-0.4430314042340537,-1.7911084924281258,-0.3104398747511855,-0.09867749693181828,-0.9916727708274505,-0.08275184105914418,-0.11058769983025449,-1.4656789771187075,-0.17674884641575955,-0.1204142046103199,-1.7378134246337766,-0.2440215981867739,-0.1156361793502881,-1.96203162625915,-0.28498991180652605,0.054690754792375354,-0.887074649618369,-0.09916364529913302,0.09037692624383102,-1.115677198277341,-0.26462941790855765,0.016723216103340773,-0.8832918653887688,-0.30178150763424405,-0.02977014413045311,-0.7008524622722003,-0.2866540418961901,0.1877649769445359,-0.7179191731627955,-0.12973621368352914,0.18108227947383984,-0.8352470324170043,-0.2773739364449952,0.1069573813166326,-0.6610568673101791,-0.29355608441179554,0.06745139459903253,-0.50831482318327,-0.27578980616358945,V
0.0,0.0,0.0,-0.23879570258012328,-0.15638533278451908,-0.1739726207396043,-0.35560592939318475,-0.44821263623635227,-0.249653203463087,-0.19042442160280806,-0.6705992131407988,-0.31598069845035154,-0.002234008070326515,-0.823586384965605,-0.37044047255103735,-0.2961226170478036,-0.9630553445697432,-0.10401081492216817,-0.38949562521269926,-1.3456508144312442,-0.21071414348153591,-0.4458864495072074,-1.586895343737733,-0.28940394222754096,-0.48317510093004534,-1.8017097616776998,-0.3426735719707468,-0.10946189246553972,-0.9892611015569003,-0.09685332748176884,-0.1205747184772161,-1.4545540724386006,-0.20372119693373628,-0.13345589140346442,-1.7397124618298918,-0.2771693443190383,-0.1347802974209689,-1.975816441620039,-0.3184255850688152,0.05298153832424823,-0.8939292968921156,-0.11285996616872593,0.06933265501635823,-1.1126552155641798,-0.28518779500126684,0.0027272168712451743,-0.8713010254394414,-0.32069343171288894,-0.03262806664723976,-0.6783573187101365,-0.3001567284633587,0.19369438006002657,-0.7352159232100272,-0.14347805630103766,0.17210311851905843,-0.8564390708734135,-0.2912134781692573,0.10678844647860523,-0.6764083228147769,-0.3023532889535403,0.07772727011770847,-0.5159242182872851,-0.27778880212357554,V
0.0,0.0,0.0,-0.23786810516130108,-0.1517321826520531,-0.16464268416444997,-0.3582043947426938,-0.4458834051180212,-0.23464482927780114,-0.19710576020513926,-0.671600444625668,-0.29699364728720196,-0.007732686375132446,-0.8175062619835454,-0.34763711162289457,-0.30080962700918645,-0.9652036814430046,-0.0883078603001873,-0.3832993674701014,-1.3295043838618656,-0.18749400582798376,-0.4379223260595774,-1.5593288332050819,-0.26313650620474455,-0.4729249420307677,-1.7680381960529632,-0.31595219989349005,-0.11919902990430924,-0.989284214357352,-0.08431093934495272,-0.13353445990556015,-1.4583183798871786,-0.18195736148698738,-0.1438419210045674,-1.7332854009115735,-0.2505173694762176,-0.1399527124167841,-1.958227630000435,-0.29087587879968807,0.0401336117799066,-0.8930653036495139,-0.10328610203125568,0.063284372191712,-1.1256286359604486,-0.26907855409159004,-0.005919656127061448,-0.8901766849752306,-0.30509534855698084,-0.048714800492238024,-0.698392160708614,-0.28778767784636705,0.182419640294273,-0.7330459160022063,-0.13629038818425845,0.1651566551086549,-0.8449353347651142,-0.2809228967337607,0.0908553411140566,-0.6699860167109112,-0.2949090414142667,0.05166064799677887,-0.5121123182199759,-0.27481476437919544,V
0.0,0.0,0.0,-0.2353063906277361,-0.1453942482493636,-0.16168735942594767,-0.3578622849228246,-0.4338424723432413,-0.2336726651139878,-0.19730378493902384,-0.6505390253264087,-0.29988227846958143,-0.007874560088209064,-0.7922236050555156,-0.3553284789554509,-0.29656157662289556,-0.9644999722266963,-0.08834150918176098,-0.379551134128591,-1.3289017625101314,-0.1938436266908203,-0.43054037486744196,-1.5712207177708493,-0.2730957297665495,-0.4652733609820033,-1.7835756142131578,-0.32722620919373197,-0.11200856262859621,-0.9895380384868832,-0.09093158024255261,-0.1274286443915922,-1.4481600849386667,-0.19990087181614347,-0.1364694806037514,-1.7399008228652344,-0.2773662743444751,-0.13697129080545098,-1.9814353835586802,-0.32064161412335346,0.049227713892884786,-0.893571695786467,-0.1166444697476212,0.06162149413178476,-1.1020486775294875,-0.2915199841554897,-0.0010446170989226629,-0.8594416805508709,-0.32980593957016163,-0.03775103505709097,-0.6669518127881515,-0.3094087192091545,0.18892714843680658,-0.7333251966283383,-0.15597391085890427,0.17326587832222445,-0.8722598032096697,-0.3027401008788761,0.10176684269236973,-0.6853164688965052,-0.31098985393950973,0.06261606331669177,-0.5155869548816429,-0.2845201311602432,V
0.0,0.0,0.0,-0.23609301682137032,-0.14046177215969227,-0.15251108702032024,-0.3709172544936438,-0.4212563964177858,-0.22130663719689717,-0.22034017615948306,-0.639475604580969,-0.2859562780580534,-0.032341331841540394,-0.772962749649692,-0.33994042114280826,-0.30383947352730095,-0.9666361476694403,-0.08400286451799488,-0.38931916942699896,-1.327059102073495,-0.18185072362957744,-0.44522750267353794,-1.552924460699111,-0.2551299025542216,-0.4847394304542349,-1.7578105386680518,-0.30416151223525223,-0.12160604825556773,-0.9890035194278072,-0.08416654672181649,-0.138609775937853,-1.445934789111319,-0.179194821513498,-0.15232034679346543,-1.7240213154554258,-0.2439526885656652,-0.15696121012431707,-1.952998617970157,-0.2796320436156505,0.04032091410907935,-0.895622421699345,-0.10636463809096934,0.029060859920496614,-1.0892872768234656,-0.26524228019818136,-0.03796799355270569,-0.8492598682520933,-0.3005337263037073,-0.07590414540352626,-0.657622268147993,-0.2805049398639751,0.18412580609108534,-0.7394116920121417,-0.1419438972625439,0.1542735633847119,-0.8494058741046399,-0.27320720363345,0.08210343999737375,-0.6733070245204835,-0.280494617198425,0.043324389111285,-0.5067425642081108,-0.25535844119198964,V
0.0,0.0,0.0,-0.24302316683982547,-0.12316524321346914,-0.16522335038281544,-0.3854576014643517,-0.4108217646452628,-0.24394524917966873,-0.23966512814800622,-0.6295201031129205,-0.31574382066837126,-0.05132203823456206,-0.7754910425837945,-0.3763824770128459,-0.31980429706089886,-0.9513387894286568,-0.10483008500081747,-0.42469791499759013,-1.3228559601780319,-0.22317158876399945,-0.48355458814522373,-1.564484758476169,-0.3100877251086942,-0.5258494394175194,-1.7685046625715979,-0.36796154608691656,-0.12621625502546127,-0.9864217637269218,-0.105078832374635,-0.1505671210128794,-1.4511446466423261,-0.22302258444235193,-0.17184039512273727,-1.7534277984410067,-0.30245409301263954,-0.17962889678449978,-2.0027954641968355,-0.3439700195318403,0.047926841695979286,-0.9024230608034817,-0.12795954781582267,0.029123343882681122,-1.096658517293113,-0.29926845181241934,-0.03803417525179746,-0.8426808375121771,-0.328003875911644,-0.06641544709984347,-0.6438334684213267,-0.30091892471035914,0.20427431329443752,-0.748896873307463,-0.1654960503284746,0.14923296445645753,-0.869253580000959,-0.3104720511587958,0.07548874233911566,-0.6734935668933876,-0.3127399003245858,0.04405347520233009,-0.5014633141594498,-0.27960044075683416,V
0.0,0.0,0.0,-0.24415326944431703,-0.1260722136301873,-0.14501037483498988,-0.4167551218435352,-0.4091698676568387,-0.22178989771776833,-0.30729560448197074,-0.6317160370844854,-0.29856982245073077,-0.1370981440360133,-0.7795653158874392,-0.3668027257326442,-0.319003631895814,-0.9601491010202293,-0.09515938314386467,-0.4480857383478543,-1.3419814151491907,-0.20615125135173157,-0.5252865399974697,-1.578795712154378,-0.28743872959891975,-0.5800622843167023,-1.7808557688613174,-0.34130714861786177,-0.13395099316869447,-0.9853975926870768,-0.10511287150313306,-0.16476724143745963,-1.4707627280026137,-0.21622130247198834,-0.2011786420076448,-1.7710900406325987,-0.2916509931148745,-0.22054935839147172,-2.009868721111285,-0.3318522078271197,0.03785386801336913,-0.8940539009433601,-0.13565747778336984,-0.02391169335031538,-1.1113557507519891,-0.297353229754464,-0.09900470342597582,-0.8588023448347584,-0.3281827216075549,-0.12055589385182502,-0.6537941754038233,-0.3044831702109113,0.19285761760574285,-0.740974279919094,-0.17935712157488806,0.09899100557622466,-0.8762567599931926,-0.3089399333562255,0.029814627949205443,-0.6945749104966763,-0.3115576203984686,0.01874089484322741,-0.5247193371985898,-0.282833054752803,V
0.0,0.0,0.0,-0.22560036969065855,-0.12391491180990227,-0.13998684398707167,-0.391137234782465,-0.41959484625229293,-0.21007782933924093,-0.2891191740061478,-0.6444898823530939,-0.2805591602101099,-0.11869075717986903,-0.7902671729936406,-0.34129835701728706,-0.2991392738703099,-0.964838717710858,-0.08591974374228557,-0.41432248440095976,-1.3384912741220658,-0.19211287979293104,-0.48449334662766774,-1.5601243780196004,-0.26684060367438794,-0.5314299440723246,-1.7503813137030204,-0.31603854733412196,-0.11197217868953811,-0.9891674749362773,-0.09492069177849104,-0.13595244348835345,-1.4594701237721257,-0.20497530368306008,-0.16680587306256203,-1.7468341778832366,-0.277453548001331,-0.182275274132214,-1.9706336442843275,-0.3129295518671443,0.05763240634927432,-0.8973286786486376,-0.12368972290784432,-0.00954449118921425,-1.10115069550332,-0.28670761761362173,-0.08223963433907415,-0.8379319957254202,-0.3192173288134982,-0.09872892785041786,-0.6333052683833403,-0.2950018181610209,0.20669479020443815,-0.7437507055223238,-0.16454563752181195,0.10920012880774967,-0.8598487760013304,-0.2998823953465101,0.0487504278103272,-0.6746845696742321,-0.30854299770719723,0.04548418658169316,-0.5132676714620136,-0.28185759074470357,V
0.0,0.0,0.0,-0.21329023016099707,-0.1367095855986351,-0.1507996931727499,-0.3681967250032818,-0.43128233900150215,-0.22705451570380428,-0.2604773665150601,-0.6493588932799537,-0.30141768937701274,-0.09213809255327374,-0.8103633231124132,-0.3659210461946032,-0.2783670784123339,-0.9674423933726355,-0.10654039619710438,-0.3939087369072595,-1.3487622642229484,-0.217109407602568,-0.4648807969660085,-1.578249237645465,-0.2929799120437373,-0.5053044491891583,-1.774071171123556,-0.34068552850057676,-0.09526528034184359,-0.9892387894087544,-0.11104568379946991,-0.1252702059998897,-1.4812027540115513,-0.217475202504442,-0.15415379367905016,-1.7734570470892592,-0.2811583457904395,-0.1653479567176048,-1.998877918542961,-0.3104721281676002,0.07689271376092703,-0.8941396933582543,-0.13593973202026158,0.020337005646992368,-1.1025458916995574,-0.29922884061947097,-0.060992882824495,-0.8190200631357486,-0.3271202958996807,-0.08407301191247364,-0.6079413832102029,-0.29839680269662716,0.233492447897421,-0.734734584336134,-0.1735024228775983,0.15483016915798697,-0.8703363648786313,-0.3056448669588336,0.09031710246832499,-0.6879423386678528,-0.3068489925926291,0.0790100748540534,-0.5335649811050084,-0.2748321611419691,V
0.0,0.0,0.0,-0.21731995927165496,-0.12928117547419907,-0.15327384985273484,-0.38016293667425943,-0.4051764808282741,-0.23411488660198917,-0.2853765307237419,-0.6183575357373334,-0.31347579978218487,-0.13157563908777842,-0.7916547020910301,-0.3825847826249187,-0.2824037678348568,-0.9640365861494485,-0.10843274620030435,-0.40508751016520755,-1.344868571326707,-0.22776205476118938,-0.48521933237435205,-1.5702864934266512,-0.31388915965944447,-0.5293063365353798,-1.7622062806781826,-0.3682001037696681,-0.10267214517883139,-0.9883655731527735,-0.11221374430419166,-0.13748905924401394,-1.478014665054303,-0.22622008365742635,-0.16741666806361113,-1.771302510670971,-0.30104354403651495,-0.17863540613769133,-1.9990475461691062,-0.33950305172800477,0.06510231010781507,-0.8993698785846597,-0.13658103528659882,0.004035241296453894,-1.110494813307804,-0.3040330399400135,-0.07239273493004433,-0.8300410538588745,-0.34077761769477966,-0.09455023917516035,-0.6130840513594851,-0.319833597111061,0.2195085831667851,-0.7468491305870089,-0.17394485361773523,0.1291524809065217,-0.8487504687674684,-0.3112335418137917,0.05715616877796975,-0.6612898258492647,-0.3214058883012628,0.041443459933642846,-0.5019270434047172,-0.29621674952438387,V
0.0,0.0,0.0,-0.21764055268152666,-0.10370886557386064,-0.14073043853963943,-0.3978713336510399,-0.36839281148895153,-0.22392410457519435,-0.34941547095757425,-0.5872947085247306,-0.3095487742945683,-0.2148172243312335,-0.7778645404609906,-0.3836772491848597,-0.3135778835151622,-0.9505291343027501,-0.09551911006513639,-0.45775593179860863,-1.322251529824506,-0.22105462334239231,-0.5493585490113363,-1.5545383331978986,-0.30661696737709865,-0.6106044810368773,-1.7422633625237376,-0.35892782885233754,-0.13456147195587204,-0.9847615208006144,-0.11017239861022388,-0.19250761548453588,-1.444125203612161,-0.23632299006086485,-0.23744169951705393,-1.72892650484316,-0.31459737285059736,-0.2706650642171666,-1.9498397347681524,-0.35031537550692315,0.03724952004581025,-0.9045471063759989,-0.14489433113193753,-0.05543607094798391,-1.092584854614948,-0.31886561692570364,-0.12280995152922396,-0.7841132817299081,-0.34363979976443554,-0.14136773870335573,-0.5506228460763564,-0.3097824410875831,0.19505151002491697,-0.7554158857799659,-0.19200801901388864,0.08910395283274057,-0.8657911669822285,-0.328927750597397,0.009971572690310944,-0.6650701838553394,-0.32623786464167875,-0.020526708399592922,-0.4987896191213021,-0.28837699925285726,V
0.0,0.0,0.0,-0.2339167124260917,-0.0734842353901898,-0.1306839869054728,-0.44090458824967993,-0.33157402258022045,-0.2167049282213427,-0.40042219411978697,-0.5726215984001813,-0.3073593495177408,-0.25855869523014524,-0.7670316409837187,-0.38680262458438686,-0.34576583894252866,-0.9375413830762133,-0.08585906000147382,-0.49280298401115,-1.307549657813805,-0.21777207515490316,-0.5924316582835462,-1.5367308660198995,-0.30864077739918755,-0.6642325495203545,-1.7285175507926025,-0.36515116667325215,-0.1657423730027531,-0.9800749408473105,-0.10946495381882428,-0.24207878893219878,-1.4530877805186857,-0.2398987934778148,-0.2961537475852025,-1.743242966374549,-0.3226473448689637,-0.3266080474488839,-1.979775894485498,-0.36051091369104615,0.014004060858255304,-0.9043129166647187,-0.15264309704364445,-0.0984550306863448,-1.1020102600778117,-0.3290579523277535,-0.16740264259528537,-0.7830294537782081,-0.34607990478279194,-0.17871055089717003,-0.5477708457598729,-0.30467006439019434,0.18377624109503363,-0.7508668123202253,-0.20763080566166914,0.06130800938777661,-0.8857837696056388,-0.3431588439324296,-0.01950432195211262,-0.6670201762286632,-0.3312942961872016,-0.04461631158489263,-0.48719929943920065,-0.28573963629634586,V
0.0,0.0,0.0,-0.2369849120462945,-0.05209761914491042,-0.1285197674691241,-0.45451968672680915,-0.30924585823798073,-0.21765208487557416,-0.4274162079962483,-0.554711127822422,-0.31119014040689497,-0.3063116326728245,-0.7659027012267673,-0.3945577917485507,-0.3565325339765789,-0.9405474548826921,-0.08876208616809045,-0.5117626323404052,-1.3102692433598222,-0.22286984799768036,-0.6210941136880492,-1.5623529131839058,-0.3143044020139105,-0.7064492224228207,-1.7624332042507767,-0.368674860870556,-0.16544467773522467,-0.9792694676760765,-0.11687330014379484,-0.24307831952374687,-1.4644706454434777,-0.25223050110444595,-0.29821746202462596,-1.7754747113965186,-0.34068067564437127,-0.34115133889228605,-2.0246610570120747,-0.3777881831211051,0.021273632096413825,-0.9022903991828285,-0.1630579115443675,-0.12338536301966348,-1.0778128374133362,-0.34958472462434753,-0.18676855244797133,-0.7570032294342959,-0.3746376943168609,-0.19539438648821184,-0.5193355003620768,-0.3333684234538895,0.1985528587590344,-0.7519182224908686,-0.21905467350716265,0.051439071857383833,-0.8904813973484833,-0.357869114669552,-0.034240484959130214,-0.662369132646957,-0.3419273383031669,-0.06480218851897399,-0.46792651730317475,-0.29006478789639567,V
0.0,0.0,0.0,-0.24860332783808442,-0.0005273596824630401,-0.1442683563548304,-0.4954337556910464,-0.25522519149390893,-0.23762603881451427,-0.4887299823362581,-0.513764180900961,-0.3351429671908608,-0.3746495325831235,-0.7388303117443549,-0.421335125452507,-0.39377265662923466,-0.9169780239735585,-0.08505017068440672,-0.5574734891362271,-1.2591282618919417,-0.22525814566657823,-0.6766748789638054,-1.4913321517327,-0.32088136479416024,-0.7662913302665707,-1.6709053642477378,-0.37941840268250104,-0.19829945917998168,-0.9738411549521819,-0.11095372643731753,-0.30464706013388776,-1.4389292527595305,-0.2617476909263967,-0.37409260696880614,-1.7469776018293957,-0.35799845072875175,-0.4240996095356368,-1.9857918909850554,-0.3985709418138754,0.003254666049434369,-0.9147545452208397,-0.158787727291974,-0.1611678165493496,-1.0909349162090012,-0.37008880500489955,-0.22934896725772191,-0.7349451069441495,-0.3968273814907206,-0.23972012293517653,-0.4591076338568539,-0.34947659883480847,0.20573604527430245,-0.7736417829573771,-0.2180853902600801,0.029969295638919348,-0.9153645688352219,-0.37969184984050586,-0.06260073191745762,-0.6820088144248733,-0.3715025392566283,-0.09857130833644263,-0.47396451461365735,-0.32095290378998637,V
0.0,0.0,0.0,-0.2489638937580907,-0.022733116598888128,-0.14639226543574432,-0.4884108314935952,-0.24636242542940204,-0.252822519246236,-0.49657304337379005,-0.477602351739483,-0.36469171784464344,-0.39457391037136025,-0.6951592590545635,-0.46374955438911725,-0.38493537663557126,-0.9269232221502797,-0.09786204360443829,-0.5546451907110529,-1.2553663722525235,-0.24562110287592434,-0.6810420970982355,-1.487621951410354,-0.35234933260895657,-0.7754889699234354,-1.6726101788119063,-0.42074987510010586,-0.19003834455760704,-0.9740561752708718,-0.12288203698867015,-0.297421528168355,-1.4262515849225568,-0.28977989671426446,-0.37529197979125417,-1.7489335724551662,-0.4070980242097628,-0.43815517323025605,-1.9974537444017981,-0.46438522162051127,0.0063046517893819085,-0.9104352211030353,-0.1664270752152912,-0.17180994012499973,-1.0855657801511838,-0.3765614605098218,-0.24197501733549623,-0.7164190011363595,-0.40439774635779846,-0.2494531519494036,-0.4308905732908102,-0.36147399787694195,0.20739006315282868,-0.7694593048162794,-0.2220209345523786,0.014301370612695916,-0.8808159428283434,-0.3795104200478827,-0.07698065012918015,-0.639394140929651,-0.36997106425268217,-0.10782454755140522,-0.43139250503768123,-0.3198433941637874,V
0.0,0.0,0.0,-0.22498748584416803,-0.06301384533395259,-0.14237355995540116,-0.4448923254560214,-0.2775094930261773,-0.2467293200814201,-0.47561329502979083,-0.4898135455406427,-0.3574340724846937,-0.37693791865446324,-0.7060334043161887,-0.4561141538599053,-0.3655189150949135,-0.9106997775487453,-0.10526504670632081,-0.562720478842624,-1.240792847821639,-0.2474755922650092,-0.6888814051363836,-1.4476697608672495,-0.3445725658150103,-0.7718829624279153,-1.6297850384968122,-0.4034548603898898,-0.1797744934488589,-0.9760654996459097,-0.1223816649101769,-0.29842536747743087,-1.3936326814047102,-0.27170037473071557,-0.3798161322258915,-1.670962200395589,-0.3702155318384698,-0.43892887831826854,-1.9018988002652806,-0.41527777728385284,0.005073921729218507,-0.9283023349955886,-0.15712122629712863,-0.19745868731753063,-1.0295215272022438,-0.34007745254834376,-0.27397282874250484,-0.6939240432902144,-0.3661785173022317,-0.2939180399064297,-0.4420232102949649,-0.3290382764628739,0.18274107377307552,-0.7899162610561925,-0.20446427496442932,-0.025130557261257336,-0.8406856402019387,-0.33122603909105874,-0.1162854119676818,-0.6173059556426372,-0.31857896824390347,-0.15364385886126286,-0.4275417815128991,-0.27218324481814926,V
0.0,0.0,0.0,-0.2224906067435876,-0.055963053005095485,-0.14511288881908532,-0.4506981177667341,-0.2720308633098199,-0.24913862209318496,-0.48668023906147856,-0.48884253256693216,-0.3594838011170136,-0.3919883970174187,-0.713404989627354,-0.45704252900727826,-0.358336638789867,-0.9158163621039763,-0.09465355473668452,-0.5560994973808345,-1.2479353583960797,-0.23974398701704536,-0.678945772023332,-1.444904904472968,-0.3386561434185557,-0.7628074049702895,-1.6142532458415404,-0.39731139270199806,-0.1779057421548761,-0.977440094679128,-0.11384378868423145,-0.30796800483696224,-1.4033784222544932,-0.2728618069885218,-0.3998119746596974,-1.6716909581092043,-0.37669463812085197,-0.46746565618731634,-1.8906067615486073,-0.42108839915393137,0.003923396503101181,-0.9299912763930406,-0.15272039429817855,-0.21234851554278558,-1.0259894663112221,-0.34843525273134274,-0.27779226370356586,-0.6768906077493178,-0.3769903317274944,-0.28627094989656576,-0.4245398437256713,-0.3362527789140249,0.17459900375599754,-0.7974056729311462,-0.20461220399685162,-0.04374076846604911,-0.8494891000672049,-0.3409445193236521,-0.12299028244683648,-0.6167064695641415,-0.3309356444103652,-0.1491978891362371,-0.42567401098402585,-0.2837360587747344,V
0.0,0.0,0.0,-0.22122301841531405,-0.09153388742262504,-0.1220008458926901,-0.42822850214324165,-0.31226396664917705,-0.2140750017031181,-0.442933417444085,-0.5195155651688066,-0.31563886519362594,-0.35328447838770016,-0.7471929173863037,-0.40651624939244624,-0.34876216344051153,-0.9252920355141185,-0.08478720428249355,-0.5332612122930548,-1.2600159578877241,-0.2244572081306291,-0.6472619149585701,-1.4585455604157938,-0.32600569683837805,-0.7249522297175288,-1.640210682003194,-0.38789168106167293,-0.1781991724833073,-0.9776926066480947,-0.11118552887817211,-0.2921602555163285,-1.4096968006342412,-0.24919960948939515,-0.3746462015529051,-1.6727134458257313,-0.3423208249643161,-0.4323313220562319,-1.8950401371080143,-0.38806210461517726,-0.0014291451912188818,-0.9215181176846089,-0.15513578678034942,-0.17509665959012252,-1.0747881443324094,-0.33587134013208014,-0.25152056531998723,-0.7455558578251607,-0.35992001355263104,-0.26954548755627383,-0.5013610216871066,-0.3234969462285857,0.16863570280459722,-0.7833217645887457,-0.20960853861099013,-0.00113146574349479,-0.8993552500701059,-0.3369169140603546,-0.09364259801178695,-0.6791185831025546,-0.32056938062306317,-0.12795024306265831,-0.4875393285219818,-0.27342932097693196,V
0.0,0.0,0.0,-0.22479346553975105,-0.05412909299785221,-0.1214681170411104,-0.4535063734265863,-0.30328300455975116,-0.21487745207591732,-0.46682996970052887,-0.5381202170371681,-0.31837553841757416,-0.3739442782534359,-0.7738248911295627,-0.4112156497466235,-0.3450941426249183,-0.9262967512090262,-0.07384573782771399,-0.5167481634841996,-1.2687465432943632,-0.20881799919714863,-0.6451777747445314,-1.4929769264495245,-0.3029751840213726,-0.7361101422276323,-1.6755914143749844,-0.3611246033609122,-0.171806530334953,-0.9794729158723128,-0.10542923317018907,-0.3027988637410084,-1.4232800960675953,-0.254371552828128,-0.3928876951728484,-1.7074484943803765,-0.35121570960056003,-0.4632585355529638,-1.9358334813056797,-0.39434745561917806,0.007445200418462322,-0.9249848114745155,-0.15469656685773253,-0.18162100128234737,-1.0827353929862438,-0.3424922187698199,-0.23992964716758608,-0.7347218198110949,-0.36316371390496954,-0.24385152045429925,-0.4805484017478964,-0.32099740276558736,0.18781951350370882,-0.7931828472278142,-0.21524033378764015,0.007946741647181064,-0.9283228754176971,-0.34752090526682355,-0.07271337057312859,-0.7040482235724498,-0.3300581544838026,-0.10143863267123052,-0.5159016847165457,-0.2800211325327409,V
0.0,0.0,0.0,-0.22918549866890586,-0.06856204642533616,-0.12372630353248278,-0.4424264986144586,-0.3161186639616436,-0.20892129717316302,-0.45218838033237085,-0.554494986426133,-0.3023842923394476,-0.36560241223999546,-0.791614129136242,-0.38582919117511566,-0.36899316266028465,-0.9269944647842282,-0.07419570086660009,-0.5594492523255988,-1.2837128903212347,-0.21050120111224851,-0.6883920254426797,-1.491468174501063,-0.30872411948516076,-0.7813694302285117,-1.6638291482719711,-0.36783168532395233,-0.1965912020718607,-0.9754559241217299,-0.09918487467231565,-0.3142394121114515,-1.4176329922565059,-0.2344074204735127,-0.4083534176961591,-1.688234729960399,-0.3271774313360055,-0.4761359625369995,-1.9134671942231583,-0.3719958582441822,-0.02162111027830203,-0.9193649003127287,-0.1436595042805126,-0.17829729384540613,-1.1151317283821407,-0.3262200068540678,-0.2553640422342741,-0.7902717168561407,-0.35380667321660947,-0.2720703693272309,-0.5501198003337696,-0.319134363772811,0.15189463887417223,-0.7881416557648205,-0.19806016655735273,-0.00364356513261078,-0.9312789033050889,-0.3324028432079204,-0.09326982755422379,-0.717280837984017,-0.3219185218280629,-0.12785518102049465,-0.5332457657122623,-0.2781182789118874,V
0.0,0.0,0.0,-0.2415740218220534,-0.0393417521498671,-0.12425846125566377,-0.4801912999275918,-0.29587695091203814,-0.21283373251606472,-0.499631386102254,-0.5528852824034034,-0.3105488228519351,-0.4007747220040038,-0.8062369776401781,-0.3985958414873588,-0.4074743459308568,-0.9190862533811324,-0.07176914045940055,-0.606035202346689,-1.288354929924983,-0.20984877815981923,-0.7471741076093813,-1.5271499350608235,-0.31049532338873187,-0.8472716368466342,-1.7220102272259132,-0.3736044387592543,-0.22693592387503975,-0.9686754532449111,-0.10083626696654423,-0.36433597901878406,-1.4453777687197393,-0.2414779261198917,-0.4638323529570181,-1.750576858362529,-0.3428954782078672,-0.540701375776563,-1.9935309178129221,-0.3935449951163734,-0.038834363643857235,-0.9221021051047017,-0.14890281434291708,-0.20784255989630326,-1.174203128646758,-0.34339608272670374,-0.27574409202742284,-0.8305032325908293,-0.37494367171226967,-0.2811281597881772,-0.5620067225829294,-0.33929546473730715,0.15647958247537488,-0.8061972140717961,-0.206013037927035,-0.013871843237381604,-0.9889580971928573,-0.3542248375395381,-0.10444572917437947,-0.7554779765822417,-0.3460102015068729,-0.13118457952921844,-0.5434011339987711,-0.30070572764082715,V
0.0,0.0,0.0,-0.2480823933892315,-0.020999583495004224,-0.13192447561828968,-0.500431574774715,-0.2836962109487215,-0.2226038226236108,-0.5091522905916162,-0.563475238817583,-0.320253764204729,-0.39974494298752483,-0.8187259192137732,-0.4069742548637388,-0.42052425597810916,-0.9192796124145955,-0.08217309338591927,-0.619364616684799,-1.2925753215985827,-0.22256443662167985,-0.7606513026859687,-1.5400800767298422,-0.31991316972432643,-0.8623073187635355,-1.7373917130043466,-0.37906786028308614,-0.23191545327061905,-0.9667892848115893,-0.1073950711521658,-0.37248615616585495,-1.4385294134423063,-0.24844805763373895,-0.47667507511111235,-1.747793083066425,-0.3393927273234274,-0.5533020407191768,-1.996126521064533,-0.37959601045416214,-0.03539396292134653,-0.9197451054000215,-0.15351831469456204,-0.20200676653548738,-1.1557650201969898,-0.3494405763950107,-0.2662895734600479,-0.8106165268232357,-0.37081111260859745,-0.26791976926368416,-0.5379892899323676,-0.3241919138760261,0.16635732309831588,-0.8067966564520622,-0.21004544082445692,-0.003981503730615701,-0.9904454220804784,-0.3561429198947439,-0.09123828860861506,-0.7655859719221798,-0.3437515950443874,-0.11482968936047194,-0.5558418746914746,-0.29344355847324344,V
0.0,0.0,0.0,-0.24043752412067695,-0.025564381970918256,-0.11701683345433848,-0.4902758073491234,-0.2978095539030349,-0.19922277919597578,-0.4941441994262484,-0.5800476263513021,-0.29064240856887813,-0.38484583867307176,-0.8250595045616901,-0.37331682723259607,-0.4217309824981109,-0.9197557788614532,-0.06823819500822963,-0.6243885682847892,-1.2731610754549603,-0.20333022882524537,-0.7671935207837349,-1.511546948901531,-0.30027550569914646,-0.869681158274463,-1.6997031040462252,-0.35995370548260364,-0.23362117839464724,-0.9674191853716563,-0.09757696849327462,-0.3676519336419823,-1.4282118907670218,-0.23176088444822565,-0.46818405087251674,-1.7312667917915439,-0.32034173538731064,-0.5435601689746895,-1.9784870639900214,-0.36063597772485667,-0.03890004278598057,-0.919790610709005,-0.14623642528187067,-0.1994861049271062,-1.1572426066680639,-0.33639424602810164,-0.26337429573356086,-0.8173213490748594,-0.3594820013581295,-0.2658917880853585,-0.5455959121908588,-0.3167363648991795,0.16225483675867794,-0.8060649027187772,-0.20367467328622302,0.001671517282713886,-0.995922058796672,-0.3480652119400395,-0.08853240861566893,-0.7759734776321848,-0.3361983511689371,-0.11662155100106296,-0.5666974294108835,-0.2876091580334488,V
0.0,0.0,0.0,-0.24814885558851468,0.013635288928695094,-0.12563926257383856,-0.5140639695893557,-0.2631342995069791,-0.20974319900654084,-0.5273636054619351,-0.5566874110675186,-0.30020851512916874,-0.421472609022696,-0.8148397140899021,-0.3797223887668281,-0.4606301498427639,-0.9121144066456768,-0.07874327064355474,-0.6919287578440911,-1.2883898956359043,-0.221709687374584,-0.8524615769043096,-1.542543082514332,-0.32527091217994036,-0.9703612359233746,-1.7384916505901395,-0.3911219730481968,-0.2611102274477568,-0.9596364390305328,-0.10449571286411506,-0.39555566743137016,-1.4250755369153918,-0.24711533464171953,-0.4973097472066405,-1.7330559277617537,-0.34555319050793537,-0.5792337519393269,-1.9839549916233696,-0.39321258825326744,-0.05687491631108445,-0.9166844521020231,-0.14968626924023556,-0.22664124053124637,-1.1657787643110058,-0.35114176312365136,-0.28423823156719885,-0.8117735799930238,-0.37501164172688956,-0.27881527341856166,-0.532288596047199,-0.32996117045835066,0.15423765614648846,-0.8138823631087593,-0.20355035297892057,-0.017963095576176497,-0.9986708297016628,-0.3639327700242037,-0.1044583061906409,-0.7600215068033062,-0.3546797189483952,-0.12227040140751898,-0.5365267598300825,-0.30361525222189495,V
0.0,0.0,0.0,-0.25032810655326226,-0.061780738582959634,-0.09239222463298301,-0.4904164658259974,-0.34600920677284897,-0.15658545108673444,-0.5036831938910079,-0.6140218643228833,-0.23618813294313004,-0.4026732484155835,-0.8541549736309431,-0.30585055782099496,-0.3785732826324238,-0.9286126790109015,-0.008048268872753193,-0.552178972913084,-1.2548059071785576,-0.13251908235941637,-0.688784532906535,-1.4655818883745748,-0.23285472145765307,-0.7902324486350895,-1.640466407596809,-0.29700027151381625,-0.20366790768385015,-0.9779051191556688,-0.04712707617516632,-0.3333047546146477,-1.434373710961855,-0.17391087959709228,-0.4367879682461108,-1.7355353715307218,-0.2717809678486229,-0.517552804376363,-1.9697888234197516,-0.32085587309945146,-0.01460080396377516,-0.9382347653100356,-0.105890161213837,-0.18732585774681423,-1.1975385687632996,-0.28589504611954714,-0.26987986658569013,-0.8648162551948358,-0.31534785505557433,-0.2822021479175241,-0.5941818532913126,-0.27928467863297257,0.18695086902488176,-0.8322636430788781,-0.17289549231794793,0.00855637249492372,-1.0345111514933532,-0.3076632795451213,-0.0882698590298351,-0.819953792312412,-0.2974735652902001,-0.11283679971864999,-0.6123213629805508,-0.25188054772229873,V
0.0,0.0,0.0,-0.21716631447320178,-0.14423374864888816,-0.1282845294903158,-0.4110106958299879,-0.3971904925449908,-0.22278896751741303,-0.4324154032686787,-0.6304475491387294,-0.3302231163877305,-0.3412604876376142,-0.8541117061128932,-0.4259732795374791,-0.313559260903903,-0.9414675984361602,-0.0549480249767833,-0.47654714281884036,-1.2797962639870064,-0.19951697222925796,-0.5921004359152071,-1.456467110845353,-0.30539026167933514,-0.6793452075019815,-1.6049812447737226,-0.36445108426878214,-0.15170785755511954,-0.9852104758660165,-0.07965578572767291,-0.23634993724526,-1.4079691364804434,-0.2318804484164835,-0.31951383303591846,-1.667162909571072,-0.33117891795660004,-0.3868976169258986,-1.8863275835785673,-0.37461724113722755,0.01743894256873506,-0.9293865132719197,-0.12735885083056353,-0.143798213400959,-1.1065190129832907,-0.31901261805999465,-0.23327857943497438,-0.8022733384222503,-0.3490333239100893,-0.26502017549393625,-0.5728243737491895,-0.309801718643646,0.17869846778353374,-0.8015497840292443,-0.18649994575835563,0.017855736016711695,-0.9545658192210505,-0.30768876207125556,-0.06232990638923184,-0.7642756086242949,-0.2916027960868357,-0.09034563261763036,-0.5895471377300611,-0.24433830421718916,V
0.0,0.0,0.0,-0.22491211663479746,-0.12694603026214585,-0.11096199681645064,-0.40724104917408177,-0.40733309588908617,-0.19765567447631668,-0.38342862205573747,-0.6444640107928744,-0.2982613793993602,-0.25893521424952126,-0.853568345821019,-0.3884484217920147,-0.2211123353541541,-0.9703787878406502,-0.05174357017110622,-0.3699032377607279,-1.313221645966835,-0.18214831864060485,-0.48156338548496685,-1.5311748503370688,-0.27499171828200003,-0.5596129364651569,-1.7053932868675892,-0.32815527556979146,-0.04504315996805839,-0.995345830374957,-0.0851926739530999,-0.11453681720500303,-1.432951007360943,-0.23138895717126842,-0.1814031115859151,-1.7276666567890138,-0.3289338024280573,-0.2395913423019152,-1.9577042338122121,-0.36840275008319795,0.12874981045722822,-0.9207891522871897,-0.1362583224441407,-0.05617068540982838,-1.0958476844142184,-0.3120621620473559,-0.16126416759265805,-0.7956610930241214,-0.337727263130911,-0.2003317090057018,-0.5549920236624352,-0.29829040604389556,0.29477370271714154,-0.7682284627993258,-0.19811531139253424,0.12855178423784247,-0.9354268376007947,-0.30805625933868414,0.012900601897299373,-0.7641108075091929,-0.2843927389068063,-0.04795704805748229,-0.5908307701446736,-0.23152701111786136,V
0.0,0.0,0.0,-0.21659051569383453,-0.14076283408509188,-0.11662586725378138,-0.40034246025926534,-0.41388557349364674,-0.207199928603752,-0.3943302081723445,-0.6421346873939776,-0.3080426140375721,-0.274403906774545,-0.8345011854409573,-0.3982291570129504,-0.18833582288294512,-0.979639003765191,-0.06103358931669357,-0.3320025701335772,-1.3059586123584441,-0.18531110596016578,-0.4346916347036721,-1.5124395483235538,-0.27491220559379503,-0.49920651662186954,-1.6843773722343593,-0.3287552438646534,-0.01823944433561851,-0.9959086625846049,-0.08850569732662111,-0.08879909779916444,-1.4153292464947373,-0.2234405743567253,-0.15010361409816644,-1.698483618227847,-0.3118343270361956,-0.19567529088195018,-1.9308535184632754,-0.3487530972366973,0.14500041740637362,-0.9075113414531124,-0.13370064642442722,-0.04831919866070277,-1.0705666366505175,-0.3001161822259564,-0.16406935617203594,-0.7755836222145533,-0.3218811950993842,-0.20720430773501763,-0.5508863282469074,-0.2837246995575094,0.2947954690096891,-0.7391727513418594,-0.19034091666037348,0.10110845753442334,-0.8740495634515605,-0.30129383345328775,-0.01303558626678461,-0.6835237660476378,-0.2827664615845114,-0.058116492292466716,-0.5113166015842068,-0.23420952644409215,V
0.0,0.0,0.0,-0.2022690962745683,-0.15808773146567046,-0.10896436334406288,-0.36926189801836473,-0.42420382876369,-0.19932866137837923,-0.3585510072596218,-0.6282071309904443,-0.2996947089625275,-0.23593291085317641,-0.8060121060070832,-0.39116179438324616,-0.11164923129332864,-0.9858928427773017,-0.0524959453965256,-0.23146713107765426,-1.271126840453625,-0.17302471987894585,-0.32700315580172834,-1.4523493679706325,-0.2651909039577545,-0.38588731363430795,-1.5969783049965662,-0.3200978065351266,0.0706988098480528,-0.9945067803641302,-0.07718770689585618,-0.030227314457139998,-1.4085100575847365,-0.2070255870825516,-0.09808161268767318,-1.6882245633726976,-0.30117212478665834,-0.15350053732863095,-1.906360048520623,-0.34525267453921415,0.23073104092903016,-0.9012852324884056,-0.11630992442489911,0.004821421637338335,-1.03957544232424,-0.27312761990953854,-0.11363555279599599,-0.7217871878022304,-0.2925004094210174,-0.16666726416155567,-0.47247064971670405,-0.2565513964315972,0.37128948045908367,-0.7302891848380911,-0.16639598189616697,0.14532376623650603,-0.8426493258888462,-0.26806380584307243,0.030626959675851065,-0.65292430271437,-0.24506870175156617,-0.03336788265433484,-0.47853912399533544,-0.19552009604588558,V
0.0,0.0,0.0,-0.20321701683621873,-0.1591903619977877,-0.10703883950629033,-0.37141433334806495,-0.42870916792606806,-0.19342132809753024,-0.37482818378127336,-0.6404884212431123,-0.28954771209055247,-0.2541278231984931,-0.8145261670473217,-0.3774188177391417,-0.11394448364650947,-0.9819489780795537,-0.04954084712929751,-0.23582526560179262,-1.264488085098075,-0.17201553704292116,-0.3368161066685733,-1.4580798958845433,-0.2675121856655298,-0.398896825523465,-1.6178871565700237,-0.3253914813257872,0.061893287913894146,-0.9954285095724751,-0.0727413447877398,-0.04649615587501902,-1.4153532664803739,-0.19490039066588433,-0.12094485711211303,-1.6951283820500902,-0.28120672775070765,-0.18326281631161379,-1.916044524782219,-0.3211322546257272,0.2171837580881701,-0.9059341708039672,-0.1116949426148799,-0.00813270724103947,-1.0484525260027875,-0.26194607705157535,-0.1182549033447258,-0.7358905242384953,-0.2814104851073334,-0.16570924456181294,-0.4880475409001441,-0.24800883710997296,0.35417818893337866,-0.7408313711043976,-0.16208215836823325,0.12150801083837794,-0.8426831154434767,-0.26379059305902014,0.007178334470605816,-0.6586074834566314,-0.24644934157874984,-0.053023893444130756,-0.49025661869686177,-0.20199095912253387,V
0.0,0.0,0.0,-0.212068195285014,-0.1199370045839766,-0.12390011663004255,-0.38489678927237464,-0.3921455827850708,-0.214776354304245,-0.40528999164908025,-0.5995591970188066,-0.31489043492190466,-0.3125299157647984,-0.7942898047461696,-0.4043295621452501,-0.15924935279822322,-0.9864174044151464,-0.07221603594831816,-0.3153933101417717,-1.3490647538672647,-0.20737024787493596,-0.41697494222167136,-1.577801338373913,-0.30087297143797437,-0.48679152017213745,-1.760439710524618,-0.3559990089545528,0.019755765918630704,-0.9950747150534852,-0.09713918454564834,-0.07077187751009542,-1.42159031460348,-0.24967329757019407,-0.13615352001135664,-1.7076319236145723,-0.3526765027399865,-0.1872986947722265,-1.9379346130258814,-0.3969882927033162,0.1787987275907678,-0.9023290541753461,-0.13985364218105242,-0.05701831247548603,-1.0495822510776847,-0.3240048722804651,-0.18466697886262368,-0.7455108898919519,-0.35047845862535604,-0.24216068113814773,-0.5108487605720837,-0.31137857905037863,0.3076042593013951,-0.7299084781584666,-0.19428855344972762,0.06085453652549103,-0.8313830360613822,-0.32241619811830535,-0.06626755457369493,-0.6348539730761082,-0.3114889821164931,-0.13287264018105427,-0.4580913040224686,-0.2643435134562259,V
0.0,0.0,0.0,-0.20624583948496544,-0.1407997152253584,-0.12683054459412554,-0.372323076438251,-0.40856883130336213,-0.2216596313608799,-0.40277879002545236,-0.6122296334637555,-0.325323316112998,-0.3152151504133615,-0.810330029044408,-0.41927167087556216,-0.14696103063616842,-0.9809850784091678,-0.07505493448534355,-0.29982350831826204,-1.3298780630887772,-0.21045310222703686,-0.40341593220029,-1.5371243193120772,-0.30783590447492715,-0.46780246643612255,-1.7094190451230864,-0.36542212828366927,0.025943662341852244,-0.9949137404292524,-0.09733229417498769,-0.06546600554238911,-1.412018582848977,-0.24314171032906057,-0.12336241853678548,-1.6932330928425172,-0.345326239406267,-0.1604733621250952,-1.9246302843762162,-0.39351935117539627,0.17756797137731248,-0.9099886646723008,-0.1382814282220435,-0.05682047090963545,-1.064298946775688,-0.3205880415890753,-0.1930550201016205,-0.7886349615408611,-0.3537519329313346,-0.2583430940451466,-0.5685388087596741,-0.3222882147789382,0.2984832275210084,-0.7513066178899406,-0.19064502138706818,0.05088255523848876,-0.8597499571300613,-0.3191012098567582,-0.07570451325296342,-0.67381525964185,-0.3145915408361212,-0.14296930432422164,-0.5001768414525178,-0.274341030948601,V
0.0,0.0,0.0,-0.2235724083145751,-0.13045522457724573,-0.1309938313403392,-0.40340570247149726,-0.4063809796660897,-0.22837887529366116,-0.424900056153528,-0.6283524922707598,-0.3351821548745528,-0.3265701174606683,-0.8343220983378621,-0.43116040268552946,-0.18781363349595148,-0.974869424918832,-0.08051423103024988,-0.33920603814664124,-1.3359131432413311,-0.21942784392764017,-0.44127283417511715,-1.558322746666179,-0.31519157243049584,-0.5122855516601982,-1.7409492581801214,-0.37139091086703874,-0.010404597228700952,-0.9944752438827287,-0.10445445735293414,-0.08219084495901136,-1.4229648723375388,-0.2567474069189286,-0.1386933276639901,-1.7114155316442856,-0.3585725419651065,-0.1787231892267418,-1.9483100953788408,-0.40484911137451873,0.1476663024088586,-0.9143560092382813,-0.14792832401011322,-0.055838475164793865,-1.0887336028211732,-0.3353085272265271,-0.18252834140789304,-0.803073770850605,-0.36515197058811183,-0.2421593016433802,-0.5749697037696985,-0.3293978563101284,0.28240324932297545,-0.7642316301448492,-0.20343055311782163,0.07120105112736154,-0.8923637544645238,-0.3322585320053891,-0.048118349344841785,-0.7115969181670591,-0.32514977351659613,-0.1128493750532004,-0.5414709326584404,-0.2829714624692383,V
0.0,0.0,0.0,-0.22873918745078087,-0.1148243470863204,-0.13560981980670575,-0.4103368954229518,-0.42400146839987574,-0.22601149505905946,-0.3981214908600221,-0.6639541654800031,-0.3242007923990557,-0.27212272820738037,-0.8584478887057684,-0.4121651222878308,-0.21336931858865285,-0.9952369049361998,-0.07181123077789724,-0.3544803032814822,-1.3846102664732587,-0.20068676716546854,-0.4442686721587009,-1.6314128978849476,-0.2897408075382172,-0.5055834733626614,-1.8278934643735782,-0.34148606582143587,-0.03354977690017992,-0.9949931075805328,-0.09414418907814945,-0.06581050157872603,-1.456245315950208,-0.23619015153128584,-0.09809734740252216,-1.7566242278032624,-0.33244099108552405,-0.12922603891376738,-2.0008006030408425,-0.37448326654827296,0.1316589869257127,-0.9000671126449433,-0.1369858548576565,-0.017368516311437578,-1.104505804513282,-0.3247545957402962,-0.13791561479704267,-0.8152099718730236,-0.35874355265641916,-0.19689645953280172,-0.5889800505901087,-0.3237386760307398,0.2795009291005979,-0.7388256657590272,-0.19144966987185744,0.1327992012123313,-0.9244344596595242,-0.32018330766669184,0.009908621098176362,-0.7535269034266344,-0.30947010270190484,-0.06338018321227566,-0.5923006500480225,-0.2653600785498952,V
0.0,0.0,0.0,-0.21853008286185793,-0.1301248470792582,-0.13698056809616793,-0.39350133198434767,-0.4255702892247135,-0.23290998013532796,-0.3796470947828989,-0.6603829796604196,-0.33619925161119346,-0.243368931137659,-0.8412985146500914,-0.42819040818724474,-0.19738274037158993,-0.9923881331029446,-0.07538888172226514,-0.3314125713968573,-1.3696950185892103,-0.20288111297390052,-0.41926592785267763,-1.6067388710649984,-0.2915400651857529,-0.47416708369795546,-1.795504907774627,-0.34401017655192706,-0.015854131234348177,-0.9951903717410934,-0.09666835323221604,-0.0444239494809391,-1.4350576176435175,-0.23419315727449797,-0.07074830625370321,-1.7235598402510395,-0.32668534292721,-0.09199017137884449,-1.9604856942499396,-0.3688987913609193,0.1489954832699968,-0.8965909345289423,-0.13878689902641508,0.004263933511197982,-1.0772756518872977,-0.32031739411259563,-0.11808213420476116,-0.795905356305556,-0.3541465609796828,-0.1776020634466486,-0.5753664281904622,-0.3225041659813865,0.29242375786660607,-0.7297859006084638,-0.19289024217359488,0.15235044568967374,-0.9001808805566961,-0.31691052587436414,0.03321972387493669,-0.7282654316849039,-0.30801208395973867,-0.03383381136820508,-0.5654955403357038,-0.2675619977838126,V
0.0,0.0,0.0,-0.19293768440579992,-0.16003671302605732,-0.14050827509663621,-0.35037264435054877,-0.4678695651295459,-0.23712025357904343,-0.32891626415913233,-0.7007974389139368,-0.34049520674367306,-0.1872901263778077,-0.878274688936989,-0.43180834714572536,-0.15898651181845622,-1.0013407763412392,-0.07512124347186463,-0.26455703323254565,-1.3766283232786316,-0.20512363443054848,-0.3512872660769999,-1.5991370052825606,-0.29783528077913823,-0.4067170740421309,-1.7815922201018741,-0.35116994563927906,0.01503110858596613,-0.9956536350837564,-0.09191248402246002,0.010233289004756714,-1.4479226467342743,-0.22353249347931728,-0.011179854120600876,-1.7314342339709563,-0.30956791608360296,-0.025035645277079837,-1.9595346145923098,-0.34760194654970145,0.1721150787755125,-0.8833654797775882,-0.13015652704949865,0.056346035165225836,-1.098865881798774,-0.30927023912560236,-0.08229458597279288,-0.8394727161381947,-0.3396608310188254,-0.15675102817254516,-0.6290843636430967,-0.3056882336625127,0.30782631948659367,-0.7019429720392758,-0.18020358325581293,0.1972900127314708,-0.8995827565804263,-0.3015622771205994,0.0675835756146786,-0.7451147119291809,-0.28729576151714137,-0.014233354268542197,-0.5925032591439401,-0.24322163471717323,V
0.0,0.0,0.0,-0.21463645371145618,-0.17863132867991086,-0.12689713553514462,-0.36022002169405093,-0.49368319779340675,-0.2073639122316395,-0.3083226252828654,-0.7272068107783336,-0.296905451472473,-0.16918453273806683,-0.9166390562772485,-0.3744890222380559,-0.16283588501196355,-1.0099791647042446,-0.045552113578211297,-0.2591756211508452,-1.3771904744556756,-0.158239817220218,-0.3261956891982096,-1.6041915335330088,-0.24162611023950967,-0.373990773082881,-1.7946927208561139,-0.2920927305017783,0.011136428225604303,-0.9976208790957742,-0.06803353260378642,0.032707114487823034,-1.4317076360174896,-0.18158783650681395,0.016597714300144173,-1.719860924816629,-0.259959895755071,-0.0009100450665403989,-1.9443402878359457,-0.29789463457260856,0.16422239464583205,-0.8799515102986087,-0.11362906583225878,0.0776744454915045,-1.1036598629143286,-0.275944762865998,-0.0526232656904499,-0.8617799506986168,-0.30084062898614655,-0.12097426336234854,-0.656198242264178,-0.2674964603811831,0.2936781110061771,-0.7009080431535434,-0.17153410404171998,0.19797091487200263,-0.9217822102780561,-0.2839871055770514,0.07672998031766068,-0.7699613238672427,-0.27060374967460116,0.004680118917968363,-0.6024649563263954,-0.23013845585339687,V
0.0,0.0,0.0,-0.2171816059901431,-0.17624358822167435,-0.12192067331493345,-0.3661748298268917,-0.49132605397245127,-0.20447170383570973,-0.3073600741594057,-0.7226445163571341,-0.29718779487022473,-0.16096660424546283,-0.889333073545299,-0.3797526574877556,-0.16949874038618765,-0.9997440444198613,-0.06232383020548788,-0.28834354881224344,-1.3634866927747935,-0.18348229065554522,-0.3643722355129498,-1.601810091765086,-0.2755868216089606,-0.41346965976574457,-1.8045582449253619,-0.3331562634016268,-0.0030204990953975777,-0.9961851139516157,-0.08721293095878205,0.01264525750189117,-1.4338176893910395,-0.20472541510220596,0.0032736718171431124,-1.7193815536448256,-0.2854705633516151,-0.0032472547798987283,-1.943635896190244,-0.32727084795486,0.14543259270086925,-0.8878664177779455,-0.13297342564457304,0.0640549661584653,-1.1323811539778574,-0.29360414803236856,-0.054972834104982965,-0.8841317516542115,-0.3164131905472731,-0.11690275936614573,-0.6584248121938787,-0.28511974396323125,0.27262359760635896,-0.7148661161116912,-0.19113231883909998,0.18961877227197474,-0.937617975491605,-0.2997576737315974,0.06859472834002059,-0.8043817774151569,-0.2838241186709128,-0.007568537859437157,-0.6462600499874455,-0.24464110486710125,V
0.0,0.0,0.0,-0.22616547165365014,-0.16361357547181188,-0.12094893517195593,-0.3660129281509743,-0.5098160626561046,-0.19267074271941662,-0.27279114317866565,-0.78570498734579,-0.2725125266608722,-0.11013221052228989,-0.9685315507514446,-0.3424097238638678,-0.19203894966961055,-1.006709428697685,-0.05490552444554143,-0.27375100910823746,-1.3966761518106132,-0.17051803183072844,-0.3346563185588007,-1.6399450668229862,-0.2523580724040721,-0.3765328735559435,-1.8501232983501377,-0.30468851228308164,-0.009651365265632485,-0.9968527000808084,-0.07868637423411494,0.013449637606531367,-1.4482783827426828,-0.19549376171779284,0.004377681888541705,-1.7313883814320936,-0.2716911919630356,0.007966910956873692,-1.9649880064007776,-0.3090873833960147,0.14895680496423977,-0.8828216722705077,-0.12408329332031785,0.09936024986027382,-1.1536135498066,-0.29327615628053166,-0.01282084588887842,-0.9141140613002403,-0.3147370716373052,-0.06703736415299823,-0.7021648379596729,-0.2798022430639833,0.28927374819807844,-0.702266213856761,-0.1804334166128844,0.2234974099874301,-0.9341375815822299,-0.30359242991099394,0.10647769252726183,-0.7931336801324091,-0.293442999165025,0.0347732384797491,-0.630105330858073,-0.2551482243632138,V
0.0,0.0,0.0,-0.21139147555022839,-0.194332810765436,-0.1053418411747483,-0.3375961363952811,-0.5292962145406539,-0.16274150455202754,-0.2342932046192192,-0.7837786460462077,-0.22821520992562785,-0.0808643155760976,-0.9525512666298661,-0.2840452386316424,-0.20064550430546438,-1.0058011572601682,-0.0398979932113721,-0.2830913918993415,-1.3732535803646015,-0.1298751667653843,-0.33386786433177346,-1.6036400987436963,-0.1943080478743892,-0.3741627285909648,-1.8063954518040006,-0.235980594272887,-0.028411783517237086,-0.9975570291419165,-0.06381805517973073,-0.008746901065581549,-1.4270650037749604,-0.15580222671540495,-0.011193242552768589,-1.693731505681887,-0.21457509221606333,-0.006805242501166814,-1.9102707021037941,-0.24215467415397277,0.12700258117397717,-0.886721603627131,-0.10737338093645107,0.0819473840034184,-1.107427580003815,-0.25263813612690744,-0.009413707197962145,-0.8997972955056008,-0.27620849704009875,-0.052758015778143215,-0.7070648194578782,-0.24791903621479586,0.2591351316831689,-0.7197488540191656,-0.1611512955129461,0.20885300583582111,-0.9158664806597486,-0.2660881831920819,0.11235419304595999,-0.7826971505398395,-0.25682674035990055,0.05672155187555226,-0.6250745171827549,-0.22342817948987845,V
0.0,0.0,0.0,-0.20719096412744498,-0.19791118621981119,-0.10572990150470579,-0.33271992823052443,-0.544447125914625,-0.16638427718588467,-0.22988215572934897,-0.8012047340803039,-0.23816512713853535,-0.059223795935753304,-0.9600380633843185,-0.30175151960232005,-0.18211353415726117,-1.0076058668627847,-0.034740755243822294,-0.2758553746969771,-1.3887212470506491,-0.13387565225708692,-0.3344501760139113,-1.6348841345561322,-0.20413480395962325,-0.37413322097928875,-1.8460929413473957,-0.24740732996469814,-0.010998862802095546,-0.9978210251848063,-0.06505556637369984,0.009776070836680304,-1.4534666862582706,-0.1660094376274133,0.00240628600553302,-1.7403078244489105,-0.23059092190394762,0.00514335802574381,-1.9619794475598062,-0.25895328823115227,0.14291596095309467,-0.8867589373145659,-0.11609671555574445,0.10224534203893751,-1.1368643749371383,-0.27416463233431865,0.008858435804227096,-0.9173334066381708,-0.29791003349746326,-0.03327919174733882,-0.7118644889879635,-0.26422376650220614,0.27361197574412627,-0.7193060352479148,-0.1769359552271768,0.2289734054452239,-0.9581617867886669,-0.2865422543024484,0.13004902286149658,-0.8083100267881448,-0.2694730580657083,0.07505254461745174,-0.6308895761676394,-0.2280254935393386,V
0.0,0.0,0.0,-0.2129085113719718,-0.19257910874713682,-0.12010657889072208,-0.3343237721301685,-0.5286266583891605,-0.1829745532596611,-0.2134663347479574,-0.7800165426132412,-0.25362572125353106,-0.04026400889258682,-0.944261822004324,-0.3152118706992386,-0.20932513751711873,-0.9962627767734366,-0.04640940222068325,-0.30180909932682604,-1.375946595836651,-0.15069934027206003,-0.35722962355509624,-1.623145419661305,-0.22644775401676426,-0.39250209605898617,-1.833999213115203,-0.27455489783772385,-0.03215197100243285,-0.9971794150663661,-0.06781935511753882,-0.017265427521621295,-1.4416809111408786,-0.1730602228015457,-0.024876057380205506,-1.7266724630327546,-0.24307488578258243,-0.022723056824714236,-1.957167458541911,-0.27788437487924883,0.1267020892744559,-0.8934953415827039,-0.11041493217951773,0.09638617120357189,-1.1495621467019186,-0.27094770293685266,0.012958204818535265,-0.9090075623281587,-0.29241837798437526,-0.023541190372571262,-0.6928726041032087,-0.2591818830651534,0.26301599838067147,-0.7319044707786823,-0.16447556758462473,0.21676718766542102,-0.9602200349213809,-0.27969011011586553,0.13299151174619947,-0.8094311478194031,-0.2655991007289964,0.09291063061530888,-0.6342588381164099,-0.2260878563250013,V
0.0,0.0,0.0,-0.2128356131753818,-0.18007639203842207,-0.12747437277063578,-0.32287653238462466,-0.5133865191142987,-0.18766285884398584,-0.19223869973479532,-0.7664319309748545,-0.25309738833561357,-0.032755601369880476,-0.9395094485205883,-0.30898925201960903,-0.22267315288758371,-0.9902506852980656,-0.056950742129408,-0.3065718948706499,-1.379068733945236,-0.15813530816817825,-0.3576404463440207,-1.6262179839933373,-0.23111182803801034,-0.3905705643630857,-1.8392490645909987,-0.27757641970126357,-0.04280670733975821,-0.9963542707331524,-0.0737953453717531,-0.0311069620001487,-1.4469667891590732,-0.1746775751641625,-0.038634980625876704,-1.7304593782021505,-0.24197510553505616,-0.03851541862234992,-1.9586306282133825,-0.27663508830331307,0.1167714921784206,-0.895612642840418,-0.11165505141443999,0.09900918543062244,-1.1469819928533689,-0.26642446577964746,0.012380480930331759,-0.9126788574098849,-0.28655338721285134,-0.03270602152988588,-0.7075218671087102,-0.2554565989519936,0.2520737786245556,-0.7354157922214216,-0.16210042022252474,0.22530856270110172,-0.9595519891484918,-0.27596373120002343,0.13607143210552017,-0.8209956417880213,-0.2631298470205376,0.08219416075847323,-0.6587826905957934,-0.22612392611519125,V
0.0,0.0,0.0,-0.21468141246550046,-0.16743502584190698,-0.1417655874226369,-0.3344402877032941,-0.49565112721510357,-0.20635799169279134,-0.20185081467637989,-0.7525808594819974,-0.27196617998149075,-0.0379228160608086,-0.930432317718865,-0.32726816858144303,-0.23032467246516505,-0.987446608958847,-0.07002099882355552,-0.31128057160681666,-1.3699378278322905,-0.1737162023132946,-0.359971628834563,-1.6163340353650621,-0.2477233331600432,-0.38982560223215934,-1.8313970348540975,-0.29596925870244783,-0.04860257328025994,-0.9956745525660972,-0.07918317525105519,-0.03899525852048742,-1.4576126576834947,-0.1822717332754066,-0.04480690971560929,-1.7311622702502545,-0.25007730394569677,-0.04097955358322914,-1.9547972585029327,-0.28621204235135067,0.11302994754378937,-0.8960671519120406,-0.1104490166475726,0.10083575353082093,-1.1434210492850945,-0.2696223391189117,0.018161330221582027,-0.8991419690871927,-0.29245130392129937,-0.02226626219884137,-0.6986439378387297,-0.2638959813443236,0.2506367369055179,-0.7381958369615534,-0.15504369649845134,0.21860150658130387,-0.9522053244508291,-0.27167903255575365,0.13290671775690446,-0.8040385289812714,-0.26316231967156534,0.08797835531529823,-0.6476976034590646,-0.23072292934562635,V
0.0,0.0,0.0,-0.20895362984493193,-0.18423474493808534,-0.1401812308207073,-0.32026542102719857,-0.5013785944611179,-0.20288339231126495,-0.1943702382668192,-0.7558594494496016,-0.26755421345673003,-0.0345932479660241,-0.9409466410237762,-0.32154121681146186,-0.22170962642108608,-0.9927273468743756,-0.05185489599412271,-0.2985221393186535,-1.3657245420340096,-0.15126770197641362,-0.3499749333659936,-1.6044373051715715,-0.2255554774830375,-0.38135749886492315,-1.8175994121636287,-0.27434507358726185,-0.04221192516545525,-0.9973834463758868,-0.05868913246235904,-0.03711936802417085,-1.4536027343907416,-0.15539483435677046,-0.04838973391790451,-1.7215020256890758,-0.21965254813943635,-0.045058927391734574,-1.9411446292519754,-0.25502350117983585,0.11901689154296029,-0.89779109071956,-0.0891518882959437,0.10381509882767968,-1.153597858945308,-0.2438666690622464,0.010997037139692892,-0.9112464326138252,-0.2664138360671642,-0.03213556347337469,-0.7161531756988362,-0.23903503543654406,0.2604703108703345,-0.7420608959579781,-0.13318347457250593,0.22076610465931223,-0.9503268620843476,-0.2456479579279334,0.13526754716992678,-0.7954524220224439,-0.23911184453800105,0.09977223161397845,-0.6391823926339327,-0.2094723054973873,V
0.0,0.0,0.0,-0.208040049467158,-0.18231715934572723,-0.1367539921560398,-0.32305239925043794,-0.4979116549542268,-0.20262877097639181,-0.1987798173723877,-0.7492985907873749,-0.27276028537961716,-0.04138551051523602,-0.9289403307806529,-0.33252946784238163,-0.2199725700600878,-0.9893489119607531,-0.0617978052017703,-0.3028970029507604,-1.3708836864703926,-0.16830598506558955,-0.36001192541798416,-1.6185082747034802,-0.24757814597494077,-0.3983775182470825,-1.8377742109503588,-0.2986727226378433,-0.044291778190653726,-0.9962703959010379,-0.07405090570613697,-0.03310231368250466,-1.4629388384500472,-0.17786548769478674,-0.04170819723070541,-1.746791689650392,-0.24874814622304145,-0.038130048224695234,-1.9754932901940796,-0.2880596484044476,0.11622419911705435,-0.9014067632616174,-0.1087049881817056,0.1060297201022058,-1.1627539902087365,-0.26626063187397886,0.01888218222182292,-0.9286451955829338,-0.2911578635382828,-0.025197741495220565,-0.7231490695880533,-0.26450550104956577,0.2593380533875407,-0.7512528700350721,-0.15698318530037336,0.23477044849904852,-0.9722884694883589,-0.26910318666459904,0.14670974478413876,-0.8281501996942479,-0.2597579779663129,0.09785589444599833,-0.6648222977870549,-0.2275745178369616,V
0.0,0.0,0.0,-0.21478514684100714,-0.16807046202616294,-0.1340003470168677,-0.32872019973567224,-0.4973237710634468,-0.1974981392967301,-0.1946684389818999,-0.7489222037780778,-0.2639241941623722,-0.02882884706659273,-0.9188701287015766,-0.3206626469755464,-0.23517461310539975,-0.9860309407383936,-0.06671540819250518,-0.32458157172643864,-1.377264720030232,-0.17002959464466955,-0.3799079983221072,-1.6219252873185364,-0.2434654267906473,-0.4187470168251288,-1.83207261070652,-0.29056073779179054,-0.05154802992988238,-0.9956221519556351,-0.07797006570202566,-0.03942796159494945,-1.4631863059887367,-0.18039188084576843,-0.04519910759548363,-1.7398010684545366,-0.2483087754597838,-0.04352905688958159,-1.9628223197426296,-0.28374671481426256,0.11135925403474488,-0.896458031685026,-0.11031958220924365,0.1058854746655984,-1.1535848368082238,-0.26535227259459376,0.02707235738160859,-0.9092627877226882,-0.28653186453889146,-0.012095666900646595,-0.7030020131202513,-0.2564082680634341,0.25421042014234874,-0.7365775595309841,-0.15513832210819822,0.2321624835137493,-0.9595076156282275,-0.2691388633860884,0.15432438964213296,-0.8173847702965259,-0.259003608749965,0.11370923623160852,-0.6619871311294262,-0.2245048144277862,V
0.0,0.0,0.0,-0.22263197866516693,-0.17267209732484143,-0.13537560943262875,-0.33481974900507205,-0.49241907410724184,-0.19370728764999004,-0.20188881334210748,-0.7224105717922822,-0.25418130743148437,-0.03912790188875403,-0.8870361705937847,-0.30583297623469347,-0.2385279210647981,-0.9765234866393534,-0.05218370350298653,-0.32813515721667347,-1.353912061186502,-0.14821589914023753,-0.3884413114473484,-1.5901363913314925,-0.2195385330195404,-0.4271550169220247,-1.7955359310688683,-0.26654932383936064,-0.05300087043475928,-0.9968592851691298,-0.058842784649005005,-0.04749740130144161,-1.4638426418537636,-0.15474251828440908,-0.06061188019683705,-1.7419843722397377,-0.22212178686733033,-0.06378865822236515,-1.9600692295540427,-0.25782767210444707,0.11192081251531284,-0.9091601245445697,-0.08764912708221538,0.09223864886982781,-1.1658388676628444,-0.24029317310989093,0.01219187747451333,-0.9260722743442102,-0.2723406916198543,-0.02255502354564962,-0.7237491774680407,-0.25072539376487346,0.2607874630754776,-0.7602932731132052,-0.12872234099695573,0.2085507066849238,-0.9560233754681048,-0.24735442350689646,0.13112168876597238,-0.8035774009979252,-0.24966557220559812,0.09943988138422444,-0.647312664147517,-0.22411352524938052,V
0.0,0.0,0.0,-0.2208385756355613,-0.1655536573142524,-0.14937285049722981,-0.3425147281004075,-0.48104058420441687,-0.21837721592763704,-0.2213990958297565,-0.7302280020628655,-0.28859273917626893,-0.04978859009904061,-0.9008247459055386,-0.34892508102856834,-0.2560119655803733,-0.9754650586380694,-0.07005354135574904,-0.3487163426716151,-1.3652395553850865,-0.17504973772023122,-0.4096244091524062,-1.613109920279231,-0.2508450889532514,-0.4468283139095589,-1.8251200536031966,-0.300494894970058,-0.07041856475974509,-0.9948555478746838,-0.07282626312080222,-0.06656052679557271,-1.463436372351465,-0.1785851051857397,-0.07970573233165582,-1.74878023407055,-0.2504172212169674,-0.08285688872755287,-1.9734752524509478,-0.28912060722467986,0.09616580364799536,-0.9064764086106522,-0.09877815743347831,0.08075060099675109,-1.1765776504704089,-0.25958591882787624,0.004979078352562764,-0.9281955192730266,-0.29089601156976747,-0.0270768542048257,-0.7158130019353078,-0.26697691896590203,0.24786179059021324,-0.7610314880390586,-0.13820133008464153,0.20373383630505135,-0.9795890994265236,-0.26055309532624676,0.1333595388818809,-0.8394807857411791,-0.2630616774333519,0.10365735245479483,-0.6872641590881666,-0.23696104761156825,V
0.0,0.0,0.0,-0.2155432468596774,-0.17795433404496913,-0.13958753976927774,-0.33089501829145435,-0.49101592131824423,-0.20128563483151954,-0.20709933270805045,-0.7300600464159531,-0.2646307148670776,-0.04356346403555462,-0.8956768194115691,-0.31866540358436213,-0.24900042524293203,-0.9732725347964584,-0.057020265095225765,-0.33828190090670296,-1.3415713938116263,-0.155631073049083,-0.4006375079484743,-1.5769443440876587,-0.23032259043210423,-0.4435118676202163,-1.7846585595396958,-0.2802079291321907,-0.06864709421844586,-0.9957319969557892,-0.061687654306191095,-0.06375810648133949,-1.446171729848902,-0.15805303535447474,-0.07719087018583863,-1.716410816192599,-0.22630985157165726,-0.07767225040585261,-1.9346059918894862,-0.2650581639230752,0.09418704277569558,-0.909682728247867,-0.08912158557955284,0.09080889876476045,-1.1616930811540263,-0.23989619137458196,0.016755964438420264,-0.937161692525141,-0.2726850619063324,-0.017769041353187378,-0.7400198166628824,-0.25369042400680486,0.24119828712351435,-0.763457847503347,-0.12947768762355755,0.20536081175327028,-0.9589562446408882,-0.24595990493093353,0.1333130178627993,-0.8192275870737056,-0.24942480148452237,0.1001012527835406,-0.6643210902106875,-0.22606530579308787,V
0.0,0.0,0.0,-0.21282899839675912,-0.1825225325257148,-0.14239483446105058,-0.3258576113686547,-0.49100637911537326,-0.20653444995646675,-0.19929365884605788,-0.7345575936466472,-0.2716949469662441,-0.03199605670879357,-0.8969328570089623,-0.32709174656252665,-0.2469398925581536,-0.9777901106255668,-0.05937450192682854,-0.325230472323438,-1.3458734383379085,-0.15585577009867985,-0.38262812941486823,-1.5772012342617987,-0.22962964773826455,-0.4198638929617718,-1.7839214197420372,-0.28000458679712265,-0.0637926900385812,-0.996041908053272,-0.06189515408526731,-0.05655722999419098,-1.4423590273496383,-0.15704647011661593,-0.06466217597104705,-1.7115446927994167,-0.2258601185392404,-0.06051227041744755,-1.9328563070674636,-0.2673909868523625,0.09888151846521524,-0.9059287506724059,-0.08714367328363848,0.10737163645409419,-1.1541291889129046,-0.23796882122193874,0.03076532956978557,-0.9287631074226396,-0.2705263734470263,-0.012233959557416846,-0.7371924513008845,-0.25295620038058764,0.24311552192990282,-0.7561158306982706,-0.12539746943948882,0.22110848731200228,-0.9506966402808493,-0.24303495849767823,0.15180069624525527,-0.8051156743362475,-0.24742725842028374,0.1146230503688049,-0.6486999412467398,-0.22553270808449388,V
0.0,0.0,0.0,-0.22159391067621984,-0.17694150672144632,-0.14178967735836687,-0.34649162515794246,-0.49229268520421515,-0.2090821896277947,-0.22324794950031676,-0.7358698349400181,-0.27797945812255387,-0.04856276747913312,-0.896168357675853,-0.3375828712408825,-0.23387002892893072,-0.9865225734877395,-0.06601581304806808,-0.3234691400602512,-1.3698384495740288,-0.1669593936811847,-0.382331934040055,-1.6137334506977565,-0.24285138355628183,-0.41587527076498,-1.8276817310627798,-0.29329888371960716,-0.05177782498551812,-0.9961468360170341,-0.07078515333755424,-0.03446259459691838,-1.4508996405464654,-0.17140810394799555,-0.04390648403610884,-1.7344295274505688,-0.24046126911949423,-0.04424710190832067,-1.964220447282762,-0.278784492732179,0.10891857381906223,-0.9012148957894494,-0.09775207840336123,0.09300861200136053,-1.1461060527385354,-0.25342937124225795,0.004028006644882545,-0.9123866929888791,-0.28223691282206104,-0.04105217270993213,-0.711530802162986,-0.2588692174712073,0.2527232183848323,-0.7480855682687396,-0.13783491674689133,0.22429892076638402,-0.9507301426197933,-0.25380743656126414,0.13261467326300375,-0.8054004367374764,-0.250525325407488,0.08022615932128255,-0.6470836729471952,-0.2220890582854982,V
0.0,0.0,0.0,-0.21791151485815957,-0.18977550897826145,-0.13951473679945195,-0.336336996601507,-0.5219131919854442,-0.20466707209544543,-0.20704349774071218,-0.7667999039056372,-0.2716669138535986,-0.02554807555775019,-0.9193583661563608,-0.3293049121274007,-0.20133138293602734,-0.9950689864323325,-0.06307555552279655,-0.28917303999667854,-1.3940533713230123,-0.1623529018535052,-0.3428964332994681,-1.6450446111017236,-0.23575194665929838,-0.37239646010011507,-1.8572057072865993,-0.28367971264389147,-0.022153949601243034,-0.9973573401821729,-0.06919204074029536,0.006467910611939833,-1.468177405041743,-0.16660154427860777,0.004932328679728204,-1.7597348608587227,-0.23255160803800698,0.009511455371109976,-1.9867885011549724,-0.267505652128738,0.13334241937104013,-0.8945945119083524,-0.09778407055581093,0.121123485287891,-1.1493910394330873,-0.248192589581879,0.03508311804794494,-0.916301919041452,-0.2756724149127936,-0.005410320639984706,-0.7106242566152643,-0.25122492037951843,0.27102244946197857,-0.7312881857279979,-0.1396066282842197,0.2505123406215671,-0.9549291529313662,-0.2517224674726914,0.15934691576304622,-0.8131621000608916,-0.2468061911378959,0.10688412293578758,-0.6526430859187096,-0.21719891350517115,V
0.0,0.0,0.0,-0.20686530987431645,-0.19295697997011788,-0.14355569065368032,-0.3349406978373951,-0.5093723959719582,-0.222881877380343,-0.2509443096187144,-0.7482554397820946,-0.3068185906756977,-0.09789277807887338,-0.9239374021856117,-0.381383684855018,-0.16690906566360783,-1.000043647426309,-0.07460164560766716,-0.2610486224520923,-1.3826508222977991,-0.19221038340618538,-0.3251043276864541,-1.6218696039554905,-0.2802784278176828,-0.3621198807200549,-1.8311111849606032,-0.3351500383983312,0.0067979325118868355,-0.9962851644216124,-0.08584671960514657,0.029026044604653183,-1.4559421515707047,-0.2022815322614029,0.02387118357215098,-1.7457355192856168,-0.28230654041955344,0.03241094589350493,-1.9795169263272094,-0.3251062605761949,0.16074699108844062,-0.8910891268836882,-0.11968549365296204,0.11694989780675763,-1.1367448065023094,-0.28760227879330297,-0.00336142594809444,-0.9031639517252898,-0.3197858326199248,-0.06859393382473006,-0.6928350172211338,-0.2950573184727673,0.2944487706354399,-0.722396137696152,-0.16666381181605336,0.24008797638659363,-0.9348647685608862,-0.2841915748669809,0.11920373289308682,-0.7966957935666722,-0.2763988241970961,0.0414542137993778,-0.6354797004103397,-0.24336712249880274,V
0.0,0.0,0.0,-0.21983962212431654,-0.2112231569432692,-0.14086879651640716,-0.3227256767159388,-0.5588859545698235,-0.1938932461368012,-0.17987226713310603,-0.8319769094797512,-0.24861102104592342,-0.0016982312115335525,-0.9952409757934085,-0.2925494998446528,-0.2447583805063852,-0.9838503562996042,-0.035325573061752935,-0.3227422231702337,-1.3705246485027973,-0.12231716923816788,-0.3675175338502762,-1.6084862702285165,-0.18639459988103807,-0.3904894606343321,-1.8192522809253826,-0.23063662792399275,-0.06506872972860687,-0.9972630735798603,-0.03510587537087605,-0.056533786102866065,-1.4411410814988344,-0.1292101925658101,-0.06252925256639802,-1.7066579978482925,-0.19364797521978375,-0.05792631148200022,-1.9233659008182602,-0.22920200493476994,0.09318539308220404,-0.9090434328603736,-0.05973562886726789,0.11678669048754949,-1.1808093598175287,-0.215482699008242,0.04180340605985878,-0.9639784682635034,-0.2517745467229337,-0.0025392753761808726,-0.7656994814435059,-0.23198645033495427,0.23585860774204498,-0.767345853645847,-0.0974336792703032,0.22571421875708464,-0.9761836979522889,-0.22067377069445968,0.15396173042348418,-0.8676185773890173,-0.23484222709603184,0.10966202941140564,-0.7323505063842213,-0.21746085788709968,V
0.0,0.0,0.0,-0.22306289981869307,-0.20883977658245415,-0.15741879453588023,-0.3085337949036917,-0.5460356930933192,-0.21410495083281,-0.15415113075727263,-0.8206714548782027,-0.26590596661489446,0.017442877904783632,-1.0069806735197062,-0.30502994215667056,-0.277927335647176,-0.985909047340122,-0.05083825307220887,-0.3479783993024395,-1.391576005243798,-0.13509656967039813,-0.38311740128065835,-1.637961875067017,-0.19472257628901846,-0.401157171845108,-1.8494680436057231,-0.2353546244140457,-0.09117801566724078,-0.9949918788052392,-0.04096010950430641,-0.084358950242263,-1.449184811135698,-0.1293456451213298,-0.08228162181845157,-1.7231187699560948,-0.18791975630303343,-0.07457734307518632,-1.9481934423066318,-0.2185499769606783,0.06713821077395528,-0.8956870203012866,-0.05738490075324181,0.10194713674835043,-1.1660710440609519,-0.21124484017191034,0.04323953894745336,-0.9549670838849063,-0.24783169569647148,0.009050262295859455,-0.7731770462546411,-0.22766274178888737,0.20278170232378717,-0.7506400162351842,-0.08720566142277783,0.20292450560437883,-0.9662846614252474,-0.213596970961334,0.1432185374996962,-0.8480230849762038,-0.22903912845220695,0.11004997026157107,-0.7165117023875855,-0.21113669382783654,V
0.0,0.0,0.0,-0.22422435765072415,-0.1967970620233587,-0.1570594167447263,-0.2972461650983604,-0.5345540787172492,-0.2096860443965264,-0.1445590575406358,-0.805351109529468,-0.25765803313900343,0.011244811721263842,-0.9894285488375447,-0.29363581612122336,-0.27849230094397065,-0.9817110901826825,-0.05084089264275501,-0.3415583047044849,-1.37566562220291,-0.13165950669245644,-0.3762688275157516,-1.6197985803719426,-0.1923190018182837,-0.3945540368829533,-1.8334875369328056,-0.23612005367888908,-0.09260494173209889,-0.9948228483858285,-0.041854809715270634,-0.0942456482260066,-1.447546068611306,-0.12766557253261537,-0.09093188561571272,-1.7098753783704121,-0.19048237014688926,-0.08086223614179151,-1.9287391339962676,-0.2282660682118522,0.0642312122778635,-0.8973870296969457,-0.05819140794865247,0.10478187879336717,-1.1645371589981548,-0.20954896027915673,0.05367465951176646,-0.961133412376382,-0.25163439345918553,0.015362130659147766,-0.7800808701394165,-0.24030297910274495,0.1946690374985254,-0.7536906287557356,-0.08809737027286388,0.20159517461891438,-0.9451545651963947,-0.2133685356764967,0.14643989777063363,-0.8352394648976951,-0.23390765573965885,0.10835298679786473,-0.7093314163015174,-0.22354499333905772,V
0.0,0.0,0.0,-0.2212725537408877,-0.18874934259085838,-0.15373108793745327,-0.2927006502301138,-0.5289108715149161,-0.20301052514712598,-0.1334869440299011,-0.7879405126291069,-0.2485982398425972,0.028507052660922048,-0.9560552734593482,-0.28276649916894686,-0.2926385680759837,-0.970761731386054,-0.04272770327924872,-0.36287679098655024,-1.3683225431164674,-0.1198041059530582,-0.39969645845778917,-1.6076604880767045,-0.17619521118624915,-0.42342648529875365,-1.8148331739749284,-0.21607353335829066,-0.10776224438962702,-0.9935729010952923,-0.03464374248251594,-0.11499636224331174,-1.4339280141832025,-0.12019463312485457,-0.11473524594055856,-1.6988540161687264,-0.18060406250369224,-0.11186255410426613,-1.9181124062014498,-0.2132562591259445,0.05145806190670585,-0.9092383166431256,-0.05195321644310526,0.073619947160125,-1.1591175432457488,-0.20575990346879872,0.02811744073682983,-0.9368962256875905,-0.24437196110591505,-0.0019107278267815261,-0.748128526579398,-0.22664992957456584,0.18757184419242404,-0.7774628600383793,-0.08236663983610451,0.17808234974268405,-0.963770579570792,-0.21203664644230605,0.1310735776329699,-0.8282718437422697,-0.22861802151801658,0.10449767184620107,-0.6876528770955423,-0.21143255717593465,V
0.0,0.0,0.0,-0.21148173486874552,-0.19404527993859214,-0.15866494063431716,-0.28860529565238435,-0.5190254588007358,-0.205373541091542,-0.14001559325008064,-0.7816921461424411,-0.24734652647775324,0.01889790146566144,-0.9628381133875314,-0.27761214756247643,-0.29928700589917934,-0.9623890101227998,-0.03378234531142024,-0.36823345489168385,-1.35548411459848,-0.1030671660618697,-0.4027519618994353,-1.5949956207004938,-0.1552147725200138,-0.4243577161988565,-1.8042473469549984,-0.192765075488166,-0.11706976608752596,-0.9928939151638354,-0.02136218853119219,-0.13017191962020905,-1.433096168228771,-0.10111574052422358,-0.128477857443438,-1.700236416198516,-0.1604576189198925,-0.12554690036352478,-1.9178587904576858,-0.192197893939311,0.040126094733130446,-0.9153450296032384,-0.035563492968889075,0.061191146897527034,-1.1606494922505355,-0.18958856675271735,0.024559249250354537,-0.9354984352233431,-0.23541404192788737,-0.0007871713300338428,-0.7467642356060668,-0.22148129547880138,0.1756634750423461,-0.7937687231589782,-0.06297178951647714,0.17389663001604214,-0.9837507764607184,-0.19686709724474405,0.13323665654003086,-0.8510936947139853,-0.21995102055966184,0.1057137806352568,-0.7118108924262477,-0.20614289147883685,V
0.0,0.0,0.0,-0.20940829254641488,-0.1983855207461004,-0.15776623444351145,-0.2884002320200558,-0.5163309858320918,-0.2108978563038901,-0.13807159730431587,-0.7592361111327577,-0.2596430960166827,0.009974790439233275,-0.9366882836640641,-0.29776384188096,-0.2736195622430595,-0.9698246277843012,-0.06119870579182438,-0.34476954938018123,-1.369931195796635,-0.14020097010711044,-0.381810869144358,-1.6149306943634048,-0.20002845376773082,-0.4012751361063684,-1.8315304278635607,-0.24365719469257438,-0.09074543720580736,-0.9944834490721884,-0.05261116942067526,-0.10405003212336374,-1.4570863696580385,-0.13866983384071885,-0.0950212859300084,-1.728335946954491,-0.20027495191143307,-0.08305861578057461,-1.9474473389179134,-0.23586491285787592,0.0656930665978943,-0.9109950443734596,-0.06849473295419894,0.10106884834048625,-1.1850441836071988,-0.2253996957518657,0.06346147029209351,-0.9472032772356322,-0.2679783095499494,0.028588592446335867,-0.7450857136647311,-0.25333608139562774,0.20466132904654477,-0.7787493333413625,-0.09779484540501611,0.22135676355506154,-0.982087387237535,-0.23568840376260583,0.17774081775148698,-0.8458000073404875,-0.25782655966956286,0.14064270142416158,-0.6965028236428229,-0.2439972058343711,V
0.0,0.0,0.0,-0.214636000483227,-0.20770735269054474,-0.16334587126481248,-0.2961989639812559,-0.5398930774830383,-0.21466267937375166,-0.14849843443885052,-0.7979036464635963,-0.26074341888874714,0.010844006702288076,-0.977556204668557,-0.2950812456907515,-0.275848222516701,-0.9733118922781452,-0.04464884617151581,-0.3446109581694601,-1.3692858427710957,-0.12181182249222203,-0.3794900269873821,-1.6106047829766974,-0.1791854292756798,-0.39836183193500113,-1.8226143638699808,-0.21931202485185472,-0.09615170662684483,-0.9948578244452865,-0.03182386608720974,-0.10232515722641647,-1.4497656972465087,-0.1152171281065898,-0.09740522980227839,-1.715271363997147,-0.17228926798294253,-0.0861393543231492,-1.9304542314133164,-0.20276870118085588,0.057594983726169245,-0.9112532243976068,-0.04649021223793842,0.09530317747717874,-1.1717146947239165,-0.20159127063294885,0.04508808488721661,-0.9436598296878496,-0.2419502586143417,0.011338166079407635,-0.7577381972939,-0.2248118916377367,0.19426734261629763,-0.7848388391879126,-0.07535679813387204,0.2064998705026084,-0.9868302345302157,-0.2055594282428661,0.1528273289148907,-0.8554448809826422,-0.22381073453121472,0.11814325722048642,-0.71776607860564,-0.20833811121171034,V
0.0,0.0,0.0,-0.21008105269603738,-0.19727516787046595,-0.16906160842445767,-0.2757388011569075,-0.5235410937906025,-0.22480347186355606,-0.11788112475984465,-0.7678784562407446,-0.27370015626498045,0.040338258634734406,-0.9449708879251572,-0.3119174308506685,-0.2728697875373905,-0.9815319012407463,-0.06867436331536844,-0.3401847883198189,-1.3843621772882693,-0.14600671136087423,-0.37393625110345663,-1.6346458484949724,-0.20481186129071188,-0.3907226271528796,-1.8465171151191788,-0.24947923358903215,-0.08810008197441672,-0.9945868881899034,-0.05509353316702118,-0.09617656209490488,-1.4588190698797716,-0.140557200629819,-0.0853079953762909,-1.7332628614161287,-0.20565986652529902,-0.07259982286758403,-1.943375092055376,-0.24559688324483847,0.0700400173034082,-0.9005959963406533,-0.06698746650184467,0.11251787568352145,-1.1886716203459031,-0.22590415504253522,0.07803014202105331,-0.9821255678501175,-0.28158080997412077,0.04554658226129207,-0.7905170715136068,-0.27867464531746255,0.21082460914235332,-0.7587357118906114,-0.09232417919523474,0.22998050887574217,-0.9644080319916266,-0.2383179852677923,0.1881787083020055,-0.8377639766571805,-0.273619238252577,0.15220493315388867,-0.6884411282880034,-0.2703902318867168,V
