feature_0,feature_1,feature_2,feature_3,feature_4,feature_5,feature_6,feature_7,feature_8,feature_9,feature_10,feature_11,feature_12,feature_13,feature_14,feature_15,feature_16,feature_17,feature_18,feature_19,feature_20,feature_21,feature_22,feature_23,feature_24,feature_25,feature_26,feature_27,feature_28,feature_29,feature_30,feature_31,feature_32,feature_33,feature_34,feature_35,feature_36,feature_37,feature_38,feature_39,feature_40,feature_41,feature_42,feature_43,feature_44,feature_45,feature_46,feature_47,feature_48,feature_49,feature_50,feature_51,feature_52,feature_53,feature_54,feature_55,feature_56,feature_57,feature_58,feature_59,feature_60,feature_61,feature_62,label
0.0,0.0,0.0,-0.13997819481942358,-0.3031088298299466,-0.04129382895987353,-0.22813769124610872,-0.6187573207494084,-0.10808339522682689,-0.31794053886219736,-0.8585619494194617,-0.1863431544068587,-0.3798231191037006,-1.0451552799720503,-0.2547757162752986,0.02915064071458732,-1.0607538583879472,-0.10359985568954487,-0.07268785963487119,-1.4031471539458311,-0.21451580438335505,-0.19593063863193078,-1.5178908989107411,-0.28388961073028296,-0.2940640303284666,-1.551669480479644,-0.3304057038106117,0.10573548293746719,-0.9828902045737705,-0.15082060005487385,-0.3865387068317102,-1.0059839760208447,-0.24053849804382635,-0.4271723448866613,-0.7749293416331839,-0.26050440073137177,-0.33829170311526774,-0.6612107337969705,-0.27393019995906837,0.09660445499725977,-0.7931824197342641,-0.20570365724780598,-0.41486213913409875,-0.7213587235567606,-0.280105502838853,-0.38704334154455333,-0.5059364908466767,-0.2500741785089941,-0.2725294694877277,-0.4348953229702638,-0.2361006564472864,0.04282755678170142,-0.5682381037189934,-0.27068619422849327,-0.3522534026943049,-0.46958441839216997,-0.35703066553419227,-0.33270940343910443,-0.3136694125400493,-0.3489154054704105,-0.23305041561234738,-0.255429305281691,-0.3283430068120458,X
0.0,0.0,0.0,-0.10477723981533169,-0.32872239763120764,-0.048247260342709423,-0.1748911737273256,-0.7351643340312904,-0.09719771432389188,-0.22265753790602769,-1.0631768263295187,-0.14791783027117025,-0.2551244933183581,-1.3133302571521772,-0.18130305858269874,-0.005153498677868672,-1.0823380165974081,-0.1345536790790669,-0.16385400035170108,-1.4478624932463187,-0.260658660126199,-0.3316573343207127,-1.5122795015548338,-0.30944942179765694,-0.44634823390753064,-1.5063960425026834,-0.3343980279561914,0.05853053021788915,-0.983067718607197,-0.17364342102381417,-0.46073826515592703,-0.9862310239928215,-0.2755858645776488,-0.4824227246526114,-0.7079261376131136,-0.2648879556507211,-0.3660707069673909,-0.6062580761364509,-0.2513174046585485,0.03847096035789996,-0.7738791895688988,-0.22399340824512273,-0.48546958141131946,-0.6778474572805971,-0.3169913572895437,-0.44245604637565134,-0.4450177005222076,-0.271628255560231,-0.30716991324502857,-0.401134466759958,-0.2424228590624858,-0.02084797019333457,-0.5296469557793357,-0.2829170064902562,-0.4373282095248254,-0.4124761317304085,-0.38413455734153595,-0.4047622727796159,-0.2535988006601474,-0.3804932734715405,-0.2911338590906078,-0.21537993001496097,-0.360968612535748,X
0.0,0.0,0.0,-0.06289530496790569,-0.3856982759914415,-0.023106081279752944,-0.13810022587912185,-0.8401254488698364,-0.07275680113886783,-0.22266814685819256,-1.1777794183298516,-0.12797451946708555,-0.29496522912303563,-1.4442987153278237,-0.1736683249824222,-0.014643279478351078,-1.12105649580877,-0.16389589633498206,-0.21712799198261423,-1.535161473161349,-0.2781195819789454,-0.40559825106844927,-1.6003607351320739,-0.31930349370660316,-0.54039560945288,-1.5804823029601123,-0.33944900120928045,0.03230007122151164,-0.9767247011858027,-0.21205085119515485,-0.50808102511639,-1.0078494368614863,-0.30940058875399595,-0.5422852623765505,-0.7755330165191454,-0.2971593148423513,-0.4460390459557293,-0.6546925126280723,-0.2857392224559486,-0.00037824805912425435,-0.7325839471822411,-0.2631159974136992,-0.5413779659229797,-0.6915025343291181,-0.3376615920467956,-0.5009684649398719,-0.5048459610807385,-0.28643894168102974,-0.3716942538744042,-0.4455730389044701,-0.25765657174018813,-0.06025822662284816,-0.4696319284924723,-0.31908460645296427,-0.48485573256995895,-0.41407572435520057,-0.4061718851393869,-0.45575285522470205,-0.29564734552701993,-0.39282446809141086,-0.3329297237671281,-0.25775745736461325,-0.36791366999254826,X
0.0,0.0,0.0,-0.17255164246346144,-0.26798145373857263,-0.05553037640805875,-0.2711418824714097,-0.5454134848959681,-0.1267328921903059,-0.34956378470695637,-0.746518348834886,-0.2067288422711885,-0.39505894087593707,-0.9158251629516571,-0.2672571719723261,-0.0072633198203698995,-1.0565428956631417,-0.11436415106872823,-0.13405907866923797,-1.4274219415335727,-0.23812915148350805,-0.3061837700344507,-1.4557699094880148,-0.29083358992666497,-0.436985142481645,-1.4110579262616687,-0.312038051831812,0.08055527087867542,-0.9851812390597029,-0.15142250340835017,-0.37988603001362536,-0.9667658773046122,-0.24151303611886826,-0.41239533479758805,-0.6899533710122857,-0.2372780229832405,-0.3056133792168831,-0.5815028390281233,-0.22447372487555786,0.09972666297757926,-0.8064551506672752,-0.19990993297622892,-0.39201421490011956,-0.6843778453478235,-0.2764452140899578,-0.3560999998727681,-0.44651655333345414,-0.21884431025577142,-0.23173934819261247,-0.3991418217263826,-0.1782066515223043,0.07751965847618482,-0.6009567519001606,-0.26014353268779233,-0.3120445901682763,-0.48301899008270843,-0.3387614510453018,-0.2945907103991722,-0.30413915967067945,-0.30454543153472025,-0.19072014525408912,-0.250381558675079,-0.25815414859717045,X
0.0,0.0,0.0,-0.11570284569554738,-0.26542851607317386,-0.0644598483510009,-0.20188826296534162,-0.5876044784107819,-0.11760145643217135,-0.2765489432272711,-0.803136944877957,-0.17701669561880407,-0.3015768267507665,-0.9622570506666988,-0.21041410663099355,0.06902482161546628,-1.0535223252902566,-0.09917396262300195,-0.06560935643887497,-1.4026068640840466,-0.21431993545218841,-0.26057579457770563,-1.408084811139981,-0.2509651058198019,-0.4016865549942848,-1.365785171833628,-0.2541914332416003,0.15934443254631606,-0.9800450790320595,-0.11883179238544146,-0.2798416105723459,-0.9224966377620472,-0.19222094073040272,-0.32703149293379724,-0.6461130301772101,-0.1702844349284454,-0.23188644891448287,-0.5255979942965969,-0.13950306166579632,0.1870991502696632,-0.8047632135453446,-0.15352343385167477,-0.28262342288630793,-0.6729692369699511,-0.22198855468911685,-0.2566482704696926,-0.4294254213635636,-0.15902468139483955,-0.12941466826473547,-0.3717479621104383,-0.10658457724527508,0.1871884395425796,-0.6019754363991394,-0.20077451447883288,-0.18666153250734704,-0.482427333116693,-0.26582141120147557,-0.17878080108472924,-0.2921276138755924,-0.22380825000614812,-0.08064005179655646,-0.2214492351857348,-0.16634316629190476,X
0.0,0.0,0.0,-0.18053478187193076,-0.24671585473156682,-0.032242297810952406,-0.2721990363672819,-0.5436447195724503,-0.07225454782075005,-0.32550888185906207,-0.7548326838401216,-0.12804231717289122,-0.3203762599207924,-0.9095237483501295,-0.16013617705374594,-0.026183015121223795,-1.0144863682037635,-0.024193434887064203,-0.12476337106379946,-1.3585192596544295,-0.10461685029381342,-0.27705879290673463,-1.372780979191599,-0.1314265871994697,-0.37739306510833104,-1.3133774512830885,-0.13880759836126477,0.05579264877503798,-0.9970352157484172,-0.05299017739328785,-0.30896637457985093,-0.9516520591211488,-0.11061417605468832,-0.32378911625082724,-0.6985252267472658,-0.10638221381699686,-0.21041354304238633,-0.5983781884619186,-0.09723878059043492,0.09340848624146245,-0.8774420153483785,-0.09401068395350466,-0.2924428965189882,-0.7781696414921158,-0.14058467462319726,-0.2572701048617722,-0.5635805442521421,-0.09144072005406187,-0.1356280353183128,-0.5197589728555876,-0.06049264317833047,0.10011135850094396,-0.7375638380927022,-0.14601829164745178,-0.2001236631242352,-0.6483653965070835,-0.18985763922230722,-0.18805862898015668,-0.48791765363922013,-0.15935048908701702,-0.09548997690205174,-0.436979494387842,-0.12365205774886087,X
0.0,0.0,0.0,-0.2129753283081844,-0.25885272051611613,-0.016952735118069183,-0.3017561390729956,-0.5779858929260415,-0.048646830225644914,-0.3243057096616303,-0.8150184645359233,-0.10135259062879219,-0.3233383558822445,-0.9853774908550085,-0.13086562579243038,-0.0512477327104142,-1.0095767831698315,0.007689489324595895,-0.16628292988744406,-1.3300967090703963,-0.06574755048809743,-0.32024914496929396,-1.3280863604121351,-0.08397820961327933,-0.4203205439811328,-1.2622189432708268,-0.08597741075328377,0.0312715575558174,-0.9990635581471341,-0.029901445958701943,-0.32256845023110337,-0.9714075030978979,-0.08341849211124758,-0.3431827805771672,-0.7043736472320751,-0.06532381717218563,-0.22786579367034931,-0.6258867733259486,-0.043683418529845724,0.07318542717501011,-0.8938927771253501,-0.0815242574236376,-0.2963643136572779,-0.7923955611442624,-0.12439480495107341,-0.27139529325258016,-0.5705421695157236,-0.06452820397894249,-0.16063168746150563,-0.5401083460148148,-0.027082846738940163,0.08756291803852496,-0.7660040974343775,-0.14437565218649254,-0.20145391041482755,-0.6643275445742185,-0.18507297188647626,-0.18905693791681738,-0.5035653495819037,-0.15434479619618113,-0.09957120892437003,-0.46271649243862073,-0.12056322148085398,X
0.0,0.0,0.0,-0.21804478417413442,-0.2660172962385134,-0.01846854722377717,-0.31285931125582817,-0.5796731415421218,-0.05380985244481119,-0.3356559903246979,-0.8173550640546988,-0.11000900538830932,-0.325864301567535,-0.982794406911589,-0.14307420370404056,-0.04970349662039456,-1.0107863192594222,0.0002196239715766378,-0.15912786009909138,-1.3362723953823756,-0.07659984702958687,-0.31778650028451305,-1.332677353983087,-0.09665080005074933,-0.42302131883362604,-1.2653753560702201,-0.09900489013027965,0.03886413667947111,-0.9985981895261687,-0.035933755094860256,-0.32212308011821855,-0.9575175111654433,-0.08864255064663121,-0.3444007677684058,-0.6832527725981965,-0.07104701166105314,-0.22637961158800457,-0.5967778221197826,-0.05110125912180035,0.08434104469288684,-0.8939602491020558,-0.08606296311744573,-0.2950340836609409,-0.7806803036930592,-0.12706240659331983,-0.26687234029982004,-0.5526829282245641,-0.06702018583361612,-0.14945775059081456,-0.518001497641927,-0.030824402001639523,0.10237257707572762,-0.7697020774537986,-0.147515253831784,-0.19298350162718503,-0.6668561011777208,-0.18771415019482673,-0.18158772665503137,-0.5001572732894014,-0.1559028803589155,-0.08933966153029231,-0.45450255562448977,-0.12130249469355345,X
0.0,0.0,0.0,-0.24331943973749603,-0.252232097164139,-0.011040608703212731,-0.345339593547967,-0.5619788570591523,-0.04269357009261261,-0.3687656768160174,-0.809543874243746,-0.09590406268103874,-0.37174499527020743,-0.9910643485013508,-0.1276767255719545,-0.09789717405286648,-1.0127182140579507,0.006356984795094793,-0.2018306302174587,-1.349214816802828,-0.07296489778600544,-0.3626426033241108,-1.3634961827319805,-0.09471800301000793,-0.47042192954815165,-1.3025156054793328,-0.09914617560714127,-0.0004857203698013293,-0.9993916506105409,-0.03487252164184356,-0.3561161250539197,-0.9692306730001612,-0.0944747779510314,-0.38517022066773304,-0.692640750127824,-0.07450345013926736,-0.2656365004144015,-0.6181101118938255,-0.05236803593980036,0.05159183213180642,-0.896518956359325,-0.09063844934866688,-0.3208290072266703,-0.7905200210260344,-0.13614565963492906,-0.30119158176297167,-0.5671855614719745,-0.07251258163785022,-0.1871607463723172,-0.5435520351293215,-0.03473825406315712,0.07444190085874627,-0.7712424100510227,-0.15720947516096642,-0.2271573668716668,-0.6661614005928734,-0.20158284533768975,-0.21204807733942135,-0.500296067485019,-0.17105009753140357,-0.11361692223898483,-0.4641614688042099,-0.13892406626047457,X
0.0,0.0,0.0,-0.22961305663136833,-0.2774373529897829,-0.00015806428362244882,-0.3180265605448306,-0.5869919517800521,-0.031431223529213854,-0.3432865294641673,-0.8219867842777708,-0.0868068740623456,-0.34835381065545606,-1.0003056453214627,-0.12150901557990694,-0.06454023974940014,-1.0142978062334536,0.010296627897509347,-0.1807359446648425,-1.3334243375734662,-0.060865858510384625,-0.34024673117504417,-1.3367775847572927,-0.07844382201340704,-0.44610423175084074,-1.2722710951921872,-0.08125375659136112,0.020012623364515172,-0.9991199205368895,-0.036862979972182984,-0.3432070501569269,-0.9654058632000263,-0.08584445309396588,-0.363222905933459,-0.6990085282413356,-0.06482332312209392,-0.24390050788820233,-0.6127620713724181,-0.044265637252186275,0.05686402177666029,-0.8899779090680977,-0.09611465200064458,-0.320293812361901,-0.7824570472967517,-0.13613875787837482,-0.28952942606145293,-0.5603344400180899,-0.07342338702862877,-0.17133418910069756,-0.5221237172818726,-0.03672557572275996,0.06372890433314389,-0.7634046404431561,-0.16484476322061292,-0.22857012840119129,-0.6590775918864471,-0.20768000988886975,-0.21325229827848136,-0.49564056562694253,-0.17641855705374054,-0.12028204413052625,-0.4497359417228338,-0.14326708201424043,X
0.0,0.0,0.0,-0.2252729582356235,-0.2724951873412161,0.0025535293408168206,-0.3214429414853149,-0.570190668761784,-0.03181419432248434,-0.3557540001774152,-0.795762315704172,-0.09190503331011177,-0.36407306892954033,-0.9636424476755338,-0.13115932249569942,-0.06401844011221558,-1.0104158846645457,0.013620121828871533,-0.17828413898347448,-1.3393735797281479,-0.05746981551990298,-0.3372108207880266,-1.3438554284424817,-0.07554034588619672,-0.4428674913493866,-1.2800150819460847,-0.07846793760006585,0.022487046856151466,-0.9991262485581067,-0.03522885416662946,-0.34131598774700656,-0.967771335148075,-0.08071639322028859,-0.36111730317568874,-0.7069536617510529,-0.060158274806431836,-0.24292842112549248,-0.6260298962698322,-0.041172728594573556,0.06181034494581745,-0.895818857659862,-0.09595373951668734,-0.3195441618157567,-0.7883100893996325,-0.12783607854575552,-0.287461123521446,-0.5694308532713872,-0.06471187214416056,-0.16994723240515125,-0.5337996056765169,-0.030604474816433698,0.07131505984779263,-0.7759887058353294,-0.16659461492803954,-0.2264741650423698,-0.6710227766288758,-0.20199805071066676,-0.21008253111504907,-0.5097587703000434,-0.16984944891687254,-0.11549442147373637,-0.46377987563328193,-0.1375809517872825,X
0.0,0.0,0.0,-0.22512920145217966,-0.26695821222218225,-0.01606687799812499,-0.2976605526560491,-0.5743785124735179,-0.0446324966666124,-0.32231179083583744,-0.795310750764095,-0.09103785201011277,-0.32902377435060054,-0.9653198849813946,-0.11644296524603434,-0.056177110095719296,-1.0000805870902483,0.008573396408231668,-0.16664598291292734,-1.309618919993014,-0.05422150512925576,-0.32418997866307725,-1.3256768660026237,-0.08145538351827826,-0.4273265574711186,-1.2648626641834988,-0.09620830130024675,0.02260709572486551,-0.9994024494855348,-0.026146953650470168,-0.33753555783196115,-0.9536312819955491,-0.07285855746913653,-0.34498479110864344,-0.7014865396534823,-0.07331123244862292,-0.22288606030653965,-0.6069215907965191,-0.07345464138746485,0.05747115231976517,-0.9009531710188984,-0.07223821255383392,-0.31183480349458026,-0.7962218490131997,-0.10527651582429462,-0.2770239845567913,-0.5852568016025129,-0.06260906932296358,-0.16099434666530696,-0.5422769395482795,-0.0449907264360758,0.06061235766742426,-0.7759096634660612,-0.12918713099406234,-0.22637569694108184,-0.6774548776555858,-0.16721225379534063,-0.2065678005114712,-0.5159828607013063,-0.14565290728858601,-0.11413768170464694,-0.4626989419023614,-0.12391355095372589,X
0.0,0.0,0.0,-0.21143595143292626,-0.277020086764936,-0.012244253828016003,-0.300773229033367,-0.5958517951614759,-0.04493224628972398,-0.3210712611709597,-0.8381902028173098,-0.10155479061274673,-0.3213410262977198,-1.0160561800983543,-0.13661543457017525,-0.07461122263226569,-1.0017625744125056,0.011585260843465804,-0.17741630894807398,-1.3402421164197065,-0.058598029246222864,-0.3196363402839376,-1.3383876605383411,-0.07566110511110055,-0.408773087690417,-1.2692639341082697,-0.07853865397975275,0.018361965130778136,-0.9994286755897642,-0.028375352780642626,-0.3082602874916265,-0.9559057314352756,-0.08524309761797486,-0.3198286196827986,-0.6868096365386973,-0.07443822181093455,-0.20050884951314218,-0.6099152754100685,-0.060633100189082224,0.07509963382918584,-0.9099670979674852,-0.08134695110012699,-0.27356784647587173,-0.8028003902504623,-0.1222105216227074,-0.24589001621632445,-0.5751205962811134,-0.07081761933951293,-0.13126925322144367,-0.5380965881890587,-0.04308752376820379,0.10375482457790604,-0.8009651264359612,-0.14527698698478175,-0.17279980972430217,-0.7008698882152941,-0.18113068256963683,-0.15880986917116946,-0.538087440568404,-0.153688930426963,-0.07009875517280299,-0.49174344195002984,-0.12624255963268402,X
0.0,0.0,0.0,-0.21972840531370252,-0.24053726161782418,-0.014663416021279688,-0.33550072760294464,-0.5796740901854164,-0.040340094041735844,-0.35456920617443655,-0.8509884529559427,-0.0862309534654684,-0.3402815942336431,-1.043030152571474,-0.1102924809294178,-0.11215545803363093,-0.9893325126019411,-0.0009462513508114651,-0.21389950099729632,-1.3226659345665197,-0.07734295871631208,-0.35079699641943735,-1.3145613820146274,-0.0949345775156942,-0.4390227143253768,-1.2605730136689033,-0.09898786326516876,0.0031726051639033932,-0.999303842583103,-0.037172096727505814,-0.31464541283171626,-0.9617140427773329,-0.09631288318119019,-0.32250342699468487,-0.6600869820467841,-0.07584205872910646,-0.20047772244152656,-0.5644442424586152,-0.054908850031399774,0.08328188368359332,-0.92100481097509,-0.08700043884052186,-0.26345253756142795,-0.804947386139658,-0.13364513112841742,-0.24304747066868287,-0.552071590458876,-0.07370581992213811,-0.12692543952743057,-0.5064584496794567,-0.03923542942804226,0.13968990336499545,-0.8149314196079193,-0.14824479515589037,-0.14732723980920723,-0.7018295517853765,-0.19738119137035642,-0.13959263094949081,-0.5206663926082977,-0.1735007453095707,-0.05028475742106211,-0.4719127683394981,-0.1470950615189916,X
0.0,0.0,0.0,-0.2146985683168482,-0.2570354441648566,-0.015677748769561708,-0.31441816458570804,-0.593038563260217,-0.041812153131283065,-0.3307896457494088,-0.852133494120798,-0.0886995233366871,-0.30731045155101866,-1.0166670454116196,-0.11361031353982938,-0.09406389543691136,-0.9970437890207723,0.009184693229392103,-0.18575977337391458,-1.3267629026041388,-0.0638569160444906,-0.33164289901860644,-1.3253355554346136,-0.08105001844384566,-0.4267638175044279,-1.272834594167419,-0.08413222156763346,0.018065437296502167,-0.9995193565241728,-0.025193171868378644,-0.29491814620534545,-0.956613354644718,-0.08427639326244868,-0.30957527682715463,-0.6703516763865892,-0.07115706318439542,-0.18920311659755726,-0.5886105361310181,-0.054492543123415844,0.0920969679824422,-0.9172390717616296,-0.07284180806031347,-0.24849158124560752,-0.8084600000770372,-0.11916307272033955,-0.23292472052942803,-0.5660079529011255,-0.0656223125285786,-0.1198426028380095,-0.5298026474305016,-0.03403032425724046,0.13469653079197888,-0.8150161925103493,-0.1314294927043481,-0.14385954705386125,-0.7157698511190935,-0.17310754851982085,-0.1404329377043438,-0.5386444081714175,-0.14666765699068893,-0.05517472059226576,-0.49177997350540287,-0.1185904277817691,X
0.0,0.0,0.0,-0.20743198052609807,-0.3130442791473154,-0.015729569451428876,-0.2641036337442158,-0.6262380568400283,-0.05042342355486847,-0.29251350026158246,-0.8386206914507263,-0.10379134512785324,-0.28676037770969454,-0.9866348918601529,-0.13662228087668402,0.01593285624454442,-1.0365424009281485,-0.009769553570431626,-0.09194958576888392,-1.383426021641337,-0.08023931125614574,-0.25595569700840337,-1.395089745639909,-0.10826188144176911,-0.36142860552679457,-1.322603168007246,-0.12194157470421144,0.08139743577096663,-0.9955640161315241,-0.047188422668929635,-0.2797213548580705,-1.0134116242084021,-0.10258457220916642,-0.3062811990437798,-0.7755466699218827,-0.10392928325044164,-0.1941780389040628,-0.675864480268101,-0.10606597746660086,0.09657180414046329,-0.8686358495848646,-0.09521950774934149,-0.27621106516934113,-0.8361992761021403,-0.13129025476138736,-0.25947166161226054,-0.6310119018501782,-0.08722186205195716,-0.14706879501735745,-0.5864132758842237,-0.06976750785932476,0.07565690443701849,-0.7280522411708791,-0.15338442842955016,-0.20894487743094553,-0.6965846594462237,-0.18034414353921466,-0.2022325168813645,-0.5483950686911292,-0.15106202483259795,-0.11440948111586767,-0.49915294342186606,-0.12744331625004832,X
0.0,0.0,0.0,-0.2044056362354869,-0.31946799542988513,0.0007853981148658695,-0.2573896692136686,-0.6151081348706043,-0.029327254324160716,-0.2881462259415082,-0.8150920361617525,-0.08002280437835087,-0.29826934766163615,-0.9781898738063977,-0.11238463620144906,0.04112760419906515,-1.0369298046276298,-0.00535536237579857,-0.047889149738130916,-1.3829561896567426,-0.07482383963518563,-0.21955554763656218,-1.4123951541259183,-0.1025724177195949,-0.3406706273957412,-1.3505061678459855,-0.11349507282202903,0.09702806982565901,-0.994039374087305,-0.049711934482835105,-0.27245410146608207,-1.0528030289942887,-0.09376811068239657,-0.32222632787325106,-0.8230830688623973,-0.0885733791491889,-0.22213422898782526,-0.7231418261863685,-0.0864169661505646,0.09863768565893564,-0.8740579796472431,-0.10275185375557694,-0.29079915824817665,-0.8636860266765612,-0.13052431438814252,-0.2759230698826453,-0.6503168513245097,-0.08273340002226216,-0.16456366016428303,-0.5883799641233459,-0.062980404773265,0.06588939232731837,-0.7430566568256685,-0.16436528523225577,-0.232871098239341,-0.7183805289459684,-0.19258407786550766,-0.23057239731992377,-0.5606653422685428,-0.16191003477561103,-0.14507513866894486,-0.4952060621829022,-0.13465789676804352,X
0.0,0.0,0.0,-0.20134783185497007,-0.3331299771519285,0.005517190319504884,-0.2612570047809692,-0.6300076695069499,-0.02970134781901312,-0.30251817328212854,-0.8343750099228266,-0.08713010642426776,-0.3185868955325644,-0.9949391820813548,-0.12717342085901123,0.05609773437819193,-1.0426154977166588,-0.002466657892641935,-0.04744160169206224,-1.3834341012534666,-0.06987724842746065,-0.2242752334562401,-1.407427173946803,-0.09761595872574257,-0.35202959198540784,-1.353939576158089,-0.11041109411256933,0.10749531286010468,-0.9928032484664077,-0.05278700169224075,-0.2724903994119444,-1.0560356990160067,-0.09477219865784124,-0.31640890441135566,-0.820421468020056,-0.08802591179405977,-0.21005777611024676,-0.7152270129697584,-0.08680296697872825,0.10219698535730073,-0.8706337227228742,-0.11174322889196033,-0.2978935005084412,-0.86849870739409,-0.13596622896191424,-0.2756021039036081,-0.646595407096667,-0.08511099028782082,-0.15621994397899586,-0.5777685735853391,-0.06617187193147046,0.0660387330634764,-0.7378179545209353,-0.1793784713211318,-0.24232378067392707,-0.7272820900593127,-0.20631887528296952,-0.2350616063831068,-0.561777538344286,-0.17441596106810694,-0.14136207386298355,-0.4893201686592458,-0.1482169928327862,X
0.0,0.0,0.0,-0.1888228155052006,-0.3301847682298658,0.010407992549116608,-0.23936835718214544,-0.6212958793872478,-0.019896732485066484,-0.28882625369816944,-0.8179772904931158,-0.07455905052720019,-0.31664025416481356,-0.9738775144197378,-0.1121054814634963,0.05811650020999957,-1.0395496673616602,0.007649634470274704,-0.044713844789584324,-1.3887315479817575,-0.05679927566620037,-0.2162971018491614,-1.4084722983196651,-0.08059527584858832,-0.3345428151180037,-1.3507500158168673,-0.09088687553085695,0.10866148191861029,-0.9930176053912745,-0.045920776672770496,-0.26698543545130005,-1.0436251168971924,-0.08849637071261203,-0.30628139995241893,-0.8039913347246866,-0.08346128711053426,-0.1988003312820776,-0.6988464539441832,-0.08270640896515194,0.1054142255492024,-0.8659232725070876,-0.10785030542473413,-0.29446718803971544,-0.8529665385367221,-0.13151949027846035,-0.2746724940856235,-0.6312817946891363,-0.08127727644848978,-0.15766281758623676,-0.5675213736398088,-0.06237175387890345,0.07143926681475081,-0.7283610782414691,-0.17827845608422355,-0.237286394915986,-0.7151672910096707,-0.2014837538371812,-0.23260972604574892,-0.5507245634903419,-0.16727704987446362,-0.14138547139469712,-0.4799466192781554,-0.13992688984456023,X
0.0,0.0,0.0,-0.1912499233571596,-0.33249129380100795,0.0021283604950955637,-0.24814234384714365,-0.6218334098797798,-0.03675563349587721,-0.29196675780001075,-0.8187431467426274,-0.09806055448563568,-0.3063756282471168,-0.9764859793784529,-0.1411637324461712,0.061855519826901545,-1.0401162551463545,-0.012241566838125415,-0.039436132065630194,-1.3906767122205563,-0.08589333196757785,-0.21502713129537224,-1.4050836986380009,-0.11047881218088419,-0.33691518384884456,-1.3486721767190788,-0.11889325367925949,0.11551193097053572,-0.9912300187023146,-0.06418756754128768,-0.2696076589879029,-1.048652416736039,-0.11266783091886083,-0.3223241277334852,-0.7960910813181782,-0.10072251765694762,-0.21665964299693966,-0.688352845133375,-0.09228224140184092,0.11280326152640016,-0.8655935007346028,-0.1252030220925601,-0.295135318884484,-0.8558140679713877,-0.1547994206706263,-0.2841930630142782,-0.6233796330228569,-0.09389840325850335,-0.1674135568875803,-0.5586624605433175,-0.06539832742797454,0.08185863954748022,-0.7286978331076447,-0.19525400029526016,-0.232057629016259,-0.7172811785687088,-0.22382929012242603,-0.23141159524537908,-0.5439504497236989,-0.183204629720113,-0.1377225682453285,-0.47247488604293314,-0.14818261429845112,X
0.0,0.0,0.0,-0.18560645641613668,-0.3142862343370775,0.0007356121074749097,-0.24373650818247533,-0.5917887966955978,-0.036068690955025656,-0.2868223322050144,-0.7813491403051125,-0.09470052606241676,-0.3061460327141507,-0.9348587074952862,-0.1347835284316011,0.06511205347612038,-1.0336511544644433,-0.006585283599473612,-0.03957167416469085,-1.38640512731506,-0.07659932369655276,-0.20862631230434853,-1.4015705358719115,-0.09904176074252628,-0.32085942652904575,-1.3451478870848312,-0.10645078892335967,0.11757725368475216,-0.9914266233049731,-0.056998596632288796,-0.26912468514247684,-1.0478213433354489,-0.10437663357234882,-0.318724282458705,-0.7992580337347183,-0.09436927624808461,-0.2125395247313966,-0.6918848980418264,-0.08692731697043285,0.11467022626074067,-0.86954927830974,-0.11651967971828858,-0.2932639405906988,-0.8571665298614166,-0.14641373512740896,-0.28235710509206047,-0.6266101455003864,-0.08879031967503524,-0.16561302807245315,-0.5613202102120676,-0.06177122165166942,0.08421476066957485,-0.7347456050396548,-0.1851169819438079,-0.2282872197472521,-0.7196993154413408,-0.2159703854562566,-0.22807053758191861,-0.5450373702290605,-0.17898396054542073,-0.13435793781233168,-0.4692203555553954,-0.1458221234627603,X
0.0,0.0,0.0,-0.1819087700763713,-0.3170498252257085,-0.015222027001300582,-0.23866159069692217,-0.6121045436344514,-0.05949325519486002,-0.26914174631574184,-0.820238439681623,-0.12222447886208886,-0.267269968567764,-0.9809470930004515,-0.16426312220290293,0.0809837892496919,-1.0361885924609664,-0.027173300895054233,-0.02397475425360182,-1.397477877123338,-0.10805074781451117,-0.20433401920935013,-1.4139836577663076,-0.13610932438285006,-0.33119335514695936,-1.3620262652959843,-0.14470108542205729,0.1298531493674379,-0.9891196060849003,-0.06914162608594969,-0.2587558999558638,-1.0551683119103716,-0.12175245351430666,-0.310395888253807,-0.8091270980705908,-0.1100305503734873,-0.20529434581811473,-0.7079579308159571,-0.09999781018913811,0.12161152331432633,-0.8688869055873729,-0.12201426422656939,-0.289892437857175,-0.8603940290735984,-0.15559296471961537,-0.2746562739037254,-0.6305737435308076,-0.09526591060333714,-0.15425804593705297,-0.5683254873025667,-0.06457056450163402,0.08436020596460289,-0.7395015097371265,-0.18566426558044904,-0.2341343094099171,-0.7186400847099909,-0.21803829791443627,-0.23181959771912938,-0.547481817817104,-0.18098143238400244,-0.13692710990579707,-0.4791940045428075,-0.14624604426487287,X
0.0,0.0,0.0,-0.18258460231913073,-0.3244097658355395,0.0006495427440677595,-0.23651189130132783,-0.614331333249011,-0.03455681788863419,-0.2706899797282938,-0.8121422218959168,-0.09097675482413889,-0.2691503007673723,-0.9586916994889991,-0.12841108163948065,0.07526155975224533,-1.0314033388018142,-0.005308157576377283,-0.027874235002546537,-1.381473562414718,-0.07518459165912997,-0.1984385466997229,-1.4098744694661416,-0.1016786488479129,-0.3172720865202308,-1.3679247499257619,-0.112540496977786,0.13172141369444196,-0.9898514602514608,-0.05332500175704213,-0.24994102727003398,-1.0409673522854423,-0.09513775485758796,-0.2903417225913373,-0.7976084382693812,-0.0863287583690689,-0.18328778531540443,-0.6900366974038408,-0.08209773445930423,0.12821999339919143,-0.8686268693801573,-0.11055838441107575,-0.2805505621186769,-0.8574926618069383,-0.1349387087008177,-0.26339133310925444,-0.6336113637009513,-0.07900735652322109,-0.14513796217257202,-0.5705272474833074,-0.054678985432035865,0.08989051243631839,-0.7361429589080906,-0.17732858513230818,-0.2279872993879985,-0.7243231145375828,-0.20219858187741566,-0.22627387491321604,-0.558992910285412,-0.16563326871070994,-0.13524533889708615,-0.48704948933684705,-0.134374941698652,X
0.0,0.0,0.0,-0.17887261973268848,-0.31140782221021396,0.0024355380628457864,-0.23683640392865268,-0.5932508804081387,-0.03605372482771068,-0.2676786928290204,-0.7875454971584137,-0.09715258586249317,-0.2621900533499113,-0.9268968812907513,-0.13827311949815518,0.06608818316535175,-1.0293142877007746,-0.002733781805559934,-0.028150449420934448,-1.3746364833523903,-0.07166442617163898,-0.19794966793532762,-1.3983029018837212,-0.09221756457868636,-0.31622615425138423,-1.3537925365725274,-0.09803954607103418,0.12879337887682113,-0.9902411236353942,-0.05324267666828713,-0.2498272576326069,-1.0382986429903442,-0.09307932076338529,-0.29980627445380226,-0.7894300500372089,-0.07746822548000301,-0.19431432053024836,-0.684535461673808,-0.06692714131918712,0.1323159979253222,-0.8719716473179819,-0.1134411702800606,-0.2736351076230733,-0.8582886983424645,-0.13792769944671168,-0.26419055539547265,-0.6289088489177571,-0.07522233203764037,-0.1489950582133226,-0.5660825886351055,-0.04503156152901395,0.10466458462409686,-0.7440977150201086,-0.1831985548811068,-0.21005915640432102,-0.7203321144809312,-0.20774806746463179,-0.20977648294547288,-0.5487131382103473,-0.1675562876020636,-0.11906823724402338,-0.4792156327313411,-0.13259599157576754,X
0.0,0.0,0.0,-0.17290631260832093,-0.31223611679993973,-0.001019252179010459,-0.22625516022977368,-0.6133579062315538,-0.034375601636127094,-0.26021102975695176,-0.8117212556900487,-0.08960698706718959,-0.2537780947453887,-0.956575243931603,-0.12503300004353932,0.07196613709335224,-1.0317745289815743,-0.0057457572432443255,-0.03117032955417587,-1.3748824429241293,-0.07767814732716445,-0.20324967306840402,-1.3958946638688476,-0.09946826109668991,-0.32221579224386704,-1.3547027194514958,-0.10638344581387699,0.12285485650842712,-0.9909129528076671,-0.05475585987165075,-0.25291299890652447,-1.0369395590957626,-0.10458996373982793,-0.299751704858252,-0.7791045880729678,-0.091212015790598,-0.19146603069561555,-0.676377602664285,-0.08017713502668984,0.12360938478745413,-0.8713697853500882,-0.11407870968639183,-0.27643529409327117,-0.8509988562524259,-0.1454675888903623,-0.2638197261495696,-0.6156996508954163,-0.08357983976607217,-0.1465006823482333,-0.5572877622020387,-0.052501127588121324,0.09607291527744526,-0.7369558529955765,-0.183381336219226,-0.21318893416287357,-0.7134042002153558,-0.2116108784615334,-0.21517247805960832,-0.5421287591146337,-0.17166905043219882,-0.12683681373235747,-0.47677989984381447,-0.13671193684349922,X
0.0,0.0,0.0,-0.20157977329207918,-0.31214460735011884,-0.003824456886559386,-0.2591214968054704,-0.5975979627567602,-0.03717174957605727,-0.2954001865910489,-0.792049614899002,-0.09048913352644379,-0.30616029457666544,-0.9428440756801393,-0.12434773771206376,0.03892496454900618,-1.0358730882943883,-0.0016108242635691711,-0.0776267559432502,-1.375665981726116,-0.06945789012112753,-0.24835513850085725,-1.3793346432277727,-0.09373003882176814,-0.3621330041889899,-1.3225836769839112,-0.10251464961473265,0.09399450306631713,-0.9944983663645249,-0.04623886559602403,-0.28195538276346654,-1.0276211965555384,-0.08812689210109657,-0.3164560406274144,-0.7869147940103558,-0.07813328118544866,-0.2089680180119235,-0.6922595954595122,-0.0715353686215261,0.0955910919041337,-0.8767054060527018,-0.10104878895622435,-0.30039750046176916,-0.8355415404725192,-0.12480108116178834,-0.27612034231428567,-0.6177568960171088,-0.06997006584736362,-0.15829649807330268,-0.5658160098234364,-0.04550563653828843,0.06532943715028512,-0.7508774768377944,-0.16609217060640066,-0.24235354543370727,-0.7068570316432384,-0.19033744523326715,-0.2359719697381443,-0.5448908609872651,-0.1556707632709712,-0.14643651777719027,-0.4873070397371025,-0.12565614548173037,X
0.0,0.0,0.0,-0.21001525643418711,-0.29312441836847025,-0.013379539340476277,-0.27218273192836007,-0.5923411520388595,-0.04430667317565824,-0.30401663316545546,-0.7906806423152729,-0.0928358682079533,-0.3125565291108951,-0.9388229024258194,-0.11994225850707615,0.031128779002127092,-1.0342456220882255,-0.0009388013576822421,-0.09256819544151644,-1.3617593623853144,-0.0724464805042535,-0.25918772868249773,-1.3610438815865584,-0.10043628519317939,-0.3677530611247389,-1.2948408206253594,-0.11050122531660315,0.09406519288317393,-0.9947502681097471,-0.040294460952312504,-0.27999623358819625,-1.0118444880001878,-0.08591784473402767,-0.306643638931725,-0.7805965804680717,-0.07815264450220988,-0.1978750196751528,-0.6930815144113569,-0.0705567940713321,0.10347594808418303,-0.8710875139214732,-0.09167515992113373,-0.2878476549904691,-0.8160408111338425,-0.120664317456273,-0.26138392917981634,-0.6103158498512438,-0.06941728268931668,-0.1469145853273659,-0.5716628690779191,-0.04447371079718138,0.08185522079292687,-0.7318700813856867,-0.15409247796219647,-0.22009469392255465,-0.6719230380291211,-0.18245300015747745,-0.20858799432374237,-0.5196610291207745,-0.15139737851210008,-0.11784864031379243,-0.4756713532789635,-0.12220424050880467,X
0.0,0.0,0.0,-0.22162263371005975,-0.32038424969459456,0.07655760864503856,-0.2803004853301155,-0.6298536941535712,0.07638552853302662,-0.3115863103263583,-0.8414043075468062,0.03958136273354865,-0.3168535822367834,-0.9886557670731458,0.018425285664862467,-0.002851514503983757,-1.03609493993914,0.06506679591824222,-0.13143590370640326,-1.3788598311930995,0.011046882450236321,-0.301694160261099,-1.3666816515714861,-0.0024044020871352503,-0.4083349141006653,-1.302561475742607,-0.005718041212954047,0.05579885693874949,-0.9982675836411737,-0.018663306661504963,-0.3090492118771943,-1.0255409458629123,-0.04334492932459512,-0.33037971808887806,-0.7782202421739907,-0.02021426656798819,-0.2086055949092708,-0.6977980756980247,-0.008436849058566452,0.059856822604274815,-0.8842930128679887,-0.10793789468965298,-0.31679237638729235,-0.845624834521038,-0.1218660508144522,-0.2899690466798872,-0.6169264120358551,-0.05935690038110427,-0.1637964891442915,-0.5761417247069425,-0.034932997784018475,0.039005256625926,-0.7638748758408077,-0.19994373659390705,-0.25356423566513486,-0.7078415451812676,-0.22085635228437572,-0.24431305181378732,-0.5377706534719525,-0.1836516606698885,-0.15359152900860146,-0.48660167108391406,-0.1560074052756512,X
0.0,0.0,0.0,-0.21036032100291832,-0.3290579851966151,0.050808506025829196,-0.2815481824863363,-0.6312659213165928,0.028727988337454116,-0.31846675424915405,-0.8491725412792928,-0.02688911444161792,-0.319178173595533,-0.9997096612692705,-0.0655120976737738,0.011785150227329878,-1.0377651458383337,0.0291028053430792,-0.12151671473103118,-1.3842284226172008,-0.03935727292259957,-0.2825607175319487,-1.373627362967391,-0.053633061001052355,-0.37419942804817485,-1.3107843378336805,-0.053916630232797136,0.07394990554712894,-0.996090018249701,-0.048333084040654534,-0.2965748387483228,-1.0278917675696981,-0.08905673739701706,-0.3305237127723499,-0.7717009223287249,-0.061296282427355825,-0.21202155040355605,-0.6886024606352696,-0.040376735528021,0.0822530145877735,-0.8790030103154651,-0.13340591424088846,-0.3042151358432955,-0.840848702611876,-0.159509741429648,-0.2874128798260662,-0.6079608171216733,-0.08968159714884634,-0.1639182727750847,-0.5655762359271315,-0.054619471802580734,0.06654728434531973,-0.7534043461471095,-0.2236533496016724,-0.229968939596268,-0.7073751034179284,-0.24613762312270204,-0.22789883617791734,-0.5403847356959457,-0.2022164360057141,-0.1402934676983085,-0.49019366298489575,-0.16618134172528018,X
0.0,0.0,0.0,-0.2109758948446128,-0.3456155724657345,0.11450142515307879,-0.2826813598507682,-0.6425807134103604,0.10694101155121771,-0.31881120683135045,-0.8641005022588557,0.049663810315857,-0.32554339565237383,-1.0289166099152245,0.004303843117604378,-0.014765300912647123,-1.0429612349776924,0.0736549962058179,-0.13687833489855758,-1.3956444740804648,0.017959023767509318,-0.3018339799413483,-1.375177297756243,0.015627716082444315,-0.40029177365106366,-1.3054419295660449,0.02207503556442922,0.04685390994700957,-0.9981838124209618,-0.037865389783177224,-0.30802405799673244,-1.0387804596450507,-0.061907802311428436,-0.3429051968462056,-0.7742250597530915,-0.020332963536282698,-0.2207597288828637,-0.6952957282130927,0.00606999890939017,0.05953559512268961,-0.8802556525670387,-0.15224448226204565,-0.3125614288724525,-0.8546759368936911,-0.1651201475719789,-0.293274083029465,-0.6128952482532646,-0.08373673789001781,-0.16642052028722018,-0.5672545829125902,-0.047319880281880174,0.05197010257381318,-0.7598717772790236,-0.2662505812159424,-0.23916422898851497,-0.7188085797641905,-0.28136129507780067,-0.2372800287501509,-0.5461222427380239,-0.22965926289163144,-0.1499649101661286,-0.48906196600281915,-0.19234838252131128,X
0.0,0.0,0.0,-0.21856765177451642,-0.30130312997563047,0.0005813638012245138,-0.27975229961705916,-0.614145131525068,-0.023488112552208482,-0.30529544307823836,-0.8473015611793553,-0.06724723116784169,-0.30882314428563873,-1.0119726297711993,-0.08959854502162255,-0.006982717731808124,-1.0323936408661945,0.014671926394072023,-0.13648401978680905,-1.3642414399770655,-0.0503047243942476,-0.30604117367384376,-1.3588996502233084,-0.07231134271860372,-0.41028258875285717,-1.2918068778053577,-0.07988958939565417,0.05659820871596348,-0.9979478707795523,-0.029944782128149976,-0.3102298066800248,-1.0255559362029059,-0.0714105948897011,-0.334955603755003,-0.7836427837353392,-0.05805752342657913,-0.21994010961220012,-0.70516238801775,-0.047986948141567634,0.06811784022662551,-0.8827845131885046,-0.08590607850495068,-0.31156556587874656,-0.8460856960778248,-0.11508737538788175,-0.2898282137969075,-0.6276448862010797,-0.06122819230480662,-0.17213140307635577,-0.5905393555333606,-0.03580219276975563,0.04881863170222919,-0.753987254925628,-0.15125644497291485,-0.25326942159022814,-0.7063321125974789,-0.18475043318584797,-0.2454757708266007,-0.544058213354528,-0.15719721530361283,-0.15212815075983513,-0.49921532692275394,-0.13133367134644788,X
0.0,0.0,0.0,-0.23562868408778778,-0.28068409161597424,0.01224445231537538,-0.30311982793853987,-0.5849764594401351,-0.006373802797459939,-0.3298299805747661,-0.8104624485480214,-0.046705021367496824,-0.32616154151281473,-0.9667784830525736,-0.06663793227203438,-0.01478876054357083,-1.0233269411649306,0.040017193913901704,-0.14668554958059507,-1.3264629668916066,-0.019169636419598474,-0.31441166599897696,-1.3364832785833693,-0.039919118318540975,-0.4221861690176329,-1.2935022677891304,-0.050107183977919086,0.050797163471542874,-0.9986161355109553,-0.013618446328815429,-0.33230536255279086,-1.0112187345824404,-0.05288180321906005,-0.366177637176475,-0.7564266273264019,-0.03796819878585438,-0.25259604713564754,-0.6753665963541418,-0.02678040901726296,0.0645265886710208,-0.8895956626337952,-0.07929823596375392,-0.32985463720781755,-0.8190814715905986,-0.10544460996090431,-0.3070386128149039,-0.5939808098649247,-0.047441404874280696,-0.18902602784176803,-0.5586926685827325,-0.02100451117360118,0.05033444665712512,-0.7600849877646241,-0.1545531877646635,-0.2623957089579137,-0.6864156475679629,-0.1900420353897101,-0.2516324587169806,-0.5136764956969199,-0.1627043871901745,-0.15571653636809724,-0.46751711891955466,-0.13776069333788843,X
0.0,0.0,0.0,-0.22411429331373905,-0.27113234925194557,0.003940550749006988,-0.29167752382405726,-0.5807893530927021,-0.013701446943797086,-0.32303567595769395,-0.8034877525460616,-0.05082864982797862,-0.3329879527042307,-0.9511216624177388,-0.0652344313082227,-0.040313649589877376,-1.024756971315437,0.028934735510861686,-0.18471502687314564,-1.3316466597405772,-0.03314213201043403,-0.35760888271043384,-1.308870993095807,-0.05428546444470257,-0.4656906830834064,-1.2327034296349904,-0.062300740784280204,0.01211883155392941,-0.9998094886378199,-0.015300991848521564,-0.3654547074623943,-0.9973806751175305,-0.06081758237940158,-0.3783259834295925,-0.7482842998808144,-0.0518065132293005,-0.25850951013416273,-0.6783793781767964,-0.04420619654076371,0.021507176270422146,-0.8907381320128868,-0.07078957757472769,-0.3576285008392463,-0.831975950781068,-0.1022921626084137,-0.3283839345652087,-0.6166174067029342,-0.05016535643416532,-0.2136296518898836,-0.5921348736781713,-0.025413882271378915,0.0027388691288383385,-0.7625035196440509,-0.13524562530775064,-0.29044550533463775,-0.7002605473210334,-0.16760070163831672,-0.2712190257119713,-0.5417203846026595,-0.13966960252826244,-0.17584638422355628,-0.5053200166709817,-0.11382493600406458,X
0.0,0.0,0.0,-0.2377779397709144,-0.2931732958679535,0.06996641626218067,-0.3133511049421098,-0.592932537844578,0.06793668603600313,-0.34649924927550046,-0.8100579584034907,0.02965075945434264,-0.35775743792836334,-0.9627922748160087,0.010736833977535054,-0.04451671804694374,-1.0313719391840142,0.08472832801828617,-0.18049661231676173,-1.3496810371599353,0.02630918423389196,-0.36422049229459097,-1.3195360371254716,0.010274398286863174,-0.48754471216783196,-1.2496692720744422,0.007115568315535922,0.002914419360983092,-0.9999837024807912,0.004909270067644075,-0.3671557561251625,-1.0105338135645465,-0.023052158138250012,-0.3826792670245988,-0.7410116498010894,0.004769285718531731,-0.2516933451556643,-0.6826618167102059,0.02377550213773582,0.007132796236918132,-0.8962556403520594,-0.08420322880201894,-0.3656132653756155,-0.8396969815957263,-0.09662623247107265,-0.3288989041800231,-0.6026609236859042,-0.023710635215762773,-0.1988819782625667,-0.5816034779951144,0.00955960219968751,-0.006759770859413113,-0.7855615377431174,-0.17831666038364868,-0.29997711199788835,-0.7124991342479179,-0.19632716573234354,-0.27946959779171954,-0.5439389714988021,-0.15556597537982603,-0.17776236167552598,-0.5149115069186666,-0.1238166308980149,X
0.0,0.0,0.0,-0.24899520650916526,-0.35560496000736075,0.11325641992285676,-0.319154934096025,-0.6661806165565844,0.12121627039518892,-0.3504475028685268,-0.9002998297400148,0.08099266854893722,-0.36149906542292204,-1.0811541514501617,0.053812481983747565,-0.05578414768993738,-1.0487339978996948,0.11008266908524349,-0.20219349825044725,-1.3659448203095728,0.06831764634636954,-0.37565863291027257,-1.3106928904287507,0.06926897993515249,-0.4810270963749111,-1.2024975139241232,0.07553501735591814,-0.0036282731194135346,-0.9999697939199724,0.006873636724384943,-0.3880967193735965,-1.0110605144686136,-0.01812784566173187,-0.41591930156680507,-0.7326561835580648,0.012699436114809086,-0.28592560725131916,-0.6687249669808185,0.029981582191497363,0.003990254765751457,-0.8900359311590755,-0.10004688380241764,-0.3780757658132949,-0.8483039881929227,-0.10867406325004372,-0.35176894729406105,-0.6055173460155509,-0.037681027578184104,-0.2245578604945583,-0.5773382973864616,-0.011799838962843921,-0.01584519964340558,-0.7836656297148948,-0.20709322365840585,-0.3057636354253562,-0.7220989677009793,-0.21798725801411864,-0.28155057463600686,-0.5463466752645719,-0.17401152061360312,-0.17650493482346044,-0.5066037010296176,-0.14525961396834222,X
0.0,0.0,0.0,-0.25364400389904623,-0.31303341105471816,0.04881043784933756,-0.3261632348726232,-0.6128229655488397,0.04233202313625421,-0.35436252172351784,-0.8349863543397332,0.0019353152575038175,-0.36566637820592013,-0.9967049918103938,-0.01981147576744599,-0.047317633975651065,-1.0298413370820092,0.07890317907575044,-0.1947551138766435,-1.33853094866849,0.02850281841915894,-0.3669467205194308,-1.2924894168648098,0.016528567084935438,-0.4760502535628237,-1.192162074651343,0.013493192410181867,0.002303389229745856,-0.9999528500142196,0.009433564887980483,-0.38698364469014024,-0.9982046486788752,-0.02995242127652014,-0.4091561567445464,-0.7299078884228615,-0.017010688896860398,-0.2817703964017646,-0.6569987448591638,-0.009022783090743369,0.008874886890451936,-0.9031038673159527,-0.06921669296584193,-0.3788678333511172,-0.8424373656147582,-0.09164021350553274,-0.3530913814193067,-0.6098521599975499,-0.034783884948983636,-0.22855535705448238,-0.5763117382587549,-0.012275056933988693,-0.015140913928726579,-0.8019412172191155,-0.15430873863191547,-0.3084472017924841,-0.7272358775264722,-0.17822984671569245,-0.27973909795679525,-0.5541078311137976,-0.14687457515332838,-0.1689932769007792,-0.5109520313832756,-0.12280197222527557,X
0.0,0.0,0.0,-0.25992921502449867,-0.32103152857547557,0.07322229594912116,-0.32915096953864587,-0.6200472535992065,0.07789232123409282,-0.35838171815267955,-0.8474857471559343,0.042645147488993514,-0.36742540858379097,-1.01903396925933,0.02222315607810967,-0.06489028656644875,-1.0246726159153146,0.1083473945753099,-0.20847316631265367,-1.331486288067681,0.06933644989869245,-0.37736507732264774,-1.2748097702777481,0.06210136050210522,-0.4781434270530947,-1.1678097718249703,0.06152149590025169,-0.0033146123075772703,-0.9995690942391029,0.029165719385434854,-0.38233101534627995,-0.9853539561967818,0.0025291893399908005,-0.4064377974002021,-0.7175470548738645,0.01854452709819097,-0.28185730548948185,-0.6443870914993585,0.027025541022640077,0.012786175874729728,-0.9074138108191612,-0.057613886740007336,-0.36859068781494037,-0.8348778064482085,-0.06768244070797812,-0.34480068773552036,-0.6021543275760229,-0.011583701304226434,-0.2229641293922702,-0.5663563334288025,0.007664060040434021,-0.005408309190542837,-0.8154561536825117,-0.14890286750914,-0.2996820907675779,-0.7333128479303893,-0.16094849982426848,-0.27546385510134525,-0.5602845581005866,-0.12710662983896448,-0.16911572436154454,-0.5157986189547192,-0.1037820278770474,X
0.0,0.0,0.0,-0.24943380573873816,-0.3284283862142149,0.19093086777722026,-0.31790201267511725,-0.6363934027703776,0.2357931748163302,-0.35179984616012905,-0.8707019276014085,0.21451899353654336,-0.37622457460427694,-1.0551826290267061,0.19947896352023795,-0.06800023198325127,-1.0290448078197896,0.2155585717718682,-0.22523369042163693,-1.333991655092769,0.2071174109044698,-0.398843116497876,-1.2628217791885907,0.21717634317865472,-0.4985722730600125,-1.1555311423643726,0.22317687822693927,-0.015832255365853674,-0.9967847938553833,0.0785456200479155,-0.3877696893344755,-1.0073727039660645,0.0822683041826887,-0.4078703366369498,-0.7227645753471603,0.11170857646266583,-0.27853976875963216,-0.6552592347661458,0.12327930822718869,-0.007449916221292376,-0.906114878725226,-0.057674485623890964,-0.38228318885266455,-0.8698041248006142,-0.03942286785362356,-0.3509275675783173,-0.6230813623791925,0.025548010597763016,-0.22058512684518855,-0.5870312339342282,0.03968386255948727,-0.027103936099242516,-0.8296017164115644,-0.18823461894014676,-0.3221685483049028,-0.7609622651696477,-0.18405455240312352,-0.29720549087857695,-0.5784421022082371,-0.14483597503475718,-0.1862092943501394,-0.5323485184473256,-0.12511842305537585,X
0.0,0.0,0.0,-0.24140791109739373,-0.3357340871690714,0.14111334940123108,-0.31526087645059064,-0.634191890104667,0.1592010936829606,-0.3487099092219831,-0.874883430587831,0.12044929256718845,-0.3624861246677495,-1.0518992300394436,0.09251710326537392,-0.05051075192907842,-1.0306205308312786,0.1749761271947112,-0.2242109402784152,-1.3260423508424146,0.1492633389123023,-0.39639019590507973,-1.2550887271805222,0.15076755045356136,-0.4907588002376286,-1.155200094942877,0.15464072726570333,-0.0028638149706840376,-0.9982219217498838,0.05953816844498008,-0.38314776133079814,-1.0027841640891555,0.050988080665488454,-0.3976196890891038,-0.7289786629297328,0.08021268180728874,-0.26325272188237986,-0.6729464935236954,0.09461680424858251,-0.0018924116006059882,-0.9072211764216442,-0.06025828666966982,-0.38387867613052307,-0.8757534878500638,-0.05574922440355611,-0.3491890336002058,-0.6313271487527413,0.008704318622052643,-0.21749171185589938,-0.5991299349532985,0.028169935584523534,-0.02592088824859802,-0.8251641787916867,-0.1787725317177585,-0.3253502798305201,-0.7692289088635342,-0.18185631591429133,-0.2992298490624534,-0.5897351322284182,-0.14458335507352035,-0.18752716948715004,-0.5455109886819677,-0.12237357323882365,X
0.0,0.0,0.0,-0.2451845595451406,-0.3182410915785657,0.09452846529974629,-0.3209976304896386,-0.6004174502861566,0.10744378504447762,-0.35824789573415217,-0.8182772871298355,0.07888274411919736,-0.36716441932556226,-0.9718889268952843,0.06367637124250727,-0.0512552702965737,-1.0336553675112348,0.11353049672280238,-0.1972155538385888,-1.349497675060608,0.08158183389102036,-0.3816336991763933,-1.3001947600205668,0.07506872386609582,-0.4953328174280986,-1.2037725882367403,0.0740807145542846,-0.0012899200379588307,-0.9995753908636795,0.02910969058609177,-0.39428444578986616,-0.9795330520016444,0.015102789393757358,-0.4130894292726692,-0.7195704995306115,0.029439433580558755,-0.28389106052030366,-0.6369755678374546,0.03108258325806267,-0.0036576473463869274,-0.898955509265367,-0.05940851679236711,-0.3865556795310943,-0.8356061029567222,-0.0603684533780396,-0.3554501950797378,-0.6095091894066555,-0.008388058626283855,-0.22418891841558128,-0.5692194446189107,0.005728804578683451,-0.03428847385650806,-0.804957013240659,-0.14947411948874914,-0.320893613651735,-0.7361035216528958,-0.1557933857462905,-0.3006552002690528,-0.5714104730921836,-0.1219048714645822,-0.19919224458527257,-0.5254638625004854,-0.09968128467864919,X
0.0,0.0,0.0,-0.25661913297549616,-0.354394839847675,0.14549828867604617,-0.32849810511411964,-0.6438427277516975,0.16580453718988072,-0.36783468550575305,-0.8691736454095346,0.12878942095610324,-0.38604912488156645,-1.0396982047244778,0.09929345785113128,-0.0757025281590974,-1.0360268074812737,0.17201121885125187,-0.2163940831561579,-1.3240577507764664,0.14676511477726586,-0.38568296448668254,-1.260399795864333,0.14352991585242217,-0.49171296765046363,-1.1617962835823237,0.14272124363806496,-0.019802222564128592,-0.9983817466553075,0.05330816004157396,-0.4006472996343068,-0.9881861111130692,0.040729928761808226,-0.42671088308668,-0.7163420325454475,0.05907503890818628,-0.3038079405178414,-0.6532078375245596,0.06439913958678639,-0.015017472837421648,-0.9035086634186494,-0.06781833106960694,-0.3934105991701902,-0.8453214422320582,-0.06384248592130175,-0.36499789457124404,-0.6062421901436332,-0.006307216610569794,-0.23898739461442361,-0.5765219900682554,0.007195846236164898,-0.03830737769675174,-0.8202894191195064,-0.1869168168089505,-0.3305253170477561,-0.7480517222354246,-0.1834044359160381,-0.3071378419593782,-0.5722269050598182,-0.14191900951457034,-0.20243863868547227,-0.534273174104039,-0.11945593526956663,X
0.0,0.0,0.0,-0.22512556182179322,-0.35718035654510927,0.12230015980601396,-0.29218865735532,-0.6272169449810191,0.13673913757102923,-0.3348325170530229,-0.8354704061496836,0.09785335444458837,-0.3367300547597416,-0.9818039700592744,0.06843991476155495,-0.026231640284333065,-1.0337106515410384,0.1485994105352569,-0.1545655368845926,-1.3192338597148257,0.11787865223614344,-0.33438619606852726,-1.2584612857752522,0.10201936121143813,-0.4505591479849989,-1.1555572681415036,0.09115333671497336,0.01927100859253138,-0.9989753841613617,0.04094887138232693,-0.36949684005085826,-0.9784873651096986,0.022351406449795105,-0.3877834279930796,-0.7346526023571456,0.02467501877064575,-0.2607753831061185,-0.6492995063668278,0.015384474515223094,0.01709579996346648,-0.8983539795626048,-0.06920112702335124,-0.3707589316235144,-0.8274113039785357,-0.06782006329389986,-0.34042634685669115,-0.6151011712137706,-0.019628395031366416,-0.2129533019581167,-0.5778319321601477,-0.012014981014092959,-0.011911112696088355,-0.8069406169087655,-0.18014967067637738,-0.3072364097589461,-0.7233024890956938,-0.17715819754256948,-0.2871886050867594,-0.5667006688462244,-0.13861877341956452,-0.18165820847664074,-0.527146392076205,-0.11752786182677244,X
0.0,0.0,0.0,-0.2223317728163594,-0.3111244355395904,0.1562021479214759,-0.2901297761640682,-0.5797222169797857,0.1855741621889363,-0.3284878411544746,-0.7851961416326662,0.15934954592499345,-0.33766690066572325,-0.9367124087462007,0.14217248599098783,-0.036595277017911716,-1.0382400869679107,0.1570072306896551,-0.18516151156339314,-1.3702486581710662,0.1354685845071473,-0.3648585295165546,-1.3113773549653147,0.13846836905388585,-0.47099894188198116,-1.208469155437592,0.14162692659745976,-0.003019366161388612,-0.999197911885197,0.0399301429028914,-0.40632206851813735,-1.004421974486281,0.03302585312278817,-0.4189476785884229,-0.7271323324944589,0.055993642657441535,-0.2796702817436381,-0.6395167566226013,0.061016746171591946,-0.01798945814180425,-0.9002253256824053,-0.07643706184545371,-0.4124329301436589,-0.8473573424802542,-0.06716919778971686,-0.37065496702391176,-0.6065416437180063,-0.007064709347938726,-0.22809540733332123,-0.5625792996469337,0.006426423233305222,-0.05509299513021638,-0.8144775632664957,-0.18906727677356627,-0.3539410978949806,-0.7479000734563087,-0.1923783635629628,-0.32574450470203764,-0.5678637495712455,-0.15673278903118418,-0.20942193228952338,-0.5133092080731434,-0.1368363076089751,X
0.0,0.0,0.0,-0.2351567138802637,-0.32093107397468396,0.034242964552146156,-0.29106505259427046,-0.5992323630931561,0.02680933781211861,-0.3200321938816064,-0.8015477374464769,-0.009484545406823397,-0.33714897408298994,-0.9570236970332195,-0.03262447101439131,-0.025834832105051837,-1.0205928811384515,0.04947059685967572,-0.139201055290547,-1.3237147785095076,0.0026807989623253547,-0.3139647115225952,-1.275499584777814,-0.017986530546939147,-0.4171234293094302,-1.1638282137789602,-0.030397643206276814,0.018755295891940475,-0.9997975363964557,-0.007288696151127446,-0.3720540655190812,-0.994810128994224,-0.0457716434686097,-0.402329715822134,-0.7534581532356825,-0.05218003987406409,-0.2883605669363239,-0.6499511507108333,-0.06401978048723621,0.014341686135011363,-0.9006569878947762,-0.07019863175285844,-0.3704783128582359,-0.8359811046220227,-0.09313574401839472,-0.35267698163332206,-0.6243714603369364,-0.05980371361055806,-0.23881783497245865,-0.569743253736915,-0.05480985880933012,-0.021622698350415127,-0.7952031629882068,-0.13880567572237068,-0.31212688982811354,-0.7290976680985244,-0.15698964651522568,-0.298787409093072,-0.5725597446952247,-0.1336155508283959,-0.20450949308748198,-0.5185321268741994,-0.11837074893041623,X
0.0,0.0,0.0,-0.2738914730197347,-0.25707328365449184,-0.020125480987299348,-0.3308324936018532,-0.5804285125941958,-0.041096598679359816,-0.34952367451320543,-0.8163628558929111,-0.07415810497226301,-0.37481240564224977,-0.9965538684941112,-0.08176200520214481,-0.01419321935575394,-1.00235824077279,0.012217191292172948,-0.19424038592450701,-1.2923908848514436,-0.042720016478842895,-0.3625101365783941,-1.2510016099241748,-0.053333849820731284,-0.4521093124439046,-1.1648531102256419,-0.05763345636884232,0.02275566764212246,-0.9995557080659659,-0.01925009254280438,-0.3885811295460701,-0.9798529391749022,-0.07387812680491682,-0.40098798189422624,-0.7179499853661215,-0.06471956810340881,-0.26648313824951086,-0.6538974775177029,-0.056169224363834334,0.011423875115412385,-0.919795636033058,-0.06315474181247563,-0.3949707456581074,-0.8410500570710923,-0.10314375726454302,-0.3621727938633776,-0.6129071684527657,-0.05383109359889707,-0.2406552926145268,-0.5859803180019503,-0.03151947300281394,-0.03355767716805768,-0.8137171981125377,-0.11887476025327891,-0.34240179934492926,-0.697549994579721,-0.16516453894184865,-0.30857931870955174,-0.5195101580182242,-0.15196996670487006,-0.19932411951186935,-0.4845465047276382,-0.13584938437963465,X
0.0,0.0,0.0,-0.18790780677612956,-0.2633357567937857,-0.004867254624207557,-0.24896653323311038,-0.5378098967810836,-0.02782016392551463,-0.26237844632354806,-0.7357794423512637,-0.0666622806250483,-0.25459295893275635,-0.8739292066052606,-0.08646231646328996,-0.00230453857514813,-1.0114697657900256,-0.010255325593264595,-0.16952493866294538,-1.3326346457219624,-0.058484411811653036,-0.3361970789294005,-1.2901828580662804,-0.06667964053665969,-0.42191727108055527,-1.1836963355431254,-0.06706887264038121,0.02226901421746883,-0.9988415640537116,-0.04265701495085366,-0.35841991000909085,-0.9869877545740767,-0.07673412198048786,-0.37121692760796304,-0.7481272464653509,-0.06441522356245664,-0.25274398402383774,-0.652257897437922,-0.06060554766264545,-0.0029837605800479296,-0.899152952001888,-0.08237061416094646,-0.3766904541336065,-0.8179900459108065,-0.10480010447345953,-0.3468492196580161,-0.6092692308055648,-0.06446701465267969,-0.22891068095389933,-0.5638528155840574,-0.05204106001013287,-0.05280909853151497,-0.7864983415488561,-0.1302265814744513,-0.3315208712895476,-0.6937559208285886,-0.15447393493029912,-0.3147062505834997,-0.5376433076055254,-0.1361799590486025,-0.2257761654169601,-0.48883795723985246,-0.12064359069414458,X
0.0,0.0,0.0,-0.14113345414229592,-0.3602565885800025,0.11209429368235134,-0.18790255956867988,-0.6673451337049919,0.1213971813018238,-0.23072082064201768,-0.9066342024223027,0.08528801900740542,-0.26608325532134053,-1.06849801997728,0.05484286097458853,0.04288464572681819,-1.0323341821013745,0.07358515062827395,-0.14556909795994158,-1.3713033187463397,0.05724083204258943,-0.3296093792397138,-1.3041567976412531,0.06968170607475686,-0.4266791419526921,-1.1964243590146006,0.07786643217399715,0.051299858026419766,-0.9984155338460028,-0.023124583055056696,-0.34345752115485917,-1.036469578982666,-0.03050874374480735,-0.3627163314856432,-0.7629251513877633,-0.0014784801691042184,-0.24452898814443028,-0.635498532404226,0.006915357806772979,0.010548298028140557,-0.9041302562738397,-0.11632593368076637,-0.3967914464543261,-0.8597852279597002,-0.10526393253331084,-0.36678606181667706,-0.6074727189839426,-0.04754636605791197,-0.24312820812459673,-0.5223205973556316,-0.03510733964549473,-0.052229562332132946,-0.8108964413982684,-0.20953407636612448,-0.37473530491396445,-0.7262160337980537,-0.21022473208791073,-0.3527109194938975,-0.5421733588408723,-0.17848520795658074,-0.25345325583971073,-0.46410404887698403,-0.1615642524830324,X
0.0,0.0,0.0,-0.15104130459892753,-0.34849828918839926,0.10702994206544351,-0.21825758056189398,-0.6397007930416991,0.10405581709148432,-0.2842804146366635,-0.86732258757538,0.05602908821003315,-0.3371941698740443,-1.019640826856111,0.009580034900057249,0.01472992806979475,-1.0395884232008457,0.05384266013530277,-0.15511682618023026,-1.3982577208557736,0.03155873044196701,-0.3214021156141258,-1.3302493681731198,0.040149072555905024,-0.40214375064725477,-1.2242388127694637,0.04631741341409673,0.01995493550334083,-0.9989657068211505,-0.04085727774064919,-0.38651142173162706,-1.0372692490812707,-0.03722097126276483,-0.421488115503966,-0.7751170289679213,-0.008027915486937095,-0.30857594950365536,-0.6733158756033689,-0.005884221488116794,-0.02854064625307772,-0.8944228647652184,-0.13097384201577483,-0.43319659878282013,-0.8595403963195015,-0.10847128135231864,-0.41242204498609747,-0.6346648675868689,-0.05201855720096094,-0.29212865831999824,-0.5758707890765195,-0.046713001515265216,-0.10512973799738035,-0.794159462417885,-0.22103258822184016,-0.4189883033838567,-0.730332615080063,-0.2110341091693212,-0.3995330619912123,-0.5622403932310353,-0.17405702118267563,-0.2997437061572957,-0.4934848668528548,-0.1569637755326031,X
0.0,0.0,0.0,-0.10485680221434403,-0.33210555466660974,0.10989003313949451,-0.15916701760307422,-0.651975994504879,0.11734149008298402,-0.2470799874756677,-0.8765246268100151,0.08323578506974642,-0.3143859380364079,-1.0260475318611804,0.04952034156710662,0.04471206365914958,-1.037920118978706,0.041455077059774706,-0.1305116955159388,-1.3920502873002776,0.022035527992795477,-0.3059203922856343,-1.3071906246083016,0.027822534371592114,-0.3814406673676184,-1.1890113980094958,0.030934785036669972,0.047291184906679926,-0.9976344420672348,-0.04989051845109873,-0.3470112433991545,-1.033766839566428,-0.04857207598405066,-0.3814549715010982,-0.7899234163257127,-0.02710921222682456,-0.2760267074295383,-0.6738291930520752,-0.03026846428131797,-0.01152960057266688,-0.8786065426309622,-0.13373915052826274,-0.4029033552543509,-0.8441564831912488,-0.1108344125292278,-0.38983266016973384,-0.6375908042687369,-0.06148761909626896,-0.27862138344516957,-0.5780844365229915,-0.059446500344546384,-0.09950877591551914,-0.7601948934042764,-0.2155208255470189,-0.40974534277284025,-0.705689579014642,-0.1998060934615658,-0.406597886254647,-0.5616928375311562,-0.16206878977299327,-0.3262715004881284,-0.5013582370075337,-0.1452161365115932,X
0.0,0.0,0.0,-0.11121061672067795,-0.3146550622252766,0.041507511964428555,-0.17456531565580277,-0.6303374097099854,0.028695007912983437,-0.26717769758469995,-0.8526279730396656,-0.010033274602782012,-0.33220172511285917,-0.9944288530825088,-0.03939037607179386,0.02834195704357693,-1.037166659089905,-0.001095928367428181,-0.16794262632730295,-1.3787763137300406,-0.04560754064234401,-0.3395387603108549,-1.286242126834456,-0.05377435792404638,-0.41313684935320855,-1.1529307031908433,-0.053088638444037044,0.025935429246463523,-0.9980822014820708,-0.05620740693631518,-0.37326040824097084,-1.0100533673864596,-0.07950559521393075,-0.3962698143773579,-0.768111006652213,-0.06484439474895672,-0.2815704410431227,-0.6599705403433378,-0.06285764269489291,-0.0307827250283933,-0.8832582097902655,-0.11111039828379753,-0.42426252150636473,-0.8175300288205778,-0.11571560399441587,-0.3894774370488697,-0.6098374111905076,-0.07290782955694491,-0.25924974044962595,-0.5555525398361786,-0.06258860838285128,-0.11476928701982411,-0.7625557352682669,-0.16904573151023686,-0.4207109381297896,-0.6798996832682982,-0.17422390296647525,-0.39660154605635917,-0.5240513282644277,-0.14281280081893213,-0.2950759654983213,-0.4657128964561295,-0.12034402136716309,X
0.0,0.0,0.0,-0.0487001538652642,-0.343697858819904,0.10265298228054039,-0.09604579489088866,-0.6632986527553887,0.11327660615817513,-0.18789880768077802,-0.8800196274974198,0.08626375285315645,-0.28216889137563,-1.0207447590619043,0.06281388426693438,-0.00800176628552336,-1.0151919890053178,0.060922949834143966,-0.18808742928087815,-1.3527349692430501,0.028093424437985536,-0.3385905010127773,-1.2806258800307722,0.022320483389581588,-0.40408530314631935,-1.1693339693129836,0.01904785693792094,-0.03320187424755192,-0.999071705370268,-0.027447460264914625,-0.41979857745784976,-1.0408766061715284,-0.04657360665325679,-0.4382861932684817,-0.8144029847554729,-0.034376159250675775,-0.3424212314324724,-0.7220616841602548,-0.03721968192434391,-0.10334304484831928,-0.9052501956115495,-0.11191122090695248,-0.47548667578667636,-0.8581847879852562,-0.11461803918913349,-0.4337026729631867,-0.6343487843982379,-0.08182015716775679,-0.3083256023422547,-0.5772289046920362,-0.0825156704002601,-0.1859616962357595,-0.7932828406602055,-0.1935943022176082,-0.46333623678496866,-0.7279977894474617,-0.20594026455008205,-0.4298187336702009,-0.5516586480462462,-0.18657053815746094,-0.32690213095129855,-0.49398485625765737,-0.17627814915534956,X
0.0,0.0,0.0,-0.04067668761239316,-0.3348026869755732,0.0904339860383837,-0.08091723697056838,-0.6329390272380578,0.10221622437149132,-0.15312337883499452,-0.8506233350032284,0.07442710686437344,-0.2209658186584653,-0.9964148506917381,0.047301017176310606,0.041549906417206774,-1.0077143614631825,0.09357980625328459,-0.13631513095497294,-1.3364955208898486,0.05162373385510553,-0.2890947165807676,-1.259123565314004,0.021975751001791884,-0.3408999968985512,-1.1275617034678431,0.006964957246223372,0.007179428586301906,-0.9998914169352241,0.012868960503634286,-0.3317356572347183,-1.135178719995098,-0.009459656522161077,-0.3944622975391275,-0.987728545228764,-0.016861902525912884,-0.33822865915200845,-0.908116968616053,-0.027448072288056367,-0.06708505098878184,-0.9276016281461897,-0.0680426011698802,-0.4151692604398604,-0.8899895058072019,-0.06863991740740136,-0.4076701034441592,-0.7010758984374025,-0.05665404792101094,-0.3004232935712482,-0.6366068796462241,-0.06581957904612916,-0.16030121276588793,-0.8386054319702659,-0.14868612369407172,-0.43166270884538166,-0.7693971697894363,-0.13918089019450888,-0.4220691169393219,-0.6168585220989949,-0.1205077834196966,-0.3364558372438046,-0.5584530355298696,-0.11266254995818797,X
0.0,0.0,0.0,-0.02528697711684249,-0.3739215984343993,0.14031004751604484,-0.06954281272744359,-0.6759531846215204,0.16686561837820457,-0.16558579736835782,-0.8735059253907708,0.14518292935038893,-0.2715889260580485,-0.9908424961568095,0.12158582209248156,0.017351241499864122,-1.007843664403723,0.12161471067434292,-0.16295522230927062,-1.337942459800362,0.1038525405398563,-0.3154282060875136,-1.2536767908794313,0.09440778709925507,-0.3715460398220882,-1.1281268525708277,0.0880592273237407,-0.018444825541895138,-0.9996352507279451,0.019726984381991924,-0.38057385178251024,-1.0571967417575014,0.02138110473305357,-0.4151905754506861,-0.8597869451733668,0.028099369253541416,-0.332564421050752,-0.769187326794185,0.018084237956508573,-0.09707740946218413,-0.918917017095143,-0.07609286535519137,-0.44742836613352205,-0.8641428299825885,-0.05361161659106398,-0.43125596544104555,-0.6707585168315314,-0.031078004467814016,-0.32514898503675416,-0.6182535596832939,-0.04403835428188127,-0.19396886943192732,-0.827336461296957,-0.16756300018064593,-0.4591893484521425,-0.7455058332873673,-0.1513349582307788,-0.4449106889805597,-0.5882130961011919,-0.1304304929571383,-0.35998522243973236,-0.5343896924358943,-0.12541762848847499,X
0.0,0.0,0.0,0.007526372224811432,-0.35757853175469456,0.12877304165898398,-0.03054336828844366,-0.6482579736903691,0.14385087488232656,-0.13334411274556182,-0.8204380601893306,0.11315499692278085,-0.24936596337973285,-0.9195258517724343,0.07964530578548541,0.015932587231139952,-1.0034971142026217,0.08167816474820341,-0.16520371811267642,-1.3349370606716233,0.05593589483812467,-0.32601980603571123,-1.2527973251321025,0.044289315732597284,-0.3932116817512224,-1.1280536403049344,0.036191582189300665,-0.030722544643562298,-0.9994005620536203,-0.01595750035351112,-0.4128507988332863,-1.003668939352122,-0.019641541502020635,-0.43171109652013184,-0.7856070084058122,-0.015241417975558188,-0.3307242063583558,-0.6854584898302223,-0.0285454433387099,-0.12132348072234363,-0.9120122513392019,-0.10521672422392468,-0.48236405905020496,-0.8339244038054567,-0.08575545619596503,-0.4518887822319825,-0.6323885771257048,-0.059618481306957426,-0.3346674227538055,-0.5749172228755358,-0.07076538727151511,-0.2258594809783708,-0.8088674110554697,-0.19076038354673674,-0.4907958176396917,-0.715347972091656,-0.1802715311487376,-0.4658712208454346,-0.5503206086592145,-0.1546770743061715,-0.37440094901134807,-0.4887746816222967,-0.14461843450969272,X
0.0,0.0,0.0,0.04939675414893522,-0.36084938454105847,0.11932360738930703,0.005767712163141279,-0.6448033889996445,0.13408843243001842,-0.11341371388895141,-0.8095631871716685,0.10501179191710328,-0.24309306942481326,-0.8919813121685631,0.07110517459616303,0.011499991700179164,-1.004287125132895,0.08114594763145269,-0.18264378483882315,-1.346011194904109,0.05553754324763252,-0.34993640355043887,-1.2648887714030168,0.04213230652600425,-0.41462650665806944,-1.134239916463719,0.03353293539909286,-0.046804050175378316,-0.9988714433802842,-0.008075920168522908,-0.41799911104765153,-1.0256996044384612,-0.010557334582557816,-0.4409152193762835,-0.8223040095406174,-0.006695827034630767,-0.3437896847333515,-0.7124778681767221,-0.018916969890933732,-0.14333163055468426,-0.9048018005499822,-0.09022640699085446,-0.4930747617569069,-0.829169520886163,-0.0753042348792841,-0.46571954995148573,-0.6297296764057801,-0.057355275643237086,-0.34688116222878496,-0.5569924642268235,-0.07036563086129219,-0.2484384216236681,-0.7902916649889286,-0.16872232968577003,-0.5074264676316083,-0.6978908758895912,-0.16649698092485418,-0.4854554844269005,-0.5308018608534573,-0.1484437996419939,-0.39579131086351194,-0.4582150268824773,-0.1412575962452901,X
0.0,0.0,0.0,0.06751832535906656,-0.3735281661869657,0.1005970608275512,0.030849470936993376,-0.6682494193470535,0.11040878819746913,-0.09466795233772128,-0.8277573540427356,0.0808926843299946,-0.24415301053931154,-0.8909549339269746,0.04571484867777637,0.011369543946362389,-1.0089253541075707,0.05879680334166606,-0.19559210488377599,-1.3518073869109797,0.029506729541989178,-0.35821109625656145,-1.2748744618135226,0.01616539152381853,-0.41178714868262434,-1.1466519468257832,0.00610397807071098,-0.060324105424208706,-0.9979222438430707,-0.022631781811867778,-0.4303844470846868,-1.0379589899195216,-0.038150302978911206,-0.45612329649769606,-0.8182591152641266,-0.03343139178187428,-0.3626287762228119,-0.6947315120990598,-0.04027659625951905,-0.16310393999654213,-0.8982679055179915,-0.09818436438711739,-0.5060867736243652,-0.8394728953394353,-0.10567723881935873,-0.4822887444681965,-0.6289519319194761,-0.09145146110191676,-0.37122087279588534,-0.5464989879771169,-0.09897121246630373,-0.27169021767414797,-0.7688932232988669,-0.16970547864795502,-0.5185769623525212,-0.6801266364865903,-0.18730082474581675,-0.495484341705364,-0.5082271045540285,-0.17475879559367632,-0.4092039648159557,-0.4344412167019196,-0.16657818731752627,X
0.0,0.0,0.0,0.07846782404159308,-0.3768503599801687,0.10365920989350666,0.0651117043304696,-0.6901815916601299,0.10304713971294831,-0.029178467117250275,-0.8868863374618096,0.06490956665827982,-0.148100684449221,-0.9991068415250777,0.02330546720513642,0.09592003536315447,-1.0039876340274505,0.020509195715458988,-0.08881137884295538,-1.3874961902234162,-0.013338462778917913,-0.25149911882012554,-1.341914189994466,-0.025219888286308084,-0.3120027200888525,-1.2223657017219296,-0.0348450931777402,0.021450378672808097,-0.9974891745814285,-0.06749242807644203,-0.35203109057901233,-1.0526612181190858,-0.07956409775703147,-0.38780149821889687,-0.8476098231609913,-0.07182964946301548,-0.3030659988617065,-0.7434472485077328,-0.0815329503668725,-0.09626137633069096,-0.9039361358356806,-0.14593862971849952,-0.4511029541333489,-0.8532710476151742,-0.13696112486694612,-0.4303621342941551,-0.6656891139815946,-0.11550168558652603,-0.31855946363576326,-0.6091723543045994,-0.12914036121724182,-0.2280070541916723,-0.7839174107402044,-0.22096121216639852,-0.4898333054618634,-0.6938920847196959,-0.23285443579370654,-0.4741518330798577,-0.5354025424310526,-0.22038303214315813,-0.38755085044870735,-0.4825946205103095,-0.21620016779058995,X
0.0,0.0,0.0,0.10725161132903023,-0.39484302317698783,0.09938718231765928,0.09728881403532677,-0.7531564883383469,0.10486389553791772,-0.01018481050513338,-0.9695333348061678,0.07503693095750674,-0.14775316432845978,-1.0719206147995457,0.04083143704139244,0.12210854222445235,-1.026592370635367,0.0017851215880325076,-0.07980664071164568,-1.4452507765212024,-0.04102376484513138,-0.25122562958805117,-1.387993514610369,-0.04950372566940583,-0.3009748166340206,-1.2493657676960488,-0.053734234805185674,0.02602257316632266,-0.996360478017853,-0.08117033651426264,-0.3453750893208677,-1.0815954146597029,-0.1162540175412291,-0.38561188518597705,-0.8659816702523512,-0.10536411458526339,-0.2969212527568578,-0.7463688627494903,-0.10357336978377234,-0.10874783090704541,-0.8853582469474536,-0.15406960713451992,-0.4553015223831724,-0.8641376664318005,-0.1654184604309857,-0.45172871371548945,-0.6682398070882513,-0.1345192864180958,-0.3415520145289702,-0.6035410925036689,-0.13093586012351152,-0.2531139266847739,-0.7421123335924201,-0.22220997079610413,-0.5126100952291596,-0.6858287946499438,-0.237299395822215,-0.5111214401406964,-0.5280516791423662,-0.21380099256712512,-0.4280976129087403,-0.46350416321039556,-0.1961678712215102,X
0.0,0.0,0.0,-0.19853117050346955,-0.35160190934652663,0.03359364915267259,-0.2542475219879181,-0.6597252697707285,0.00959773457979783,-0.2741456066311235,-0.8967054616909457,-0.04647424474359873,-0.2704777399474196,-1.0865260033958648,-0.08848838603018423,0.07190002272157651,-1.0142250321707413,0.04622270220121711,-0.08790419957048867,-1.331995219606014,-0.028546460205475185,-0.26708306266982706,-1.2574852717792038,-0.0663069647043757,-0.36327212764293915,-1.1590140638702053,-0.08303154419790633,0.10356796121393252,-0.9944384641499592,-0.0191263804484746,-0.29598895324699503,-1.0494482679713681,-0.06769812610948182,-0.342606886841972,-0.7751033902347684,-0.06461827837938092,-0.23372199655071504,-0.6599689820925582,-0.06304410244318161,0.0806173440214052,-0.9146134671619137,-0.09422744086580266,-0.34218691358760034,-0.8900491299982466,-0.12087773292226653,-0.3301701139609463,-0.639192375062455,-0.07190067382754228,-0.207833897673537,-0.5628805652622777,-0.05222551433400803,0.030589994606694825,-0.8308847116192666,-0.17700274056622858,-0.3064409859174772,-0.786012317711618,-0.19608625756789752,-0.2948607780034251,-0.6041539726117379,-0.16681500529875495,-0.19070861406555104,-0.5332171436977257,-0.1433400701093139,X
0.0,0.0,0.0,-0.18912109971757554,-0.33799408713620077,0.08678178325390704,-0.2621465121747665,-0.6271239137491592,0.08240388275566216,-0.3054406286751917,-0.8655746049721742,0.0353018264983922,-0.3110043553933783,-1.0404939803529338,-0.0013112186033092616,-0.030240707710055936,-1.024712453129752,0.07511219649532032,-0.2316253529730596,-1.3184045631543575,0.030324939369722588,-0.395067340823873,-1.210289061589731,0.023532501742949206,-0.46546223135617404,-1.0983989243603713,0.024145593074176457,-0.003537691970547521,-0.9998950554008479,-0.01404859140472009,-0.4170996665413686,-0.9899034648840788,-0.038131681650366345,-0.423032311879327,-0.7111826591748088,-0.014553810900967462,-0.28672158025738437,-0.6200967359892768,-0.005167241143140049,-0.021994165673889014,-0.9097277235352863,-0.10604276970471714,-0.44052382159709425,-0.836092132362809,-0.11586198110558492,-0.40014266482178595,-0.5859872339483315,-0.05210064977525921,-0.26918705931929576,-0.5307118569097378,-0.028215258111384513,-0.06223181165457286,-0.8156053457087414,-0.20056603807946088,-0.390798840090282,-0.7264287998402436,-0.2134561493859283,-0.3541967881740031,-0.5421181575116042,-0.17568840172316186,-0.2407166873259457,-0.48306321723507883,-0.14867662004523238,X
0.0,0.0,0.0,-0.21726349278193366,-0.3589470705776775,0.18385009495891794,-0.2912053450520196,-0.6369793580845973,0.21226914260646532,-0.3416972782242317,-0.8666801781152466,0.1744652441540844,-0.37707261560978667,-1.047114567213335,0.13669782582181314,-0.07648745611597228,-1.0225764107057027,0.1697019936995808,-0.2702025239009014,-1.3049169525233963,0.14963890427242055,-0.43766603766287565,-1.2181848445984949,0.15070712070287487,-0.5191029173187615,-1.1109142184055083,0.1496425235599275,-0.050673012445575163,-0.9982790038411243,0.029517389784042485,-0.46519410864462735,-0.975129734552028,0.025019953496062106,-0.4691329658336614,-0.6882279329921226,0.05638867498130069,-0.3302985524423224,-0.5905669938717949,0.06575622405987748,-0.06790503390586522,-0.9096824458090764,-0.10747887078358342,-0.4819321069350548,-0.8285447605870977,-0.09803024200498345,-0.43621165857516636,-0.5742894685305308,-0.023216988818593694,-0.3026740820250684,-0.5085992853815579,-0.0004948272841612071,-0.10590318660412122,-0.8182538048776828,-0.24035244212384335,-0.43185989621563164,-0.725033827276717,-0.24491783819463425,-0.39122740010372653,-0.5437199321647727,-0.20145320173437545,-0.2738133855533277,-0.4815510668143506,-0.1766316875693875,X
0.0,0.0,0.0,-0.21854879536608027,-0.33220949049000675,0.14657227614894502,-0.30279148424321717,-0.5975387598268592,0.16492828487459923,-0.37541715942173653,-0.8159650410339039,0.12405141150009473,-0.4215499951387663,-0.9735563435477691,0.08840036626249634,-0.07203275668750826,-1.0277552193341362,0.15448403352443096,-0.28382963371975634,-1.3059387097483517,0.11392475470201797,-0.4720841399130069,-1.202680984029701,0.09666351450370761,-0.5642965443213989,-1.0792181876915528,0.08818907372734804,-0.05028915680997682,-0.9980976728870715,0.03566561487979645,-0.48728283648827814,-0.9615191256534871,0.013966264213052217,-0.5006987018559763,-0.6661748558442941,0.030615941200311313,-0.3551050301514083,-0.5676728263187735,0.033198256994360964,-0.07003153067469789,-0.9071662597383717,-0.08456597896464581,-0.5044622189884318,-0.8297330337243111,-0.09052214039495296,-0.46802378017387625,-0.5686882895262739,-0.03313353069613102,-0.3293306498755147,-0.50469990291357,-0.016755115784873095,-0.11470884491535933,-0.8173269820310879,-0.2032318375185791,-0.45210174160232286,-0.7245542246541954,-0.21022341711410839,-0.4190291331490451,-0.5291476921274955,-0.17109190643707664,-0.29593456530272794,-0.45976061175576133,-0.1467921854306747,X
0.0,0.0,0.0,-0.2257603958227637,-0.3386425098144224,0.12108456370779443,-0.2999624823013887,-0.6180656462316227,0.14561877410233431,-0.3568968916468943,-0.8472591214079749,0.1202856923579788,-0.37887647843195915,-1.0187424812995527,0.09921879209117286,-0.05037152782454404,-1.0015743253760114,0.13980622003737508,-0.24776788073665906,-1.27810349078631,0.11589180412997899,-0.4198280574347715,-1.1935500871849956,0.1010164586068878,-0.49658772786689925,-1.086896230454754,0.08818242836751228,-0.017506765630061313,-0.9990531469477684,0.03982866720008177,-0.4381115253658456,-0.9686282447345804,0.02836353261247521,-0.456698040553502,-0.690903981734022,0.033286170378165246,-0.3319911820278827,-0.5664104979080297,0.023496909058577736,-0.03230388717585123,-0.9229338688657602,-0.06039690306824347,-0.45610646992883574,-0.8325707565786975,-0.062421917299004086,-0.42665995662659895,-0.5784488470712504,-0.021069285928550344,-0.30147990291581556,-0.49541221261706864,-0.01688547554455119,-0.07523113655209533,-0.8379710372308942,-0.16003336487505823,-0.4039883582887569,-0.738132064899622,-0.17071958408893226,-0.3751422295804597,-0.5510826221255599,-0.14415588062598467,-0.26362444138910973,-0.47480484588305305,-0.12983839229508898,X
0.0,0.0,0.0,-0.21639085258425006,-0.325033708019585,0.090384777891888,-0.3074256479178181,-0.5783551333640781,0.08739889964944249,-0.37457990695359156,-0.7975508566062394,0.03836039152455769,-0.428092899419134,-0.97587165030591,-0.004919522527050848,-0.03736039281450545,-1.0073100075799344,0.10419049158884534,-0.2605337916094623,-1.2973049525570246,0.051139534906867255,-0.43841340838177406,-1.1934907467369889,0.012901493475245475,-0.5129631682075698,-1.0673028282102337,-0.012323821987728623,-0.014891116175633387,-0.9998229395273855,0.011504097264089016,-0.4476054319542966,-0.9840586499658789,-0.02709157808645077,-0.462013782095866,-0.6938735268281566,-0.033967165578927455,-0.33247309303352346,-0.5536770834064043,-0.04588630282108788,-0.047962014064521774,-0.9179049037502097,-0.08502127630613539,-0.4780730733609749,-0.8385350020711905,-0.10963441995336862,-0.4404991950748486,-0.5753248663676398,-0.0747791277893113,-0.3028289634247881,-0.4821154870475186,-0.0677718826787129,-0.10933044089499841,-0.8263744422410118,-0.18327706437970764,-0.438991659206018,-0.7279691549808253,-0.21130493683448207,-0.40593445287842356,-0.5423071518844712,-0.1924584433568889,-0.2878421250330563,-0.46838973642132636,-0.17842144713717784,X
0.0,0.0,0.0,-0.1714221432111694,-0.3089117819269909,0.08790641960891411,-0.26138575152215676,-0.5763287198663885,0.08479423235268452,-0.34487499013114575,-0.8029144294168736,0.03673114803793292,-0.40002264568683044,-0.9878987167155435,-0.007232386578235007,0.009796165541829457,-1.0178897443231596,0.09997056141871143,-0.19700252569815482,-1.355924096914047,0.05101586857086762,-0.38689944733869847,-1.2577265781203175,0.020041180751369462,-0.4721156855779896,-1.134571276197064,0.0024477186918537555,0.02619698531795259,-0.9995761125491035,0.012700912623622296,-0.40443800807496977,-1.0652500707125399,-0.011806741244621896,-0.4519239017291367,-0.7909160195316625,-0.01222834078182982,-0.34329522521469547,-0.6641522478253165,-0.022156451144227585,-0.017693910749311904,-0.9222269972553316,-0.077857765991113,-0.4565868806846392,-0.9103281297099226,-0.08963473914421305,-0.4311818766091847,-0.6436594783233027,-0.05499561396101071,-0.2930691188369391,-0.5501595584313685,-0.05051176124609792,-0.0847999993469137,-0.8406734373986396,-0.16914765105232862,-0.42476119580773014,-0.802415358505191,-0.18317848365060835,-0.3962165303904922,-0.6028344063682576,-0.15719690355853483,-0.27486110588286594,-0.5170218735343927,-0.1396562140553581,X
0.0,0.0,0.0,-0.12944626460548878,-0.30746980552071496,0.13079701181842085,-0.2127167204103133,-0.5757879152573936,0.14859798446562855,-0.30106896649499526,-0.7886095773156646,0.11508284213633356,-0.37466189359906393,-0.9567916207114497,0.08165625560062233,0.006068650790457218,-1.0052844063630875,0.14700341878139964,-0.20805954881988056,-1.3157886174789912,0.11195254746369769,-0.37621620892825364,-1.2164440846455633,0.09275508298403304,-0.44145314227619575,-1.094664334738125,0.08406884082918202,0.013002418551888838,-0.9989726293932004,0.04341224291645119,-0.40103528962006724,-1.0476375642594664,0.03445004272345226,-0.4454933756725782,-0.7815020964403802,0.04684748791285724,-0.34513158654362425,-0.6603249289341114,0.04954522911250343,-0.0448887999389129,-0.9282298484756978,-0.06071813231859951,-0.4608572018534065,-0.8785147753302124,-0.06000661330895338,-0.43320634076591896,-0.6256490325304533,-0.020508194299987768,-0.2995547110459392,-0.5429639963353097,-0.009906073465564692,-0.12739474962286848,-0.8540715116520251,-0.1616408650318724,-0.4488609319025522,-0.8003703400833108,-0.1704533569616141,-0.42618407234837624,-0.6140976718589612,-0.14350337335154997,-0.3161881426971495,-0.5399081372507599,-0.12308193717887281,X
0.0,0.0,0.0,-0.06381745625227031,-0.3119809166024572,0.16819058631106468,-0.12780524560292572,-0.5719604094104689,0.2014763855062336,-0.22917276050844362,-0.7697885748454886,0.17470135713974755,-0.3313596962571629,-0.9175213523312756,0.13555642773861692,0.010666156929472882,-0.9778768942874125,0.19067375024096508,-0.22054822796021145,-1.266450611086939,0.16262388244303946,-0.36771555887934443,-1.2052509033797756,0.13853100717627362,-0.414927656609943,-1.1096498841686908,0.12416752035498886,0.0037874115254354387,-0.9978595090130352,0.06528442223227064,-0.3847922570493833,-1.1510455726750308,0.04872451235230423,-0.45779481970352626,-0.9351598954974802,0.04407737682097585,-0.41335749899132196,-0.7901316855912756,0.04360687400810453,-0.05918210791965014,-0.9549907358055866,-0.05725318226383367,-0.4638363482690087,-0.9039913112923876,-0.0715699757830238,-0.4559431040155597,-0.6176834060441406,-0.07174923336122167,-0.3394369172054348,-0.4797702893088371,-0.07840187958500534,-0.14755990210235137,-0.8995815483865839,-0.1712600380479342,-0.4616390512998409,-0.8002937921380645,-0.19551218747311536,-0.4454849907460547,-0.5965044767165765,-0.1990035499044173,-0.3465148082717633,-0.5027509360517075,-0.19915814202119791,X
0.0,0.0,0.0,-0.06607941461531054,-0.3198592761514234,0.13462392962607012,-0.14447043787804636,-0.5815463769891108,0.152714829549558,-0.23928235374810075,-0.7800938344490546,0.11859561352329913,-0.3256918655333212,-0.9215877000164575,0.07721528669099682,0.05205879797427143,-0.9921038012417918,0.14496119242799452,-0.19002559793790452,-1.3118441295570178,0.1167415902667254,-0.3700892722942038,-1.2616578717010896,0.0925829970944889,-0.44598124889452906,-1.180261004469585,0.07643410460228679,0.0476485912168293,-0.9979880390262489,0.0418268540006772,-0.38513456616996644,-1.0638990147070866,0.03668028209351901,-0.44329608186253533,-0.8155186319928347,0.03669519022937241,-0.35972325601018296,-0.6895823143183882,0.029022370062038876,-0.01978772549291082,-0.9392975607833077,-0.05869987988616387,-0.4518959004393795,-0.878119372300467,-0.05778122252446625,-0.4332858092849224,-0.6089628380305654,-0.04023116618744305,-0.30381925350040645,-0.5025911552060339,-0.04394136471736383,-0.11193642807456547,-0.8732687370684566,-0.15453254965815116,-0.4446608094725042,-0.7890841251012675,-0.16689822838794457,-0.42430038314236906,-0.5862751033790442,-0.15356091672875882,-0.31720456517990686,-0.49727504984972953,-0.14284844160676727,X
0.0,0.0,0.0,-0.0684576206941177,-0.3005150166673334,0.10770287038638622,-0.14058672297116967,-0.5901564799344607,0.12229343148556968,-0.24949262049168616,-0.8272391604150524,0.09324825865609747,-0.3374852979039814,-0.9773910002372714,0.06725831252451067,0.019567683768008475,-1.0210496270133147,0.09275334185248078,-0.18102489619462206,-1.402045991168094,0.06792829521514863,-0.36776635502706506,-1.307771787991958,0.07156282177208864,-0.44099970522930104,-1.172458666536547,0.08039985522365951,0.03203648824844305,-0.9994259998188724,0.011015185280093947,-0.4004420858540196,-1.0447669363882792,0.013290361665174171,-0.44402639324238175,-0.7700408670518223,0.03950433921802211,-0.32695822220797766,-0.6550533992613492,0.048677287516169405,-0.017067261682311034,-0.9069803091649017,-0.0681794716168592,-0.45415819043260014,-0.8604253827695331,-0.05377716500103321,-0.4323685925905478,-0.6064689665350034,-0.008669256502299593,-0.2948591155823805,-0.5325924601056838,0.000708152790292502,-0.0947751501933691,-0.8150874413393395,-0.1450787124754978,-0.443723125413231,-0.7573457099172363,-0.1435467786382398,-0.42548556300228385,-0.5556544729559534,-0.11167172839339723,-0.31345952912522956,-0.46639860556421814,-0.08875357207954573,X
0.0,0.0,0.0,-0.0856901850398701,-0.251036112651983,0.04135491861018302,-0.17331736389478988,-0.5173193075897407,0.018504102714897327,-0.28154516187040624,-0.7333237724699087,-0.035330779693040985,-0.353573613440138,-0.8882545797686004,-0.07657678427518505,0.02351674720016304,-1.0219675716636207,0.02246369978369709,-0.17870147356480773,-1.3839847210602947,-0.03109499517953394,-0.35613074985643833,-1.2997885872333839,-0.036249241802703155,-0.4263844464356593,-1.1603700308652911,-0.02875436532666461,0.05003751459770907,-0.9981752097811101,-0.03380085370698447,-0.3837744471558109,-1.0045584274576225,-0.05556930538530862,-0.41841323973622463,-0.7211175967557755,-0.031433773951411705,-0.29329435214079685,-0.6072802766301038,-0.01860114807559559,0.01550475121135134,-0.8936564438760206,-0.09345252529865372,-0.4243891384770725,-0.8194526910857608,-0.10949526657439601,-0.3992491229624246,-0.5639987081027358,-0.06318760916048159,-0.26000688652439674,-0.49342061040218427,-0.04461868215928776,-0.050823990257985854,-0.7827293209293901,-0.15557000222305695,-0.40512071438353353,-0.7084332756757368,-0.1812861951480604,-0.3914282167589307,-0.5070211216743834,-0.1544845804834366,-0.2810151306917474,-0.41459098486338386,-0.12724158246957626,X
0.0,0.0,0.0,-0.10195538673986902,-0.26400265481673785,0.06773376866174675,-0.18927471948103383,-0.5503820963521767,0.06171313976689103,-0.30656743667931075,-0.7602283438623562,0.021863219605600948,-0.386943929462393,-0.8999507047913607,-0.00840222063707932,-0.008728775387195974,-1.033064698618613,0.03510606746627416,-0.20472844062879747,-1.4127949241317062,-0.003881109882150908,-0.388802947417381,-1.3149392264924913,-0.0013366129788745032,-0.46521937481436565,-1.1625845660036271,0.010453843475553223,0.010428846367185192,-0.9995684281444337,-0.027462640446902362,-0.4091599271053917,-0.9892486416576817,-0.039557187578397345,-0.4420408607567753,-0.7193422044613833,-0.01429704920891492,-0.31893225569822525,-0.6112085623371132,-0.0024896163221178116,-0.028379553815662734,-0.8859375815816181,-0.08920478085710959,-0.44683239025026356,-0.8004117030479488,-0.09189243397912197,-0.4189864817302743,-0.5616371060879932,-0.047270683523704886,-0.27839946128732185,-0.49794914342637603,-0.0322378048493182,-0.09404269955827223,-0.7725687644454206,-0.1504809919694476,-0.42804300066714845,-0.6925789624345325,-0.16406533804500184,-0.4131298796850618,-0.5014312400707199,-0.1336357611080254,-0.3049769518942414,-0.4145731091955166,-0.10610424090761306,X
0.0,0.0,0.0,-0.04466561023574088,-0.32419042556790983,0.07279653872385518,-0.12736550272034627,-0.6249462990711628,0.056338596341564504,-0.2607813114755526,-0.8349398728515016,0.007160878115755654,-0.377251236620081,-0.9652110359890731,-0.03476758139278097,-0.024543732882884476,-1.04733352512575,-0.015077964981226693,-0.25162384384148934,-1.418306365655478,-0.058732384329137445,-0.4432171304964123,-1.316786427971268,-0.061947671391791324,-0.5344771062793633,-1.1832276056892859,-0.061292458222811146,-0.038139693759249284,-0.9951683579179712,-0.09047266525752012,-0.4587629683189764,-0.9969614549087997,-0.11513254746509348,-0.4686483260318383,-0.7469981963497485,-0.0980341219924193,-0.3454151511818402,-0.6524536687019842,-0.10058617202485476,-0.0992163028557718,-0.8615124626480677,-0.15951907286056008,-0.504867996328613,-0.7832688024323248,-0.15693120061428772,-0.4558689110344241,-0.5641150470648568,-0.11017530569384162,-0.31277133037894966,-0.518410504129376,-0.10586552855890362,-0.17881277034322118,-0.7228765815002406,-0.2290333620388918,-0.48581242720207407,-0.6423892294194276,-0.23792977885414032,-0.4527674133372714,-0.4835962288615408,-0.20706631126246458,-0.3405403801510358,-0.4377201955584191,-0.18933308626778397,X
0.0,0.0,0.0,-0.038943738553174394,-0.34638382274408214,0.08690097805102974,-0.10868779207573723,-0.661323046893505,0.0806621574694704,-0.2338872440177892,-0.8679728456650149,0.037675605971772004,-0.3483834971758461,-0.9923340189183136,0.004691387028168402,-0.0168519411731226,-1.0446498024787159,0.026971456327195314,-0.21808719845834004,-1.4220346059083642,-0.020919697441186734,-0.4017902250244734,-1.329121074003586,-0.022416327615610642,-0.4858786784612332,-1.1956846923110143,-0.01574402066636057,-0.033057180121751274,-0.9978840019610932,-0.05598876201981154,-0.4509940905878582,-1.0231576616673044,-0.09207786106831349,-0.4686376939001942,-0.771878543704694,-0.07425016627116841,-0.34370108908014974,-0.6756318699933251,-0.06571719705003065,-0.0933777469169316,-0.8812458841427598,-0.13492220527077098,-0.4972104009658849,-0.8223224875051663,-0.14592119483877047,-0.4537768840422254,-0.5956017480334022,-0.09642275754340895,-0.30797334630991074,-0.5524888905551123,-0.07922905269621282,-0.16886425716882558,-0.7612860933593126,-0.21236135405099163,-0.47383101157691343,-0.6924853715530431,-0.2254172257243116,-0.43634159234038505,-0.517411399888872,-0.19015239114245222,-0.31593217615945224,-0.4681818269563267,-0.16244902421118082,X
0.0,0.0,0.0,-0.05765332191831842,-0.335166310748679,0.06369098227509634,-0.11870184673595623,-0.6472038254544066,0.052598666284366304,-0.23512150562826245,-0.8375319348715073,0.011594012784234609,-0.3632876851878038,-0.954403975496321,-0.02060622522876083,-0.04028634820892948,-1.0282204872336684,0.0338234716274295,-0.2738997847340828,-1.3445513385714436,-0.01636601633419026,-0.45484004698905356,-1.2726512094492186,-0.02773899454626994,-0.5513750425880467,-1.149292365766074,-0.030679652519183087,-0.0655165743946539,-0.9971121259111744,-0.038405557416710374,-0.5099922536541647,-0.9954353886190054,-0.0779782253039281,-0.5195058707376168,-0.7525933647506986,-0.06706051257509557,-0.41445844512653357,-0.6731017046798318,-0.06316893284482168,-0.12951074776493174,-0.8988633932640884,-0.11072659227684069,-0.555610807794869,-0.8028991883661654,-0.1265493380307404,-0.49908112800309135,-0.5741295512449859,-0.08542736325249942,-0.3758776442964016,-0.5338221438864397,-0.07513876824445091,-0.21063653934841894,-0.7721729141147267,-0.18439105890387655,-0.5248001019528373,-0.6626891251471155,-0.2111540328836672,-0.4740696829828296,-0.48071194351367846,-0.1891256870912609,-0.3629392342584974,-0.4387026448786988,-0.1708514393932336,X
0.0,0.0,0.0,-0.10487264646281153,-0.35643586137366595,0.1563164676833642,-0.1667690472297637,-0.6547654895626591,0.1809051147885889,-0.27287133176233397,-0.8610523614945017,0.15433543707250935,-0.39367581060723683,-0.9937260787086386,0.1281068735090519,-0.061417283566690066,-1.016610363768704,0.12510047816221975,-0.2784632329185857,-1.3287188187334875,0.10706240826071485,-0.4618202604214266,-1.2628852516857085,0.10654743630199141,-0.5634231853583274,-1.1551187484907102,0.10334613518550094,-0.07788476395784606,-0.9969400597413305,0.006669394738882145,-0.5136740745785762,-0.9797361911828786,-0.0012695825321786976,-0.5269456582171588,-0.7154412711553358,0.01108198741713992,-0.41914507847376226,-0.6195955163099607,0.006375204121249569,-0.13677164298249578,-0.9071539798993872,-0.10459167113359273,-0.5598656030033826,-0.8220345741110741,-0.08969187468078717,-0.506859508725362,-0.5848357633342963,-0.047000714992703176,-0.38402075756830406,-0.5362583186517902,-0.04856077471012959,-0.21192795861088476,-0.8024354914645272,-0.21052952353562474,-0.529054638596539,-0.6880007702667345,-0.21624273813395722,-0.48531211220866327,-0.5039213943204943,-0.191419239455239,-0.37653089029349013,-0.4572585588729576,-0.18070046812994897,X
0.0,0.0,0.0,-0.05962963552150193,-0.3664836790902892,0.17301470539692332,-0.11712055639960779,-0.648486899205649,0.2019705807429695,-0.2265666325697154,-0.8548868379479939,0.17618118001264266,-0.35105438059150323,-0.9854528530674361,0.14629113323679155,-0.05460710167971765,-1.0125836419628762,0.13396707796754803,-0.2829662218264007,-1.310340413343728,0.11674711575867139,-0.47457547916849624,-1.2364946364625224,0.11742953862370495,-0.5844592394404776,-1.1277650103605688,0.11672689940292665,-0.07674462650060396,-0.9969910304685523,0.010915469231186496,-0.4932120585575863,-0.9725719580560733,0.012324599355466356,-0.5028720925614164,-0.7036545213226894,0.029417732773313107,-0.39932057834328266,-0.612900136085376,0.027517488724081045,-0.13774352458641725,-0.9066959959926391,-0.10318409134392448,-0.5315947436773574,-0.8130631532860698,-0.08862973804361624,-0.47032292478899,-0.5757651517038512,-0.04987951628026082,-0.3405156822389674,-0.531776295341665,-0.05267669630841796,-0.20968579972845683,-0.8109646955597654,-0.2088317669740416,-0.498010586387999,-0.7005375108556455,-0.22414154725663665,-0.451661866030009,-0.513714475736118,-0.2040360958025929,-0.34267593169609156,-0.4614613489398784,-0.19354954246329864,X
0.0,0.0,0.0,-0.059396784882623024,-0.3510576683322122,0.1181988641615176,-0.11741254456704973,-0.6410756623704972,0.12790090172896496,-0.2301095515256473,-0.8414743903363573,0.09513967987248986,-0.35545260919678723,-0.9638505543979614,0.06220200707210754,-0.05331310359729356,-1.0146877034849409,0.08330454006910137,-0.2825435588533434,-1.3166473181888114,0.04938475260878264,-0.4751022596463369,-1.2526463352806056,0.03840949657870606,-0.5835987646478218,-1.150698552500181,0.031293914229146395,-0.07956483332036182,-0.9967351866335069,-0.013726071009986658,-0.500107994943637,-0.9680686671062478,-0.032362096696305194,-0.5082582145547,-0.704807304378396,-0.02525337173003512,-0.401642186464372,-0.6135609129941831,-0.03086169503950395,-0.14355933042762378,-0.9039721987952576,-0.10563048405818741,-0.5446719332288169,-0.8025998506874621,-0.10958745319791537,-0.48307709239021,-0.572226002773353,-0.07718087854027264,-0.35438911800313344,-0.5287740190277683,-0.07878811856652783,-0.2185306853100739,-0.79904653257592,-0.19355731640654267,-0.5118260806780814,-0.6860791938307601,-0.2190351639642137,-0.46404847306550917,-0.5026492128259484,-0.20173237573441496,-0.354949419140227,-0.45258549550152277,-0.19018755997379677,X
0.0,0.0,0.0,-0.09345662560280511,-0.35868994084593936,0.14972334132185555,-0.153649089224882,-0.6417267944717899,0.16442438858071806,-0.2561670084782514,-0.8432043065312869,0.1285424185868301,-0.37411090712889605,-0.9769029016466617,0.09074007332436101,-0.0705851867236923,-1.0190671319406759,0.1166716660103098,-0.3015514485627052,-1.3118652353038094,0.08784162602425821,-0.4863643391487171,-1.2392667460618532,0.07790801131732149,-0.5889258545926777,-1.1312173922774245,0.07181629971624083,-0.08657908035733328,-0.996244212846574,0.0012374223969603955,-0.5010151657444962,-0.9681392616587576,-0.007635295139510386,-0.509294503081275,-0.7063467332360766,0.006594851576162833,-0.3991815365956003,-0.6201661059471645,0.005046867196164927,-0.14453999194849496,-0.9073472832761288,-0.10852191636105377,-0.5446226806027926,-0.80829736489237,-0.0992168488367657,-0.48166324643660635,-0.5794469058554543,-0.05751768001068353,-0.34922070501770813,-0.5366211235111971,-0.05638775425626225,-0.2156511080761357,-0.8119923882246893,-0.21322656055614228,-0.515735325501698,-0.699541251508933,-0.22437442876192912,-0.46951758944164346,-0.5142801795508585,-0.1980577718273852,-0.3618456963094271,-0.4635390477773039,-0.18338981336102214,X
0.0,0.0,0.0,-0.02398788352048808,-0.35301116358569906,0.09310960495665291,-0.06539943723299546,-0.6307588555617857,0.08956326622576502,-0.15858995528411718,-0.8196821305574876,0.050493956461932825,-0.27375620066872497,-0.9447368687574158,0.010674557469284352,-0.03419172833776647,-1.0128443587109615,0.042909862207827165,-0.2813578294652834,-1.3126763123422802,-0.0005541341547556032,-0.46964635402419547,-1.250958589499981,-0.013831515336036607,-0.5781856663707919,-1.146517729169708,-0.018786639342067698,-0.06106327976552394,-0.9972651425435114,-0.04163545762865105,-0.48367034619681637,-0.9969059092250561,-0.06742381269638932,-0.4972612801312194,-0.7547766278972768,-0.05681832007607525,-0.39530803185060975,-0.6497193609592414,-0.05648386553892584,-0.12829835879149695,-0.9118485414086377,-0.12234133649304306,-0.5288909870148114,-0.8207586615433565,-0.13271764927147217,-0.4645079687593276,-0.5918170646339321,-0.09796263499750214,-0.32949392516878917,-0.5244955717859227,-0.09341956992908805,-0.20674421497518938,-0.8040100262754032,-0.20128605040951647,-0.5047890390476499,-0.7027921946894083,-0.23219452559373435,-0.4572173757696619,-0.5138575896816601,-0.21227011492539474,-0.3532439683570334,-0.44335775869244437,-0.19550351799151863,X
0.0,0.0,0.0,0.01980671383815911,-0.37410252936641303,0.05157697193872598,-0.05343572166750941,-0.7011271956194843,0.02882072504178882,-0.19520937672295377,-0.8892993962395718,-0.016594580424639467,-0.34559247264574033,-0.9654238695024093,-0.06065347179842975,-0.04128754875208012,-1.0337444551589678,-0.024064702344051735,-0.3301825218105787,-1.3351758121043085,-0.08450508725187938,-0.5208754595299012,-1.3053557757858487,-0.09930000054817777,-0.6183934254032193,-1.2407403425805028,-0.10847492601389636,-0.07743848165995534,-0.9923736445540515,-0.095905323901803,-0.5340863057457355,-0.9835623505099823,-0.1405015692991552,-0.5303821346687189,-0.7415279953086038,-0.1278064223104799,-0.42044363871495566,-0.6567940811784241,-0.126441201675715,-0.15284572533936608,-0.8576937753971984,-0.16554963485130125,-0.573392563298718,-0.765724964089303,-0.19432219625657507,-0.5001502827468699,-0.5406867703313993,-0.15571476752084507,-0.3592339871797809,-0.5012751958318081,-0.1478687712138684,-0.23791402981400103,-0.6882205754043978,-0.23554981661860974,-0.5412399554702803,-0.5821968327695951,-0.29010381418241626,-0.484651801628978,-0.40666328555782344,-0.2792651818289495,-0.3691087809446306,-0.36796615147289163,-0.2669954218157681,X
0.0,0.0,0.0,0.14739895280082782,-0.32648746161735326,0.0461755465333288,0.20232165896059895,-0.6026412591250816,0.034260256076661874,0.23964346172023718,-0.7802995958978359,-0.0033259781564306855,0.2159505893600884,-0.9184152779996336,-0.043115106401776335,0.030109062409961012,-0.9833654524504194,0.008171618033870367,-0.2746713689926722,-1.297164407678224,-0.04111108756939742,-0.4974501372673453,-1.3136078735458603,-0.06479578583372707,-0.6352934698042502,-1.276099852974184,-0.07934022097974414,-0.01662968367967418,-0.9984441871591351,-0.053222727747158506,-0.45604718108961806,-1.00031541151948,-0.07398024560846264,-0.44726953746265397,-0.7824783924169785,-0.06331945631290241,-0.3489742007277488,-0.6550759605847912,-0.06389216029194027,-0.10266750961738848,-0.9155364564857807,-0.11491596710088867,-0.4935065059440379,-0.8094263713788709,-0.13037895047576187,-0.41837767551091354,-0.5897184166258107,-0.08986854661656685,-0.28222161108230664,-0.49862990168996757,-0.07477967097661421,-0.19998859517908077,-0.7930420910173863,-0.17915962058677673,-0.48129947124111777,-0.6768179246836301,-0.231410606385928,-0.4258695982237547,-0.4888093420789952,-0.21435295856665015,-0.3224690063411468,-0.40071821214249886,-0.18925576571816122,X
0.0,0.0,0.0,0.11679601692983535,-0.326398081388863,0.05117989791016473,0.1638081028057677,-0.6070313161167511,0.040748395035130544,0.18679081110968138,-0.783090164615674,0.0062150093273423855,0.15324426212015685,-0.9069333821023638,-0.02691816781089951,0.03295503429778099,-1.0035405536243232,-0.00880331451088464,-0.2527725398377698,-1.335461758852683,-0.05383589414880505,-0.4619327818381153,-1.2864528942634386,-0.06094550323078899,-0.5831340833582012,-1.1958872306860373,-0.06333298774019176,-0.015913941086107327,-0.9972766149811298,-0.0720145797105513,-0.46222907835051086,-1.004675548172054,-0.09895455585790193,-0.46601294901451634,-0.7650112248608303,-0.08418359266021283,-0.3587797365961555,-0.6599902126896073,-0.08391817568508925,-0.10283101578183763,-0.9013348729798127,-0.13346678272600798,-0.5094056590313398,-0.8087388063040699,-0.15540105721682965,-0.4336066391925449,-0.5743919393110839,-0.11996306304668763,-0.28345915352452233,-0.5051549191728648,-0.11370993224153944,-0.19430630230002258,-0.7736053431895961,-0.19555284951289553,-0.4920819935460581,-0.6705241541407168,-0.2597720796360463,-0.4375764732921217,-0.4712927126912266,-0.2544071766637147,-0.3271201724096424,-0.3924842123620139,-0.2419371127332205,X
0.0,0.0,0.0,0.023531811393179888,-0.35009154544765814,0.08885808851252154,-0.010297372452395603,-0.6542322501109323,0.08679470667114104,-0.10779410458299282,-0.8618559674774422,0.05201310604335515,-0.2310824075902366,-0.9851913754968136,0.018528442269808057,0.0004841567459889141,-1.0141756413167837,0.029002726439756744,-0.27104243687407964,-1.3332862794157763,-0.011838756461370656,-0.4661291256990244,-1.2805619743979701,-0.011542115911835269,-0.5773019308956144,-1.1850636576249771,-0.008002127749031588,-0.027348007197865558,-0.9981954137715848,-0.05346028832395155,-0.4741187960143967,-1.0029064077145933,-0.07680279891329507,-0.48502350777587633,-0.7476241450549994,-0.05070513476517761,-0.3805441474197217,-0.6591918757392917,-0.03931152064946586,-0.09602612941934288,-0.9029691826439562,-0.1323453238826156,-0.5160164870157254,-0.8023505116342772,-0.14376131719047766,-0.44425121267098433,-0.5618078802904392,-0.09703081085036776,-0.30281023443579674,-0.5087049613467042,-0.0855630623886213,-0.17547907970777235,-0.780779766645571,-0.20974225864693766,-0.48856328190897663,-0.6609383088458286,-0.25907997936710836,-0.43132103466104493,-0.464965493935003,-0.2460349705718517,-0.3187183262720472,-0.4043472560898622,-0.2309796469833959,X
0.0,0.0,0.0,0.02702135292647165,-0.3333916908336537,0.07528916005181863,-0.0041847152700794435,-0.6521808641202237,0.06918707370841543,-0.10714264228383728,-0.8766812855636659,0.034345003688080813,-0.2284795689435758,-1.0080730182484157,0.004278435002081238,-0.014286359521154434,-1.023722290082677,0.0015195625060844132,-0.29674858530989967,-1.3543823515526987,-0.04810771967162913,-0.5053295143840981,-1.2776961656850359,-0.05177935057335846,-0.6198912616192335,-1.1639527363033384,-0.050166068300911935,-0.05046308441786495,-0.995873161584043,-0.07543290493967399,-0.5150888292500224,-0.9833733601258401,-0.11075319337322002,-0.5217562207056715,-0.7258615971488058,-0.08923778401037177,-0.4100848824188903,-0.6441070748616714,-0.07987728212753548,-0.12944884703822723,-0.8858545721545572,-0.14796797796119096,-0.5618723106348655,-0.7677665970604225,-0.1667747642365105,-0.488995133411977,-0.5281376287617977,-0.1193032338144687,-0.345222045936858,-0.49293449844446047,-0.1058644535278321,-0.21864844547252196,-0.7490959594000202,-0.21948642128109683,-0.53667344509433,-0.6259646683063197,-0.26720579147251516,-0.47872360050974183,-0.4303906545609743,-0.24812394321096162,-0.3630911294251591,-0.3800643817991541,-0.22798318073815615,X
0.0,0.0,0.0,0.0322898717615209,-0.29695577186371086,0.03796910904133654,0.07705215208406739,-0.5754618414956815,0.015553151083774721,0.14401691538192266,-0.7670777157788649,-0.02477971618978431,0.17392876621373188,-0.9187628458080896,-0.06051020270622204,0.04436745214087204,-1.00144486889202,-0.06110808488141156,-0.21892602109582843,-1.336723703630846,-0.11241858966384954,-0.42859854246983675,-1.2963822671463152,-0.11984500587762732,-0.54780417869425,-1.212941942525092,-0.12644958270532988,0.015319258794621104,-0.9926021547187063,-0.12044203069429188,-0.4434810733301075,-0.9773289949838222,-0.158719846035824,-0.4576402035606594,-0.7120811642409038,-0.14364320220665572,-0.34765428596570835,-0.6008461860901237,-0.14932193681007078,-0.06411725983871691,-0.8905024424664938,-0.17624596900319303,-0.4933278279832197,-0.793503301888581,-0.20568783572167662,-0.4355879624602019,-0.5524078323663242,-0.16709481572624452,-0.29508829335468956,-0.48451343580308465,-0.1659945156230536,-0.1618755418153349,-0.7611468011216913,-0.2332886212419144,-0.4712795062360192,-0.6595164780809707,-0.30204879827372644,-0.42763652788111495,-0.46014327052285603,-0.30298403061519213,-0.3186222366221588,-0.3918377151393712,-0.3012010281665492,X
0.0,0.0,0.0,-0.17144967943627626,-0.30226585990803734,0.034261859298712255,-0.2354086807527708,-0.5367216941856727,0.005133979769901687,-0.2839625983372848,-0.6767552406396359,-0.049443419512886645,-0.3288372281725864,-0.8115098831018462,-0.09420718285831658,-0.023398501601933314,-1.0203788525129596,-0.020444749118905283,-0.23327511176548163,-1.3785509279271586,-0.08008838581797627,-0.43548070246642884,-1.31497297552105,-0.102806599876497,-0.5532044136511558,-1.1961455318193601,-0.11676563258785343,-0.014520752523386575,-0.9965487226677484,-0.08172998896019448,-0.44324247775329695,-0.9825569905073571,-0.11944501445601725,-0.46622621088958305,-0.7315823406977687,-0.12065131809353874,-0.35052858760975,-0.6567715614452515,-0.1354866444732224,-0.06180059106110066,-0.8879363312575203,-0.14363645247464124,-0.48126701580914005,-0.7757592627141006,-0.16410434582777236,-0.4328147949684193,-0.5426550803962997,-0.1269005000459427,-0.2944759252053394,-0.5046683871604573,-0.12617307462690722,-0.13463285747272954,-0.7712019213330715,-0.20971495428046855,-0.4485961745883686,-0.6549790442363097,-0.2517725215369285,-0.41569682957290116,-0.4699205648230612,-0.23589774054249885,-0.30594335406388484,-0.4219444533410693,-0.22392234362307942,X
0.0,0.0,0.0,-0.21496487155616045,-0.27108330387502233,0.00045856557848580567,-0.27299626424293905,-0.5221725624600333,-0.03489969625320726,-0.3045683696004927,-0.7122790794084036,-0.08491448986465114,-0.35145100261430373,-0.8752799856018734,-0.11954125370579528,-0.054289525025648266,-1.0267886187964446,-0.04521982642374011,-0.255957583467705,-1.3849013523422917,-0.11505651794320051,-0.45562315269680287,-1.327477770163138,-0.1387623711967523,-0.5664271451310785,-1.2245199634161428,-0.1506108202404906,-0.047392427232368486,-0.9950239488486374,-0.08764302059313689,-0.48230685534708634,-0.977934069620734,-0.1402189032912067,-0.4995675786095654,-0.7180102031708402,-0.13916979132568089,-0.3758473847311634,-0.6359926548284293,-0.14858249223624487,-0.09616995057197766,-0.8821475142353227,-0.13429618460618076,-0.5154461261756512,-0.7964172110774169,-0.17018279771591668,-0.4728613340380532,-0.5724718936396792,-0.12685690569435953,-0.3435825944257309,-0.5385515041722614,-0.11724624427818718,-0.1685469489184494,-0.7579951908143375,-0.18767578490360673,-0.47250778179983416,-0.656328023136236,-0.23445507416012473,-0.43731254173466666,-0.478232243375025,-0.21545549721079824,-0.32877100071019205,-0.433672797190358,-0.19843584473749204,X
0.0,0.0,0.0,-0.23289510875171615,-0.2667881966166086,0.0012857469735911488,-0.29802119852403086,-0.5192835261902924,-0.03464281189959746,-0.33954144611493015,-0.7137114091147494,-0.08634971681212816,-0.39377295032593745,-0.8735175991978884,-0.12365376020577709,-0.05022007319284362,-1.0279265241170945,-0.03832669458989725,-0.24887111691977928,-1.37405861306966,-0.10591653786002944,-0.44546591032848476,-1.328231287383718,-0.1315443718166119,-0.5569744248445306,-1.238973166340571,-0.14763323029981248,-0.039873624320546856,-0.9956216862849798,-0.08454319536542959,-0.4693164959104107,-0.9731458688322213,-0.1352014251802026,-0.4814576682419144,-0.7104476719516495,-0.13589605979108063,-0.3547988087215094,-0.6342262406335091,-0.1481485262791371,-0.08477951969077628,-0.877407672900652,-0.13559818798378073,-0.5020779913609609,-0.7859363485371386,-0.17368320973555354,-0.4603889870168837,-0.5588930415812756,-0.13257225490661384,-0.3322930208071209,-0.5279083795297593,-0.1253379964054751,-0.15629531188259815,-0.744625801960844,-0.1934747227924248,-0.463219674063632,-0.64112258217977,-0.24261579020398616,-0.42866797377732063,-0.464773066144114,-0.22568838125858062,-0.3201430878791408,-0.4225908863268152,-0.21187227509758483,X
0.0,0.0,0.0,-0.25038396871671487,-0.29748033163613447,0.003113216568316854,-0.31777066359163114,-0.5625383246797796,-0.03628455979812907,-0.3597337848660326,-0.7641848648134663,-0.09222407634593224,-0.40800926209421196,-0.9196908002859471,-0.13392907128448386,-0.031549294597136956,-1.027739312688249,-0.04656681020763975,-0.23179712828359028,-1.3792629954940974,-0.11593700928620557,-0.42577235659986057,-1.3357656669378528,-0.13854707008787054,-0.5316646982010226,-1.2441952861807424,-0.15154655517949858,-0.019754387597466484,-0.9952484892565869,-0.09534258651374203,-0.4562908901055342,-0.9794556650167904,-0.1482828532510264,-0.47728075889011445,-0.7174671881696333,-0.1435845385311903,-0.3552612474938379,-0.6366927170665124,-0.14986007011350286,-0.06650529683081763,-0.8797619357826301,-0.14850251424154998,-0.48771597560427876,-0.7840392255876876,-0.18667394164123638,-0.44907097232861715,-0.5576628651103608,-0.14074294557123865,-0.3220459168895869,-0.5258269623793133,-0.1293086856100268,-0.14015881350370793,-0.7508435407684003,-0.20845338278575637,-0.44950694350989245,-0.636093979638785,-0.2561228931209471,-0.4144353616347661,-0.4610362652016182,-0.23741305997564865,-0.3040647908919339,-0.42514084559628235,-0.22168075668789575,X
0.0,0.0,0.0,-0.21721389863129947,-0.2758764423145521,0.005245185738625946,-0.27075913760335185,-0.5402975878950637,-0.02783584223392729,-0.2933271469069901,-0.7386495645524277,-0.07617561587295314,-0.3106025823332243,-0.8936596499302311,-0.10901367573546922,-0.02870770206930647,-1.0280194204065438,-0.048494839664693534,-0.21937641492418142,-1.3831122538966831,-0.11794347789548429,-0.4066527676323422,-1.3421867648526056,-0.1354692615093819,-0.5089083138280015,-1.2588073841409586,-0.1444920511300683,-0.019699884320007546,-0.9951108077678563,-0.0967801365021922,-0.4555681259068588,-0.9872041798300732,-0.1509900398541681,-0.47263629051437916,-0.7260734700579345,-0.14293370476380104,-0.34639402591724505,-0.6511729549259191,-0.14604987723825644,-0.06697881127122916,-0.8757246659951845,-0.1492779167610092,-0.4867177575413964,-0.7819968202708484,-0.18952391406990873,-0.4441427960381746,-0.5538418711134732,-0.1409892690963876,-0.3149654434619842,-0.5285400327783562,-0.12721341322632496,-0.13934527647414072,-0.7418338214675014,-0.20826611887919777,-0.4456844247781667,-0.6296308483091054,-0.2611823311497451,-0.4095488246941753,-0.4496912906453337,-0.24431269702520966,-0.29842188397884795,-0.4132660108628988,-0.22879009199650133,X
0.0,0.0,0.0,-0.23205703962111277,-0.3084183809046094,0.036754280228757784,-0.2939845266311548,-0.5900402150226285,0.018903300463914405,-0.33441853960558815,-0.794268960480594,-0.02375136419547721,-0.3762650649306797,-0.958224700115432,-0.052875282281123266,-0.042105777150117644,-1.0281665275871485,-0.0004976906465012011,-0.21533467284820126,-1.3626153786165704,-0.05829364988173175,-0.3956060712690976,-1.3219389634027128,-0.07341310510107568,-0.4972083592377811,-1.2291920687558469,-0.08191315269797035,-0.01999920999184567,-0.9976252718396237,-0.06590787954879912,-0.4355972700018167,-0.9945727331570601,-0.10832729635630363,-0.4508390128716904,-0.7374985164796516,-0.09863700161035609,-0.32595193487006313,-0.6556102436650356,-0.10027712823741382,-0.05122960487535815,-0.8775747381156761,-0.13470562350132734,-0.46685111166317717,-0.7896404060611626,-0.1667220426380376,-0.42202515167770965,-0.5562937936584119,-0.11981628436523982,-0.2885044886557314,-0.5156140798484311,-0.10742963245458832,-0.10858184991141771,-0.7391893590221019,-0.20785490109042887,-0.41866896384932806,-0.635776765840564,-0.25104125821241224,-0.38579497658404743,-0.45502314832696944,-0.23010237179390505,-0.2757556820937001,-0.40814742288036,-0.21375339272944116,X
0.0,0.0,0.0,-0.26540164194536353,-0.27927454680556113,0.006876707896603598,-0.33745831726631154,-0.5595560100552328,-0.02567219954146326,-0.3914768517811627,-0.7591456530266484,-0.07485458652482403,-0.430846780072709,-0.9178500397665873,-0.10863479210222035,-0.042975724676052776,-1.033009729553534,-0.04042070067976707,-0.23095022104389054,-1.3914547873857057,-0.10767689437677845,-0.41293620943054477,-1.357277011495218,-0.12344503392883775,-0.5083851406649453,-1.2721973383256504,-0.13146120658158453,-0.029821324885682687,-0.9954495218879167,-0.09050380077753947,-0.4622279189042061,-0.9984508319571729,-0.14745927616720822,-0.48403989357081756,-0.7482034039910672,-0.14012980950130138,-0.3591058993187416,-0.6748786905864278,-0.1418907450535504,-0.07547639683630435,-0.8737974920657489,-0.14540094559085348,-0.4921335429018795,-0.7928129613454141,-0.18694413442878838,-0.45856614118036215,-0.5740124666396764,-0.13958851247329573,-0.3337404647451345,-0.5519911460630216,-0.12534061908818275,-0.15125260692234943,-0.7365432106336319,-0.20663102614571985,-0.45514679349698806,-0.6265891311991036,-0.25533177734898743,-0.42274098120222486,-0.4540318396100158,-0.23723468791219418,-0.3131062477385083,-0.4220409808155173,-0.22157213253061325,X
0.0,0.0,0.0,-0.24612335820999243,-0.26043324277686414,0.0008134496698055855,-0.32204169966808716,-0.5130129632435974,-0.04454830089839245,-0.37972397088034276,-0.7030086989202247,-0.10763201774241671,-0.43106670148376236,-0.8622734354847177,-0.15619214157546885,-0.044583763831785764,-1.0169968983341076,-0.03345034625466387,-0.24366636300935465,-1.3617049709888955,-0.10320015642045594,-0.4297468470528775,-1.341406298494951,-0.12060721737979335,-0.5427636388226982,-1.2826775239983859,-0.12902913023852,-0.03364492233462618,-0.9956010806592248,-0.08744431022817084,-0.4889486629020424,-1.0135954509438816,-0.13675899712208167,-0.5139421653165872,-0.7515566298534493,-0.11859124068471567,-0.3978890657407553,-0.675849679948706,-0.11085682993779647,-0.07738033848519865,-0.8923426370840908,-0.14939456994892397,-0.5126899293272236,-0.8022251902079996,-0.18448575963064065,-0.46132139821207463,-0.5589144714272418,-0.12196052135887751,-0.3263396429063968,-0.5196123313107045,-0.09692240755764829,-0.14395189307139772,-0.7655504821298068,-0.22076144696934588,-0.46011433709640825,-0.6369720493671659,-0.2762090246020075,-0.4107059734839112,-0.4421536321634876,-0.25466269594931323,-0.28779454159684836,-0.3940449813184435,-0.23273274054275422,X
0.0,0.0,0.0,-0.24897243337957473,-0.27275256410425447,-0.0005721454113608776,-0.3403584312408483,-0.5470373708310318,-0.04197885614680235,-0.40562182552436865,-0.7399799071606761,-0.10061976903671611,-0.4644511927550905,-0.9063869515041385,-0.1437531626319791,-0.02495326528093999,-1.0300036440062978,-0.041850274805621215,-0.21183064443405497,-1.367789567149009,-0.1175565093982265,-0.4054800081178834,-1.3334583660012327,-0.14148614043541527,-0.5216412086146056,-1.2650909872969918,-0.15104807060312894,-0.002282636573217971,-0.9959009415223806,-0.0904218128833445,-0.4431083509825301,-0.9954891377595081,-0.13331178828915385,-0.4623616230908926,-0.7255365861588232,-0.10929743061627095,-0.33517147541639725,-0.6425324579951905,-0.09709601548731901,-0.038583282889832725,-0.8843427959923051,-0.1471575034846631,-0.47250748801158415,-0.8033324271353979,-0.1768271691928825,-0.4193500939432356,-0.5689804735318704,-0.10458789961084808,-0.2751673466610808,-0.5265650475045259,-0.07100519993323903,-0.09837473072898616,-0.7624129081044403,-0.21348728512427856,-0.4265982378731615,-0.6582632532723628,-0.26612949515017054,-0.3858808244641932,-0.4731417345006263,-0.23716254418173427,-0.261443416824439,-0.42320085682946373,-0.2067310279541314,X
0.0,0.0,0.0,-0.2511619641502449,-0.28825832426401365,-0.027736890037739725,-0.32794878953141815,-0.5868020699947495,-0.0730008283088957,-0.3620006346778813,-0.8141260340604459,-0.1296086601009087,-0.37964107125922225,-1.0110588005170118,-0.1655375987114535,-0.00952712520825192,-1.027358078709276,-0.06337792132715638,-0.1676054136279361,-1.3715577694156385,-0.14982226169107438,-0.35587680566203833,-1.340551967878292,-0.17727905150336018,-0.4738017201058388,-1.2540900087934985,-0.18648905097586443,0.026758155544506248,-0.9948557368387478,-0.09770396097849998,-0.4079247214112168,-1.018083539080301,-0.15882596195914417,-0.44577317329610444,-0.7491841145537562,-0.14479381693310173,-0.3315517982804573,-0.6458410941873705,-0.13417117258681965,0.0015307998937742983,-0.8826775264839524,-0.14198655616690772,-0.44009345968647334,-0.8102695405310644,-0.19227988335715504,-0.4124998564320836,-0.5639075116680416,-0.1363715063538938,-0.2862272088974386,-0.5059509457179757,-0.107525271055318,-0.051810436747800545,-0.7531166804932724,-0.19634741937659114,-0.38694501175332496,-0.6568931744824714,-0.2555958899773755,-0.36601988360010423,-0.46980054512503083,-0.23427742879811256,-0.2579176617547599,-0.4104584901733627,-0.2080938402543843,X
0.0,0.0,0.0,-0.2717431369927012,-0.2946340612461978,-0.015732122388132846,-0.3443208725010928,-0.5835299924673326,-0.056080306031810676,-0.376884305778537,-0.7871366238689775,-0.11098306985800467,-0.4035610123933774,-0.9482706458590501,-0.1461276788765239,-0.038132197008969256,-1.0263203388911868,-0.050656617901723974,-0.18947381646730033,-1.3565730230699429,-0.13804368083321045,-0.3644514827305402,-1.3078986656897864,-0.16352933013126514,-0.46208544598523277,-1.2060075469367877,-0.1742724904083162,0.009873252651867193,-0.9952922556347406,-0.09641496126422919,-0.4326886275560197,-0.9659396507221564,-0.17609147325839358,-0.4603684283293768,-0.668563281763117,-0.17260085623361676,-0.3274190969477131,-0.5699653568777304,-0.16741022503745362,0.0024576831995434347,-0.8731065979081808,-0.15109466856758189,-0.44541498913276406,-0.757678298733164,-0.21697462457519026,-0.417860519416625,-0.5029205507587574,-0.16683255226625773,-0.28627717176242146,-0.45954655610494566,-0.1406357316731337,-0.03834016098940286,-0.7272303396021621,-0.21439210058927852,-0.38214295091257877,-0.6095100687748055,-0.2796146591000158,-0.3616867116987662,-0.42327310959747727,-0.2590855478099047,-0.2532236459155714,-0.38435523126680127,-0.23503332790870393,X
0.0,0.0,0.0,-0.2688767479165784,-0.3193176793044285,-0.004258237381586274,-0.3304413421443226,-0.6205666721347975,-0.03316888414531587,-0.35903306515475963,-0.8203576822176738,-0.07878142400762989,-0.38907420055737685,-0.968937713579395,-0.10869849610589445,-0.03426259433597904,-1.035700569659506,-0.025988783302911916,-0.19738204652146057,-1.3456640848273302,-0.10421868116091909,-0.37487238320603045,-1.3165696723697609,-0.13282899403761428,-0.4782249619602703,-1.2247608144446767,-0.1470349363265658,0.00391013120290455,-0.9972933972647794,-0.07342064182538226,-0.42772395909501737,-0.9753780129446604,-0.14604069365795389,-0.4526115987241569,-0.7014830406669003,-0.15023948202270826,-0.3293845618827959,-0.5966479615491272,-0.1520261661228838,-0.011983507742512549,-0.8709861710901984,-0.12859701817218136,-0.44805881772470735,-0.7627148973003705,-0.1895989952399719,-0.4175167622851907,-0.5243240260484181,-0.15153293196168297,-0.29350198400819694,-0.4730456327973941,-0.1332651204835522,-0.06011845524449469,-0.721291411281827,-0.19098136910195765,-0.3913496621167294,-0.6091260194517013,-0.24249040497682423,-0.3703500360625847,-0.4336659925387326,-0.22113119052812324,-0.2705926334898149,-0.3867435333987616,-0.1996291183207533,X
0.0,0.0,0.0,-0.2601101362956141,-0.2987187946093478,-0.013341118048616048,-0.32855021454355354,-0.605854587304437,-0.04469863597322193,-0.35075001158154384,-0.815846259527157,-0.09136594723589953,-0.36586886024466375,-0.9710199652747266,-0.11923251820349552,-0.044362498798738936,-1.0331817342491643,-0.036297194774706866,-0.19387434972491702,-1.3606593729364325,-0.11960723362336573,-0.37369428161792484,-1.314951971138698,-0.14677997793394837,-0.4717297511386704,-1.2114884621359296,-0.15934899108432599,8.13617178643166e-05,-0.9968207487244831,-0.07967677385933647,-0.4337399376648405,-0.9634976804868489,-0.15490220579158392,-0.45676840247128564,-0.6770714993726313,-0.1547983124554427,-0.3214786506540951,-0.5756029017829604,-0.15302377045037455,-0.01006220461792046,-0.8694592934885605,-0.13222903450418577,-0.44715426276534703,-0.7535986136579114,-0.19472939748294577,-0.4131277122533386,-0.5103189322185302,-0.15069680539955682,-0.27864945282564135,-0.46569959953129897,-0.1288611662353482,-0.05104212762292496,-0.7204623497997045,-0.19309612075651444,-0.38349079905922856,-0.6075652196358562,-0.2542205056949619,-0.3581399397119599,-0.4267042295922863,-0.2349051099279394,-0.24892090809944253,-0.38125746859693777,-0.21249624249088858,X
0.0,0.0,0.0,-0.27190619342358785,-0.30145031692847996,-0.011650445835195103,-0.34328079713356274,-0.6177140990850907,-0.0395557769461891,-0.372831178776072,-0.8348847162581226,-0.082026412478364,-0.401748944333365,-0.9964622109317496,-0.10660509491761391,-0.05434222055713906,-1.0361139522695826,-0.0370564615783369,-0.22187419712705603,-1.3662294418095022,-0.11689487897380321,-0.4004594051936366,-1.331357466448859,-0.1404347615860252,-0.4988012308725658,-1.224556996850296,-0.14960327331138892,-0.012672819372464046,-0.996735392243387,-0.07973680140671693,-0.43680059173197416,-0.9684230334773226,-0.15641186628316173,-0.46284079305476417,-0.7014742827206651,-0.15892780766336104,-0.3399271609519199,-0.6064048281320019,-0.15667562637675594,-0.023069127814615568,-0.8662550368778291,-0.1303248876491244,-0.4455859285747547,-0.7376405134986611,-0.19151928139724003,-0.41606738180621117,-0.515118372384109,-0.1493517914117067,-0.2919468361197147,-0.48156477801482145,-0.12734977809567513,-0.06464774065501797,-0.7128185629653515,-0.18884368948456728,-0.38736919525139973,-0.5813541381339016,-0.2445140296928683,-0.3631103864059909,-0.41483271474269146,-0.2244077219005842,-0.25871476490771633,-0.3796353162259543,-0.2011664272782608,X
0.0,0.0,0.0,-0.26214031086071554,-0.29642316088655546,-0.0017252060355557033,-0.3445306838243907,-0.6051862544714397,-0.03096062151180337,-0.386942556127076,-0.8278586658516564,-0.07666920582950353,-0.41493382960174896,-0.9911159610800645,-0.10467731971250399,-0.06302192744576646,-1.0370005501186652,-0.028216193494624744,-0.2325495129492156,-1.3492906090081571,-0.10491908061445408,-0.4018345965727483,-1.3119218776526242,-0.12641595166006322,-0.49549008001365563,-1.2220181677405584,-0.1349122295617155,-0.022068209965467968,-0.9967843976153571,-0.07703154405507875,-0.44573129890461116,-0.9763041258857869,-0.14323638726332147,-0.4649555007117251,-0.7102051963742121,-0.13669075631212532,-0.3402629201843935,-0.62477268223474,-0.13108014973902943,-0.03280017556892821,-0.8670812791713953,-0.13389075775420053,-0.456006911896273,-0.7550540329390361,-0.18741219129586606,-0.4182904148818376,-0.5266081008755631,-0.1403514681396704,-0.29135550030487817,-0.49343743632342907,-0.11774031218278382,-0.06881260289163924,-0.7124629786917458,-0.19794551866963359,-0.39211000174156335,-0.597604567919117,-0.24995626654186928,-0.36475453226982707,-0.4281609599185278,-0.22853412200147888,-0.25768519206460516,-0.39168670123784244,-0.20625379025271728,X
0.0,0.0,0.0,-0.2753360566135375,-0.29477253616955,-0.00257577708272438,-0.3503629855420504,-0.6073202101353729,-0.02883719632015497,-0.3916933877028022,-0.8203027317832347,-0.07189806805083603,-0.4307749470040225,-0.9918279444827618,-0.09679644630793005,-0.0694606789607421,-1.042105047736581,-0.022109946827133707,-0.23364585778978214,-1.3401462296967042,-0.10205914342733759,-0.4024689111261756,-1.3056462328587415,-0.12463679340754304,-0.5009425740983172,-1.2165162754391736,-0.13167113657338855,-0.017436901641267263,-0.997310135761123,-0.07119303034204277,-0.4316551979550268,-0.9566592080064327,-0.14723882404658162,-0.45721613539895933,-0.6915006208939968,-0.14414177533706798,-0.3443473308928036,-0.6040340976041432,-0.13593866159525844,-0.016704390204982964,-0.8638862525160745,-0.12949138740931876,-0.43256456014045874,-0.7314254052949338,-0.18938791144615374,-0.3948499552408291,-0.5092504655409141,-0.1446714860878907,-0.27289080389422726,-0.4768684019801664,-0.11941846817748569,-0.04794547532138428,-0.7062716612425572,-0.19491158623357427,-0.3607563330409541,-0.5805400578045697,-0.24766007408823287,-0.3353394962074382,-0.4133702496658408,-0.2249347528227631,-0.23376876178263115,-0.37367871903075484,-0.19921142927428917,X
0.0,0.0,0.0,-0.23770112509015842,-0.287815270524431,-0.009092829417378696,-0.321519240061654,-0.6079970632193474,-0.03691744695890894,-0.3766906083514032,-0.8334882481139696,-0.07980608882152809,-0.41386607861383573,-1.018102033450851,-0.10415003620240458,-0.02949652138447863,-1.0378463960977502,-0.03471364723210242,-0.20017409406387518,-1.3387381181059983,-0.11442680829971758,-0.38323674004946895,-1.3190137284009698,-0.13530025475831964,-0.4960842314872491,-1.2528902529169104,-0.13789321188478088,0.023314156136962246,-0.9969538318989594,-0.07442786565260917,-0.40066766273035537,-0.9515790066620575,-0.13771332826537633,-0.42148982449967526,-0.6913275055268375,-0.11884421506882664,-0.3095446292043609,-0.5940339425707315,-0.09656299406477678,0.018847799478488775,-0.8746637623225929,-0.12367910024500842,-0.4129206926986307,-0.7418738432310308,-0.1747260675969089,-0.36035505358439773,-0.5199605889509373,-0.11234555378294972,-0.23005999534750565,-0.46694814772967475,-0.0704408307029898,-0.01612315732498417,-0.7342158844355056,-0.18216190832303245,-0.33716840988650704,-0.6056905583025952,-0.24537833829961805,-0.3005455243491591,-0.42992534101829893,-0.22176750075528734,-0.1863090812454659,-0.3682862533207905,-0.18581124682811462,X
0.0,0.0,0.0,-0.13003392163280558,-0.2881465956417485,-0.029710833277871763,-0.20686173855351472,-0.6349082250904057,-0.06560506525680171,-0.2622660478175737,-0.8643115794440115,-0.11796713933944404,-0.29748537499040223,-1.039253972552506,-0.14779376279690273,0.0785909982841508,-1.030925742215892,-0.03589710821779207,-0.06003282459133061,-1.3437127645620903,-0.14301311840583522,-0.2452346318826107,-1.3037000168317352,-0.18556603551822298,-0.3679922627466428,-1.2238405528749072,-0.1936096001955526,0.14843873440005015,-0.9864133436324485,-0.0703893289750984,-0.25906846313370835,-0.9469963946509026,-0.14768999310697645,-0.32333166532508184,-0.74043218004725,-0.14116492684757098,-0.2578015930153364,-0.6645630096955919,-0.11745916646952564,0.1632848979297639,-0.8443249153673106,-0.1190490659426099,-0.26523612522873685,-0.7164592581792101,-0.18203730292391568,-0.2558613051240115,-0.5256106903454992,-0.12178257896398521,-0.15305664398399865,-0.4755801141254014,-0.06783850692167472,0.1492299416231851,-0.6857743086296432,-0.179379097719345,-0.18411720578824953,-0.5659622587253819,-0.23555458765360454,-0.1903984338073579,-0.4102611242646275,-0.19746861253104755,-0.10546388703005821,-0.3464597881165573,-0.14159394324341318,X
0.0,0.0,0.0,-0.1360641946870552,-0.3008119773004272,-0.03346617110067426,-0.2030901164461672,-0.6346387594653203,-0.06926498159542405,-0.2483736008887741,-0.8505768997223643,-0.11902560658427085,-0.27879205773175086,-1.0400200444645824,-0.151538824126454,0.072918464890816,-1.0286706295307069,-0.023552905075285423,-0.08507166644248328,-1.2982153260095168,-0.12244237433977428,-0.25665805592257757,-1.3171020782700589,-0.17865360677269077,-0.3786994402683532,-1.2986046572446222,-0.20335736688049683,0.13749962098551022,-0.9887513367014176,-0.05886126400274789,-0.2541843509622425,-0.9587069505002007,-0.1332381042397861,-0.31857605237369707,-0.766044937190878,-0.137936389626712,-0.26784984009348267,-0.689494823293443,-0.12333921335601374,0.14620839495623544,-0.8544877059243264,-0.10863501519555073,-0.26732753698099543,-0.7230623594046887,-0.1709553004282595,-0.24508838596157617,-0.5209573887008878,-0.1226267460357487,-0.14151036546340529,-0.4526009106963713,-0.07789958117303661,0.1262224147128301,-0.6989197285226222,-0.17063533975619688,-0.19439865022155325,-0.5613261246146797,-0.23499739234719608,-0.19025493386627637,-0.39428478648436743,-0.2082664857392057,-0.10329234963493629,-0.3184595507708405,-0.16183732853536026,X
0.0,0.0,0.0,-0.1829605202850545,-0.3030070801539761,-0.020327757857857325,-0.2630387371628804,-0.6305559969535046,-0.05681506712668692,-0.318865224119326,-0.8653168250407633,-0.11182880704417437,-0.3672586746252118,-1.0595656761478875,-0.14839602803689217,0.024983861025408814,-1.029370551806387,-0.03586918043765213,-0.11483601911005069,-1.3540941795527306,-0.13537978065085027,-0.30072677988461893,-1.3094380659520506,-0.17639968148737412,-0.4277925315558573,-1.2130202110408292,-0.18690698440348544,0.08463493367147809,-0.9934103240390114,-0.07728425515673187,-0.31441409099957085,-0.982296129507167,-0.1562452687366195,-0.4001481245236178,-0.8025809749795705,-0.1639546833241554,-0.34724546536135087,-0.7558127363026867,-0.15475777179792938,0.09537213397334277,-0.8694648454063709,-0.12926280314837676,-0.3234581590936734,-0.7409838750984409,-0.18741514534896295,-0.3260906156885435,-0.5549355065300742,-0.14404501425205132,-0.23344622554357058,-0.5165653697918511,-0.10929261990902633,0.07034184864649419,-0.7316786025690002,-0.19139550985941972,-0.23989577129689793,-0.6015744074644255,-0.24462356815011485,-0.234275721233109,-0.4364176971011708,-0.21700862790453826,-0.14326160081768408,-0.3694064759641951,-0.17535277510405523,X
0.0,0.0,0.0,-0.21462342307916668,-0.30676969552904876,-0.008215030140242498,-0.30050231349062956,-0.6474284605951044,-0.04000013972590882,-0.35652293135707774,-0.8928810651415588,-0.09262165104880694,-0.4043873451934477,-1.1027910584055545,-0.12541360750842176,-0.005815494581418351,-1.034021114393448,-0.018018527256786893,-0.13772724081285936,-1.3508035582687339,-0.10781580548790713,-0.32178308275895634,-1.3104433927688708,-0.1394646887502288,-0.43990986073303334,-1.2113221191576233,-0.14732451391763177,0.05708258006616502,-0.9961915008689461,-0.06590957934523854,-0.3420133604064631,-0.9771675902283522,-0.14140998555911097,-0.4117231805343702,-0.7619950020696032,-0.14006008070736092,-0.33475168369189606,-0.6940587646290904,-0.12609977487044677,0.07043575660940157,-0.8723117385224771,-0.12468739315437653,-0.3458304845217979,-0.749120566586676,-0.18091422579821886,-0.3366440624522053,-0.5499313853879453,-0.1321145151856854,-0.23503829701961587,-0.5086968772346605,-0.09710787559409709,0.046688635039848485,-0.7312440695126186,-0.19288657583225316,-0.26356616025104407,-0.595479542560125,-0.24774808725522748,-0.24983694434227105,-0.42596092544089764,-0.22331075249930984,-0.15328552499996909,-0.36474644723386,-0.18696784604076438,X
0.0,0.0,0.0,-0.1912813688278625,-0.28643347240578243,-0.017705311883107814,-0.2823395915672816,-0.6135982049177392,-0.053539987428594525,-0.33365769580842897,-0.8531865252591597,-0.10877964291402965,-0.37391650577383817,-1.0539916357902999,-0.14357614019235074,0.010960628189815884,-1.03491583405209,-0.029329267306967145,-0.12556366178539233,-1.3666672401423179,-0.1278125862911202,-0.30650408996581213,-1.3127370386509762,-0.16251387886187385,-0.4218795150187587,-1.2080250785354218,-0.16824228080929335,0.07538088964465356,-0.9944543150164209,-0.0733371448967151,-0.3267813596549398,-1.0222604074817447,-0.14834894407076757,-0.41209795103646324,-0.8271225478804207,-0.1437463190271977,-0.3444864107571207,-0.775471165552493,-0.1245336080130861,0.08799025411857378,-0.8629708673056364,-0.12946984719958723,-0.3294748273011535,-0.7720731449839167,-0.18768450697264,-0.3263793468834162,-0.5741289028696558,-0.13543772276018196,-0.22218168710129346,-0.5282057096535853,-0.09390876616847005,0.06081182492827256,-0.7172864931899777,-0.1958201799462426,-0.26366893912467104,-0.6157808672144913,-0.25188438280367703,-0.2599551153891644,-0.44970586046811384,-0.22270971286543384,-0.16616417364509928,-0.38012789882329134,-0.17933232422284454,X
0.0,0.0,0.0,-0.22266990192717936,-0.27948992821174656,-0.013602410135388914,-0.3112989879364115,-0.6113220962443131,-0.04553920207957793,-0.35299026385428245,-0.8494390053412837,-0.09660814072233363,-0.3814572161979232,-1.0316570521057158,-0.12449586111824672,-0.02950720004638269,-1.043888889328142,-0.015088534135286186,-0.18410110423353374,-1.360075059782325,-0.10650685193277333,-0.36610993253716495,-1.3059319521976502,-0.13368413364872145,-0.48112666266918536,-1.1992104463724125,-0.13573437867657967,0.03856961959069807,-0.9974736231183619,-0.059655306786210976,-0.3638258806283529,-0.9771694783341615,-0.1272799232311179,-0.40385062328950044,-0.7367598417483806,-0.11109974964481358,-0.3024703524425762,-0.6694689383372499,-0.08634031782867738,0.0531288866219278,-0.8640404630878735,-0.1175535364360126,-0.3607360043205421,-0.7478749948421853,-0.1620851629996121,-0.33567535864991277,-0.5431386126342008,-0.09661779801270015,-0.22566133323248327,-0.5168063095796122,-0.0529575649685075,0.02714872079337482,-0.7125124175502222,-0.1871093369885381,-0.2853544376467988,-0.59196715123382,-0.23117137495425666,-0.2659669820417858,-0.4304052038358347,-0.19733339386415036,-0.16932494770234685,-0.38455704659225837,-0.15609930959695223,X
0.0,0.0,0.0,-0.2178552625574474,-0.31677678414233457,-0.012413108930002964,-0.30369764054872306,-0.6639543471230182,-0.045703685556695045,-0.3412812491170418,-0.9130529373310272,-0.09981581570484728,-0.3637440947459321,-1.0999314322141287,-0.13181845957895905,-0.027314039477895402,-1.05222474570887,-0.02224783436569929,-0.17454501822228227,-1.3666213631586566,-0.11900150594172393,-0.36018103445697425,-1.292721069819967,-0.150096466363447,-0.47794131837982146,-1.181862945766765,-0.15561570031467917,0.03951504499746648,-0.9967437826754368,-0.07028792866993461,-0.3624838214666087,-0.9857039217589363,-0.14929103463490845,-0.407860130297129,-0.7480359553725479,-0.14260007366752434,-0.30520937532954734,-0.6865725812208489,-0.12469749539977414,0.0572253760942381,-0.859211596754128,-0.13085856056818151,-0.3617331217089115,-0.7548318866879494,-0.1866496152664614,-0.33385468686667524,-0.5413142900954557,-0.13105650336913063,-0.2129638061092027,-0.5065079920278095,-0.09266768775195663,0.03578302558669962,-0.7036266678987643,-0.2018925140817081,-0.2840442795511476,-0.6038031023215382,-0.2491482909306389,-0.2681717383915424,-0.43801627789634817,-0.21599242241229138,-0.16794518733442707,-0.382731595034208,-0.17616171369383343,X
0.0,0.0,0.0,-0.21788015059099192,-0.29179718748954836,-0.01513837163071463,-0.3047704496283331,-0.6330005072836042,-0.04521818912141655,-0.3384453993641762,-0.880394417927713,-0.09502854294563005,-0.35624516089995345,-1.0742298798455727,-0.12184371094797865,-0.029053829358731086,-1.0471416626546084,-0.010728962437022874,-0.17995250566851545,-1.3678863852306724,-0.1044825403760674,-0.36231678215869634,-1.3088703264198778,-0.1322620400556393,-0.4811080257435073,-1.1961876760145802,-0.1334046572670534,0.03823432700526823,-0.9978000463518455,-0.05415905961802821,-0.36363261281892045,-0.9788606253583158,-0.126607542939265,-0.40996896654184867,-0.7288065850147655,-0.11160125264593344,-0.30936097574100746,-0.6545248201178074,-0.08463905193617044,0.0534077881491089,-0.8635209878668421,-0.1118861559566463,-0.36447353915684677,-0.7400931881279974,-0.16361677068862507,-0.3349790969323326,-0.5261242970353228,-0.10220840908319564,-0.21658040271630297,-0.4947323634070616,-0.057932049909526225,0.029551656271906642,-0.7108245519095894,-0.18070474187349236,-0.2909292716494595,-0.5882805659367648,-0.22843328482676117,-0.273217780574522,-0.420259268820116,-0.1944182858496309,-0.1760850578963113,-0.37200148437474195,-0.1514512410351498,X
0.0,0.0,0.0,-0.18484980237779852,-0.2996524614271875,-0.030279504560292443,-0.278091837591182,-0.6485221556443993,-0.0671345252445371,-0.31457081694345496,-0.881009182762241,-0.1200327015668541,-0.328031518910769,-1.0576513517832922,-0.1504557619593064,-0.007758101841958622,-1.0453424171123624,-0.033755142719761266,-0.16325126841005022,-1.3603779475901905,-0.13167933186272773,-0.34165383302738456,-1.3092887448351043,-0.1696179860387509,-0.4608008853731737,-1.2118485667861674,-0.1791328227237498,0.06457622621197508,-0.995384409567952,-0.07099146566510127,-0.3236010642252466,-0.969367638397897,-0.14783941263313766,-0.37075668655705984,-0.7357276761360105,-0.14205752238922903,-0.2888221117286617,-0.6521457174310742,-0.12195826900194201,0.0838960198911277,-0.8554153521140937,-0.12203235995254595,-0.32503823552292666,-0.7308908104646958,-0.17747556828862102,-0.2969403598221767,-0.529016304563585,-0.12097057307252858,-0.18348270193973776,-0.48419323334717757,-0.0768917408509229,0.06761029443349326,-0.6964265479953502,-0.18482235193875313,-0.250149734801432,-0.5909054031435931,-0.23499215539394583,-0.24110412583118537,-0.43536210896054295,-0.20043823815806158,-0.15355759382275996,-0.37945095305042015,-0.15419935378099273,X
0.0,0.0,0.0,-0.16891055331839946,-0.2885802240941373,-0.02341940318455196,-0.24814141366368958,-0.6358571517248961,-0.05349605768714295,-0.2681183619303504,-0.8729529701107265,-0.09949797754251655,-0.26755301249809876,-1.0543155459845257,-0.12066892673192087,0.020313998820338446,-1.0333433738855697,-0.034080308215418624,-0.12819831516128752,-1.3623552408872228,-0.13157978806404794,-0.31108005194491556,-1.318010484410599,-0.15773256388689266,-0.43173406253664454,-1.235336912371588,-0.15543907821957495,0.09422797295710274,-0.99310171457972,-0.06978591269888078,-0.2925959836706663,-0.9523664695588758,-0.13921106521510976,-0.3319844422837988,-0.6902103363647412,-0.11346459281797522,-0.23225605913593675,-0.5906628225609897,-0.07768481055571282,0.11165921175178872,-0.8592322075084299,-0.11984942888237299,-0.3008410242167471,-0.736487226955188,-0.1797072711339742,-0.27740260481363,-0.514750613821141,-0.11008372313152709,-0.1555370173825851,-0.46278359490208115,-0.05359738190599843,0.10046902718416606,-0.708794926935913,-0.18067347092279176,-0.22119418207759017,-0.596011564426991,-0.24001208807952765,-0.2119149830067442,-0.42036760999765777,-0.20231388180324822,-0.1178455804335192,-0.3539883837332094,-0.1497299471063984,X
0.0,0.0,0.0,-0.11004401134439179,-0.255042704000993,-0.07291802731669883,-0.18324856714122253,-0.6483223197213047,-0.12230156027148033,-0.21096333700657058,-0.918802428959129,-0.17650937084428617,-0.18883474728353555,-1.0897230436405805,-0.1975763239630972,0.12688843782812453,-1.043420832239999,-0.09069127375254246,-0.03374340477057183,-1.386081471212883,-0.2116279553140553,-0.20888366748849482,-1.3362864343289818,-0.24457408265081979,-0.30787546464748955,-1.2547947234740997,-0.2424982119391022,0.21799278042414633,-0.9701934364148779,-0.10584821028454071,-0.17831700863618538,-0.9479923626351203,-0.1949224094155664,-0.20962728973187666,-0.68184487463155,-0.17682048364699307,-0.11087210394033445,-0.5792920150452117,-0.142244007720593,0.24802043348486374,-0.8006286888673804,-0.13868135262598744,-0.18908976280601528,-0.7072890436679501,-0.21986525398803922,-0.1702171040580008,-0.4767774738534428,-0.16018910885277093,-0.04323258710260596,-0.4223298665786605,-0.10328260028853473,0.25174543446237285,-0.6118620841475866,-0.18561146424644973,-0.10502958695159104,-0.5284131150006304,-0.25496171807916984,-0.11293638947241309,-0.36644918909909213,-0.226150768426316,-0.0234565202934605,-0.31029537508286337,-0.1757101114245528,X
0.0,0.0,0.0,-0.1357883351398051,-0.2628012448499394,-0.06163518786422102,-0.22311215620886135,-0.6452175797310329,-0.10664204795392104,-0.258671536079121,-0.9076481839044858,-0.15857415286031304,-0.2509724679963364,-1.0824336963287704,-0.18045080965894333,0.07472807217918148,-1.0342204206840169,-0.07786031718202499,-0.07222099062254254,-1.3678703531091225,-0.1851662271529552,-0.23830001276024249,-1.3225880095824762,-0.21391018187785674,-0.33711351194854344,-1.2391408303398588,-0.21406142320471364,0.170611736360406,-0.9806091759171324,-0.09642240156317372,-0.21856042539495915,-0.943800003731241,-0.18074504112344822,-0.24476089961913536,-0.6884380859276041,-0.16926765979033756,-0.14637966217687,-0.5851052207008021,-0.14312769809643996,0.20271503363260335,-0.8245061843801987,-0.13019840459679902,-0.22062189702135748,-0.7093843125746511,-0.20689916240658382,-0.19607111208344752,-0.49292576906238206,-0.15565406614187255,-0.06840578701381442,-0.44263694219967153,-0.10878438580586262,0.20699778939218305,-0.6480773824839927,-0.17653194048606838,-0.1411096893416362,-0.5432608574402139,-0.2462249473011921,-0.14642409517360716,-0.39017565264463905,-0.2247857292412728,-0.054404090338293305,-0.3454983658513394,-0.1837701533665838,X
0.0,0.0,0.0,-0.1480958949178829,-0.2515056977326475,-0.05681619271982953,-0.23857759879499554,-0.6018341249157603,-0.0923225675222639,-0.2683572637856461,-0.8431914113004807,-0.13593253550627543,-0.2562058999923048,-0.9975070757853836,-0.1505598987042576,0.05085679156568492,-1.0365629533218959,-0.056427239652109676,-0.09051881871975374,-1.385891777868108,-0.1514211236465998,-0.2544251012925068,-1.3661694322678448,-0.1742992903395192,-0.3559251848603187,-1.2958135194679736,-0.17085555040898293,0.1359934227922515,-0.9880570658513852,-0.07245014546844873,-0.2459784411670219,-0.9596618915532931,-0.1376760074697995,-0.26344115306639404,-0.7080576967382519,-0.12010938962424737,-0.1547658603886695,-0.5951222268102591,-0.09219618969870358,0.1646296651307672,-0.8402236513831419,-0.10423252313013938,-0.24603393499424006,-0.7377595633087509,-0.16770516048470596,-0.21686452366624573,-0.5278378348940524,-0.11494308828606202,-0.08587339654034072,-0.47770585338032945,-0.06769751626310161,0.16367288731229857,-0.6688369436507763,-0.14878503302617985,-0.16980486600153297,-0.5656737404154827,-0.21020100847554882,-0.15684732500120896,-0.4086963350282865,-0.1856481460314153,-0.05491444311211851,-0.3527121636390849,-0.14214497801451684,X
0.0,0.0,0.0,-0.11498812686724136,-0.20560672769934227,-0.08637600644550764,-0.2006906941808377,-0.5259026414698429,-0.14948882371315841,-0.21925020123255617,-0.747130887495461,-0.21573311120199654,-0.16099256215342445,-0.8547368079303668,-0.24655526368212716,0.11420229910434689,-1.0176547544875076,-0.08891597815202536,-0.07895317209194899,-1.3583156997026766,-0.20065426528023528,-0.23917887840726001,-1.3136203272263876,-0.23432502123739485,-0.31672715287301445,-1.235060955554427,-0.23824101711799436,0.20636826430620864,-0.9734157720522135,-0.09936736993216516,-0.2083666994857176,-0.9546114030554235,-0.1829902508089542,-0.2195824758777873,-0.7003650929101198,-0.1779018077076553,-0.11542625421428834,-0.5924953386053614,-0.15897333439683298,0.23619124352351184,-0.8252260675872641,-0.1272345232285945,-0.1990763074973643,-0.7412820381239358,-0.20779362664268047,-0.17342520134710623,-0.5107671235718372,-0.16257828823026244,-0.048346138188833654,-0.44716347978173265,-0.11858247223508002,0.23173142273829417,-0.6499183903018343,-0.17004714272326582,-0.11183754619962585,-0.5649489903617868,-0.2438354299282034,-0.11459361721642002,-0.39166705364293386,-0.2265204013536545,-0.025217766111333396,-0.321867923911706,-0.18633041774359924,X
0.0,0.0,0.0,-0.10668319140018888,-0.20180360873879105,-0.08791832990340367,-0.18335185855866232,-0.5442222731471772,-0.14539098406596015,-0.230986257280872,-0.8029587672393869,-0.2031383047563984,-0.22110337051658646,-0.9412698972943079,-0.22652476771989835,0.1265317491012726,-1.0215558118551136,-0.08480031425115833,-0.09607401383426166,-1.345284195416809,-0.1881851285872326,-0.24469738585327955,-1.2673286903902736,-0.2233445926860014,-0.2973877577556209,-1.17557874644823,-0.23189214619303047,0.2045100548532883,-0.9744105763895519,-0.09327200053652954,-0.20669243506213342,-0.9635818102982309,-0.173323747261899,-0.208677501300477,-0.7120671829165739,-0.17567935817495725,-0.0937204527941192,-0.6178435356501267,-0.16472884936383683,0.22563334849891,-0.8392506819861876,-0.11854801881476307,-0.20073179925102666,-0.7552708745073968,-0.19114429005039332,-0.17084145126808017,-0.5157353975126338,-0.15900267735912219,-0.03898590815738183,-0.45623164266622696,-0.12813611850711928,0.21719971092418383,-0.6771890885397402,-0.15919436788146443,-0.12019946146483891,-0.5803745772979608,-0.22542472041057773,-0.11734586297589653,-0.4036656224128506,-0.21764090351203666,-0.02254781281754488,-0.344565265017247,-0.18892132893494837,X
0.0,0.0,0.0,-0.13106942546317318,-0.22209117187986852,-0.09010639600406485,-0.2260214482234068,-0.5377146250848248,-0.15206803212505834,-0.24896992801520587,-0.7532683159823228,-0.21484797497473987,-0.20394570478960647,-0.8747532170157423,-0.24403774714399792,0.06359022903812507,-1.0183030263468007,-0.08666561598275471,-0.10526876537589319,-1.3555430840907188,-0.19574732291225108,-0.2555773294856178,-1.3305667408467163,-0.23499445046293033,-0.3279494363825418,-1.2743032647407173,-0.24541598916115073,0.16148805444223407,-0.9823048101416363,-0.09486236474527616,-0.22480198750824393,-0.9611832358860476,-0.17275911076079775,-0.23983472313814438,-0.7189351554669582,-0.1666860486859069,-0.13493536818575327,-0.6188396597111167,-0.1479269044550671,0.19891566212568804,-0.851567380022408,-0.12190585939125467,-0.2084493968546853,-0.7530660036743095,-0.19487661814228266,-0.18677810873790898,-0.5310240978041748,-0.14800868645447268,-0.06301258084152148,-0.47723154063997814,-0.10502058000744957,0.205197840212256,-0.6871154079430287,-0.16512518595097161,-0.12220543758815124,-0.5821403763365105,-0.23086971305262072,-0.11612370952056882,-0.4082694542518436,-0.20984804637089496,-0.026718937876956988,-0.34359181772052244,-0.16962959753681117,X
0.0,0.0,0.0,-0.09405853837852254,-0.2550795519574167,-0.11819694021972657,-0.17681023575823984,-0.6292518606210326,-0.20912462341434332,-0.2443976536664222,-0.9032505917564851,-0.29068120040131135,-0.25942074813218385,-1.083002214168703,-0.3358916688043696,0.19211317560683408,-1.0508141690766934,-0.1653741550791538,-0.10182604412255766,-1.2615029801542554,-0.3081157036933271,-0.21242886286811014,-1.1957977700534383,-0.3659781789694881,-0.21980466275706317,-1.1588210868976636,-0.3891366224379648,0.2858433180503324,-0.9423621397932304,-0.1739172073438981,-0.1930944793677314,-0.9065011483268195,-0.28139704823263784,-0.19904308722445915,-0.647222362009244,-0.27705313322694797,-0.07861713235507775,-0.5419861271007459,-0.25951128466403656,0.3130881401203985,-0.7560925086481813,-0.1997032309722621,-0.17738818153152905,-0.6932170189313015,-0.29534936026981307,-0.15914366082674808,-0.44762249705225116,-0.23657059042213932,-0.030857954164167457,-0.36954447002870927,-0.18373399548302793,0.29935008167004495,-0.5391486386284581,-0.2448594562708843,-0.08767239294544378,-0.4857038023714899,-0.3267117789465277,-0.09263639560372519,-0.3294826905844694,-0.30307749151602076,0.007168003525572833,-0.271965434009667,-0.2588903473767816,X
0.0,0.0,0.0,-0.0997522790180515,-0.24722697033910046,-0.11225712591184693,-0.17471153376171986,-0.6061867893144351,-0.19776014497797634,-0.20909332456960425,-0.8787199875241776,-0.276654688006147,-0.19097408465267943,-1.0685955207786868,-0.3215439706330949,0.16162136844721767,-1.0318160484693641,-0.14270415170338727,-0.10282597844652991,-1.2608019353442155,-0.2869921733405943,-0.17081734986105535,-1.1699269562982428,-0.3518293956306467,-0.13764490970051604,-1.1121741836696146,-0.3822866307179561,0.266474510005662,-0.9518339538077122,-0.15166891539145472,-0.17734666767336754,-0.9265587212254246,-0.2684202285332001,-0.17686178735784636,-0.6669341699460859,-0.2786474490199957,-0.05121900147028825,-0.5684152896439304,-0.2707609517389412,0.30932816816324243,-0.7881316258285627,-0.17829842163420137,-0.1490745113481231,-0.7168795144523857,-0.2771941440772405,-0.1372781321216556,-0.47014953753000244,-0.23465092867126724,-0.011482329264577769,-0.3969712649298245,-0.19526865374245955,0.31389498544796574,-0.5916893666551066,-0.2235374477914529,-0.05890244843919923,-0.5025520832292328,-0.3093412903817691,-0.06663078513607176,-0.3357536109576242,-0.3011802665848227,0.03705130455086771,-0.27531903335097535,-0.2705440515206508,X
0.0,0.0,0.0,-0.14041641220420142,-0.24367410105749762,-0.09296018608259722,-0.22864346362413823,-0.5849232280738504,-0.15019813885147454,-0.23777078508220173,-0.8300840300273538,-0.20536231858231505,-0.20370983470001672,-1.0158407584600806,-0.22743881584339948,0.05877375701296627,-1.0251342465787265,-0.09421904236712193,-0.10894728945963522,-1.3521226529699177,-0.20448526911935017,-0.251852648110382,-1.3277284734489907,-0.24087424487454293,-0.31960837305652345,-1.2755832771233941,-0.25081839730235866,0.16261167547841857,-0.9816112724425186,-0.0999837627411619,-0.2299868415450794,-0.9704916431823186,-0.18713494002788494,-0.2528899206453825,-0.7124165443493307,-0.17821181573647918,-0.15033277148130367,-0.6053278848284305,-0.15420934196750305,0.20203530794530786,-0.8436575787496382,-0.12431270027321852,-0.22434715862190924,-0.7429590595242944,-0.2080919909407862,-0.2057508756979248,-0.5061433097092286,-0.15820565438482354,-0.08126835717371131,-0.4447127474642813,-0.11183058265701679,0.21066345257168267,-0.6729028908402521,-0.16428559646745064,-0.1426368184365468,-0.5547247218815387,-0.2465589383188077,-0.14678472408915175,-0.37865726957061707,-0.23148743607024397,-0.0556401109973586,-0.3238019660801643,-0.19333657761479683,X
0.0,0.0,0.0,-0.10358304380652097,-0.16374118787572037,-0.12826484218558937,-0.2057582484847204,-0.4658750366154668,-0.21584010371342083,-0.2691743877139317,-0.6891805524078433,-0.28979136464736005,-0.27326543841871354,-0.8449212095821814,-0.3269069439731973,0.13004764066389285,-1.0230704328360547,-0.17044427439880047,-0.1457683523254083,-1.2603428090573545,-0.3109669057447629,-0.2274487157361957,-1.1858963444689605,-0.3685625047249098,-0.20372557011639894,-1.135983622613723,-0.3916859340957758,0.2265528527137529,-0.9587022845058748,-0.17194107889180293,-0.22912948190385926,-0.9021618511506319,-0.26826472023348147,-0.2224126979809723,-0.646446725250613,-0.25891161622598763,-0.103573717847715,-0.5426963851626543,-0.2387156100824577,0.2488162002918806,-0.8112767663983528,-0.19257245505101972,-0.2190269942830256,-0.6995679575864837,-0.2823505104278923,-0.18667391090528873,-0.46156415973883,-0.22579837204271933,-0.05863211268743895,-0.3992142250245379,-0.17554790535536718,0.22976536003387443,-0.6284630411359756,-0.23319426181794406,-0.1406175681791645,-0.5180067656894553,-0.31805092308634614,-0.12349015934346703,-0.3500685156996689,-0.30073877937787225,-0.022702048293388077,-0.2950699107584495,-0.2599711117603372,X
0.0,0.0,0.0,-0.1226067391576917,-0.2414862796163671,-0.0895969561123657,-0.2005961096796152,-0.6075246595542548,-0.1411823985549263,-0.22527321465808625,-0.8709478655223023,-0.19098870324987754,-0.20238810064272475,-1.0389137079450255,-0.20713488027509203,0.0999412598200155,-1.036902260434545,-0.08246551454095682,-0.10783777665844956,-1.3517838406986729,-0.1961106400445477,-0.24132418103024086,-1.2842240891514558,-0.23945992123821783,-0.2896553885914436,-1.20231442666968,-0.2512689591015375,0.18831616206382532,-0.9781780396782501,-0.08777668139526895,-0.21252852505196307,-0.963827505287591,-0.1745362311490103,-0.22491178825011912,-0.7197538828542094,-0.17023830292257816,-0.11975968234224638,-0.6279839949477848,-0.14744380157153544,0.2151149772174055,-0.8254496424817054,-0.11202744259930983,-0.20541809729108396,-0.7378886176445006,-0.19302341903267967,-0.184832823765256,-0.5142855528144578,-0.1464352833969877,-0.061572702614255556,-0.4624259399851363,-0.09879000001091012,0.2091848409199025,-0.6466354857802213,-0.15181514175379973,-0.13318019836129577,-0.5457102341033253,-0.22639746941745081,-0.1319268734690056,-0.3839002190864809,-0.21112361880826197,-0.036642652589301855,-0.335932397366704,-0.17137361648156213,X
0.0,0.0,0.0,-0.14965058782055934,-0.23210828143413764,-0.04954534829964834,-0.23962590886881036,-0.5637287667724786,-0.09071529650334392,-0.256712685160088,-0.7964439646645449,-0.1418868281158699,-0.23385047011068238,-0.9605127200919674,-0.16348399454933327,0.03817874527226665,-1.0119150895121518,-0.04305369255437674,-0.10291486410346593,-1.350803666856205,-0.13691716258056258,-0.26348065415568384,-1.3243732529954926,-0.16706743860755163,-0.3596564834489218,-1.2692138234449637,-0.17347355492734978,0.12865208502624356,-0.9895419498748129,-0.06523320056806382,-0.24166690876879066,-0.9817341037929654,-0.12485085104776651,-0.2606556255115836,-0.7092031871716074,-0.11222801676322416,-0.15109554350196133,-0.6021403883972819,-0.09417047663301674,0.1641189080153935,-0.8739251537535472,-0.10315839908112573,-0.24234239047810624,-0.7824961090889342,-0.15796337390097925,-0.22077379655269364,-0.5419914777784363,-0.10610038101767318,-0.09597276391956523,-0.4854254961016302,-0.06816675432713101,0.17412084214162227,-0.7295833751925465,-0.1543759842720289,-0.1640042234261172,-0.6173432861830618,-0.2075498820711178,-0.16197760293947122,-0.4344382007224505,-0.18260326584368006,-0.07264970620866393,-0.3713839471752714,-0.14642058480472392,X
0.0,0.0,0.0,-0.14605330317714388,-0.2251357036074083,-0.07464312081871483,-0.21756392696305737,-0.4921902205575955,-0.13228635088083307,-0.23407542443774798,-0.6722315012167482,-0.19198412679498045,-0.20118901484774207,-0.7838184297220303,-0.21925259240057735,0.07450504873099434,-0.9998424612877425,-0.062317696751748294,-0.08963083198569584,-1.3040380914588854,-0.1575673383577006,-0.2134238574730119,-1.2723337375619428,-0.19733850371871986,-0.2619931931484366,-1.226327467967041,-0.2148316431329134,0.16288762293617445,-0.9836422878400974,-0.07691210481388318,-0.24189040664547645,-0.957681836109743,-0.1478060583328784,-0.25015173029544935,-0.7182597220301209,-0.16041820930262163,-0.14295800715670803,-0.6166281937495129,-0.1631169352199158,0.18863065307405388,-0.8644893318191116,-0.10671495618777455,-0.2282757731448843,-0.7602466538365679,-0.1681621331513511,-0.19966462467614227,-0.5416499743092541,-0.13859684709720232,-0.07556532742634935,-0.49081792097111643,-0.11704334202193553,0.17944598452014054,-0.7154750531726521,-0.15122757385003663,-0.14961131694566762,-0.5951367313542303,-0.20351788060332907,-0.14193152636915762,-0.4282268089572677,-0.1906376982874137,-0.05064442268501615,-0.3752125257574776,-0.1660301101688504,X
0.0,0.0,0.0,-0.1455241577967186,-0.22748604383524015,-0.07914831224658807,-0.23632962398489524,-0.5514270153793212,-0.13056425829686483,-0.2571026127345795,-0.7768044922129775,-0.18416169166730964,-0.22434121225328693,-0.9247507815578458,-0.20462662533200315,0.04358087891451954,-1.0235312099376692,-0.07880662073937506,-0.08660334795202784,-1.3721093453816224,-0.17986783371927997,-0.2449299487088482,-1.3494850008865797,-0.20994799234330982,-0.3391572432164515,-1.2896296803650813,-0.2150943152587976,0.13608312677580375,-0.9866330539707797,-0.08964708260291009,-0.23304664734637043,-0.970451003494986,-0.16194158045321325,-0.25493857572306805,-0.7241724622517804,-0.15625838866178288,-0.14861263608833122,-0.6336685479965548,-0.14064088686186985,0.17137176917437655,-0.8577234007399919,-0.11751206780002638,-0.22814002465292305,-0.7549862294227127,-0.18443397389557944,-0.20177693082631892,-0.5344106182255383,-0.139723953465278,-0.07150119610899905,-0.4956854850526852,-0.10305379425495836,0.17641653692439555,-0.6992590082387651,-0.16027411264880753,-0.15730658853604754,-0.5885449315129307,-0.22173042308263877,-0.14823777188111267,-0.4219934002076237,-0.2020745411531112,-0.05100131766297168,-0.37502037119554965,-0.16716915412567915,X
0.0,0.0,0.0,-0.13735833485294613,-0.24712651045520978,-0.07929128046986937,-0.22427939762930285,-0.5939638331324293,-0.12712823416209512,-0.2545606207493458,-0.8469722226716118,-0.17771138109580006,-0.2390492572637569,-1.0225497038673599,-0.19733420375501554,0.06390777821338908,-1.0378812981411234,-0.07302624949044424,-0.10534246245219386,-1.3791060423709456,-0.1777086218679663,-0.2524139856423213,-1.335270255997375,-0.2127262140814271,-0.3244479326382003,-1.25449560499587,-0.21797115301225334,0.14509741708109267,-0.9860694449792198,-0.08132520663834023,-0.23579787147973785,-0.9768090348926481,-0.15985790776653128,-0.24984635858933216,-0.7420330931072464,-0.15311465293741353,-0.142218460833164,-0.6556893049413589,-0.1304993373233656,0.17394313536525197,-0.8435338274619314,-0.10729486034534065,-0.2370687938937931,-0.7485808952735316,-0.1830666560292429,-0.20730780662643966,-0.5327979768758326,-0.1409225080929089,-0.07781216740859279,-0.4826033402580333,-0.09831977649060301,0.17437896092005095,-0.6760295378742648,-0.14759403403526009,-0.15915773575963815,-0.5699390377194257,-0.21852858325614205,-0.14759899925665282,-0.4020992260271732,-0.20292254514512093,-0.04691022839506582,-0.34332317010813523,-0.1643649077685838,X
0.0,0.0,0.0,-0.14289424664140626,-0.23726669230694813,-0.08084176973212244,-0.24148384643317916,-0.5670134546368365,-0.1341026129876666,-0.2749954170203193,-0.7938127744420169,-0.18910520046661722,-0.2441465929396378,-0.9316671101737779,-0.21162389682131402,0.056219903094615505,-1.0340531999016247,-0.07934132486560634,-0.1064208567562214,-1.3834904102427554,-0.18578727955820426,-0.2594909368688158,-1.351920973161609,-0.2226292324200735,-0.3384831218375903,-1.285108952499257,-0.23058604476780864,0.14527894480559947,-0.985493905324472,-0.08772565624999583,-0.23750987510409016,-0.9823174614396124,-0.1629162703741105,-0.25230688253595424,-0.738977156131421,-0.1595548441859314,-0.1433828898843667,-0.6454113485048143,-0.14452638165756196,0.17825001184145492,-0.8477173600551974,-0.11356170410093651,-0.23521488125699833,-0.7628425341665087,-0.1854706206907802,-0.20938038833928865,-0.540285072215511,-0.14649541988854578,-0.07991936318381453,-0.49153585677949513,-0.1105800648793135,0.18082568208697727,-0.6841294487624657,-0.15385295877900465,-0.156997797653178,-0.5895998453382522,-0.2172558211830796,-0.15043133651911017,-0.4193641783740796,-0.20046762319680686,-0.05514029762200081,-0.36204119250510797,-0.16578679757112072,X
0.0,0.0,0.0,-0.13710787084703993,-0.2588232939073387,-0.08617479083405036,-0.2227688318146011,-0.6090572148090204,-0.13577528735656222,-0.24850816001105405,-0.8619095038697056,-0.185133035006589,-0.22369799373552124,-1.037641530848844,-0.2026527098018005,0.06967809897300502,-1.0435199564775703,-0.08159430322792251,-0.09717944734207512,-1.382263590421693,-0.18846472296093622,-0.24463331182470877,-1.3513071927337748,-0.2229158752788393,-0.31648595829006,-1.28752880196833,-0.22832674925381005,0.15678698472056085,-0.9837428678877085,-0.08756603966322345,-0.2299454947521909,-0.9773889539768696,-0.16718971496114318,-0.2499399455020997,-0.7373111781515413,-0.16010848000333486,-0.14278960997637702,-0.6461910583582802,-0.13821355038694777,0.1874227248873827,-0.8352559115575162,-0.11186983020564362,-0.23077037203682527,-0.7456014520266111,-0.1928128868328046,-0.2078915997904622,-0.5232022276644241,-0.15116132820030026,-0.07941807117630553,-0.4714655200031581,-0.10857793623984509,0.19042569676083557,-0.6615097265383973,-0.1506257166329823,-0.14945957018289813,-0.5647123014863894,-0.22502761699427273,-0.1449928889501489,-0.39351559205673936,-0.20893260024313287,-0.04857943709126788,-0.33344622271755964,-0.1702661228162492,X
0.0,0.0,0.0,-0.1687905910789473,-0.2579392879612393,-0.06530688559241585,-0.2472924075506491,-0.589455882671541,-0.10393799307025818,-0.2614525492274926,-0.8321742625149499,-0.14967528058206858,-0.24271222486571736,-1.0038221700947523,-0.16714842692956286,0.009023373152103378,-1.0402102223498257,-0.04929094669990878,-0.10725242069427064,-1.37961855359954,-0.14047241289303963,-0.27517920461835577,-1.3533874455308208,-0.1642567854370466,-0.3821075217730477,-1.2737800192092374,-0.16376744272851684,0.10178715221731505,-0.9928821368895457,-0.06184203982032442,-0.26451385927469134,-0.954364286496741,-0.13237383613010126,-0.2932674530578532,-0.7108253601988154,-0.12657326425237486,-0.18741449843410227,-0.6222721134440403,-0.10683249223098831,0.14395683880268234,-0.8464126603367269,-0.09024004625391276,-0.2603986411902188,-0.7222171687665709,-0.15673911766682924,-0.2393635652885828,-0.509903323579664,-0.11291635794799318,-0.11325035852629088,-0.47296519217548433,-0.07386077133456001,0.15044787827603676,-0.6806802138878799,-0.13176111909195362,-0.17747930930114378,-0.5603570825681442,-0.1947536887230458,-0.1713019978335455,-0.3925831179473114,-0.1729026166539719,-0.06974398664285614,-0.34030414428857164,-0.1336281436463882,X
0.0,0.0,0.0,-0.16566917778159837,-0.2057544203277977,-0.09103144012028945,-0.28124708936103304,-0.5213336360642276,-0.15079772016265008,-0.29932585477596124,-0.7576856428966595,-0.209509790263675,-0.24857968042825965,-0.9069701306573048,-0.23621560248501888,-0.01493416402221524,-1.0176859138321077,-0.08977723456398554,-0.17361580195073184,-1.3537993662400118,-0.19711361245002987,-0.3045989944995168,-1.339166598937295,-0.2316683771946641,-0.3694769401043833,-1.286174454453344,-0.2392377126028983,0.09373750664634241,-0.9913721562051833,-0.09162165545771751,-0.2686846656335206,-0.9410197953232468,-0.171336050010034,-0.27591870804854357,-0.6968114964796865,-0.16338060976971058,-0.1677733959160549,-0.6219756464645623,-0.1425515558604389,0.14529336981801017,-0.869885305482387,-0.11153077622422676,-0.23687801793712399,-0.7436466358171384,-0.1878199316891044,-0.21574758902281513,-0.5286343853036236,-0.14107396278599105,-0.09847125915719358,-0.5086209482661872,-0.09845259061764212,0.16610780989498916,-0.7163585068935767,-0.14640695842145554,-0.1471045295860151,-0.5716036557098285,-0.21220127599747085,-0.13816373053175862,-0.41531078221348494,-0.19322659363371142,-0.048903919471460264,-0.39519711122380036,-0.15657086792377953,X
0.0,0.0,0.0,-0.16269146220198452,-0.2322693605011141,-0.1557463102727745,-0.27142552660973857,-0.553361793751368,-0.26343362079639204,-0.34655130610411533,-0.7963290938385511,-0.3486338062297819,-0.32484733262435844,-0.9536032973030288,-0.3961908276662132,0.15734030875084187,-0.9899776814962779,-0.19020950974263034,-0.23654833782116824,-0.9353874198794385,-0.33406605226166836,-0.2940831631396249,-0.7194254196154151,-0.40309282503146365,-0.18969001253644632,-0.6654688158786785,-0.4459009111829573,0.2671650111264167,-0.9450552683815938,-0.18839691221995966,-0.19626520561437874,-0.8348776074499968,-0.3092513585497032,-0.2276296825644727,-0.556620804220555,-0.32364451912635367,-0.09701000402524058,-0.4961120350732081,-0.3268001532355585,0.3190622267528197,-0.8381258981430169,-0.2061388737983455,-0.13600199874700886,-0.7200354542850753,-0.31437151571302174,-0.16311588593245427,-0.45385825068102414,-0.2743181638935189,-0.040749640984434,-0.4278056213361266,-0.24262244089700064,0.32261464146598917,-0.6806688629405772,-0.24492376839999566,-0.030657170237435496,-0.601758009887329,-0.31588724739732277,-0.06766104350894435,-0.41826700569109754,-0.2921345807691027,0.023262112797089538,-0.3882625507136174,-0.26214891021421177,X
0.0,0.0,0.0,-0.14690948105814286,-0.22306480232894343,-0.10826067257322214,-0.25968652286456906,-0.5797336899615108,-0.1798937746812059,-0.26221734892503573,-0.8017927341137066,-0.24895868809796118,-0.1861377957918097,-0.9296341843247244,-0.28718120208851095,0.03974898656445983,-1.0138108825152403,-0.10539843540201341,-0.15340255505006276,-1.2846171031971505,-0.2249876925551151,-0.26456394773863584,-1.2813056099214497,-0.272429422384153,-0.29949152677119073,-1.2762449793933823,-0.2928791575827773,0.17314483718886206,-0.979303518681638,-0.1048116579995051,-0.195490137950671,-0.9248633456396951,-0.2028259592614467,-0.20947608481953908,-0.6415153698707304,-0.19770631046217327,-0.10063745377768869,-0.539219019543854,-0.17787472408032262,0.25173478452523135,-0.8545130555654467,-0.12427691820609377,-0.13411896810817525,-0.7503216504718188,-0.21367623324351934,-0.13297308144328418,-0.5017873461308306,-0.15932734378080599,-0.023796813959163516,-0.44325875843846213,-0.11005912296456613,0.3031335053390986,-0.6931371384603789,-0.16168226431962845,-0.00298424302756995,-0.5975245594604414,-0.23743673808956428,-0.018853666610706234,-0.42920368378564966,-0.21725480920417034,0.05902099545386404,-0.38006251294054777,-0.17927228440443244,X
0.0,0.0,0.0,-0.13766935411118578,-0.2044918362435844,-0.1586641043872325,-0.22949284759816188,-0.5499736049089006,-0.257278794224872,-0.30896464362117265,-0.8182854866717877,-0.33436532287125137,-0.28255375141512157,-1.0080637825400796,-0.37402381495524006,0.20119178320384173,-0.9777134751087654,-0.17943513965173863,-0.18142102135534233,-0.928542725867141,-0.3282291135685074,-0.24095005376052264,-0.7239568838832778,-0.404270572395352,-0.14081854641052474,-0.6694897937635892,-0.45049520123564674,0.3140321277297811,-0.9332397288377513,-0.17449192322954946,-0.1436818216875748,-0.8009553847744999,-0.2992289841072179,-0.17626794686748443,-0.5212649086364284,-0.31678778883443065,-0.04519890408849201,-0.4577196964931808,-0.32110099489760907,0.3714731243361492,-0.8187596204273422,-0.1914282606347716,-0.07907709506546472,-0.6758187610157639,-0.3069143382238353,-0.10622525499876766,-0.41045984996333684,-0.27378034225301057,0.019760909718513867,-0.38127784094614225,-0.24378132483149356,0.3845224757547162,-0.6477243860984322,-0.2296269698026464,0.03460683809048723,-0.5452154366312967,-0.30528745394679463,-0.0069297419285851624,-0.36806346635031734,-0.2865215067304671,0.08278683251043978,-0.3424157037127302,-0.2582765532952053,X
0.0,0.0,0.0,-0.1694422534242094,-0.23826163741271536,-0.08751413289948835,-0.27132547902318777,-0.5888493733670661,-0.13377150209064886,-0.3061044914667892,-0.8380575522325815,-0.17461170613761617,-0.3081793213554781,-1.0289377093116392,-0.18419566066480159,-0.002042746769693207,-1.0366194288257273,-0.09955457085289039,-0.1796771329647408,-1.356621744112025,-0.2272198979724656,-0.3595527802282676,-1.3616210596714426,-0.2757193656288547,-0.46816051819447896,-1.327220117618734,-0.28661684816461086,0.11306619776392297,-0.9880433991808258,-0.10481543902693347,-0.2789986308861805,-0.9143282406078427,-0.17696500747321323,-0.3054032201101044,-0.6477474173870443,-0.14793320272800511,-0.19646261978431248,-0.5475964979233858,-0.11058654956043079,0.16201063640592878,-0.8433973863504312,-0.13226683115331705,-0.2481906335800944,-0.7074756121110366,-0.21446806584589168,-0.2306025219142833,-0.46590139266201347,-0.14943191504629047,-0.10281545895434256,-0.4162205006066969,-0.0901675697625228,0.18357577879406692,-0.6710136942437508,-0.17500554465233348,-0.15823613037226222,-0.5209009731431143,-0.2602292347387351,-0.1460562117426155,-0.33013365385188814,-0.23239250338981132,-0.04788241448706804,-0.27407095547315646,-0.1812050833132154,X
0.0,0.0,0.0,-0.1206481317212039,-0.28352879699831113,-0.08266222182863424,-0.20935887809395537,-0.6171050887591365,-0.15711702546843737,-0.2693513187356158,-0.8359880221211252,-0.23258878294503918,-0.285367073420229,-0.9976113505296342,-0.2817801349507816,0.1288550223017664,-1.0742246832850135,-0.1320113959051405,-0.0596854896346424,-1.4074191439980026,-0.2623849659049178,-0.25245415166213525,-1.4194414870401018,-0.3113924521615774,-0.375720036260695,-1.376470251402132,-0.32302141300450543,0.22804173407977152,-0.9626115048858371,-0.14620553402424563,-0.21501203537404476,-0.9494248057891838,-0.23168076718289135,-0.26415334826854064,-0.6980067804933824,-0.21174705249994724,-0.16928814846457357,-0.5798199728619727,-0.18217069866753421,0.24975637431367603,-0.7601356839790482,-0.17613037537486842,-0.21729768669632155,-0.6806107942166907,-0.2566256809333889,-0.20861979494297908,-0.454027601390006,-0.18401837081976463,-0.08921375733397278,-0.38689945487383837,-0.12156112883450611,0.2321130743143839,-0.5449672198174418,-0.21997847439159207,-0.1420017091628681,-0.47870791041611105,-0.2924288912899206,-0.14956211633758826,-0.3169012878618843,-0.2480269562461023,-0.054826861031936666,-0.2568993204974735,-0.18624297966601822,X
0.0,0.0,0.0,-0.12977869223375976,-0.30361902615317105,-0.06820274814493628,-0.20236306643401122,-0.639244137190152,-0.1278746644137857,-0.2328241531672959,-0.8662876079436791,-0.19099508464285253,-0.2336172035605727,-1.0501907890911257,-0.2275682197843359,0.10056374523202746,-1.0722661698010476,-0.11322524797767328,-0.0651156026834287,-1.3946694847559793,-0.23113716263102319,-0.25641706624759325,-1.4002753849324312,-0.26672436269590494,-0.38001749449478617,-1.3486714095355696,-0.2693002639354623,0.1946202133208683,-0.9722265792125785,-0.12999404309254878,-0.2521158866624539,-0.9315900931731621,-0.21590260983668413,-0.3015058896971693,-0.677508770648659,-0.19554097136451024,-0.20548917159288094,-0.553276245321235,-0.162977203898349,0.21428091019831852,-0.7804072992618132,-0.16072963157176257,-0.2556670391742714,-0.68027340309255,-0.2455281270362678,-0.24564702319779846,-0.4610202263451519,-0.17977195225478212,-0.12792964981766006,-0.39834811775309337,-0.12006266667928657,0.19577608090787232,-0.5753468243213405,-0.20319591717518942,-0.1773300245455789,-0.4752282936234898,-0.28311312648736137,-0.18451722379876792,-0.3138681797220827,-0.2472948201290162,-0.08936193243554189,-0.2577807518354511,-0.1900828318033836,X
0.0,0.0,0.0,-0.16717867107223516,-0.3065414301335241,-0.06072348293623842,-0.23823484791067964,-0.6217911354447279,-0.12201801439068732,-0.24468111344676619,-0.8333673786029508,-0.18765059793780636,-0.2372308301277769,-1.0138958095029533,-0.22941838584010457,0.007050750233173145,-1.0722595046340433,-0.10880716725804745,-0.14521773825612047,-1.3882419072418406,-0.2303050325300764,-0.32709409838240866,-1.3808464913735228,-0.2784162212826988,-0.4549565643638162,-1.322320456465704,-0.2934403810956431,0.10766200528528586,-0.9850012147246856,-0.13483879118727246,-0.3112087458514534,-0.9283830964262929,-0.22329078989187312,-0.3433738932047878,-0.6864248037875826,-0.2137261535371565,-0.2438354759338425,-0.5969918019330607,-0.19371861273685523,0.14003700649634246,-0.7990003684010272,-0.17445818136634558,-0.29953498866635697,-0.6844271383585021,-0.25512873586304696,-0.27841893917140415,-0.48201489075002946,-0.19134193059472884,-0.16318956229610881,-0.4470224670296291,-0.13946575764594527,0.1313000720317141,-0.5947595828660587,-0.22546166017275074,-0.22030997230786362,-0.48728046908301054,-0.301699959312034,-0.21373134611758032,-0.3362573397403972,-0.26330643713629703,-0.11851633312118134,-0.2988426406290201,-0.21020634058481324,X
0.0,0.0,0.0,-0.1501469874160621,-0.3105701864578955,-0.05797653890429696,-0.2213650984309585,-0.636547284664996,-0.11589055724098225,-0.24261154057971354,-0.8609868021741549,-0.17979476847756176,-0.25316666778224706,-1.0447654298362061,-0.2198189253207015,0.037954446974663235,-1.070083462338979,-0.09861764618323389,-0.10833869659282565,-1.401351492859474,-0.21942514942409502,-0.29386506696554004,-1.3868088346870915,-0.2662396141835193,-0.4197152376009193,-1.3182629272531474,-0.27913813716422725,0.14131805910033152,-0.9821246460512437,-0.12433979970562213,-0.2830008243617259,-0.9293609360839274,-0.21171686061579176,-0.3270112017523927,-0.6738598411019657,-0.1993136772727458,-0.23064317700306136,-0.565593470203528,-0.17536441094071029,0.17073461173694776,-0.7970682003364812,-0.1646436175033585,-0.2829111866660216,-0.6755502618527149,-0.24440470825668853,-0.26675832001565536,-0.45389913068889753,-0.18185805847888348,-0.1482834466521501,-0.401011736089955,-0.12940788809096193,0.159296380111714,-0.5921956684928283,-0.21657903236325296,-0.20663489357764975,-0.4835747862785474,-0.291211599015537,-0.21054528996385616,-0.31916905751168984,-0.25375773336782315,-0.11797205590305254,-0.26921739362484726,-0.20025174729962522,X
0.0,0.0,0.0,-0.11930919101927534,-0.31161486814410144,-0.0651608422826174,-0.19483286528280327,-0.636884673374381,-0.12624468523617993,-0.245521260174724,-0.8572523870230961,-0.19055210097859834,-0.26294938392614836,-1.0425517395186719,-0.23029689620184016,0.07817809194009342,-1.0718663487194833,-0.1165757373031678,-0.07821231629387781,-1.3932941318610859,-0.23779756455139578,-0.26335833595018215,-1.394264208600839,-0.2833172844204085,-0.3903005246530311,-1.3446702195982947,-0.29475254496810016,0.17271233126222896,-0.9755137714143624,-0.13617390502916887,-0.26867877277917224,-0.9300485543121462,-0.2270784776103321,-0.31494661865290824,-0.690244694798725,-0.2176887022750506,-0.22666402795538773,-0.5813801191374798,-0.19567833393565512,0.19426149259674186,-0.7847916957443055,-0.1684542140056907,-0.27551842287191336,-0.6687067482242092,-0.250304173055194,-0.26048735739091317,-0.4605374063675604,-0.189888919529931,-0.14503295008375974,-0.40947099672056353,-0.13695411636556504,0.17879633856067978,-0.5748473280812122,-0.2121849621274865,-0.19359208743967093,-0.4761903109546092,-0.2901281000116915,-0.20052164897032024,-0.3237689609699721,-0.25446409975215195,-0.10873927972196676,-0.2759811284007611,-0.19949779357076017,X
0.0,0.0,0.0,-0.12519484042289214,-0.302283716495848,-0.0662469355027386,-0.20465743194135086,-0.6243128652232989,-0.12991121538483733,-0.261271437482894,-0.836593752005706,-0.19705494326357573,-0.2837773486346952,-1.0018158258672218,-0.23964770872385832,0.05704687823963471,-1.0709326442629932,-0.12192401786612443,-0.10371290640597983,-1.4033551705460916,-0.2453592770265938,-0.297303560432319,-1.4019083426989973,-0.28987773334710315,-0.4285009922096466,-1.348715688954659,-0.3000261263487161,0.151718796993132,-0.9779293861595746,-0.14365069552394905,-0.28257471032833215,-0.9334585583633377,-0.23390371351486558,-0.3243588749850337,-0.6812712801644367,-0.2198061762477827,-0.22868186668543328,-0.5675548899998882,-0.19429492207830962,0.17377024963108642,-0.7885202130138209,-0.17898184560716623,-0.2863610936883976,-0.6775976441455928,-0.2607863174502262,-0.2675679428464967,-0.4575030775207865,-0.1966036286659745,-0.14837781381351603,-0.40271789167300603,-0.14151827711350393,0.15956736105563565,-0.577452179254161,-0.22617630466155061,-0.20483435853834464,-0.47729919787331454,-0.3020506638630095,-0.20545919081225955,-0.3176242931998983,-0.26334074337694857,-0.11365413821375434,-0.2686462699817694,-0.20726672050765746,X
0.0,0.0,0.0,-0.14774780837081297,-0.31170964185242384,-0.06496140013838626,-0.20954411650281624,-0.6537927132960568,-0.1251008062648641,-0.21309717312413515,-0.8982078977454464,-0.18905126178274298,-0.2084527206670154,-1.1017675918148038,-0.22881779594622487,0.035444730455284436,-1.069391392605336,-0.10898091889986775,-0.10848610546843501,-1.4051072762787906,-0.2302476555751434,-0.292278329408581,-1.3968670435199468,-0.2810990792304814,-0.42364762649903676,-1.3330836958520158,-0.29949380837849754,0.13374881189046783,-0.9823360678236985,-0.1308705664791062,-0.28835862592996814,-0.9220073181136075,-0.22698281387282945,-0.31778339561763863,-0.6699958632882062,-0.22529253399198762,-0.21781114866118667,-0.5652653635259193,-0.2107505583734042,0.16319125364594222,-0.793014428646407,-0.165923270754447,-0.2866826924668078,-0.6669292740278625,-0.24791295070469913,-0.25796208671163084,-0.4565930216506278,-0.19080392794690348,-0.1365309002790235,-0.4128253298553518,-0.1450034385829932,0.1532480938258641,-0.5815964903607364,-0.21281615122171305,-0.20910153801352974,-0.47023624639232753,-0.2906596436375689,-0.20379331492175387,-0.3198372394538361,-0.2584893434378711,-0.1050720950069797,-0.28352055752119476,-0.21100012778149735,X
0.0,0.0,0.0,-0.14278360196331988,-0.3237261836650147,-0.06206814967054641,-0.20779897117610782,-0.6674653752064987,-0.11791928858000429,-0.2232510604319633,-0.9061288332047193,-0.178018935063447,-0.23229962070777876,-1.1056381568431473,-0.21315181704740666,0.0433358828494846,-1.071871787695455,-0.09806965112544509,-0.10918057938435895,-1.3913017276123214,-0.22295621300128676,-0.29637345724519293,-1.3777954852739336,-0.271564316264546,-0.4242997728203387,-1.3160672749314313,-0.2854333415999888,0.14603183244573015,-0.9816487607300275,-0.12263936753646201,-0.2755170009647609,-0.9217484671887828,-0.21918941441078404,-0.3156767853446628,-0.6731725821896927,-0.2110054603085669,-0.21852507781374142,-0.5724163730971306,-0.18753300205101398,0.17662954531563932,-0.7931888020089419,-0.162656390640976,-0.27482411382566846,-0.6624207141189064,-0.24989744823285176,-0.25770039379634835,-0.4464998309587575,-0.1869081680311666,-0.13808166334937386,-0.40157532639818927,-0.1312309843917313,0.16832119688574498,-0.5821131673612404,-0.21471133788029925,-0.19599889901415243,-0.4717164575066429,-0.29528279620870734,-0.20060351665841045,-0.3132683775830308,-0.2594712555068363,-0.10801788003473342,-0.2720474129826681,-0.20524639651456375,X
0.0,0.0,0.0,-0.12326358059261676,-0.32824650575961106,-0.07062616773813743,-0.1980092063040761,-0.6672233993547566,-0.13508964840239607,-0.2509507509962163,-0.890436403866188,-0.20125133668556322,-0.2766423118278314,-1.0750865287993503,-0.24201335166276391,0.06677103821826547,-1.0798959228602971,-0.12799284355750665,-0.10144195415515878,-1.3907753888988117,-0.25420580893926265,-0.2925807646142454,-1.38646077562938,-0.2984599347890459,-0.4231136068908746,-1.3382812523692118,-0.30788738037868113,0.16619624403290964,-0.9749287043028643,-0.14796225868677426,-0.2774714303094369,-0.9192853601664329,-0.24215147309333468,-0.3199406997617739,-0.6694707724692518,-0.2261503198057106,-0.22245757678600908,-0.5596670619273021,-0.19680473069759133,0.1933953461808321,-0.7759313010593906,-0.18205897644643768,-0.2782044388894596,-0.6564366712320874,-0.2682519152734937,-0.2599677312759478,-0.4379620993126857,-0.2006754936253828,-0.13744476227788058,-0.3857607763169142,-0.14047006053353517,0.1849367000960966,-0.5555310220247058,-0.2284427992660044,-0.1879775160086483,-0.45052500859827704,-0.30983448315663903,-0.19055162379870674,-0.28926331594237137,-0.27061628221088413,-0.09461620165187816,-0.24065724407233888,-0.21129220177255947,X
0.0,0.0,0.0,-0.13116657995831324,-0.3046759667399632,-0.07500711190534397,-0.2100082157797841,-0.635863458426815,-0.13797653559983333,-0.2514800298525814,-0.8569531343346117,-0.20186750782844456,-0.2677127275072841,-1.0406600716493852,-0.24019471614428928,0.03479161961645858,-1.0752215727157355,-0.1360937689153846,-0.12501319403076303,-1.4098966123770262,-0.267525640984574,-0.3227068878488368,-1.3949822277287298,-0.3132181829891718,-0.45644531087753126,-1.3269333108838834,-0.3215608746736677,0.14124688528887722,-0.9782737006467976,-0.1517560015914051,-0.2965852528806291,-0.9115979437166736,-0.2490887086816676,-0.3317627880621225,-0.6567670857190784,-0.23261153490756015,-0.2326325654601198,-0.543476822178806,-0.20183680548302854,0.1736709466963633,-0.7811729893447197,-0.18195028032296873,-0.2948057091705948,-0.6529357509642529,-0.27110392979057024,-0.26880966567360337,-0.44131451940620553,-0.20332075217813533,-0.14533914029956804,-0.39376383966172207,-0.14198611038664297,0.1683857714298002,-0.5646415684476171,-0.22440841966229774,-0.20680622942581617,-0.44752195735934247,-0.30958974205097906,-0.20212695351959867,-0.2909425791066007,-0.27184915718929636,-0.10345080767666111,-0.24693906354124764,-0.21198005558971236,X
0.0,0.0,0.0,-0.09068195381454258,-0.30072564895772286,-0.08711440493908065,-0.16834265616315838,-0.6230796596768384,-0.15292907870578654,-0.22996959822561117,-0.8426012036893223,-0.2130703117046655,-0.26050710962059687,-1.0348148738078793,-0.24394375088761344,0.08106824789355115,-1.0811481934803429,-0.15648581177018586,-0.11163810620560537,-1.3734450445229398,-0.27533787435124846,-0.2996387925442211,-1.4069580679517648,-0.3080912253785137,-0.43067696226166247,-1.3991790387332526,-0.3106320504432158,0.18112999898503354,-0.9694079923177399,-0.16565043887104772,-0.29804530254213385,-0.9140969879811445,-0.25166847266489106,-0.32991186789217175,-0.6799192580131524,-0.22814998956348137,-0.23224803419662401,-0.5634442768646472,-0.19575186075478918,0.20360261528191417,-0.7665493561284014,-0.18787106510265603,-0.2926025294088945,-0.6489848903793825,-0.27556960968680955,-0.26439864591216977,-0.4344057531267344,-0.20742538297526247,-0.1430455475015022,-0.37076723715908394,-0.14541817510453753,0.18778396199425673,-0.5404470340065617,-0.22312201509958765,-0.19903017638604928,-0.4143344910857269,-0.3178891571006218,-0.19195267093146035,-0.2547879725146535,-0.28708923134091785,-0.09454538872191218,-0.20178107951449398,-0.22959728666303633,X
0.0,0.0,0.0,-0.12618640724920316,-0.31897887166646743,-0.06883936788316354,-0.19710855656427068,-0.6646569502198277,-0.12790331636299418,-0.24314609333408255,-0.8925962674973867,-0.1882246940034856,-0.2662850941834204,-1.0865123306017086,-0.22353056988729,0.06722280878868846,-1.0815979991260052,-0.11744603930915723,-0.10343830805894222,-1.3749708634606252,-0.23085259543648912,-0.297469537105694,-1.3856957162076926,-0.27113239532521755,-0.433551641289715,-1.3498128535934928,-0.28139490358132396,0.16378526189223216,-0.9770733118300969,-0.13602253966258399,-0.28686647575290547,-0.8986523202196165,-0.2238548272954176,-0.32780942978348143,-0.6578091560016711,-0.2127425561231498,-0.2381312108832626,-0.5475450736086578,-0.1894309281515613,0.18961458592462888,-0.7731964664698546,-0.16696922142494675,-0.2748857101480362,-0.6390782241602989,-0.24650169347875409,-0.2511013123421367,-0.43366622263345245,-0.1817028135564187,-0.1325836707416441,-0.38643883265809537,-0.12619975923552082,0.17897800758013482,-0.5528715471626003,-0.20987607386740623,-0.1882267486285442,-0.4391049391363623,-0.28739995006762975,-0.19056007687669332,-0.29574575042763096,-0.24980854905793062,-0.09575414797799481,-0.2616767026901451,-0.19370941111601447,X
0.0,0.0,0.0,-0.18501110060057788,-0.284706928525748,-0.07443662180125983,-0.2681670652906303,-0.6216414772075021,-0.13425323137926776,-0.29434572486181154,-0.8696407103946525,-0.19936665974305473,-0.2959251702956645,-1.0544522186662262,-0.23731496191364884,0.017971055522065956,-1.0548463594747652,-0.08279442110449749,-0.12511466760127937,-1.3830426190882283,-0.19232168551382609,-0.30864107508303695,-1.353047566843506,-0.2321085608847647,-0.4336988192403043,-1.2665307771694898,-0.2429797677974369,0.11400594941984171,-0.988753557402283,-0.09679383359083793,-0.2731350768805289,-0.9599484933573817,-0.18450539636651583,-0.3085717221528324,-0.7146893313944943,-0.18146078021335146,-0.20442847995800031,-0.6187466678870165,-0.16439760633718872,0.15247142629853253,-0.8311289381833317,-0.12720526236441662,-0.25745735162972005,-0.7273605620865662,-0.20192585041915762,-0.23926112425634066,-0.5152074266661476,-0.15058753523132146,-0.11679267625169681,-0.47476800327010266,-0.10907950252190578,0.15415300968414128,-0.6527931922180514,-0.1716089150129826,-0.1843307213346492,-0.5396059676495853,-0.23838500106827545,-0.18543334285616084,-0.37952769580124174,-0.2114424234743282,-0.09068210864835273,-0.3405841340478422,-0.1709613095100126,X
0.0,0.0,0.0,-0.1321345123714763,-0.2298498925743583,-0.09437853218695112,-0.22562968329194696,-0.6003145733067127,-0.15809207043251217,-0.25374448323050725,-0.8706718817882568,-0.21973189237653615,-0.2175222774018651,-1.0502791389315473,-0.24590793647744866,0.0967763142599049,-1.0339255718702416,-0.12833999309810754,-0.06107150731852781,-1.3648943533825004,-0.25128915030940197,-0.2570746099779151,-1.3240755296497182,-0.28354863568271843,-0.37927331297612704,-1.24720268266396,-0.28327529243508615,0.19988452555737274,-0.9709729526865674,-0.13136857156044965,-0.19867428150789532,-0.9685938117989059,-0.21578251198431356,-0.23689363214148457,-0.6991431619866225,-0.18737133216209922,-0.13764430764936034,-0.5869186355937759,-0.1481002234817799,0.23730263428562928,-0.8163414599001361,-0.15277271444988677,-0.19554884208125933,-0.7288174222862591,-0.2247683365845915,-0.17982516812172838,-0.48695690982598977,-0.15416244404298235,-0.051424383429518605,-0.42897843466038155,-0.09493702801381951,0.24219147639931546,-0.6361041234063711,-0.19088142171541775,-0.11534065338450658,-0.5218459474634717,-0.26162264721831524,-0.1213529476536941,-0.3478142313889954,-0.23385666781286746,-0.027675439256393878,-0.3003828338284744,-0.18602700068951153,X
0.0,0.0,0.0,-0.19780918174707593,-0.2683064350463963,-0.050640106902051146,-0.2931253083802058,-0.5934917530338609,-0.09549172615470693,-0.31573259894169564,-0.8433794313956461,-0.15252317731314421,-0.2949907496746865,-1.0260483814867392,-0.18162212545425382,-0.042597772042366144,-1.024119756992061,-0.037806790474463066,-0.1608912378716563,-1.358276320963249,-0.1230583322712961,-0.3167179153339653,-1.3165830078934402,-0.14764928715236603,-0.412307437382004,-1.2183696753831443,-0.15256416101056966,0.04996732390108186,-0.9969559331038932,-0.05985093141388825,-0.3002812327160915,-0.968536129655042,-0.1311960616357918,-0.313191951232131,-0.7183762512361896,-0.12876549357603076,-0.19561108944182548,-0.6311965838998488,-0.11693344676512034,0.09958509101620601,-0.8767681666265186,-0.0963927164549562,-0.2856929148521044,-0.7652665532876516,-0.1536054244189602,-0.2553251904177038,-0.5521605480073465,-0.11075303048350069,-0.12800284528018593,-0.518960337784631,-0.08197955586969244,0.1161018626094654,-0.7344196611241853,-0.14578531870951153,-0.19253321376517582,-0.6292594211348735,-0.1994424774651022,-0.17896470690545818,-0.4672653802716614,-0.18040373562855277,-0.07916223152749147,-0.4234034319291268,-0.15195059023419194,X
0.0,0.0,0.0,-0.21670104088499811,-0.28080554679349645,-0.020928804024802933,-0.3110851153435727,-0.6210839321935235,-0.05705560205370569,-0.3395859006047668,-0.8782629223853685,-0.11261160076420892,-0.33353267040402357,-1.0690158226407198,-0.14378760734873836,-0.06304103466907364,-1.0276892570900586,-0.00982288880293977,-0.18961449986092854,-1.3452844962260133,-0.08800188761114612,-0.34458559203546874,-1.3003468681659964,-0.10940773682697802,-0.436949715878377,-1.197759968027481,-0.1144368227038049,0.024535638931010663,-0.9984684549254887,-0.0495857534071476,-0.3271194317515924,-0.975256099722512,-0.11562913288271015,-0.3437190276452247,-0.723171420801285,-0.10610533233823233,-0.22328539681698278,-0.6427532695650885,-0.09085020290613266,0.07150018776064712,-0.8804170484646359,-0.10249829944913078,-0.3042191651918747,-0.784125417122892,-0.14761519115613408,-0.27687681951771903,-0.5752208419423573,-0.08982464821512734,-0.1568411844802105,-0.5453195784980964,-0.05541667926024276,0.08402468314548271,-0.7399813410904582,-0.16718801512720197,-0.21604706619032976,-0.65868582172539,-0.20827645190256788,-0.20620869388524707,-0.5073679614916231,-0.177777171030845,-0.11377347447201513,-0.4691601913273661,-0.14513821625844237,X
0.0,0.0,0.0,-0.21398472433391186,-0.2642204202728368,-0.03392992822533414,-0.3112310501944401,-0.5942296081059546,-0.07443217037964177,-0.3392765509788605,-0.8492175918060453,-0.13205066099077956,-0.32581387952901203,-1.023581253511292,-0.1646827932242557,-0.06137583983981141,-1.017197929741919,-0.018644733343889594,-0.19366175750499762,-1.3428647594430836,-0.09532244774263433,-0.3478919514286658,-1.3024037575115066,-0.1160718993721981,-0.4394499027671391,-1.2101595437913069,-0.12102035668420183,0.022720183510899924,-0.9985410500002605,-0.04898535215355983,-0.3269263356566131,-0.9659737222318734,-0.1108796277140831,-0.33211893195274633,-0.7102112641644107,-0.10098762743800689,-0.21054526289157988,-0.6315947723402974,-0.08708812195137573,0.06775862627729214,-0.8910313267763772,-0.09324811155582252,-0.304730050740663,-0.7867771183770436,-0.1366487555202034,-0.2726284106122312,-0.5752825691424778,-0.08239256325278671,-0.15298537503994128,-0.5455939074315378,-0.05112904333492317,0.0838726723941635,-0.7611947469867256,-0.15036206990896056,-0.2109262312031895,-0.6700768704680101,-0.19168479547391457,-0.19604267511958487,-0.5152013409417423,-0.1655368710725825,-0.10224799022427974,-0.47412804931893937,-0.13643561386960842,X
0.0,0.0,0.0,-0.21914943859702946,-0.2668367034166417,-0.0214757677766417,-0.3104666936750526,-0.5957166807680736,-0.05782495293666181,-0.33023017147586886,-0.847252510487346,-0.11390131049558178,-0.3232967030812053,-1.0298879249931072,-0.14634832696184136,-0.06949348775658257,-1.008214460594293,-0.00944516254016811,-0.2028677071988133,-1.3321163545047505,-0.08416305316524506,-0.3558247153688111,-1.3009336528531208,-0.10299722685115303,-0.44907764057673694,-1.2171033281953174,-0.10701724220409799,0.016100680585280927,-0.9988059678997242,-0.04612381784485926,-0.3230272068661469,-0.9443141949548018,-0.10587001806881269,-0.32232977236596894,-0.6809232448221049,-0.09254056457601556,-0.1954505925765886,-0.6084971318098465,-0.0761107911294603,0.0634294611778826,-0.896804725289151,-0.09595999563106915,-0.2960330913543309,-0.7677277948224722,-0.13784045353965924,-0.26012660940157356,-0.5541522252586338,-0.07958643317148444,-0.140686067757634,-0.5292938220336699,-0.0462219284845611,0.08083620362151031,-0.7720674073646844,-0.1579765686405252,-0.20465072309683055,-0.657247911894253,-0.19954534241985394,-0.18382879438962388,-0.4982136736397168,-0.17164216327018764,-0.09081298967696085,-0.45722800194785207,-0.1414974855257617,X
0.0,0.0,0.0,-0.230117188215968,-0.27097391207639304,0.00598902608156625,-0.31905443343983886,-0.5959241383990703,-0.020690881945109672,-0.3386030265361038,-0.8422501021812886,-0.07372143071890658,-0.3453609727964159,-1.024944838677214,-0.10627912398845199,-0.10216672685115268,-1.0071302271461877,0.0206358888083597,-0.2194374754594363,-1.3207143768124177,-0.049379973113018595,-0.3731159955428413,-1.3011104730082608,-0.06662982900226085,-0.4708131425829748,-1.2228005505304758,-0.0705197359374679,-0.004257829246151643,-0.999510127508402,-0.031006062282215436,-0.3267636143497414,-0.9324419695019999,-0.08240140696500863,-0.33086792443636404,-0.6698254506250306,-0.06644389694646091,-0.20343552178111263,-0.6080419295607974,-0.050622324857891504,0.05582456809911531,-0.8976710664020228,-0.09446755540411325,-0.288335085328858,-0.7644721117259383,-0.12847394883402063,-0.26042563070495156,-0.5529581233515377,-0.06615982489287053,-0.145250847601676,-0.5351095587126966,-0.033712174033658567,0.08353578038384399,-0.776479646559062,-0.16837307183714,-0.19969994974710417,-0.660063749584636,-0.2027198234958411,-0.1862342567138408,-0.503963241143763,-0.17005646600988833,-0.09716083397152925,-0.4719438175819314,-0.1398771617021405,X
0.0,0.0,0.0,-0.23789432474186925,-0.2767820544754965,0.0018683079452613217,-0.3470933462253331,-0.5971742277004602,-0.03080015838122158,-0.36831732673282,-0.8444163591939732,-0.09065537385353932,-0.35971196804415984,-1.018954741488096,-0.13045373621396364,-0.10013744849084737,-1.006622727834783,0.009729996813833408,-0.23328313445255763,-1.3282161842720932,-0.07011472613485818,-0.38209174137586766,-1.302683814721355,-0.08797517331880939,-0.4681837049273486,-1.2227449409727418,-0.08971375323987237,0.00771052718561901,-0.9990497950329998,-0.042895860115407955,-0.3331156288600464,-0.9368073374764853,-0.10377412668718358,-0.3489545208703614,-0.6577400930098543,-0.08171630783336781,-0.22339655676665612,-0.5791991594806887,-0.057060605220968105,0.07245682812145897,-0.8996587258732456,-0.10883089579619076,-0.2888312040281618,-0.7674698356881134,-0.1557423905423122,-0.27141456308319606,-0.5418762616579237,-0.08924257437665362,-0.15358659530241447,-0.5146140405373422,-0.0484411799636033,0.1083318960604332,-0.7774271761999877,-0.18496345960012106,-0.18487181412181486,-0.6544969840226816,-0.2280290743160041,-0.17934632319215743,-0.4919092823752411,-0.19437895202442548,-0.08929332621539451,-0.4590923666190452,-0.1595236269525937,X
0.0,0.0,0.0,-0.25437861022338193,-0.26453495201323785,-0.01042397768230898,-0.3631703270529976,-0.5883770851052207,-0.04893734839504129,-0.3702085246125975,-0.8618610684439761,-0.11076021702766907,-0.3483020281700499,-1.041524837017254,-0.1495877157524712,-0.12386493980304196,-1.00629012219814,0.011249225230428848,-0.2652127208405167,-1.3161643439457649,-0.07948697229929096,-0.41497443304681664,-1.2918281259295372,-0.10060258983014796,-0.5076273586893153,-1.2144036912422196,-0.10192383836671826,-0.011113333586710909,-0.9993088068227868,-0.03547396824445558,-0.34471789471054115,-0.9721370952996529,-0.10370836635422007,-0.36412787470181596,-0.6774362425208462,-0.07071041141576818,-0.24095348832120933,-0.619901117501176,-0.03354468135138037,0.060036829422600684,-0.903634640475638,-0.09966303788864225,-0.2904700782019651,-0.795300760379813,-0.15653101316958287,-0.27816221874607233,-0.5531777595277714,-0.07808311605479634,-0.16785524946443728,-0.5365631590600496,-0.02507837850538591,0.09445796225139727,-0.7807943211249888,-0.17516967908025113,-0.19504030143469087,-0.6630919267553247,-0.22382347091143673,-0.18608089420585783,-0.49210871300927933,-0.1872984731422091,-0.09735858308000613,-0.46561514088139994,-0.1485906215525123,X
0.0,0.0,0.0,-0.24893152451711273,-0.2682911233305816,-0.029847167444217195,-0.36277111424459596,-0.5901919532981408,-0.07437218145432493,-0.36930747037166417,-0.8441264469766309,-0.13920172758899216,-0.34890201837037993,-1.0238135110042286,-0.18122439426194623,-0.1228583309872023,-1.0045998283530202,-0.013025542152486165,-0.2607152503254736,-1.3270423222876806,-0.10657854650423633,-0.4091214012904003,-1.306073300791214,-0.13006251723966483,-0.5005353424227216,-1.2267336505298194,-0.13473802364887236,-0.0066275989878365965,-0.9986902237814682,-0.05073373488101941,-0.337321416549682,-0.9530157494325852,-0.13078711952185818,-0.3556052910006792,-0.6561026096585889,-0.11115189123315147,-0.2324690675704621,-0.5958267430628548,-0.08502281100964794,0.07158382605865991,-0.9062186620288911,-0.10543880278335352,-0.28078324857185255,-0.7848019320343449,-0.16903697763184747,-0.26466566791441576,-0.5364444771828999,-0.1002279687168204,-0.15262323667670974,-0.5132646266870216,-0.05486948953089731,0.11292535074557782,-0.7859285279124433,-0.17297806047870948,-0.17714566069532284,-0.669467697349513,-0.22542147878278013,-0.16832479333802405,-0.4971720291938427,-0.19287210439207095,-0.08016681024324111,-0.467741680660486,-0.15797415415336452,X
0.0,0.0,0.0,-0.264843381813005,-0.27379308510509964,0.0037766811355770453,-0.38934057102836744,-0.6002296152387083,-0.04137040396821791,-0.39859111695550015,-0.8754772598802052,-0.11638989850023804,-0.3784151275426951,-1.0603441463603311,-0.17107197224645734,-0.15061901932344793,-1.0129090394509173,0.006889177824782951,-0.27811861073448374,-1.3442485925900887,-0.09053205301245719,-0.42741468917436354,-1.3315517737955018,-0.11397402991280318,-0.5279322742052879,-1.2573958897600659,-0.11941824563493127,-0.032450478452440236,-0.9979046955785406,-0.05597486034380125,-0.3494805648371186,-0.9916813786664777,-0.14005860838241022,-0.3708517100336577,-0.6813616529743728,-0.11102004914245983,-0.24832514960787955,-0.6217738179704513,-0.0786014941462103,0.04694459467619363,-0.9051350862508426,-0.13512981157858617,-0.2901970409209449,-0.8126832967214463,-0.20105875397409625,-0.2797947861440218,-0.5582684569059017,-0.12092412458017258,-0.16946038464355717,-0.5400077835894671,-0.07082601612305985,0.09236872921450416,-0.789552915800477,-0.22430354819695272,-0.1919916359964472,-0.6771547849376918,-0.27449723876780296,-0.18313667622837237,-0.5050103655471907,-0.23653860640578198,-0.09208103018973483,-0.4837011048489999,-0.20207587773124,X
0.0,0.0,0.0,-0.2875256183757702,-0.2856193075265442,0.047936617306538504,-0.42134033541905336,-0.5895406581170219,0.007727448535398317,-0.4557695213747464,-0.8546198029150095,-0.0727922668345764,-0.4466672237415456,-1.0415719996808745,-0.13757942851520394,-0.16879810227745512,-1.0212471198984971,0.03160100089063226,-0.31299615335566094,-1.3633521087284703,-0.06232904337446976,-0.46924892718039485,-1.336098615725596,-0.08539011258941046,-0.572725956484902,-1.2556870686091064,-0.09128701946452684,-0.04713499465847665,-0.9973722224632243,-0.055017652960788074,-0.3859276935719523,-1.0030874142125326,-0.13202616657532643,-0.41073330164161953,-0.6843723283091937,-0.101422999052247,-0.2850110537116224,-0.630859833550044,-0.07300933834997621,0.03304546463872154,-0.8974964597492782,-0.15395646842805777,-0.32607192701721305,-0.8139008385804142,-0.20649178482306357,-0.3098565012839275,-0.5514555899145696,-0.12338541332098368,-0.1911916435583058,-0.5373207962345404,-0.07966700671355124,0.07684348011146028,-0.7805720084651839,-0.25876794572100986,-0.2220652006635489,-0.6816239637469363,-0.288526581252138,-0.21105191618315994,-0.5018933782338789,-0.23946292447417608,-0.11291207095269747,-0.479034107555994,-0.2050358894775456,X
0.0,0.0,0.0,-0.2664777919976561,-0.26799251376133676,0.000537336011641061,-0.38390584270728173,-0.5927519662750967,-0.039118256160367446,-0.40549735532103504,-0.8586079403363808,-0.10617500455419539,-0.39148523083848313,-1.0365932559763678,-0.15168348076884303,-0.15049529190165867,-1.0149831411995456,0.0089333921181503,-0.2792730099291552,-1.3447106354773841,-0.08834969626008013,-0.42891964586711584,-1.3087330587826884,-0.11038696094882856,-0.5276956869349289,-1.2188635708491062,-0.11346864404577907,-0.025948572652956307,-0.9984317311563223,-0.04960594518264581,-0.35748390821545495,-0.9880549750273089,-0.13861909585885993,-0.3803443411954441,-0.6768727537080428,-0.11696709235197167,-0.26043714589895256,-0.6279326299159901,-0.08818294276795799,0.05907017550599659,-0.9024393322184258,-0.12426184932786592,-0.2931433606446284,-0.809168628401391,-0.1939703400178718,-0.2774388005298538,-0.5499303287009972,-0.12147881673484608,-0.16414909899072755,-0.53755844543196,-0.07466295724701028,0.10446523270698126,-0.7809332539156311,-0.20814324678850252,-0.19030301785154186,-0.6835592380119355,-0.25707643992028556,-0.17964831289764416,-0.5019369285866856,-0.2184972017224921,-0.08633715389102262,-0.4794593750795715,-0.18300267173069187,X
0.0,0.0,0.0,-0.2736752856188684,-0.25196748364269245,0.0049701691567763315,-0.39619991646277114,-0.5743082440124481,-0.03264345464150754,-0.4149637401447739,-0.847927633606498,-0.09755553775380292,-0.39656741467789264,-1.021939944012821,-0.14194223305453826,-0.16382435248015514,-1.0086704454976345,0.01503751479258084,-0.2963946604597787,-1.332768482517771,-0.07968474040581415,-0.44578404601116206,-1.3055889497094864,-0.10261065718339898,-0.5405570264550911,-1.2250911425259763,-0.10786405551109808,-0.036774684354356546,-0.9983258698136149,-0.04464392737569951,-0.3687469831304961,-0.9932970423859525,-0.12403071032564227,-0.39049815897008633,-0.6794646369888094,-0.09606680702136079,-0.2666592456205491,-0.6272174611151382,-0.06540576739533147,0.04762795016034429,-0.9018618531383269,-0.12095203939861206,-0.3046767091241165,-0.8178900535681686,-0.18514818154367077,-0.2911063157740305,-0.5548694939788222,-0.11003515329976578,-0.17661619405598372,-0.5398721186704646,-0.06358425795506684,0.09283531207708841,-0.7780487100339982,-0.20632689951544678,-0.20399000184663263,-0.6859445832945515,-0.2530942233001566,-0.19378571066645942,-0.5042389472904855,-0.21535063670715474,-0.0999330183454347,-0.4785525461191943,-0.1824123614977664,X
0.0,0.0,0.0,-0.28715060286600663,-0.2717565601259526,0.02393493703445893,-0.41360688317306327,-0.6005387481044222,-0.015651716724183563,-0.4284090429314765,-0.8854449539507551,-0.09038164102318244,-0.41171009708522766,-1.0802405627366904,-0.1456628179665058,-0.16918772529580575,-1.0144819820850948,0.02666253470264857,-0.30833325753420937,-1.3462390222388563,-0.07477770252992555,-0.46196639251224697,-1.3046278688034214,-0.09647395280395639,-0.5612888608812618,-1.2132335267734846,-0.0987375328981732,-0.04069536026730852,-0.9979944359904968,-0.0484870434727094,-0.3685529467546663,-0.997443779592726,-0.13840813105320554,-0.3933628143438049,-0.6704661173293784,-0.10614207481154292,-0.2679826023602283,-0.6246007255068787,-0.06965580460053303,0.04652374586007195,-0.9028051596730868,-0.14019904700124056,-0.3048306324394183,-0.8179949936710464,-0.20854652544906704,-0.2927864766574386,-0.545348883731017,-0.12182113944613898,-0.17596087163434865,-0.5330993214893147,-0.06743668043024986,0.0968688509765734,-0.7844024107983343,-0.24024563670599483,-0.20030871090029168,-0.6833878363415785,-0.2857091828450785,-0.1911137297780176,-0.499679636007987,-0.24087595394231182,-0.0943638365654745,-0.4813721269311789,-0.20319160991863486,X
0.0,0.0,0.0,-0.283481436348264,-0.2788462182732446,-0.009452925060598808,-0.40656026421346303,-0.6102708094271606,-0.05406797415976932,-0.41758519802744165,-0.8781901026657317,-0.12738342066132535,-0.39454329888422446,-1.0746009258939118,-0.1781632424247248,-0.1747670421553363,-1.0082872724726368,0.01228308572605321,-0.33012781907934735,-1.334120620845875,-0.09402075136323841,-0.47996409755267305,-1.2823029576841465,-0.1229875820040396,-0.575557434683904,-1.1774076564891038,-0.1303961697001719,-0.05282462432974986,-0.9976202990389875,-0.044309118810711465,-0.3740912553876978,-0.9773765681092276,-0.14614190362808824,-0.38584510754238616,-0.6580262018939649,-0.12748519478687836,-0.2636783936394295,-0.6144497070565984,-0.09957560311531026,0.03649948814245609,-0.9147993676667284,-0.12022295062086659,-0.3044749871325999,-0.8082590822018261,-0.19791964094636538,-0.28752947996232137,-0.5428899492978972,-0.12013133085472857,-0.17596123873328468,-0.5379027427036531,-0.06912946892840192,0.08913494498956874,-0.8093733612267568,-0.2077259857644279,-0.19957819297228108,-0.6945804906442045,-0.2582764946480218,-0.18824658652628334,-0.5160560939962263,-0.21831295382357285,-0.09282432565140214,-0.506546256473082,-0.1823942950396552,X
0.0,0.0,0.0,-0.2765348314599719,-0.24230622130622362,-0.007128233737706299,-0.4047891304208778,-0.574052629829005,-0.03948545508413359,-0.4239822175269168,-0.846170826334555,-0.09614610176679966,-0.4103720283263166,-1.0311984079998955,-0.12928979705333657,-0.18229765983085,-0.9923443435813727,0.008465309558720758,-0.3427568328229799,-1.3071671544586734,-0.09127298531400284,-0.4909720205038403,-1.2443230185215475,-0.1167152477551324,-0.5803864604414856,-1.1481923564877106,-0.12252306811820914,-0.056047031871660664,-0.9976140125212826,-0.040311440554307125,-0.38846730883218705,-0.9558537017995787,-0.13048247316116887,-0.3979833255508146,-0.6396664627073552,-0.10925122257804258,-0.2773262495435106,-0.6020823606252624,-0.07982802574131277,0.0399620852489651,-0.9190601299638209,-0.10632499993777421,-0.30737314646698366,-0.7883738673340467,-0.17317020752808082,-0.2816221386382048,-0.5247929358135668,-0.09627673591338558,-0.16758300114862296,-0.5207660613916483,-0.045249713159903705,0.09856289205386645,-0.811956244008628,-0.18347182699656167,-0.1919340672743237,-0.6840013237528705,-0.23511275588263147,-0.17596844597182962,-0.5034400959253692,-0.20016937019196945,-0.08152476340908522,-0.4943557456552681,-0.16452555863320137,X
0.0,0.0,0.0,-0.27376683001029295,-0.2290405781061714,-0.028409755134702234,-0.39485461195305877,-0.5578794280002211,-0.06199034731460483,-0.41623093319806637,-0.8271180459983244,-0.11375501736393605,-0.41484490144183844,-1.0159851893518792,-0.1428243216872235,-0.1716064648481305,-0.9907970641827086,0.0020603058197725386,-0.3319689008559826,-1.3028392677057479,-0.08080438227035645,-0.48574357072556357,-1.246236877466821,-0.10392034751143726,-0.5767401336636663,-1.1484288495534314,-0.11126760239099054,-0.04751529642821767,-0.9984036910193944,-0.030534674784385457,-0.37811029482200104,-0.9367381002637958,-0.10217728132169168,-0.3768791714780831,-0.6351468430271838,-0.09087066749017027,-0.24626972044712106,-0.5833760704267944,-0.07510594246810931,0.03778760261716172,-0.9156152812639891,-0.07938584508910415,-0.31019248618365525,-0.7875661509268668,-0.1366257109521927,-0.28414430743003183,-0.535112050005745,-0.07923912936512695,-0.1681563737994676,-0.5246515735597237,-0.04535694283068588,0.08234872284686331,-0.8083729151794101,-0.1403546999554291,-0.20719069456715564,-0.6947124197973337,-0.18759748796789197,-0.1927968613432403,-0.5148152359292959,-0.16046696465728538,-0.09960316342964438,-0.49082054665473956,-0.13330825156778878,X
0.0,0.0,0.0,-0.24978836419683223,-0.24758917208670844,-0.015130128496026886,-0.35428475259335707,-0.5585936146988226,-0.04595737551433958,-0.3761085954762337,-0.810630953209008,-0.09840778354552934,-0.3627057075877775,-0.9856771612432631,-0.1298956915540204,-0.1454689979399268,-0.9895448165511151,0.013480659528801418,-0.288302239160392,-1.2898084534983152,-0.0557574082825245,-0.446306058367038,-1.245541949633435,-0.07629451832391963,-0.5427502175795031,-1.160304861263928,-0.08454920392367671,-0.033989938339235165,-0.9990985276105452,-0.025432581822059104,-0.3555112510783463,-0.9172316943996738,-0.08121547856607628,-0.35129680788020085,-0.6469919573500168,-0.07461460627415635,-0.2226398506071772,-0.5869937710049286,-0.06666042799101246,0.0395922081114796,-0.9137514965108552,-0.07757884643185531,-0.30505285365110696,-0.769101964262055,-0.11897430938455308,-0.2754768248293977,-0.5447676624595315,-0.0676217518671891,-0.15890631148756543,-0.5289990230216718,-0.04185222903791368,0.07589862205658257,-0.8066706523771798,-0.14126521902332254,-0.2091476922593705,-0.6799106501770462,-0.17945427565788696,-0.19253478040538524,-0.5145270834130166,-0.15360379082913267,-0.10079191746332673,-0.48447938930986195,-0.12890424522605914,X
0.0,0.0,0.0,-0.2374941504579354,-0.2650801164367878,-0.0003897525606005661,-0.32594019439013205,-0.5667413122055324,-0.030389490218383816,-0.36347684700135624,-0.7973074682687787,-0.08436480214450598,-0.38060032538822924,-0.957183231666217,-0.11796875278624497,-0.0732374131438557,-1.0171592897802388,0.021538514603682828,-0.2167355458338491,-1.3148717402320105,-0.042221392900563405,-0.3905786817005798,-1.2761039631017301,-0.06122625806974415,-0.49549135754015305,-1.1875285590096327,-0.06788050768464296,0.007884977593955324,-0.9996309881136762,-0.025994513483003037,-0.3465190342143562,-0.9513010454307262,-0.06774907119724372,-0.3546955127680881,-0.704110698900224,-0.053307111945815014,-0.22987353286377743,-0.6286449071980766,-0.042598612590274226,0.039361617809825125,-0.8875857032395709,-0.08612863960065381,-0.3329726991047409,-0.7873125453964409,-0.1134558522147046,-0.30230147568825366,-0.5783419577166392,-0.0568231495106196,-0.18202014314046214,-0.550241723418181,-0.03032457882343358,0.03712689461153828,-0.7612773151763997,-0.15705039132628473,-0.25440314476497283,-0.6791373146793688,-0.18466595461011445,-0.24078560869541216,-0.5286660701547211,-0.15448142896825412,-0.149564313485343,-0.49204304570279656,-0.12820556505839736,X
0.0,0.0,0.0,-0.23239463588393502,-0.2917262803645449,0.006113538363224512,-0.3130683369557881,-0.5928612445530794,-0.024379120272922716,-0.355924059179349,-0.8042246834434802,-0.07622776865127864,-0.37555384293385524,-0.9660908211790357,-0.10894240093288525,-0.020751605144834727,-1.0293212085615544,-0.001613305278723464,-0.17366525915023134,-1.3373832516803217,-0.06989498714602987,-0.3490015249800769,-1.3208909683918144,-0.09360931944685771,-0.4628997544236675,-1.2490878549982092,-0.1024471623385341,0.029454583145253625,-0.9983048740689808,-0.05019766868944825,-0.34980685130630523,-0.996861740199734,-0.09104977241712554,-0.36978948797259686,-0.7517330408478968,-0.07239715694738375,-0.2550035816777709,-0.668207611992851,-0.06009787084774661,0.030000314439009263,-0.8879482625684106,-0.10894193509796178,-0.35734492386688865,-0.8173676818032221,-0.13333905073557756,-0.324066585880577,-0.5978606303990401,-0.07174017632062495,-0.2032710909418556,-0.5548449336456641,-0.0434089427314853,0.006158474030166498,-0.7616321920371605,-0.17726255749834466,-0.2929922606209454,-0.6813696982226276,-0.20658562749142428,-0.276160940402773,-0.5190793552992043,-0.17489159407982494,-0.17964248930968685,-0.4738729164335535,-0.14717035996113834,X
0.0,0.0,0.0,-0.2035440876223158,-0.34625802383012444,0.02740830607937279,-0.2739581206562125,-0.6387932068009297,-0.011595635528515539,-0.31324769953610304,-0.8481092280773636,-0.0802422732852595,-0.32610841485820125,-1.0194886498178244,-0.13312961766899034,0.02389429707663015,-1.0455941842938397,0.0005239300955458535,-0.12707499953776502,-1.3652119299631302,-0.07778808743291594,-0.3109927339629074,-1.3453537803869866,-0.1051588032788696,-0.4280832573398491,-1.285249683417719,-0.11529574902030454,0.06992931734453929,-0.9952198839307235,-0.06817091171932478,-0.3135360090210572,-1.008753661080647,-0.11550517176797129,-0.3450023211440483,-0.7467123015877287,-0.09627271376145052,-0.2257315036093586,-0.654081947502745,-0.08516488907198765,0.06600675192263696,-0.8724461802693894,-0.14538482053769047,-0.3391029087459402,-0.8375498005464806,-0.17652437573477106,-0.3189127215110318,-0.5999861201439317,-0.10570781420683827,-0.1912648087808,-0.5438065341297234,-0.07178939494103725,0.038808383679102575,-0.7429939245028568,-0.23002751031402313,-0.2819853904612704,-0.7101890855679706,-0.25763481109823483,-0.27464480121613555,-0.5384785526131054,-0.21131592827830137,-0.17378447130004,-0.4766767463534185,-0.17400182986918505,X
0.0,0.0,0.0,-0.20670560217719974,-0.2970242021269187,-0.015150161800128906,-0.2691451290683025,-0.6037113425762495,-0.046835618846465005,-0.29946253979947873,-0.8208117572121358,-0.09483954124627293,-0.32263495004794235,-0.9951566291452442,-0.12381506233313648,0.03923262945078722,-1.033763269459605,-0.011498198291803558,-0.11332528526003992,-1.3536075532263376,-0.07624100646825356,-0.302568624073194,-1.3460144056668026,-0.09734156371297581,-0.4250003921546833,-1.2872522387220116,-0.10423352607655305,0.08577878058122855,-0.995116922270301,-0.04882941545094548,-0.31482406713660704,-1.0096151513076108,-0.08607764489192406,-0.34584408449529697,-0.7665775721402535,-0.07290746401787282,-0.23797113105842493,-0.6656781153131006,-0.0658715758837053,0.07513323691691555,-0.8804061839840787,-0.09712690424585403,-0.34427351913663345,-0.8318951950043421,-0.1267639386069671,-0.3143386366091341,-0.6013369460215555,-0.07336155897018165,-0.19060082925134844,-0.5318551345542829,-0.04807687230171644,0.035958956066396784,-0.7528783274503895,-0.1562472253384591,-0.2902975219605076,-0.6973733359630758,-0.19651062568895672,-0.2767356667862918,-0.5194893324769436,-0.17063433804175132,-0.17347560828118572,-0.44183983547560796,-0.14310920144059416,X
0.0,0.0,0.0,-0.21087761390211557,-0.31350736661072787,-0.002404613908386638,-0.27867178490909256,-0.6096842657191435,-0.03531173378366454,-0.31199529389187225,-0.8301953914283681,-0.08949163175285951,-0.32048698397778835,-1.0102588936258046,-0.12497164827655,0.007889250900543456,-1.030525723620752,0.008911685250487227,-0.1250216653289226,-1.3547972096034473,-0.057114656163263416,-0.2949036327678935,-1.3375523189826704,-0.07861113103917992,-0.40011356062655307,-1.2683339501212283,-0.08578585864057844,0.05907341799003426,-0.9975150160642496,-0.03839432267034583,-0.33521392882424256,-1.0275750217150994,-0.08189191520218264,-0.3786369805372072,-0.7698389636505049,-0.07028659048120878,-0.26962913045376485,-0.6712867517205208,-0.060946588534306144,0.059526947886376726,-0.8886250065416325,-0.09673556310794851,-0.349820643207702,-0.847790218878366,-0.1289449295730286,-0.3341296485937489,-0.6074482364815215,-0.07074382587490557,-0.2134800335262031,-0.5449006360913737,-0.04093217472115367,0.03463317537173139,-0.7614790858611746,-0.16486896234404017,-0.2852760037968943,-0.714078133906192,-0.1989285611950628,-0.2808980706994076,-0.5323808578178776,-0.1630496952770742,-0.18218261006737568,-0.46324834159591355,-0.1293319558455357,X
0.0,0.0,0.0,-0.21706726048603203,-0.30030848461467274,-0.012411856128688512,-0.28180783665841974,-0.5906692875006561,-0.045564601763054664,-0.31561463568055853,-0.7951529920515148,-0.09566865716962471,-0.33307923556752644,-0.9641608420003396,-0.12630300777416986,0.006336703456995891,-1.0225450137839003,-0.004471412887423088,-0.1545633844994761,-1.325893794070169,-0.06604090105082397,-0.32272114844583255,-1.2979248230396399,-0.08829192978356122,-0.42264096051763844,-1.2246736284370825,-0.09746724177328767,0.05807908352146628,-0.9973426427692016,-0.04398264397976973,-0.3349723662318928,-0.99363969612882,-0.08279063444436628,-0.3568420576521193,-0.7557319798200919,-0.078051179432554,-0.24786865473921035,-0.6672295021674026,-0.07718984479640292,0.056102361987461526,-0.8886524177362572,-0.09345637601261628,-0.3524150557367308,-0.8268777524087387,-0.12597064660994944,-0.31719476088592635,-0.6029773986319108,-0.08215977309251013,-0.19401937969396346,-0.5443385877014119,-0.06329660267394717,0.022975153053065963,-0.7593068704035715,-0.15260201412806637,-0.29464989827855426,-0.6944425650144502,-0.19472915418094328,-0.2784730396740779,-0.5165980185955226,-0.17232490237149406,-0.17848510288472522,-0.4447673164142437,-0.1477881973046347,X
0.0,0.0,0.0,-0.21252539149285432,-0.3335992274689313,-0.004739284081132498,-0.2815842813198552,-0.6445686301082509,-0.04046380089391743,-0.31979182946962714,-0.8692310678959325,-0.09660507070454821,-0.33569039420869357,-1.051413710116167,-0.1339349341847878,0.01343973011359878,-1.0362600957082342,-0.005850489394464793,-0.1371226727226665,-1.3468415330579888,-0.07862929369087308,-0.3213089713844432,-1.3068042807787006,-0.1101429271927278,-0.43830160480548985,-1.2301360900968175,-0.12384304050419641,0.05585151157337565,-0.9970660759261376,-0.052343565910461486,-0.3260035472403234,-1.007926433322926,-0.09846614456075334,-0.351190844956265,-0.7505540170256292,-0.09328193834860699,-0.2373033582309574,-0.6431223510595417,-0.09223889771818962,0.048915496970210026,-0.8774192898793237,-0.10905802873083101,-0.34895314520442744,-0.8328884772613279,-0.1400302534662444,-0.3271948624089696,-0.6066192506917829,-0.08806662948087508,-0.20287112719910114,-0.5475360007196481,-0.06505038058452432,0.017575593221128668,-0.7414322925120913,-0.17536785553868742,-0.2967825856257598,-0.7063176057873011,-0.19967002397808886,-0.2877441872964883,-0.5453495786196668,-0.1619067263529273,-0.1898113502419649,-0.4848334031539938,-0.13088965592806498,X
0.0,0.0,0.0,-0.2486129329831001,-0.3067414264453904,-0.008813685649398668,-0.30884663050610806,-0.593493664510788,-0.04749242189957041,-0.3372169389121751,-0.7811581817013288,-0.10395434692557579,-0.36172925960038466,-0.9456046985118827,-0.1429771723824172,-0.009714577449448519,-1.0405022321081325,-0.024079908018889453,-0.1828823344534643,-1.358321418997139,-0.09773024104599108,-0.3626780550919847,-1.303733063967512,-0.12936770650653992,-0.4665893322256496,-1.2054518472155975,-0.14541228135754986,0.03446544817286695,-0.9969349818887596,-0.07023371532748382,-0.3700721743473826,-1.0096538920277265,-0.11756943876175607,-0.3947796215097044,-0.7665481102480796,-0.11266637358984574,-0.27969022518714204,-0.6810830873213655,-0.11519324512246744,0.018579320398465674,-0.872467028205406,-0.12610648990703643,-0.39148110817129766,-0.8247200272714664,-0.15847438672295192,-0.36638173075581637,-0.6033672131946374,-0.1062151909067261,-0.24150954658311297,-0.5555999914178695,-0.08718734868546903,-0.025407628789102674,-0.7363745126696061,-0.1916225448283465,-0.3405970810907548,-0.6908446293089957,-0.22595358729534068,-0.32074729538758723,-0.5264109718362773,-0.19575660063138378,-0.21544963254148622,-0.47341782698350154,-0.17206745228390857,X
0.0,0.0,0.0,-0.24531102979760522,-0.32851488603188295,0.011035949367963867,-0.29395349869864323,-0.6181107779435647,-0.015648517097442808,-0.3128102511120958,-0.8270034835852039,-0.062165600965489835,-0.33315169789494775,-0.9903417991052776,-0.09248000862289728,-0.03913258042675426,-1.0331435469053123,-0.017923324828712558,-0.20154461172963542,-1.3463573627445855,-0.0808087147911458,-0.371432349650742,-1.279884062079239,-0.09981915082421787,-0.45860846505363073,-1.1534469170434793,-0.10689863532545636,0.0038979036223783944,-0.9977176834026859,-0.06741090841198161,-0.3832165883954154,-0.9938758252732802,-0.11065252154922549,-0.41017251868225374,-0.7678767897209366,-0.10581046514245049,-0.30046425621563516,-0.6866751424578372,-0.11024096360082807,-0.005648047291828181,-0.8773949808224982,-0.12244855261880919,-0.3920546745094876,-0.8292129586415056,-0.15230061981335316,-0.3753568353808986,-0.623550443817076,-0.10819186416330684,-0.26229309300166836,-0.576417764282291,-0.09576945732503808,-0.044157714130018844,-0.7425914426690793,-0.18410836567240954,-0.3422148954252392,-0.684242972540569,-0.2147782741671875,-0.32949805224194345,-0.5298948002266132,-0.189809809540876,-0.23717151404038825,-0.4809865102477936,-0.1711715694889145,X
0.0,0.0,0.0,-0.2515639614051838,-0.3630624719467152,0.0322897487050826,-0.30415210807777565,-0.6703117659533523,0.017171160076337483,-0.3363574279725221,-0.88127413284254,-0.023262198764538403,-0.34895229714809695,-1.0455968192547969,-0.04996312897431473,-0.029770405741508462,-1.0476222259499788,0.009273331099526513,-0.19115822773853716,-1.3650838751070158,-0.050085327353240006,-0.36806014559181616,-1.2899280083587057,-0.07149348312035297,-0.45412145749155475,-1.1639917536316073,-0.08055952831391222,0.011459990311243631,-0.9987249504268156,-0.049164438540684356,-0.3821578833617842,-1.0078159611264155,-0.09529010851183832,-0.41219056408982785,-0.7729468817093308,-0.09351622586068649,-0.29350747473304106,-0.6801148879919163,-0.09769543899766205,0.0010741569009214123,-0.8741308888577985,-0.11202632533045143,-0.3897484945829728,-0.828105652465432,-0.1383799660898137,-0.3733506381026373,-0.620460314276246,-0.09316687452696108,-0.2518240416219572,-0.5739242452218204,-0.07896107863950184,-0.04120259563576928,-0.7446548362998754,-0.17987704953080966,-0.34206895048264874,-0.7060484703948364,-0.1963599533394149,-0.33248969495978836,-0.5540632249548432,-0.16244683965485957,-0.23661410427519652,-0.5027416433322907,-0.13874355484925957,X
0.0,0.0,0.0,-0.25351166909367334,-0.34162087944332686,0.04202674062452664,-0.29881892526775583,-0.6481167168970409,0.03205766397512342,-0.3180247180725096,-0.8655914513753138,-0.004603390794603924,-0.33597005697752613,-1.0415471427059682,-0.027168756375821907,-0.027525016920594687,-1.0340959436900368,0.02072929470410591,-0.1892054921349208,-1.3434366044705321,-0.03258773694526477,-0.36070372898683495,-1.281677789047033,-0.04584255432465032,-0.4476133861234364,-1.153707176115473,-0.051308688321279064,0.009912918960533609,-0.999039034343653,-0.04269358143073787,-0.3798965803956681,-1.00959654900982,-0.08280024903887029,-0.4132494124027423,-0.7699712832109191,-0.07318872900410146,-0.3007237845584806,-0.678535277693765,-0.07370443411580507,-0.002834356021257263,-0.885766992458206,-0.11027143665134119,-0.38720580468576454,-0.8415580421055615,-0.1362742694554368,-0.37655750993350745,-0.6258931047523908,-0.08613328890568928,-0.2664833250429699,-0.5755659191636368,-0.07091270857522743,-0.04644000894642674,-0.758336873120977,-0.18243726354010356,-0.3390855077307646,-0.6931206115255728,-0.20869844847599645,-0.3274241681184288,-0.5361498528531156,-0.18149295795118767,-0.23543177773401175,-0.49336540762496656,-0.16300452052012457,X
0.0,0.0,0.0,-0.23705513301639333,-0.2940165380789022,0.008417357912255775,-0.2985183912625133,-0.5560250960284241,-0.025837946647989465,-0.33921313960267485,-0.7385698247195452,-0.08420609126391265,-0.3625907495012707,-0.8804631667961089,-0.12384294987149957,-0.03862725386690294,-1.0328829606998076,0.010183934346880285,-0.17674350303066647,-1.354140647674199,-0.060214407908731095,-0.3556428881884882,-1.2927480255866324,-0.08770824980271007,-0.455934768826811,-1.1731952177666585,-0.1002291849886304,0.008067869722095408,-0.9990525861708922,-0.04276493357178661,-0.3795654320118397,-1.003108433034004,-0.09472411228645587,-0.39662776253066595,-0.7457468837248064,-0.0926780906506632,-0.2681424392362526,-0.6525930457842716,-0.09482969670146622,0.0075072183275045595,-0.8890348276542738,-0.10543761934007397,-0.38799924141397973,-0.8310994941962142,-0.1399443189073891,-0.3616726643514872,-0.6034025427196784,-0.09010801852246199,-0.23678183395267127,-0.5570700304053479,-0.07097693382139761,-0.024805125982448502,-0.771392062242092,-0.17638745698624905,-0.33163953807904295,-0.7201850077976472,-0.2054473945087818,-0.31560106203642035,-0.5555428470715992,-0.17544088392238932,-0.21286261853469665,-0.506303712306222,-0.15226012377651585,X
0.0,0.0,0.0,-0.24785432629319384,-0.3310909399927212,0.00957711914464949,-0.30703840628227086,-0.6140484869023659,-0.021848352933408085,-0.34193801321022393,-0.8119528071093687,-0.07776790897857365,-0.35273799961268104,-0.9662116962923231,-0.11709490082398198,-0.029988415332128895,-1.0414690261367796,0.010682568633772085,-0.1818375080021178,-1.3527312668749325,-0.06268958076341356,-0.36291500538014115,-1.2772522979205936,-0.10038009311360693,-0.4642811464694294,-1.158028482225284,-0.12006715256149166,0.01213074072610749,-0.9990331376742134,-0.042256774110811295,-0.3749364899807133,-1.0087000056232016,-0.09342270005600575,-0.3929528986546421,-0.7664242713492411,-0.09700973017203424,-0.26778308502973397,-0.6801331764229411,-0.10492846562504334,0.007020349830696122,-0.886633415435953,-0.1048255666793713,-0.38829277542810375,-0.8319161452257079,-0.13352360095309398,-0.3601771645912627,-0.6173559677935726,-0.08860841809173282,-0.23248287230815123,-0.5740283727710814,-0.07530847358197378,-0.02943422559098743,-0.7677751663222957,-0.1761324093062644,-0.33985221445000346,-0.7193225577411272,-0.1975892593457204,-0.3216562872937135,-0.5618064013408233,-0.16683233799000524,-0.2183481829495392,-0.5135508768312222,-0.1452727384503351,X
0.0,0.0,0.0,-0.24344642952384765,-0.2958173722973384,0.005181205608742929,-0.30617575498126964,-0.5953017395925195,-0.021693456784874856,-0.33256196799859766,-0.8112994477347902,-0.07122420944978172,-0.3544600830669313,-0.9908848386427813,-0.10070336369718251,-0.04743420684839627,-1.027115409769296,0.017675393660800086,-0.19808760286191268,-1.3216818457524235,-0.04889186412758581,-0.3645670375744694,-1.2469301679941818,-0.07077512999482219,-0.4598373163519814,-1.1362747566477585,-0.07887184034546098,-0.0023277629117397117,-0.9994334920950356,-0.033574937059495824,-0.3743591818596292,-0.9899652262466647,-0.0840933301349073,-0.3899311196453975,-0.7358241264665878,-0.07666816878881279,-0.2704429810984489,-0.6662944992952624,-0.07239961111751128,-0.0006454659562529291,-0.8955429686988704,-0.09610267670716469,-0.3808621415957556,-0.8200304200241405,-0.1312539752046321,-0.3516023546140623,-0.5920538870102205,-0.08081696637058991,-0.23180265131094543,-0.5567295645954279,-0.06034435670980057,-0.02645799509350405,-0.7779949507613333,-0.1678447572848832,-0.3224021314828129,-0.7041381625830784,-0.19938210983880955,-0.3077293787470154,-0.5366695288606652,-0.1713094833739268,-0.21075293929188363,-0.4960878375501993,-0.14894435526345068,X
0.0,0.0,0.0,-0.24287486158930108,-0.3301353363080492,0.019453705464643763,-0.2987336385040613,-0.6296840196744541,-0.001461121348541986,-0.32664101871578255,-0.851232521333775,-0.04868053746312552,-0.3350041520661741,-1.0090719603347693,-0.08001989783600068,-0.04188317103486116,-1.0316157091475215,0.030473097670427458,-0.19692959721282116,-1.3319503550516494,-0.03500048822050365,-0.37374069880153143,-1.2603647909453686,-0.06879646699976985,-0.468875501885154,-1.1486526929414524,-0.0867937734615949,-0.0003499126116528263,-0.9997326040876499,-0.023121372911024955,-0.38141306914741807,-0.9858933013762434,-0.07062873436354322,-0.39417600219718635,-0.7327284752819498,-0.07202782998043204,-0.2657593683232849,-0.6394752847305449,-0.07816895698437962,-0.004335624394808249,-0.896655875884629,-0.08583086069873044,-0.38670244583519336,-0.8337291231350188,-0.11335911304622376,-0.3611591950710187,-0.6134372183255261,-0.06851554399642337,-0.23717269158799031,-0.5654384366744759,-0.054176212556571846,-0.038621327096319456,-0.7872817378596819,-0.1567035553037507,-0.33737235026501894,-0.7349812688985159,-0.17507589776060026,-0.3220884558994792,-0.5778272295480424,-0.144510501732699,-0.22236373146490535,-0.5296741127625184,-0.123212750210285,X
0.0,0.0,0.0,-0.24148202995285314,-0.3042552163383025,0.01325050591275662,-0.3154795670225846,-0.5870249209817161,-0.013563665992876374,-0.3541955740931636,-0.7947974304707107,-0.06396581449916017,-0.3641129558656185,-0.9407489843062385,-0.09778231702669947,-0.031692338456765425,-1.0359523498278191,0.004560580289514374,-0.2078616544936909,-1.3425848276859855,-0.057822590944642274,-0.3871180767779581,-1.2642556537971512,-0.08343240595145633,-0.479643592664666,-1.1585295861354832,-0.09636059003741654,0.006056887354205179,-0.9989723680501414,-0.04491683412564996,-0.38705969048356,-0.9783302344058807,-0.08693667145146905,-0.3874324786850169,-0.7241539742026747,-0.08300156528890912,-0.24910908500341228,-0.6329442680547062,-0.08771510741222194,-0.004637750450931622,-0.8886048662596618,-0.10175740836149756,-0.4009666795839588,-0.8153459986968192,-0.12808068270470915,-0.3578914081101769,-0.6002234467338422,-0.08260819453729763,-0.21933962640001167,-0.5561409656357187,-0.0688262663009251,-0.046147827193497644,-0.776154060444143,-0.16636147474525845,-0.353955766663175,-0.7160714323822525,-0.19176165394621986,-0.32379233871050744,-0.5583369902038862,-0.16527168166744446,-0.21020355270590677,-0.5070412231730757,-0.1457052510331067,X
0.0,0.0,0.0,-0.2529264324844348,-0.3276371929990033,0.05114268278851387,-0.3159244012622454,-0.6186406098770966,0.04167995124666249,-0.3550486936754047,-0.8276161130069637,-0.0005314124120686472,-0.374135741392499,-0.9837119267299188,-0.02912634929228151,-0.06182936288558762,-1.0288711065587985,0.05358624048245432,-0.24062188171043858,-1.3124829456838765,-0.003303609079123614,-0.41949750867297175,-1.222132897638828,-0.031018295476244018,-0.5130094394594782,-1.1060910235934334,-0.04616213654903791,-0.02600466357988149,-0.9995393896334114,-0.015645000586916466,-0.41372103846435504,-0.9485443636507218,-0.06045990165930982,-0.41444955312421267,-0.6904921413003989,-0.06290502786022513,-0.280899685977686,-0.6057092018808015,-0.07074582942063691,-0.03344929778622019,-0.8990557408594778,-0.0904848816185944,-0.4157318189421499,-0.7985674547605751,-0.11582749318017961,-0.37721838043374895,-0.5748959960196852,-0.07166870823646211,-0.2458238691905255,-0.5347979562909474,-0.058875289072980334,-0.06878771446575074,-0.794217825795404,-0.1702514118018148,-0.36180991348040914,-0.7122433776762338,-0.18906969925856534,-0.33490651813592043,-0.5477490047224058,-0.1578622980430872,-0.22762518745281327,-0.5011844426440554,-0.1361525134421603,X
0.0,0.0,0.0,-0.25161200362055397,-0.32769447542280117,0.03265026034740343,-0.3218892285823831,-0.6268442332555206,0.020003255059651618,-0.3598231642185247,-0.8432468026613908,-0.021558576159883363,-0.37606162687390704,-0.9882065245751427,-0.04981579315528055,-0.057568460575406294,-1.0316255856973033,0.04357912820522128,-0.2350343795969202,-1.3199603487457074,-0.016919432854777455,-0.41327221992770746,-1.2374550307752044,-0.04998541276466826,-0.5041793888707734,-1.1172777108170728,-0.06793862774238149,-0.018705301085639635,-0.9997273344524118,-0.013977426800775477,-0.407100764222724,-0.9673122447006542,-0.06022693834671069,-0.4135731233241992,-0.721997503231754,-0.06436200228974756,-0.285686866542493,-0.6324652190273006,-0.07277242794144609,-0.026499250681345603,-0.8965728100567509,-0.07925708186495045,-0.40989181672063835,-0.8076927797847874,-0.10515048308681992,-0.3751366736775947,-0.5972596995818201,-0.06687245369566068,-0.24915744333007067,-0.5547421920127791,-0.05640748598843656,-0.06437286328294511,-0.7882459858232275,-0.1512193202489694,-0.3584633157525342,-0.7120422451477046,-0.16620105301805776,-0.33179323877868,-0.5614341340777498,-0.13938497294732508,-0.22747068960799147,-0.5191531141574004,-0.1210567353135873,X
0.0,0.0,0.0,-0.2570155216740869,-0.34345943174816695,0.04680016669283263,-0.3307738061227018,-0.6355642101034785,0.03562527141148043,-0.37801963653769194,-0.8596537779646466,-0.00879469236480349,-0.3993542482635346,-1.0145974079524898,-0.04199392821847269,-0.05505572789112794,-1.0243416459058667,0.06318233884540901,-0.22026217232053472,-1.3028145351898188,0.005537755477979027,-0.38820243298099355,-1.2262894677990968,-0.030728723845228824,-0.47446465202271615,-1.1045697684383826,-0.053841375765539205,-0.014579649003469891,-0.999879377988329,-0.00535381253012473,-0.40412751112135803,-0.9868380287864316,-0.05515530166686943,-0.41989660258084205,-0.7380585510456734,-0.06273009125523686,-0.29956203325605024,-0.6364387742539004,-0.0731860789597941,-0.02063091108986152,-0.9026038126533571,-0.08096144721720994,-0.4051866712479686,-0.8292361111071501,-0.11137528483056515,-0.3846365704137777,-0.6091387283275908,-0.0728831230278428,-0.26904005250643,-0.5553667215240926,-0.06182914053168072,-0.05878250674087738,-0.7985269815519137,-0.16204717739089003,-0.3529383514982855,-0.723091312112228,-0.17869206540120922,-0.33350216458049503,-0.5690090419846644,-0.15141287124974923,-0.23319269351383817,-0.5248134906211357,-0.13372305073544774,X
0.0,0.0,0.0,-0.26478352640606073,-0.3105356012319355,0.046588726666044404,-0.3249600479202793,-0.615499432962883,0.03745952514624865,-0.352981149333321,-0.8428527092702218,-2.4767088249832936e-05,-0.3768101963998525,-1.0164940941719,-0.021621306772447155,-0.05529423830006197,-1.019554176888374,0.045902741531728054,-0.2552174147005862,-1.2813251921614288,-0.011882497165804987,-0.4174206416618929,-1.200685603181678,-0.03289861764727662,-0.49424898101938325,-1.0891228605521273,-0.04313355970995592,-0.02291975685842709,-0.9995159120603866,-0.021038685406746804,-0.4217417194250287,-0.9665749342794233,-0.06786072926530215,-0.4298377067617856,-0.71421116482871,-0.05918615544532078,-0.3072864388754136,-0.6464797189241455,-0.05637783083082014,-0.03610687826359079,-0.9045750983962995,-0.09452680633596851,-0.4234312764246119,-0.8232480188156578,-0.1265514045826081,-0.384961691652539,-0.5989008952930955,-0.07767605805402339,-0.2659879924881721,-0.5629508872266972,-0.05941125605631417,-0.07908559939022658,-0.7903240275708401,-0.17242322056491965,-0.3671117196640843,-0.6971355189852132,-0.20031003087867846,-0.33022605977064495,-0.5269983729500477,-0.17343653010126595,-0.22497154116546939,-0.4860808705209586,-0.15316978243872875,X
0.0,0.0,0.0,-0.2553529251031546,-0.3433153069658442,0.044858146762078235,-0.3186923975227461,-0.6480452708835052,0.03996240720279153,-0.3502558913240978,-0.8730649329877215,0.0029991864858068553,-0.37465171641404815,-1.0385201581836407,-0.0210889245879105,-0.04228852421535632,-1.0291140991267846,0.05859008798973814,-0.21289043773887253,-1.3177776251867057,0.0017798397173789157,-0.37307866035657283,-1.2143206939272921,-0.025546162733154715,-0.44459000332499454,-1.0727689992176266,-0.04006120747483474,-0.0059578420801461385,-0.9999568903378742,-0.007121908701795767,-0.3969849612367553,-0.9850122421487633,-0.05633151939134873,-0.419146001890809,-0.7478832321562797,-0.06324326746676405,-0.3053142971641032,-0.6703221403884867,-0.07138064001500474,-0.019045182999785745,-0.8971482752323061,-0.07980021896067493,-0.4041366232276792,-0.8210008759093224,-0.10946908762671681,-0.3833743236861206,-0.6154033462772355,-0.07504983988204317,-0.2696085807196243,-0.5808967266843511,-0.06671121800340339,-0.06694116042505552,-0.7873300357927987,-0.15780009385419472,-0.3579883686009194,-0.6994524367792316,-0.1774441546685489,-0.3393264674024575,-0.5467185087082962,-0.15545106364961522,-0.24454293594200022,-0.5062709332458792,-0.14015088157297528,X
0.0,0.0,0.0,-0.21448485182131374,-0.3419342823252374,0.06095511310518991,-0.2729234498130361,-0.6502241478475851,0.057543066090867116,-0.3040264449672397,-0.877033059866696,0.02040334999409278,-0.32563820008557515,-1.0486146325097816,-0.005511181976445881,-0.013140952183743022,-1.0263175847340615,0.05786640975362129,-0.20434194203343534,-1.3267289798765742,0.013343387216960365,-0.3714824892583477,-1.236359015957115,-0.001784269050585364,-0.4468639584974142,-1.1144405985793213,-0.009782433824229756,0.013429096867433597,-0.9997884797047519,-0.015577394101259768,-0.3759180012431128,-0.9940053399803925,-0.04466016924440644,-0.3889700154190919,-0.7516471899880357,-0.033265823053074836,-0.26699280314897067,-0.6687342803293065,-0.033111339586463985,-0.008421453186381954,-0.8992370119635574,-0.09373041858046285,-0.3956786888827836,-0.8196120066833138,-0.1063292466071243,-0.357092066526506,-0.6056286965338316,-0.05826919554237192,-0.22794486006949458,-0.5646827765996446,-0.04622422749031807,-0.05563542383238128,-0.7944430024068824,-0.17611563165272973,-0.3583831137855512,-0.7127459403908776,-0.1956421000547284,-0.3267253406926737,-0.5478573143686474,-0.17148173774744532,-0.2158310334144403,-0.5011830275075654,-0.15532445167462505,X
0.0,0.0,0.0,-0.21372877140130153,-0.32782538365110325,0.08049697741516344,-0.2721699071151942,-0.6183900745634489,0.083832723660692,-0.308347029887657,-0.8417758394689804,0.049203964752370564,-0.3252267809866747,-1.011419749917578,0.024965197470290232,-0.027055482508793846,-1.023453182977731,0.07369669932841115,-0.23517184386538176,-1.3345396885584107,0.03859108700489367,-0.4048288857884267,-1.231298696507624,0.03587641986064068,-0.4833094554766723,-1.1100247061801722,0.03584792366779253,-0.0002274335642363412,-0.9999599032344721,-0.00895210574550771,-0.3985111279734027,-1.0044813289429648,-0.03245055824007394,-0.4046627324382776,-0.7434123415426512,-0.015194378519121945,-0.27533575374384145,-0.6612321799208439,-0.011873525219209077,-0.022414086935112848,-0.9066957945518318,-0.09384938549680709,-0.425371156971376,-0.8439092127529915,-0.1018213629393739,-0.38656095024784076,-0.6057720675659972,-0.04532842829552329,-0.2526209828428136,-0.5628698432813707,-0.029037036482305736,-0.06783791163264724,-0.8091967406950688,-0.18152627512653066,-0.3862666980245122,-0.7369981969185893,-0.19979667840168533,-0.35165856312410243,-0.5584921491537328,-0.169668285711374,-0.2354262550165778,-0.5056041085251457,-0.14922483557337218,X
0.0,0.0,0.0,-0.16136976662972083,-0.3546681731736384,0.1609627800611442,-0.21974808304700771,-0.6465943464536946,0.18973334521872784,-0.2721059474446363,-0.8658676587668713,0.15880715677541402,-0.3156674385390395,-1.026446316876816,0.12765287989858495,0.0008661001151087415,-1.0154444689207167,0.1589414066941711,-0.1980714631538888,-1.3263331296600003,0.13151584924583304,-0.3518061699883868,-1.218758302283536,0.11762750701128812,-0.4103013747138916,-1.0968938792274303,0.10831255186322619,0.01780575090305264,-0.9992800833577604,0.0335003020775323,-0.3667471011204476,-0.9999219128333064,0.02474040410975683,-0.38239446716347014,-0.7340485415218866,0.03925598403532462,-0.26350427063070164,-0.6335219559053373,0.03890062388424652,-0.015600364268483064,-0.9161439782841944,-0.09069348964657974,-0.4022140768707594,-0.8350300937537811,-0.08429180284492732,-0.3622102856394349,-0.5892478686186658,-0.03546700418743892,-0.22547613825951246,-0.5247121437001038,-0.027227442929443624,-0.06896603825127373,-0.8367587732518234,-0.21131222264764585,-0.37765969851590464,-0.7310164869725709,-0.21547060342897256,-0.3486301174931039,-0.5453787535504511,-0.18704540009320375,-0.23783690081694955,-0.4825629943177976,-0.1715331091405419,X
0.0,0.0,0.0,-0.1963987022173845,-0.3850361859196884,0.1561440369115547,-0.2606630066896627,-0.6752192418352398,0.17883742640054912,-0.3261616115132705,-0.8974303990672948,0.14360089731833175,-0.36974569916028743,-1.0660869463715168,0.10590559383140412,-0.005143158805269945,-1.0308276171192017,0.14899837786259726,-0.21788668360424268,-1.3430899922325146,0.12256215035665224,-0.38573239774406376,-1.2419414430702687,0.1025717599543437,-0.4631351958800201,-1.122702577849196,0.08957684756965215,0.0010478376044850324,-0.9995811178040628,0.028922153549393877,-0.39415932256152864,-1.005075541377348,0.019094305786717527,-0.4136182354708646,-0.7598509461528357,0.018005900858308853,-0.3036591861406749,-0.6631608963585106,0.005256508074951619,-0.04554763242937497,-0.9138881281814594,-0.08702751073521645,-0.43743492537373685,-0.8468981823951891,-0.07634806223531944,-0.4073949284786458,-0.611842575850482,-0.042187786357999434,-0.2767504276478236,-0.5469826916751894,-0.044358301066417735,-0.11259913077776912,-0.8361574408106112,-0.19865487028498893,-0.4188509252755876,-0.7532628364390553,-0.1894792740731567,-0.3942299906790404,-0.5676140816146603,-0.15634146623945733,-0.2872757352649678,-0.4947733933177659,-0.13907513772322713,X
0.0,0.0,0.0,-0.08562913797303016,-0.3682892185856529,0.20591621114945977,-0.1474889393551885,-0.67096146058499,0.2376351931343455,-0.22882943108948137,-0.9060025932599889,0.20781803373018357,-0.3055144526135615,-1.067510838908623,0.17244235967524094,0.013909138037985852,-1.0312086759005916,0.12822755728377333,-0.20653279170219227,-1.3591065614890063,0.11897319100974835,-0.3688535631571535,-1.2719940168031985,0.13144265671109345,-0.4446967241323284,-1.1689647667361496,0.13859496750475803,0.003676807322110348,-0.999915303780046,-0.01248464474362689,-0.38680847439056415,-1.0326261492871942,0.0013687250894538327,-0.40121807244954744,-0.7635835355577818,0.037225656440643934,-0.28838147292933647,-0.6630251555143866,0.04521360579118681,-0.05431211180608825,-0.9066822280261295,-0.14032153432407676,-0.4292795009473324,-0.8679610197063324,-0.10635318290354304,-0.38611086627420915,-0.6270785482116341,-0.046719609104554465,-0.24787801602713355,-0.5654454159197452,-0.04051499965868597,-0.12297813222334504,-0.8195721977468281,-0.2580069456177854,-0.40765476685432994,-0.7647345749808425,-0.24709344355401527,-0.375581556212044,-0.5782072395813468,-0.20816337652337116,-0.26842071718675875,-0.5061958478700277,-0.18921344711879381,X
0.0,0.0,0.0,-0.12351927427526917,-0.3716040101421916,0.16213056540770143,-0.1995377685886142,-0.6796490114316242,0.1696775347435042,-0.3030095236158644,-0.9231143152235439,0.11954602205855751,-0.3971161265267074,-1.0874524193793846,0.06576404420602078,0.008817162482459723,-1.0475814910263674,0.11235949962686081,-0.21627435486725954,-1.3946111332041662,0.07456218120235265,-0.36366854536348936,-1.2730971208271316,0.05818453508812608,-0.41047112533495245,-1.1412652332391362,0.049899257510418224,-0.006901702269585318,-0.9999001804693001,-0.012328649692614903,-0.40865969970233,-1.0584079488333014,-0.019791176410464413,-0.43077715475208234,-0.7842072880376556,0.0008717567182257096,-0.314770067306451,-0.6957467400828755,0.0008793076210213691,-0.07445352493233552,-0.9007169311205112,-0.13128495551387304,-0.4639945988135309,-0.8726659815435898,-0.11203868566061775,-0.43508170141306024,-0.6361061816413892,-0.060816380369391784,-0.3045665188668368,-0.591105013278781,-0.05696853230277198,-0.15714376985838094,-0.8138762442325777,-0.24449231199509883,-0.45565022806431965,-0.7548667547333328,-0.2220557990214187,-0.42633408076231977,-0.5750682032721156,-0.17945861064920715,-0.31732633231800755,-0.5219001349148435,-0.1602312561741795,X
0.0,0.0,0.0,-0.10769333861680494,-0.35825950710194043,0.20640637744198526,-0.181329196023541,-0.6530483472210441,0.2398548182189229,-0.28798126894969867,-0.8756510835377027,0.20793799684640263,-0.3917845802488593,-1.02666890633983,0.17112881778405836,-0.021542854467477036,-1.0429845920876002,0.16981790194153967,-0.26117582665492584,-1.3636375112541341,0.1413055904230723,-0.4127017594516726,-1.2334769635704812,0.12029832145847623,-0.465211100449793,-1.1012581825740642,0.10719349696762812,-0.044235381392891855,-0.9986284679849331,0.028007391222514704,-0.4338239769712405,-1.0295496292723558,0.029816744559295408,-0.4387753626131247,-0.7736515300105026,0.04402442683998684,-0.32037947244145465,-0.700304819619281,0.036495775441644236,-0.11407214233075401,-0.9005605288542085,-0.10561868308752423,-0.49041782328936,-0.8699297294857268,-0.08170021346886562,-0.4398084043421155,-0.6331687889985985,-0.03803856437827143,-0.297345370744965,-0.5893077847692978,-0.04048409780573809,-0.19490994724996916,-0.8148455408562373,-0.22948410353073054,-0.4821356397224749,-0.7681165234533345,-0.20992299018720081,-0.4413164733108801,-0.5857825088419422,-0.1722178665748444,-0.3232944930322525,-0.5313947402381844,-0.156875855832857,X
0.0,0.0,0.0,-0.08510141458478757,-0.3500484952664313,0.09978390772862843,-0.1577151483037365,-0.6446061066434005,0.0995130314249199,-0.2634353335795809,-0.8655674533451947,0.055914016569351965,-0.36407067543320787,-1.0023803385598895,0.015069476762434296,-0.01530567720972356,-1.0289625515849279,0.08600977203398907,-0.25617283169862176,-1.356586024595999,0.03338957004893226,-0.39945962758126186,-1.2231288611934052,0.0006771993302290229,-0.43856364977045165,-1.0805617173611872,-0.016960898172559812,-0.03340168408949983,-0.999417365204772,-0.007018377813769475,-0.4335362328981952,-1.0404322080642951,-0.03443632460789111,-0.4413014673655004,-0.7952552410556639,-0.03244922434680364,-0.32637810865343914,-0.7151745086922657,-0.041290103144231524,-0.09496913424575087,-0.9064344069120293,-0.10077499618901427,-0.4856358560409132,-0.8525202504046174,-0.10709671739868334,-0.44225096212895965,-0.6245818964133499,-0.07507182574361815,-0.3069715751184522,-0.5768858248497308,-0.07485251161061052,-0.17385100774601783,-0.8082948902662146,-0.19399601073858805,-0.4769992123566884,-0.7356779712394231,-0.1994010686077748,-0.4372415649982124,-0.5546804068179141,-0.17410842746278307,-0.32189374126393566,-0.49898102177795983,-0.1595991113419893,X
0.0,0.0,0.0,-0.10423192759166304,-0.34387822441578897,0.13180485622116161,-0.1808242974679346,-0.6380840714971145,0.1416777237928387,-0.2901737138715458,-0.8569588285876936,0.10072950092072615,-0.39192701690161014,-0.9977365953931469,0.05972649088828908,-0.013200008063826723,-1.031045996474383,0.12306209350073673,-0.2588941378115204,-1.3715297902768662,0.07539632959261604,-0.4039205952996445,-1.2426148510530108,0.044583685519154766,-0.4441324104035276,-1.1053527265086505,0.027626712571966392,-0.031964286578929114,-0.9994213593330293,0.01162888182155927,-0.42496299238916224,-1.1069017866022213,-0.01583581645457207,-0.44921797968961125,-0.866059470647319,-0.014489363373010418,-0.35099371044585886,-0.7788733953722774,-0.020580867803050084,-0.09820665847086159,-0.9155475769258578,-0.0991904006580121,-0.48205124784336867,-0.8838591007327751,-0.10609218408657756,-0.44084350684340307,-0.6443499294579809,-0.07732643120323845,-0.304137956100611,-0.5925312391774563,-0.07765877148214337,-0.17995054630878168,-0.8293917318649255,-0.20600119433951852,-0.4740625609907987,-0.7659258083865516,-0.207926180228364,-0.43648410677073674,-0.5787847468173632,-0.18281655450210127,-0.3217415746148819,-0.5247505846180712,-0.16997221296551687,X
0.0,0.0,0.0,-0.08250856389260994,-0.33819471565033243,0.15063573626073248,-0.14808539229811768,-0.6442993771733,0.17460109969373055,-0.255743092169591,-0.8561917227781927,0.14909013782015085,-0.367390344248075,-0.9872845341730169,0.12389665052765703,-0.04639344926311383,-1.0234145423073717,0.1043422959746046,-0.26530526717323255,-1.3600120657826842,0.07840989445572497,-0.4300999005261113,-1.2549587767593309,0.07158992359953864,-0.5017662653237134,-1.123743502612665,0.06720140254971886,-0.06566001407898711,-0.9978156951330173,-0.0072526613984616175,-0.4668502594634547,-1.0201296163454772,-0.011207330366457833,-0.47935689854048186,-0.7907848074677503,0.0058671006051845805,-0.37553245988905626,-0.7151352474469187,0.0008204972866442948,-0.1297941704223845,-0.8983544177068273,-0.11169084129250684,-0.5130810607558245,-0.8447312616034386,-0.09631313860125308,-0.46395447172302207,-0.6269779585804118,-0.0522244308356389,-0.33440540843242883,-0.5842059921633787,-0.05203835851483692,-0.20949848714101066,-0.7935833333563309,-0.2104662682792487,-0.4961616759800686,-0.7363696619992813,-0.21026575084797966,-0.4522614357559311,-0.5659875123449128,-0.18047891140683123,-0.3406724863001259,-0.5137501787058201,-0.1667402434659856,X
0.0,0.0,0.0,-0.058099051150091126,-0.3306687407422198,0.12233158767196606,-0.126882645074091,-0.6302711787805969,0.13399412753895504,-0.2365684837815564,-0.8253328567405741,0.10022134969365719,-0.3429655068101403,-0.9475818351585228,0.06820572773393427,-0.044020468753289195,-1.0263536689758468,0.08756087896982004,-0.2653886774475653,-1.3716716890191458,0.05444862763717153,-0.43357712246571883,-1.276324314968822,0.03880371272759134,-0.5098587621947557,-1.1489451472460683,0.02911636599060251,-0.06390643234306095,-0.9979011235939409,-0.010455402198484443,-0.4592179914592984,-1.0130448374067438,-0.025820491153958142,-0.4624121146674256,-0.7744990695211057,-0.017036394151633546,-0.34612249749617885,-0.6944513386397884,-0.024513484821573672,-0.12695672854114323,-0.9022334021006098,-0.10367221693540674,-0.5126210042107658,-0.8288086060697748,-0.09452341376583474,-0.458556505992457,-0.610083524797425,-0.057753234504630435,-0.32130943861605793,-0.5708813866365332,-0.05933874893839293,-0.20584064083895245,-0.8007050065280837,-0.19395614262298075,-0.5019479007957401,-0.724555373369015,-0.19120509029730656,-0.45764680459556556,-0.549867284368341,-0.16124020038877965,-0.3441687276298012,-0.5011909965496439,-0.14598708635808705,X
0.0,0.0,0.0,-0.05120702565631134,-0.3346189171971461,0.09763697456040586,-0.11953512137961074,-0.6317234731410147,0.09913036397474591,-0.23368652323344688,-0.8117380979451873,0.06075848555753061,-0.34646652637256603,-0.9196071268430469,0.026112634231732317,-0.05033060619862711,-1.0273592451395124,0.05738919013967294,-0.27313487560440897,-1.356231773914899,0.02130456757446738,-0.44032678574172057,-1.2694560418462826,0.007264031770093587,-0.5182574061531843,-1.15219101817301,-0.0020448969131746293,-0.07456672971694604,-0.9967672125347998,-0.029915327758943552,-0.4672075673927458,-0.9822062386066804,-0.05170275280807767,-0.46025453034771174,-0.7324581305458477,-0.04465780129519965,-0.3353094460649285,-0.6509204125847448,-0.05258385370157377,-0.1370078344791631,-0.8944936726386618,-0.11300212257887375,-0.5210515057405176,-0.8046500168539598,-0.11160102920926254,-0.46176398016228226,-0.5818064735049192,-0.07560511045564916,-0.32288940322001675,-0.5420188708073863,-0.07591429024561824,-0.21300646847538238,-0.7817861121559014,-0.19511565714483628,-0.5056717931112864,-0.6907648759333065,-0.2011358241339292,-0.45775111261419554,-0.5156094675983033,-0.17270839176964348,-0.3428887703768231,-0.4664620003306984,-0.15661352432560982,X
0.0,0.0,0.0,-0.0678988450056275,-0.33697524482873503,0.10439073298077164,-0.1425239069772383,-0.6511874766891732,0.11272847172397546,-0.259393135003583,-0.8525431218747909,0.07939225502855407,-0.3680785954012147,-0.9789939399841145,0.05223338839872264,-0.0715719018559001,-1.0289069344413082,0.07422690484772758,-0.29882296258835767,-1.3622961158714877,0.028876330523496765,-0.45528597441141316,-1.249794980428106,0.011884905489900328,-0.5172964387554344,-1.1168889563994477,0.0036186275871403577,-0.08967055208963157,-0.9958002724005158,-0.018466444568436085,-0.4860993468115029,-0.9984011395177819,-0.0511984232366195,-0.48119096470922823,-0.7576031739770697,-0.04445933449975683,-0.36227483730060767,-0.6918647575438517,-0.048208182913031146,-0.1458697809084747,-0.8902039002317778,-0.10887284761641806,-0.5322810152196323,-0.8164344562449264,-0.11803736610632518,-0.47222525908421203,-0.5953992326574249,-0.07812436695121107,-0.33370523940046354,-0.5703941777631685,-0.07173584233331048,-0.21899397786770622,-0.7716756870198072,-0.19730443832837963,-0.5156092764455102,-0.6992216314407309,-0.20788934832842257,-0.465799142170221,-0.5266315473918819,-0.17734583572516197,-0.3485582314298318,-0.48890091894682874,-0.15768744715906718,X
0.0,0.0,0.0,-0.06691697775531429,-0.3560420722365505,0.10422247947470406,-0.13664399732479507,-0.6696280213776195,0.10817067463211501,-0.25827967318662426,-0.8439725148895408,0.07460687538649251,-0.3849321526377908,-0.9483282546767603,0.046372518251879206,-0.0791635718381623,-1.0283242749223431,0.035823169007293744,-0.29000135107260655,-1.3566030151070911,0.0005671380177618809,-0.45634655381641975,-1.2679584788858718,-0.0018380023808271177,-0.5351366179144369,-1.1344519001221092,-0.003012463955930119,-0.1030353620520945,-0.9931703675152584,-0.054738791148508735,-0.5064969363588909,-0.9683850628483146,-0.08079756441617315,-0.5108775689291304,-0.7383737004616742,-0.0702913468373204,-0.40560450528159925,-0.6634288149273152,-0.07597407082624019,-0.1630082548613972,-0.874666489015885,-0.1380638849528813,-0.5392269922308919,-0.7893764611156109,-0.13897368291096615,-0.484137016281188,-0.5871398590026728,-0.09605403740680728,-0.3615313352434595,-0.5586353649500898,-0.09222095487273116,-0.23689951408400348,-0.7397484319351039,-0.21842394749059246,-0.5047984052649623,-0.6646363970414113,-0.22650174921402963,-0.4608834649983318,-0.5088932393753295,-0.19452767486632985,-0.3602718151127612,-0.4757886537270785,-0.17599726600335927,X
0.0,0.0,0.0,-0.09153329423653599,-0.32630772610694436,0.10686033180406068,-0.15878114434898355,-0.6330997435626067,0.1235015230969453,-0.2588661771397251,-0.8336078378031199,0.10058834312136435,-0.36013439808235775,-0.9548022684166936,0.08259207790430022,-0.0782440594293432,-1.0190267473342762,0.08226971315776055,-0.2704173051258238,-1.3561524446736122,0.05253744955102992,-0.4301173111622957,-1.2744619511539028,0.044744246802577575,-0.5020164813025464,-1.1463742131331687,0.0394407359227486,-0.08704747472682355,-0.9961818780489184,-0.006663556904007569,-0.4718837035870646,-1.0019766801595165,-0.023926680465772933,-0.4821917329364857,-0.7753502499106467,-0.01541577212580272,-0.3786673815235124,-0.7006836897378009,-0.02118622873904335,-0.1399247145662101,-0.8934433027157332,-0.09200463284009472,-0.5125282238692987,-0.8178445283719863,-0.09043732470587965,-0.468476184958224,-0.6095993727560214,-0.052605588507579994,-0.3481225215732307,-0.577960838999886,-0.0508618595882068,-0.21562117286755622,-0.7722600284534321,-0.17474128135647274,-0.49994983311326807,-0.6963111906465264,-0.17965061396877527,-0.4593205100654446,-0.5304278428012,-0.15024822588050404,-0.3549569726390319,-0.4905566245681972,-0.13388619592462966,X
0.0,0.0,0.0,-0.05957301045162604,-0.35636568390449713,0.1012225596876999,-0.1232312397740996,-0.674255673212248,0.11387306679595519,-0.23060853397052353,-0.8640722982899283,0.0897282012973597,-0.3454044942872586,-0.9719741419539515,0.0691689502909152,-0.05659309856726389,-1.017926215504771,0.06537411017951072,-0.2704810207709007,-1.3577427443279604,0.043094275953521166,-0.4268502261516736,-1.2870770528257311,0.03675226233134497,-0.4980285616366232,-1.1540976994011016,0.03155419596476956,-0.09479872896798494,-0.9953588599463552,-0.016551160453166,-0.46745244393600094,-0.9839898300199768,-0.03375308961907122,-0.46707093732018035,-0.7708801459059674,-0.032112691389226025,-0.3636257282485785,-0.690022872506048,-0.04216208240756865,-0.16862079022897028,-0.8948808606246909,-0.09169501268241856,-0.5135750890062374,-0.8023008891583671,-0.08850898432494696,-0.4647245388579593,-0.6147781721895014,-0.06231326628104411,-0.34635870340989117,-0.5851105005209364,-0.06733683873564739,-0.25911230065267893,-0.779135028499517,-0.16363851899152923,-0.5043305021269592,-0.6957806128399884,-0.16675896206868537,-0.4632985361709825,-0.5339067361309899,-0.13990958200787898,-0.3649315253707561,-0.4917278603789139,-0.12405875664092438,X
0.0,0.0,0.0,-0.07225544450987033,-0.3395514798944385,0.14009806571654979,-0.1408269745107822,-0.6348597208696989,0.16200905408971403,-0.24468526265119966,-0.8113185595883151,0.1354331142570603,-0.3493687017624202,-0.9204242816415871,0.10789263585476921,-0.0569362603531262,-1.0075101787182787,0.11235205860249999,-0.24713802897211812,-1.3606199753206267,0.09474333140367204,-0.397590696543166,-1.2912867999377318,0.08963247034990839,-0.45801622213699494,-1.163637530285796,0.08372585496120229,-0.07906100027325492,-0.9968503481678264,0.006224274534098935,-0.4489675612662463,-1.019214899697264,-0.0019952618190984227,-0.45949253731932405,-0.7913834552625201,0.005919834602701541,-0.3558046937937873,-0.693397283500282,-0.0014723471521009292,-0.14588355431009134,-0.9128162614988902,-0.09339545436734799,-0.5002721493762872,-0.8271069092040308,-0.08332683512609435,-0.4550420858956447,-0.6057125953470671,-0.053427299097941375,-0.3258533328196451,-0.5541764184629231,-0.059466576227967305,-0.23102675385893667,-0.8179760199812245,-0.18736802863935823,-0.4957370238341812,-0.7236603531813015,-0.18502658685661025,-0.45728443197206664,-0.5408390640959276,-0.15885334456501474,-0.351057461271758,-0.4862242577107415,-0.14733249883174634,X
0.0,0.0,0.0,-0.09799684043899218,-0.34535958879030487,0.15081787308620728,-0.16655242574532148,-0.6503402295756943,0.1752035603949093,-0.26080342269360246,-0.8538527513039391,0.14624926532498267,-0.3582638106455191,-0.9888111599235627,0.11354487374874371,-0.058788126034484925,-1.015947894016115,0.13164221167767323,-0.23146742969706802,-1.4006237085379984,0.10093951825186694,-0.3892476836099753,-1.3366927256237773,0.08788030669349552,-0.451192692263174,-1.2100803080472662,0.08169340093704607,-0.06800375653208032,-0.9975325409350477,0.017444737693429645,-0.43719487287713377,-1.1202225944262096,-0.0047586922306122785,-0.47991183442001883,-0.892507101482589,0.003712133382654964,-0.3947056930351948,-0.7643194119112316,0.006339561884691478,-0.12782135770832775,-0.9162769603111209,-0.09254311473947133,-0.4972081945597956,-0.8634289884512549,-0.0957145966521236,-0.4666558391013328,-0.6223627479086804,-0.06827203904470361,-0.3357331333433909,-0.5448802464330644,-0.06729107486214168,-0.20800755027485052,-0.8250307188850511,-0.19513419349284217,-0.48935663702750687,-0.7486930964937595,-0.19171783602807763,-0.46110246398013366,-0.5595587118928114,-0.16377657655883984,-0.35349503511397024,-0.49333860467284335,-0.14855686374587077,X
0.0,0.0,0.0,-0.11569750296297605,-0.3340859066294511,0.16982427068214567,-0.19335908490312242,-0.62450984944703,0.2049604925409181,-0.2976329272446743,-0.8048921958600114,0.1823250705231749,-0.3868494409007242,-0.9346235661886461,0.15344183839689202,-0.06739467702365033,-1.0149195938944797,0.1622063084085247,-0.22689318432890268,-1.394637866124793,0.15284022305182474,-0.3832355201529553,-1.3315219226760389,0.15188550303030038,-0.45303953162953436,-1.2138571742574173,0.15135417680086524,-0.07795860100102137,-0.9960392576100452,0.04275808496172109,-0.4451551727983514,-1.0775307668029945,0.04671659739072482,-0.481509820259705,-0.8372149107345173,0.05979762639512206,-0.3870301612175999,-0.7167030282417672,0.05818268135791805,-0.13836766488041424,-0.9151808765133423,-0.0708994352483448,-0.5022139102300489,-0.8635146132031982,-0.05429513397352779,-0.46961643249132756,-0.6241323843516837,-0.024711382999158416,-0.33714148010174955,-0.5519169341999464,-0.029067138189176382,-0.21516489707392714,-0.8324046587175783,-0.17565650514341455,-0.4944222990402181,-0.7689362175795489,-0.16278115374551083,-0.46654022145485385,-0.5763932471750268,-0.13031675794636072,-0.35605746676665145,-0.5036824145514595,-0.11472819407950088,X
0.0,0.0,0.0,-0.0862229599553113,-0.3481216146340595,0.14539431946597822,-0.1529390893458536,-0.6491975219009635,0.16270173856747805,-0.2538480204142132,-0.8353111927714071,0.12703390125591,-0.36191208021502363,-0.9530082241688742,0.08774049452669953,-0.07005129242836841,-1.0155426362640128,0.11773893106048108,-0.23595557260353686,-1.4056653275663848,0.08507521538201558,-0.4008338105146032,-1.3448144776467852,0.06994464557989077,-0.4786285721654128,-1.2149371579864925,0.06166783245614989,-0.083318685885351,-0.9965054267322477,0.005910251730600665,-0.46178378255964303,-1.0545816561723547,-0.014358297620761303,-0.484521060806979,-0.805245437721589,-0.008142499005633599,-0.3818796583429332,-0.6811783483755985,-0.0109439067979558,-0.1467613880378746,-0.9118509682247689,-0.10088594535354954,-0.5156934342737814,-0.8326138261503927,-0.10082609148633159,-0.4726356577132607,-0.5902667478749661,-0.07254939722975808,-0.33800299929341354,-0.5193299588520844,-0.07427217509556981,-0.23016393031615207,-0.8226683906623401,-0.20099807247166973,-0.5073425318821176,-0.7368318261624993,-0.19653742963660478,-0.47453844926509137,-0.5460407012063727,-0.16491577893322681,-0.36765569642381163,-0.4827769824080593,-0.1478594664125514,X
0.0,0.0,0.0,-0.09338803087101326,-0.3335717316231116,0.14781362086645128,-0.16768124007571136,-0.6243408897298479,0.164787785920131,-0.27476689300083734,-0.8187021043512047,0.1301340589347897,-0.37832444256578357,-0.9450184001482105,0.09048942747171068,-0.07124422316808504,-1.0233106704658337,0.10516389076709916,-0.2480056396235154,-1.3907461261609924,0.07912511094237241,-0.4014252966288324,-1.3148838037606565,0.0716077448859273,-0.4656356528723988,-1.1881403781968947,0.06862614462533259,-0.0818084908076749,-0.9966177435917486,-0.007774573291323751,-0.45283518751296087,-1.0715900588242702,-0.015255371052748469,-0.4805554677287581,-0.8432901392203577,0.002402717078177773,-0.3885556729652487,-0.7281829944247961,0.004632115413549546,-0.14368465526240312,-0.9003996091518827,-0.11481278138186518,-0.5042953825472984,-0.8316035741067318,-0.10430915598949596,-0.46417770392680985,-0.6028981713644801,-0.06716120466186572,-0.3343786577239467,-0.5362955557067159,-0.06572763045362713,-0.22600981326324965,-0.8014051609352775,-0.2150961348140947,-0.49868231079443476,-0.7243605919811092,-0.20408037752398608,-0.46749928300416255,-0.5427500931029205,-0.16984166968026193,-0.3647027916613568,-0.4809910937476558,-0.15274903241140464,X
0.0,0.0,0.0,-0.09035929045388612,-0.33308624205170223,0.14326059630865792,-0.15959849594402603,-0.6275047798196579,0.16711383184267994,-0.2610826972514196,-0.8273319394328941,0.14001334406925808,-0.3655920337881293,-0.9477616813991452,0.10849784810732932,-0.0728044448459634,-1.022964238907234,0.11721040685776338,-0.26075369816533905,-1.4012688152442498,0.0855249104426063,-0.4229075394294853,-1.3094497740329354,0.07014762855060727,-0.4836929623814874,-1.164977400803845,0.06372353978192691,-0.08325105896573026,-0.9964791629237794,0.009926683222929097,-0.4575612437580088,-1.1090055787448054,-0.004438308134440121,-0.4979986578345026,-0.8982439899799238,0.0054851150009254486,-0.4156386245278661,-0.7845166706587313,0.005418283889915091,-0.14274654892647828,-0.9013018464905062,-0.09293966744097425,-0.5111468481120084,-0.8458283947153667,-0.08656601044853815,-0.47693297301578946,-0.6271471191646271,-0.05742594350616966,-0.3521470785403313,-0.5602916955521374,-0.05840686134521824,-0.22556695360973786,-0.7994601469165744,-0.18975025688533806,-0.5032855399892531,-0.7229434199347056,-0.17818348694336805,-0.4728442743539538,-0.5464557088140718,-0.14723730473805954,-0.3708522030358411,-0.4829172325521652,-0.13149884546523607,X
0.0,0.0,0.0,-0.05565274478657687,-0.3378980872686287,0.10935962691175416,-0.13364718505692982,-0.6452505588733346,0.11881543156468174,-0.2556809931051936,-0.8408208422141268,0.08490711085820996,-0.3791088784257152,-0.9383509020892546,0.05416317713444547,-0.09414424864026626,-1.0291607697616838,0.07584795883725197,-0.2896479544436088,-1.4274153576770179,0.0382351755513139,-0.4459088693932853,-1.322907271756244,0.0290151745996633,-0.5030942185240885,-1.1604799866787843,0.02730076723371669,-0.13109275641769352,-0.9912821579342912,-0.013205020861258007,-0.5054018875602379,-1.0287244931472324,-0.038763862833794856,-0.5116260066565166,-0.79034872810949,-0.02643537173984447,-0.39883819815432664,-0.697645495666694,-0.0247158428131673,-0.2033897094356149,-0.884744315760181,-0.09939352622901923,-0.5561626804582076,-0.8203520362659861,-0.10245137043788297,-0.5096151184420672,-0.6071563186061996,-0.06523584248235618,-0.38379854380172745,-0.5668186090711701,-0.059746074284637726,-0.28892528873949336,-0.7667605531745745,-0.18243457245934647,-0.5502460861777674,-0.695922141393743,-0.18084355865518173,-0.5071597635192737,-0.5199700390880949,-0.146954337159602,-0.3984463946303674,-0.46755423076513825,-0.126417313453595,X
0.0,0.0,0.0,-0.056432879718744305,-0.3293755186533652,0.13969807920618546,-0.1371550736339038,-0.6274539241078739,0.1627424690332377,-0.26448101631533244,-0.8111771480458447,0.13427125845116714,-0.38655491130910363,-0.9096308041377256,0.10538707274601286,-0.08367932740618675,-1.0217395908431532,0.11507359010608569,-0.27693836854757475,-1.4286356392494253,0.0858012767847212,-0.43615578690047896,-1.3283613415594997,0.0791031624290791,-0.4934958560720334,-1.1745535929741144,0.07868862712647912,-0.1228190894692023,-0.9923687060391818,0.01094634807029123,-0.4961222315056123,-1.0370144514868966,-0.006136224321095671,-0.5116598615388699,-0.798704325864596,0.0066268104777429,-0.4013498958926187,-0.6999112977663884,0.008383492956005536,-0.2005736022008302,-0.894546021702654,-0.08908515080260787,-0.5510411218115159,-0.8085806577410282,-0.08688830267831872,-0.5048592367967013,-0.5843089395086506,-0.053760214438917216,-0.37173751287901685,-0.5365118072329538,-0.05090620112288936,-0.2902086841795885,-0.7897686723646754,-0.18331606017473842,-0.5487685775127387,-0.6963578680591161,-0.178051739807365,-0.5044401418145291,-0.5110974058360763,-0.14566717049849157,-0.39101227826399715,-0.4533117845536514,-0.12663323310518051,X
0.0,0.0,0.0,-0.059008695007070816,-0.33090449358318497,0.1398637193099454,-0.13030797410798156,-0.6196986633195555,0.15799490539125124,-0.24730319752684385,-0.8100531439983795,0.1243345622671945,-0.37271704726045535,-0.9127847121047115,0.08813336773377947,-0.08198006470599475,-1.0239728154879084,0.1162974002563202,-0.2828912027783491,-1.4118971589489335,0.07629835201332442,-0.44277066021619804,-1.31494331209132,0.057459934916424905,-0.5015716725646031,-1.1603610088892462,0.0495691973462397,-0.11146859531830727,-0.9937431259836189,0.00702508491541075,-0.49368024730349513,-1.1004763245886597,-0.020200153462634676,-0.5234343125733485,-0.8717157242376476,-0.014903308150516287,-0.4289068112138725,-0.7608445604084659,-0.015110829631622061,-0.183444648248554,-0.897896289588877,-0.09858036437579652,-0.5471919708810539,-0.8412323627442345,-0.1063564832104691,-0.5062372256685292,-0.613562053370535,-0.0787598655427936,-0.37728967612844705,-0.5559033816061573,-0.0768893569781267,-0.2715920111109962,-0.7922119485830541,-0.19782340537314494,-0.5431649387988865,-0.7168395621081529,-0.19653035302533226,-0.5061859067334202,-0.5318550019608659,-0.16453341604649266,-0.39864514408167584,-0.471552588405401,-0.1456796172377823,X
0.0,0.0,0.0,-0.04646527216152468,-0.34730952034911255,0.14860431536838295,-0.1264692984219572,-0.6520839726388845,0.17265650484343845,-0.25931958842258135,-0.8442201207077574,0.14567031142176978,-0.38980331492994785,-0.9401919520710967,0.118509730565807,-0.09957836940609366,-1.0207730616856192,0.11270889688929019,-0.2965103466082854,-1.4300650050880344,0.08673242464704815,-0.4674938835272538,-1.3357957512971002,0.08640468248223547,-0.533213093659316,-1.1802511739226509,0.0900361313518867,-0.14213067356819606,-0.9898278752117481,0.006296751928338091,-0.5236945723692621,-1.068490932677312,-0.013957641360639745,-0.5480673533556872,-0.8236434748944664,0.007437795032936999,-0.44281485892040673,-0.7056601154549464,0.01865612942249536,-0.22041341875552384,-0.8915502725554326,-0.09438578347465497,-0.5728231484959165,-0.8283413843304737,-0.09316334200131228,-0.5337545867904059,-0.6056706882900145,-0.05337988964172496,-0.41008424512072006,-0.5519438926190021,-0.04362280263812374,-0.307676452986122,-0.7812212334321234,-0.18794511363707195,-0.558178144403886,-0.6944694126926281,-0.17716487468680758,-0.5172303816567233,-0.5146917366402167,-0.1391050558954317,-0.4117884764273091,-0.4637749847281171,-0.11609176086832873,X
0.0,0.0,0.0,-0.08330203520494307,-0.3510672662445432,0.20746062876771948,-0.16514186768737987,-0.6374247801321161,0.24668221642201238,-0.2838324128068445,-0.8233769931638603,0.22048959349416683,-0.3971445568762936,-0.9318417570161655,0.1881029554420369,-0.08414630564262172,-1.0224598603192636,0.16302350801225243,-0.26520997438362437,-1.3899520202754985,0.1557168528227061,-0.42213273443113725,-1.2791634780749401,0.15715040989045853,-0.4781358354586587,-1.113756506900052,0.15681142738532514,-0.11089952671116331,-0.9934889622659461,0.026095532778114855,-0.4781266688491374,-1.0264997222060617,0.03953374217876232,-0.49823187061435065,-0.796057327028456,0.06350932796402672,-0.39106289697058,-0.6999460258832073,0.06284980325936218,-0.18379917349447977,-0.894933774486942,-0.10034024053666893,-0.5368267234685982,-0.826100932568876,-0.06088571284311165,-0.5027131433007568,-0.6187586503924865,-0.014017559856814518,-0.3801805037531834,-0.574518365442638,-0.017023329669983843,-0.2744988339215425,-0.7992401965942677,-0.21733772572795154,-0.5372668920641124,-0.7094104217099944,-0.18414838824066793,-0.5060126087129085,-0.5445248764122171,-0.14413717642017626,-0.4043645897475956,-0.4971836216975129,-0.13058973069701293,X
0.0,0.0,0.0,-0.08219365019041125,-0.3453432240943648,0.1485228943365208,-0.16957117960522164,-0.6416385749160672,0.17191239720785062,-0.2958296888377467,-0.8203881264217883,0.14444363789010542,-0.4198895479855936,-0.913237363732338,0.1155627289746116,-0.09778470660849041,-1.014370194372211,0.11971331404395505,-0.2892806100753484,-1.4033957630367166,0.09613639255017793,-0.45475978275175555,-1.3004856767762427,0.08753272395098219,-0.5074487268785263,-1.1477825323597957,0.08252467455230757,-0.13311413832527905,-0.9909970336684631,0.014335460865464151,-0.48947018752728094,-1.1046068847768247,0.0015374945643471193,-0.5237835315058429,-0.8780065686698832,0.016160530795061686,-0.4276960757305056,-0.7578820291847492,0.018191186820322395,-0.21008880056862883,-0.9030947590484393,-0.08525518012801098,-0.5551295598745334,-0.8630713539661914,-0.07315152655829545,-0.5285854350110466,-0.6565438888406119,-0.0382273828423422,-0.4134717453166282,-0.5965604116917435,-0.03662019351514896,-0.3036822799451287,-0.8061912723995597,-0.17878476118030479,-0.554391019608811,-0.7333672513456343,-0.15594444942146427,-0.5244723269317829,-0.5645581375440827,-0.11968102242090936,-0.42813497965984915,-0.5113299018871078,-0.1033465881861272,X
0.0,0.0,0.0,-0.033034300783886084,-0.3811671320196194,0.13207428310907574,-0.12096703819493627,-0.6935327390458778,0.15095937618191108,-0.25822758398266216,-0.8590354270309861,0.12124028402835395,-0.3979084865396408,-0.9359130251536177,0.09008476869756316,-0.09632404350905013,-1.0085845388647288,0.1055005040312512,-0.2888454572997696,-1.3672672665790802,0.07528034395177234,-0.45462731287018393,-1.2732866543878694,0.05876570784563865,-0.5161213643646636,-1.1264720798003744,0.04645903017102999,-0.1489045658957517,-0.9888372211745758,0.005327314064375352,-0.5092054645682949,-1.0013695910836313,-0.012888422039630485,-0.5160577470865108,-0.7709954757952843,-0.007692022574055493,-0.40809417410083376,-0.6681657236017199,-0.015348244325325567,-0.23407977496333915,-0.896100817934062,-0.09062226750360636,-0.5765088026611568,-0.8114521353980102,-0.08828720349505353,-0.53530061718284,-0.6000316187000386,-0.06295263403218891,-0.41669887874510814,-0.54727306148933,-0.06937034856055221,-0.3303119476383509,-0.7831410432976884,-0.18183142337740593,-0.5775638203754648,-0.6707463397790253,-0.18138261751326082,-0.5389967810435196,-0.4959464543659848,-0.15887027539962742,-0.43835784886634327,-0.4466462446614489,-0.14949680740402757,X
0.0,0.0,0.0,-0.020835710428166208,-0.3639479441928253,0.17124843100329737,-0.09379608347391925,-0.6490085937619691,0.20363849922943614,-0.2187152388925138,-0.8056659061872916,0.17895234238110855,-0.34992381902187053,-0.885295203764652,0.14785042341837099,-0.09338082559359648,-0.9971765991854137,0.14476667391049533,-0.2823540895399588,-1.3384456443011183,0.1364049883846902,-0.44542755881151663,-1.2469377515604962,0.13227777690612424,-0.5010520531102315,-1.101927094521733,0.12591834534515103,-0.14221723278847076,-0.9894541586313278,0.027472289041158754,-0.500613343515576,-0.9871656428247625,0.03284323374544853,-0.5138110860002922,-0.7597559478678703,0.043918796351408065,-0.40922275578565576,-0.6489222171507635,0.03596108982450285,-0.2256333553035455,-0.8995224997280931,-0.08115499816222756,-0.5644924233080567,-0.7972739540182858,-0.05658178685988296,-0.5306319558127768,-0.582400895397119,-0.032564941358122636,-0.4114291673725375,-0.5232657955603948,-0.04602951965437073,-0.3205236353974788,-0.7920248566431298,-0.18196810158896085,-0.5708071572946829,-0.6704110462133358,-0.16759997924192793,-0.5372187761247006,-0.4990482086083383,-0.14509620177817079,-0.43854807968033604,-0.44620095455507464,-0.1399235198405088,X
0.0,0.0,0.0,-0.020024505615125424,-0.354136665363758,0.19336053686186988,-0.09509997254008586,-0.6376324150471916,0.23392648789033751,-0.21544995699503397,-0.8080832294214054,0.21324640326581304,-0.33872600380772994,-0.8902413517002434,0.18462926912284555,-0.08368587290641027,-1.0050913160594002,0.16681797150362312,-0.27777161356956553,-1.3555207308458799,0.16829676331855087,-0.4411283515107197,-1.2399452107064626,0.17198895574678846,-0.4925890603222785,-1.0740972951904633,0.17404620029532925,-0.13547312487474197,-0.989814489609819,0.04375281242532814,-0.4874486682554937,-1.0375402789201287,0.06406151935902869,-0.518899057157419,-0.8192598431228826,0.08535837625069176,-0.4284180047116226,-0.7126978205452535,0.08655358992100769,-0.22188355967047366,-0.8973541913348164,-0.06855442087656441,-0.5657931471658634,-0.8019556844749994,-0.023549982693360626,-0.5342963487993252,-0.5896307976102865,0.0034900617316419597,-0.4109324231273673,-0.5347729069247197,-0.009673693696417244,-0.31816407296664845,-0.7961542294679385,-0.17131013654283858,-0.5773142967559994,-0.6850954288928283,-0.1334585726724369,-0.5418652158098107,-0.5160291937607259,-0.10315804170673443,-0.4388729149809759,-0.46144694991478336,-0.09494122107007365,X
0.0,0.0,0.0,0.0057989807041721395,-0.3864865916722029,0.16377959234849596,-0.07297787493743761,-0.6862193287376649,0.19565187118434726,-0.20482222390766097,-0.8354161772151578,0.17293187624552506,-0.3431578853039621,-0.9008520806443489,0.14447957631768182,-0.07325737689052018,-1.0051195332987388,0.1342466664596007,-0.2590742236545427,-1.3692269826166745,0.12201696829484673,-0.4286047683751076,-1.2730169837393586,0.11781381244581267,-0.4846963424836937,-1.1209892924408382,0.1133198314613284,-0.1393476398262944,-0.98995870126913,0.023748790629812347,-0.486978028670813,-1.0263988982823602,0.022788014473371882,-0.5093196238718695,-0.8048825960786369,0.034406858533869364,-0.40546542604841446,-0.6906203273851887,0.03184925390341571,-0.2366568257102119,-0.8975306453025974,-0.07797083529860582,-0.5649080188983093,-0.8078044730352787,-0.05822427971204527,-0.529527407271596,-0.5976868253385802,-0.03715762879718682,-0.4037189402891984,-0.5409131682278957,-0.04774618871459071,-0.3391078462734298,-0.787108954476802,-0.17156660772998972,-0.5775173919871645,-0.6686692698066466,-0.1581702321411022,-0.5439332345323676,-0.49528671777053346,-0.13550025284410402,-0.44206761895537117,-0.4421054967124466,-0.12728533716916313,X
0.0,0.0,0.0,0.004910346763255212,-0.3904556248371065,0.17820122695366106,-0.06997478134755165,-0.6814939584150546,0.2094550045452859,-0.20549692951011594,-0.8309011645650257,0.18306551882989833,-0.3455440619119732,-0.9015342578002981,0.15014410997006347,-0.07465945089179363,-1.006334428181584,0.13493854007331008,-0.2658104190032377,-1.3673336450965285,0.13073133100903006,-0.4359308608161807,-1.2649396032466973,0.13465396176194444,-0.49646322033947243,-1.1150426813132388,0.1341628632682235,-0.1418755244163092,-0.9897706941121945,0.015010284749526122,-0.500240642881766,-1.0078247298168188,0.02380782440693661,-0.5188489444835268,-0.7839264561546361,0.040372375398077406,-0.4152776607770352,-0.6818812118248067,0.036827354537387114,-0.2408044944202505,-0.8928844007548349,-0.0937645157438938,-0.5730342622204695,-0.7984317719532438,-0.06411252523186708,-0.5311876833441759,-0.5869063676402162,-0.03560887852351611,-0.4060669670063159,-0.5386606058019197,-0.04605739340438655,-0.34330998035131854,-0.780013740734082,-0.19343841793178307,-0.5797851972115209,-0.6728273670303516,-0.17411856418928237,-0.5432707271738986,-0.5001250152157194,-0.1453659912302307,-0.44217026392894515,-0.4499106521816568,-0.135300014362674,X
0.0,0.0,0.0,-0.013352011416342917,-0.361900464437108,0.18798556590860066,-0.09455165172194875,-0.6556060737086467,0.22911212272361708,-0.22946526028846667,-0.8101366359900997,0.21368524385048174,-0.36974857681946227,-0.876078604834775,0.192415649555385,-0.09972076147683936,-0.9978117958320435,0.12804707559002382,-0.2891880880272215,-1.3732078708156243,0.12635603405999443,-0.4636124763636779,-1.2816681523346027,0.14176195131514102,-0.5282956008045617,-1.1313768392215504,0.14977478507103917,-0.14871316831045014,-0.9888543583702708,0.0071729703183437635,-0.5247767107752102,-1.0152111090336715,0.014268957732582152,-0.5451447030854076,-0.7785400544917411,0.04459259277530989,-0.4371034527971864,-0.6604865166279613,0.05205536476260637,-0.2343088052529637,-0.899721107063125,-0.10168482290427691,-0.5841297328921731,-0.7993306752421324,-0.07589320411633511,-0.5431056321519457,-0.5727251900239487,-0.03843766394989174,-0.41491089333563863,-0.5091220191561607,-0.04097806978189602,-0.3253427601630051,-0.7905597927384862,-0.20036577569107603,-0.5821838705983066,-0.6742596420162033,-0.1874401215194405,-0.5477986481465398,-0.4903611530645697,-0.15964876781734413,-0.44546919208549635,-0.42753660247220016,-0.14901033938786176,X
0.0,0.0,0.0,0.021240020535739687,-0.39293956386244666,0.12238328419091372,-0.048189214045253344,-0.7266096039209137,0.14501818403421196,-0.19704312817366665,-0.8885894219788067,0.12303972339598847,-0.34867631229077595,-0.9428147085215313,0.09751952123133545,-0.04842279599566605,-1.0204339042385113,0.07141417611969451,-0.24441082115452153,-1.412113872873085,0.04448037652956494,-0.4173405731845974,-1.349188306716191,0.042340282714929095,-0.4793102582525956,-1.1997646945632199,0.041258895130302294,-0.1260752096965518,-0.9918160830721345,-0.020146931761916405,-0.4988280319291271,-1.0009677816467812,-0.03604086550878593,-0.5135114848814267,-0.7664533275413725,-0.02366412732236641,-0.40291983992292846,-0.6616774699240685,-0.02403770363378093,-0.23372183076689357,-0.872634037061837,-0.10432448766939788,-0.5790540713368412,-0.7957693504070409,-0.10497725465515356,-0.5424338842383848,-0.5832005589810354,-0.07892808489852093,-0.42063318583209186,-0.5361399883427084,-0.08194701520065283,-0.35202297616641764,-0.7190896668013387,-0.18293997088850034,-0.59689044859391,-0.6092708199973192,-0.19349128905381355,-0.5632497514420557,-0.43492267925561273,-0.1729755477748175,-0.46127510112362813,-0.382078051171123,-0.16061521756834565,X
0.0,0.0,0.0,0.025681074904220353,-0.3962566815152057,0.1251273879562011,-0.04970088857107264,-0.7193239376722217,0.13596120714280654,-0.20526736248473118,-0.8605845064981971,0.10037503794763501,-0.362712454678287,-0.8967976418556578,0.06259503171148915,-0.03042118276697556,-1.0237036158013333,0.0684809776096922,-0.22025029618922756,-1.4203047560451068,0.03644374352986524,-0.3747231783022696,-1.3467705089403241,0.02684108863107626,-0.42207960571273423,-1.201061471857509,0.021166525576418998,-0.11585457083027526,-0.9928667773956172,-0.02816524031096656,-0.4728063832227421,-1.0164106744315622,-0.043296163418336295,-0.4751184450246098,-0.7965699987064079,-0.032787225511647915,-0.3583396303024276,-0.7035547069253567,-0.034938240606051926,-0.23011304215868805,-0.8776849243431071,-0.11757532351062584,-0.5581958914822577,-0.791299430754474,-0.1010283153006689,-0.5127221663044726,-0.6018347874294233,-0.07281630708622817,-0.3851409788321094,-0.5754176934793108,-0.08015167051552631,-0.352855153979203,-0.7277066591533458,-0.20298579606109105,-0.5833027626252747,-0.6126477330795854,-0.19061420983153154,-0.5445067086419678,-0.44993089312551415,-0.1633242617286905,-0.44204169464951476,-0.4101300506259811,-0.15081873319218206,X
0.0,0.0,0.0,-0.0005518679694831166,-0.2781513142438376,0.1263320793594523,-0.08275149701610283,-0.5456511473930101,0.14663540689273724,-0.22922005441028495,-0.6940699244684598,0.12237311035235755,-0.36428127351391526,-0.725095366154734,0.09561169736050103,-0.04040727666445763,-1.016640647982898,0.09611045141654265,-0.19669267645961375,-1.3998165229636583,0.08985033328885633,-0.33758770124929266,-1.312617726924681,0.08990944922357354,-0.3799610969891257,-1.1648256642164772,0.08930078066864017,-0.0878587003914231,-0.9960920722954995,0.009023983354797153,-0.4315831305330039,-1.011128805027533,0.027762791875768224,-0.44224955705813035,-0.8089865317404867,0.04386656772630356,-0.33647060981927585,-0.7092179132107631,0.03640685521886271,-0.17572876884963332,-0.8813981757864382,-0.07056001525075906,-0.4952680343865001,-0.7945467815087173,-0.025981209585666857,-0.4629721913625243,-0.6185654507836809,0.002178717061998142,-0.344537564904741,-0.5751784686694731,-0.011763406200661656,-0.28050005223841823,-0.7541588226081006,-0.14699645179541165,-0.5220954398010255,-0.6578751922728744,-0.11158715960587476,-0.48578488051936436,-0.514324332691422,-0.08414573946514725,-0.3875522627059138,-0.46377038069522314,-0.07767586858069325,X
0.0,0.0,0.0,-0.16811988328662858,-0.28801033759668726,0.10825846196962399,-0.26637587359739123,-0.5539431510852917,0.10616382481849858,-0.36668041273841756,-0.7760025414741518,0.05797511205897144,-0.4443657666492732,-0.9321193625190601,0.01697141571640312,-0.07523466761458032,-1.0202066399948637,0.07863669661575493,-0.25101844355023734,-1.3632532598539886,0.04562087936807196,-0.42861590618030926,-1.2602848822261687,0.04945119946059597,-0.5095498170869819,-1.1217515863277265,0.05683064751978325,-0.05666094340316741,-0.9982690423247741,-0.015762507054451178,-0.46725707134262245,-0.9763089694237114,-0.03227991755545525,-0.4908108314549915,-0.6928517591740682,-0.006628778228190928,-0.3549126556926549,-0.597521737821734,0.003179397904650018,-0.08859276878173762,-0.9068787114597727,-0.10843943790371043,-0.49235811818945036,-0.8190190057671188,-0.10900594060053408,-0.4599797284994147,-0.572736069215979,-0.05315838003548991,-0.323745390949084,-0.5242143816803766,-0.03709789163468767,-0.14619839689322206,-0.8190540477939047,-0.20015131964266383,-0.4555511815993231,-0.7120219228482917,-0.20364198884883705,-0.42610681650605753,-0.5188962103600326,-0.16581175458972686,-0.31197537832458566,-0.46418932314938216,-0.14061689983441125,X
0.0,0.0,0.0,-0.16447810646139915,-0.2934688174137133,0.18101536128173334,-0.25808941939338653,-0.560400707057161,0.19508993745699785,-0.3532960331612304,-0.7875826520317758,0.1469264194616101,-0.4261460909190647,-0.949451191586651,0.10143664619077855,-0.08834955942031075,-1.029568073474077,0.11653917432537214,-0.2493984766543724,-1.3555639138544537,0.10304158818176172,-0.43333371689023364,-1.2713007559656748,0.12488044933306384,-0.5301141561312269,-1.1506136864133798,0.13901769301665187,-0.055406435784316574,-0.9983083451772213,-0.01762313318329429,-0.47077669451280657,-0.9660102272327075,-0.0101279083301714,-0.4785000873362521,-0.6733479565817818,0.03403856079736605,-0.3372081313875883,-0.5804879089394093,0.04797252041477012,-0.07540963961975285,-0.8926868839283534,-0.14291822360353923,-0.48680145292712107,-0.805551861783917,-0.11671819834418154,-0.4367550856097645,-0.5527250234691707,-0.041143663420771734,-0.2964025422999047,-0.5093364323744969,-0.024276772864232007,-0.12224695052210673,-0.7962293199382339,-0.2619688622418837,-0.43869556462616555,-0.6903837535556056,-0.24756023866173593,-0.40237712637216844,-0.50627277947501,-0.19831268035605676,-0.2892895214905101,-0.45715461126409984,-0.17365534336284055,X
0.0,0.0,0.0,-0.17166059963049224,-0.2846599959463243,0.17474247653785596,-0.2634044668480162,-0.5405802934494958,0.19377492401065247,-0.35779333922177203,-0.7510085472556711,0.15272564211930065,-0.43378187636304383,-0.9062654394762417,0.11489608596428283,-0.09667460243869956,-1.0190632228478003,0.11423921532457641,-0.269260395212238,-1.3532864833872924,0.10200877217219192,-0.4544380089411377,-1.2702100349804013,0.1248547346703666,-0.5456652275278457,-1.1509439393875056,0.1389428514478824,-0.06419018062610317,-0.9978130948324574,-0.01576859194923826,-0.4782496108601362,-0.9568363152647262,-0.014116986646456168,-0.48826849607165623,-0.6590547387064006,0.027526977413351764,-0.3460849045535278,-0.5614603854372611,0.04167498282120829,-0.07898255120819374,-0.8978310093666496,-0.13702887379689577,-0.49103945778100777,-0.805383104800166,-0.12175984733571622,-0.44614689306350774,-0.5417930221085671,-0.04437368721050721,-0.3073542745954229,-0.4925178290167567,-0.022144375837286647,-0.11768060974994364,-0.7988068121491659,-0.2519828849311562,-0.43221189286509126,-0.6943516817064319,-0.25173620798931823,-0.39494429671629977,-0.5047573426901515,-0.20377966250419444,-0.27829446921988993,-0.4545686656733264,-0.17613489963590248,X
0.0,0.0,0.0,-0.15306152007701726,-0.2637004039808417,0.11778875823369893,-0.23504591397224003,-0.5163470604784419,0.12288605188115585,-0.31205269358773113,-0.7186536349999265,0.08144698649710107,-0.3703647346938886,-0.8682247151449043,0.048750981967412385,-0.06286600669085501,-1.0184860593839262,0.07512138737467378,-0.23189691632053988,-1.3430895141804116,0.05206620261629668,-0.4222583671430749,-1.2573745677943982,0.06629340237423909,-0.5111732934408671,-1.136081700806205,0.07632319992811305,-0.026715577129194,-0.9993817170978991,-0.0228574160636929,-0.44619864460319897,-0.9438039914781959,-0.02935697479086489,-0.4632100560069974,-0.6500182615140654,0.0017956112460391154,-0.3234048757482574,-0.5448925238328056,0.009349817124788906,-0.042585620705801915,-0.8976432645812046,-0.11683077939340557,-0.45876043543709094,-0.7892234777752117,-0.10969537567139591,-0.41779069448886047,-0.5303680151731658,-0.046945467687587485,-0.2748738109943532,-0.4723940836548601,-0.03222412187789732,-0.08567249423170689,-0.7979336282912626,-0.2094062319648379,-0.4078866465640285,-0.6839995050153881,-0.21595620262524906,-0.38110862112560207,-0.48847916524674095,-0.18026217339729514,-0.26736906361114804,-0.42308134381296547,-0.1593556181362189,X
0.0,0.0,0.0,-0.15263269490607537,-0.2847827990849814,0.2025974118778809,-0.24103733956334975,-0.5338231445579278,0.23783591599615417,-0.33497059850922334,-0.736017940609596,0.2080957954908142,-0.40601988504061376,-0.8790756344714478,0.1779358875354174,-0.09749099839750074,-1.0267362191470184,0.15063993780972115,-0.2626601597828442,-1.3504093958381636,0.15300517839974404,-0.4448339090469501,-1.2674589000576009,0.17778046606559827,-0.5369013236100194,-1.1393383462918534,0.19128287835659577,-0.06972511606390108,-0.9974839788693248,0.012810936300515075,-0.484990474015943,-0.9647504314143294,0.02766498383436496,-0.4918796457271271,-0.6856895498583144,0.06402633283959298,-0.35394637592294786,-0.5714504817811629,0.0698590535639816,-0.09217291706422218,-0.8917819591908269,-0.11400249477792096,-0.5008520001204703,-0.8058384101644719,-0.0809995953464084,-0.45615918163714453,-0.5588185831364225,-0.014260175233494071,-0.3194907617293366,-0.496658728078006,-0.004731661904949967,-0.13679300097460548,-0.7944328895868235,-0.2324931130315628,-0.45249405149642447,-0.6937676112385298,-0.2170637066045761,-0.4204395436293857,-0.5087815240493981,-0.17426885136766063,-0.3080286741879828,-0.4460777921897367,-0.15503504127074746,X
0.0,0.0,0.0,-0.14157716663085404,-0.2889528914742744,0.21178726692917282,-0.22438274706063344,-0.5421958439687802,0.2550635659582494,-0.3302540615242298,-0.7279725952378416,0.23023995239691178,-0.40842122764297173,-0.870588991134686,0.20356894239555542,-0.08169349587152765,-1.0161133899106733,0.17767729539928057,-0.25363190701597493,-1.3345766043782448,0.1916301841630221,-0.43222973985064295,-1.266707380565188,0.22282900911183998,-0.5151556061755747,-1.1618752167750337,0.2383280687261558,-0.055027280015616756,-0.9977730328425726,0.03769580064433553,-0.47026275666893336,-0.9544486548220819,0.06173073061556831,-0.4800883184631435,-0.6642765571462415,0.09508152760122011,-0.33919801140803796,-0.5535942784318449,0.09913502669570501,-0.07733805403059517,-0.9005835228179752,-0.09058968369956136,-0.4900690219476709,-0.8029751145110117,-0.05334467997869827,-0.4398653202868542,-0.5365984826798269,0.0014177681698680663,-0.289123515896604,-0.46599478833424357,0.002536116646318866,-0.12433168235293035,-0.8129678426554269,-0.2090273375418946,-0.443705391492399,-0.6988970462216647,-0.19777620516245553,-0.4075725460103017,-0.49797574667547,-0.16608845597074834,-0.2850559585600444,-0.41732100851464293,-0.15447060093693668,X
0.0,0.0,0.0,-0.11694123843445008,-0.2550190569586647,0.08755948977097752,-0.21154840070712821,-0.5050707469572314,0.07670682497815802,-0.328328804577244,-0.7018106291864253,0.025349632515955154,-0.4194883764737907,-0.8427454825868628,-0.01656472973714868,-0.08311462372783537,-1.013224251501604,0.03457517200868659,-0.2638345111091741,-1.3586036801192414,-3.1442547245140264e-05,-0.44725695718862446,-1.2666072467744152,0.011005755149214359,-0.5315809785831923,-1.1381212169032124,0.01980742133280377,-0.05843854197390748,-0.9970052310131902,-0.05065082570204849,-0.47423754635954674,-0.9547551403631626,-0.0732078122116015,-0.4849588860215287,-0.6615664463542251,-0.04584337623134873,-0.3477873820874146,-0.5652705619149232,-0.037228088970207227,-0.08453205474894251,-0.8903680835242775,-0.1326285618214257,-0.5023750765108614,-0.7862531774216126,-0.14066958694735518,-0.4603819706373487,-0.5242305210738049,-0.08104608225889924,-0.32133963383376096,-0.476595121846172,-0.06335014825005615,-0.13881751078816254,-0.7765841099206591,-0.21455425903304473,-0.4669921244994977,-0.6501630067342772,-0.2340409601745865,-0.4345082297758693,-0.46000446183479826,-0.20306830304829826,-0.31784125788561723,-0.41058904053580036,-0.18188226205031785,X
0.0,0.0,0.0,-0.10046867420269666,-0.2817490985917507,0.14529470414247722,-0.17700844016144826,-0.5333832716859314,0.16261327496887687,-0.2896618890963831,-0.6807703685994808,0.12928944586804833,-0.3743309794664353,-0.7670245585311432,0.09608106571367483,-0.040031428364378244,-1.0281870245521798,0.09641739053222109,-0.21533643447679893,-1.3534751677684205,0.0959842407950087,-0.3953563963164934,-1.2813543028547298,0.1121518903967859,-0.4801551448741437,-1.159794709111863,0.11863054883779427,-0.01757802374138893,-0.9997961415097537,-0.009934208753381198,-0.4315580837407037,-0.9834341593716784,0.007404975599377102,-0.45438320429662993,-0.7331622528966478,0.0319132659922765,-0.33476578898248194,-0.6106681443986864,0.02684048953168444,-0.049507945401662534,-0.8857833752152015,-0.10733585443841158,-0.44671873416251673,-0.8093478892478233,-0.07171285451695789,-0.412617392863438,-0.5893080776182117,-0.022884108111133755,-0.28413475826869866,-0.5187280005519198,-0.02565204734968395,-0.10510287119363444,-0.7742500259222433,-0.2000273130484448,-0.4135479024512661,-0.6848962734536962,-0.18464583226780495,-0.3949984071840969,-0.516296936842415,-0.15027064675953644,-0.2978682583616453,-0.4433926976220206,-0.13753410562042923,X
0.0,0.0,0.0,-0.08372617803109378,-0.24978636320457337,0.04412136271063983,-0.16741840832355995,-0.4985804802657955,0.0233227475119729,-0.27608598208423785,-0.6721221825438449,-0.026722804929622365,-0.36007782273043476,-0.8024927886530131,-0.06809744439524462,-0.059130766991033167,-1.0119169370554755,0.011392409395732266,-0.25428228253852386,-1.365196078315468,-0.03246293485468699,-0.43535932437511055,-1.3107401030964427,-0.04016359568627382,-0.5249136940784899,-1.205789336308025,-0.04419790319611715,-0.04865236233671602,-0.9974556708075754,-0.05210693248375643,-0.4701007579957891,-0.9923022786419131,-0.06983384084556508,-0.4801496022345388,-0.7517160662103991,-0.05723684837693526,-0.3588261468708739,-0.6764834085407002,-0.061031444083420774,-0.08838101668651813,-0.8837417225792183,-0.11667577145728907,-0.5029022312363252,-0.7837613202524764,-0.12249621120657964,-0.4397034197001641,-0.5498240037148503,-0.08477126724840173,-0.2927046545623583,-0.5062060988567338,-0.08351230007315406,-0.15096692649814938,-0.7531950272761527,-0.18455277541941414,-0.47553698264897815,-0.6374950971374583,-0.21744746773899923,-0.4285533907896034,-0.4522978739285212,-0.20473803808639865,-0.3077760000900062,-0.39244103301732564,-0.1952001739550519,X
0.0,0.0,0.0,-0.0938393241348507,-0.25964757219335965,0.06503352587477532,-0.18866628806673538,-0.5113861058837672,0.04184796882800158,-0.2990509944405426,-0.6789596709780492,-0.016252000227938934,-0.3996148625326725,-0.7958398316449078,-0.06757385804480598,-0.04344134043260262,-1.0173877136439295,0.0065847655775123325,-0.2616668084905033,-1.3639911486730203,-0.0399018586135882,-0.45216529906282693,-1.3094512555220401,-0.04498982471924303,-0.5501217822505338,-1.2123181091033846,-0.04697649444549309,-0.032532395546951594,-0.9971113973296819,-0.06863311558734661,-0.45511792228924447,-0.9749565853693997,-0.08813794226182407,-0.46325327841208624,-0.6957854257014886,-0.06002709603636938,-0.3383554943054886,-0.5944821741831189,-0.05229924528146679,-0.07646446702866588,-0.8887562234177027,-0.1432819331751861,-0.497449019363802,-0.7890453133684082,-0.14664885822825033,-0.43597287726937817,-0.5406310152482581,-0.08930014165089196,-0.29575863738017344,-0.4780200378024468,-0.07531604917907911,-0.13857362524801303,-0.7712796772118171,-0.22071024992036997,-0.4635233547318846,-0.6471739849745167,-0.2501433612951015,-0.41669940739539074,-0.46247092829860575,-0.22836667598285376,-0.3004466791641459,-0.40016867739079276,-0.2124887228192465,X
0.0,0.0,0.0,-0.04923142395307758,-0.2687352632587164,0.05917859644689587,-0.13912569890737403,-0.5177258208727783,0.031038096844427914,-0.2746385249772617,-0.6907446685505645,-0.030047107259548515,-0.40416179834327015,-0.8013613054178378,-0.08450177331160465,-0.051767950199024644,-1.019551403351048,-0.01275342234203845,-0.28015400265747753,-1.3760767949411676,-0.062100740699645225,-0.46939975874341816,-1.3094899126743267,-0.06218967967917104,-0.5645922077275768,-1.191889926679777,-0.05989977941608794,-0.060593924999000605,-0.9942606209821822,-0.08817138888177524,-0.4993848463714244,-0.9581091114509372,-0.11517371070292663,-0.5103377489506749,-0.6849379115092361,-0.08744478768184008,-0.38655444432804265,-0.5991940101817342,-0.07859724013553064,-0.11545540492066236,-0.8721292444187766,-0.16186718984174003,-0.5417344696729034,-0.7418912227792159,-0.17362239262949186,-0.47329205801563407,-0.5003898652463968,-0.11789720425306828,-0.3290353029340664,-0.4516597107970173,-0.10354380427527239,-0.1880588662448017,-0.73892412427133,-0.2378858386274419,-0.5167645149177996,-0.5897310036361566,-0.2777108726726645,-0.46606643843562284,-0.4043577919451269,-0.2577201137264297,-0.34578138633045485,-0.3523658130311341,-0.2408955782481486,X
0.0,0.0,0.0,-0.1151296689983736,-0.28642149954803797,0.07513334650998872,-0.20120988299912168,-0.536119188455518,0.05815843090436417,-0.30658454065615953,-0.697864661103277,0.0071051115220329576,-0.3996111988992181,-0.8227974984313227,-0.0353696982182826,-0.08834995432894018,-1.0274017243374267,0.0041125592976734016,-0.2913196209193983,-1.3891029850355425,-0.042718762665962515,-0.47179308863488917,-1.300819830408651,-0.04440846998758675,-0.5675754862439486,-1.171191002212128,-0.04217111030158338,-0.08688752806106832,-0.9933731749721663,-0.07523491684819604,-0.4975819611897909,-0.9735920075073403,-0.10066019105502051,-0.5023886003893284,-0.7263263270409247,-0.07935819791433084,-0.38158478189567674,-0.6664404545520571,-0.07650158958896046,-0.13216774031988904,-0.8719659445828558,-0.15151652756822911,-0.5351654304432085,-0.7616296675857231,-0.15531734605820058,-0.4693660730588362,-0.5392944895426429,-0.09840120149261923,-0.3250911987967303,-0.5209152702549855,-0.08517577651669717,-0.19821996215806736,-0.7452257706507436,-0.22862209690966395,-0.5051757464868529,-0.6397155003375881,-0.2467336946062032,-0.4561894996431976,-0.4680641835070989,-0.21498175075852569,-0.3365468846500733,-0.43303247092493985,-0.19439785944798682,X
0.0,0.0,0.0,-0.16990176183681902,-0.31536416435480163,0.1094276192422564,-0.26131970146706396,-0.5772393711181152,0.09797365521958376,-0.36148666990598116,-0.7742350077388496,0.039974143197664874,-0.4354478216757663,-0.9247304047860085,-0.012736879227090925,-0.07565688377269222,-1.030723912537838,0.035234327584539774,-0.24314823636600594,-1.3578418154090475,-0.0030155907990821787,-0.42843771043765033,-1.269878641365293,-0.003239514590361156,-0.5213001713843104,-1.1415615478076457,-0.003547317154399471,-0.04451929124310692,-0.9967156372285819,-0.06764592531138391,-0.4562258670600671,-0.9462753731669639,-0.08497981690475688,-0.47421860298188917,-0.6717242843059411,-0.061237328762408214,-0.3460439180244013,-0.5666449375905611,-0.0613676038943926,-0.06712322402412649,-0.8794205223007611,-0.1657618037960363,-0.4813492506472701,-0.7700976547420659,-0.1611533708929938,-0.4460640475507663,-0.5409374711965383,-0.09744259498946121,-0.31844570605673755,-0.4921309147643275,-0.08489189915139334,-0.1162738281394579,-0.7638715092338634,-0.2636751401723412,-0.4454510280188581,-0.6341648142683827,-0.2679965307406874,-0.4301508044756105,-0.47396934801888596,-0.22899359707390662,-0.3333262872171163,-0.433721197224282,-0.20816835489316843,X
0.0,0.0,0.0,-0.1336011129367321,-0.3208652565192756,0.1206096269075136,-0.20543259781230147,-0.582503154161311,0.1244487943191589,-0.28783265005113323,-0.7773027755209462,0.0821619708789232,-0.3547090318307377,-0.9103171100827132,0.044310662988955536,-0.07425635210251842,-1.0277378883948338,0.06251800372433715,-0.23935281552807408,-1.341040630746795,0.04297853742468522,-0.403997952507998,-1.25030349683017,0.05719492513683519,-0.4796812937715084,-1.123242374840227,0.06624740088473703,-0.05191102627739008,-0.997945560511831,-0.03754868314009745,-0.4479701921173401,-0.9605491803840958,-0.04577782415118333,-0.4594531371402365,-0.6903926214277919,-0.017704644046290477,-0.3356774186663328,-0.5838774204329525,-0.01367657745475764,-0.07743283869132621,-0.8850060349529107,-0.13139269024384992,-0.46116672746491755,-0.8038407088147843,-0.12240886610022293,-0.42516640470793354,-0.5728606120894192,-0.062208602142288516,-0.3046587725757325,-0.5143989114414287,-0.049800311594608924,-0.127139454241787,-0.7693192110368515,-0.22306597363506006,-0.4201771300830992,-0.6708992683721631,-0.22262766399641865,-0.3944789833238009,-0.5057449524710949,-0.1843516369785154,-0.2962356835510107,-0.4521511905226304,-0.16388331543723247,X
0.0,0.0,0.0,-0.17297673927957008,-0.3239979732978173,0.08658891076516485,-0.24086898033059503,-0.5988546457206656,0.08298997600749408,-0.31765800028756774,-0.8060272440084735,0.04080249521086864,-0.37912055719639887,-0.9551457675073434,0.006443304327623357,-0.08988305896290644,-1.0221147025156443,0.04395089907986834,-0.24890295605024626,-1.3184562251570309,0.00587292014420978,-0.41321901665096233,-1.23204728966336,-0.0026217635415100022,-0.49701879543765803,-1.1043240211569394,-0.006978958327960327,-0.06813371158274416,-0.9969516186168185,-0.03801667375330148,-0.45866187759154975,-0.9485148708004786,-0.062498255370456036,-0.46253409903819903,-0.6930629248477266,-0.05009971910762255,-0.3409577816577928,-0.5905149103549302,-0.055061112705233915,-0.0885874633131989,-0.8914714177985344,-0.11752384055644599,-0.4746464927209453,-0.8053780166780719,-0.12040080740074012,-0.43741038449486486,-0.585062312572285,-0.07096410596549772,-0.32588472744445857,-0.5251620120507496,-0.06290815642746003,-0.1358068132968233,-0.777994717487122,-0.19834809388662106,-0.429870129083188,-0.6749581211792662,-0.20063186422269375,-0.4023860304334772,-0.5171997434201977,-0.16652160168853983,-0.30923017647186124,-0.46626731072914823,-0.14846439669129194,X
0.0,0.0,0.0,-0.15482245403568676,-0.33019817364289555,0.11692602868999968,-0.22926534519750208,-0.6096337332471162,0.1258989332032994,-0.31914422046844515,-0.8286478742069866,0.08916045506977595,-0.3854447660981978,-0.9802834390700775,0.056943500370903455,-0.07582015420744131,-1.0229743165115568,0.08149734921437592,-0.2350920598237632,-1.3342185791681818,0.05713816096143834,-0.40073556641724123,-1.2561562024629944,0.0604870550642324,-0.47963004764615513,-1.1383981513386516,0.0628566001298962,-0.05400440399102412,-0.9984380226978709,-0.014319189248710907,-0.4502548644260482,-0.9787704793379507,-0.026670805170380726,-0.4661645816091951,-0.7060555994648704,-0.004723880984075528,-0.3440590652677393,-0.5970215621906572,-0.0033091142320962226,-0.07575397777178959,-0.8955118915790805,-0.10617990198948866,-0.4654620304835835,-0.8443945220769001,-0.1040206624869187,-0.4373498762503805,-0.6008188142815026,-0.047905902849801195,-0.32068517493245763,-0.5307135512990684,-0.03531385057678672,-0.12269554419751634,-0.7863410689343486,-0.196076750267118,-0.4233000590668813,-0.7235317774233033,-0.19812557582542123,-0.4004530140330573,-0.5486510979916044,-0.15997627012918814,-0.29932286160944255,-0.4838387056510023,-0.138723865290003,X
0.0,0.0,0.0,-0.14001956311241212,-0.3225523160906322,0.17229208156907322,-0.21091249405975818,-0.5772797247920385,0.1963442699027348,-0.30007649609716874,-0.7699437647568481,0.15906218576406414,-0.38349867892609046,-0.9157087690164688,0.12122301726748952,-0.08676338105403018,-1.0174960323671116,0.13715941684169386,-0.24221216164954665,-1.3431339987842996,0.11629368946228487,-0.4220528885525091,-1.2690978689285188,0.11776187250511544,-0.5107942103413372,-1.151016710591102,0.11831533492429978,-0.06720072661654043,-0.9976817739198972,0.01073034623188929,-0.46574598532188655,-0.9720496355510814,0.007707757882818839,-0.4863993664829155,-0.6882691271163914,0.03641165493405952,-0.3584922908367385,-0.5737423784633794,0.0425925637857191,-0.09464190264452804,-0.9017412855130859,-0.10940612399098865,-0.49374039236741807,-0.8220892994287329,-0.09355893477963734,-0.4618841535277109,-0.5718160704772183,-0.02530837664903183,-0.337951149532255,-0.500224990719779,-0.007417663202087254,-0.14331262979631293,-0.805817458024385,-0.22488120687115332,-0.4566846190330799,-0.6982329195590793,-0.21872535982324548,-0.43045506199434047,-0.5205461596126894,-0.17295763667713746,-0.3263783711790104,-0.4600155148547192,-0.1470000369315389,X
0.0,0.0,0.0,-0.13249283194110772,-0.3252634219814346,0.12049312419222133,-0.22224995765261663,-0.604886430319804,0.1113657557359231,-0.3365793604920348,-0.8043718150278509,0.05482453964365675,-0.42633493861352834,-0.9469270772489033,0.003214271475118446,-0.08520935388326142,-1.0342467090044072,0.041881037419551084,-0.24284346021459663,-1.3688595190866528,0.011120813379330933,-0.4110314558602451,-1.2899034605921686,0.02061190889120501,-0.4976719733715676,-1.163136116481006,0.028324305131966716,-0.06870093341672813,-0.9956956068127819,-0.06221286298987005,-0.46987185997134157,-0.9805946202607407,-0.0710930039412127,-0.4779082965121888,-0.7204069616077198,-0.035215279177326655,-0.3481536671716115,-0.6310852245538686,-0.025178036916927035,-0.10097834377680934,-0.876980135460825,-0.16010530235558004,-0.4973313845228001,-0.7976555124519108,-0.14036602980028978,-0.45421473305864835,-0.5853902881241082,-0.0699326239238219,-0.33264030740316675,-0.5485274875938674,-0.05481381528548188,-0.15969573432258147,-0.7614169065612032,-0.2574145086149202,-0.4630761541230743,-0.6352460988782733,-0.24775179305868925,-0.4353863164318923,-0.48680515341978725,-0.20567049915571856,-0.3392229616926512,-0.45971851869844266,-0.184613592588623,X
0.0,0.0,0.0,-0.04000870988836795,-0.29993530139922864,0.06695750123616376,-0.12763800493786434,-0.5763509295730722,0.04275818504079557,-0.2717225455578674,-0.7633102244853223,-0.014974990373996468,-0.4079526781339887,-0.8745420948710597,-0.06496761690665673,-0.06870191160014089,-1.0282892250865683,-0.0083292577815467,-0.2809770081456229,-1.4068174074579556,-0.05588002946453771,-0.4614959345644074,-1.3432972557594647,-0.053340643105745746,-0.5548140614945182,-1.2288316990861434,-0.04849527930741711,-0.08299903997042027,-0.9928221565721569,-0.08611228009639597,-0.5055920460947062,-1.0092917066194167,-0.11956623211721328,-0.5050335277703526,-0.7521071843193009,-0.09318884039649887,-0.37842234988944334,-0.6687198399329867,-0.08224474333585259,-0.14182426118420258,-0.8746168495606867,-0.1608450052836864,-0.548574522734646,-0.788658279827337,-0.17021087545734523,-0.4768080048359315,-0.5533624346142052,-0.11689043419873328,-0.32743855964139973,-0.5139253881164005,-0.10303021129185953,-0.2174748311702559,-0.7445175674653619,-0.2367529539862448,-0.5278896061357399,-0.6311748430290446,-0.25927435812599303,-0.4754454536279213,-0.4560699620109702,-0.2332173301474961,-0.35421442955529014,-0.4166125889571097,-0.21525778894521863,X
0.0,0.0,0.0,-0.07610472584946786,-0.2716245766147564,0.07686422281774881,-0.15593617463183793,-0.531579825951287,0.058349662045722235,-0.27778122644318753,-0.7092829684032315,0.004200503215089507,-0.4015143982544771,-0.8290731871889737,-0.044304254051999725,-0.07397941659362588,-1.0261623031139762,0.004972834159564965,-0.2681531212598484,-1.399330017581902,-0.040260181935893306,-0.4559509816611875,-1.3348506131180846,-0.04236620469078505,-0.5545107788559374,-1.224267479192408,-0.042125396117223955,-0.07557932722312188,-0.9942181167337265,-0.07627648166336987,-0.4981664940796306,-1.0002987791575209,-0.10293213778075797,-0.5043740805199611,-0.7353475667227258,-0.07866419275422107,-0.37610876103794033,-0.6446655340714309,-0.07139801722087423,-0.1277986232133228,-0.8733831963881917,-0.15388588859752547,-0.5420850846423266,-0.786659021984123,-0.16104454925979245,-0.47472116489743876,-0.546442795292963,-0.1075444375504186,-0.32451047419969986,-0.4994014146589425,-0.09380902526551414,-0.20037594693743577,-0.7467940254482311,-0.23162086784919253,-0.5166729759709994,-0.6324404132050044,-0.2551597826179192,-0.46471675505586246,-0.4522543196795702,-0.22780417081904178,-0.340882044031344,-0.4019028942985131,-0.208163660416111,X
0.0,0.0,0.0,-0.07057523300574695,-0.2611745459735998,0.04480660852217079,-0.16670223393574113,-0.5109584276673979,0.005656367528728886,-0.29359987109725294,-0.6856655245172825,-0.0658358956165638,-0.4075056262319905,-0.810504543724858,-0.1275287630031042,-0.057291901535574306,-1.025903985167718,-0.01624002018306407,-0.2612660175610565,-1.40466453823239,-0.07082448399106346,-0.4557620032466942,-1.3398786874044788,-0.0745951455091455,-0.5581984302272045,-1.2295710542378926,-0.07408977978283504,-0.06293836992542895,-0.9943446812473059,-0.08554189889360424,-0.48530635379257997,-0.997406696864388,-0.11947660031707344,-0.48998759404030223,-0.7155463839854155,-0.0940734842898634,-0.35186186178815626,-0.6277152304464835,-0.08482662193655895,-0.12067359586453663,-0.881666733506679,-0.1552770748470322,-0.5403976957888763,-0.7996043768114371,-0.16916263301516832,-0.4776426071958006,-0.5493147806664689,-0.1109929910075811,-0.3293378287705349,-0.502556398840249,-0.0929483393809816,-0.1973607709759763,-0.7616644646994382,-0.22930451488567144,-0.5150184726982697,-0.6355445896493883,-0.25694683550707276,-0.46600343946745076,-0.4536852093303706,-0.2305086512589986,-0.3459572101930402,-0.4088715709402458,-0.2104867085427267,X
0.0,0.0,0.0,-0.0856814147777474,-0.26019609533767996,0.05534242086600447,-0.17863213042008058,-0.5087803968079306,0.022853885092127123,-0.3078657530435761,-0.6704912282277666,-0.04248409097843019,-0.41840537350714235,-0.7829852822942878,-0.09834924299286121,-0.05043684870987145,-1.0267696055698763,-0.011052407672527048,-0.25105719889271805,-1.4007158232574115,-0.056272581805738166,-0.43921741654923774,-1.3320789533088877,-0.05089452247951867,-0.5332838290872283,-1.2173818956369515,-0.044215684483861935,-0.046544192591078615,-0.9954332416376694,-0.08334446339599064,-0.46128843755697035,-0.999943082939828,-0.10612123304218794,-0.4697514148029351,-0.7221962827528651,-0.07342537720835743,-0.3364759109253906,-0.6327868998746771,-0.06041994423913375,-0.09591102641745052,-0.876280005518621,-0.15481193983511243,-0.5090681643877017,-0.7945497730408476,-0.15850990703266407,-0.4550301265920224,-0.5498504793816218,-0.09697785776482384,-0.3112820941693606,-0.5051023921093224,-0.07900484890028266,-0.16453422085915012,-0.7508770212139734,-0.2293688493974104,-0.48609867505167903,-0.6385107437674459,-0.25256730994723764,-0.44758358450829117,-0.46543045344913414,-0.22604883953930172,-0.3336635782788281,-0.4219070930250762,-0.20728452698486385,X
0.0,0.0,0.0,-0.08359619701456027,-0.2738561839826878,0.0752534460379732,-0.17142294910023917,-0.5173561901943616,0.05523864837186249,-0.30916485740869076,-0.6687998105191245,-0.0006192376491212328,-0.4401340501457327,-0.7611232809213443,-0.049923681046051,-0.07733608438324097,-1.023618950925019,0.014369934516201582,-0.2836083282432964,-1.400391617721586,-0.028427389798732376,-0.4646475342958693,-1.3353660440740684,-0.02833391492941346,-0.5520138608177632,-1.21752993045378,-0.026621036041002792,-0.08692022251725516,-0.9940084154995037,-0.0662732588131658,-0.5102042883128043,-1.0070752050603253,-0.08939752555366325,-0.5159219823604303,-0.7432384173571708,-0.061532916956496625,-0.3842824401531682,-0.6596442303859995,-0.0523650619490301,-0.14188083890175648,-0.8785088935670806,-0.1448513668037081,-0.5530976092116474,-0.7895499845425665,-0.14777804232292274,-0.48775185240262886,-0.551256744474586,-0.09019620373149775,-0.3385268174684373,-0.5099079744165476,-0.07546037150195525,-0.21656349850794637,-0.7536656011892405,-0.22470529225602878,-0.5308420319258788,-0.6367099703251273,-0.248608832927374,-0.47454193100215125,-0.45453295408668776,-0.22296446905347228,-0.3450267952775066,-0.4072485259010324,-0.20553980073561218,X
0.0,0.0,0.0,-0.09845323194185815,-0.2784822458950758,0.09134405815282126,-0.18044656435806172,-0.5280757994272485,0.08419985160986511,-0.29610292237425984,-0.699827568131128,0.03778056646858641,-0.4083475428800576,-0.8262013550618817,-0.002515416200000469,-0.08942189329575904,-1.0188781453059925,0.043004119357636095,-0.28506072288653583,-1.3879460251361957,0.0018427037639436221,-0.4682954981843574,-1.3242544818321567,0.002028548347613341,-0.559979218885063,-1.2079754616536877,0.003848735592070428,-0.08829486943094923,-0.9951326827425045,-0.04376025331139353,-0.5071132790286957,-1.0079846240578483,-0.06741595632721165,-0.5188563902172956,-0.7462392999897481,-0.041900108243362544,-0.393521663309164,-0.6685606825318022,-0.033022495364287384,-0.13361300121505262,-0.8851731875053306,-0.12883891646327228,-0.5436956175045136,-0.8005757631321025,-0.13886475693865327,-0.4817289805209587,-0.5586376570953667,-0.08617449779284153,-0.3343023630981755,-0.5204994658787863,-0.07229040143125702,-0.20033923533111148,-0.7682262266309423,-0.21303079953364884,-0.5149161698946128,-0.6600490591273791,-0.24544506375677458,-0.4648705887368957,-0.4768371289078983,-0.22519230495431078,-0.34048420013487635,-0.43103945629015594,-0.2102529409131732,X
0.0,0.0,0.0,-0.10917433990212545,-0.2711843139647184,0.08812224115549491,-0.19699133110809847,-0.5175560831834422,0.07936131247572452,-0.30596180859274497,-0.6918482322864847,0.03172686089955982,-0.4028169749801088,-0.8239376472954425,-0.009239058592321676,-0.0896806760467658,-1.0174231051561442,0.04017293173891506,-0.27978229794393766,-1.3855838811745682,0.004269255491806666,-0.4662265506137068,-1.322906158435408,0.009254772867218425,-0.5605503291817686,-1.20209081304433,0.014252660191194814,-0.08281601702780107,-0.9955940053120262,-0.04397822086451514,-0.4956403788927718,-1.0093378260926704,-0.0610884856476993,-0.5104972851767732,-0.7452824341917247,-0.031923712104054335,-0.383101402680824,-0.660543073313327,-0.021403848196332426,-0.12254586868512621,-0.8873488297670118,-0.12641461727148984,-0.5316397295945161,-0.8068567948573023,-0.13160958623395838,-0.4710472705322849,-0.5606773517834436,-0.07734216158880665,-0.3222781357643654,-0.512134035054859,-0.06355690292894267,-0.18353179704544229,-0.7718013584612256,-0.2084278024275467,-0.499577955941774,-0.6639531954980273,-0.23926273468876277,-0.448699862440009,-0.4734278627881325,-0.2187238227331137,-0.32246255132229507,-0.41621404836675485,-0.20361713554653224,X
0.0,0.0,0.0,-0.07783783486748298,-0.24373256897295426,0.06197754658260002,-0.1656272487382031,-0.4944576905993082,0.04200809722007922,-0.29124028200271423,-0.6572565624138654,-0.011821236853717698,-0.39552689253037976,-0.7687032906066535,-0.05392103536969282,-0.062542572230744,-1.0137320158495442,0.018850394850926374,-0.2471400362504485,-1.3737652444539714,-0.02495623819263013,-0.4237354874708334,-1.3150795979472742,-0.02364858141537644,-0.5160247769053348,-1.2002003308114049,-0.018645522407356528,-0.05642598124416502,-0.9969711189956222,-0.05352285987547726,-0.4673442715965375,-0.9861837092708058,-0.07497729666457494,-0.4666512598271408,-0.7386767964073695,-0.04850568788037576,-0.33963982999406594,-0.6668918965443585,-0.037925025276153504,-0.09829859322873112,-0.8859983104036361,-0.1260767598190064,-0.503499200702345,-0.7755758574318873,-0.12577003892312494,-0.43512950126043454,-0.5541075787122062,-0.06970695070547149,-0.29407541525182673,-0.5262589819570062,-0.05377255901245083,-0.1623947133092357,-0.7633189062173288,-0.20175684411653766,-0.47915945680739414,-0.6306626885591742,-0.2190155519149298,-0.432463316848743,-0.47051473837287494,-0.19430024179562302,-0.3194695122263701,-0.43857685527863527,-0.17653393452098545,X
0.0,0.0,0.0,-0.06909282258251088,-0.3178377392889765,0.037416513847157655,-0.16473837905469174,-0.6094594397022306,0.011170692197068573,-0.3076980498920665,-0.7799765879799044,-0.03912126391112083,-0.44409474816932193,-0.8625731530188204,-0.07832551212411755,-0.12110889775555057,-1.0317576445056076,-0.026986790659687985,-0.349855950361896,-1.403930933626762,-0.0907273456833705,-0.5306916374583818,-1.3264116823206251,-0.10001400911853582,-0.6169749631064609,-1.185707388247827,-0.10143209581868202,-0.14788271506120867,-0.985045941708794,-0.08840359330457391,-0.5774974500876767,-0.9624869231055632,-0.1414864106714906,-0.5742472432180281,-0.7082915125513706,-0.1298284137138697,-0.4503877490887874,-0.6419326281326637,-0.12849058518254963,-0.2031373635171015,-0.8522612684305879,-0.1498711599202455,-0.6049631263061035,-0.7367622039216747,-0.1788634388541702,-0.536251043406614,-0.5190439273980343,-0.1342182028371315,-0.39972198478776366,-0.5056233854573102,-0.12327968890255919,-0.27058935242583315,-0.6971774084098741,-0.21408075049521272,-0.5712451893554326,-0.5788347693666565,-0.24821860560894957,-0.5129533146753098,-0.4092896819560853,-0.22534500486005746,-0.39130922666029405,-0.38991075183360746,-0.20851278910766405,X
0.0,0.0,0.0,-0.1336746541285862,-0.3367962000950405,0.10080768953913409,-0.20266048295815764,-0.6125353859239924,0.10155002474862622,-0.3074551354613395,-0.7602084660872316,0.06335428717146183,-0.4181793952982145,-0.8669140022223625,0.029356783230644765,-0.1318079322955574,-1.0262128704015523,0.04808041372188229,-0.31903269982993687,-1.3664037387188785,0.00955265581955837,-0.4919451555103318,-1.288357827326086,-0.003077354340909024,-0.5776552131511602,-1.1417908662712235,-0.013150717186708143,-0.12949743191564883,-0.9907297724033441,-0.04104793783943113,-0.5312933615594412,-0.9737794196256001,-0.06384721732581057,-0.5315843022562418,-0.7466749056423869,-0.060073976187340485,-0.40936051739406676,-0.6650322706733448,-0.07445892058903553,-0.16387942329929137,-0.867322779734873,-0.12548953206802438,-0.5549333626505345,-0.7755981184213336,-0.12202692510958174,-0.49923539564676594,-0.579471421145698,-0.08267869205350138,-0.3711844138847932,-0.5499379804564265,-0.0871009809223599,-0.2232611411425438,-0.732171341222824,-0.20858944158470494,-0.5159935452135537,-0.6250481260775529,-0.21489308466346055,-0.4676196958905965,-0.4716606301252613,-0.18770395708174448,-0.3575341833253842,-0.44269515683815025,-0.17754002399570776,X
0.0,0.0,0.0,-0.19225366909515165,-0.3108518259186035,0.030569097181989975,-0.26673329751086167,-0.573547024670904,0.00856660871195533,-0.34462440799262145,-0.7383271658811141,-0.03553399561481944,-0.4244766634062833,-0.863588511011477,-0.06961302444601258,-0.11124090655274733,-1.040047324150654,-0.004299050116589774,-0.31253531968482995,-1.385176208703048,-0.05923664750056374,-0.48487860830095586,-1.3083255316630218,-0.08187041659265194,-0.5690614744613404,-1.1674834495278863,-0.0934797251929967,-0.10786899472408602,-0.9926768257004684,-0.05437830168787044,-0.5294460830353349,-0.977927943019462,-0.09024476485676355,-0.5410941979476518,-0.7540743616845009,-0.09574581376263988,-0.42592348318599643,-0.6850577123087798,-0.11275706980766811,-0.14467599846877222,-0.8697830118399871,-0.10539884127276151,-0.5500804229908476,-0.7777203044737879,-0.11842364871075317,-0.5041211750736558,-0.5822982025040124,-0.08653254349069525,-0.38167226258221204,-0.5612663575304675,-0.08858790955451233,-0.2091673075628891,-0.7414190962967869,-0.16029874250975668,-0.5142432417976219,-0.6516474177415182,-0.1723369210371303,-0.47850656900736294,-0.4954594699439758,-0.14601493102712318,-0.3742263749797574,-0.46704839123451053,-0.13134100097076995,X
0.0,0.0,0.0,-0.09419501962678468,-0.3106564071702044,0.05051276003727046,-0.16524783831203982,-0.5743423911989805,0.029904941756427668,-0.2716006105815233,-0.7393694582812907,-0.018235730019295456,-0.3679492733840708,-0.865833299794065,-0.05757507690202831,-0.08990412586956227,-1.0285423130303288,0.0010178092083687504,-0.2959303051555382,-1.3786337497638754,-0.04993266876677698,-0.45945097214038255,-1.304322770762504,-0.06318076578600454,-0.536714777355915,-1.1696604287924082,-0.06967069081611983,-0.09470266125682147,-0.993482079104729,-0.06344103127015427,-0.5087671226472724,-0.9834825965797335,-0.09722233437730293,-0.5062823226269153,-0.7470218033251856,-0.09522827663237153,-0.3840464925270872,-0.674620297163463,-0.10706946933064525,-0.13686406127592554,-0.8738793314979206,-0.12658062250177277,-0.5368935095131572,-0.78876334141278,-0.13816700289746942,-0.47313874431750036,-0.5759449876226939,-0.10002067581329545,-0.3371579442249479,-0.5493278210855531,-0.09942181732786141,-0.19794304391436932,-0.7408627707429823,-0.19138486626174867,-0.5004898760447359,-0.6615353053559001,-0.2094957966364149,-0.4498302378627973,-0.49202847715297,-0.18227317271331078,-0.33415986211199794,-0.45425024533321484,-0.1666513498216177,X
0.0,0.0,0.0,-0.1066594993777279,-0.2836002769063917,0.011852275015462878,-0.18534899258082504,-0.5621062405804635,-0.018231986626973177,-0.2948843052139659,-0.7645013530277682,-0.06368050776144606,-0.39699164400104053,-0.890503057950161,-0.09816080004770388,-0.06578049553339671,-1.0301959326702599,-0.03918265060863582,-0.256493546982382,-1.3663302998557179,-0.0875249675710364,-0.43242115448987334,-1.337383706220227,-0.09539517427589445,-0.5325014315071492,-1.2593860789974842,-0.09999880305559354,-0.05973972696141074,-0.9947977271097335,-0.08251452696273676,-0.4831669845704018,-0.9852656019802145,-0.11403446238856924,-0.4905419114486172,-0.7402875773861981,-0.1065654854015366,-0.37122173375324596,-0.6620770405645982,-0.11470993162333382,-0.09867800568259846,-0.870337451596695,-0.12629384896493412,-0.5029742532430792,-0.7858749507069543,-0.14214087505195938,-0.4462321310449024,-0.5738373790456381,-0.1074234050812118,-0.3133205172643408,-0.5476426419753778,-0.10830552518457068,-0.15864814413362005,-0.7318679049107085,-0.1742433798568686,-0.46207012426176425,-0.6443064867664134,-0.20446824302888905,-0.4218718898381862,-0.4783156679501676,-0.18800068920951618,-0.31102817554732176,-0.4423086852824002,-0.17822579300774077,X
0.0,0.0,0.0,-0.11256296798212488,-0.32471888228280504,0.0327697762247317,-0.20462104595231842,-0.6139330352855855,0.0034949381244468863,-0.32965060658142026,-0.820502367354438,-0.04730979279078265,-0.4339276113429515,-0.9445384723867365,-0.09002877610283248,-0.04380465337184934,-1.0346616666767776,-0.03553237564361293,-0.24365461811718478,-1.389330899084086,-0.08427599551602862,-0.431304875537244,-1.3625452923227181,-0.09535585482362276,-0.5374913086570495,-1.2660167572393841,-0.10342590153656847,-0.037551206857550666,-0.9951103323341881,-0.0913527960452394,-0.46654271949556786,-0.9912414026261573,-0.12056126547252334,-0.47779266875099397,-0.7556114932925954,-0.11555747981023705,-0.3577802729524415,-0.6674698119926182,-0.12888234028426318,-0.08198028346332863,-0.8693562955606683,-0.14513037451288954,-0.5006463822750791,-0.7878385822974627,-0.15667272258219117,-0.4515799230724744,-0.5817496903439089,-0.12410220777909872,-0.31856134695386384,-0.5489131627735676,-0.13025441470885338,-0.15640243045957705,-0.7338077768937995,-0.20178564919710468,-0.4759457385595974,-0.6442891814005388,-0.23243341464395648,-0.4477588791527662,-0.48852625191581994,-0.21956125868771673,-0.34172247886245727,-0.4561400089789184,-0.2146788162645472,X
0.0,0.0,0.0,-0.07391879403303338,-0.30219582418448904,0.02178909850371829,-0.15248432141530666,-0.5813525620241762,-0.001412116490220967,-0.26782324420379505,-0.7971301497699853,-0.04316576943182306,-0.3744439106331078,-0.9290865263950796,-0.07373137307577471,-0.07921924084903792,-1.028284190142107,-0.010783562591298911,-0.28825591169401277,-1.3755990877568967,-0.0602521572431766,-0.4574460628720773,-1.346201535645042,-0.06487512518440097,-0.5495752340917793,-1.2634425609816125,-0.06355399734637672,-0.09093269345593519,-0.9941283324705558,-0.0586523984178061,-0.5071247877330614,-0.996192034954345,-0.09253800020672623,-0.5096889835990663,-0.7610631866584998,-0.07895040524722893,-0.39385019046905634,-0.6990229030901011,-0.07623998053215629,-0.1398838505647965,-0.8820851032491889,-0.1088791594585888,-0.5393692524074345,-0.787124883041565,-0.1272723751258811,-0.47047719862085335,-0.5770970982308503,-0.09049512765075901,-0.3334450532392995,-0.559107708785769,-0.08546641643903395,-0.2057750048849943,-0.7529870456239365,-0.16361637567832218,-0.5038598148647812,-0.6390925228692717,-0.20554764941555223,-0.4505223074906193,-0.46990879380297734,-0.1962040279411949,-0.33525398000539663,-0.4345557394745509,-0.18552221090825968,X
0.0,0.0,0.0,-0.04998300361556112,-0.33584035815645547,0.03471919953700829,-0.1238722413183531,-0.6266656585723377,0.006807878804566217,-0.250521697751939,-0.8264592787189214,-0.03884480191326466,-0.3818554942277162,-0.9355316319205184,-0.07861671411930103,-0.08959668498735875,-1.0282762237604648,-0.03442793131109253,-0.3228486174023834,-1.35566171437313,-0.08692340363817078,-0.496734309085743,-1.3574356219569765,-0.09156679562150154,-0.5933437928477076,-1.2874341368668636,-0.09362872996767274,-0.10023213437442238,-0.9904409606020612,-0.09476403748476458,-0.5610165721954462,-0.9824099897214242,-0.13579198702687403,-0.5685104706170118,-0.7497008705667133,-0.11934487338225472,-0.4764275061202314,-0.6642205450986435,-0.1157362672299787,-0.14732536216468,-0.8632711415415911,-0.15365343932039185,-0.5728257078936205,-0.7552698578289002,-0.17384282496049613,-0.509603852784802,-0.5458755677191633,-0.12916828130789065,-0.39223286384464956,-0.5132745826076636,-0.12022445895829793,-0.21758354308176658,-0.6999715898631967,-0.2152907948434916,-0.5281879028061076,-0.5731997313459821,-0.25629646674506623,-0.47596152733368635,-0.4103600588528129,-0.24078461675996657,-0.3721073574326535,-0.37804631883204004,-0.22805205780483465,X
0.0,0.0,0.0,-0.09312495229924582,-0.3070838504509737,0.033728181074365496,-0.18055368653437406,-0.5888650956510059,0.00190471680941169,-0.319530353005821,-0.7900480171925037,-0.0514834182635884,-0.44605269974331196,-0.9165981249378551,-0.09457696794172063,-0.07122712943112301,-1.0372625983560704,-0.031721658378213745,-0.2917543622188134,-1.3848856381230463,-0.09079468721487628,-0.4742515197439042,-1.3448971590532275,-0.09755595208619701,-0.5739633474244344,-1.2521262848795076,-0.09754997645408989,-0.07200874712174801,-0.9929014097773838,-0.09466536219779592,-0.5115224767608776,-0.9869803977037687,-0.13855051714034228,-0.5202565207808073,-0.7409162447323657,-0.12206407387256378,-0.4043735552507468,-0.664426349796678,-0.11793038964798132,-0.11716869105295169,-0.8641027606155864,-0.15774889518230845,-0.542119366783431,-0.7568941579495682,-0.18141098271558717,-0.4789761526430309,-0.5375354932183833,-0.13372602729462033,-0.3410438312344327,-0.5145301364229498,-0.12258941586923577,-0.18445345670716543,-0.717376513590681,-0.2242829485639439,-0.5073231983859535,-0.6043529318702399,-0.26878173953899254,-0.45890319010568703,-0.43209517655485097,-0.25020228414745155,-0.3423100639196746,-0.39787216773843315,-0.23331289285718698,X
0.0,0.0,0.0,-0.1024091478847853,-0.2904998392697406,0.014820935631486197,-0.18378745914390943,-0.5708647928603822,-0.022239626863185577,-0.3223845842503876,-0.7531455335914646,-0.07667523228789987,-0.45886254256824527,-0.8563629267093222,-0.1190640723896312,-0.06898539242596095,-1.0356977503877562,-0.051067444263768955,-0.27562085078206816,-1.3986393863639996,-0.11771490885084748,-0.4588844550411616,-1.3671828257823495,-0.12706305549786445,-0.5591395229627755,-1.2731947775369954,-0.12767580530121606,-0.06811612777070046,-0.9921929992549954,-0.10446647963295357,-0.5157522499443821,-0.9699836070884124,-0.16225446079042757,-0.5300622480468056,-0.7172457735374609,-0.15293996918554528,-0.41252007377063343,-0.6435202623889114,-0.15028513941516047,-0.11328266213659097,-0.8592606153526813,-0.1589319951900323,-0.5449874729007752,-0.7467695281946474,-0.19637115888859344,-0.4890100687929715,-0.5223623203928057,-0.1549437023249749,-0.35351434493691675,-0.5037274921095239,-0.14335001210923431,-0.18157319851349404,-0.70992386225236,-0.2173966877681236,-0.5076876735784057,-0.5859804150866776,-0.2679496146466289,-0.4638106200948031,-0.40836629717620115,-0.25093274465064425,-0.3489174436210446,-0.3749928670140268,-0.23294897368167966,X
0.0,0.0,0.0,-0.09968650312969403,-0.30030076985589416,0.015565043965588174,-0.1723072972125215,-0.5927257613906546,-0.017803483505787695,-0.29320092307562445,-0.7953766654582146,-0.0679444084335257,-0.4135368546777817,-0.923616968385605,-0.10679300305114396,-0.05163018364005846,-1.0361625870445126,-0.04994654330991922,-0.25948041448231446,-1.391529196459007,-0.11118872658196824,-0.44030978599894227,-1.3687355017686924,-0.11698139739603015,-0.5441883267095535,-1.290393388701046,-0.1157310545993053,-0.05345668592386827,-0.9932534264720022,-0.10290779140407112,-0.5019772117983674,-0.9909852223881181,-0.151307481770862,-0.5199699476924908,-0.7522308154477472,-0.13807784638550927,-0.4108311828584159,-0.6817349990662944,-0.13353154566559164,-0.1019477027116597,-0.8598624101041251,-0.15638044001281487,-0.5338682385809322,-0.7546510276777396,-0.1859118644159418,-0.47323591089334954,-0.5369619807155348,-0.14166860759000008,-0.333402164115467,-0.5145960833662625,-0.12947522030934214,-0.1744871086639883,-0.7085900503315872,-0.21425014509864346,-0.4997161690336089,-0.5840794878585037,-0.2649163864345932,-0.446249237718875,-0.4116817593898724,-0.24974181256974803,-0.3238748915136771,-0.37538296682178607,-0.2324438291755994,X
0.0,0.0,0.0,-0.09360825868927715,-0.3307391428211744,0.03099641375038868,-0.17827432133415463,-0.6284916005455844,0.0030063013126878416,-0.3034111123457071,-0.8272621203992558,-0.04602195366006966,-0.41523501319474454,-0.9403539059895986,-0.08434296317134202,-0.05204189561819654,-1.0437866402683393,-0.042898999510951705,-0.2604202735906851,-1.3974157652657704,-0.09694244858822731,-0.4501531371522346,-1.357513180960198,-0.10245357145443508,-0.5572664612345888,-1.2660295401503023,-0.10273547279323354,-0.05743033048463704,-0.9932734135382228,-0.1005469198859512,-0.4919459548172812,-0.9867620409312248,-0.13652047056101377,-0.4980735290466068,-0.7480160617563696,-0.12352837852593274,-0.3788098519825963,-0.6760472660360667,-0.12571548221415463,-0.1072368903967036,-0.8532228911121296,-0.15643917724280426,-0.5299710538721707,-0.7652874404562724,-0.17353292309215432,-0.4714336956882632,-0.5576863959836388,-0.13153213308141914,-0.33630283908879605,-0.5358943572244037,-0.12634518358011088,-0.18390712841203585,-0.6962605468813402,-0.215239026013246,-0.498997515986969,-0.604780720466201,-0.25019115329241426,-0.45798654886819956,-0.44098579143839084,-0.2297497114134153,-0.3475619286219486,-0.40081599874224344,-0.21443162905998106,X
0.0,0.0,0.0,-0.09337410930333151,-0.33018668110290006,0.04062681820527122,-0.1846434776568685,-0.6260924667072122,0.009878918896885401,-0.31731702870184675,-0.8118655384193135,-0.045571173541473414,-0.4388386650924433,-0.9153899576164215,-0.09179435553025872,-0.061799200907363704,-1.0409831712357949,-0.04318745513559766,-0.28613984830365047,-1.41125053466411,-0.10571489868807969,-0.4760306340969794,-1.3680537936067265,-0.11599027005813327,-0.5796142420192708,-1.2723516956234855,-0.11902156750031959,-0.07785290319136536,-0.9908354479410925,-0.11038134157569598,-0.5203595998196037,-0.9806048032647593,-0.15715860844461257,-0.5306798370021761,-0.7306462638359731,-0.14499008949371375,-0.4128865338229461,-0.6625622320872016,-0.14482112338934375,-0.1361891083776082,-0.8537252213513977,-0.17539882823760455,-0.5555906514176757,-0.7451097623700447,-0.1997630701880923,-0.49655940871408577,-0.5308368641842014,-0.1561110944804996,-0.36101945394464396,-0.5195659144269507,-0.1480405347414402,-0.216432983123117,-0.7006791640415284,-0.2424844043694825,-0.5236232762439527,-0.5815689876099465,-0.28255878840747406,-0.4781167078334468,-0.4141284346900656,-0.26165436774006845,-0.3647848686393947,-0.3865604512230588,-0.24452757892735535,X
0.0,0.0,0.0,-0.10058298942441041,-0.319963732415222,0.052209965611444205,-0.18742418091050342,-0.6076482047944178,0.024457873771429293,-0.3087525711131033,-0.8109152947009372,-0.029630952458603844,-0.4216127829800825,-0.9441940812730135,-0.07607941846343479,-0.04739380802996281,-1.0350321965494773,-0.03216477642933006,-0.259611260518572,-1.400550711047333,-0.08528975175431214,-0.43898707249325697,-1.3644988551601995,-0.08700052288425648,-0.5343300713687023,-1.2704508769107903,-0.0853375963829651,-0.05138599958822167,-0.9930067534502395,-0.10628765990713386,-0.493140572037748,-0.9883886990237299,-0.14515602455863208,-0.5068229150172974,-0.7327186830538713,-0.1252260402333683,-0.39113146908922214,-0.6480463641618882,-0.12132079085444254,-0.10106809355877841,-0.860835711935514,-0.17785805163953053,-0.5264139028746492,-0.7621912260185729,-0.1959017380392407,-0.46434735609558303,-0.5404623897281357,-0.14656543682739506,-0.32475451331381705,-0.508311604759659,-0.13803662047497836,-0.17408859979039018,-0.7130257508345338,-0.25110151396652236,-0.4966572246116524,-0.6103445702403237,-0.2937487925024262,-0.4524128680808658,-0.43702203828022396,-0.2741985823898688,-0.33705454108773375,-0.3919031249808362,-0.2588393679271663,X
0.0,0.0,0.0,-0.05210051789973681,-0.26313658889008906,0.0018565013983703148,-0.04910687150597393,-0.5293785244310978,-0.0358714991807406,-0.013543954312613049,-0.7213950428267383,-0.08823256923448076,-6.578787387700926e-05,-0.8830553269233354,-0.1264753485137999,-0.010834229302032367,-1.0278790829349733,-0.061078288892841365,-0.2539652425088785,-1.381358720560486,-0.1348934759122816,-0.4526068084965851,-1.3521711651085628,-0.15402162321874424,-0.5672750726642123,-1.275748413100212,-0.16157649594967777,-0.028158104416436843,-0.9942797648351712,-0.10302849312199834,-0.4747936695841535,-0.979514859135167,-0.156209293624424,-0.46932214577762726,-0.7256782110504529,-0.14510341605465327,-0.3375557920687808,-0.6651024858276754,-0.14556979444151855,-0.09111223022153837,-0.8745720700266028,-0.14809865248766393,-0.5148651430646022,-0.7655561966299371,-0.18859061681606146,-0.4446821522630891,-0.5468916142159884,-0.14581981569105076,-0.301629600596028,-0.5271707549355515,-0.1350989884850575,-0.17142431760741872,-0.7379306559840545,-0.19827726013536992,-0.4757781523221635,-0.6231532753730483,-0.2593038732845285,-0.4171383495722878,-0.44171985945574344,-0.24906603292223087,-0.297202533820389,-0.3985369772997429,-0.23581101855417583,X
0.0,0.0,0.0,-0.22886598186647697,-0.309342548865385,0.005425103519495268,-0.30466211597838705,-0.5901982006028704,-0.0191668370611146,-0.35284201614091815,-0.7728345715598491,-0.060909753740031616,-0.375475712292926,-0.9151141316042833,-0.08654161597207224,-0.07152476079308184,-1.0318212622814398,-0.02710477015817956,-0.25510104480300083,-1.3586552841441404,-0.08605868676023234,-0.4281065501386838,-1.2981503062649624,-0.09811708363046755,-0.5137525922644276,-1.1637099813307232,-0.10194589238797684,-0.025517085464945098,-0.9972211504982234,-0.06999182343941765,-0.4406004127581449,-0.9783915310057177,-0.12169029618856089,-0.4600733001205136,-0.7366687779797778,-0.12117354699930473,-0.3434795637795029,-0.6496825361280661,-0.12729532456025233,-0.02823257649744943,-0.8731528141674464,-0.1175776866064205,-0.44267384919351854,-0.7896899163306887,-0.15568666479438958,-0.40572129491080733,-0.5684123021048105,-0.12032210952715952,-0.2829682395506477,-0.528246441654615,-0.11250974140833728,-0.061199063210795115,-0.7284831068401404,-0.17050499464399604,-0.3696770619256575,-0.6403239102421916,-0.2061196474192806,-0.3505564902990499,-0.4748152171201454,-0.18735981444105718,-0.2575128443377127,-0.43308703470527693,-0.17321921407334814,X
0.0,0.0,0.0,-0.2933720802242679,-0.2958157240069703,-0.022824400059829508,-0.36733799683876345,-0.6098859626023853,-0.05435560262497829,-0.3853898456115669,-0.8434763646088643,-0.09634379190138624,-0.40395276470207414,-1.0139229582114744,-0.11905534371917843,-0.0977510571920024,-1.0338401094211769,-0.04832556919583928,-0.2579802238534678,-1.3526448071759052,-0.12776841045095325,-0.4356195115788365,-1.294951752258721,-0.14861470720580988,-0.5330537317032822,-1.1802083176125215,-0.1551376282333058,-0.03900791100097487,-0.9957349566677142,-0.08360788808052376,-0.4611020612667739,-0.9581725200395401,-0.15368102097909403,-0.4893603462212015,-0.6857271301861043,-0.14948103487542871,-0.37244434161116324,-0.5978209510866721,-0.14584067740200388,-0.036272727847198254,-0.8638659289820949,-0.12775969364167836,-0.45682921400732174,-0.748654155333224,-0.1878709998971556,-0.43246137367937404,-0.5102278191377205,-0.14040715619452424,-0.3143090981191322,-0.46907974196390695,-0.11589105904795828,-0.06941858461081135,-0.7091575345252941,-0.1800652393133843,-0.3890245655833412,-0.6031330883563008,-0.23328557621931892,-0.37115700152836006,-0.4308908320430639,-0.208348774590331,-0.27450682049901975,-0.3912932099450575,-0.18297871437860677,X
0.0,0.0,0.0,-0.2923666088139268,-0.3001159078526443,0.0010839546222231548,-0.3690161439944573,-0.617304902134804,-0.026084698474300227,-0.39274666399708674,-0.8573922584284287,-0.0695404792019115,-0.42028948949801803,-1.0381725346383155,-0.09519306996139199,-0.10215195822004298,-1.0364873627105091,-0.03185245908348645,-0.258833058922461,-1.3538119588603121,-0.10972322900608054,-0.4371653544077845,-1.3085060613583244,-0.12706097570469108,-0.5421514785858463,-1.2049508556062376,-0.13269667479948244,-0.041697091387677625,-0.995743830610041,-0.08219231333798666,-0.46715683671096675,-0.9598124263254271,-0.1529857903523976,-0.49339463910962167,-0.6702483526919885,-0.14160835662119173,-0.36895066104127916,-0.5775436143320085,-0.13223162993288526,-0.03853314439186101,-0.8647392912429764,-0.14036309395737986,-0.46586755656056056,-0.7454983104764942,-0.20097566798321248,-0.43839890644022045,-0.4978344412846177,-0.1450785668095275,-0.31653986311945986,-0.4546108630606849,-0.11587513756104746,-0.06951981305130857,-0.7125656004843225,-0.20528950239761465,-0.3937687968783324,-0.5883772763644499,-0.2638569293453987,-0.3724119856371483,-0.40752475642450825,-0.23855807812677318,-0.2734388481220509,-0.36939455433450463,-0.2131916432850113,X
0.0,0.0,0.0,-0.2788988090591823,-0.3005711244856979,-0.007924082103710286,-0.35307024819121413,-0.6222536459299569,-0.03286494631443053,-0.37732980597803417,-0.8653823571247574,-0.07060801739925522,-0.40326092924830864,-1.0542915417660907,-0.09088354863998441,-0.10144402523369828,-1.0312124257525752,-0.034060711996218844,-0.27720031190287936,-1.3240503669373858,-0.11026508347465577,-0.4456301404290863,-1.2769825271428792,-0.13096591466702776,-0.5411943366370793,-1.184264743231441,-0.13887931021365288,-0.044521374262810776,-0.9959911081373993,-0.0775858218038958,-0.4742816471465643,-0.9634125083354025,-0.14744534838514348,-0.4977242459137009,-0.6899998896611006,-0.14145437879402098,-0.3857880581894845,-0.6001491909500232,-0.13518652979515375,-0.04017854718615119,-0.8680398683920364,-0.12873749654475053,-0.4681570623193729,-0.752356764267851,-0.18955393162097364,-0.4360942419843589,-0.5138333691301493,-0.14208829252667665,-0.32105721351903643,-0.4678737107754594,-0.11631376887348052,-0.06767407822748978,-0.7124095070467618,-0.18686474718914745,-0.3851453964046447,-0.6074823820112094,-0.2412512690802423,-0.36190431103470216,-0.43158973004077417,-0.21610927227338,-0.266138980748851,-0.38497669413000546,-0.1902285629135918,X
0.0,0.0,0.0,-0.2754284572639326,-0.2871882304627116,0.0014800673366555505,-0.3590340310561462,-0.593151369721344,-0.02744926690949559,-0.40792400838607856,-0.815654008161086,-0.07266461614604572,-0.4489559626576614,-0.9825605602995315,-0.10035889985021934,-0.11451864000949886,-1.0273364761788057,-0.02852607069275026,-0.2862463157660614,-1.3279927959816742,-0.10265545510952477,-0.45334774348553813,-1.2882705443298148,-0.12229555176062694,-0.5506659884766523,-1.2013609480196625,-0.1294436107104012,-0.05518225264034248,-0.9954402660267677,-0.07780485695697598,-0.4738432023322739,-0.9450785590245688,-0.14363220025239853,-0.48571394768594556,-0.6782078659067815,-0.1348050853973996,-0.36418691517899454,-0.5964150299711402,-0.12710695809044117,-0.04730794981274219,-0.8720756425243883,-0.13456794503081354,-0.46452057802132984,-0.7416419386273498,-0.18547259197052463,-0.41781912186067494,-0.5157606219231049,-0.13616124315748504,-0.2920936428269494,-0.48337293613368615,-0.11258546412501512,-0.07030153443450649,-0.72466936404848,-0.19849580530865615,-0.3807560597364314,-0.6017411154260173,-0.24779066965120441,-0.35178914841957803,-0.43032304427520585,-0.22340143197117238,-0.25092798252152004,-0.39350379336974134,-0.1997599679229755,X
0.0,0.0,0.0,-0.2866528584326183,-0.26614214116207097,-0.020499678703911065,-0.3740131267391108,-0.5686535365082546,-0.056390817644607946,-0.4129065730034754,-0.788639022488574,-0.10390602980560744,-0.4500543884310541,-0.9674125875260057,-0.13256334162698735,-0.11446640415958377,-1.0289709485258487,-0.045461283275573514,-0.29951197628741844,-1.3194466890397294,-0.12323929929622328,-0.48151391989563563,-1.2836995321906528,-0.14789637195429725,-0.5936384094612107,-1.209743038340557,-0.15925606462468117,-0.05593278128333417,-0.9949266965916602,-0.0836205261112197,-0.4705662925327652,-0.9417584406992517,-0.15129804023782514,-0.4741017636671892,-0.6818501302251474,-0.1460805573621259,-0.3465854585432212,-0.6081647283933876,-0.14234751592739966,-0.04730956275480605,-0.8736911019866298,-0.13098820650457907,-0.46467782971347027,-0.7479196364786717,-0.1807529767782401,-0.41259087591389915,-0.5303904953970725,-0.13089415013484632,-0.286780244977535,-0.5011590416373699,-0.1086613902968941,-0.07313580010031398,-0.7270986617613824,-0.18797898595633603,-0.3856656329106935,-0.5991667679248832,-0.23411576171609355,-0.34688305645754913,-0.4312641807376585,-0.2092012826865414,-0.24193563164738693,-0.3947087918660201,-0.18628440122241907,X
0.0,0.0,0.0,-0.27076047350402105,-0.28411878020164877,0.0025168464111611387,-0.3640156380455417,-0.5955957518472066,-0.02333812572415209,-0.4064794021957976,-0.8261814001607439,-0.06763024798009455,-0.4387680663080091,-1.0011823497967711,-0.09182523939437788,-0.13344833168351694,-1.0322378103604757,-0.02290715084083836,-0.2838649197876286,-1.343621803922036,-0.09771698154547717,-0.4627738758587025,-1.2943343459912326,-0.11555451109831329,-0.5682807810656384,-1.194999897722575,-0.11876677950686912,-0.0653885693245682,-0.9954803444020767,-0.06887103099859151,-0.4675838575157387,-0.9256451201621367,-0.12966526464858466,-0.4723347156482184,-0.6668797951294982,-0.11788214620978058,-0.342576628507322,-0.5950242244431596,-0.10808342204113916,-0.047728977433663354,-0.8633560479524828,-0.1232096050520447,-0.45269068070536495,-0.7285167524247361,-0.16516746549578637,-0.40154522211176374,-0.5227239589962122,-0.11146530471940061,-0.2762207163676078,-0.5021115080389221,-0.08577048680784427,-0.06659035740293116,-0.7111209724321828,-0.18534673419394904,-0.3746489941806855,-0.5884864894917794,-0.22128701986976493,-0.34751666240566836,-0.4362797074073233,-0.19137072376672565,-0.2526578454332294,-0.4051762455662559,-0.16453670480816449,X
0.0,0.0,0.0,-0.2711970252203293,-0.314045417171657,0.007522560778189012,-0.3629853163415488,-0.6303823602773196,-0.019420734810259587,-0.41198491362371314,-0.8411030896460304,-0.06910036533914007,-0.4383937103269038,-1.0045471303339577,-0.10179380774631586,-0.12889579446201724,-1.0351288538320835,-0.013917616031176217,-0.2807502563617791,-1.3429181388142546,-0.08957922541695366,-0.4544873823241518,-1.2730638732133956,-0.11561110591871246,-0.5561808647254681,-1.1426762967098714,-0.12610757681642998,-0.0627851658599763,-0.995849604076286,-0.0658907353809301,-0.46175244135812815,-0.9328386777788873,-0.12987594828592272,-0.47949552524389505,-0.6747191804436223,-0.13157587119760636,-0.3597567312744561,-0.5912734849093562,-0.13308384743008306,-0.03999390227799429,-0.8686067669765501,-0.12502339250014805,-0.4488057127078183,-0.7297073703816209,-0.16628583175212625,-0.41558366531634167,-0.5193701271209594,-0.1218515829250642,-0.2992095259475861,-0.48929128595542803,-0.10454286748702028,-0.05200999197743586,-0.7212225725497037,-0.1918649756169225,-0.3569530281171812,-0.6074327960830195,-0.22161162026444295,-0.33227308107951414,-0.4482368079043479,-0.18870680892905342,-0.23722554133433646,-0.40778103580106684,-0.1622376792821395,X
0.0,0.0,0.0,-0.2804003165378284,-0.272405043790274,-0.027444506849323105,-0.3680600960917708,-0.5870587391346717,-0.06479467551260555,-0.4153347721059856,-0.8083404455761105,-0.11146829242944989,-0.4632394535175332,-0.9937737778128172,-0.1403805786914473,-0.10645082562713239,-1.0317186827652334,-0.04639596394057978,-0.28057764286603815,-1.301955637572723,-0.12098143146869372,-0.4547328113939969,-1.290355671040628,-0.1423345291326067,-0.5669008680006788,-1.23658990985821,-0.15091675725740053,-0.050486322592216,-0.9953549637270135,-0.08197333356104546,-0.45827222398160367,-0.9343461282040196,-0.14414204150420168,-0.4770134722186709,-0.6858218668844189,-0.13157579033215475,-0.3744992910777958,-0.6136047520109333,-0.12045790033126375,-0.04707632160814642,-0.8631291547450979,-0.12785015894560203,-0.4569920220475015,-0.7276049714411775,-0.17340720192847142,-0.4077924922794627,-0.5163638060166152,-0.11508415411106213,-0.28804909677857987,-0.48764907645375244,-0.08494301339488261,-0.07760647522612686,-0.7025037235162888,-0.1843587242636187,-0.3838874385945448,-0.5704183109547021,-0.23412394594210728,-0.3443405288846795,-0.4068694538170468,-0.20666820715520826,-0.23924052187102482,-0.37208106212406766,-0.17787755158485385,X
0.0,0.0,0.0,-0.2561694659019743,-0.28530329304537916,-0.010200654519963609,-0.3417046456742616,-0.5826510894753322,-0.04108927517611982,-0.39481651541587665,-0.7870834843829168,-0.08406216849961809,-0.40772559271998166,-0.9662011128549042,-0.11034747700850908,-0.052831987600511304,-1.0254294749496211,-0.012815568265883023,-0.2713326409760882,-1.2909474881892806,-0.08008466173659111,-0.43967517514316384,-1.3229941511146195,-0.09992796765231453,-0.5408545149693724,-1.3320104370153463,-0.10715246486179503,0.004411115037861223,-0.9985271320248019,-0.05407502819644601,-0.41916037165059894,-0.9680787738781974,-0.0955385524206301,-0.4324691303286965,-0.7227116437221517,-0.06141464415956726,-0.333237290586921,-0.6417439806201274,-0.02950939810195894,-0.001343350133850677,-0.8824790140102177,-0.1072367857990352,-0.4272401409844758,-0.7511904141294447,-0.1463077042507429,-0.3743199079437593,-0.5331949369747324,-0.06544126965987175,-0.2517901150154146,-0.4980667306559112,-0.010688805661906189,-0.040334897649545454,-0.7478185758432729,-0.17060875250672441,-0.3584077510106452,-0.6147116360694518,-0.22689644574487774,-0.3210980206449874,-0.4424079439481833,-0.1929348620260517,-0.21170375607290715,-0.39922742009512,-0.14951437157962946,X
0.0,0.0,0.0,-0.20498607308486533,-0.3076783668652722,-0.026607167950682912,-0.2521109638440427,-0.6769136332185016,-0.058687925856359936,-0.220810491625863,-0.9627316675280744,-0.10213869056612394,-0.2140990739984327,-1.2055997079750242,-0.12295403057900581,-0.0160408782622035,-1.0398678355926032,-0.053664625812223705,-0.17272214517871073,-1.3451812400512957,-0.1742408143236846,-0.3695641545072167,-1.3288849486482297,-0.21527841687247531,-0.5077819670144905,-1.270568647120092,-0.22355112021530563,0.05348887653883172,-0.993950850723797,-0.09592000016708636,-0.3759815554551427,-0.9657254827453985,-0.19216064110604802,-0.4151207619306964,-0.6788524405489572,-0.16847858015449718,-0.3069423338369694,-0.577845290363218,-0.13105849946718126,0.06432480819667373,-0.8550051690785675,-0.1541826168270033,-0.37882258929596924,-0.7157350311055392,-0.2399913439208679,-0.34873550443739376,-0.47234520143839814,-0.17143949197804698,-0.22493570541830446,-0.4304665432433381,-0.11333211315091969,0.045296179321404,-0.6858890142662161,-0.22266542558288788,-0.29785615713454283,-0.535367869124693,-0.304822896454093,-0.27372917873744507,-0.3478927576995525,-0.27634191123757346,-0.16934800929821192,-0.29950561286569266,-0.22981103097140876,X
0.0,0.0,0.0,-0.19943684946749055,-0.31826189052699294,-0.013924507829215654,-0.26127285994797045,-0.663844883724112,-0.060462754712590015,-0.26442137561460094,-0.9331621563496728,-0.11720223627210917,-0.27410182042149195,-1.1498505992373387,-0.15893006307492122,-0.020145476993576748,-1.0379897279873924,-0.0715701752915911,-0.265181923045716,-1.3369971744445084,-0.17136945079801036,-0.4306509230374841,-1.3592806520480256,-0.20276221512424042,-0.5295430193860157,-1.3481277902849376,-0.21589065834151283,0.023027400393505655,-0.9921212667030823,-0.12314678634291933,-0.46613651852686433,-1.0092838764326224,-0.204741055725696,-0.48521191879985826,-0.7319719454511167,-0.17441733655508676,-0.3758923452093445,-0.6366024789954348,-0.14265434505901606,-0.00036036002672583823,-0.8539145253279558,-0.18522517721392748,-0.478068824795154,-0.7647645882814332,-0.2552590045469992,-0.4315734112174165,-0.5152832633599813,-0.17991361932414834,-0.30381304415835864,-0.462658500081067,-0.1284199296505265,-0.04864549396288532,-0.6783413315831668,-0.25590754495354445,-0.4036371968256007,-0.5674073737773376,-0.3376531479062901,-0.3639892217643277,-0.3815185304125341,-0.31459997333895123,-0.24940035454704323,-0.33062416503161823,-0.2795926651867355,X
0.0,0.0,0.0,-0.18969266025424764,-0.2634354227586332,-0.02564500704583055,-0.24416340209001713,-0.6418505271236283,-0.07064275986016813,-0.2532738683276443,-0.9337608619883466,-0.11642575807301005,-0.2717744367233877,-1.1509573486132452,-0.1446670216963298,-0.005286249366755535,-1.0172739867808425,-0.06179258500460535,-0.4584344572215374,-1.0462691633182948,-0.1555542195393827,-0.4750180723124984,-0.8351218066411036,-0.19364276551590281,-0.3766062289148664,-0.7619878827179337,-0.21877231086662693,0.015752160974642646,-0.9937279217566409,-0.1107099225266473,-0.5217774592187291,-0.9590970441223863,-0.18733482326884013,-0.4895764699028946,-0.7181254171123882,-0.18574277125039662,-0.37720102979771897,-0.6646596750974786,-0.18554585526262893,-0.019527308014953174,-0.8830363222042275,-0.1697883214521084,-0.5022295915659079,-0.7797914110648705,-0.22893717285265047,-0.44504901492268123,-0.525887212812499,-0.1886514786274729,-0.32633760375899895,-0.48304862959552297,-0.17205075120952507,-0.07406823834253799,-0.7159583940128726,-0.23854554258619937,-0.4218261275293781,-0.5692254387092646,-0.3104127971585139,-0.3737359543955872,-0.392888840969246,-0.31785075859537565,-0.26886341561062993,-0.3700208091987224,-0.31632530800201974,X
0.0,0.0,0.0,-0.2119047705584638,-0.2909027420528894,-0.045106816853715884,-0.2696403513928377,-0.6003394925759833,-0.0998840963755645,-0.28353856421641416,-0.8155658666200273,-0.15913864568115904,-0.3015642693049569,-0.986793408206262,-0.20265638174598083,-0.016470520359742554,-1.0289831049282345,-0.10288320100382302,-0.234744077135319,-1.3195702573801462,-0.2112114602210652,-0.4423221050902633,-1.3385400363749564,-0.25070406709053294,-0.5843470010140878,-1.320997979230499,-0.2676301970013962,0.025279965544008794,-0.9905073198404413,-0.13511540506026568,-0.4525497539792135,-0.96412783645698,-0.21786629251773404,-0.4791650694900042,-0.7044381903170601,-0.20031249537131451,-0.37440841559499966,-0.622624109145597,-0.1818897517304518,0.003533525572283203,-0.8521781593328618,-0.17900510853768592,-0.47403048860738345,-0.733504772366985,-0.25585837232321484,-0.4373170512622589,-0.49197827104553943,-0.18773182899506075,-0.3095751650028831,-0.45702718144308346,-0.14093675455584237,-0.046619877486858786,-0.6793355145706935,-0.2333892270048101,-0.3991241729860979,-0.5520767602113609,-0.32053073185058883,-0.36683277437763684,-0.3634977537469569,-0.2949063069083473,-0.2520387771688356,-0.3172865831415968,-0.2564465765240922,X
0.0,0.0,0.0,-0.2153775462172928,-0.29287548000963537,-0.04937174957338317,-0.25410166855820443,-0.6676378407836941,-0.09557821575070645,-0.2273947061444903,-0.9604702697870691,-0.1406621897762096,-0.20476527983122375,-1.1858033612021148,-0.16745230572409692,0.01402057846105317,-1.032425257628137,-0.051832154055337504,-0.41232591047913203,-1.1042214465479085,-0.1596463784729271,-0.4551856362208517,-0.8886627380872049,-0.21589333985942144,-0.3791303622715368,-0.7852789689331926,-0.25075563226448744,0.037871480405541696,-0.9953134856983429,-0.08897649217016307,-0.4932018659678024,-0.9795720270439224,-0.1804202774149374,-0.47514319334616906,-0.725550466870122,-0.19660152658840274,-0.3640592876996348,-0.6595262062747446,-0.2053123627900283,0.008520619068424912,-0.8715330778237241,-0.1411585653004892,-0.48458844233498344,-0.7741553107287441,-0.22448372347017725,-0.4448481100139574,-0.5155840067855274,-0.1994631456643499,-0.32853254039255336,-0.4667084829474228,-0.18443407482497828,-0.046787163348782766,-0.6942851247066939,-0.20433124453582538,-0.4244539847503032,-0.574780687136529,-0.29460506390499713,-0.3929698429367933,-0.3955389826277675,-0.3092948341677067,-0.28980893363255505,-0.3678383668988958,-0.3067349749331719,X
0.0,0.0,0.0,-0.2355396226139698,-0.322709501118921,0.01717785378794886,-0.3017079678571768,-0.6064836840224399,-0.002847058612630205,-0.38397293653735026,-0.8373775707612341,-0.034757021115121224,-0.44511522832494566,-1.0423687466162745,-0.08932299572229943,0.03402496304560207,-1.0330519448340219,-0.028391971084840102,-0.09173827824407922,-1.2482649510507569,-0.09557333405315648,-0.1893866525305977,-1.441708569173947,-0.17954983891668314,-0.27202239414150514,-1.5918229039342775,-0.24503847967461673,0.09599347886894531,-0.9918606630044244,-0.08365212011097463,-0.2747843465572138,-1.081803323431477,-0.14950026835972946,-0.48818656141124195,-1.0530616910978787,-0.21448919164047328,-0.6295608114924712,-1.0331975619256304,-0.2536113188411499,0.08963209220982388,-0.8465717605050065,-0.13190045437016587,-0.3397802294783654,-0.8459819501003405,-0.1818559731254663,-0.4903281727799684,-0.7753410187169377,-0.18927130937284253,-0.5294855876518992,-0.7657731192271384,-0.1955661894023092,0.017069137584494052,-0.6808869205307099,-0.18266827788039866,-0.3102139027003176,-0.6173949317741526,-0.23700856893945332,-0.39109251101126635,-0.4957880183278084,-0.22270334164752986,-0.3716199572114104,-0.3958305730172138,-0.1993354541675842,X
0.0,0.0,0.0,-0.23570677657400904,-0.2633039004231816,0.005887083962578256,-0.2712437467458349,-0.6106358159453572,-0.020607932477980602,-0.26249705660304573,-0.8801832001203571,-0.05735024734405369,-0.2494008346997333,-1.084198795168479,-0.07985523049214807,-0.0002172506668717453,-1.0045475444880816,0.011867178280682313,-0.43357664456442774,-1.0146089736300508,-0.06430642074840914,-0.4499778487178152,-0.7998209694610235,-0.10330092337684339,-0.3564414838867801,-0.7292646938598504,-0.13143622805170663,0.03043048042445347,-0.9983062588880359,-0.04958426490441066,-0.4833751623779717,-0.9557207318776284,-0.1154392395854161,-0.46293430480424475,-0.7014480601322619,-0.12351981341635292,-0.35725608229789196,-0.6401115657831872,-0.12727295149156526,0.0068520054342365135,-0.899052623415666,-0.12055435402550789,-0.4644206217612408,-0.8022562773861255,-0.17513075316134355,-0.4244871648646352,-0.5352357907934246,-0.14285061960979273,-0.3163106207490288,-0.48431853584710277,-0.12852404331146464,-0.040846911077718935,-0.7396245831647394,-0.19918755513627284,-0.3861060915977506,-0.60330815489141,-0.26462509850589494,-0.34620127173396203,-0.41540281418564573,-0.27012902630573166,-0.24255908730710288,-0.380256809730509,-0.26600422503408455,X
0.0,0.0,0.0,-0.25406945811356724,-0.25843574094326743,0.014870303949604001,-0.29905043563624517,-0.5895979974239577,-0.01818369574501031,-0.3074786533567658,-0.8440117416746252,-0.0632149163858531,-0.3060399976936249,-1.024241823653427,-0.09684545011243091,-0.008497842264504871,-1.005001549489628,-0.0005953457733206856,-0.4577998048732816,-1.0134669380371537,-0.09362259475304197,-0.4816106441783084,-0.7886210457464896,-0.1455204908386987,-0.38825815623583804,-0.7073292647185897,-0.1803332030944517,0.0294517481585625,-0.9971238499565461,-0.06983281734428141,-0.49917571533486094,-0.9526051492164197,-0.1509487995433609,-0.48581327473750535,-0.6821902130198317,-0.1634388892599015,-0.3782633548282705,-0.609500679625013,-0.16763804488137923,0.007416303277735186,-0.8969679056709232,-0.147356720258534,-0.47683724330596106,-0.8038088821343207,-0.21203680523724358,-0.43785058051996945,-0.5233227273477433,-0.17540852450356934,-0.3229555542469924,-0.4660162558010333,-0.15605379752683857,-0.04309463667066608,-0.739202336900917,-0.23130785068211246,-0.400399745863655,-0.599507953745857,-0.30644635036544854,-0.36385094843391946,-0.40078730362339415,-0.3108020039738901,-0.25503866698691685,-0.36466053030398804,-0.30406534190870627,X
0.0,0.0,0.0,-0.24829494097485313,-0.2537486445005464,0.007209621003825651,-0.31426743154710246,-0.6041129216292165,-0.016389234812763748,-0.3206717076401809,-0.8335036490630672,-0.05087375469133089,-0.2941465708121583,-0.9861527495384284,-0.07027889717506963,-0.0038104922479069536,-1.01817865945456,0.026096707081025166,-0.44204427746164443,-0.9851494149908059,-0.05264336977936971,-0.45034082341439524,-0.7788566828125076,-0.10447281491574817,-0.3472279385354431,-0.7131353319211328,-0.14149730272033156,0.026567799357286426,-0.9990891056859954,-0.03339327682137195,-0.47414314825996057,-0.9173790385188911,-0.10201654427690005,-0.44172305371189313,-0.6655028934376266,-0.11550715370323357,-0.32695093416756915,-0.6027624108032805,-0.12063344373990469,0.0071422093108759405,-0.895538761557906,-0.10336990896284597,-0.45040086924109224,-0.7836498210357398,-0.15767879609206745,-0.4065632535542855,-0.5276212713845198,-0.12080004642547143,-0.29787816492488434,-0.47644117121359275,-0.09940171990886709,-0.03490676300412594,-0.7313082227940658,-0.1821399570916696,-0.3694281232038477,-0.6025222274964924,-0.25079025588075027,-0.3302492312291349,-0.42185051705330967,-0.2542983613851914,-0.22443691612694908,-0.38991666516302126,-0.24527704210530551,X
0.0,0.0,0.0,-0.22285733547257247,-0.2587948779330019,-0.011601314391709153,-0.3024814911603613,-0.585754263234386,-0.0389386887459541,-0.34557066981985285,-0.8046736909254356,-0.07644936458480474,-0.3677359332428473,-0.9425879988243341,-0.09736099713625275,-0.04740112362259287,-1.0032703324365064,0.03987544285669283,-0.45071164561024196,-1.0068527946567554,-0.04480553299833165,-0.4643937672069045,-0.8291152360652218,-0.10631153646824132,-0.3775811496106039,-0.7577412906532167,-0.1438374781427548,-0.027876346991076592,-0.9995806108683459,-0.007842936599107132,-0.49707926582717954,-0.905233381612412,-0.06871833424430825,-0.45312259739718924,-0.6888903234582,-0.09075437249876668,-0.3427558269994916,-0.6429518598099623,-0.10283752536643641,-0.048372416606459426,-0.9144176420429263,-0.06999787122780173,-0.48860994853902284,-0.7667603716879471,-0.11757393931597798,-0.4266425287618158,-0.5453563407910508,-0.0980486710791171,-0.31822025116470304,-0.5091474917689315,-0.08890387315035522,-0.09380115999801039,-0.7718482784446625,-0.14352364027019165,-0.41995621936711036,-0.626297581682668,-0.19225157692358322,-0.3746460571435284,-0.46021005675308424,-0.1953871549884636,-0.275741020663669,-0.4262875003202283,-0.18917865619444124,X
0.0,0.0,0.0,-0.1937048726465697,-0.3225082658911785,-0.059333979842295215,-0.23842935147906852,-0.6694483237189419,-0.09816567944874212,-0.2369722280914605,-0.950497376864487,-0.13410180441005,-0.2573426155913991,-1.2047861858017972,-0.14851834826451377,-0.014364292568878575,-1.019038568982759,-0.058192762679306044,-0.35869923265768233,-1.0745236053344411,-0.1506591867661441,-0.40431757522277,-0.931826473932693,-0.1905557276905975,-0.36098222477694153,-0.8613118091867146,-0.20965291019246182,0.013747038524271515,-0.996524024111169,-0.08216378947623111,-0.46433992523833395,-0.9105357275193244,-0.1622075994048875,-0.43433884628893565,-0.7056952929308448,-0.17198588295646455,-0.3255424382217808,-0.6301886014384219,-0.1738796050898389,-0.001765304175286848,-0.8814334208833866,-0.1218655629318379,-0.46025827290559207,-0.7354834621849362,-0.19589242885012143,-0.4049756597355365,-0.5363151159109337,-0.1788265760840213,-0.29044329602324537,-0.48676388448111124,-0.16606038915448978,-0.04864448267244555,-0.70793583698143,-0.17383049139145862,-0.3740112717900815,-0.5924699504342804,-0.2548203466141289,-0.33897822809532874,-0.44100051566299825,-0.27133161341072737,-0.2400535897336242,-0.39668383949814107,-0.2676973112892405,X
0.0,0.0,0.0,-0.19496480642754854,-0.29307404656969605,-0.028226985697041674,-0.26901379587594815,-0.635765728365427,-0.0656828492214741,-0.28004514394187996,-0.8838628306177567,-0.11273279475353792,-0.29016056029812576,-1.0836872410998386,-0.13695982446093588,-0.024919947833853966,-1.0486564515473433,-0.07479844924037062,-0.20709060864627726,-1.3487015763674672,-0.17149203430278023,-0.4066942649697997,-1.3189209087138105,-0.1887149730548408,-0.538311832954287,-1.2488289807934916,-0.18189184527914126,0.029420275471626487,-0.9938272999007929,-0.10696609445554608,-0.408628723005697,-0.9577084160575368,-0.17976801398288772,-0.4378325400150515,-0.6864395469955168,-0.1413918951583502,-0.32668346274544735,-0.5884019389836675,-0.10041507393493203,0.022651931770656615,-0.8499484757938666,-0.1514227086130405,-0.41073205211512454,-0.7349211100242045,-0.21442513374664623,-0.3697516674163771,-0.5076772143516619,-0.1373929505914679,-0.24346199017000844,-0.4609813220601912,-0.07933366546341204,-0.009354352865958562,-0.6835680134980776,-0.2053716330385272,-0.333578557381026,-0.571830593201896,-0.27066706737736584,-0.3133375712045824,-0.40332035815979367,-0.23635533275276346,-0.21411356998173411,-0.3587700824814624,-0.1894468313892004,X
0.0,0.0,0.0,-0.25613910362341347,-0.24636581613122352,-0.023652919547646773,-0.32609887650664493,-0.5896401756224053,-0.06610614546651748,-0.34091849432947385,-0.8425592584839704,-0.11935338167528348,-0.36414853255945207,-1.0341451579134042,-0.1520657137359774,-0.006895935660337016,-1.0513993779669297,-0.09184433350754317,-0.16321309422729482,-1.406743023910795,-0.21677987341767907,-0.3720102662180785,-1.3964069941271884,-0.2435124097784973,-0.5140328075180758,-1.2820339181459595,-0.24809033588860085,0.08145902898521984,-0.9866400258105069,-0.14108822085995482,-0.40829972581126234,-0.9562860397799137,-0.27904051119694157,-0.44469043737084823,-0.6444914111899899,-0.26264660749804364,-0.306481112800386,-0.5533940539531441,-0.23066318710711042,0.10490107165384695,-0.8205907052287152,-0.20193515408711263,-0.3819747351224079,-0.703198030115791,-0.32561267410428063,-0.3560292440916874,-0.43459061879420763,-0.25197605904716125,-0.21623021159114766,-0.3992747658342542,-0.19158204291457248,0.0878166894102887,-0.617050826855894,-0.2696514410798291,-0.27316283880226305,-0.47985285065421046,-0.380563990343026,-0.23983948919142845,-0.2874319478617495,-0.3546474563335451,-0.11026274069218775,-0.26202681436894815,-0.31354368047540754,X
0.0,0.0,0.0,-0.2557885105774404,-0.278773418245919,-0.012574024928638256,-0.3335320057433417,-0.6149874250146272,-0.041577682989075625,-0.3574263973040408,-0.872335287266064,-0.08524109177791693,-0.36642414222828956,-1.0649642625069986,-0.10792712508805566,-0.06825023984980946,-1.0306876538784644,-0.027093349669763546,-0.2122287227374834,-1.3450210868713586,-0.11680517821382944,-0.3877252413708459,-1.331599606999313,-0.1444362681444568,-0.5071452318186171,-1.2652431414460064,-0.15316001215146147,0.015032357565412026,-0.9973296868715031,-0.07146694278346488,-0.3889812846353174,-0.9661702369137215,-0.15221360771484763,-0.423929827863345,-0.7039171417518953,-0.144467520275049,-0.3196347652813101,-0.6276025833672809,-0.12802250020641662,0.045061986456065496,-0.868292866928423,-0.1269880215835884,-0.3673094629551096,-0.7356136980529173,-0.18989842254806533,-0.33723702443808445,-0.5096377892138803,-0.13382850061602813,-0.2232349894103652,-0.482983059424918,-0.09654041958184621,0.03806338488291989,-0.7095735291373833,-0.19159457470014823,-0.2746300422172211,-0.5836735073328241,-0.24578026623434535,-0.25568898922953515,-0.41147575728002794,-0.21577942074905196,-0.16147051828995018,-0.37059124008603367,-0.1807256188005126,X
0.0,0.0,0.0,-0.21966141296639397,-0.2907222810002627,-0.03238573250967771,-0.31189674038723925,-0.6339248020591849,-0.07167824684479007,-0.3633277407071421,-0.8839283568010192,-0.12345789881928611,-0.3917176377776974,-1.0874267361752656,-0.153766156927898,-0.04019148381421818,-1.0343772924750851,-0.04044292164596682,-0.17319777918414378,-1.3472336854448226,-0.130529501386208,-0.3498549443775833,-1.3420237831867134,-0.15522433476019665,-0.4751713258253382,-1.286406314211112,-0.1577299689803662,0.042265940506270916,-0.9965152845295762,-0.07190881706757585,-0.34539352497650566,-0.966939354217031,-0.14288759850920535,-0.3875515203026945,-0.6975293751369108,-0.12248664134315682,-0.2871407879067926,-0.6167651900309058,-0.09476394697915445,0.0743373032228894,-0.8656362120573217,-0.11711365426912447,-0.32717712019395406,-0.739558339781369,-0.1744134000964126,-0.30064925125406555,-0.5132628615201373,-0.1067474092874113,-0.18591495925312831,-0.48048906836053606,-0.05743495769892294,0.07663404935769609,-0.710973952561278,-0.17334522536736952,-0.23089547451642822,-0.6048496786365442,-0.2244408770435141,-0.22056127084272412,-0.4337921303212378,-0.18472603309212415,-0.12793077384620438,-0.392316214257336,-0.13809364973231375,X
0.0,0.0,0.0,-0.25350600189239203,-0.2801745300757893,-0.02729032052387497,-0.3528222854862828,-0.6317036156124968,-0.06294405415297476,-0.38864029534626865,-0.8895888269315311,-0.11236377700029022,-0.4251077976575459,-1.097345632364596,-0.1397311669498493,-0.07860741399877219,-1.0364683630669227,-0.020329633338496002,-0.23427471447634082,-1.3311713293065948,-0.11162664251093592,-0.3949199144263414,-1.3194457554653052,-0.14123123155992298,-0.5019247161100293,-1.2522334367196513,-0.14977860480939942,0.009871443811918805,-0.9982573811001627,-0.05817865309641321,-0.36914205864416444,-0.9507847945494333,-0.14042194292942115,-0.3949567277636616,-0.6902725834792324,-0.13176628587774156,-0.2878806133865363,-0.6298406503821692,-0.11111726425100917,0.05265800806468327,-0.8688362020554834,-0.11020938818840191,-0.34079273865969245,-0.7278585801592597,-0.17231557214535523,-0.31008378893396205,-0.5163495490245967,-0.1131318609882344,-0.20163527334154127,-0.5003628839789807,-0.07146206219212814,0.059967979865865405,-0.710167142052829,-0.1735497129837726,-0.24730568925900326,-0.5829227882343726,-0.2276855793275532,-0.2247242829658538,-0.42145507314767594,-0.19667760012181934,-0.12885372774512993,-0.3896502429604063,-0.15896426873752553,X
0.0,0.0,0.0,-0.25086576809058697,-0.3069436250050533,-0.01682384210634084,-0.33353940637598306,-0.6621019730955374,-0.05026132150056363,-0.3560897874323046,-0.9225102147804525,-0.10207865144698823,-0.3820692252733756,-1.1374214735121009,-0.1328762571726641,-0.07466106905324599,-1.0399377120005922,-0.023592060941153428,-0.19506849009690644,-1.3610902049237905,-0.12178339127102132,-0.37323651817184933,-1.3401790661663657,-0.1518848589919906,-0.4956324841855874,-1.2563226559662757,-0.15694505849076879,0.02331336970168504,-0.9975412553019907,-0.06609032276877634,-0.3603515900526681,-0.9498969910168316,-0.15053375264282345,-0.40791865638061653,-0.692346210532553,-0.14012897683301206,-0.302378404443096,-0.6200527521884058,-0.11756820970614204,0.07038159461135238,-0.8588484594859244,-0.12148942930410593,-0.32971051171111565,-0.7364747124290808,-0.18582090529703285,-0.3130380265212897,-0.5147557719928852,-0.11898296303241379,-0.20206198428748418,-0.4753077192022101,-0.0701227275772008,0.08211795767505894,-0.6935770374005306,-0.1871601658418556,-0.23245307352797548,-0.5934854937574896,-0.24174592937485936,-0.2175287551978228,-0.4250773750224857,-0.20256934831624288,-0.11857141179626414,-0.37465646453339524,-0.15647219516685695,X
0.0,0.0,0.0,-0.19438901179835938,-0.32039697219447627,-0.035320474840557156,-0.28523605482614917,-0.6895956148383101,-0.07720488310973488,-0.3350645947646135,-0.9377911784371497,-0.13535710631872283,-0.3663179717064516,-1.1384616113044623,-0.17140184874622186,-0.021909971999239802,-1.0401392604164137,-0.04403666827673467,-0.12291647919302978,-1.3717048477336358,-0.14071205452582544,-0.3011489076620472,-1.351780458767107,-0.17068973489022224,-0.43760667453853525,-1.275617347413105,-0.17565905333477352,0.06822641693800056,-0.994662834989134,-0.07740155504368713,-0.29922302400257555,-0.9511761202072174,-0.1569829651751249,-0.3541470514235542,-0.6878310100927157,-0.14835054151188376,-0.26450416388196096,-0.5981605380177878,-0.1284225157159143,0.11258194384648483,-0.8584341002781085,-0.12445186560207401,-0.2763120555984154,-0.7386080955533726,-0.1876151867495328,-0.25858516733857484,-0.5117820887167606,-0.13097562031994547,-0.1437051499795568,-0.46447501674144986,-0.08859897536570459,0.12734450150762475,-0.7019557005888577,-0.18262329227724305,-0.1733554024366366,-0.612531274497398,-0.23544217432462838,-0.16875009412495173,-0.43904852010941625,-0.196901409155875,-0.07778908871856698,-0.3753914710509818,-0.15107932133733565,X
0.0,0.0,0.0,-0.2153425157665112,-0.32498999788494,-0.03236431099161303,-0.2954732300434223,-0.6822014761896007,-0.06778922166290746,-0.30644725893545466,-0.9296294158021807,-0.11770165454781206,-0.2942086747955957,-1.122400656587436,-0.14596367843231842,-0.042708548918638664,-1.0437449397348169,-0.0376209916199003,-0.14866468304066072,-1.3632638414925122,-0.12580182621029132,-0.3199822349606834,-1.3483258508807074,-0.1555582573558935,-0.4517237428428564,-1.2645428335402258,-0.16264787857880697,0.06378900827204352,-0.9955478746419759,-0.06939302356515277,-0.30500159526839615,-0.9485125464738267,-0.1394429619038689,-0.3591971634274057,-0.7022004910186589,-0.13047791995026767,-0.2771521461741909,-0.6051784382208033,-0.11133601648337042,0.11425148039107545,-0.8525829508736817,-0.11364836502977564,-0.2864751750985321,-0.7176016146030268,-0.17041440378156109,-0.2677282011157504,-0.5097980746758858,-0.11444231620731364,-0.1572996201101755,-0.46141379413585654,-0.07320304563145834,0.12370375805462523,-0.6917556711393739,-0.16873961393652329,-0.18552590286385498,-0.5838522961361684,-0.22101576072899518,-0.17749916570967125,-0.4229267032632835,-0.18514780895682612,-0.08870087680400295,-0.36880562082229973,-0.1408927052658327,X
0.0,0.0,0.0,-0.18751971860778915,-0.26648996597322583,-0.05978528521006283,-0.28966254978200945,-0.6220919218507682,-0.10834015909446856,-0.28863312402803815,-0.860450041405321,-0.16677322631370592,-0.23181421598567034,-1.0194031953404052,-0.1978544073134839,-0.009806209537045753,-1.0322455644304709,-0.0627303271504158,-0.13106068536540175,-1.3857609938926345,-0.17730178628599153,-0.3014177192237482,-1.3717437542795905,-0.2099649190315855,-0.4190986978802531,-1.3048718856094244,-0.21121710758975465,0.10354213105604126,-0.9911404486296259,-0.08318436263287424,-0.2649193644745745,-0.960956214914966,-0.1623137785923101,-0.3142750368039618,-0.6830783275417439,-0.13100290343606136,-0.2149193920191488,-0.595840959104628,-0.08782393082276288,0.15625798156273615,-0.8512478316729013,-0.1227537483284704,-0.25274462727557545,-0.7251387326656914,-0.19740470269306215,-0.24536451728821493,-0.4924341724864126,-0.11704951054149557,-0.12873094297518362,-0.453707684678702,-0.04857481400350345,0.17824923063658563,-0.6915432130979479,-0.176361394951381,-0.15142234700650262,-0.5800101040247169,-0.24668087279064074,-0.15386006193704602,-0.4070235499466991,-0.20404707186554574,-0.06299758363574388,-0.36148539879049674,-0.14505339838951886,X
0.0,0.0,0.0,-0.15471053948701088,-0.265906730127004,-0.06733849648451702,-0.2458760959217031,-0.6400987089702334,-0.11691116435201569,-0.2590504280888564,-0.8940956897820341,-0.1724430440869699,-0.22649566162177398,-1.08200142738001,-0.19985305292643596,0.044260603323699584,-1.0376537237246988,-0.08396690753668898,-0.054023980682108945,-1.3782202939405448,-0.20137261538525197,-0.23094449421374055,-1.4066579416953966,-0.23373931738048723,-0.3580843191530621,-1.3760704623911402,-0.2346839896686675,0.16400402276670242,-0.9815963166092644,-0.0978332854168955,-0.20816969079905429,-0.9544279323316596,-0.18082999963083268,-0.2632638048778448,-0.6821394748705226,-0.14792162972929718,-0.172846741479759,-0.56843345154416,-0.10217685481604404,0.2180208807581422,-0.830968096402929,-0.13004475727235942,-0.1960514501526919,-0.7257810146223471,-0.20801159904344688,-0.1919619064286233,-0.49408802737200014,-0.12609106615371485,-0.07652496751692736,-0.4410779108302863,-0.05427193953055167,0.24316825243473056,-0.6556451006356695,-0.17626266327285775,-0.0991940498515383,-0.5460307578405762,-0.2525399137835836,-0.1130670162206138,-0.38061338973966186,-0.21353641581371613,-0.025957933874740456,-0.3361157025694026,-0.15398155135517866,X
0.0,0.0,0.0,-0.14768131638758827,-0.2534895191074721,-0.08850291905552718,-0.24405783152688237,-0.6045468779560026,-0.1462353032393613,-0.2652101629665274,-0.8497884102492052,-0.20290307146808015,-0.23310960257466312,-1.0297239675010308,-0.23142484300068683,0.050594179534005,-1.0261832978189938,-0.08933009266200859,-0.09710719957843617,-1.359724493480216,-0.1998194557365978,-0.22394033543514916,-1.3906983312443424,-0.23911067226457847,-0.2869113102445231,-1.391137905545869,-0.25267089244380087,0.16570145522320093,-0.9814063053560826,-0.09687461764692076,-0.21551138284270666,-0.9644314344853053,-0.17652345976403114,-0.25052013551562086,-0.7020356705611406,-0.16025185009536258,-0.15206923494016272,-0.5998467834047172,-0.13308556641062894,0.20975378206442577,-0.8379841048275133,-0.12393969742397465,-0.20441328533583636,-0.7384691776394824,-0.2072295103081835,-0.19770832269000224,-0.5055917007913672,-0.15182966867255793,-0.08123056226610574,-0.4532562773673803,-0.10202030531718867,0.22668892873999438,-0.6633441038006066,-0.1659054381844843,-0.10958139938296585,-0.5459488749691876,-0.24595211159622435,-0.11317563654036017,-0.37846966169677265,-0.22613076640172577,-0.0222016119494509,-0.3343844319867891,-0.1862505458896735,X
0.0,0.0,0.0,-0.18244190123026258,-0.24684764011683055,-0.05643849202321876,-0.2756339999450695,-0.5749187073597914,-0.10363626772132338,-0.2638147856631524,-0.7973969403007806,-0.16014373234245174,-0.2081569997406499,-0.9631289774331995,-0.18932250153876715,-0.016768188900481554,-1.0201259315215319,-0.0624179594232579,-0.11223860021832988,-1.3655584123023303,-0.16860917454374008,-0.2777020362859691,-1.366068946183315,-0.1994043225940806,-0.39314399198865113,-1.3101605938389538,-0.2026660628366654,0.09983939949439229,-0.9916202598059876,-0.08198386823579848,-0.2548828409697129,-0.9509515644456085,-0.15327676625457626,-0.29743730766274845,-0.6813374899359605,-0.1296142475327448,-0.19932942574666765,-0.5796008076347071,-0.09801126978896059,0.15742957822008077,-0.8649445442136565,-0.11859014036705133,-0.23371803635459582,-0.7344571876541991,-0.18516123551602573,-0.2302720765513767,-0.5114975832335442,-0.11352203398158565,-0.11817794533431755,-0.47476312604057286,-0.05677563432399304,0.1863105239947028,-0.7143602641294844,-0.16861168068760343,-0.13631427294404444,-0.5852327963894255,-0.22835967326187037,-0.14494154728686248,-0.4229910382359144,-0.18936921893824846,-0.06200041635146646,-0.3918227625367905,-0.1392422047352945,X
0.0,0.0,0.0,-0.16146383210940787,-0.22180360619528106,-0.07867562453351287,-0.26633307650228155,-0.5571688934348732,-0.13678280934026935,-0.263562961434425,-0.7722969230045907,-0.19986301834734935,-0.20472950571578477,-0.9089322879551752,-0.23279396184253204,0.020081944295649794,-1.019894673540285,-0.09399610404315015,-0.08417744917114929,-1.3655819896575434,-0.20964943860360066,-0.2490741610926577,-1.3709494830172764,-0.23948094561367914,-0.3604908194754203,-1.323122676628051,-0.2390286139479428,0.1328445499989112,-0.9857723543401796,-0.10298150782643528,-0.22890613598411652,-0.959347653666582,-0.1771651831128414,-0.2682502438272567,-0.68725655682047,-0.14533383093689822,-0.16860604726187034,-0.5802007830934622,-0.10622897359361914,0.18462532227916528,-0.8555401365382795,-0.1308292379292915,-0.21341389026445726,-0.7489728570456754,-0.20449997509790052,-0.20875996658308005,-0.5205044103618507,-0.12896156946818804,-0.0950587157575108,-0.4723424831242198,-0.06538353800943877,0.21051053206751488,-0.6972779738615802,-0.17389916875178843,-0.12116018202011761,-0.5846173614600075,-0.2417245106757313,-0.12559152257506517,-0.41813534387747714,-0.20559587587003944,-0.03897294424902502,-0.3734294941765789,-0.15345855839652311,X
0.0,0.0,0.0,-0.16541639528855093,-0.24115626712674318,-0.07229241719526953,-0.26233397726459284,-0.5790502225374909,-0.13049102118232403,-0.2527967194050696,-0.8006707673949697,-0.1950216288581323,-0.1915532327138609,-0.9518323711015133,-0.23185730860633444,0.027979349880946483,-1.0192805512651353,-0.07953560870484147,-0.07705003007762821,-1.3544816928463081,-0.19432497462871917,-0.246399985078134,-1.383107348896289,-0.2382026344063253,-0.3691146695541163,-1.3614765303165446,-0.25186520361417114,0.14529490985057328,-0.985153194670038,-0.09144710057148901,-0.21117822698678373,-0.955042692615363,-0.15759620919159387,-0.24541953553471502,-0.683991294552922,-0.13592973242356318,-0.1471125495449313,-0.5697352770326505,-0.11026377830588711,0.20075037002380872,-0.853136097475906,-0.12168852204405621,-0.19659469076927402,-0.7451534145366925,-0.18457011626027858,-0.19052207358737033,-0.5138550517966517,-0.11402514475916553,-0.07966321250869159,-0.4573923411976894,-0.06041945762231769,0.22791740251509462,-0.69280531421434,-0.16752740627892396,-0.10083089641718868,-0.5773451851112463,-0.22796889102797901,-0.10785176352132138,-0.4097272612313959,-0.19286980963712047,-0.024116745022871335,-0.3609961231479808,-0.1463902469364726,X
0.0,0.0,0.0,-0.17860544125544056,-0.24729990086325526,-0.055767397053869246,-0.28112744450265215,-0.6018307822883804,-0.103574951286401,-0.28128693406321553,-0.8528339154542591,-0.16209856465708913,-0.2312817686119736,-1.0253301379157338,-0.19211824699901095,-0.0020134115850399376,-1.0262355774451009,-0.06295216156212842,-0.09737145122149958,-1.3849124188204858,-0.173217497067375,-0.26910942572395846,-1.3875805062282238,-0.20591444227066968,-0.3901318336843286,-1.333966841430211,-0.2099633153528877,0.11839409686472437,-0.9895873744568968,-0.0818514883376705,-0.23377864493722736,-0.9635696310704851,-0.15351671723536778,-0.265439436426127,-0.6775892843364736,-0.12710205141095754,-0.15700844103809053,-0.5648217101498895,-0.09466368226065303,0.1804115164117481,-0.8556101867446444,-0.11839631134565394,-0.2104595417779869,-0.7573136960718773,-0.18254785253594222,-0.20073067858362043,-0.518638913781451,-0.10719887115996127,-0.08025668412427185,-0.4669087630468627,-0.049831635166772095,0.21394025732021,-0.6965385656923743,-0.16909104096096725,-0.11058026133370089,-0.5985977559552732,-0.22840765852472772,-0.11656784531822507,-0.43088583599850594,-0.1894653279131849,-0.027173562310253647,-0.3848652193759897,-0.14033839989381935,X
0.0,0.0,0.0,-0.15482844975239263,-0.24726026331336243,-0.06407867744389659,-0.25556835642748943,-0.602796431679374,-0.1170560786740825,-0.26708517990850633,-0.8393775250892235,-0.18034935457756227,-0.21003745302011587,-0.9681416253329285,-0.21440067182943942,0.027567588738089142,-1.0283504034311692,-0.07216676513317123,-0.056487496793176696,-1.376922338794771,-0.1832447819352165,-0.2220679809672999,-1.3800351340835857,-0.2159594726571652,-0.33524234264175784,-1.3303813293749567,-0.21940491658092945,0.14907522888785218,-0.9850675338272735,-0.08613088837047936,-0.1948322237818322,-0.9629372915383384,-0.1584838950266618,-0.22423584457527176,-0.6849320466304705,-0.13478799082162646,-0.12055040417032956,-0.568497622593439,-0.10561613302742512,0.21634148350126145,-0.8490187120538006,-0.11755372987568193,-0.17599645744059178,-0.7589918121033417,-0.17902435945489545,-0.17117894003295087,-0.5295360611055758,-0.10807295539761601,-0.0559459154005147,-0.472119013004795,-0.054009465506415784,0.2564790667778763,-0.687376756956736,-0.16420045532967817,-0.07232197555158203,-0.6041201050512157,-0.21771384454335224,-0.0856686789386539,-0.4446685073579842,-0.18131417260036567,-0.002875553031610068,-0.39422972685019336,-0.1351648700455536,X
0.0,0.0,0.0,-0.16055966015702677,-0.22089515080708108,-0.06980757752946566,-0.2688616180477032,-0.5695944501482453,-0.12589855871312888,-0.2886740716882246,-0.8118875657507628,-0.19145217107862775,-0.23650877592442052,-0.9442980151404616,-0.22636583560797213,0.009692500761876763,-1.018757292181772,-0.07612646048807924,-0.07599637564187688,-1.3663782595088156,-0.18072010917018774,-0.24006018258984615,-1.3623142945298903,-0.20666982664802414,-0.3532913838117728,-1.308685863790219,-0.20744519597084454,0.13695681089231143,-0.9867058758433024,-0.08748912233248932,-0.20579485245648496,-0.9412265075256815,-0.1594847082570244,-0.23118012901979482,-0.6548113041471006,-0.13770954098270416,-0.12253313562272955,-0.5482929262348842,-0.11097860673314665,0.21120553174486792,-0.8559787232837702,-0.1157534509978373,-0.17701339678296224,-0.7385104629897911,-0.17429097718527745,-0.16778196796726214,-0.5054011321018688,-0.10834073488232929,-0.04997116963993599,-0.4621479728310375,-0.060969056455816024,0.25778820680702735,-0.697814524000442,-0.1596772658299628,-0.06428879836189726,-0.5868788847305424,-0.21162378055388972,-0.07215948859644353,-0.42398754531903815,-0.18010275304558832,0.013962987550027057,-0.38478624788854504,-0.14019130876132768,X
0.0,0.0,0.0,-0.14971396931265796,-0.23054847519066213,-0.08879029119511132,-0.2575820256622442,-0.5939623326197997,-0.16066991667728672,-0.26428482227517086,-0.8420869745662571,-0.23990754933483888,-0.19410554705248922,-0.9598008795817233,-0.2865678689566432,0.02856033486020808,-1.0279663970527357,-0.10533388383724,-0.06765511715596184,-1.3926333083779845,-0.233760638768576,-0.24708003031595493,-1.369913101426653,-0.27203696593158905,-0.37418027009439786,-1.299535465208694,-0.2753923967461848,0.16178365020148813,-0.9805055045515162,-0.11151235838084918,-0.18705595474017145,-0.9644613068376601,-0.20419316099926277,-0.22948946174540083,-0.6702070761462835,-0.184341051454115,-0.13529640856975528,-0.5551129572475354,-0.15333686064597954,0.24127840325853345,-0.8340496097856849,-0.136272102332268,-0.15393773354510895,-0.7439601136953038,-0.20707698038655817,-0.16057332168916139,-0.5095373583103368,-0.1323622256524843,-0.0486303198596314,-0.46005349089600245,-0.07399113636790669,0.29186564170758605,-0.6626146314296586,-0.1785338796980114,-0.035641035092404794,-0.5881536006670973,-0.2343944626361093,-0.055628833735604746,-0.4300257071239744,-0.19455785486364377,0.02519203842442779,-0.3850860923265229,-0.14473210036844866,X
0.0,0.0,0.0,-0.14229610036798504,-0.21030680598267892,-0.07454240743698573,-0.24912019054313567,-0.5531829394763284,-0.1271853799751034,-0.2797816572523885,-0.7928462715831486,-0.1845560209668609,-0.24463404671048722,-0.9390651153179564,-0.21084490304229558,0.023107533920370675,-1.0157679540453248,-0.08098500817274745,-0.07548194450804338,-1.348555432283986,-0.19520372946185804,-0.24486705801425457,-1.3711177274819426,-0.23215744327175616,-0.3653197977293231,-1.3491771821807717,-0.23696747957899247,0.14779621047109037,-0.9852662720360849,-0.08606191584261116,-0.20199239849095404,-0.9261886324493207,-0.14980494987319304,-0.23085430692218947,-0.6485987498486211,-0.11965420974362177,-0.13268332143238243,-0.5421927661920048,-0.08558375722967193,0.2139739324714884,-0.8482368840473652,-0.1100162652007922,-0.17318420244980764,-0.7274091236518552,-0.16954425323089695,-0.1615550835754687,-0.49458832498029254,-0.09770689001555329,-0.046927240034511195,-0.44773914180044305,-0.04054492190080403,0.25479747424952015,-0.6782725268523526,-0.14961768104551768,-0.06590568226929983,-0.5611586497744345,-0.2028357432566565,-0.0696618785848396,-0.3991259509892537,-0.16557614173242738,0.014362268047716132,-0.35699225195513046,-0.11622188175141535,X
0.0,0.0,0.0,-0.16729508150442127,-0.21534294579591032,-0.066186203726756,-0.27227824158015185,-0.5321216279790457,-0.11988440614996156,-0.28245987899430497,-0.7561407484973116,-0.1807856018118904,-0.2311383797887449,-0.9093296990368901,-0.21269740404125428,-0.034186978964102735,-1.0196938037843757,-0.07137064439258016,-0.1469212907835441,-1.3738572351921379,-0.18879421687627887,-0.31619542571304393,-1.3638682639525868,-0.23538163964103934,-0.42920991095598066,-1.312273351540184,-0.24911786000091699,0.08148671261269273,-0.9931115052031753,-0.08419889488977897,-0.27136373449407797,-0.9394175455201086,-0.16028515092067305,-0.29019732252091446,-0.6735913673835732,-0.1474414317332863,-0.1871023285130428,-0.5805422431054129,-0.12513633161744028,0.13908357070991953,-0.8586496692781531,-0.11412316408203028,-0.25429118290527036,-0.7176995276369041,-0.1777756975026855,-0.22783526281871624,-0.4961993389569535,-0.11403810975897102,-0.1067505811628204,-0.4590511973151713,-0.06426204772076254,0.16738578107784502,-0.6986571240290175,-0.1585695933707157,-0.15728057166862658,-0.564282044217705,-0.21307534240349443,-0.14737178410992835,-0.40490017187286353,-0.17723284975817605,-0.05427346047724004,-0.3672885798227794,-0.13025333442755882,X
0.0,0.0,0.0,-0.19784899078545234,-0.26075596272560525,-0.04667071090506082,-0.30771995606563335,-0.5930399181640311,-0.09214985104092521,-0.32560648969423966,-0.8350328600178444,-0.14985660268113388,-0.3003644633927858,-1.0105428792596407,-0.18222912437480102,-0.08041692574757033,-1.0283766367381242,-0.0603513329722105,-0.19488198159573475,-1.3803165928384413,-0.15989526093942516,-0.3525395518058791,-1.3597388420546133,-0.1871080549717677,-0.46063060477306356,-1.279733863478835,-0.18894762678259186,0.027397235681990532,-0.9961996777101141,-0.08267764877674197,-0.32081283930860427,-0.9471940903127305,-0.15563295689334017,-0.33380640076905244,-0.6890428504963122,-0.13846416974387818,-0.2234404758309487,-0.6034718205877884,-0.11338838602467965,0.08770553198015804,-0.8585831175070278,-0.11878281179110776,-0.2991865290421277,-0.7228518386666622,-0.17913205312761926,-0.26384941477499213,-0.5141591815361818,-0.11578892204055287,-0.14013497211676,-0.4824879939468487,-0.06867780143826831,0.11601865376740511,-0.6973096480113847,-0.16682302398933713,-0.1946998305776025,-0.5780974874099849,-0.21915884601589047,-0.17527197681467988,-0.42613790890789316,-0.182806157359933,-0.07704639891003863,-0.38600861025929223,-0.13822545158046454,X
0.0,0.0,0.0,-0.20215797807619496,-0.2618529780911642,-0.05614967033399756,-0.30207003122786763,-0.5988306053891463,-0.10102833075737734,-0.3079818193394446,-0.8404536889546812,-0.1560713793234389,-0.27682475999308614,-1.0175726937189273,-0.184434652270365,-0.06790569414976307,-1.0276877329968725,-0.06318044294705892,-0.17385578017221273,-1.3908132999609426,-0.16331616762841306,-0.3304151081827152,-1.3628835793056788,-0.1900800565788194,-0.4303751932325675,-1.2801903175454796,-0.19241617122047763,0.04309657463408371,-0.9956979367184732,-0.08202624012707284,-0.30286743434975355,-0.9535318190851407,-0.1609225090244482,-0.32736756705683695,-0.6867994626478693,-0.1502262791777732,-0.2188881691241173,-0.5989172836421831,-0.12981082463937296,0.10353376869257153,-0.8621635548410782,-0.11543409308522924,-0.2843900600017655,-0.732429581888231,-0.18161517064570923,-0.26650176651995716,-0.5109322317204724,-0.12462573752369775,-0.14527183193829574,-0.47816196310421966,-0.08200562873781568,0.13347328383066842,-0.706337955482078,-0.16147874048899935,-0.18138850682465532,-0.5891415961659359,-0.21681415563069004,-0.1706023091840242,-0.42687328139172587,-0.18533655007495248,-0.07198950967659669,-0.3858810927947447,-0.14513394331375518,X
0.0,0.0,0.0,-0.16180766608618452,-0.2207059574919697,-0.09030952329680157,-0.27047207982766835,-0.555067879175669,-0.15313336626847063,-0.2778482797448381,-0.7912837133914717,-0.21775919994168758,-0.21050242680882128,-0.9213349169051437,-0.24924376875336104,-0.015255016173471955,-1.0242661523904346,-0.1042222632782583,-0.14256287084662378,-1.392349640833026,-0.21274833911378754,-0.3034461892326423,-1.3661503770373291,-0.23782240906437713,-0.40237881024320077,-1.2922717869062095,-0.2357811108642816,0.0930729233460555,-0.989932665267952,-0.10663371500284625,-0.26287198883373386,-0.9609576257711457,-0.1899708264179104,-0.2828933891670683,-0.7015915635219002,-0.17411369308554167,-0.1819824564005082,-0.6139240885320378,-0.14668652381925446,0.14620160182082848,-0.8552065286282141,-0.1254649311398643,-0.24209147205053913,-0.7348525959910762,-0.1999722243566628,-0.22189937526567627,-0.5152043371091112,-0.14119685443504928,-0.10468428986422214,-0.48211309022459314,-0.09084325712539686,0.1695063128755052,-0.6938023765656535,-0.15911649777975986,-0.13988984092850493,-0.5930692450122117,-0.22009095081510827,-0.13059517320872427,-0.43558018093236023,-0.1885292885086843,-0.04054851395316083,-0.39170244856758474,-0.14280709627452465,X
0.0,0.0,0.0,-0.17405520544969003,-0.2284354775585956,-0.07327124527759915,-0.2842357743964857,-0.5637121539358209,-0.127795458968802,-0.29087461374788026,-0.7983324582125289,-0.18862962087820842,-0.24289116522116996,-0.9557901923780788,-0.2188686685165623,-0.019423536780098304,-1.0277009457164814,-0.07816395973256952,-0.12612508243144735,-1.3761920932882072,-0.1802715932372128,-0.2946073993406152,-1.3539290664086205,-0.20564734518067643,-0.41174070097273996,-1.2827904142260378,-0.2051748970241434,0.09379453516825803,-0.9916070345969603,-0.08898356089971327,-0.25636984007126024,-0.9576123958544923,-0.15817316924379413,-0.2811719815463448,-0.6861952533011898,-0.13724785982345686,-0.17858414461290337,-0.589944015686884,-0.1097054677659534,0.15360226261277404,-0.8556564475511098,-0.11637501356726325,-0.24330714147778293,-0.7302128502016527,-0.17314845432148107,-0.22454532578003308,-0.5043554558793581,-0.10762295283670986,-0.10741043929888043,-0.46794643948252823,-0.058985346220438585,0.18367691712438997,-0.6916959845977365,-0.1591263627076532,-0.13881692635239973,-0.5829449494740926,-0.2085076480769576,-0.13501403449678426,-0.421278415648962,-0.17232793369719893,-0.046605748589411675,-0.3777931415690415,-0.1274206072138023,X
0.0,0.0,0.0,-0.16971449085315096,-0.2070334163643518,-0.07226825693642885,-0.27613008546418233,-0.5278125413111853,-0.13193689483746476,-0.28909282305215206,-0.7581096482694547,-0.1996007464854036,-0.24077484723918402,-0.9017514335828747,-0.23681088870867756,-0.033023752125359324,-1.014306737567775,-0.09051736931760214,-0.11833571215729581,-1.3775294945968524,-0.18641343410084443,-0.2810915824663298,-1.349927311269152,-0.20250471300836728,-0.3941762322573086,-1.2696828836582041,-0.19869893741584393,0.08571485767739348,-0.9910925548000759,-0.10192404521604752,-0.24923440467891678,-0.9516409134168893,-0.17668445350881043,-0.2740130717012584,-0.6743739952566308,-0.16164712094372055,-0.1721697465183361,-0.5795711263156418,-0.1409628250419239,0.15441989770415254,-0.865332331286264,-0.12690006234882578,-0.22471842470464473,-0.7385032559720787,-0.18526206540821757,-0.21436667075761448,-0.5058077904026363,-0.12398236802610142,-0.10312332416750343,-0.46979491090398984,-0.08251632500814314,0.19127773540102022,-0.7169680904898259,-0.16650134714050524,-0.11956047666411829,-0.6023971898934716,-0.21675158293021532,-0.12278347309707931,-0.43936754869467726,-0.18581692714152145,-0.035582826441047356,-0.4021725774797174,-0.14858871594715795,X
0.0,0.0,0.0,-0.17824520609009617,-0.20447216995751258,-0.08603686129238484,-0.29428135851213605,-0.5223279296689688,-0.14789231212429055,-0.2956146073897536,-0.7414844801671227,-0.21273718046297793,-0.23528829698136117,-0.8828516080159426,-0.24643791760258432,-0.03659353882685803,-1.0200640084654864,-0.09677041512390058,-0.13407003829971265,-1.374823833472613,-0.2062455012881036,-0.30116096038304035,-1.3491248964205695,-0.2365155235456964,-0.41407329938610293,-1.2783596992492037,-0.2404631312967708,0.08498501203671291,-0.990932143865566,-0.10407225366596454,-0.26407668051450556,-0.9608206803021757,-0.18167249338398803,-0.3006602388059803,-0.6867758929956069,-0.16535889636751733,-0.2005829624618296,-0.5922867749061598,-0.14126942657152358,0.1483951195665552,-0.8616915548194382,-0.12898039806187178,-0.2466919060607237,-0.7332893307455071,-0.19709325618562762,-0.23481262089875357,-0.5043605179231886,-0.13823502603852145,-0.11478839718713958,-0.4710159258315757,-0.09385267975243962,0.18411394920746219,-0.7060605470999938,-0.1693161315689968,-0.14293407190399743,-0.57793834295276,-0.23071332517721857,-0.14264087013811458,-0.4137282176674258,-0.20174103144843814,-0.05385986503995889,-0.38331488998668795,-0.16177977986917358,X
0.0,0.0,0.0,-0.20153582938370568,-0.25352490375015785,-0.049034328551436135,-0.30349084177932245,-0.6047634531697638,-0.09104187135496841,-0.31172961581497793,-0.854274599920612,-0.14639219050361996,-0.2842090463468297,-1.029595997978194,-0.17440235510759985,-0.05878870828894043,-1.0255442141722177,-0.05087973090104319,-0.1556549256533029,-1.3818906638786013,-0.1521090937732497,-0.3179663795170495,-1.3502071694545577,-0.17167212913004704,-0.42905113219147484,-1.262808708428262,-0.16640808012024264,0.0511306237985647,-0.9959417229651717,-0.07406580700387051,-0.2955770407919428,-0.9653435540183547,-0.15472729452355452,-0.3285014583030995,-0.6845155867860059,-0.13430425859316314,-0.21975709943027624,-0.6003663051293283,-0.10265234984096132,0.11476563733711777,-0.8677223116520625,-0.1130846919524787,-0.27409924320055273,-0.7527404542596475,-0.1823672718387233,-0.258862985625115,-0.5187510416908061,-0.11544631509149819,-0.14068393720263075,-0.4843029800516676,-0.06268495325215519,0.14463523471272963,-0.7167928137663114,-0.16458785675222365,-0.17264262078796155,-0.6150960897290191,-0.2244172159094716,-0.17007222910255992,-0.4455273943321256,-0.18844269716903211,-0.07949145710097735,-0.4007900503674193,-0.14191325956949918,X
0.0,0.0,0.0,-0.2032887257226405,-0.2759122579000316,-0.04040666271728491,-0.2969075113318242,-0.6231038887794835,-0.08333258635946279,-0.30413765428306816,-0.8762979979492045,-0.14231301882023892,-0.28347158269567657,-1.0532985447451597,-0.1768342723854559,-0.06657561219421092,-1.0202876230542721,-0.04949722785437555,-0.160401463802292,-1.3736367242188852,-0.13709311948585476,-0.31391293922588775,-1.3445701443377636,-0.15890892724436773,-0.4182559737830943,-1.2493907536189413,-0.16203508182804185,0.03980197853677726,-0.9962196517824312,-0.07721533466254923,-0.2934707466885861,-0.9602887455481178,-0.15067649415647366,-0.31104834926165414,-0.7000244828827112,-0.1430331925946092,-0.20044979778391128,-0.6063396839251611,-0.12923489846039113,0.10188992189847422,-0.8751138282067921,-0.11744313137382188,-0.2675889126623011,-0.7657134278508744,-0.1728462830098966,-0.243488731123965,-0.5520007873683553,-0.1210323085383638,-0.1257117147049594,-0.5096511891271951,-0.08905002480513993,0.13084022625713787,-0.7328001988363897,-0.16978129696115318,-0.17160019475291652,-0.64078927185967,-0.22086987676347167,-0.16174633091820767,-0.48741336272253194,-0.19599921503180237,-0.07059570122408648,-0.4393351154913632,-0.1659344044809964,X
0.0,0.0,0.0,-0.20023129412597174,-0.2789706779293534,-0.04052317841946288,-0.29576265091774007,-0.6339589289730003,-0.08208887946406317,-0.29778842127570326,-0.8954417722379578,-0.13941371198333743,-0.2710977042866405,-1.0805913587990177,-0.17244630594088795,-0.057073520601078884,-1.0275384715788332,-0.04401366949316221,-0.15986988767652066,-1.3806687094182455,-0.1348048677996433,-0.3122233973214488,-1.3607361581493547,-0.15797620183299982,-0.41287804686877855,-1.2780254497770374,-0.1606657876055769,0.04803768080967719,-0.9962656081799424,-0.07174412296681289,-0.2910750979895949,-0.9669904662858355,-0.1459569332673225,-0.3112818848612261,-0.700239798276641,-0.13390435668849474,-0.20038958255856326,-0.6051125593567936,-0.11499224994317254,0.10710427788252935,-0.870475791736749,-0.11327546360797128,-0.26980156142157097,-0.7669982127047932,-0.17385777068320105,-0.2478752190604438,-0.5472075778468197,-0.1189603810519136,-0.12773483468881863,-0.503646994238885,-0.0816730875969196,0.13472042837139367,-0.7255948896200444,-0.1666268946925886,-0.17309858438044,-0.6422833640933191,-0.2212027944430087,-0.16540337257793997,-0.4824511726462305,-0.19399357564413916,-0.07165606577246848,-0.4318558651988779,-0.16012907413990413,X
0.0,0.0,0.0,-0.15696217103340065,-0.23190962822125188,-0.07077405796708608,-0.2550165369442169,-0.5582849641826161,-0.12957835401958878,-0.2633019499308107,-0.7761630139544966,-0.19630225991913233,-0.21285224087607496,-0.9131811328313693,-0.2337724378226657,0.012981230326472573,-1.0213729893364185,-0.08647320116742596,-0.0858538656064341,-1.3753703059856757,-0.19351524920401778,-0.2510738878317006,-1.3628994375996761,-0.2221259858408766,-0.36108257284636947,-1.2924794270601,-0.22378613867213187,0.12943487542263446,-0.9865185687176617,-0.10013853703536417,-0.22490855736994134,-0.9628092379099282,-0.17531670706956085,-0.254841416425333,-0.6961524363255959,-0.15798858797456164,-0.15400087180936212,-0.5793774244528098,-0.13310655670602328,0.18717233549289214,-0.8553047388162583,-0.12968285915793235,-0.2135360358786119,-0.7534080337261195,-0.19460827592232446,-0.2019115208354838,-0.5325214359392382,-0.1311054204126104,-0.08511100961519434,-0.4753532113029542,-0.08207669062178387,0.21392115102399464,-0.7019704124508279,-0.17403085325420958,-0.12259111304599582,-0.610959116316622,-0.23162179754237378,-0.1324788600308569,-0.45178618935371406,-0.19940189544706702,-0.05094319642700807,-0.39957515036921903,-0.15582059266961318,X
0.0,0.0,0.0,-0.17204446799849996,-0.2314634832580978,-0.0684364699289508,-0.27052164181116184,-0.5571043945309353,-0.1241486143882371,-0.2726294942515198,-0.7793188238895451,-0.18793663094764781,-0.21614792721318937,-0.9178861711302191,-0.22235912902652422,-0.010909952838857427,-1.0286703120352525,-0.07328255875783905,-0.10011986072482637,-1.3796735579857873,-0.17631482023813175,-0.2691018625236415,-1.3629672480717165,-0.20699484158069628,-0.3869205886452093,-1.2919467920653227,-0.21214682962564865,0.11005793632023553,-0.9900202167167498,-0.0880183000577191,-0.23515445410497063,-0.9682720208961545,-0.15815061146136866,-0.2640292438212087,-0.701866676650548,-0.146354885377476,-0.1613498344396179,-0.5952508134720509,-0.1286160981737039,0.1734145436284401,-0.8538384553313094,-0.11870983434196072,-0.22037463519367492,-0.7510759535755961,-0.1776290978211796,-0.20876788260561088,-0.5272121975032367,-0.12066810153803621,-0.09052364005674374,-0.4805759385467401,-0.0804820541178501,0.20421791114223722,-0.693879374760854,-0.16394530858618583,-0.12383912907312566,-0.6019135697998171,-0.2165880980516427,-0.12888367090028416,-0.439981899032724,-0.18542779377548993,-0.04289710212097724,-0.3913988502514634,-0.14643393458670487,X
0.0,0.0,0.0,-0.18580386020877054,-0.2413117454824371,-0.05861087649990021,-0.2911704719233954,-0.5835735763370062,-0.10411967953709082,-0.2950095420459823,-0.8223147405388281,-0.15936426232719694,-0.25508790601083764,-0.9887802001868203,-0.18683402929664314,-0.029891994941290082,-1.0263505231028744,-0.06146981629783745,-0.12781043515891574,-1.3823123901369585,-0.1613303895261945,-0.2964948585648041,-1.3658598627037826,-0.18748787972672076,-0.4118212759656746,-1.296162248614182,-0.18888014103422773,0.08472123774585387,-0.9933641813239023,-0.0777812004118214,-0.2680446268773755,-0.9772374585947726,-0.14850310821220059,-0.29963557461130186,-0.7012586283109907,-0.12827713388136316,-0.19496243600341712,-0.5932215631736862,-0.100905631619364,0.1436512457219476,-0.8647598377274109,-0.11012795334303262,-0.2563609003629776,-0.7622707451736179,-0.17214030519612566,-0.24174727813204108,-0.5314421954753127,-0.10792764521317713,-0.12109816365607501,-0.48226060966673434,-0.05947331797105164,0.17249664819705568,-0.7138680494353875,-0.15611539057046084,-0.1564540283244013,-0.615028795577112,-0.2146922791871127,-0.15807113101564643,-0.4463725316097756,-0.1827427444694257,-0.06785786410420439,-0.3972172279438458,-0.13993891949988937,X
0.0,0.0,0.0,-0.18326752751370953,-0.21846352437750263,-0.06564698156688256,-0.28623991020676665,-0.5370602239942635,-0.12068465806536831,-0.2944194109901504,-0.7640807963474787,-0.18505325102627962,-0.2598534729913278,-0.9190420469695908,-0.22025431689762762,-0.02389774224700934,-1.0187045554703265,-0.07731142504425184,-0.11800912425208104,-1.3928861145237839,-0.17285394511517316,-0.2838942738959973,-1.3706564512443737,-0.1923687676330858,-0.3953704799854407,-1.290715573729502,-0.1911635993530974,0.09294757541867353,-0.9913392365737327,-0.09277535369481986,-0.25384275647735394,-0.9744761503667846,-0.16520370973635137,-0.28286451439827287,-0.6920868084915274,-0.15201950269761844,-0.17275140198854294,-0.5870845698842684,-0.13355560747749745,0.15703128311471184,-0.8680803101639726,-0.12245885764483426,-0.23916234737533654,-0.7669288276292436,-0.18254281330090755,-0.2298008291265611,-0.5252103862590997,-0.12669911766593944,-0.10688284041012237,-0.47913141791598246,-0.08913669217335098,0.18918212062516113,-0.7238052784316467,-0.16609838956978912,-0.13566015952228339,-0.6351669226576897,-0.21873316874623738,-0.14132524481742212,-0.45989941551171676,-0.18976630160620217,-0.051645301861445864,-0.40981555571819694,-0.1546483698055171,X
0.0,0.0,0.0,-0.1912407774624844,-0.2647366561981886,-0.03868111851491706,-0.2845436275038225,-0.5941977392129393,-0.07662742454539653,-0.2926441105795397,-0.8344956038559936,-0.12794895806090398,-0.26804644344605405,-1.0087195040249177,-0.1554617115820284,-0.02723196174583192,-1.0245674334413137,-0.04205410596570976,-0.133503618963077,-1.3865523197179535,-0.12867736775444613,-0.29137165833925815,-1.3720458756091978,-0.1524522928197435,-0.38957884186585656,-1.2979628086596549,-0.15681251590138304,0.07612637336269121,-0.9947779005970547,-0.06798311380306439,-0.2827940056734354,-0.9913713041983716,-0.13314537018273206,-0.313363259323066,-0.7257499752182238,-0.12253207893136074,-0.203227740802247,-0.6189955389086763,-0.10729107277181461,0.12682161613644496,-0.8704525129382383,-0.10685089649156007,-0.2736067267849862,-0.7874870706874014,-0.16459200199956975,-0.25621274618244594,-0.5598579953285608,-0.11386580517841083,-0.13145669351625322,-0.5056197185865601,-0.07965260306838991,0.14572491473332375,-0.7263757061407059,-0.15690174770044288,-0.18090463633376969,-0.6551779137889003,-0.21426335228966267,-0.1769998799496634,-0.4847348181006991,-0.1903575539190775,-0.08072164137206973,-0.423433816189411,-0.15778288061508822,X
0.0,0.0,0.0,-0.188089565091928,-0.30321363694065107,-0.028783727995271697,-0.2698362988048897,-0.6473276147707796,-0.06206203805645069,-0.2882039638041939,-0.8921483421720433,-0.1108557356314302,-0.2719208227153784,-1.057796429294882,-0.13636259684182062,0.0007352717701873367,-1.0513608287148943,-0.033160740793861554,-0.11354966910647013,-1.4140566123368923,-0.11600453033372984,-0.286976186560789,-1.391269518101482,-0.1351644887410017,-0.4047145376483089,-1.3048000349038194,-0.13402823053812113,0.08741751953424179,-0.9941362434482255,-0.06364987620672041,-0.2735117401717108,-1.0013849184513977,-0.12517408448683398,-0.30648923872992334,-0.7405197793281797,-0.112286724137874,-0.20029063585391862,-0.6379402842943025,-0.09469544566568439,0.12205713231615206,-0.8482779217037657,-0.106035503459454,-0.27605555663043485,-0.7805376839953385,-0.15725690987833693,-0.2612024062840874,-0.5582455955541397,-0.10478396337745682,-0.14014037723964137,-0.5122603741995607,-0.06933523282261032,0.12095266493787465,-0.6858480018645671,-0.1583529249342,-0.19254945537752902,-0.6368103108576133,-0.20398413504280086,-0.1892762390469571,-0.4750477689640526,-0.17079402100936525,-0.09511759672225556,-0.4166466020676255,-0.1324098917752857,X
0.0,0.0,0.0,-0.14395600238411602,-0.2874438903275743,-0.04823721556833911,-0.2196531908270028,-0.6256826023072716,-0.10073806207941614,-0.24993887368533046,-0.8648536425372673,-0.1644664847862933,-0.23503529519739247,-1.0432038428876222,-0.20207734274427394,0.09402933480157888,-1.0540151240904432,-0.06750781199935438,-0.03842622902097187,-1.4013340148546867,-0.1782004904564599,-0.22988423436984692,-1.4003493327250227,-0.20890739872611613,-0.3557289330933228,-1.3433274677799585,-0.2084675528515792,0.176056880075208,-0.9799170930630968,-0.0936294061764452,-0.21506074389570834,-0.9898856481407132,-0.16379795009110248,-0.2548500709115467,-0.7309238586007033,-0.13094708569203517,-0.15291845178837696,-0.6186526766759911,-0.09046526014562692,0.19472559631189224,-0.8175458530059718,-0.13596493762787837,-0.2329403929764336,-0.7564046610711335,-0.20015551822938693,-0.214896763687454,-0.5318052345118771,-0.11832393831452331,-0.08801872936593082,-0.47857753922056157,-0.052153747819108635,0.18021524997170948,-0.642904528574669,-0.1910446807520582,-0.17036422405434373,-0.5638476479528955,-0.25670017123597577,-0.17178018013831786,-0.39977073342187697,-0.21436339466620308,-0.0711690121426664,-0.34835202614225624,-0.15569665956897216,X
0.0,0.0,0.0,-0.07642485882175966,-0.3048960858764316,-0.13296960625411144,-0.12297203836768787,-0.6460879978151116,-0.24693370798060993,-0.1817662124122219,-0.8759129551116408,-0.3465673378812998,-0.17098850170406849,-0.9591775750187456,-0.411071773109072,0.29327226373760884,-1.0737540835262405,-0.21872096975767147,-0.12090360582422886,-1.2450315892198305,-0.3643582000567079,-0.20914135257014252,-1.153619843546602,-0.42283027759338565,-0.1618215738302812,-1.0735309042192864,-0.4444947361549495,0.3319822220448306,-0.9154356320361124,-0.2275201262412186,-0.24533315641504866,-0.8727077254955166,-0.34495334188952725,-0.21521355941897757,-0.6856899526419458,-0.3420422813383816,-0.07361289564856714,-0.5888668895423046,-0.32506131500642715,0.3072749034194433,-0.6839746671181017,-0.24954193595358326,-0.23899837154414616,-0.6232103170818247,-0.3541879863049159,-0.19511805258648027,-0.4609541562049561,-0.2846130385423644,-0.0603482611669076,-0.3957699429939336,-0.21943580719206127,0.24238353797502663,-0.4366437075635171,-0.2922074712050856,-0.1589791006764825,-0.3862071060804691,-0.38762836646570636,-0.13843843641041614,-0.27093054967150626,-0.3584898335113717,-0.025283885188023908,-0.21185770178836447,-0.3036011772204977,X
0.0,0.0,0.0,0.014999002949288626,-0.16701631098360661,-0.2139233989807568,0.0005165704610638936,-0.353382726194881,-0.3866432544898485,-0.04418925342373542,-0.5304702258908491,-0.5217116921688217,-0.08614668426756597,-0.6444739026935857,-0.6191174539078441,0.34471625185444993,-0.9963887946676915,-0.40606254491975813,-0.14557431968998216,-1.0856908759072201,-0.5864330583103826,-0.21236702917311165,-1.0768624336527726,-0.647656557639728,-0.13439138797957303,-1.112540035006828,-0.6732954234112525,0.3411446211622756,-0.8560596748696763,-0.3883068123456911,-0.3310198401254233,-0.7247438908456018,-0.5393043403221119,-0.2864539517545721,-0.5628438604400482,-0.5216217761577316,-0.13935761004905184,-0.47829244103149104,-0.4981265289320542,0.2762660508688751,-0.6536596271113052,-0.38387937922180465,-0.35410562710523436,-0.5059984818526794,-0.5231099308015429,-0.3000821821374411,-0.3496961697401875,-0.4394782524451668,-0.16000226664830794,-0.28712177166475444,-0.3635914837493323,0.19134454668619555,-0.42526551556409015,-0.4067659069618076,-0.26129116446560735,-0.3027528663078982,-0.5418655323962831,-0.22333172102878887,-0.19485543941061367,-0.5268764663571605,-0.08855863660478708,-0.14535935492174692,-0.4792941861059946,X
0.0,0.0,0.0,-0.13220763264095914,-0.3355898045580576,-0.011951600888055294,-0.18943198683366838,-0.6433873128366995,-0.05654444389527467,-0.23417399932882654,-0.8504718807590814,-0.11904389030321959,-0.23873733269014047,-1.0136215289009043,-0.16346752231812806,0.1283708173343879,-1.0466207943090302,-0.03311673055015712,0.00842110961758525,-1.3957890636223502,-0.12493444600024561,-0.1710178886732817,-1.432283038561667,-0.16498940264772935,-0.2936933852114052,-1.4121462964800562,-0.17886117647207492,0.19081387109554793,-0.9784919387150017,-0.07838107212387974,-0.21352073329405558,-1.0239979682116138,-0.12992074825023253,-0.26810612314975213,-0.8008246214295197,-0.11616053379235272,-0.19037580647704505,-0.685744200018736,-0.1006634149964946,0.17952822655381045,-0.8220988315613696,-0.1336323627465825,-0.25107660148331656,-0.8016732514389373,-0.17458419324069488,-0.240607087863847,-0.5962895972789162,-0.1046667821152614,-0.1365430877876436,-0.5205105719512261,-0.0567414395638867,0.13066959891892843,-0.6546033439491578,-0.1986738651558567,-0.20576422039356687,-0.6246063019054158,-0.24421830703506134,-0.20785531550401473,-0.47239711569329684,-0.19898806306128092,-0.12287404865340192,-0.39524832114804925,-0.14627957962073096,X
0.0,0.0,0.0,-0.06912898005713076,-0.3111062974617699,-0.08194738359800631,-0.10082548479317514,-0.6527859119625905,-0.15927204793703195,-0.14065014915094415,-0.8923351152301728,-0.2362606739061051,-0.15010648086591521,-1.0503294801935452,-0.2885723748436494,0.25246702406566834,-1.0424707588246271,-0.11037657309768262,0.035790486909865214,-1.311029269320263,-0.2275338594683653,-0.09842209557814059,-1.3656473617018314,-0.29383968136189786,-0.15930964628530805,-1.39247696629571,-0.3286251371732796,0.3048880852352341,-0.9434273703341326,-0.1303382230430367,-0.14486585401779759,-0.9639619463839103,-0.21181598087453202,-0.16953097131412995,-0.7593966058607323,-0.2175110602423834,-0.08118396447387623,-0.6357643880811706,-0.21363303811129,0.28859774280848927,-0.7615747235640086,-0.16433392099527294,-0.1698240778683595,-0.7323555714849457,-0.23591029851539666,-0.1581906850707114,-0.5433405163208038,-0.18689652179220473,-0.05184372367414024,-0.4612791341013175,-0.14725895852704643,0.24494071553727162,-0.5664401445373001,-0.2145803645172974,-0.11475026502233823,-0.5216294988958307,-0.28505483203774473,-0.11791885887534344,-0.37869810587112424,-0.26258619122760046,-0.028404920245287478,-0.29872840978989623,-0.22288438543000824,X
0.0,0.0,0.0,-0.08099881880081494,-0.26592173403462255,-0.0533326604690959,-0.1456929328520662,-0.5470113472917798,-0.12209759940351247,-0.2110236607524988,-0.7140286270282648,-0.1978939079494867,-0.21755639570434682,-0.8225179732234962,-0.2574407931599565,0.1907504129530633,-1.028245597967648,-0.0790071030135535,0.05199160905858102,-1.284095530806267,-0.19238488871328016,-0.006186028503968811,-1.3952387015996528,-0.26693716089245034,-0.014067582450367547,-1.4924393956493511,-0.3112456959443442,0.26533410672375296,-0.9576152445280436,-0.11211982543958653,-0.178210703740731,-0.9521982202160212,-0.18605894768798006,-0.2025475115824534,-0.7607113199973047,-0.199667320932088,-0.11671422820755681,-0.6539217222219438,-0.2063155015297204,0.26235374039499854,-0.7810422114388053,-0.1572442925202363,-0.20189210548366107,-0.7330643312887113,-0.2283074483602915,-0.18367185816700843,-0.5490459778226957,-0.1884750978370517,-0.07925451796894525,-0.47691900117811714,-0.15701709633392813,0.2251826706644569,-0.5779231198597569,-0.21452751665765624,-0.13104257951488588,-0.53914837444612,-0.28104409621384313,-0.1317543623625112,-0.4023783817773223,-0.25604721060453467,-0.04620507422049981,-0.32773852240667173,-0.21801952309695716,X
0.0,0.0,0.0,-0.10317787532060678,-0.29816358436438795,-0.08216205885387919,-0.16220211635316165,-0.6323419737225267,-0.15727415464058375,-0.20392442227676152,-0.8485215416688766,-0.2316929938378698,-0.19804280251304554,-1.002984975061905,-0.27862190249670915,0.19242297409461515,-1.0559305886360872,-0.13040531436149788,0.004077487057875668,-1.3460084785615793,-0.2595617912227188,-0.15953025058558615,-1.3579091534361656,-0.31385018390244274,-0.2471473791359058,-1.332131697977985,-0.33025324585892263,0.25933855861417937,-0.9546402268713414,-0.14630635411681137,-0.16992955924772835,-0.9516370857167964,-0.2334282300509081,-0.20223309895624333,-0.7358454022149055,-0.22110076477764046,-0.11538744763344379,-0.6166825187400826,-0.19670991190790943,0.2537884186022614,-0.7679537735122199,-0.176743659757231,-0.19286378902965112,-0.6976896712779759,-0.25248277238332234,-0.17507546562890866,-0.5157158708636526,-0.18211881238476116,-0.05973665682464361,-0.45724157558454315,-0.12152266095553056,0.21634530782224906,-0.5717095858546458,-0.22216601644610362,-0.13505572309139346,-0.5040217066482475,-0.2924930630475202,-0.13379070480308902,-0.37325253583426693,-0.2536602203426222,-0.03565594035493603,-0.32421723888826215,-0.19588532537058756,X
0.0,0.0,0.0,-0.11030912298658045,-0.2843498408846212,-0.06910036176342399,-0.18064983645087554,-0.6057472610103548,-0.14236844295763634,-0.2152376959456133,-0.8058426114791136,-0.21949394795641008,-0.19718187093717124,-0.9403545741476342,-0.27031802393386123,0.16718703791981313,-1.0430083881133716,-0.11304795429708436,-0.009481473620526135,-1.3410962833006894,-0.23823438602082558,-0.17518167343502722,-1.3580431384662863,-0.29226172496537484,-0.2684970553937907,-1.3363346862551166,-0.3103890459469795,0.2404591111173898,-0.961213617443884,-0.1350844088748857,-0.18024693590603685,-0.9575090383217897,-0.21401893086324572,-0.21737815475729583,-0.725304024313085,-0.20050285181449645,-0.12952497574714933,-0.5965280303480077,-0.1791937613582467,0.24115882301034933,-0.787266671270283,-0.17136871458937775,-0.19757483803662437,-0.722158300828383,-0.24502625513514145,-0.18500148020538584,-0.5213084058481362,-0.1794235840340486,-0.07360067157093131,-0.4466428689318719,-0.12486609710927148,0.2124575232511001,-0.6000548007977003,-0.22115737788706408,-0.13421197261787646,-0.5404080372976939,-0.29001659247294187,-0.1439608545881821,-0.38766045425925244,-0.2519749981857089,-0.05998211661622317,-0.3131415349968791,-0.19747269155004865,X
0.0,0.0,0.0,-0.12702049547570776,-0.2805047708874209,-0.0589484062754139,-0.19678218991955995,-0.6268169194145112,-0.11215399375148953,-0.21128398736955148,-0.8640761159393769,-0.17259418837631174,-0.18742064659458846,-1.0150250949608066,-0.20506537673746875,0.11720050519467358,-1.0417432329410174,-0.07786808029885435,-0.03388892615908571,-1.3935267152531838,-0.1877549915585244,-0.18682777207112175,-1.370870304339346,-0.22042862143487912,-0.2633661974129291,-1.3132127391789727,-0.2242805407695634,0.19039575082444585,-0.9764622691367285,-0.10134542426940966,-0.1961806547965126,-1.0036320762124606,-0.18468365582952223,-0.22523941395034633,-0.7612548418832383,-0.17110007020898357,-0.12659386680940876,-0.6576200362882303,-0.1445948111785193,0.20164925860998165,-0.8228234208498911,-0.13984311908984798,-0.2168708271946868,-0.7665519281702298,-0.2151621061230379,-0.20269436705068145,-0.5535742287609493,-0.15465708643966977,-0.08169167036619836,-0.49884168697198866,-0.1011850031361447,0.18669974581645127,-0.6516255834610927,-0.19087437243438501,-0.15013375301742488,-0.5943059699582686,-0.25594131587838487,-0.14973724817575423,-0.44066410928896843,-0.22578588476841324,-0.05299289091667339,-0.38649770712911685,-0.17844996570608807,X
0.0,0.0,0.0,-0.11628106736369535,-0.2751781328347671,-0.05857066819633975,-0.1924122139177181,-0.6271738008765421,-0.11268015892860134,-0.23281604892892577,-0.8660553659871413,-0.1719317818578499,-0.22223101257552638,-1.0338968501307697,-0.2027027587714147,0.13266606875786902,-1.0536367239127689,-0.09537007450890167,-0.02682428985127493,-1.39043950915195,-0.2132184504123738,-0.20944773929929564,-1.3836565088891544,-0.25092225318304706,-0.31328662924877726,-1.3371533914951677,-0.25551157114477047,0.20243772333415103,-0.9723263762637232,-0.11662069367458802,-0.19976675959583964,-0.9935176243847748,-0.19494603522270806,-0.2375152739675533,-0.7462475429181276,-0.16943654067317412,-0.1402533532232729,-0.6324750944501393,-0.13440346317894006,0.20669169236497775,-0.8059887280710346,-0.15281437702398856,-0.22006864031827622,-0.7554166880590603,-0.22622530553999382,-0.20377558982202887,-0.5432279726157707,-0.15285048015144198,-0.07923611089976632,-0.4849435033478538,-0.0894927703214211,0.18387985736034973,-0.6270230929733018,-0.20115960045774653,-0.16099648379405704,-0.5688941008460694,-0.27260993122967675,-0.16027880894343727,-0.41844278258037737,-0.23564850795958484,-0.06025588125789693,-0.36709278455648714,-0.17905360067178275,X
0.0,0.0,0.0,-0.14472046443341263,-0.30596948180511774,-0.04872096630880148,-0.22325803839747,-0.6385956622634669,-0.10092434328012052,-0.24419007599668094,-0.8489946870841654,-0.16243756058350592,-0.2220068506688184,-1.0007164507236865,-0.19907649776768238,0.09145010828423218,-1.0527625666513836,-0.06676542471299039,-0.041914040367962674,-1.3799853040838652,-0.17583076404521147,-0.22028557864845685,-1.3906239553512663,-0.2193630583592577,-0.33562465203719816,-1.3580214950904095,-0.2328771162443868,0.1688667408042837,-0.9810314838728655,-0.09519060615597745,-0.21592139243549188,-0.995876004748619,-0.16505827583140228,-0.24958706284895613,-0.753089444750276,-0.15289489156727362,-0.15241715903283104,-0.6362136149110879,-0.1340010749887489,0.18127999769998313,-0.8191445216960492,-0.1383277054527917,-0.234543804107838,-0.7676102212690795,-0.20167969245753284,-0.2193792815844635,-0.5565423742913064,-0.13702688004166555,-0.09988636224704142,-0.49381905719012076,-0.0863749174910009,0.16366905322377248,-0.6408837676116905,-0.19384978079793885,-0.1730497798857299,-0.5877934357812302,-0.2535750239831417,-0.17618897733534558,-0.4399375166075308,-0.21631864502339643,-0.08416174327259687,-0.3841627265109162,-0.16680765325963057,X
0.0,0.0,0.0,-0.156326078097057,-0.33585249021010416,-0.03894734132854704,-0.23389400009384043,-0.6837855363113784,-0.0899531902759322,-0.2530436196917795,-0.9115433690707961,-0.15286806802502437,-0.23970274943651484,-1.0818966141687676,-0.19269821710737775,0.08476866877388155,-1.0649871138688027,-0.06551423004101438,-0.06876587894243506,-1.4026648934471748,-0.1791677580825816,-0.2589559823229819,-1.393988316665844,-0.223742112387646,-0.3819669029840513,-1.3360443747406603,-0.235638684046255,0.15571984616526982,-0.9827850404456573,-0.09942280315145254,-0.2360943695665795,-1.0046014777025085,-0.1760005353370287,-0.27621946329411756,-0.7579101061486819,-0.16003111369418313,-0.17767173424839677,-0.640244218267175,-0.13606459473224078,0.1630375817645059,-0.816640943903286,-0.14768084534843234,-0.25729044580684435,-0.7654804697841289,-0.2135138795136597,-0.2476749442436529,-0.5614093883333907,-0.14429343259052022,-0.12915471770128373,-0.5048365327971279,-0.08974988451990808,0.13919145437929062,-0.6412890169911315,-0.20732932006379945,-0.1969153593572003,-0.5986140944268191,-0.2673118298922959,-0.20098227512582117,-0.45463890871009155,-0.22653698665178887,-0.10594289202965687,-0.4028608993913078,-0.17426666114741204,X
0.0,0.0,0.0,-0.09734921324841149,-0.2600076707205915,-0.07943579105546937,-0.17976652589605116,-0.5978574666079298,-0.15218329075580778,-0.24123824911124306,-0.8032618856089992,-0.22697066974280614,-0.23273470315155015,-0.9396095491716807,-0.27300405794180016,0.16837728663399606,-1.060310406758597,-0.14304901668388956,-0.02858876591334947,-1.3822512302128276,-0.2773919836674486,-0.21104358432225662,-1.4007556919574353,-0.32575393558206955,-0.3228568541619289,-1.3644040468831742,-0.33386736150663116,0.24957563906048158,-0.9551137879105807,-0.15959214432626248,-0.21984654217127392,-0.9469855931376427,-0.2480787423722767,-0.24756169578557183,-0.7121701118526812,-0.224637579672598,-0.15652972163949205,-0.5682432098006677,-0.19065259728709588,0.24925243147850182,-0.748353842104422,-0.19057316623041695,-0.2343151509819992,-0.6776340781280242,-0.2765209061269625,-0.20492353909036454,-0.49057427589263847,-0.20047027330612271,-0.08184849213364327,-0.41869597206252457,-0.13070885498653628,0.21356261703865972,-0.5282000251192941,-0.23506386932861068,-0.1617720161910012,-0.4679147758318051,-0.3206245929760234,-0.15674139984459148,-0.33329985253256694,-0.28078473214243654,-0.059507854354391695,-0.26484233471096097,-0.21595382013836575,X
0.0,0.0,0.0,-0.1268495900546324,-0.33276018746381825,-0.04898645145464005,-0.19371401409973038,-0.7036099529353019,-0.09859636616613865,-0.23214448859048187,-0.9601001562858194,-0.15825688358751636,-0.22684530952847073,-1.1383033318858522,-0.19272321135049433,0.11870824842697747,-1.0648567818949173,-0.07941577775380929,-0.010412044076904324,-1.4162998045106152,-0.19007237244794886,-0.1938105674731066,-1.4122203031872629,-0.2248558343751129,-0.3212605351368632,-1.342008048608015,-0.22724092103427906,0.1957477483703017,-0.9750357501650403,-0.10482416185238032,-0.2083687783683476,-0.992148113161422,-0.18808219636378384,-0.2651618607424949,-0.755242427319982,-0.17470558769978603,-0.18006301675996084,-0.6363672725591281,-0.14808638063172264,0.20383649509507232,-0.7926259527199235,-0.14303301238773522,-0.23067969143358358,-0.7354193890151672,-0.21454090164334047,-0.22973832030280716,-0.5410338680372828,-0.1514730023327137,-0.11747876979313175,-0.4858455124325046,-0.09600145786719087,0.17742744930177223,-0.6047932520408815,-0.1919840685916938,-0.16375490940030468,-0.5615575247901138,-0.25071057161859567,-0.17549754629704267,-0.4251156724658958,-0.20964887214549338,-0.0881022846452143,-0.3684480609578545,-0.1537438624696332,X
0.0,0.0,0.0,-0.1454382619144118,-0.3202822674629766,-0.04353492539756849,-0.22304579090577134,-0.6531154003057125,-0.09757327478063793,-0.24949136015324935,-0.8632145195367719,-0.16227954040359951,-0.2383897547457784,-1.0252163234375138,-0.2035930712271756,0.08034106621587649,-1.0585633843702533,-0.06134760909685844,-0.07595028042273311,-1.3595280211416834,-0.17910560139078563,-0.25812079369491364,-1.369031082904563,-0.2319035922023862,-0.37902239542329835,-1.3445282946033925,-0.25039956803536595,0.1602766212709144,-0.9822249093120858,-0.0977017512680546,-0.24421229369431793,-0.9782607570349443,-0.1760277436120266,-0.28211417168282066,-0.7418806706934905,-0.16448156971581374,-0.1900473439789709,-0.6316802059361691,-0.1424625253815612,0.1705390412164905,-0.812942743373558,-0.14959507850607576,-0.261849840838683,-0.7301956315839403,-0.21788812459912207,-0.24817302072467617,-0.5263660460066338,-0.14676243509598663,-0.1363722045536278,-0.46725656226818557,-0.08828962504998294,0.1466799138733379,-0.6303717616649698,-0.21408690940854463,-0.1917219090730015,-0.5723281005505745,-0.27631707840376046,-0.19801313595638162,-0.4262525524429912,-0.2319058994866777,-0.11486983728883532,-0.36616535103941467,-0.17420381159316697,X
0.0,0.0,0.0,-0.14545743314792423,-0.3162044274119337,-0.045318959511095346,-0.2177306434607496,-0.6611872893298442,-0.09723058634841339,-0.24782692331343018,-0.8927035994284238,-0.16066860406861286,-0.24994918153686846,-1.0672831690136013,-0.20018636251650335,0.08164491911421508,-1.059446071022584,-0.06674594909585421,-0.05927267994313324,-1.3885815366302192,-0.17899230966284327,-0.2506931622456527,-1.3808690619137785,-0.21923835043139217,-0.38666679311319824,-1.3190223764247464,-0.2267870944535659,0.15688961864220025,-0.982625701507916,-0.09915834961505259,-0.23240592558531092,-1.0013272888700409,-0.1775214200917631,-0.28007832800720617,-0.7556758272197753,-0.1612679620214014,-0.1870704264235767,-0.6396786422238881,-0.13353284985995278,0.1675011989085207,-0.8140101218564281,-0.14638944420283048,-0.2548492954421141,-0.7456751226798799,-0.21240720225998613,-0.24393468688865572,-0.5384170751374696,-0.14408673282716764,-0.12839917666865613,-0.4792854999692631,-0.08788530457262154,0.14467268241195827,-0.6329597802975572,-0.20560224618051068,-0.19128564242538654,-0.5804107814329041,-0.26543847777596435,-0.19327055481257432,-0.4283466762206808,-0.22357344284291183,-0.10038428862918919,-0.3651340502464966,-0.16816965053239047,X
0.0,0.0,0.0,-0.16186415326944895,-0.3375121857900258,-0.05160698975596123,-0.23148379093961713,-0.7035533722951491,-0.10262081181269472,-0.24774195775875282,-0.9463302406855568,-0.16340282008791104,-0.23631819009004337,-1.1262304033028687,-0.1983588349610684,0.06686840452780496,-1.0641944048284848,-0.0715905692653273,-0.07739005852816329,-1.3896382933420397,-0.18520715896181794,-0.27045643014372267,-1.3690737082601196,-0.22772093836070853,-0.40748099507364627,-1.2963991274277331,-0.23662348577240447,0.14434217313019085,-0.9846062450316194,-0.09856915998824567,-0.24098744691717333,-0.9899249667543335,-0.1761499804407942,-0.275516618712035,-0.7525907717384933,-0.1615740230851494,-0.1777398352823295,-0.64858034015126,-0.13705497931697044,0.15772192823614894,-0.8142382112062251,-0.14107273069682041,-0.2635584163177616,-0.7477938617936429,-0.20093219605938126,-0.2518433717581348,-0.5499389322587792,-0.1336617316654477,-0.13836648867077753,-0.5014876931537555,-0.08131121181566285,0.13552679998513148,-0.6303903877870829,-0.1969626111904927,-0.1985863012264275,-0.5802034459185867,-0.2502078180495494,-0.197004921116794,-0.44343599050234683,-0.21062196933347999,-0.10409869731175374,-0.3943433537991415,-0.1598206434494276,X
0.0,0.0,0.0,-0.17748655800095514,-0.3640789486003031,-0.03571946396304388,-0.24646735356007873,-0.7188560069084606,-0.07707727367195706,-0.2661374691081777,-0.9598873354044126,-0.13040748431768662,-0.2527643153207855,-1.1309241802461116,-0.1621947295684411,0.05334373206932723,-1.0727569382944875,-0.054355503137736516,-0.07140462720133091,-1.4147960961607953,-0.15146170302620526,-0.2601313860143812,-1.3987113455887772,-0.18794857762417608,-0.39479396206056067,-1.3166761079311433,-0.1965082579282959,0.1313601644019389,-0.987737717633814,-0.08437243846090822,-0.2510552734225005,-0.9924291385982794,-0.14968322009683166,-0.2912688953132454,-0.7677402284133438,-0.13683424702746957,-0.19685702040403072,-0.670074248664124,-0.11771265429797252,0.1440020173306799,-0.8115878994813133,-0.12683605943989826,-0.2716499170461926,-0.7352061618560929,-0.17432426619445007,-0.26102543928964617,-0.5475785715378544,-0.10996839898204777,-0.14838567111659798,-0.505503156350275,-0.06411496949046093,0.11903306049454489,-0.6233796840199785,-0.18080287380448187,-0.21306980287711824,-0.5690560408787958,-0.22131561812584818,-0.215844047548487,-0.435391302257606,-0.17756364076138625,-0.12478024930939173,-0.39144475319971694,-0.12833557529227316,X
0.0,0.0,0.0,-0.1463485754788506,-0.3695706134020175,-0.07142561977467321,-0.20450393232097758,-0.7369778888555415,-0.13016374123588478,-0.2242197990666937,-0.9928187630034998,-0.19386570773776313,-0.20950396380281228,-1.171026818352486,-0.2320328303519164,0.1051414588390109,-1.0907121835127032,-0.08985075552545498,-0.007350211810752155,-1.4389131277549057,-0.20491155052699547,-0.18855383379659682,-1.4334214458545216,-0.2504250082579079,-0.3181536642217086,-1.3512543696544457,-0.2614247112536038,0.18799501906003346,-0.976455594409974,-0.10579387956815813,-0.2034007631542788,-1.0009365126580712,-0.19369588237913057,-0.2645086862483602,-0.7800094775787677,-0.19062653963941115,-0.17952927071524286,-0.6663196944345752,-0.173080444251545,0.1993488330794224,-0.7800608497200248,-0.1368465670948705,-0.22216795769144712,-0.734593079898073,-0.2071699269368146,-0.2360843853572111,-0.5609902516120012,-0.1509357335856115,-0.12974509942455545,-0.5198697065435393,-0.103841761983787,0.17280903357005462,-0.5803824738677976,-0.18071932706438423,-0.1722087405861059,-0.5500259145302171,-0.23455249118018487,-0.19372891109308535,-0.42841321533385057,-0.19441842203255222,-0.10689591259653583,-0.3866415759417523,-0.1431109240531994,X
0.0,0.0,0.0,-0.14626906318639302,-0.3438515216815076,-0.05998155247894237,-0.2164222993170768,-0.7045232938582198,-0.11684357923011154,-0.2491353497747406,-0.9561810800818957,-0.18137727140365595,-0.22509281679758664,-1.1142052925206696,-0.22078170570497765,0.0935123945486278,-1.0824137767590194,-0.09891498002533385,-0.011509164944416141,-1.4622353032690474,-0.21487715200078994,-0.2017641917305149,-1.457872659929729,-0.2557991654030045,-0.3349997124301937,-1.3804236704415591,-0.26307120770520365,0.17675775903301197,-0.9770979520969441,-0.11847483542755274,-0.2040599180492237,-1.0075475270877579,-0.2076380046133196,-0.2521648306815986,-0.7878007183610198,-0.2019838005321041,-0.16020219452318146,-0.6818753716821567,-0.18273336963054118,0.1934289686092712,-0.7883188311586337,-0.15065214484831005,-0.2241796787730628,-0.7374998853005998,-0.21989647707148552,-0.23169966142601692,-0.5557795025836293,-0.15967503628123017,-0.12093382446668431,-0.5180687150885038,-0.11021415661996203,0.17259854414387998,-0.5965144276492101,-0.1946383469898195,-0.17066902720219548,-0.5517187577510604,-0.24386055364940598,-0.18899819773081897,-0.42057076408383004,-0.2003322802084395,-0.1009363879797772,-0.376969139038229,-0.1473218865811798,X
0.0,0.0,0.0,-0.12362463457138416,-0.33536210706181546,-0.06738129189674341,-0.18978803883978967,-0.6803153882659096,-0.13261369868466039,-0.22510776517192183,-0.9166760443965816,-0.2044883505642784,-0.19227222545111416,-1.0430209038041203,-0.2481381628268622,0.118754803450768,-1.073569533959356,-0.11582714320317042,0.009891814332238,-1.4616808811243047,-0.24481065541328276,-0.18274372485709503,-1.45628160315216,-0.2855259957255076,-0.3128910366479668,-1.3847192101741401,-0.28787073369195443,0.20494096007547083,-0.9697842592999772,-0.1323544230365525,-0.1904095675968382,-0.990946127501104,-0.23093465951296965,-0.22875015895508416,-0.7770737046944196,-0.21961451501589485,-0.12789858487931652,-0.6814030153803228,-0.19108664879302542,0.217852289542014,-0.7759126048972774,-0.16243414657735739,-0.21026020874753024,-0.7314797589648222,-0.2444150406924993,-0.20859598498912857,-0.5501408857971776,-0.1757096696223161,-0.09014481077446758,-0.5103607312458298,-0.11192036346719597,0.19363310923593927,-0.5776019277026139,-0.2045716099626202,-0.15777651164733084,-0.5379966805613322,-0.26374927591074293,-0.16849677386671758,-0.4158324360852407,-0.21809598315198594,-0.07473425304501763,-0.377894305327665,-0.15611790638375259,X
0.0,0.0,0.0,-0.1437430501460558,-0.33710270502436945,-0.06344256558106035,-0.22504456720935198,-0.6720268257485293,-0.1306615367722191,-0.2695110876171906,-0.8956996487553613,-0.20488061213487427,-0.24447438684373388,-1.022529806508498,-0.2536247194796136,0.09599405203493638,-1.0816116976504462,-0.11582499573448538,-0.0208291224931628,-1.4541038752866053,-0.23951831361297657,-0.21928084347218837,-1.454541429390398,-0.28472430045622477,-0.35857099494870787,-1.392103184006982,-0.29390123629408965,0.18117099304780213,-0.9740981272984226,-0.13531411482834813,-0.2110826750682659,-0.992163648402327,-0.22342816798074694,-0.25078676958308965,-0.7776704687504661,-0.212503868290377,-0.15341565500846016,-0.6819042349406205,-0.19041718871122826,0.19283226922481417,-0.7775708707997686,-0.16758393546426575,-0.23567002469910947,-0.7256225136567138,-0.23633705353580514,-0.23534241512924217,-0.5512557044912264,-0.1677567572481339,-0.12354361877419638,-0.5179350650397999,-0.11156030576522956,0.1641834505403796,-0.5778433290814191,-0.21225252851042498,-0.18558269877850628,-0.5386133401513237,-0.26094236464173814,-0.19576083576348036,-0.42181917473507813,-0.212339144883568,-0.1073178555440509,-0.3874021842496624,-0.15415755152799815,X
0.0,0.0,0.0,-0.10641422260171167,-0.3313029081801971,-0.07105731415958648,-0.17387354557082074,-0.6769001695206117,-0.13569919199239366,-0.2365965535268073,-0.9068429701499213,-0.20333408746382484,-0.2412463352821585,-1.0479486417336152,-0.247186720900827,0.14518153122396835,-1.0782549207071193,-0.11781780004165254,0.007966992255093699,-1.4021861363488055,-0.2373137978435085,-0.18444574122477486,-1.4279456347378516,-0.2886484000229632,-0.31809523271568013,-1.4008083550459924,-0.3052095716529371,0.22995875711655817,-0.9638935491741999,-0.13426911739403022,-0.1863429266445653,-0.962623781015839,-0.21492096483615822,-0.21948833521140132,-0.7688919779234182,-0.21016484485609008,-0.12941324869674733,-0.6635902088814242,-0.19531530055340732,0.2330475648212612,-0.7570062360563442,-0.16333699140085658,-0.20815912697971006,-0.6933171446255938,-0.22987723093296292,-0.2027320801820369,-0.5428746777276173,-0.16576777300560994,-0.09416598207560498,-0.5062289681983784,-0.11216630121381158,0.19707530088205358,-0.5437355097576452,-0.20580573199585908,-0.15541495837941338,-0.49033978459469674,-0.26415851636451604,-0.16154920487475913,-0.38570409661015764,-0.2233011636256275,-0.07014962763329544,-0.3519669683078521,-0.16768668123937105,X
0.0,0.0,0.0,-0.1367695108958598,-0.3403974107268373,-0.06504356768969947,-0.2083046321840004,-0.6995804999672431,-0.1279375884930875,-0.23344889886070805,-0.9472098620296341,-0.19692376006996337,-0.20936212011812033,-1.0969639345937772,-0.24050150643282692,0.10987287582072353,-1.0758513406659018,-0.10519987150621574,0.0034553177178691286,-1.434366870558838,-0.231535459181369,-0.18382993376041237,-1.4445379598644026,-0.2776186750038367,-0.3201375972473547,-1.3870430801635802,-0.28517499782678113,0.19925571757448313,-0.972452966864318,-0.12096440075767474,-0.18274090600758863,-0.9901052208101995,-0.1993466886186763,-0.2303527734730453,-0.7585527288830195,-0.17169901161065565,-0.13593681950396636,-0.6497313142794662,-0.13537148107232938,0.2102609045058963,-0.7774394553507792,-0.15289117235663643,-0.20810695586804787,-0.731002797690528,-0.220889213466956,-0.20327312709320097,-0.5475728370450155,-0.14161823596906933,-0.0879677686139532,-0.5033795243240343,-0.07484937516980653,0.18279916427143642,-0.5770348446351046,-0.19775238342791573,-0.1547916043718922,-0.5352602543166318,-0.2533892388487838,-0.15398824300248765,-0.41006183907376875,-0.20404222935084657,-0.0573566669921076,-0.3682026738274342,-0.14149365870745345,X
0.0,0.0,0.0,-0.15913576631691664,-0.36505272008645173,-0.06750354478738148,-0.2270557129027406,-0.727104524483162,-0.1264449047893849,-0.25650872324846063,-0.977987503970012,-0.1903041680886886,-0.24495700442095067,-1.130341715852558,-0.22920222520311495,0.09748514442689651,-1.089857201293009,-0.1019030293116693,-0.013971335608947822,-1.4434955424039124,-0.21777754074812275,-0.2071168808773004,-1.4537061016450772,-0.2630121577020868,-0.34988784526982986,-1.3986542803602549,-0.27506115958005956,0.19141502320925802,-0.9744743585417036,-0.11730308365313494,-0.20070263069817637,-1.0039944418383817,-0.1944932331954021,-0.24152470585317218,-0.768833681451115,-0.18348070553633639,-0.14505224321261628,-0.6497015405900031,-0.16552164843722303,0.20665914791138693,-0.775102806525041,-0.1469275941446641,-0.21688717406686364,-0.7489333764481001,-0.20987174085042715,-0.21478655304623243,-0.565129136953808,-0.14760408773596806,-0.09967858962072866,-0.5238028169353592,-0.09995684700447462,0.17874841619394752,-0.569486882547306,-0.189478332380017,-0.1586281278815403,-0.5538774498087088,-0.23906307186701858,-0.16295553094960485,-0.43570549018006255,-0.19630453973318968,-0.07111249927830282,-0.39693213435745656,-0.14569348179031674,X
0.0,0.0,0.0,-0.13401587353658914,-0.3200007880529529,-0.07493785943569016,-0.2277763436880471,-0.6926790697953964,-0.1451736623744462,-0.28636071099805516,-0.9639100784771947,-0.2212291980369744,-0.2776535986625144,-1.1005130279665918,-0.2684130231994497,0.12444660479182226,-1.078246822433736,-0.12413295312272614,0.025723325321574987,-1.4646318338217081,-0.250762504370585,-0.17787441522497427,-1.4721250914145383,-0.286517675787854,-0.3265364311494929,-1.412500797232318,-0.2861017657114821,0.22761374135330217,-0.9642316427959068,-0.13582828784262535,-0.17358244165786288,-1.0133755693303426,-0.22024640444780386,-0.23425717928120915,-0.7584587926595788,-0.19298591573005855,-0.13585141929547628,-0.6331977605020626,-0.1567048021061351,0.25300822165460934,-0.762653487964237,-0.16288765982000006,-0.18356954177524554,-0.7545308541702547,-0.23461021740873836,-0.19099889098775316,-0.5485784133955517,-0.1583357550952631,-0.07136745906650648,-0.4885300183477093,-0.09408969431764862,0.23693465727833418,-0.5542808206473787,-0.20369180816457483,-0.11402610069016295,-0.5463984500047359,-0.26330647058536194,-0.13032273767243774,-0.41447213781464537,-0.2188088956541778,-0.038902608587731834,-0.36456009726607846,-0.15918031647572944,X
0.0,0.0,0.0,-0.13706602408985305,-0.32996033353730214,-0.08072568327614225,-0.22014218995662294,-0.7213006700481404,-0.15180642740359204,-0.2480607370127442,-1.006017838328369,-0.22766394396193254,-0.22694815411483926,-1.1631462015235043,-0.2735967446182886,0.12531434459558025,-1.071991406651072,-0.11593896776143893,0.04001036459912948,-1.4434896229227898,-0.24636545559869036,-0.15136563586561833,-1.4629663800430508,-0.29229705506123094,-0.2985703363545933,-1.4183383261189613,-0.30118721561357104,0.22637138088446446,-0.9658523195280803,-0.12603687864544977,-0.1481422322619167,-1.0042288603392582,-0.21501454726472524,-0.2012402040770444,-0.7575428896482714,-0.19425845616885537,-0.10442378235456029,-0.6363992901788272,-0.16413147674576256,0.25282567267957873,-0.7743950382818218,-0.15380131003256448,-0.15372898469747337,-0.7539357046205405,-0.2302752392171889,-0.16224705044061338,-0.5545050990264387,-0.16123043101984091,-0.04589441250400464,-0.49913967368572104,-0.10439379350393517,0.24252603630918942,-0.5687112178835699,-0.19620819393026462,-0.08821487300917183,-0.5423338024926431,-0.2589275405204387,-0.10832726185676354,-0.41205252147026705,-0.2214567749207072,-0.0211476177175216,-0.36786020060272423,-0.1710542444900937,X
0.0,0.0,0.0,-0.142344137883332,-0.33885740273364207,-0.07193444747292611,-0.21031194837478162,-0.7081881302406071,-0.13819899467072988,-0.21932341399011748,-0.9678153616478137,-0.21353001584250278,-0.18797784021539762,-1.1235621721530622,-0.2611466062646084,0.11891345996241784,-1.074387631671371,-0.08585675504548405,0.0390351632763003,-1.429159488473325,-0.20940937850497135,-0.13825373358322188,-1.4510061227840187,-0.2539461907580769,-0.2804616626394431,-1.4001514434631397,-0.2630710241037921,0.21331524459744453,-0.9716579880960016,-0.10186933096650255,-0.1512519192105922,-0.9991928686063135,-0.1921592007540118,-0.2050057176700125,-0.7581497645669486,-0.17994088950921813,-0.10874609194161498,-0.6483534256921262,-0.15597116663340113,0.2413468635221113,-0.7838287751680736,-0.1358728618147588,-0.15784513606906087,-0.7557295446258975,-0.21521170698923556,-0.1672021502718428,-0.557596360613219,-0.15509514774225241,-0.053447082200398,-0.5072787304232566,-0.10490863826022595,0.23357882089000973,-0.5839406458764265,-0.18346616762369156,-0.08632584303339247,-0.5609341667918979,-0.2442916016629258,-0.11389226249064756,-0.43025727097493466,-0.2073869188924386,-0.03401672546238754,-0.3836153079327797,-0.16008947550961525,X
0.0,0.0,0.0,-0.13856050674924217,-0.31246357226243804,-0.07431185786521954,-0.20916598822819474,-0.6802061969852186,-0.14163232098188502,-0.20162864681893788,-0.9336472207026952,-0.21631390943632064,-0.14674316092798884,-1.0806322986962746,-0.26223148858393985,0.1309136406983498,-1.0644836324870712,-0.08361311519193383,0.039128380305321724,-1.4192092736109299,-0.2114148130405627,-0.1309421251289583,-1.4623633865773926,-0.2575597410722728,-0.26379872494613876,-1.438290131118864,-0.26786661664878403,0.24212006730725097,-0.9653343444034184,-0.09750628965535929,-0.14041159354963131,-1.0009920372553012,-0.17802434044890933,-0.20335396081656976,-0.7441876441856221,-0.15217746531003115,-0.10682965342969755,-0.6344096515933628,-0.11786638895975879,0.2740146058055036,-0.7756866101686637,-0.13152590207834888,-0.1415658147730209,-0.7572585877270349,-0.21053440342126187,-0.15446645351452798,-0.5400301014745618,-0.13435446120128314,-0.0436060525591456,-0.48218664788112703,-0.06963260059389827,0.2666445602774262,-0.5703507748844038,-0.17956606025559452,-0.06011217831302745,-0.5547098135616098,-0.24646395208006153,-0.08458150777322147,-0.41579565856474227,-0.20295072466362077,-0.006288439543281269,-0.3686627520692679,-0.14613059179182233,X
0.0,0.0,0.0,-0.1453960169358172,-0.3021501508969292,-0.09905482372747029,-0.22088261820842506,-0.6661761951785159,-0.17836150636756284,-0.2090787818140256,-0.9319943206586989,-0.26248827949913456,-0.14368939163248912,-1.070453626573697,-0.31533317051165316,0.11557165697930118,-1.0652166273258459,-0.12137317393887409,0.06714319016261652,-1.4371678141306319,-0.2527795732299589,-0.11466008766739605,-1.4540553320701888,-0.29115472478988125,-0.25998757931699595,-1.3979918876663049,-0.2943554097553523,0.23342762572526357,-0.9643439492488419,-0.12470882525071521,-0.10916505106580689,-0.986789945597999,-0.22419949623393268,-0.17271828891932567,-0.7264615699020709,-0.2077074093553274,-0.08236292057233928,-0.6174510565737273,-0.17834997958073068,0.28192787125421737,-0.7818167841222908,-0.14733960603266155,-0.10895703513761618,-0.7360449430160769,-0.23389963684233114,-0.13246812184050055,-0.5290001625018477,-0.16734034769515463,-0.028833691723725057,-0.48623916386750066,-0.11145754468932205,0.2922888131946176,-0.5914635026279939,-0.18638895388965848,-0.03162614797186094,-0.5384070372525404,-0.2539119434177429,-0.06767410862645419,-0.40043025508885843,-0.22026544328506883,0.0065475199293654265,-0.36445061638135423,-0.1732646331964609,X
0.0,0.0,0.0,-0.15046943746975228,-0.3212474733633486,-0.08599234776475971,-0.21677646598841804,-0.6741919615962284,-0.1563133075148719,-0.2148047631584879,-0.9139462046365621,-0.23413100832911163,-0.1590730879383842,-1.04612458628157,-0.28295179498755996,0.10923656510166518,-1.0641649064723648,-0.08368810902313778,0.04040894203430529,-1.4130035740011715,-0.20316094650152777,-0.13048823774208967,-1.4282070645115652,-0.2473004084789058,-0.2647201224947702,-1.372361876587203,-0.25913023028806276,0.2178953910436234,-0.9712469040246661,-0.09592210373238982,-0.13235383731320904,-0.9910328895629339,-0.18930236913249357,-0.18484076818286554,-0.7386594717917506,-0.18949222382301456,-0.09076195261503046,-0.6242264156161138,-0.17740612164489816,0.26123017489630784,-0.7970133003594846,-0.12728276682582376,-0.13055798532190382,-0.7602596847460339,-0.21080429579291338,-0.1457068435211967,-0.5476366574977664,-0.16424977446816763,-0.03809877573632521,-0.4934888253365583,-0.12636586030074934,0.26916124530350255,-0.6088335396800775,-0.17330072080940015,-0.04575559786934984,-0.580491126538831,-0.23344872189413793,-0.07898883776169974,-0.4360429008176798,-0.202435759377412,-0.007023561528763068,-0.3863454779701652,-0.16367406055688305,X
0.0,0.0,0.0,-0.18153483737039597,-0.3197568923827372,-0.0893469414459779,-0.2545516998638132,-0.6621295804164964,-0.15745250271111694,-0.23217161865401129,-0.8995955362657686,-0.23182011706464636,-0.16096636680573395,-1.0254704993377104,-0.27850220996961234,0.0666351122514938,-1.0672090097084947,-0.08083933270486542,0.008433135869906577,-1.4250537825157805,-0.2077341769406008,-0.14831879478522622,-1.4358952256223394,-0.25676212087637906,-0.2582206022473527,-1.3709209764082284,-0.27001940859997836,0.19278111647677665,-0.9770863035195022,-0.09020973675032458,-0.15985783894263142,-0.9934945461642313,-0.19298462748132478,-0.22307925385159666,-0.7419856131656777,-0.1918140748449296,-0.12440382884189773,-0.6329580403150017,-0.17210080510285983,0.250433295522598,-0.8094815602412658,-0.12021222228280991,-0.1484633500670081,-0.748661955702356,-0.21078209561804473,-0.16496823360236657,-0.5386064830526461,-0.15956393359835147,-0.049317105256112305,-0.4865667846382545,-0.1125574668636638,0.2682129861005244,-0.6301156611788413,-0.1653789591216178,-0.05214344525286146,-0.5919427124072891,-0.23001698280014465,-0.08177991737019956,-0.44146066407236373,-0.19678552284599976,-0.0025226114833423025,-0.39083342506156266,-0.15184192545857303,X
0.0,0.0,0.0,-0.17828503963231887,-0.3228478102450878,-0.09804957885356475,-0.24286982178434033,-0.6740417432593364,-0.16373374709581504,-0.1981791348013567,-0.909034045598274,-0.23151546115012797,-0.10634468610057504,-1.021924796533471,-0.27175845353279837,0.07437658468590064,-1.0654896017635798,-0.07748157557377194,-0.015655397949806426,-1.3908590786743529,-0.19676706546947456,-0.17014248745994176,-1.4086954159172642,-0.2521767509779155,-0.27269107693663863,-1.3531643627707863,-0.2752422843767133,0.1999996620553293,-0.9764546373419812,-0.08084847797635943,-0.1619788300780659,-0.9680216856042898,-0.18292723555674525,-0.21068072447404937,-0.73233067907012,-0.1967269604980593,-0.1232485383661143,-0.6142766603918817,-0.19171018624643044,0.25225352262300843,-0.805238016479378,-0.10409989322480186,-0.14733364109830466,-0.7197176782434388,-0.19789569952430922,-0.16398910128282035,-0.522706229744541,-0.1617203430865256,-0.06649805056696441,-0.46480205813769576,-0.1254271323178152,0.26564295163759494,-0.6218047262723149,-0.14263399146732367,-0.05296798780062189,-0.5595029595708777,-0.20823184904212272,-0.07897082351130304,-0.4247942924469506,-0.18676824416790405,-0.0074016375581475126,-0.38117672419309495,-0.1523549951553964,X
0.0,0.0,0.0,-0.1909154744040912,-0.3118606937243724,-0.10021797394855868,-0.27139825420807334,-0.6601048204858919,-0.17543720855133368,-0.24292603813293073,-0.8959806581127353,-0.25199272910269144,-0.16863510933502232,-1.0224130366292081,-0.30047083280594594,0.0879137395529054,-1.0572073742487869,-0.09969609042614731,-8.00086771045243e-06,-1.4110639045587348,-0.22433019058232392,-0.16372667956988682,-1.429341476542355,-0.2738863342781416,-0.27816493678657495,-1.378886363556609,-0.2913450995117788,0.2120886424723059,-0.9716696872554317,-0.10429010788749779,-0.15685454965797052,-1.0004531165694655,-0.20054227740119712,-0.22366343624388121,-0.7370071094142195,-0.1966322764305251,-0.12599930590783778,-0.6255738960493957,-0.18004715722763648,0.25935325559566835,-0.8053472389896384,-0.12923251807105546,-0.150071865344048,-0.7593401981499958,-0.21440283188870568,-0.17402153965824382,-0.5430615628028621,-0.16000204739707863,-0.06488765258313155,-0.4886813061785499,-0.11563362016586613,0.2654989477495664,-0.6259173179095828,-0.17058310519082828,-0.05993408971809092,-0.597557934584203,-0.2380978632017323,-0.0837020007299416,-0.45010645599055527,-0.20954048404432557,-0.0014723648091773613,-0.4031825977714764,-0.17015787958706316,X
0.0,0.0,0.0,-0.19289222782866455,-0.3221970932257552,-0.08208752321302555,-0.26598276364697776,-0.6833491238590677,-0.14246266703772476,-0.22522711606707407,-0.9265583909510365,-0.20874432456875533,-0.13379416547867204,-1.0350000096177197,-0.2470566673843518,0.05359369482418205,-1.0538053308441895,-0.07514322906628287,-0.01626318988932388,-1.402857692629905,-0.1898441704026018,-0.17580972191071534,-1.4078587863089664,-0.23256561100346432,-0.2901883897296159,-1.3422794250160157,-0.2461188101811219,0.18215693620526519,-0.9795248698404552,-0.08573144088576912,-0.1608490396271858,-0.9795883622685214,-0.1806900405536207,-0.21287469461445924,-0.7194777353872397,-0.17736798435677947,-0.12116160650797561,-0.6026583618351329,-0.16036256189782447,0.24104565610872605,-0.8170016991946398,-0.11528071928567499,-0.14536398697128772,-0.7423143186678991,-0.19121396121840964,-0.16163955078429224,-0.539907557784854,-0.13457094364638034,-0.0623929745195794,-0.48962743744138376,-0.09024136206045154,0.25471011917390557,-0.6386553229293912,-0.16085152205621753,-0.05495705779234023,-0.5895034610041467,-0.21868143472375032,-0.08270710303025708,-0.4541053510247714,-0.1888776224316574,-0.01508137875221786,-0.41135770458349097,-0.15010749515267885,X
0.0,0.0,0.0,-0.18919069021621882,-0.3092386713774104,-0.09918281528100982,-0.25937740386969904,-0.6726006977678409,-0.17109791408259675,-0.19475342119685854,-0.9240881716740577,-0.24780814928667091,-0.08708017848546142,-1.0427888477459404,-0.2934769541027872,0.03656015878041636,-1.0480188696554864,-0.0841483893416307,-0.015229135247705623,-1.4058328693553963,-0.20754603842588099,-0.17410800969809898,-1.4032367779205766,-0.25426490110654926,-0.29424676534362554,-1.3255428379611125,-0.2701529355944898,0.17043252533993972,-0.9812753125762843,-0.08973023589942519,-0.160302249733918,-0.977364167461817,-0.1987486454512762,-0.21449834196872708,-0.7068209138473115,-0.20104063991285878,-0.12555326738176617,-0.5999515056624227,-0.1869574957691569,0.2392582099000001,-0.8326368978792048,-0.11651467014252802,-0.14307352708722232,-0.7446428967771445,-0.2038769871946488,-0.16687428318832973,-0.5351444055632996,-0.15088200264463972,-0.07092624141786795,-0.49695677595250615,-0.1089468008933783,0.2681925277674724,-0.6724150315979376,-0.16086412027413688,-0.055302639080568455,-0.6075930311514939,-0.21926570075087148,-0.08270359357442555,-0.4671243200445619,-0.19297185676722833,-0.008462024877714412,-0.43701307079596036,-0.15967527841801119,X
0.0,0.0,0.0,-0.19881923304519575,-0.30435227097653844,-0.0942304991075643,-0.2756623899494745,-0.6650204962883588,-0.16515637779184006,-0.21480362594887942,-0.9281393073112225,-0.24276776314802848,-0.10765578245457076,-1.0479721810881644,-0.29028721128067,0.0219910097835918,-1.0519834765672116,-0.07710180662352414,-0.03590058796236899,-1.4382476754571192,-0.20842550249542027,-0.20549316520661434,-1.4197828180720022,-0.26395392738023066,-0.32712652380587387,-1.3264221953851456,-0.2848389716802943,0.1613260508898147,-0.9831728472865331,-0.08570331185425827,-0.16457787338570062,-0.9890090795785053,-0.202039879761101,-0.220679117811428,-0.7078724636999919,-0.2077218014828669,-0.12618103917903623,-0.6054270010288232,-0.193941947933541,0.23831884228641462,-0.8357444895442044,-0.11603705344906341,-0.139834017583872,-0.7524972491397894,-0.20521664146510313,-0.1618528889981955,-0.5319021058937136,-0.15035375397802397,-0.060553065408860816,-0.49624253077900254,-0.10624412862918074,0.2747667261979114,-0.6758713350205864,-0.16396900715033935,-0.048410460160891865,-0.6156455950636781,-0.22131761970647257,-0.07054720770523397,-0.4658104210666054,-0.19188035774140313,0.010665549146033,-0.4357403177171415,-0.15555772939533727,X
0.0,0.0,0.0,-0.23250929477357746,-0.2911791148012446,-0.07066849909791345,-0.30602737180850226,-0.6655553337333527,-0.12085017220494464,-0.25353652676325567,-0.9351747923680473,-0.1838738742273299,-0.16268006634515728,-1.0735210684320067,-0.21885446558917873,-0.03837591336337839,-1.0349010746264995,-0.039906507219816964,-0.07924177243617231,-1.4020287728934313,-0.15845830939962605,-0.24023748499748973,-1.3826022460978773,-0.1970741027089975,-0.35536504442112443,-1.2875682341895152,-0.20731924828414489,0.10861886807786458,-0.9923960283949821,-0.05789701480516303,-0.18990235263579752,-0.9898292994228687,-0.1656225830173041,-0.24720055259193058,-0.7000207206941553,-0.1564369109675115,-0.1442448566376576,-0.6138326826480854,-0.13192959051261657,0.1980430044802725,-0.8693879768875427,-0.0986715413161435,-0.13163180557415913,-0.8038753228214944,-0.18857237757168593,-0.16330408843776512,-0.564114165052482,-0.12048399508346991,-0.06825490054336382,-0.5247810805696375,-0.06597393089577068,0.2417892295699879,-0.7332339081402316,-0.15543990288469264,-0.044413607142434954,-0.6727384531253606,-0.2177420116125624,-0.07521706480530235,-0.5113823108956145,-0.1868534939029446,0.003902035077053883,-0.47802206091815935,-0.14928065442579164,X
0.0,0.0,0.0,-0.23610699938616495,-0.2788547840404015,-0.047205332425749924,-0.319891227967812,-0.648613976098053,-0.08588065605148092,-0.2830792592927699,-0.9175288562903431,-0.14242539429826126,-0.21802768201442002,-1.080157799486218,-0.17348044481790934,-0.03255120732610876,-1.030186042424732,-0.018238755707782835,-0.11027234230050877,-1.3991743851721083,-0.13627794012133532,-0.2716714262742312,-1.3772774757323194,-0.17348502662832585,-0.38013996276935763,-1.2780342648537124,-0.1818640872560812,0.10763892949548975,-0.9931393192823192,-0.04569631661869819,-0.21127091612461707,-0.9988736276998791,-0.15384935574994957,-0.2711986018585857,-0.699440943039493,-0.14236122592825715,-0.16749864787091798,-0.6261517771640623,-0.11540803542794671,0.19945638411513744,-0.8769159650484708,-0.09473190217408248,-0.15329420670950986,-0.8160148172822909,-0.1804322369646623,-0.18106651669867949,-0.5556432867038216,-0.1085647677203808,-0.0818415409650467,-0.5150658526882882,-0.05274795596945868,0.24735734706174423,-0.7391263284983566,-0.15821911353361537,-0.05145129041507861,-0.686909346187743,-0.21946680963891144,-0.0809568601437201,-0.5141804350934273,-0.18637957654241685,0.0008574202005570087,-0.47680815014553996,-0.1467990316550687,X
0.0,0.0,0.0,-0.23255804387197265,-0.2744620312167977,-0.04376796033869674,-0.32163820287524936,-0.6354956777211466,-0.0811311071035232,-0.3067386148870002,-0.9042121114239919,-0.1363816424668416,-0.26388980404352524,-1.0804614788392308,-0.16811243534166864,-0.041799108112752885,-1.0243814973746543,-0.011277899748503635,-0.11925624472003431,-1.382559642912039,-0.12161763728793569,-0.2692075088571832,-1.3722741948889638,-0.1519975410435835,-0.37856941769041136,-1.2763537613869818,-0.15652355332069687,0.09559505296775819,-0.9945683921251465,-0.04117401162981865,-0.22189532194463796,-1.01207675997019,-0.1486448082746522,-0.28283907779656015,-0.7066634289211016,-0.1384514709833904,-0.18273294327569883,-0.6352762689109955,-0.11172835417663302,0.19107885383343984,-0.8889155846754697,-0.09182167050668956,-0.1578459754985795,-0.8383801821967073,-0.18074915375286124,-0.18630102215015326,-0.5659640243333169,-0.11333036851436001,-0.08517887006859308,-0.5256474278655838,-0.0599445064640118,0.24542486841082353,-0.7545121204470159,-0.15557266421541777,-0.04646586977596307,-0.7206847443817466,-0.21646377560905372,-0.08008803942709118,-0.5323489558801937,-0.18057502646011644,0.0019074910333121303,-0.48814836826778885,-0.14002231515872093,X
0.0,0.0,0.0,-0.24775551910531934,-0.2744715775382198,-0.044153538797194976,-0.33069721252236217,-0.6374619309714903,-0.07633227794807776,-0.3181034107774998,-0.9110218463049304,-0.12589272830599985,-0.28673239627920877,-1.0964047314578218,-0.1516807157204078,-0.0961436102645335,-1.011607470259102,-0.009676399935066108,-0.18194858318550172,-1.3503013368286243,-0.1026577311106738,-0.33360847424759177,-1.3120746923117756,-0.12322403627668084,-0.4318859321623944,-1.2225064329379867,-0.12286761514874836,0.03230547676567623,-0.998841562071512,-0.0356635675372511,-0.27564050612105606,-0.9868395410560681,-0.12428830151242576,-0.3174091999160774,-0.6904467242209483,-0.11331123051283273,-0.2104668674625654,-0.622433201645161,-0.08989860764320617,0.11968280325782195,-0.908867410538428,-0.08033622522962752,-0.21415758505940677,-0.834363101483202,-0.15988721754527088,-0.22466671242335076,-0.5666935993388749,-0.10571963914507788,-0.1179610582316619,-0.5307635081429413,-0.06338319295154168,0.1716696683939853,-0.8039787852166238,-0.13730822196465936,-0.10044006086791005,-0.7357916248506206,-0.19238843029616987,-0.11986741570503844,-0.5449139246097945,-0.16441338090626978,-0.036249377147271625,-0.4986109959763873,-0.13150571237512532,X
0.0,0.0,0.0,-0.24870442143177507,-0.2578211207836896,-0.05367044711563236,-0.34202501207687475,-0.6220265941959389,-0.08706567139522028,-0.3293563410768325,-0.8939702104006597,-0.1335078261467499,-0.2954889144914916,-1.067353764148643,-0.15514679371156162,-0.09127053345087063,-1.0041022402025794,-0.01497991692804529,-0.20285764219637709,-1.3234330221229247,-0.100090752265253,-0.34441529579958463,-1.2944102690877433,-0.11824443651235676,-0.4273574718988999,-1.217376685336229,-0.11915782305263599,0.03451492751540459,-0.9988038058288525,-0.034636357204623665,-0.2870777586484917,-0.9729142229812854,-0.1109159754885431,-0.3153056879832263,-0.6718363266824525,-0.09332402464324413,-0.20064265709797788,-0.5915577529624538,-0.06668996104163803,0.11690829179567075,-0.9078034965455143,-0.07316872345571285,-0.22869010244833146,-0.8220772838975088,-0.14514637727880217,-0.22393746903941916,-0.558485610069179,-0.08806890266220074,-0.1102578166010435,-0.5195709881689992,-0.044470604278559034,0.16424009124731917,-0.7969938572711873,-0.12521555722858668,-0.11517822149868065,-0.7284582005090098,-0.1847638768273767,-0.12485611062594097,-0.5404828762536367,-0.159431981546237,-0.04043510328852369,-0.4929656583620566,-0.12653548227098724,X
0.0,0.0,0.0,-0.26337398755730207,-0.2794762210431709,-0.03386658179012095,-0.36349180543365717,-0.6327657829554113,-0.08150322767330764,-0.3324696508447551,-0.9171291343944002,-0.1497093085387209,-0.2798000562254195,-1.1020510439332543,-0.19170833206663304,-0.077191004613448,-1.0212788348473052,-0.00764608832010155,-0.1927215830641033,-1.363864971198455,-0.12994187302667307,-0.3593781118636971,-1.3310917742944581,-0.16544709288700507,-0.4788706029623278,-1.2537748686620944,-0.17399979534227827,0.05587385852790064,-0.9971736562231744,-0.050227594683701964,-0.26867304348134324,-1.0308227331048654,-0.15961748773692191,-0.3181611592714189,-0.6850065874996366,-0.13328585252979544,-0.19468145870448203,-0.6301578781303889,-0.09485883870812917,0.149007421662009,-0.9074368640062476,-0.11613386827897688,-0.20011901920508607,-0.8549443471292274,-0.2053726966244191,-0.2135078547428509,-0.5590319207487995,-0.1191929557988794,-0.09560816627469275,-0.5334460707899885,-0.05582749326778951,0.208452078878161,-0.7916162691721547,-0.19573828598489532,-0.09511120037174062,-0.7301331547035327,-0.2632609041761944,-0.10494753704872743,-0.5290087214478532,-0.22399463245804002,-0.007856905338621887,-0.499277601746187,-0.18170025509701052,X
0.0,0.0,0.0,-0.26066751563392954,-0.17638543002401724,-0.05670279151588342,-0.3337315672530535,-0.5726081767882242,-0.08508653199130967,-0.27388248938791554,-0.8840888889799167,-0.11652942879435492,-0.1879092460805577,-1.1008932644100766,-0.11981950985613056,-0.008741794661383903,-0.9986110772119502,0.01806601871000193,-0.2622266214100732,-1.0459090558775377,-0.10970725786837343,-0.29644444261492003,-0.7536358378813893,-0.17036183783417805,-0.2462498274405179,-0.6319407423879158,-0.1997868627307033,0.12656634414594217,-0.9918794062414946,-0.012498160006622664,-0.22454440422801245,-0.9490531181605397,-0.1282474685604269,-0.250259867910583,-0.5700523022824469,-0.11589810206150446,-0.1417931427428217,-0.5116210282583398,-0.07791262796113994,0.23817658550147386,-0.8959997171085495,-0.06916355688802972,-0.11241807589502566,-0.7949583076250709,-0.17497764788686584,-0.13106695431398377,-0.47057871697893383,-0.09259853332944623,-0.018788372880107908,-0.43198978579939945,-0.013736640169348755,0.3241396218970402,-0.7405969333558058,-0.1407514936954393,0.02062944459449034,-0.6505366724519557,-0.2220836356048761,0.005357352826536269,-0.44559389806543437,-0.18404325948288336,0.10262199230318345,-0.4079599510703873,-0.13014652563437454,X
0.0,0.0,0.0,-0.24478700222886926,-0.16337195136346672,-0.08000929728497543,-0.3419694382367499,-0.5206910423454576,-0.12691333909891023,-0.29967296123748616,-0.8135772898801442,-0.1728894686451021,-0.22801454980172411,-1.0292890716232599,-0.18861361665459964,-0.05583079754214275,-0.9955660946106479,-0.018891338821739507,-0.34604198927744995,-1.0637998323356928,-0.1643516771975382,-0.3985487034883856,-0.7720403643536041,-0.2303405868950267,-0.34799147684042653,-0.6203166116353028,-0.25930536186273734,0.09343905182237536,-0.9946068262721611,-0.045015605375852086,-0.3042490915585603,-0.9444591760447223,-0.17477528992187896,-0.32979988446451947,-0.5629970346508912,-0.16699158648827647,-0.2162268630419368,-0.4813461924073235,-0.12772765586401272,0.205984211051005,-0.8887627429908023,-0.09898003377639283,-0.18761339631493154,-0.7769261080985129,-0.2177182326397709,-0.19518297921876118,-0.44401022227287457,-0.14190691287988536,-0.0701183957295016,-0.39685205120363676,-0.06482082964369978,0.29277927876312876,-0.7171273233197346,-0.1692191745586378,-0.0483061770740608,-0.6124560276647619,-0.27291572643212214,-0.06071162678826055,-0.3936701746459572,-0.2468208880536159,0.04068326663015832,-0.3520068314803033,-0.19515264484652162,X
0.0,0.0,0.0,-0.24602172865503658,-0.13892526898502752,-0.07459261279190348,-0.31957400592401525,-0.5253752748776135,-0.11598638819837458,-0.2515016669200983,-0.8626476529005677,-0.15399374152155518,-0.19125813436376776,-1.110535209727038,-0.1712381645063879,-0.08261660483499116,-0.986566081225931,-0.06045681503493021,-0.3001604664192905,-1.2419570583822332,-0.2071209182236218,-0.4406324507048947,-1.2351948067472986,-0.26451462269663417,-0.5085229683889034,-1.2206428793278006,-0.2911639411369257,0.07757003480640749,-0.9934090623496259,-0.08438794073663347,-0.304647586232772,-0.9431614859436113,-0.22101896249419076,-0.3507972926532761,-0.5459818625340662,-0.18449317525995684,-0.2463687111965356,-0.45744063878509755,-0.12264561975004121,0.19782118469968543,-0.8733808698214843,-0.13523141132281957,-0.18419137315403195,-0.7301233582332591,-0.2693174359472131,-0.18542401474929204,-0.4040428640355148,-0.163492427160134,-0.055780271649081385,-0.3690822647571678,-0.0638677387751597,0.28576860963578643,-0.7014820782228532,-0.20062508675660967,-0.03974379577735775,-0.5678883492197271,-0.3299306787100312,-0.04660405404004848,-0.3493669923606949,-0.2963096233244808,0.061942656904477346,-0.32240108063231665,-0.23681715782393062,X
0.0,0.0,0.0,-0.24195262540239806,-0.19268764363799332,-0.06569167854094911,-0.32352751117112055,-0.5713037797082798,-0.1050416783987558,-0.27837899486757395,-0.8659272149575965,-0.14462748349018495,-0.2178833172773627,-1.0577951871958682,-0.15732859363657625,-0.0476154828961864,-1.0065857015089208,-0.04209611269948169,-0.17794371451177846,-1.3021858918820788,-0.20125011790474173,-0.32719615148618103,-1.3484002684411724,-0.2655196133996154,-0.4435544230657922,-1.3366333609276344,-0.29013102564851107,0.10707102574468186,-0.9923387490688961,-0.06164091613822762,-0.23670787818781436,-1.0052347527379009,-0.1872182633364148,-0.2840056485928871,-0.6241607522120843,-0.1379840851202287,-0.1745303172836681,-0.5566552793037626,-0.07011352669008608,0.21734734511955525,-0.8761033084342812,-0.11151860347157394,-0.1384695662943938,-0.8076101099316016,-0.24004752222801953,-0.15062982984902545,-0.4941487959080623,-0.130950875752053,-0.028651228134093133,-0.4673711708390255,-0.02961332210226523,0.2963661591639324,-0.7104193103015543,-0.17469949534462262,-0.013065303419245429,-0.6480362327226677,-0.285392045868326,-0.0293437570501876,-0.4446735068704385,-0.24048593384780637,0.07304225500617284,-0.41241735338105284,-0.17689330201200157,X
0.0,0.0,0.0,-0.2518462118077534,-0.21089019243550655,-0.05010041270799452,-0.33494470216196237,-0.6078801936447894,-0.08098873653518991,-0.2885268756851606,-0.9082562385694987,-0.11852819079925271,-0.23105317299007574,-1.1011103388919035,-0.128317974517979,-0.058214444355462185,-1.0170427642384139,-0.034167880650160846,-0.17298457028748543,-1.3420812093335577,-0.1720107455253632,-0.3316578703193691,-1.3353540305666969,-0.2099625245102706,-0.4485633487173569,-1.2715730949355655,-0.21530164976524768,0.0933293567121774,-0.9935877432107917,-0.06382027669147732,-0.25477215996849534,-1.0075590573176392,-0.1846360588354449,-0.32105979551399116,-0.6399424765070819,-0.13815647288319233,-0.2149873383596175,-0.5707291718346187,-0.07315156141286185,0.20352667714560835,-0.8742147691437746,-0.11987847011389607,-0.1573787693401294,-0.8154375136648891,-0.23904695892974046,-0.17880428471362894,-0.5069424229998493,-0.13257636708460271,-0.05793280626560502,-0.47923929877604277,-0.037184259006696585,0.2825129537518765,-0.7109696867371389,-0.18836404307572394,-0.027993970428226347,-0.6616292605048908,-0.2883455766014236,-0.05344984964244271,-0.4531910308582926,-0.24002413520848528,0.042382440028141635,-0.41653557303186,-0.17648487770540291,X
0.0,0.0,0.0,-0.24728425516474542,-0.2069220635267598,-0.056445308335794114,-0.34247571418860645,-0.5901734839637607,-0.08215914060781009,-0.3080818747918492,-0.8822274856907031,-0.10603509019641723,-0.24651586263944475,-1.0789556676221552,-0.1024949671547734,-0.07533556303767339,-1.0082976401221007,-0.03527278470793954,-0.2207042051135201,-1.3082812206815044,-0.1692094970141551,-0.37182356016195894,-1.3373632229862251,-0.22192254852177853,-0.4778595702474841,-1.3286345842769733,-0.24170874598185335,0.07954607348354507,-0.995214012667364,-0.05675818164700529,-0.27585309645011163,-0.9883367916456243,-0.14679249496085817,-0.3257545431394367,-0.6282610754437519,-0.09587151621827099,-0.21437360040366918,-0.5567619890840749,-0.03484629436789113,0.1837504962364071,-0.8805573291378754,-0.10524497871104396,-0.17348997385677747,-0.7975712062061473,-0.2045359813821864,-0.17659574018036525,-0.49871085112014507,-0.10390465357049869,-0.04807723391039259,-0.47826598010490845,-0.016800856943426434,0.2601431385978614,-0.7143649258654846,-0.16667057081672657,-0.047899884886528715,-0.6518442687392896,-0.2626638776584225,-0.065595576231129,-0.4534327100184438,-0.21750478613600102,0.021956204862109044,-0.4222789977169034,-0.15698004748032676,X
0.0,0.0,0.0,-0.2525712752332635,-0.22174217368355784,-0.05559848012958868,-0.34878477584716894,-0.5929422158691077,-0.08886409482866288,-0.31161754848025225,-0.8806631889949007,-0.12395171961751338,-0.25181448942643686,-1.0830456592516744,-0.12625969066889167,-0.09095425035881188,-1.0174305066502491,-0.04626588143361961,-0.20478491665015033,-1.3321248434352395,-0.20008646751256162,-0.36104098812258245,-1.3099467205945456,-0.2567819279278051,-0.4736440670446991,-1.2531070839035745,-0.27302844708624324,0.06100651650241326,-0.9957125056478224,-0.06953280550053938,-0.2638111710000289,-0.9945138741833494,-0.17557154059959587,-0.3058390580813629,-0.630326970001945,-0.1266569965147199,-0.18626421950046687,-0.5843839586143451,-0.0671789205724184,0.17084591518240588,-0.8862512317610141,-0.1214565629411471,-0.1703037962990556,-0.8093299601662222,-0.22032438833746018,-0.17600042370797644,-0.501873035592065,-0.11256044211261168,-0.047778136536085765,-0.4926003539466821,-0.024170439877656196,0.2546598539183766,-0.7319003515769534,-0.18825228308035633,-0.05097526164867613,-0.6604249349567466,-0.2781254236251411,-0.06374910540651045,-0.45778874305311634,-0.23221918802397348,0.030022089759950788,-0.4382448478989031,-0.1735828106323237,X
0.0,0.0,0.0,-0.24588193148461618,-0.22307244127951079,-0.05251933874573356,-0.333042289638332,-0.5982204260984678,-0.08210028238452813,-0.29746609590070155,-0.8837740335279091,-0.11980642085935907,-0.24689154732813953,-1.0715587554469301,-0.12856067975208413,-0.06624770039330576,-1.0188664153322884,-0.020463724378584822,-0.17621043251710655,-1.3508389569411745,-0.15038899681551343,-0.3308044116302826,-1.327621083798834,-0.1863152537205629,-0.44098080871057177,-1.2402779718344998,-0.18887013776053796,0.08127914572108232,-0.9957191708225259,-0.04401174078984551,-0.2519787658383687,-1.0023188561334095,-0.15539023119228482,-0.30867220909324655,-0.6535873141926,-0.11797501330038279,-0.2027733808837372,-0.5977097472828143,-0.06252498200724244,0.18890152605253954,-0.8847981487002866,-0.09399697059021964,-0.1659838690751236,-0.804994287451877,-0.19724999373825072,-0.1757019775248969,-0.5125169391593093,-0.10807241645770489,-0.060593851669574955,-0.4939207938039244,-0.02907436319374524,0.2623674015329419,-0.7343459073219379,-0.15748041396630866,-0.04647114955390717,-0.6676834193798789,-0.23747904879105086,-0.06108273701547842,-0.4668024232939493,-0.1959269966950152,0.02867113299143273,-0.43374626628292823,-0.1420317015266389,X
0.0,0.0,0.0,-0.24130679266563274,-0.20481753072122463,-0.06236105995355145,-0.34133671149249634,-0.5904961397458616,-0.08965396890888579,-0.30331705509153195,-0.8905548711940281,-0.12037394357381861,-0.24870013610669292,-1.075250973743515,-0.11885524868306095,-0.0769219184862437,-1.0133002411417351,-0.03437359926787764,-0.17821682434942945,-1.3326731850370668,-0.15833839366708696,-0.34078451805825677,-1.297602601361032,-0.19001195355480105,-0.45503485174685904,-1.2224466329346664,-0.192873208926048,0.07038180688927607,-0.9963388472249263,-0.04853146164608802,-0.2616960615934811,-0.9874249295756682,-0.14525705157317284,-0.31370201118293245,-0.6290340097836485,-0.10379239990518131,-0.19888471023512672,-0.569306737838938,-0.05232160496728135,0.17729406862315378,-0.8951228509680184,-0.088978441193964,-0.17151037686433868,-0.8032462585193293,-0.17893940626860932,-0.18038614328324876,-0.502516795417801,-0.09081666893354601,-0.06231251750369038,-0.4795067368462066,-0.01973607641813657,0.25268368074608116,-0.7514314996058816,-0.14463020687043912,-0.046347227008860445,-0.6694678829934223,-0.2256816375593359,-0.0576653674088641,-0.46828584297640663,-0.1932006664111306,0.030564436704761243,-0.4392057411562553,-0.14860763558081658,X
0.0,0.0,0.0,-0.25013550823081176,-0.24342607213148373,-0.05169835707138575,-0.352606925532335,-0.6066893093292091,-0.0897428442637667,-0.3406743898657658,-0.8926903183415096,-0.1429503218456092,-0.3019895875847025,-1.0796049116592923,-0.1702886098928064,-0.10903627383677054,-1.0103762111327526,-0.013881296748896587,-0.22193712034586144,-1.350335314771156,-0.12197177418267567,-0.37033908805939986,-1.314512959918137,-0.14695213723898512,-0.4649323844519424,-1.2189800184701882,-0.14806384703601896,0.029125455495170743,-0.9988263717109713,-0.038698669446058195,-0.29454015810840717,-0.9900141007469081,-0.13886802504933957,-0.3367836040067146,-0.6687574952853783,-0.1200176503081908,-0.22397784135508217,-0.6115036622797557,-0.08683782075913761,0.13011021063495837,-0.9081888242924216,-0.08553220868215174,-0.21756537949548757,-0.8185919078241221,-0.17319596368460993,-0.22445456316097004,-0.5398429967209255,-0.104574908434641,-0.11328460105023765,-0.5149059525838371,-0.05029587526183606,0.19337353880974772,-0.7908121982601556,-0.1460551496675754,-0.09784340591751979,-0.7115973318855188,-0.21212217964657493,-0.11158090672755647,-0.5140505234963593,-0.18048188637348625,-0.023417167751172096,-0.4786529525202399,-0.1416402628887315,X
0.0,0.0,0.0,-0.24922061715590604,-0.24153176661674536,-0.049305748402291585,-0.3671746428457215,-0.5995395139000859,-0.09057005464300281,-0.36888876229961093,-0.8842995728184051,-0.1475586920965761,-0.3263956822969128,-1.056650973784672,-0.17840086589478749,-0.12999144027097714,-1.0060172948954906,-0.01745463473710342,-0.23287670963168572,-1.3439181923719443,-0.11897939768786908,-0.37712596595479775,-1.3098236150301894,-0.14349936685980386,-0.4740919110737478,-1.2262863677964817,-0.14717108233028262,0.0053350916224834295,-0.9991154120448481,-0.04171247069921883,-0.30315671855319903,-0.986246497913835,-0.13382216077416673,-0.33107478229362325,-0.6630295649700296,-0.11566718174233863,-0.21273671891195278,-0.6069996722957504,-0.08700572962154604,0.10751769425142257,-0.9136392428059213,-0.08613071029811888,-0.22653222915231344,-0.828348186402341,-0.1605531745665316,-0.22339690034849183,-0.552990700579912,-0.09268239093978228,-0.11222394201386562,-0.5323008485349455,-0.0444798311849442,0.17481367156644284,-0.8034906760408257,-0.1445073665766333,-0.11273038278981332,-0.7250877698461576,-0.19936308861568974,-0.11661981619731879,-0.5299942410008565,-0.16683234561825325,-0.02515962847958061,-0.49632005713079735,-0.1315439313870058,X
0.0,0.0,0.0,-0.2641264291080856,-0.254245556779229,-0.043185229867160634,-0.38142342149508696,-0.6010860834173589,-0.09038808745708458,-0.37358897452736617,-0.8928143235893314,-0.15474936612084098,-0.3169333211621467,-1.0727774732226636,-0.1929593314846347,-0.13090204861680488,-1.0049278193120574,-0.0171683069712749,-0.24940175912678816,-1.3482002399735968,-0.12431073786932492,-0.39923007645328057,-1.3140010102983424,-0.1512316767962865,-0.4961506684216398,-1.2339142376861347,-0.1546670433261801,-0.00446167583763719,-0.9989679695240434,-0.04520054550256501,-0.3185037563422077,-0.9996703993306678,-0.13441149051441004,-0.3544887406666972,-0.6686912521817496,-0.10718828911629369,-0.23260280403315137,-0.6131787983801226,-0.07073703980086893,0.08566018707280262,-0.9153009418676039,-0.09371531937026827,-0.24805594319080607,-0.8412581918996742,-0.17120389316817042,-0.2534073898325076,-0.5631069107652403,-0.09610405559491397,-0.13897362005783795,-0.5426281732491373,-0.040806609621068066,0.14153402616987162,-0.8104574957096647,-0.15497882322654574,-0.1477247478165811,-0.7210496972178576,-0.21178407435382113,-0.15088572151990107,-0.5234293222009693,-0.17451825379715102,-0.05725210531144164,-0.49330533303593316,-0.13430910395006135,X
0.0,0.0,0.0,-0.23865747601828438,-0.22902345610973082,-0.07527656686886586,-0.3668943341103094,-0.566475486179678,-0.13008718078909584,-0.3872049070103792,-0.8351289661053503,-0.19513520961185932,-0.3505392269269771,-1.00415831440081,-0.23149290921366925,-0.10613164117850551,-0.9952001054410673,-0.04640139880341364,-0.24128325316546576,-1.3309885859105262,-0.15619977035133148,-0.3966972158418544,-1.276516348992366,-0.18697527268262906,-0.4882189271956904,-1.1904004252291862,-0.19013048303599714,0.00968877545095924,-0.9983623935705134,-0.05637959501820005,-0.3193237455346765,-0.9661326901995622,-0.14134307114148068,-0.34431513953284076,-0.6411312460284196,-0.11740479772373641,-0.21889756965263535,-0.5718094071209266,-0.08303579764432813,0.08909784526927553,-0.9156006356684767,-0.08851902271638706,-0.2633789811923752,-0.8066969173779246,-0.1647521446863155,-0.2557038719244884,-0.5345659160651782,-0.09858865640921421,-0.13409632335150537,-0.508206411284463,-0.046764723021714666,0.14055172180120204,-0.8059620731099575,-0.13657212506503025,-0.15075149712944155,-0.6968138993225573,-0.19618546213741253,-0.1476896978647513,-0.4977036138067739,-0.1632162089440687,-0.05293678728690756,-0.4557437572170228,-0.12244349373588503,X
0.0,0.0,0.0,-0.25032603005307924,-0.23510481392592278,-0.04681056638292298,-0.3624878031788642,-0.5759483925439305,-0.08501813772529661,-0.3617925130594755,-0.8519173806834455,-0.1380185275922988,-0.3232033678740102,-1.029352095673971,-0.1658520591656396,-0.1259998635430296,-0.9884663343872059,-0.01898205788079034,-0.25624104340513526,-1.322967856095912,-0.11200283335617238,-0.41020610607887537,-1.2829378514274987,-0.1323410788157403,-0.5036712995993535,-1.1959640771733295,-0.1321453197816797,-0.011174804677375203,-0.999117303109098,-0.040493683068168924,-0.34441895702510283,-0.9592795243386685,-0.11640330580780951,-0.36971341588707846,-0.6355655988887168,-0.09167725477182506,-0.24186048071024382,-0.56061132061399,-0.05920898150019054,0.06733582742557134,-0.919705993086251,-0.08059994135476843,-0.28634041202895244,-0.8024352275419877,-0.15010222181902783,-0.27907721607104147,-0.5365623892832847,-0.08326809971637027,-0.15974993237602,-0.5080444678977374,-0.03425923150652671,0.11627946850784214,-0.8142942958481381,-0.1337715718444847,-0.17634526665737585,-0.6992633056225753,-0.1948683080407085,-0.16907663510550047,-0.501912807300529,-0.16388181165623067,-0.07274315630135272,-0.4598680220778699,-0.12587065453111873,X
0.0,0.0,0.0,-0.23948101959618318,-0.2517269597131527,-0.04632828115991221,-0.3551495963150232,-0.5821646397065346,-0.09290603923372158,-0.3725915785866891,-0.8426195697412927,-0.15726440909766415,-0.3505772326075886,-1.0197059782834375,-0.19642718972707113,-0.09469006461931634,-0.9962018445721601,-0.021350106025017353,-0.2112820413018839,-1.3352825558954673,-0.11897618371837189,-0.3610142598055815,-1.3040838698701633,-0.14063557866282728,-0.45497496116451164,-1.2280984449396914,-0.1407707428664049,0.01328223416264122,-0.9988214934559677,-0.04668197153119319,-0.3180482447491587,-0.9896068974890259,-0.12603585062336758,-0.3509703678413152,-0.6595730132439019,-0.1009274149298437,-0.22022674985417814,-0.5916253478398886,-0.06855217527446905,0.08892939866620111,-0.9216179705251716,-0.09108263108275616,-0.2640506679001571,-0.8431423184250774,-0.16188528198093405,-0.26372042203273094,-0.5618193928479162,-0.0954645914816401,-0.1456283038808517,-0.530722135099359,-0.04797743974961607,0.1365541352671977,-0.8205118100449313,-0.14877217803174883,-0.14907172676884523,-0.7277713924752761,-0.20472967897319722,-0.14683317210594812,-0.5246829152701425,-0.1717442063486455,-0.05038742044596299,-0.4800107577225999,-0.134633986998661,X
0.0,0.0,0.0,-0.2412707980125874,-0.2689293644164064,-0.04157842867549003,-0.3436190736948467,-0.6043146567747811,-0.08021578281705224,-0.36076125035512047,-0.8719638481916089,-0.13685024361566894,-0.3402212653825092,-1.0533098012131312,-0.1698859824396728,-0.08272528007105334,-1.0039295750323476,-0.0029092702952543707,-0.21105492099313117,-1.341148504632887,-0.09234653180015949,-0.35981451423521865,-1.2975248453555734,-0.11071111431739607,-0.4435124829552702,-1.2043207763543295,-0.10853568340530088,0.022674163125554373,-0.9993150332360005,-0.029246310452548347,-0.32133905511937005,-1.0039247943033036,-0.10986710695850077,-0.3611865075862786,-0.6850724771327298,-0.09180999930627118,-0.2368635729106592,-0.6083299379796836,-0.06282313484572058,0.09422574115179691,-0.9175775428469575,-0.07412424711378524,-0.2664016487900896,-0.8560351419780609,-0.15002425391461538,-0.2665884766457483,-0.5723977508306921,-0.09246140209524617,-0.14676807811458648,-0.5283094122787537,-0.04778419439763245,0.13460984942504933,-0.8130310424194822,-0.1307460589001395,-0.15165155489080961,-0.7550166678159329,-0.18834375123097472,-0.15736293252212485,-0.5445553919547345,-0.15658183007230442,-0.06494977063932235,-0.4822697774309549,-0.11907152806009488,X
0.0,0.0,0.0,-0.22112207302267925,-0.276642903406454,-0.03984339554093128,-0.3086837480276817,-0.6064337963252179,-0.07832933023313557,-0.3210174532254497,-0.8613795503293503,-0.13340730962673816,-0.2966390971479364,-1.020682776758467,-0.16730846828883725,-0.022915626904323097,-1.0053051179380366,-0.012834236972882364,-0.14863185392077893,-1.3368745214442284,-0.08526333160162483,-0.31337180429726946,-1.3159450808445974,-0.10817512517603563,-0.41924725640919147,-1.2300742809048963,-0.1157266209556643,0.06234396451283533,-0.9973670931162926,-0.037042025559879864,-0.3040137673087132,-1.0091230759077292,-0.10280695700291209,-0.34221667528037025,-0.7331329007180822,-0.10253809284319329,-0.2338046208982106,-0.6177798348981227,-0.09542090272131257,0.10703166938401279,-0.9091727738396156,-0.07500035356509134,-0.2727354946349788,-0.8547731683158354,-0.12963481089439358,-0.26754163193182273,-0.6056931622254847,-0.09064048927134374,-0.15438837607141692,-0.5345539746634607,-0.06729636463859827,0.12281162507463611,-0.8020883454766585,-0.12494964169191862,-0.16700804574949493,-0.7502876796989696,-0.1698192124797168,-0.17302704961382642,-0.5625566331320234,-0.14808772725581296,-0.0864606113360833,-0.48457584966060535,-0.12314832423987405,X
0.0,0.0,0.0,-0.23333107966812272,-0.3248818121035403,0.0009676961041450683,-0.27629303357457213,-0.6626754800035137,-0.01682515130588042,-0.27890889988348866,-0.896498089521514,-0.05509036143827935,-0.2630880132835796,-1.0623698722867234,-0.07467590354898108,-0.014120237564393429,-1.0310102023162981,0.008794740473306351,-0.12078328014668774,-1.3670554529022965,-0.05525607045657602,-0.29042310337466903,-1.3386463139635458,-0.07653883056220935,-0.39550577793822056,-1.2477345949135583,-0.08619140776300974,0.05912025006158361,-0.9976078034431731,-0.03582550127971658,-0.3026991412622757,-1.0169787826144265,-0.09146465085095357,-0.3411153248618063,-0.7670621961498524,-0.09225534695593451,-0.23068030892245872,-0.6662403209284132,-0.09278694316630383,0.08152103266487086,-0.882620544308402,-0.08999571483685045,-0.2941421465295184,-0.847792143517079,-0.13097031785981744,-0.28923668026644656,-0.6222392635786987,-0.08767261358791785,-0.17665790920254554,-0.5643463223388048,-0.069436991350702,0.0706824676371161,-0.754534125287046,-0.15223969690717304,-0.21820156310876487,-0.7243566997246693,-0.18850734240915692,-0.220089024622647,-0.5572085288945503,-0.16135876778098046,-0.13269913046635615,-0.49385927038629573,-0.13759693746661164,X
0.0,0.0,0.0,-0.2017514554475993,-0.3253392686847568,0.009074658732660218,-0.2463736903099814,-0.6357441100065854,-0.009100888895570182,-0.2625518224743652,-0.850184370486482,-0.04950314819964404,-0.24764847725905167,-1.0062657624457776,-0.07124912139362939,0.03147624578821592,-1.0277114389474278,0.006249810684791162,-0.09071965693554429,-1.3894536832657622,-0.0596212983489126,-0.2740349585408325,-1.3676257633719504,-0.08080248336803014,-0.3879992026884919,-1.2842285493602472,-0.08890833674221205,0.08651996449449578,-0.9953447859763307,-0.042462368911823166,-0.29587540345100116,-1.0395949566404465,-0.09589996633687503,-0.32691817476008395,-0.7874309387017819,-0.09348929864020392,-0.20938828047096616,-0.6711344443511639,-0.0920087286046685,0.08702113270751749,-0.8858766456936032,-0.09997281680625605,-0.31270031237976603,-0.8575758895038764,-0.13843581204062133,-0.2972147005177623,-0.6237128892778667,-0.09382510731453428,-0.1706998035249123,-0.5573136304911496,-0.07490787660023882,0.06180722753898505,-0.7666338821107327,-0.16530157417406446,-0.24787803274278278,-0.71715914592802,-0.20621325199588297,-0.24104833820491423,-0.5343127574769081,-0.18302098500259634,-0.14245057164996452,-0.46098058796401714,-0.16004406241678973,X
0.0,0.0,0.0,-0.15257144079942414,-0.3480587814020049,-0.02738348198190425,-0.2024170460447786,-0.6702832169018266,-0.07046667654677904,-0.22991861834030292,-0.905763472008222,-0.12764895311828386,-0.21836838343004708,-1.064487076187465,-0.16512974261708196,0.08480635529224939,-1.0409165133471199,-0.06349056794872847,-0.04448639406788425,-1.4201515154213125,-0.13744157362670842,-0.22530244391180154,-1.365482159487051,-0.1551075193981865,-0.3246137609519556,-1.2605735697321245,-0.1569831281530051,0.11988335139500195,-0.9883708673274185,-0.09354683680781992,-0.2502650281458133,-1.062205454213597,-0.152841192406992,-0.2845361744290688,-0.8136380539872604,-0.14610602951306526,-0.17893835778892617,-0.6917238303959391,-0.14149761249877413,0.09901349933508946,-0.8742952124334585,-0.13171488504895779,-0.29069101783323015,-0.8729384501100483,-0.17401503879057106,-0.2782027744030858,-0.6458599875667507,-0.1324912860072222,-0.16109190819044006,-0.5687747824053551,-0.11306991382253621,0.05364772227980972,-0.7614723851688745,-0.17933680290916135,-0.2527973161464695,-0.7318679150228251,-0.21065728426666214,-0.25423648921841274,-0.5661775038143924,-0.18654313711396558,-0.17001973928152184,-0.49125784207252865,-0.1627575756020474,X
0.0,0.0,0.0,-0.18756527602128512,-0.39178397226043693,0.009333821464015938,-0.23387978978756838,-0.7096351101075594,-0.026558138190700204,-0.26791974330572416,-0.9331041426527357,-0.08359912960884668,-0.26975218134178364,-1.0825364227806715,-0.12647652415956298,0.06188463618534714,-1.05993934080924,-0.04767694401108358,-0.054768579438900226,-1.4400364582492247,-0.10829466484249457,-0.23526226114327886,-1.4100123410270604,-0.11596589878570306,-0.3433633524809228,-1.3139159764140829,-0.11527754971906798,0.10336274056162056,-0.989898692330695,-0.09703980000788977,-0.28071389357348103,-1.083887356831708,-0.14081738103633282,-0.3289480468849225,-0.8368585790150505,-0.12537976268902434,-0.22121730345845056,-0.7141370172660267,-0.12236935031451561,0.08740348571657884,-0.8542226225980719,-0.14982567606322114,-0.31547076068422664,-0.8856265399834743,-0.1703078306237007,-0.3133636206610065,-0.6715459734712569,-0.11517548431637295,-0.19720190445167887,-0.6037404237521097,-0.09760303386581806,0.038564264226391504,-0.7227888373490997,-0.20957606177594085,-0.2794162110368942,-0.7292120212352083,-0.22260495385314644,-0.2815562670447741,-0.5812762120643046,-0.18605461795781353,-0.1925292133099768,-0.518272346233026,-0.16205455676588332,X
0.0,0.0,0.0,-0.15891788601825446,-0.36738110490404935,0.02848018447524735,-0.2062567029600884,-0.6756131024624773,-0.0034346172805787157,-0.2521029650716646,-0.9052527818141313,-0.06085078440224358,-0.2715390239604288,-1.058191530619858,-0.10659375680148117,0.08372063559296676,-1.0524957351282425,-0.026395784923314514,-0.040463564077845876,-1.4240875858498594,-0.07961146752807344,-0.2271724254696205,-1.393671748313898,-0.0891157324644069,-0.3395428028984292,-1.3080544714507378,-0.09177947243971464,0.11594636362293088,-0.9896133864919128,-0.08498109224190575,-0.2829624014876078,-1.0754943592259063,-0.11101575069236833,-0.32828259629684864,-0.8338662082324466,-0.0936172203076495,-0.22065900943090433,-0.7154797858817487,-0.09480035299916591,0.0858090115303341,-0.8563649006305768,-0.1453522156104075,-0.32958001706564943,-0.8777967129994828,-0.1482215471993912,-0.3190692665335925,-0.6708718745448037,-0.09321989954529702,-0.20214564327617907,-0.6021588141969914,-0.0816676209602132,0.021673125215042704,-0.7256191636253493,-0.21199512209865035,-0.3062500182473301,-0.7240482019866871,-0.2185600146793708,-0.29802984139053046,-0.5741682899642436,-0.18311478433825965,-0.20370512644063798,-0.5039767138430836,-0.1620606799926106,X
0.0,0.0,0.0,-0.1324564546913398,-0.348170031956143,0.02031110399918561,-0.17491561814585582,-0.6620648086407657,-0.010266572316257152,-0.22258613893346277,-0.9028541882546495,-0.06295274927205599,-0.26471883931467066,-1.0649230768300695,-0.10349314462266183,0.07777477607691528,-1.054738563233663,-0.028280674989044914,-0.09124855578489958,-1.4627795213282035,-0.08875716730968819,-0.27307342281775093,-1.4071944864246086,-0.10114712328854773,-0.367311100732335,-1.2969746510189075,-0.10213474276306875,0.07786977293212331,-0.9938873174024122,-0.07825789909099441,-0.321788022847952,-1.1049348306324072,-0.11325019452474956,-0.36544226800893764,-0.864956468946568,-0.09696287514415888,-0.25415433829743206,-0.7717411592395724,-0.09472081200572194,0.02443864993401936,-0.8767555746156332,-0.1313249191704081,-0.37976082851981197,-0.9073670705758471,-0.14428061376704274,-0.36084714960412717,-0.696870522098177,-0.09619347372556115,-0.22786918699030675,-0.6456397460355351,-0.08523191000154096,-0.05538228042158367,-0.765329580444786,-0.19012386295540581,-0.36807949413859326,-0.7673318695711157,-0.20925937104814238,-0.35093929662522017,-0.6021474031641624,-0.1821651292211821,-0.24348544707922798,-0.5378761819289533,-0.16287919467162126,X
0.0,0.0,0.0,-0.06182898003966962,-0.3194054070708521,0.054841792385225074,-0.09316988608757351,-0.6435969062071192,0.05337866414917858,-0.15785994832776293,-0.8700679013071797,0.024986549482184525,-0.21009783820972247,-1.0129314278299757,0.008506274773227768,0.0720672656104377,-1.0437809563830422,-0.004127885244110708,-0.0852552497825998,-1.458617804605234,-0.051464119901348825,-0.2617333336901883,-1.398875342077149,-0.051121151357444716,-0.34736070067484126,-1.287242466312797,-0.04454341083830862,0.06910986123505464,-0.9955325965808843,-0.06433254405814916,-0.32573955328986015,-1.0860177372494553,-0.09923663695942936,-0.35138804280840313,-0.8398018611287267,-0.0777679474168016,-0.2326327470265692,-0.7309691829901788,-0.0698015155423331,0.012489805207943927,-0.876588957346434,-0.1236666061649405,-0.383144164631485,-0.8709012001222758,-0.13220660859008748,-0.3535093707059731,-0.6584101814768112,-0.08299577745624065,-0.21875724653094122,-0.6073062947995674,-0.06999002699874282,-0.06741494936555374,-0.7542769988585329,-0.18515229845349862,-0.3791305316074618,-0.7212434209917064,-0.19596963709873538,-0.35448621196212127,-0.5639784300975174,-0.16809254366043172,-0.2453570407290407,-0.5100604126798732,-0.14953682708996813,X
0.0,0.0,0.0,-0.13189201051481786,-0.36451849643750917,0.05060939289390304,-0.18388236066941308,-0.6707535992221376,0.031994664892531666,-0.2642441300732466,-0.881820457264733,-0.015216902140705056,-0.32912756377465874,-1.0043277692710664,-0.054764199243661264,0.06752895354057505,-1.0555492992462128,-0.013272953219225161,-0.08339727173589478,-1.4423374334574615,-0.06850143221629522,-0.2476237946372795,-1.3660984279742105,-0.08187125092888535,-0.3192098006056242,-1.2365244514504854,-0.08494847662971175,0.064679655203804,-0.9947818139876552,-0.07890300857474988,-0.33333327077325403,-1.0995382785479422,-0.11144386597923288,-0.36600881423406795,-0.8743147731065117,-0.09607599245357558,-0.25393081200813966,-0.7634061182543216,-0.09573046059214955,0.0025199264445495274,-0.8696625022904824,-0.14405763077793532,-0.40127904007124215,-0.8781743910033637,-0.14454940607419828,-0.3794294757675406,-0.6800512825118286,-0.09698429417093295,-0.254177369416268,-0.620999068679499,-0.08936322911853062,-0.09040624044811618,-0.744753741704006,-0.21274883759436153,-0.41054217446125446,-0.7249527642656156,-0.2084330542007604,-0.4028698325834916,-0.579551705330058,-0.17293769255919775,-0.3121046436416921,-0.5208580113450137,-0.15356024991050898,X
0.0,0.0,0.0,-0.08844092358122889,-0.3755730106373634,0.04451158737636991,-0.095795559676827,-0.701431608954607,0.03992064908825211,-0.12533487516452865,-0.9266968735913576,0.007813309426648547,-0.1675544272197988,-1.074087551599371,-0.015623003022717278,0.11292236138946771,-1.0476457312723346,0.017855587042261718,-0.044670638112015326,-1.439960818755661,-0.04195947031738947,-0.1829665224003481,-1.3363854114272278,-0.06687686952582542,-0.21856327883642068,-1.1908590259075793,-0.07657900917857736,0.10802407988876585,-0.9932874673169932,-0.04136188384465302,-0.2723089333864421,-1.1217625533284274,-0.08476919996362112,-0.310717873378691,-0.9113420028405721,-0.0849258477873783,-0.2123951175324441,-0.8086782957755738,-0.09069700447806325,0.046566582356503634,-0.8779829971933428,-0.10282854306080583,-0.330548326761596,-0.9199108343439097,-0.12265321118354879,-0.3257689521142422,-0.7229784710126983,-0.0897699950585779,-0.21029053917717333,-0.6556806773583225,-0.08335075245038825,-0.03945575799565054,-0.7582123467518117,-0.16703004723920872,-0.33233087585418664,-0.7708358452162147,-0.17644317211305988,-0.31957995982096066,-0.6168451478847028,-0.15086842145223625,-0.22178122088466273,-0.5474944886033698,-0.13274726421801367,X
0.0,0.0,0.0,-0.052086753526503486,-0.37120006259684135,0.08570895403748684,-0.06117361706284573,-0.6908899683574409,0.0908984995636163,-0.11654430695447549,-0.9280169866144118,0.06217094001253646,-0.19824498069219704,-1.0770310545341617,0.039213075359915965,0.09600743270825308,-1.0334487103111705,0.03682386057506368,-0.05766915659511972,-1.4257510650132568,-0.012556254531671435,-0.21263209524669122,-1.3385146010456654,-0.02977320410435719,-0.270877601030274,-1.1978097872611901,-0.03554225188873881,0.07209001389483023,-0.9966804206074921,-0.03783079531698903,-0.31299564211183495,-1.1269804650280981,-0.07188120073792281,-0.3558896838327723,-0.9244127829218286,-0.06386867547779569,-0.2684250232068228,-0.822441959376233,-0.06625302014913073,-0.003166620512564795,-0.8924753158248571,-0.1092921133929411,-0.37860911144011555,-0.9373926022491824,-0.11458338215831693,-0.3662619067101186,-0.7410139501200274,-0.07684624666381168,-0.2583495549860613,-0.6714830223226685,-0.0713676602871554,-0.09965412420960496,-0.7762907114844239,-0.18007915406876313,-0.37772445751113054,-0.7724630136676571,-0.17580605614017064,-0.3599577883966305,-0.6165009927555234,-0.1457098374239776,-0.26717200410084274,-0.5464399161054502,-0.1281479347975631,X
0.0,0.0,0.0,3.8916602706433194e-05,-0.393862633323858,0.07416899118357781,-0.005033967174600538,-0.740589226374828,0.0741624056993295,-0.07724292842600947,-0.9706740571862704,0.04432385902946653,-0.17103470277193134,-1.1130129124967587,0.0206686845335743,0.11999796353357782,-1.0308228887963837,0.021676325084597676,-0.027363309508127223,-1.4129887396416343,-0.01684978560568704,-0.18106187930281406,-1.3804555477700997,-0.027136302847770792,-0.252119997105156,-1.2743276706701414,-0.03426318033151031,0.08280925798731026,-0.9953153804870342,-0.04989909976684506,-0.28416359300715816,-1.1075193946437474,-0.08107043023415379,-0.31699020769393754,-0.9100380566635675,-0.07693090677320845,-0.23046738520062762,-0.8010636183817759,-0.0857596873234107,0.0027159604108154198,-0.8907875615996413,-0.1170902254031624,-0.35398441391829166,-0.9326255039492375,-0.12124093215665967,-0.33969950997646897,-0.7465154298966399,-0.08686783235475021,-0.2378874841166542,-0.6779823719228051,-0.08798765759762783,-0.09441736919588013,-0.7688917232282705,-0.18452157736957325,-0.36170689065276634,-0.7651001581336205,-0.19408116882664772,-0.3527421792215786,-0.6180703039020605,-0.17276076034118998,-0.2698851333199772,-0.5547457101278648,-0.16258472780495514,X
0.0,0.0,0.0,-0.053956371843563486,-0.3564936840423216,0.08126006462096873,-0.04997980879203252,-0.6771027847026352,0.08640389605798462,-0.07470156168674556,-0.9099253658756422,0.0592191037424299,-0.1264780176707033,-1.0624737665800275,0.03618789322993115,0.12821513812132665,-1.0225122039162222,0.036979466841903376,0.004850505586784906,-1.413373342767196,0.0014817559719399356,-0.1572821824651086,-1.3705733346056983,-0.01240220639853335,-0.23474527081716254,-1.2515845200542264,-0.020621775671781088,0.1096941276120517,-0.9933967187829598,-0.03361781490044124,-0.26587277587302544,-1.1250025515019515,-0.052138338390999385,-0.31772723518465407,-0.9315258610017408,-0.04589615422733035,-0.23779824554919587,-0.8213828326739064,-0.05533428575168593,0.03480346208046858,-0.9026533831457229,-0.10016350509440564,-0.3347274619697915,-0.9449564916333706,-0.0901281681237871,-0.33568061282747946,-0.7615412664068938,-0.05451344833980834,-0.23777165533142136,-0.6940806789181614,-0.0578560636464219,-0.06828874022298496,-0.8078807056863271,-0.16697568490106235,-0.34645366767537267,-0.8066137741923027,-0.15517297206964123,-0.34139188634010736,-0.6550165963539843,-0.1262118166406751,-0.2594832509746866,-0.5850771739713894,-0.11393797094009041,X
0.0,0.0,0.0,0.026518422492650025,-0.352321568063215,0.10207778711287123,0.01028061484795462,-0.6701913888189756,0.10954908641362504,-0.07802575160591367,-0.9014455851996492,0.07771267104099057,-0.17761919683561966,-1.0394557514463463,0.0479378946806461,0.11326505427057161,-1.0287310979385804,0.05258030842571086,-0.025540666428481712,-1.4416357240359254,0.016229900892239624,-0.19436770226639918,-1.3925277235137221,0.005095942295645741,-0.2743008825508981,-1.2651593757005428,-0.00036676676631515074,0.06428579474090977,-0.9974694786568684,-0.030364053460051412,-0.3248331219650443,-1.1221115570843283,-0.05003632815784199,-0.3685144030173851,-0.9183298086115199,-0.04222399798961333,-0.2757092565707882,-0.8139349509558071,-0.05056920121326614,-0.030527835619701817,-0.9007025581387959,-0.10776330926769088,-0.40318932507960065,-0.941844304237816,-0.09794092036358935,-0.3913703064761066,-0.7505264791954814,-0.0615415489244072,-0.2810304324240522,-0.6883513790288712,-0.06470504662920375,-0.14328468071157016,-0.7957397647272395,-0.1834885322175347,-0.4197620726141077,-0.7873185839869538,-0.17652643087252384,-0.403514577176394,-0.624821232143389,-0.14724151021144885,-0.3087014356493751,-0.5557360691896782,-0.1337301941495604,X
0.0,0.0,0.0,0.03782641142589696,-0.33688771904684217,0.11813408352861217,0.04300259509304095,-0.6426078120046834,0.13454359667489307,-0.007622006902620833,-0.8632377378685138,0.11069644617531893,-0.08773160965186849,-0.9996713290221602,0.08838414698396198,0.11910640607676382,-1.015991082898863,0.0485125621348348,-0.011696855446777097,-1.4329684189485499,0.012735483068351055,-0.17535693335924885,-1.371393414591619,0.0045359465898686365,-0.24738680990779854,-1.2262480324258778,0.0028145284298712447,0.07286711727624164,-0.9965833026756556,-0.03888578207948357,-0.29682955208914424,-1.128721412616955,-0.058439975554016255,-0.34465752075186495,-0.9308907775052216,-0.044835551248769916,-0.26325748697135537,-0.8111906991943505,-0.0475898654908348,-0.021317520090511466,-0.9105176150950567,-0.11822847855472667,-0.3788965114736332,-0.9502742922899688,-0.10502006080359695,-0.3720824938112455,-0.7633063466275365,-0.06304546955665613,-0.26927839043968926,-0.6887734734816586,-0.0617572874412446,-0.13112029113903914,-0.8135176051612092,-0.19466231404415055,-0.40126052014814706,-0.8032455963166164,-0.18101290103429335,-0.38984762019184377,-0.6488856631980816,-0.14818232372821796,-0.30437095119962004,-0.5744503504109443,-0.1325230239793982,X
0.0,0.0,0.0,0.04067610091061011,-0.3652276818413913,0.11516511486788386,0.027307503072943225,-0.6823486473479666,0.12817332027978523,-0.06951868928888079,-0.8853620644125665,0.10163370430002973,-0.19807086776549254,-0.9855998540544583,0.07497569765391635,0.0878521389495838,-1.0231634181699618,0.048643784692014747,-0.05136856809707563,-1.445313082676846,0.029591756751887573,-0.22583639062522193,-1.4050645185666484,0.03307051724319335,-0.31153207356418616,-1.2846202116945533,0.033946152328735754,0.03864760455465572,-0.9985444456070838,-0.03762117501392852,-0.34119124431472475,-1.110460577325254,-0.044575036315972594,-0.38278127510069765,-0.9073071451876491,-0.03053298728940846,-0.29653728590259437,-0.8014225114852054,-0.037268726247747706,-0.0585629834319499,-0.9007986831563165,-0.1144101453540357,-0.4239475579320222,-0.918263626035759,-0.09586365922924,-0.4104093231362864,-0.7314947990740771,-0.06268810055109045,-0.305441245668201,-0.6725649003739386,-0.0699581851635805,-0.17339876525178793,-0.7908827175610019,-0.18716394920950086,-0.4395694426226176,-0.7694227812639703,-0.17980238334659027,-0.4240626010670375,-0.6181838554539776,-0.15420536115205402,-0.33810385167786994,-0.5597582176809719,-0.14458164985648836,X
0.0,0.0,0.0,0.03671847255127879,-0.3490814148556985,0.08680892226082884,0.02225488540438016,-0.6473216010118367,0.08358914979122181,-0.06096238541576942,-0.8322260058807212,0.046234426115203155,-0.1785092477850617,-0.9320506239046025,0.010548944453879001,0.06579046171934062,-1.0376480014541505,0.011979301896005077,-0.09513272898235504,-1.4423808210334221,-0.028840394566940285,-0.2669475141082765,-1.395405891454678,-0.04133276886190374,-0.3526607853962974,-1.2702664078046237,-0.048349224894382675,0.01789608670004046,-0.9977468269446472,-0.06466064802267969,-0.38128284861870426,-1.0935461397608248,-0.0864130405286817,-0.4082837270627351,-0.883775908260633,-0.07765048076239552,-0.3086039642290634,-0.7720700199958649,-0.08720073346113748,-0.07460393044511389,-0.8851542297866233,-0.13447628896239605,-0.4495680610116227,-0.8992266716356058,-0.12612592949627677,-0.4219952202565698,-0.710031602009349,-0.09126969075823704,-0.30658502233779916,-0.6465672896818004,-0.09627428034779068,-0.18013615742762085,-0.7604374185034368,-0.20363069297048905,-0.4505500364827982,-0.7332993045827922,-0.20472261002354628,-0.42346985657504843,-0.5816899841156036,-0.1797970553197939,-0.327017465766607,-0.519610040705788,-0.16892926746106177,X
0.0,0.0,0.0,0.034211068768879936,-0.35624503358671983,0.08303547863877674,0.009514559387869324,-0.6653852363036112,0.07937537785579946,-0.08895533311974288,-0.8647458487806828,0.042714864715577276,-0.21583276961906372,-0.9691915111272306,0.008952959721393575,0.0462581275747808,-1.04564727327926,0.010531508564264755,-0.13641839954859677,-1.445703630435559,-0.027606094073684126,-0.2976588035277132,-1.3848402398958883,-0.035572352949260144,-0.36903263743724823,-1.2525081564101879,-0.03953632395828212,0.003770132217552216,-0.9978784679828832,-0.06499499395488982,-0.39385328285578375,-1.0836589937919652,-0.08549700506545051,-0.40927158444742795,-0.8696769655218489,-0.07396467204855152,-0.30220535870627485,-0.7607468742588727,-0.08053574252630714,-0.08112858895837681,-0.8727745809518094,-0.1341975780998551,-0.45026986969653043,-0.8704112979402631,-0.12732015234556945,-0.4160815935000706,-0.6803313394741295,-0.09076966093269376,-0.2962717570677622,-0.6226898168886855,-0.09310239529628174,-0.17917920685441768,-0.7348767221283385,-0.20296456492859644,-0.4450503317834111,-0.6969448338624746,-0.20836508440909254,-0.4110655190954374,-0.5456515433713298,-0.18499553374387598,-0.31007613485592783,-0.4893130414763017,-0.17366017009962456,X
0.0,0.0,0.0,0.021059954826470998,-0.34113398104845566,0.09315410596156444,-0.0370084978612614,-0.6540830898985383,0.09045215318787253,-0.17468240698712048,-0.8497271786632036,0.050834369387274495,-0.33112792435490707,-0.9342047944825386,0.014103254031124612,-0.010190551199392828,-1.0425503051830955,0.020465521485859593,-0.20443180230103242,-1.4506220231304179,-0.013361249926069987,-0.3727627776503095,-1.387109445740093,-0.004571861855368648,-0.44828877019364866,-1.2497322969570408,0.003842770170587313,-0.04531649332916652,-0.9969131100934415,-0.06411447852216708,-0.4598981334817157,-1.0786934340316314,-0.08229473981361667,-0.4731181232909906,-0.8354071373297138,-0.0504331311235299,-0.35073756309883,-0.7319066092659708,-0.038276433966285196,-0.12211684062341671,-0.8736509638134032,-0.14356705566267924,-0.510233144284298,-0.8526510242974699,-0.13852659862998673,-0.45917370338895225,-0.635315444931835,-0.08720633984954328,-0.31951601324705303,-0.5829669689906152,-0.07749794837924166,-0.2134718713210619,-0.7345138781813094,-0.22197080054501162,-0.4941639235630896,-0.6606016261611402,-0.23663785088932904,-0.4428663626216214,-0.4895903443959644,-0.21175317370518418,-0.32442861421218167,-0.4409908841673197,-0.196917138202456,X
0.0,0.0,0.0,0.01405421214740647,-0.33348928113700554,0.06308327398401939,-0.02822741756368028,-0.6464408040663806,0.05263310820927931,-0.14567679328349126,-0.8516308769057324,0.012481302930637072,-0.2791026992157549,-0.952805116662914,-0.02221405226219007,0.01179481100321359,-1.0457988595073648,0.003211132065495269,-0.18722781825918366,-1.4374579265819554,-0.04175868457690493,-0.34873930983023177,-1.369523995838786,-0.05070568452780052,-0.42089382420747534,-1.235405575404233,-0.053345910583872676,-0.02609320322219299,-0.9976233855766282,-0.06377088125650669,-0.4311795032718268,-1.0613946422271112,-0.09441983990608756,-0.4376613461102453,-0.8280794225515833,-0.08442754079773658,-0.31588369668674765,-0.7250271484962988,-0.087386772556065,-0.10217317934611816,-0.8736020511010523,-0.12708128576374259,-0.4804961358122606,-0.8533133503728924,-0.13544271128372337,-0.43031887303541577,-0.6480978066256309,-0.10139806544945174,-0.29492261044127294,-0.5967356821159427,-0.09948975057731792,-0.19150158886509375,-0.7376043576616291,-0.19089317780264242,-0.4622646560580612,-0.6932726682500823,-0.20632281897717783,-0.41542237899559403,-0.5315816416168979,-0.18276637108637175,-0.30279041131434536,-0.47734540772957085,-0.16799955416128837,X
0.0,0.0,0.0,-0.03792347295292099,-0.3137166233428017,0.04225507605115909,-0.07511600407701607,-0.6415514031493311,0.024375067211557785,-0.15011296690762974,-0.8786408077039968,-0.017148407047995747,-0.21337425259764964,-1.0318690757580022,-0.047148114787500715,0.07448086676361447,-1.0467248668306757,-0.024235607646325538,-0.09284059142827807,-1.4238582890015643,-0.07368961744918465,-0.25894772362717877,-1.360462282911715,-0.08113298533956267,-0.33725840221480147,-1.2364575880526283,-0.08273557717925789,0.06315923959313548,-0.9945646473662844,-0.08277724725548198,-0.33461847645638093,-1.0615743411221126,-0.11952625009702406,-0.35763069850136503,-0.8286586745698641,-0.11237025815303062,-0.24487980061423864,-0.7132315294322057,-0.11881416461218766,-0.002926624906815504,-0.8679180715545847,-0.13859757144797596,-0.38696481536792704,-0.8704518528282945,-0.15336936437015586,-0.36015752379573684,-0.6661952723477051,-0.11635645731250925,-0.23540959194434544,-0.6033035935598128,-0.11277346995533884,-0.08947750701791261,-0.7368875743647919,-0.19641776790009186,-0.3771407917489982,-0.7095468155772015,-0.2150074722816286,-0.3605223931119368,-0.5612781983911544,-0.19299973125295536,-0.2655735759458877,-0.507538031619805,-0.1790290791510838,X
0.0,0.0,0.0,-0.0646957626230852,-0.33758075812242166,0.05030512950700024,-0.11475796702492506,-0.6672767566921961,0.03373344336496514,-0.18205426733423075,-0.9165241028323879,-0.009290807677884939,-0.22976132856723525,-1.0754377271026054,-0.043214854027942534,0.07302389523690532,-1.0453266362927833,-0.0036843109253994707,-0.0795981611748846,-1.4259404241781866,-0.056823776842643704,-0.23685544735950406,-1.38637194402474,-0.07478613491331075,-0.3100194182214125,-1.27982626632269,-0.08339002736883983,0.06652281319498381,-0.9955534970443589,-0.06669295200673596,-0.3312817744956115,-1.0729532948809597,-0.10265525729222612,-0.36139870803203805,-0.8439816332863356,-0.09536345958317487,-0.25626947954442436,-0.7223724700637325,-0.10101614775943595,0.00399642499741438,-0.8765775308515601,-0.1284244157140848,-0.3783778962646988,-0.8819650491280827,-0.13991202146592582,-0.3570997346659673,-0.6860980517537745,-0.09708203581579132,-0.23990445176598843,-0.6215011660424561,-0.08952590154461024,-0.0797950161174023,-0.7556999818692808,-0.19230700000798262,-0.36847571063162604,-0.7256096402295794,-0.20076247409907827,-0.3492275594475449,-0.572722638638305,-0.17082823812916645,-0.25210601249152503,-0.5110601500039231,-0.1521041064874181,X
0.0,0.0,0.0,-0.04980123924101305,-0.344194254850806,0.08048313573982852,-0.09148930284285005,-0.6606726151091121,0.07073990403635767,-0.18844137971325525,-0.8791659155885352,0.027941904019538676,-0.28662839198413925,-1.01028492009552,-0.0067889664972059435,0.025185928616796967,-1.0564334356198757,0.004955009745400042,-0.14806592554728207,-1.443941676038483,-0.042559434990770924,-0.31322316407853495,-1.3687075865102911,-0.046473598268239526,-0.38516878023495377,-1.229857807904652,-0.044532105092988244,0.005937239740543661,-0.9971945557931589,-0.0746174716855768,-0.3977097029396443,-1.0552560607677244,-0.11182034009651785,-0.41974108457410053,-0.8180297452448617,-0.09676457741248884,-0.3048858784067376,-0.7140109663972727,-0.09545001590547257,-0.06201429575423641,-0.8639010053439643,-0.14940305498102713,-0.4454264163573517,-0.8584117403822358,-0.1603134259384339,-0.41394790972866036,-0.6504713161123601,-0.11095702385401712,-0.2892932654949845,-0.6010386606097844,-0.09846505623215475,-0.14700277240821782,-0.727700810728521,-0.22326620800494162,-0.42649381992404406,-0.6946970313312959,-0.23078793674573223,-0.4032218613012758,-0.5429581868181564,-0.19549964132462086,-0.30419989403107434,-0.5052857890835809,-0.17311531296148236,X
0.0,0.0,0.0,-0.05524370258835978,-0.3260405667029005,0.05426692703099764,-0.10488618137502802,-0.6476189604862428,0.039006009235390014,-0.190531472514761,-0.8937846543312324,-0.0030424507110005787,-0.25303720222321063,-1.0505386045453051,-0.03530144035827694,0.05092594734866235,-1.050924804395384,-0.005961749854557511,-0.11203728116913882,-1.416219816464142,-0.05915072309905024,-0.27283288062846384,-1.3509631799954491,-0.07297980987554292,-0.346264497325663,-1.2239461257322364,-0.07736595703983863,0.03957135352221505,-0.9967608247545663,-0.07001404298436587,-0.34711281859728976,-1.0669484233271291,-0.1088807210076199,-0.3673438716030045,-0.8404645255301887,-0.10084054513623955,-0.2562608382093987,-0.7284251228001705,-0.10461687614526817,-0.024974635821916502,-0.8713874876676697,-0.13223061057483365,-0.3995856869071465,-0.8829862125353086,-0.15079175838712736,-0.3693785242563623,-0.6822930695685637,-0.11019248020509041,-0.2471597208870111,-0.6214870889746553,-0.10102174916634812,-0.10998808066975096,-0.746439523537089,-0.19546277598813885,-0.3896016592937951,-0.7235532613207976,-0.20931200338610478,-0.36915363880314794,-0.572783173567019,-0.18116983928625668,-0.27383062040202416,-0.520316973019926,-0.16242742114507694,X
0.0,0.0,0.0,-0.033100829914964706,-0.3495488789689269,0.08854730523226842,-0.0670211000692661,-0.6763148180858889,0.08737336106126556,-0.14030182134906846,-0.9138330106054354,0.052105114318670306,-0.2190703654744504,-1.0616435635589418,0.02303614086155432,0.04730026725264952,-1.0463360059993487,0.01962885123197343,-0.12001836777219509,-1.428858831172489,-0.02968181704776808,-0.2700738207345747,-1.3607884932604313,-0.04254932901460153,-0.33322044536988404,-1.226592610856809,-0.04600383015983393,0.02580886883895597,-0.9979086362154677,-0.05926428988724003,-0.3639199759352373,-1.0786855831076831,-0.08933356125779186,-0.37848018881070783,-0.859202445455987,-0.07651937655308184,-0.2683881916666659,-0.750443788050942,-0.07900144376785322,-0.04405325019236363,-0.880267746855694,-0.13328578648333048,-0.4129724219990702,-0.8941022772117992,-0.1337699656418248,-0.38292986543737484,-0.7020840101763377,-0.08372341417772007,-0.26501939006499603,-0.6428523565682082,-0.07380610667176343,-0.13374481062580057,-0.760317119873633,-0.2067652823179192,-0.40871249402520743,-0.7448607558970312,-0.2054671715118134,-0.3788765096532068,-0.5974011151245052,-0.1697929359760393,-0.28114385688934934,-0.542480604505197,-0.14925484030262606,X
0.0,0.0,0.0,-0.022061266173711628,-0.33482782981520237,0.09228064501938432,-0.04956224027908687,-0.6439543179004761,0.10120461424910626,-0.13718358241880446,-0.8650249761847906,0.07649462206732055,-0.24027951296197436,-0.987169854428867,0.057371428377783786,0.02331274581225243,-1.0391026904225213,0.02853835923069461,-0.12946436600726927,-1.4233639271665444,-0.004070153109970861,-0.2923112724856437,-1.360491118591777,-0.0012945052427572408,-0.3732060861391398,-1.225285929186187,0.0045153242884631295,0.004822347517288591,-0.9989304267866088,-0.04598638281432984,-0.38791807111003057,-1.0533685496698157,-0.06573238741077775,-0.39906892538101035,-0.8358243794531366,-0.05063968262672394,-0.2838645995898581,-0.7258695180676901,-0.051897791111614265,-0.06240057479795522,-0.8760639886765418,-0.11366500315945677,-0.4377243227631541,-0.8595146640081751,-0.10994424673596588,-0.3978810671500085,-0.6701676567869287,-0.0677360301701094,-0.27534359826916727,-0.6164417833198286,-0.06244201623154853,-0.15197796487116644,-0.7492806443003808,-0.17960191958450752,-0.4284598432257046,-0.7102198932064233,-0.18185456353711038,-0.39332371831253615,-0.5637955341038317,-0.153522651176381,-0.290297111827459,-0.5100518931948701,-0.13692658998927504,X
0.0,0.0,0.0,-0.039195728479137326,-0.3507322346940478,0.1273982754202648,-0.06716260427968791,-0.6535970715570704,0.14411304542778544,-0.1334781133283188,-0.8850507180882771,0.11713316026612475,-0.20165048104184344,-1.0362924402616895,0.09493458256824264,0.050625674920215503,-1.0374072335587383,0.07094640506200635,-0.10263082743408242,-1.4220107703521014,0.042261979023985756,-0.2680866162102753,-1.3585724315950631,0.04191043695178472,-0.3474743876564875,-1.2302616519171563,0.04417537882802884,0.03495430012930868,-0.9990287639937053,-0.02682770239285587,-0.356857381928451,-1.0879495024111088,-0.04385515332900877,-0.38240578313843865,-0.8679954203938698,-0.02860360132302605,-0.275536880172973,-0.7505941845277687,-0.0304859239847508,-0.032072232462458834,-0.8893112838737268,-0.1170308067488673,-0.40821193697543384,-0.8962101033824438,-0.10916185487378109,-0.38241764985540844,-0.6862758251090968,-0.06013593112646161,-0.25990272543402226,-0.613770184423609,-0.05273931696790553,-0.11820282317938181,-0.7777033415601655,-0.20337531858424432,-0.4029310972354027,-0.7500903576301367,-0.2007966056424717,-0.376344264110264,-0.5838916746995167,-0.16556837271174743,-0.2725922014470635,-0.5141715103719564,-0.14581576083207493,X
0.0,0.0,0.0,-0.03432000248580376,-0.3563130809872325,0.09741334029905872,-0.07393793260819001,-0.6784572160398185,0.10448437363777954,-0.1611606495991206,-0.9109551449629383,0.07486251317184989,-0.2554399201668675,-1.050929902717142,0.05075568106874456,0.004099734516658271,-1.0358685003569035,0.041675544877400016,-0.18027079627679243,-1.4225653471668023,-0.0008893556386026752,-0.33544966769957574,-1.3421353898616528,-0.00878419848634132,-0.4018176611740388,-1.1851886285134914,-0.008561262310779381,-0.00922164643549598,-0.999177300483421,-0.03949282764860041,-0.40229678529828705,-1.0670588071010931,-0.07104605196784754,-0.4191964379338853,-0.8475933912297139,-0.058196933283176516,-0.3110142608010522,-0.7369856195071761,-0.05611019670380498,-0.0688587422076218,-0.887713107787115,-0.11539736649161045,-0.44517096791802135,-0.8785219329721768,-0.11804904825595647,-0.4158344152259829,-0.6841707214562699,-0.07103826658363781,-0.29680246540897987,-0.6276205999074888,-0.05975483795024156,-0.14968395011862476,-0.7671984609758339,-0.18965139431192488,-0.43655886873647276,-0.7277606809116701,-0.18981766753289583,-0.4079278335907667,-0.5712767360114281,-0.15316985909396388,-0.30817840948079706,-0.5178559273949577,-0.1293490046810309,X
0.0,0.0,0.0,-0.02064558357029827,-0.3495057085737446,0.0855478020471024,-0.06117617658002285,-0.6747012711228572,0.09096945324580465,-0.16058162675522653,-0.905277734325655,0.0634265395398574,-0.2697003448812956,-1.0335096779411508,0.04246311424997309,0.000794929403881337,-1.0385681289839683,0.026387918597032507,-0.17278444230656026,-1.4274021169813804,-0.0142072720034914,-0.32986473447733794,-1.3504568297669624,-0.017099284369108392,-0.40000779860517033,-1.1972301346982508,-0.012583541799803985,-0.01730046063800711,-0.9987554482754868,-0.046778719539382535,-0.4054591578407149,-1.0585891078841783,-0.07520918982821544,-0.41756164954316677,-0.8444693849761385,-0.061394599869493895,-0.30748840322146626,-0.7381667508364885,-0.058796058955710544,-0.07845502404158275,-0.8827469656336026,-0.11429369600895074,-0.4452328057977023,-0.8654349725917448,-0.11648993344994704,-0.4083845980482624,-0.6789351956134496,-0.06980970120806691,-0.29006681201993784,-0.6287152059223686,-0.05739617230753172,-0.16144728285964596,-0.7587664467299269,-0.18068728733486775,-0.43339398678328833,-0.7155763846168448,-0.18415144402998013,-0.39939742798598843,-0.5664385315595147,-0.14884735862303186,-0.29906313542372953,-0.51603353952974,-0.12412184444432751,X
0.0,0.0,0.0,-0.07234135579982796,-0.3515766022134045,0.08897759215493761,-0.1128532428999166,-0.6847404511833842,0.09388081090999906,-0.19785922671820627,-0.933027994802964,0.06381785873219217,-0.28067895234684104,-1.0900441457849515,0.04140463997114663,0.023561751233162263,-1.0380401401469037,0.03885345250845751,-0.14316892208264223,-1.4209876880214707,-0.006248163770372221,-0.3120847808801871,-1.3425391676846947,-0.015276216979235221,-0.3910757735823326,-1.1978678983027937,-0.014742157425010309,0.024094291117841594,-0.9989013986372574,-0.040192797066887075,-0.36923544044252943,-1.0814466699594638,-0.07170280987331154,-0.397614365350535,-0.8643239928916888,-0.057983243148275763,-0.2932713116358017,-0.7559590393660055,-0.054182723433186655,-0.027554449550883382,-0.8874230494443843,-0.11547528207193618,-0.40699618931115694,-0.8930381588879459,-0.12070276652408667,-0.379999627335674,-0.6955068629522033,-0.06920258100280287,-0.26070441583970805,-0.6388596212411569,-0.052413356289296144,-0.10444511988630456,-0.7711792549361021,-0.1898690558841202,-0.3926773662286466,-0.7424255179367757,-0.19246387673448084,-0.3685056414913451,-0.5844398773795907,-0.15292928613941195,-0.2703179447098682,-0.5282113095945926,-0.12470475171125302,X
0.0,0.0,0.0,-0.08240214578280591,-0.3519034945279211,0.10543983557841907,-0.12535320694290739,-0.6646604723358275,0.1172045033153834,-0.20762485582216814,-0.8880655366238243,0.08922065566330173,-0.2911859598562921,-1.0265041196029892,0.06548032390059551,0.008663356610426496,-1.0407794440878662,0.06901608002942225,-0.14687843453026678,-1.4131146066591032,0.03794445128921542,-0.32008324826931445,-1.3532576603755628,0.030276110090898617,-0.40758160991572584,-1.2129654879590241,0.02807522619017709,0.008579889679028294,-0.999848417897553,-0.01515013930152985,-0.37959393074834147,-1.0684068481251694,-0.03336830315582177,-0.4097653106911407,-0.8488961059397444,-0.022242603984623893,-0.3071829494477279,-0.7251203563852872,-0.024346277270992527,-0.04404154046635253,-0.8883168389510313,-0.09458471191947751,-0.41858853915576644,-0.881845785243513,-0.09131358390269735,-0.3915659135142827,-0.676372663338695,-0.048185568716005385,-0.27435332429011083,-0.6019453283280937,-0.04098896875288116,-0.12292695622328094,-0.7720267433817997,-0.1720762073837306,-0.4028046869940127,-0.726089128734864,-0.16933287999086732,-0.380228948063952,-0.563667288410026,-0.13459895416392897,-0.2851327291361465,-0.4990502102571284,-0.11368342584008184,X
0.0,0.0,0.0,-0.08712432252806539,-0.34901522880333397,0.09667218551932485,-0.12568910981393064,-0.6824230322375998,0.10749440817589492,-0.19666851029844626,-0.9244836894216327,0.08120436202096418,-0.2629710790111425,-1.0844130303638206,0.06075902691345656,0.044634410310975974,-1.0427646525633005,0.058719039377653846,-0.12893264288855996,-1.4150289509925005,0.026370497182738664,-0.301673467919412,-1.3422780455759526,0.020648238534157745,-0.38573588378399354,-1.209691036004748,0.01995254347756998,0.04664323938951446,-0.9986585397172184,-0.022483978053831975,-0.3510798715736567,-1.0794715087295785,-0.0442802876294515,-0.3794333429564647,-0.855990162741418,-0.03230200600518546,-0.27722297379096367,-0.7443242043361319,-0.032778611062842536,-0.0060346041852516645,-0.8845486837328931,-0.0996943839156897,-0.38539091342445464,-0.8987691156698387,-0.10086543749838327,-0.3558915993180017,-0.6896819043408386,-0.055263675219959105,-0.2363358112577555,-0.6239360810689041,-0.04485587598901157,-0.08341773680276088,-0.769945549123533,-0.17491279370646878,-0.36331145758902533,-0.7523725850739861,-0.1799773837580523,-0.3382078968841323,-0.5898731086598452,-0.14672812588698808,-0.2385824283084938,-0.5264001085903316,-0.12450697130219525,X
0.0,0.0,0.0,-0.10329869185283734,-0.3582737144361927,0.0704635730544121,-0.15648824936006972,-0.697127023354078,0.06722574715914797,-0.23290706777040152,-0.9331322220307584,0.03203939959333994,-0.3027179193050277,-1.0830938796507712,0.00326307165972781,0.030660718394848723,-1.0579432479632342,0.03213321794103267,-0.14887263132394468,-1.4409553255955772,-0.014807169578233829,-0.32852566929863264,-1.3695822485339455,-0.034061852992814425,-0.4191079065338541,-1.2275127717256151,-0.04178305597172875,0.03084673020343802,-0.9988037272735968,-0.03794197701921941,-0.37638821403132533,-1.0998606186535527,-0.07111594253287319,-0.4072019031930386,-0.8906011170087682,-0.06667449809284308,-0.30966587487804237,-0.7772066765018647,-0.07111594253287319,-0.02236954990026847,-0.8764443385881229,-0.10629832849387637,-0.40909083660886447,-0.8988513162214048,-0.11325854869230587,-0.3770042020759527,-0.7037130970182144,-0.0732543488933051,-0.25867811443872873,-0.6363816516937936,-0.06501110701329728,-0.10006928216689194,-0.7536614933362327,-0.17483788469714662,-0.3810940069275906,-0.7516662329627493,-0.17395690427829677,-0.3594330887723763,-0.5984654263972328,-0.1363965442819201,-0.2672551825196825,-0.5338781985553059,-0.11210280645601955,X
0.0,0.0,0.0,-0.13281698774454184,-0.377664203311184,0.06645266948425962,-0.1828293627029124,-0.7111595366612798,0.05682648292074518,-0.244564063833547,-0.9515090736411559,0.016115122181029805,-0.29436998695135863,-1.1158507284742716,-0.01728770897389122,0.030923747545123347,-1.0497527680411534,0.023196314810954716,-0.12506998744263348,-1.423761708065998,-0.024397643400830643,-0.290352577265727,-1.375097415397336,-0.04191163796704159,-0.381452913520085,-1.2506539011641757,-0.049009713227343786,0.0405071890873917,-0.9980638081093214,-0.04719960354238288,-0.3457917029878477,-1.0898638558579625,-0.08100030688167047,-0.3772703579197937,-0.8798134990427096,-0.07343236699064629,-0.2838078049954081,-0.7705292985090686,-0.07618968826049266,-0.004198891277200612,-0.8797010162388482,-0.11633309251909238,-0.37879708250484645,-0.9020088610483619,-0.12497482118200635,-0.3482371538211753,-0.7079994388576377,-0.08023143615999578,-0.2308845679896692,-0.6447841030875159,-0.06965871866480043,-0.07768578953216207,-0.7605026933889313,-0.18623052720536074,-0.3570438728208736,-0.757409649649555,-0.18813446979637824,-0.33187152817083904,-0.6050992986491028,-0.15170648398197464,-0.23234902253012232,-0.5438703811911563,-0.12827361666150255,X
0.0,0.0,0.0,-0.10627435224742474,-0.34856524523402427,0.04940066989329526,-0.16882666843684357,-0.6802971163483499,0.035115664630125866,-0.2547019467219717,-0.8962923497215238,-0.0075732353332476215,-0.3213955331559047,-1.042316398963179,-0.04287492214190619,0.031945742026619234,-1.0557755866848602,0.009127069949219581,-0.12550540813501773,-1.4369147174423635,-0.04910208044127223,-0.3052254437050442,-1.381949923049736,-0.0776340131108832,-0.4039696806474435,-1.2523733685421339,-0.09198843902636245,0.03719465250356546,-0.9978868645408132,-0.05327629305839054,-0.3609602140586601,-1.0941926924043897,-0.09637801512811844,-0.3921801542018057,-0.8689827860796127,-0.09601147923426324,-0.2966735007701851,-0.7363878148745163,-0.10427291323020088,-0.012240617070377454,-0.8797640342537218,-0.11665470906759572,-0.3976981501805288,-0.8982914743416155,-0.1348700583073964,-0.36785176633105304,-0.694614667804056,-0.09767776307523196,-0.2552671372061221,-0.6109481726306867,-0.09115276650569758,-0.08864275452793204,-0.761939131377314,-0.18191061746395046,-0.37462541541538824,-0.7470726328202207,-0.19374465474016042,-0.3569790005613748,-0.5883836576560046,-0.16295393608203412,-0.269077340467518,-0.5147534336580089,-0.1430306545716795,X
0.0,0.0,0.0,-0.12811315041530244,-0.3780903862298335,0.07550789470194712,-0.17504914177813755,-0.7119648541641559,0.07927787371515797,-0.22774043352013176,-0.9470542126628496,0.04751587344131962,-0.26837655819801126,-1.1134217093615784,0.020962555156085548,0.05801136817055189,-1.0484754153330804,0.06483419492830489,-0.09660416237471865,-1.433652864243733,0.011442722049343023,-0.27599167472664177,-1.36951230920336,-0.016288464153169577,-0.355840940986165,-1.2324225881829682,-0.028194373778217343,0.06327190780164173,-0.9979381756508234,-0.010773266071472411,-0.30814867138522495,-1.167913586951316,-0.0533738656159937,-0.3706358351569222,-0.9665728574882991,-0.05085478191907899,-0.29772942533261376,-0.8318758720850606,-0.05088403789524783,0.015429991655714953,-0.8956960241413772,-0.08914931745639433,-0.36203476014512903,-0.9491389966853785,-0.10748458223024374,-0.35733886229079653,-0.7455492781072027,-0.07156696904550328,-0.2542153822813824,-0.6489340818858491,-0.060379433952981426,-0.06152082101588568,-0.7914625698100595,-0.16818250049657238,-0.3592946882307792,-0.8125391324812181,-0.17096082691045347,-0.3601753271153324,-0.655430718835795,-0.13965080249499828,-0.27761985672071393,-0.572874252330022,-0.11862852788176236,X
0.0,0.0,0.0,-0.11827168417848409,-0.36023312109009603,0.0552817953672514,-0.17348980706317935,-0.6905385634045245,0.05145587677428017,-0.24140183929187578,-0.9180196655201294,0.016716803165620124,-0.29307865083744733,-1.0633551288091718,-0.010057978892731247,0.03214011801068731,-1.0499763822139858,0.04436078084881445,-0.12078122305265515,-1.4207849414128206,-0.007767324694573342,-0.28485187685624824,-1.3474517019834602,-0.03285033946788419,-0.35934434839992685,-1.2020074960926619,-0.04244457989483906,0.037233068769021965,-0.999157798974141,-0.017245038103499196,-0.3469993646305847,-1.0931546589643963,-0.055183205375588296,-0.38536027905372056,-0.8794732647724216,-0.05470701153241884,-0.29446042060984645,-0.7553388960371833,-0.05889736233381758,-0.00959614227420047,-0.8872564179319556,-0.08160849010897663,-0.3843645627418316,-0.9016680087248816,-0.09867694475817786,-0.3662334467576964,-0.706352593102179,-0.06695952007267189,-0.26043987087122494,-0.6257887553175601,-0.05916582182803266,-0.08616953612940953,-0.7741494906085659,-0.14780337675514205,-0.3706197428473875,-0.7674348550381258,-0.15052390345280087,-0.3615374964447724,-0.6157262561761322,-0.12032496145339391,-0.2773136911909899,-0.5431085514870826,-0.09928203360712444,X
0.0,0.0,0.0,-0.08836425427556889,-0.35364997520077956,0.050267038747960256,-0.13622857391181098,-0.6771987215869192,0.037225462253372824,-0.2067217652693296,-0.8960175835941456,-0.004938766220767575,-0.270125466554706,-1.0495808000375255,-0.039129581423902215,0.039414818979222666,-1.0482999898391088,0.014509312761700772,-0.11693057490956439,-1.4318947085894733,-0.04652681347152012,-0.292250989719188,-1.3643417436223075,-0.07756115848789544,-0.37753424732225,-1.2190743962866923,-0.0920346675125797,0.042923012997850236,-0.997940193465407,-0.04767583477415451,-0.3385355235619245,-1.1019549288463395,-0.0944620557638017,-0.3739233195348079,-0.8931626950338241,-0.0949853314662024,-0.2840358846777743,-0.7672483100486113,-0.10061890851117504,-0.003322819767593142,-0.8836572413466608,-0.11105174164947493,-0.37841240994882896,-0.8978804736318501,-0.12793639620051725,-0.3560230939867973,-0.7103976784488958,-0.0895205438924242,-0.24906277661188655,-0.6333508701177546,-0.0797106954820511,-0.07849876329358758,-0.7657002669568855,-0.1770426294978966,-0.3634379076601855,-0.7550201769358794,-0.18151952320877074,-0.34969433418144763,-0.6110088554724146,-0.1479975394003875,-0.26526859863040825,-0.5454536088415229,-0.12522688100502796,X
0.0,0.0,0.0,-0.07908840623997104,-0.36326129437973453,0.0902008364283785,-0.12396123309575766,-0.6851552273463248,0.09503163125214552,-0.2084727344115294,-0.9044951817677126,0.06408406025556032,-0.2845093658718759,-1.0512585685006632,0.03939925542677718,0.012944937401221383,-1.0407780370472828,0.049394413879809106,-0.14443600090809425,-1.432288136841702,0.012153375058254708,-0.3148027136689676,-1.372050716218958,0.0018634195312690202,-0.39854898897963476,-1.2295622595098372,7.971817713330585e-05,0.011506022332185282,-0.9996016560911006,-0.025770925284514405,-0.36797459098382124,-1.074415458351556,-0.05057626462065251,-0.3928074301200736,-0.874348227867635,-0.04441282989090654,-0.2927266607191918,-0.7713352604393111,-0.04940506250011612,-0.037501617003462794,-0.8911690985633522,-0.09667986800648562,-0.4008245337585551,-0.8832286968497539,-0.09116556203382595,-0.3659661580091966,-0.7015588428311207,-0.05187570913990599,-0.24853820087862225,-0.6464236081680614,-0.048085423611160395,-0.11118958824746047,-0.7820653788151063,-0.16670006487274666,-0.37789660852721263,-0.7637631257784463,-0.1548872857854527,-0.3556424538708802,-0.6146817269946688,-0.1166447432671678,-0.26616953622802025,-0.555596465466743,-0.09413684462341629,X
0.0,0.0,0.0,-0.07662853884086414,-0.3187600809642772,0.037934706158337446,-0.1370064173416337,-0.6351482328577776,0.020083169551967112,-0.23416338187224134,-0.8373395198118755,-0.023004980270433656,-0.31344654519462456,-0.9711659060649283,-0.057295774786766764,0.0150774003406728,-1.0452808953328598,-0.01671368236846543,-0.12596609764468977,-1.4554305881214924,-0.08179090929256506,-0.29202934758078575,-1.3885501306091133,-0.10312650169685132,-0.37378327035189485,-1.234770413259138,-0.10855599558542643,0.020679009514820428,-0.9970853418111393,-0.07343840760017573,-0.3701204668965818,-1.0990807859965737,-0.12559853627738612,-0.40179981189392355,-0.8811680644644269,-0.12008655058970863,-0.30458088352225166,-0.7518001129743399,-0.12044179045965912,-0.024283200632422376,-0.8758094782543526,-0.13097079155491523,-0.40813504956369046,-0.8884837727488704,-0.15736213651018757,-0.3769963488223767,-0.689271816391856,-0.116559112795991,-0.2578422986558949,-0.6087280980989919,-0.1034564396650339,-0.09852850882143507,-0.7439659349153562,-0.19035199726055382,-0.3973842451971028,-0.7313338070095375,-0.209166245898063,-0.37491748144015535,-0.5701993714349267,-0.1771057063652684,-0.2766044820785224,-0.4906429436763532,-0.15203885799822922,X
0.0,0.0,0.0,-0.08235495186242901,-0.3432595928096557,0.059760623161463085,-0.11427387001264007,-0.669004073204375,0.05640372788677963,-0.18588019061326955,-0.8946571468013503,0.02371143605243987,-0.24346056638215385,-1.0514423837192088,-0.0010588991920710239,0.028496925838758434,-1.0455479215623282,0.0077454674048591295,-0.0922063734010702,-1.4531191042763423,-0.041992812692557474,-0.2604484368830321,-1.406893406673974,-0.05486835737947312,-0.34959002248011956,-1.2718806829556635,-0.057894367208231164,0.0355295890061594,-0.9977805934581045,-0.05631638858668343,-0.3355955660570018,-1.0825640993320622,-0.0990931135594735,-0.36833998432779025,-0.8660951449180951,-0.09436678739358197,-0.26965665519477644,-0.7498281006238819,-0.09721209049329514,-0.007566538639543281,-0.8818131508758453,-0.11823140095847423,-0.37602399572378636,-0.8845638103153606,-0.1356399565986153,-0.34325690579878615,-0.6757832336900526,-0.09637488718084454,-0.21961838306034054,-0.6067678633203798,-0.08739477090119749,-0.07876468549527126,-0.7675626242701344,-0.18057752638085164,-0.3650913881865128,-0.7392061787183992,-0.18945618700790104,-0.3426006033939003,-0.5734786535957915,-0.15645839200902364,-0.24072443359515205,-0.5079050082736447,-0.13391264944721998,X
0.0,0.0,0.0,-0.08014896136659316,-0.34640216600331264,0.06540968752679217,-0.11883964756048321,-0.6774492168273674,0.06175275999371513,-0.19250661119788154,-0.90978515443372,0.02840034110715221,-0.24947044087450854,-1.0725623172374008,0.004750502922896549,0.024466957168626544,-1.043272811131278,0.010999570538400973,-0.09962759782681753,-1.4526318149108681,-0.037846313609780045,-0.2653234483940307,-1.4128463425959434,-0.04677076332735373,-0.3528132717767745,-1.2887896241210592,-0.04683514311506008,0.03505162075460124,-0.9977305822808082,-0.057489730074814435,-0.326911247099595,-1.0956092096136876,-0.1025185847298617,-0.3562033910459312,-0.8839461906241401,-0.09263638005350688,-0.25706395852359126,-0.7708370860620821,-0.08983287110991398,-0.007181849710791406,-0.8842695733477919,-0.12366495444870454,-0.3708767069625525,-0.8968683103691434,-0.14097218473051623,-0.34112821665931187,-0.6948707500837351,-0.09412906788421956,-0.21736899710098614,-0.6303668190223451,-0.07864783096976223,-0.07837765166334854,-0.769582875473155,-0.19005331322061195,-0.36300473230595115,-0.7506571962676479,-0.19871352811408274,-0.3387611672303901,-0.5910495633452848,-0.16355891824646535,-0.23595695032668154,-0.5301396071420372,-0.13854767984444813,X
0.0,0.0,0.0,-0.08355859411484293,-0.35758339142343293,0.07698020345617637,-0.10900878726398865,-0.6868243637073325,0.07772675163134983,-0.1730457068987549,-0.9214274774449281,0.04842154068553941,-0.2386296627964742,-1.0829140663650938,0.02690156848472973,0.01883912344238985,-1.0530910705512413,0.010495224451155343,-0.11403844212417029,-1.4577704410273127,-0.031169177720441813,-0.2847572124656947,-1.423682798934354,-0.03413297700740777,-0.3804968025024525,-1.300539137880812,-0.030901642774294514,0.026758196141326747,-0.9978981266485273,-0.05901972357290511,-0.34354356931186203,-1.0904559106947418,-0.09328217310498227,-0.3703447386827152,-0.885805052841594,-0.07939936815372202,-0.2701640142915284,-0.7735918241829948,-0.07852121446312373,-0.016682037511168913,-0.8737241292323983,-0.12355493056835642,-0.378681034637827,-0.9002215927494297,-0.12950519113870076,-0.3474171166545255,-0.7076172799218566,-0.08057118111019954,-0.22930634409031778,-0.6404702898064298,-0.06847644543700863,-0.08743690680573114,-0.7482465537902968,-0.187547451623904,-0.3600161867876554,-0.7429375303904411,-0.1893557736319284,-0.3320829068314156,-0.5909388348811926,-0.15280025555321783,-0.23137033554014869,-0.5261911125014073,-0.12954824946373122,X
0.0,0.0,0.0,-0.11005742656391652,-0.3637651468331353,0.10679527674832309,-0.13825987351280294,-0.6772618912234498,0.11581287907011721,-0.2012572764133516,-0.9008856453333048,0.08555518814061565,-0.25925057185928285,-1.056987482011097,0.06278214692696835,0.0033575760100117984,-1.0527439144608006,0.05008300932050822,-0.1149012725324286,-1.451979787930503,0.01012087049005422,-0.2924341466551135,-1.4047979723464676,0.0048741782352054565,-0.3906542666486759,-1.2868297732862628,0.005908159180315727,0.025527790835055485,-0.9989265243870172,-0.03865398777817992,-0.3419993731031379,-1.082521400741532,-0.0638496408323781,-0.36888747160278196,-0.8678643746553726,-0.047765527225368205,-0.2615875128499775,-0.7678666543438101,-0.04716924364172705,-0.0073058981565379665,-0.8778779514730644,-0.12284333647642552,-0.3806624779034446,-0.8899457349974137,-0.11886497062060825,-0.3477121886803248,-0.6844547637540994,-0.06520979955506508,-0.2222610633748411,-0.6265919414139565,-0.05323623242217534,-0.0693598604976194,-0.7600875464885226,-0.20521798502479227,-0.36084580045241504,-0.7520326833411582,-0.19891397648538628,-0.333622284790402,-0.59320146503941,-0.15821596359338438,-0.23002314929851883,-0.5338867570426182,-0.1345789263667045,X
0.0,0.0,0.0,-0.14054617272731285,-0.3609660036854469,0.07610371162127455,-0.16954020853909202,-0.6741591026205052,0.07707216063215451,-0.20524864454103017,-0.9008723419631401,0.04652044658617348,-0.2366960994819226,-1.0698392250098863,0.026833969094579586,0.007077144247004948,-1.0425886016269426,0.02601524502392808,-0.11220774483718525,-1.4354153968849037,-0.02100029198262545,-0.2838126265166226,-1.3983133343113505,-0.029287948044655038,-0.37700834035460834,-1.2776531654134309,-0.0293813069548289,0.03437626465429002,-0.9983623946037821,-0.0457252826062404,-0.3285537402179753,-1.0692396409876062,-0.07919284816599342,-0.35737311831598895,-0.8587594761700078,-0.06367528116112525,-0.25300692320471274,-0.7581027474584845,-0.05978445342453319,0.008330711070191534,-0.8852400489177749,-0.11590149252863648,-0.36331866532836243,-0.8800403467947427,-0.12295338325458889,-0.3345228942474885,-0.6824560282857323,-0.07016164055935818,-0.2137105627282228,-0.6292130526399251,-0.054305310720218505,-0.04757857452234013,-0.7697844575051228,-0.18693339267284373,-0.3397739159729982,-0.7421421800226041,-0.19168509604941394,-0.3176991310979346,-0.5895991948894403,-0.15751816191531337,-0.218176822199179,-0.538299521524119,-0.13483073859408928,X
0.0,0.0,0.0,-0.13942722719724635,-0.36246024324634474,0.07220553271075336,-0.16428738233099105,-0.6827437223387454,0.07763560542614174,-0.19930808440322934,-0.9091828452073624,0.05256917395348791,-0.2297384097658449,-1.0800729903493695,0.03829758997964059,0.015131949612758473,-1.043906941332568,0.037925667489789254,-0.11445580131111532,-1.4515528407841507,-0.0063241532796480815,-0.2813175961320237,-1.413798805406234,-0.014807292944111563,-0.36061864684096706,-1.2881787949701002,-0.014503411973899611,0.033900576498215824,-0.9990111563461934,-0.02876561156885082,-0.3199837898659734,-1.0923174857554971,-0.0616638567660116,-0.3515006413989497,-0.8886934052273531,-0.048315211865946804,-0.24899200258935,-0.7912386403555516,-0.044767221201013896,0.001115500201570326,-0.8890656168029827,-0.09500944856890597,-0.36270023898678583,-0.8961949739041157,-0.10329079613305374,-0.34070903656986345,-0.7022440307834239,-0.05589356827075335,-0.22302350349065905,-0.650667375281417,-0.04200388024610728,-0.06000417138098054,-0.7735795792315373,-0.16206680022122413,-0.3474712438237108,-0.7484912099664277,-0.16413759255872304,-0.3265101031247617,-0.5943196044594408,-0.13102344937524088,-0.22708379506303109,-0.5391271294963588,-0.10903441782887979,X
0.0,0.0,0.0,-0.14424690775205903,-0.3573381724130918,0.039112801282117776,-0.18433789447190999,-0.6768605010724401,0.02480420664473602,-0.22472956609862693,-0.9008192601818685,-0.014556646211011683,-0.27672171429590275,-1.0571558157367236,-0.043466417098460795,0.008062256478246944,-1.054305461358906,0.005568218488171844,-0.1449365963517119,-1.447385808941758,-0.05211646004775209,-0.3158010908971403,-1.4256767961584726,-0.07087924608692432,-0.3994933942862318,-1.317000803515549,-0.07800923352307408,0.01080487834320725,-0.9985984554974764,-0.05181099576386163,-0.3728612244115958,-1.075088995347309,-0.09429968599413689,-0.4075232945529184,-0.8487808107015713,-0.08576005007202092,-0.30470737640059625,-0.7468962045766381,-0.08687316641137248,-0.033310036219391784,-0.8776453768853519,-0.11203301472969253,-0.40823886812181953,-0.8788038204034685,-0.132309706892855,-0.38809808344024255,-0.6674963400141163,-0.08713224396449964,-0.2708206704613678,-0.6107131027552106,-0.07546762462243213,-0.09707920741481044,-0.7518726810588697,-0.17600450339162096,-0.38261675891341235,-0.7214055253881463,-0.1939328637495692,-0.36333719632488676,-0.5609805118559386,-0.1667346652472083,-0.2619714744602713,-0.5084387637834272,-0.14814172653266316,X
0.0,0.0,0.0,-0.10483506758062186,-0.3585265891361287,0.06552097842538172,-0.13914650367954134,-0.7037861318826322,0.07312997630154067,-0.176192560670505,-0.9496581033656126,0.04964911510131526,-0.21668690080872796,-1.1307581193856184,0.035517814816968696,0.0034123260758592857,-1.0451316617951716,0.04814066779929352,-0.12102045837473037,-1.444849687388272,0.004967916781284401,-0.2808391104625012,-1.4078984457701071,-0.005450450357584368,-0.3584197452668259,-1.2796625161223703,-0.007519510272387301,0.01360743999887858,-0.999776182439894,-0.01619946303395939,-0.33519464478919697,-1.109707394382792,-0.054612945512170614,-0.37310598301977904,-0.8976074173156563,-0.047958934277716504,-0.2826871327083113,-0.7817615239636839,-0.04773275252695027,-0.020819914849268498,-0.8939796912596961,-0.08167328501347322,-0.3667980853513232,-0.9138053074726801,-0.09635755903946149,-0.34540910704111244,-0.708846062337284,-0.05803186906854124,-0.2373288281545665,-0.6355701738761365,-0.04899439091894284,-0.07392645461726309,-0.778383956390178,-0.1482458068790664,-0.33735908926332697,-0.7595216472424148,-0.154483395631124,-0.3177755839977697,-0.6023437852127491,-0.12797382000978333,-0.22385494299231645,-0.542301811268294,-0.11132862816514741,X
0.0,0.0,0.0,-0.09955819670227153,-0.36231280185329573,0.0509950165490248,-0.13881144415387597,-0.7051683241745043,0.054014747092862435,-0.18203318755632233,-0.945400494190054,0.02967096515161978,-0.224096589263469,-1.1002754814293874,0.014890754948447112,-0.006225219333550394,-1.0509205144769262,0.0413646228619822,-0.1337582716602861,-1.4369000025591419,-0.0016250940474285334,-0.29097452589345424,-1.4000211285914432,-0.017449237432629994,-0.3732353738621801,-1.2813635279470397,-0.023406811619350033,0.0030878547492316326,-0.9999226433082521,-0.012048757300475842,-0.34163961901833345,-1.0955729893248056,-0.04464836982375575,-0.36074356278963454,-0.8978215426713239,-0.040000636731737656,-0.2611294319657161,-0.795714788662223,-0.043405851237020864,-0.03308464749693395,-0.8842923378051101,-0.06771865740990127,-0.3735802295647074,-0.9076896751128681,-0.07627212920343077,-0.34167251136551935,-0.7271155715199958,-0.043170759823939,-0.23344957958007562,-0.6669511000021019,-0.03895525273166079,-0.09218748424654093,-0.7605887598680634,-0.12599859123335366,-0.3478603841798691,-0.7389797726242311,-0.1279183607860033,-0.32088994434473306,-0.5967285084748034,-0.10431096001488574,-0.22802422675179096,-0.5432087193742343,-0.09061196125489784,X
0.0,0.0,0.0,-0.12257242549421651,-0.384142132767251,0.06666761359954598,-0.1634975748445915,-0.7377470895155674,0.0705465161290469,-0.20792943109671108,-0.9703303765748011,0.045924284180333265,-0.24388065527618136,-1.1378120885114726,0.027535961182805838,-0.030198181887704862,-1.0548734223405152,0.034105066621642,-0.17426031982775486,-1.4261210307859478,-0.01429974359170873,-0.33921644475364343,-1.3765308379152503,-0.03463121989255309,-0.42321373461292566,-1.241003805659812,-0.04092521393883731,-0.016423666533326133,-0.9995199043277443,-0.02627211507014815,-0.3811986031298981,-1.0627885826284562,-0.05909834864152733,-0.4043832012496458,-0.8768558679853289,-0.05525153221673246,-0.3109556878355483,-0.7723035852714376,-0.06041192434309403,-0.049606424477382095,-0.8834010296797494,-0.08606255817318369,-0.39262573921808863,-0.8853274069589455,-0.08489734020653654,-0.36458262180114137,-0.7258992063870867,-0.04360663977682233,-0.267099841165147,-0.6624392330777517,-0.03622787672679944,-0.11434453058533675,-0.7580726303385094,-0.14719363054082518,-0.3771946651773075,-0.7497969754141492,-0.13374329054063092,-0.36103444356922876,-0.6256900257214837,-0.09714105995798078,-0.28597099603625536,-0.5713933467701245,-0.07611373584707344,X
0.0,0.0,0.0,-0.16270665158442554,-0.3870552122295401,0.028842852072608827,-0.20704495874827256,-0.7094134480714088,0.013312658379661457,-0.24127768074283976,-0.9228351774934825,-0.025924258084122086,-0.28230193067447484,-1.0732047342514508,-0.05817376910253831,0.004188826088220882,-1.0518803429711199,0.0052831575981341266,-0.13200972414566883,-1.4244074929061035,-0.0535430576031505,-0.3082923189394796,-1.3990143017552172,-0.09174718041534503,-0.4050401629553306,-1.2852047308981978,-0.11469278137663974,0.020582095805301136,-0.9988604950293636,-0.043059131458449806,-0.34643842907980243,-1.063124310133726,-0.0797869290149725,-0.37740719367449443,-0.8717490852807834,-0.08971132460650127,-0.28054696955558467,-0.7707640046022531,-0.108339293566358,-0.01737215020337545,-0.8764715390419148,-0.09441517430389441,-0.38994250957671867,-0.8682669024355303,-0.10487997127015464,-0.3721052800069663,-0.6960924938933309,-0.07745617545744751,-0.2643575665919172,-0.6431397717251581,-0.08073543064330577,-0.08636553173361983,-0.750413514942892,-0.15117127169850145,-0.3745321212198558,-0.7211504118095379,-0.15070977089157714,-0.36837957730231596,-0.594734353948634,-0.12493314042940393,-0.2897593818488135,-0.5518177795601137,-0.11311210277121551,X
0.0,0.0,0.0,-0.14435030949849947,-0.36714453625661997,0.02556574578195075,-0.18659955207409293,-0.6731658614402096,0.0035176379240013478,-0.23459474096139463,-0.8907975672292727,-0.04168449669548361,-0.2849838323735377,-1.04881027482175,-0.07933991351473445,0.01388307521659053,-1.0545106169458356,0.0021217930750353107,-0.1330301352276829,-1.4355586279065513,-0.05353751974624877,-0.3104675974802396,-1.414895941680263,-0.08179600614384536,-0.4110870722917347,-1.306776663285745,-0.09795325022666988,0.022456209167752216,-0.9986792142604516,-0.04621196461892884,-0.36721697710336093,-1.0874075558119547,-0.08236187092766879,-0.3987714483628551,-0.8789396624678171,-0.08762649133169008,-0.29781683263774555,-0.7703544597786786,-0.10351622446850445,-0.02331452893758531,-0.8784198835261826,-0.09765520238116919,-0.4113834541790891,-0.8898573775162518,-0.1122065308092867,-0.38641647608918755,-0.6981292129545547,-0.08204779248490353,-0.26962401559034305,-0.6388502968807792,-0.08377157751172087,-0.09559381173750087,-0.7587996460693568,-0.15379999785987722,-0.3899152148573146,-0.7390025327640145,-0.16321155074750573,-0.37423707540464873,-0.5892447271176166,-0.13963222512905332,-0.2812783787986905,-0.5346000306187062,-0.12778398745806546,X
0.0,0.0,0.0,-0.07573193233461367,-0.3366364013586406,0.036285373122922265,-0.11491507629279958,-0.6414630748803702,0.022143570871120368,-0.2059346867330997,-0.8577687030136806,-0.014825973920179402,-0.3099733951829254,-0.992433725315089,-0.04456617041906099,-0.015421634932601744,-1.050319770890526,0.0030740834178365137,-0.19235659885218112,-1.419082455123745,-0.045491457536926995,-0.37265573213243336,-1.402072350872556,-0.060841578054006945,-0.4729087608170094,-1.2896737906185294,-0.06806727854423326,-0.021443129417400033,-0.9986667712153039,-0.046956067458725735,-0.4302605938352353,-1.0606427464816757,-0.08283733366969138,-0.4504095150041236,-0.8494038326540043,-0.0824877659467887,-0.34363168862699467,-0.7499107773365353,-0.09264569017559644,-0.07005893792329607,-0.873971205876089,-0.09726145831858281,-0.46730235877642057,-0.8566583476147895,-0.1125490821370105,-0.42802033962430475,-0.6716452465723965,-0.08237583768308909,-0.31242467000052043,-0.6256256719287835,-0.08285058579274311,-0.14550616374537362,-0.740188484231496,-0.1499904616217449,-0.44004209624381385,-0.7002832473489727,-0.16481246362190557,-0.41427306851746215,-0.5516077693103196,-0.14284731998823644,-0.3226724637702239,-0.505533762641937,-0.13060899339783538,X
0.0,0.0,0.0,-0.12932613099319115,-0.3091798718908476,0.0013035521646483175,-0.19743344947802738,-0.5985962846553056,-0.033275928374678944,-0.28190454469912696,-0.8065883731315897,-0.08428694529753919,-0.3617773007070418,-0.957673202087132,-0.12259435014029119,0.006297501933101,-1.0445924443999732,-0.03924983680548672,-0.16957494680231422,-1.4287058254194116,-0.11611847448153997,-0.3740448098388557,-1.4180635774068935,-0.14932822806955612,-0.49596000899242215,-1.3302755737635943,-0.16514622374050256,-0.0012969313385728953,-0.9969975172229562,-0.07742266218856357,-0.42781881894063484,-1.0610204153232163,-0.13153688743373598,-0.4587932448238658,-0.836047555250121,-0.13437536649655143,-0.34592358071008916,-0.7479969295345602,-0.14361118771985984,-0.05496348041515604,-0.8779341056831643,-0.12041362663723565,-0.4686499229970198,-0.8585474612153057,-0.1547478092577153,-0.43253275988077894,-0.652894755045669,-0.12177223397618515,-0.30771812328196435,-0.6079615380604917,-0.11600835274615211,-0.1294735166712648,-0.7504511307122284,-0.16939414358789207,-0.4334094541514167,-0.6933316650416821,-0.2064071026596768,-0.40881838340257254,-0.5305283177289918,-0.1900618665615634,-0.3061349798121748,-0.48150921902815275,-0.17571142568104614,X
0.0,0.0,0.0,-0.17091944914657162,-0.3443959863381232,0.006987006021174978,-0.23322041571132598,-0.6258557566250031,-0.02701935380369353,-0.29489051631015906,-0.835244053997786,-0.07946521207215058,-0.3487140119513487,-1.0052455423666744,-0.1196537734342106,0.013089708123120717,-1.0461859742013824,-0.02513689279724228,-0.1451850891650159,-1.4114269932508037,-0.09482777560956583,-0.3400645007382137,-1.411196574781439,-0.12570420505386964,-0.46054561510920816,-1.33019973828343,-0.14177662817637562,0.02182735388507936,-0.9972777459580446,-0.0704319816505072,-0.39883260757964295,-1.0629737234169812,-0.11799646744926588,-0.4388364615669631,-0.8410531985956143,-0.12247794680883223,-0.33151318038579264,-0.7517692391083344,-0.13476960922720838,-0.020717137052384763,-0.8753686352986205,-0.12038459656178042,-0.43919585868267513,-0.8610053339527097,-0.15175321156322533,-0.41068673018183605,-0.6521725575629159,-0.11730736512333345,-0.28611723510452747,-0.6060855631568779,-0.11211523972351574,-0.09076837426395606,-0.7459761846095305,-0.17605697092942596,-0.4070928105955459,-0.7042401180063901,-0.20997011647869546,-0.38987573421847466,-0.5437279718205563,-0.18967339772686506,-0.2874953108293168,-0.4961456296218385,-0.1737221015918076,X
0.0,0.0,0.0,-0.14961880471718203,-0.32147959269743065,0.006496084434489324,-0.20873637891079944,-0.6301287483488739,-0.02406509929957931,-0.2835799552498877,-0.8431041936205166,-0.06987124000417734,-0.3540073576412185,-1.0068860606824541,-0.10096290472813997,-0.013126860340160562,-1.0507763276035673,-0.03505241555449405,-0.18477535379569748,-1.4103681721545054,-0.10153579205915587,-0.3687479122741903,-1.3938672043608151,-0.11634887976617847,-0.4788850534950359,-1.3146756954078795,-0.11870969670983822,-0.007360147743483576,-0.9968734575915428,-0.07867107330319352,-0.4266875770682646,-1.066144489254346,-0.13197707821863489,-0.4586370500207044,-0.8346902504035394,-0.1233247434980794,-0.3483841650999217,-0.7541206930139518,-0.11999004808056003,-0.04797664329733217,-0.8708675405594357,-0.1261304886074804,-0.45960783630912116,-0.8581383992434714,-0.15700644007584302,-0.4150474714771336,-0.6479719378789133,-0.11332261651819413,-0.2851812274873856,-0.6124623465244959,-0.099391314805216,-0.11150292754281069,-0.7325415037064894,-0.1788859978795952,-0.4169739030080058,-0.6906067775102446,-0.21321050916305453,-0.38241313276265293,-0.5232849978787921,-0.1891013390427937,-0.2731243166239803,-0.47579158852721254,-0.16804201008451866,X
0.0,0.0,0.0,-0.11646128044310305,-0.30182538468341663,-0.01235486911478864,-0.16792683393841376,-0.5898703276397261,-0.0461149538329406,-0.2282494852249373,-0.8071962844814483,-0.09173111438642231,-0.30050596541829744,-0.9498857006106963,-0.12623835220699955,0.027484705933506964,-1.0353484716348496,-0.04033348819665155,-0.15761498131366478,-1.3999904755606545,-0.10049998774079973,-0.3534662079925218,-1.4078408612713478,-0.12726613357487487,-0.47599436666116934,-1.3421232420983862,-0.14311358260805432,0.02954139646566108,-0.9971684622994123,-0.06915463607224266,-0.38978073954966674,-1.0720582445679392,-0.10423129573376047,-0.41012264948871474,-0.849697189419433,-0.10554653061790542,-0.29969354190001285,-0.7594080649500843,-0.11841399552466368,-0.018367599807820406,-0.8851356282249698,-0.10268318370816629,-0.4282705340517492,-0.872266856099653,-0.1252773415125572,-0.384928549314137,-0.6702047008364441,-0.09532420324061634,-0.25712261105806694,-0.6257883874975769,-0.09515174650989643,-0.09484675478968002,-0.7598392932839946,-0.1432083815852873,-0.4039794399520442,-0.729969913118814,-0.177979203367572,-0.37505305137058687,-0.5714858108858536,-0.16353072169356137,-0.271079501658845,-0.5172205540823908,-0.1525619276637886,X
0.0,0.0,0.0,-0.16665751036409504,-0.32141370084379894,-0.0036963943832709744,-0.23182176964538467,-0.6118684820974777,-0.03633177462595351,-0.28249423441981086,-0.8258819877368092,-0.08371664706299774,-0.32603087213179155,-0.9922329669307346,-0.11967102290599517,0.03372165536255202,-1.0318650012294193,-0.03176795355287096,-0.14636826945747736,-1.4016266301334177,-0.08726783538966816,-0.34346161880195164,-1.4148671113201525,-0.1027373615451517,-0.46562516702702533,-1.349418282864247,-0.11066518656692377,0.049162083174992925,-0.9963628629477089,-0.06959981980249628,-0.3904897974658302,-1.0789971090523518,-0.10439715106872091,-0.4323725199676258,-0.8525471810682415,-0.0961072913974947,-0.3264802603583475,-0.761674064072334,-0.09915388726352474,0.005525159289002592,-0.8884974065104203,-0.11251098300366487,-0.42668139668852634,-0.8809647542913461,-0.1364533182382413,-0.3952922926072988,-0.6723913702615508,-0.09191411152603382,-0.26888065952187984,-0.624673054102321,-0.07971286338186617,-0.07013349905250756,-0.7657525419575378,-0.1626500106822951,-0.39434256640620796,-0.7364539908653956,-0.2070378578712357,-0.3717849427976918,-0.5721757660764811,-0.18950561503560476,-0.2644066055034911,-0.5164624508533916,-0.17182328121614204,X
0.0,0.0,0.0,-0.1963930353386212,-0.30620710311731425,-0.013667509243231662,-0.26382239955348846,-0.6043796288146954,-0.0430669592417154,-0.2994867700636528,-0.8325697178466531,-0.08519394568214535,-0.3275167213006054,-0.9939267799691008,-0.11341064231849451,0.026335236569328534,-1.0235012588128298,-0.02787745370198101,-0.1495534995286773,-1.375212566938339,-0.08676000350779857,-0.3521966188930479,-1.3883431763770637,-0.11016814563249629,-0.48342046542354866,-1.3309114721747426,-0.12434869280301022,0.055830964031581415,-0.9966624222207018,-0.05955602058959014,-0.38666600173962656,-1.0374351968929225,-0.09581789165553826,-0.4233931931481536,-0.8021245628686546,-0.0931214233749482,-0.31483694200405987,-0.7066391583321247,-0.10121827839864081,0.022649736466564152,-0.8925421223562657,-0.09867203079885296,-0.41334948724589204,-0.8452859142779385,-0.1268808401938709,-0.38083345065309626,-0.6307006643152332,-0.09046802225610284,-0.25454781062687165,-0.582310522410735,-0.08390591143242022,-0.04431766267718564,-0.7709164231947165,-0.14644876990907765,-0.37660293074355944,-0.7021322555004404,-0.19329299906467307,-0.36440437402808246,-0.5323341641558514,-0.18223953800026885,-0.26523701965598573,-0.4781293300846659,-0.17036899100910563,X
0.0,0.0,0.0,-0.21059173151455457,-0.3040919189729442,-0.01601661615190773,-0.2732002513501302,-0.6082945572673494,-0.04820309264345836,-0.3039879296494543,-0.8446171334443819,-0.08979447332095529,-0.33388746531329405,-1.0113895225236502,-0.11660567261742459,0.017279486887662163,-1.0311663814003846,-0.04379420448668436,-0.16805988111049305,-1.3967880666631403,-0.10640368090463294,-0.3631708805177095,-1.3953348212947871,-0.12427164234271486,-0.4819620204324783,-1.3223816432874123,-0.13244347453647445,0.05330787973614123,-0.9956773653247878,-0.07605822860102666,-0.39607145253491477,-1.058559209916676,-0.12308583298244961,-0.4452369642456298,-0.8136458998778121,-0.11648565884312033,-0.34359548738669243,-0.7141934634073489,-0.11784114284981573,0.02551852408132329,-0.8871007883791016,-0.11491218260375426,-0.4138358791957408,-0.862704979927064,-0.15135041333271496,-0.39244425499934543,-0.6355888238778696,-0.10979474506380692,-0.2689534055336195,-0.5836275950260866,-0.09771913412753418,-0.035378079657427126,-0.7606219826367121,-0.1615087346856877,-0.36957175987840896,-0.7105909606223996,-0.21397832261809058,-0.36005282903832936,-0.5266175651156811,-0.19987166342313437,-0.26009553417167475,-0.4668968656998594,-0.1839726809378507,X
0.0,0.0,0.0,-0.18605078844693296,-0.2779354390187275,-0.025716588817099335,-0.22754619126527748,-0.5764179035880157,-0.058920039298783256,-0.24121420069395846,-0.8034890881055513,-0.09919340300425426,-0.2558762120391272,-0.9758341302871796,-0.12260789533272619,-0.004428508709923166,-1.0292740375531069,-0.0548656666018091,-0.191347585394712,-1.3928702770648183,-0.12028281743647523,-0.38193634211081084,-1.3936693432138072,-0.1320715153515223,-0.4949861862632196,-1.3263250029644482,-0.13361130900071383,0.025321644704818236,-0.9964552655289408,-0.08022292757741287,-0.4201519364328428,-1.0383257634101108,-0.132356644431855,-0.44975415462810925,-0.7803752756735584,-0.11883961076596128,-0.33282730517330145,-0.686809517229282,-0.11160848836200053,-0.001900822647161138,-0.8842604676220186,-0.1126767136348595,-0.4394647855615368,-0.8403727539590409,-0.15296514863153854,-0.4015333541658878,-0.6119239475744005,-0.10720848829766674,-0.27385747369479047,-0.5651925586745229,-0.08936236032164495,-0.06277841034823704,-0.7522667883171168,-0.15365384589992037,-0.386440665489493,-0.682021258254558,-0.20714375163274482,-0.3558631432982949,-0.49476311836600895,-0.19106153660595285,-0.25119047904824215,-0.4333998393911592,-0.17148273939445705,X
0.0,0.0,0.0,-0.17686086472903262,-0.30765068465109474,-0.002305834324717651,-0.2109917961903268,-0.6232545204226081,-0.03520952300408197,-0.23483747846758596,-0.8459686601049002,-0.08111621561287642,-0.2674547577302561,-1.0175019825928235,-0.11274797979501125,-4.306381351520923e-05,-1.063635464094186,-0.053627935738354116,-0.17686331551516762,-1.4312187232277769,-0.13699182729113363,-0.37400280165400046,-1.4121228978883742,-0.16110457231704556,-0.49506393425287865,-1.322547714990604,-0.1667820663950167,0.03640817859712689,-0.9946842300430494,-0.09632095844054749,-0.4088976781648083,-1.0525087783371303,-0.16916885491827682,-0.4452667608878767,-0.8072219647185652,-0.16729791311239858,-0.3397447794259907,-0.7066090245892097,-0.1659572163924454,0.01537436494543803,-0.8532458610684622,-0.14395427729249913,-0.4287967778359867,-0.8553250613437656,-0.19733137815216886,-0.3992493999676731,-0.629884713846527,-0.15190242472455878,-0.2786934794249124,-0.5732517144304685,-0.13075078369422413,-0.03809583661133676,-0.6995593966238989,-0.19688006880300896,-0.36535572794506843,-0.6865870354989758,-0.23851745184757772,-0.34962541548954534,-0.5138563289279466,-0.20763213439371286,-0.25576940943851934,-0.45041714630265506,-0.1796219683645474,X
0.0,0.0,0.0,-0.2281907554490181,-0.32662697270659447,-0.026349985535221502,-0.2858282360322597,-0.6590382970780442,-0.06239171735097651,-0.3108646743489115,-0.8939177335187167,-0.10495809499146043,-0.34467017061218863,-1.082422155273125,-0.12960106914674044,-0.028401454333867104,-1.0598634234963795,-0.06993788188211135,-0.1940948430215482,-1.3849518976955129,-0.1474356390557196,-0.3749853991489721,-1.386968510143942,-0.1602275391917235,-0.49045357156460045,-1.3331082375666317,-0.15865982527360517,0.012361684486251705,-0.9950007770882492,-0.09909915413585853,-0.4051146079223106,-0.9989906133547162,-0.16751387759184963,-0.4362946126145422,-0.7588839256747634,-0.15048172766439322,-0.3312375540470832,-0.6776405131387333,-0.13429961134669963,-0.0024235306809650315,-0.8542835380954332,-0.13603135106782985,-0.4218053270838884,-0.7884171999997458,-0.1872138289978876,-0.37949985429726824,-0.5739237077896002,-0.12873864520640665,-0.24943092832263306,-0.5345776512267044,-0.09540075282739179,-0.049100827482827535,-0.7007537084629635,-0.18139946786249597,-0.367787920544029,-0.6349372313347974,-0.23732682812849357,-0.3372177538391737,-0.4612419963666066,-0.2102710655740132,-0.22940695553901574,-0.40947120995948744,-0.17860154543952653,X
0.0,0.0,0.0,-0.25076066538723796,-0.3567745996212216,-0.042305394926802006,-0.31193214431366917,-0.699779174240838,-0.08778718733122921,-0.33601724787279347,-0.9524186896967433,-0.13936773708687003,-0.36304864628319605,-1.1431527547988114,-0.17343947587560193,0.008044362387779103,-1.07483933528976,-0.08961741115812716,-0.14111597176780577,-1.4261034368716026,-0.18095674852636165,-0.33580703398767,-1.4115659280840935,-0.20194218107074127,-0.46043124409267894,-1.3357178133060859,-0.20140741141823276,0.06151218790449371,-0.9916647080758897,-0.11321376902109873,-0.3605849801705891,-1.0468732721232195,-0.18846232676035385,-0.4259065330984352,-0.8026423120722548,-0.16944547552863112,-0.33038158625205466,-0.707908459991629,-0.1480129259209204,0.04674935928238665,-0.8378978209751072,-0.14694324380755752,-0.39119191873936965,-0.8089329879727263,-0.20537046995693134,-0.38160636868294046,-0.599162379954799,-0.14424872007005154,-0.25998265713026514,-0.5501937155071863,-0.10441944860497306,-0.006331296941075106,-0.6807461856660317,-0.19075267114385425,-0.3363027376237855,-0.6439353986710697,-0.2389857774046625,-0.33491832178371483,-0.48180336990249184,-0.2030081342995175,-0.24271884181449657,-0.4263919545336479,-0.1641292127072319,X
0.0,0.0,0.0,-0.2230786991657737,-0.3409611592974167,-0.020313984834443938,-0.2901407763967256,-0.6663807462961551,-0.061718787915086226,-0.3350554705615447,-0.8850392609730889,-0.11294529194702982,-0.3695320940423021,-1.058842516482943,-0.14733829248658115,0.009022628066381457,-1.0669424810813,-0.07490857697356453,-0.13367561175547168,-1.390000731683367,-0.16514809458983817,-0.3219932396966294,-1.393483054149667,-0.19380879965875195,-0.4493336490943124,-1.3475972588471483,-0.20042412496846398,0.06879125261216694,-0.9914528671542634,-0.11085565288085063,-0.34902294216125934,-1.0113624793075904,-0.17110812124724004,-0.3818441588546694,-0.7711949208541734,-0.14951761692551854,-0.28271201950672636,-0.6690119497095889,-0.13036915270711819,0.05600284285949779,-0.827984875845895,-0.1547831128894829,-0.3785869726999725,-0.7911514878913692,-0.1994657201842315,-0.3524606574878839,-0.5909029946555695,-0.1295661315188467,-0.23700638267968357,-0.5399534858242389,-0.085759696178818,3.867599644992942e-05,-0.6526938919102993,-0.20748731337444687,-0.3329997116064729,-0.6248377834895762,-0.25285573999602046,-0.3161390777675294,-0.4842837755092427,-0.21189718014538395,-0.2182407397759843,-0.43361204188564184,-0.16822022598676092,X
0.0,0.0,0.0,-0.22317530936282926,-0.31013103509396495,-0.031070545370526125,-0.2688635901212977,-0.6345248665846616,-0.07716386876161309,-0.2541119677957323,-0.8580907702274205,-0.12866081603549243,-0.2326413555631495,-1.034258256933515,-0.15844639950501194,-0.0036994642635424036,-1.0613111981636605,-0.09658621906432115,-0.15822374737627032,-1.3926550560093556,-0.2094045990047434,-0.34727165325234133,-1.404204134507594,-0.2429942493813964,-0.4801964979895802,-1.359121021072192,-0.2497493044346508,0.07010694001849417,-0.9890305399255646,-0.13001387639705883,-0.3774239676394564,-0.9920389527707697,-0.21640272937077104,-0.4113739779390179,-0.7395139200069824,-0.18756162228321985,-0.3029215729176294,-0.6599830526655611,-0.15704539805152673,0.06902131566405653,-0.8218358832496646,-0.17426022013187198,-0.38778329074761736,-0.7379910550588895,-0.24021572397570906,-0.35812775960167736,-0.5289840147099779,-0.15872257312127416,-0.23947805881480333,-0.5017634211405019,-0.101967317236423,0.02729234657558887,-0.636754560380734,-0.22785325038188461,-0.3207211202600261,-0.5573381137029803,-0.2856215201460583,-0.2973358140440575,-0.40180832813939,-0.24022047435398183,-0.1951194723875885,-0.3689097806292143,-0.18988433431666218,X
0.0,0.0,0.0,-0.21098129173638577,-0.3636829482771342,-0.025906355630668284,-0.296694485236376,-0.6914951595203714,-0.08274743392029116,-0.3630906983793104,-0.9243035425428968,-0.1559350054904197,-0.4151708334322441,-1.1236663193672691,-0.21214385464811847,0.016959990241317193,-1.068739155380781,-0.073726457614035,-0.10840979692397516,-1.4219145957726547,-0.18397481386926406,-0.3046266133036587,-1.4120595157007783,-0.2223605896333564,-0.4510944382661452,-1.332384999801257,-0.2300617474200656,0.08949265378028375,-0.9893079618990565,-0.11515564008114146,-0.3112746412508417,-1.0142166585054355,-0.19351258923778258,-0.3747456333313267,-0.7768676494203351,-0.17831929728104703,-0.28586024129331233,-0.6868370494577873,-0.15931164250568194,0.09892583575434971,-0.8287882673088119,-0.16826534290471065,-0.32405794475405675,-0.7722938667622021,-0.21894547660809116,-0.31629995408234307,-0.5675764302929696,-0.14781865598423377,-0.20915115209179921,-0.5142595803332731,-0.10173276673565454,0.06907393457869794,-0.6586638641044882,-0.23249023960358756,-0.26381998181604505,-0.6056169662692572,-0.26912255035032145,-0.2712990132566259,-0.4581233754489133,-0.22009231625484688,-0.1900123558014239,-0.402422644591254,-0.17149607131885045,X
0.0,0.0,0.0,-0.20168880015919302,-0.36695705231910325,-0.03706869687443034,-0.2828561800413976,-0.694891874438461,-0.09572905544452623,-0.34540552973028443,-0.915210841136718,-0.16777530681463512,-0.3956045836604104,-1.1043466560514934,-0.2245279405288051,0.026069996715370237,-1.0618176475159506,-0.08761614290755512,-0.12201218893229825,-1.414037172356334,-0.20644426925959525,-0.32285757562061895,-1.4215829766032275,-0.2589369048602888,-0.4670752735253957,-1.3768033640750945,-0.27603628095439814,0.09381520378719511,-0.9883404568599284,-0.11992434645339903,-0.2942433253923888,-1.0043666890931335,-0.19887758611892453,-0.34229136843522256,-0.7665598737595457,-0.18310534132762285,-0.25875514902712776,-0.6876288345357555,-0.16115147385392675,0.09655088625873098,-0.8255079818029618,-0.16403096263878167,-0.31794010348804297,-0.7709880134363166,-0.2163587097173085,-0.29869073308199384,-0.5695544518886916,-0.13539258047564656,-0.192111847078871,-0.5172725758179912,-0.07722116728074072,0.06044876093907588,-0.6546072140471859,-0.22026381355543567,-0.2566977256307438,-0.6220497775041639,-0.259080132507638,-0.2471844570863473,-0.4838956231446898,-0.20226605072331788,-0.15883749031806252,-0.4242180831868418,-0.14302354245783347,X
0.0,0.0,0.0,-0.19575065164020136,-0.377378391319641,-0.029097908520092423,-0.26815137103618614,-0.7109968150296261,-0.07653898738598945,-0.3183510628174232,-0.9344817565991069,-0.13966619769533306,-0.3648452430704665,-1.122507629255966,-0.1916995773744614,0.034093973041401146,-1.0687811047323301,-0.07067827295065503,-0.1192506237296085,-1.4435167589051088,-0.19405527559635874,-0.32707453307326756,-1.446651051192639,-0.2606946564956276,-0.4766384777296521,-1.384296175851166,-0.2856582158334734,0.10009228725271127,-0.9890886071236422,-0.10809838708664433,-0.29860931874386937,-1.0450160723026813,-0.19838977540302843,-0.3888573096019947,-0.8619452061430347,-0.20537059347146563,-0.34555961994799245,-0.7941445230826093,-0.19647293653010217,0.09757746501719856,-0.8264094888061269,-0.15658292901468018,-0.321783781347051,-0.7806207253628251,-0.22188525040284127,-0.3183251782675823,-0.5957711131471218,-0.16840345110436977,-0.21638453311118402,-0.5339218660996284,-0.12416585229423661,0.05719266679237865,-0.6549876753001181,-0.21470233494192664,-0.26060288342870186,-0.6179024032610846,-0.25616657229770246,-0.2604067388544221,-0.4818140055131303,-0.20786196568700718,-0.17458764473533522,-0.41243059531777343,-0.15354553101596582,X
0.0,0.0,0.0,-0.1470239769217073,-0.3677850535883515,-0.049152803727505585,-0.2025929287849246,-0.7293113668627151,-0.09882835754641314,-0.20849843900178158,-0.9616685590762689,-0.1585757117801133,-0.19684767802347808,-1.1447373471981332,-0.1982266935443077,0.0998588838266623,-1.0693484593320832,-0.057445889803471484,-0.038418274020792606,-1.374989612608899,-0.17378554174991853,-0.21755626792106703,-1.3997332160891123,-0.23579571289959164,-0.35234537365001206,-1.3813949193235628,-0.26251239998544496,0.18099441711714118,-0.9794898162380494,-0.08854784502391054,-0.20574017598559963,-1.0039420619425243,-0.1661789230573956,-0.25594385935625097,-0.7848950260810176,-0.1602363274839662,-0.18171495072876895,-0.677372088804474,-0.14263835903532623,0.1888567662855841,-0.7995009511310824,-0.13586173915009167,-0.23073519916524232,-0.744912066981728,-0.19688891062395067,-0.2221192248362301,-0.5561056353510474,-0.12915681762089712,-0.11953871959355483,-0.49562518761465807,-0.0747291993030823,0.15846300270180239,-0.6038964249749298,-0.19699087950608188,-0.1707774964720945,-0.5675162607213229,-0.2506376371140668,-0.1700422555053816,-0.437509834721011,-0.2066729627458936,-0.08378336435597848,-0.38005200202970457,-0.15196096789147306,X
0.0,0.0,0.0,-0.1570799108101836,-0.3566819003420212,-0.012841025834177622,-0.2076260210120397,-0.668132634047069,-0.04689321876301553,-0.23506708020397496,-0.8806400484098418,-0.09667473336908326,-0.24235583481092426,-1.0610240106638118,-0.13960875279337398,0.08932285653661215,-1.0353596597320216,-0.004059092428911637,0.008382308167237939,-1.27724247316836,-0.0752219283724274,-0.04699560341454689,-1.4106428504700954,-0.1252561390554941,-0.07492853399037874,-1.5174391595973493,-0.16187799881830617,0.1750739525841418,-0.983296440055966,-0.04977169978843186,-0.2272497662755442,-0.9917154361607887,-0.10257554534415766,-0.28530450568959964,-0.7717047060112598,-0.1065823899827112,-0.20266454674926784,-0.6673872363634479,-0.10656293905028474,0.18912897496277986,-0.8303001497192387,-0.1052818579435089,-0.2348520129836498,-0.7674468810893401,-0.15310556503890485,-0.2356690154006262,-0.574996888714351,-0.10701442207530558,-0.13936621548342576,-0.5115103103756595,-0.07768228155918103,0.15732255723876223,-0.6528618493229458,-0.1706608696833997,-0.17286420015036558,-0.6023825364695201,-0.2168646620105274,-0.17584692947601635,-0.45379891945334677,-0.18630881273140198,-0.09028610466340967,-0.38709012811366605,-0.15210083740336375,X
0.0,0.0,0.0,-0.15072769873234418,-0.3040226305934922,-0.05508011071968919,-0.22780797763844401,-0.6510071690572102,-0.10186218035447528,-0.24387142264344933,-0.8670713246989196,-0.15520741070887992,-0.22253727453892722,-1.0403168982681352,-0.19024874768165642,0.056631992499251646,-1.0427060052706207,-0.05451602719914623,-0.05546437703013657,-1.3666016857284442,-0.16906301653404854,-0.16470428403313905,-1.4712449848856524,-0.22821898342032,-0.23487063987993093,-1.5311079945589605,-0.255284858421808,0.16342595196307796,-0.9834276411175584,-0.07849861725480459,-0.22973939587497008,-0.9762110840896577,-0.15041569546531838,-0.27545452529677633,-0.7386751257103525,-0.13315451498458153,-0.18705653508396206,-0.6380622201638331,-0.10511402133626196,0.1915464219220925,-0.8241785019254423,-0.12114904607292198,-0.24094071941608,-0.7370946752321222,-0.19548224987436527,-0.23044803367706684,-0.5230009915290189,-0.13035124379376378,-0.1199712972180948,-0.4619233214979517,-0.07327375069918932,0.18431542920233382,-0.6419461946142486,-0.1763558442821004,-0.16166879314969396,-0.5620479913234194,-0.2496182210283086,-0.1578749128832846,-0.4014261725037422,-0.21553613255723816,-0.06649801454350407,-0.3363879672993702,-0.16430797052560825,X
0.0,0.0,0.0,-0.16404971385722175,-0.3483218350322485,-0.04040564728395746,-0.23172098484719234,-0.6928367192729574,-0.08755264000188064,-0.23647023174086704,-0.9151920138309128,-0.14546307128575645,-0.21532453574394958,-1.0968662053964668,-0.18133635222137717,0.048175990776423566,-1.0524725675700242,-0.05763740585460129,-0.09208400757936643,-1.3823147150894448,-0.1710297479056987,-0.26293477616452304,-1.41153769625032,-0.21624155901383538,-0.38192969202976973,-1.3980873977155854,-0.2300081354772481,0.1397164854425611,-0.9862929444769998,-0.08778115612401262,-0.2475890772830151,-0.9953442047814637,-0.15596457933211877,-0.28404742657631615,-0.744952837033602,-0.1264781807556121,-0.18756599577647828,-0.6535422885405473,-0.09200174353592996,0.16150917921138622,-0.830117769938161,-0.13474254306430325,-0.2594841213810155,-0.7651446833967431,-0.19484979142768866,-0.2409311372696036,-0.5448404512839098,-0.10823699447357922,-0.12940179054894574,-0.4889365143862713,-0.041455562825146966,0.14907658531326204,-0.6543105362789261,-0.19430401128916458,-0.18336870953959808,-0.5952153400178537,-0.25241799592351477,-0.17457311770951703,-0.4385660979871563,-0.20285227368584574,-0.08175626837583355,-0.37895161395984456,-0.1429999018208839,X
0.0,0.0,0.0,-0.1494006399660977,-0.3342569704884491,-0.038068664064196046,-0.2108939084665389,-0.6787646476586412,-0.08268739724543384,-0.2080899191543153,-0.9039712446562893,-0.1382130168938703,-0.18125216320186413,-1.0866751487008182,-0.17150654056923273,0.06884348574867731,-1.0454843088176509,-0.04476597819856879,-0.06798495882987021,-1.3574614709426338,-0.1574497519075473,-0.229720159517929,-1.4011050845803308,-0.21156023125189033,-0.3404230040778369,-1.4043385867062765,-0.23454105252805743,0.16469927547279883,-0.9832696582736115,-0.07781341643463965,-0.23104485433528674,-0.9737256217306716,-0.14946301100724835,-0.27174197266770234,-0.7258128204848172,-0.13163724740515137,-0.18071692415707194,-0.6228786097196916,-0.10640387609993687,0.18810067956115456,-0.8250727953659397,-0.12753003112393368,-0.2364913760384654,-0.7498523222743717,-0.18934810700126856,-0.22327210619424825,-0.5354285540742768,-0.11306939755869304,-0.11570863250502914,-0.47643007553104294,-0.05444769728696681,0.17528910402778541,-0.64324786529434,-0.19003174303489462,-0.1632561373541244,-0.5730546246192895,-0.24988167306814635,-0.16194179074098694,-0.4203792143875241,-0.20727456299412964,-0.07342786489542973,-0.36139519839476686,-0.15343771884511798,X
0.0,0.0,0.0,-0.1411780019925088,-0.29133103831012275,-0.055191852968772784,-0.21885920988761165,-0.641100932694664,-0.1058232186366288,-0.2578107505018239,-0.8533088444353417,-0.16363964422585744,-0.23334934449924588,-1.0143055529306748,-0.20722303254088978,0.09388492701827407,-1.033589183511047,-0.046634028388921646,-0.021268364944607886,-1.3061770850004588,-0.1510658760327262,-0.06687417061660655,-1.4469865450666306,-0.21368638333512047,-0.07340524437594992,-1.5769800671217484,-0.2511784779266388,0.1998049344157545,-0.9770540522349771,-0.07377917859617797,-0.20676762920608271,-0.9833565448625496,-0.1451000471643412,-0.2549223982887988,-0.7579765809055166,-0.1387327339844465,-0.1662903224369127,-0.658878662523178,-0.12083365911451449,0.22373268345324454,-0.8251105497159077,-0.11816777684188463,-0.21412582611266903,-0.7621018769518093,-0.18984267527243218,-0.21344150167472084,-0.5464123598237194,-0.1375202671657124,-0.10948275134690379,-0.4784244366722882,-0.09170801932172856,0.2121328359964957,-0.6482145529501004,-0.17568762421746623,-0.13140809355116673,-0.5791257768762471,-0.24349187301280248,-0.1351129912292647,-0.41814506390029293,-0.2180045285868293,-0.04927187551676537,-0.3503013584155208,-0.1770211055250505,X
0.0,0.0,0.0,-0.10970332986102731,-0.2779929066466949,-0.0572562195600046,-0.17690375139260858,-0.6372480964815306,-0.10430711045607267,-0.20417643576865618,-0.8638250187115013,-0.15839249168969421,-0.17553391600594156,-1.0264227536793236,-0.19556776329824013,0.12063814235003094,-1.0238208578070824,-0.049395919016827036,0.034300242184149884,-1.2948310937603438,-0.16023106336592002,-0.03909070922535323,-1.4260989200048675,-0.22249018871846069,-0.07946524182284935,-1.5380022374108422,-0.2559724086438144,0.2316553933017073,-0.9700621811455971,-0.0729050304524875,-0.1683883024916297,-0.9578259017942918,-0.15251334995334334,-0.22911291447720689,-0.7258736827169718,-0.15135363102070895,-0.14797997363971557,-0.6148556533760238,-0.13632546394909228,0.26537703279388497,-0.8150540010400529,-0.11385826304061483,-0.17587679648013052,-0.7285663906709126,-0.19568184597587535,-0.18114078366162503,-0.5138697644319845,-0.14839578422109143,-0.07709582487975944,-0.44037321154461917,-0.10385607441422375,0.26643382596177867,-0.6304283686089752,-0.16747284038817462,-0.08949452812576189,-0.5569507565272216,-0.24304487096989977,-0.11450339703658177,-0.39665056722640113,-0.2188020668339893,-0.0395899162116109,-0.32541679195190126,-0.17684047959368918,X
0.0,0.0,0.0,-0.12993371518783858,-0.29050738115331726,-0.06332756130325881,-0.19928586155581954,-0.6348523633374432,-0.11641799145798888,-0.2070351876794853,-0.8598371103612015,-0.17501029777487026,-0.180868178474422,-1.0274191473376235,-0.21035603292141727,0.08696506117290195,-1.0314051824305368,-0.06552964221238251,-0.04920283890712718,-1.3428011405266895,-0.17854259719305252,-0.18027844851957728,-1.4152301650073809,-0.23208750048596258,-0.2661885456532082,-1.4494827836688748,-0.25512018468066217,0.18901699908362773,-0.978251947480442,-0.08541487755738018,-0.20015685103996542,-0.9532335752229529,-0.16409895413581532,-0.22588800429636852,-0.7182901217832871,-0.15850371359598742,-0.13492607183293473,-0.6169598746339616,-0.1412290386595122,0.22053877554303233,-0.8203856452888789,-0.12239962521943035,-0.20204668390465358,-0.7297018418976564,-0.1995219122406695,-0.18480099579680817,-0.5159246128642544,-0.14470327411878797,-0.07955599165446098,-0.45285505307116053,-0.09618747271609332,0.22161637519510666,-0.6343346338956645,-0.1728108958146023,-0.11318552895288382,-0.5539054855175338,-0.2433684788660084,-0.112657204117878,-0.3990747634855348,-0.21589880820444168,-0.030015785794807286,-0.3350535447371341,-0.17160529357815793,X
0.0,0.0,0.0,-0.18145134847140398,-0.31624918705757976,-0.029685378214979113,-0.2587588671681751,-0.6554676572704622,-0.06927792404010717,-0.27195434852893796,-0.8940016058841255,-0.1223848981434198,-0.25998042031043833,-1.0692279434046008,-0.15417948115054156,0.008350568484724055,-1.0441920694994173,-0.04582903027446361,-0.12570364618445787,-1.3785103311361697,-0.14746284611086138,-0.29863440910156286,-1.3994340175522073,-0.18558293598857958,-0.4151796189173919,-1.360541752476665,-0.19546255390629697,0.1104475395850274,-0.9909292320754899,-0.07655454276458006,-0.2653652119512678,-0.9648496231507431,-0.14257469761869834,-0.28912859642613714,-0.7127338116038955,-0.1217376831973059,-0.18660646793052693,-0.6127364710078842,-0.09570344657418993,0.15127572777060844,-0.838934889646435,-0.12122602588940826,-0.2530863543326803,-0.7441252493784801,-0.17693919704413974,-0.22805506928227623,-0.5347665511237139,-0.10516202989581626,-0.11349063863195405,-0.4866234989771082,-0.051524028498377214,0.15564385863507268,-0.6712567593525143,-0.17703942050055502,-0.16684341760955684,-0.5912548945720472,-0.2279387539302066,-0.1593032408788662,-0.44099032095206875,-0.18660528981290544,-0.06901958807978519,-0.3917285060102574,-0.13659397148391422,X
0.0,0.0,0.0,-0.19186904387555884,-0.3268728764060532,-0.03848936338174727,-0.26510784882643124,-0.656632657052597,-0.08246395126208285,-0.26315490353027554,-0.8823558107314403,-0.13671619206038027,-0.233882428452482,-1.0497353949566375,-0.17023880685263643,0.01344551819958732,-1.0386719867046754,-0.05381084770569632,-0.13945031842934943,-1.363955969372415,-0.15337166270982164,-0.31131218956708,-1.3794384533721344,-0.18985983209449303,-0.42229577948273506,-1.3474656868376491,-0.1986108165125638,0.11158661323980026,-0.9907156338571409,-0.07765925943965045,-0.27001616780173743,-0.9660563431481424,-0.14033192662464522,-0.2988077905145632,-0.7087448363191853,-0.11315797830878555,-0.20075865932823656,-0.6125161866784044,-0.08184740466441144,0.14383101996557046,-0.8480219673448656,-0.11585843758272912,-0.2661769565974019,-0.7556334239337621,-0.1725581811176988,-0.23988715347168862,-0.5419736455701851,-0.09650117211371673,-0.1260891563682418,-0.49059941469804247,-0.03740609253397863,0.13991640287617488,-0.688901676975271,-0.16520048544641064,-0.18048476903850436,-0.6185063675358041,-0.21814688427078907,-0.16536398715510425,-0.4594167317841718,-0.17418599447361674,-0.07285125897780394,-0.40394820748523524,-0.1199882523277821,X
0.0,0.0,0.0,-0.19158135002666038,-0.3175342992525909,-0.03580468491518476,-0.2724548410571935,-0.6466433603248389,-0.08387513999932115,-0.29357640113915046,-0.8756413860598253,-0.14558495205404381,-0.28929559811912686,-1.0508281038044405,-0.1851767552580113,0.021861020972198286,-1.0425201632261283,-0.053507935008408544,-0.10541194075032183,-1.3872562862020168,-0.15597989461570988,-0.27627977165223994,-1.4078044353943766,-0.19212460181654065,-0.3948965978462915,-1.3631072889069473,-0.20010207172377512,0.12346843317533437,-0.988901994622172,-0.08263407917752601,-0.25786216298009235,-0.9743501206407923,-0.15127066275869966,-0.2905530443356102,-0.7209108949474866,-0.13254702336864108,-0.18893339090375763,-0.6226396709484221,-0.10830482838549677,0.16262018970950562,-0.8371900998355394,-0.12562120818818356,-0.2479111774807292,-0.7511256477609732,-0.18184806197291084,-0.2295946722902026,-0.5366568270652989,-0.11163634820431127,-0.11726485048914687,-0.4870360997055225,-0.06034409806501137,0.16482746459861647,-0.6696985811651522,-0.1800734238431579,-0.1559367055197495,-0.5942270990293004,-0.22755639912552666,-0.15102230556893978,-0.44214025994087164,-0.1847585841173102,-0.061907293960352425,-0.3932292971572281,-0.1354463668909834,X
0.0,0.0,0.0,-0.19924667869537827,-0.3403084154156654,-0.030927957955646124,-0.2664007433893197,-0.6954453644182353,-0.06677297716676911,-0.2633098850784344,-0.9333864648649983,-0.11591827801145282,-0.24158275145933394,-1.0957645973706107,-0.14504857531623794,0.00019257544337663275,-1.0584197748511883,-0.05291782771742741,-0.12420016307964671,-1.4132373359097896,-0.15282103131213617,-0.2976455479599191,-1.4145826706505815,-0.18975148276352954,-0.4115043199514792,-1.3422836095830708,-0.19904265873332985,0.1030446957242762,-0.9912203718826988,-0.08284904977014296,-0.27402385802666696,-0.9842021416508295,-0.15617202358441254,-0.3043731194514939,-0.739267051237797,-0.1437384787393272,-0.20228052749272318,-0.6345446149083456,-0.12273598597676136,0.14288895896332818,-0.8271930035286816,-0.12499517031390903,-0.2698390455071363,-0.7410020258034163,-0.18217071845132463,-0.24868043589511396,-0.544789195905383,-0.11913075147431612,-0.13250155625998253,-0.49868780188491635,-0.07174735882369601,0.14325548075707414,-0.6497071254879592,-0.17747046361744145,-0.18065933281217025,-0.5942801870655627,-0.22614934976830017,-0.16521312134627691,-0.4497224653732075,-0.18691227151548903,-0.06771967089127141,-0.39836430042112764,-0.13964612431619045,X
0.0,0.0,0.0,-0.17363121766540124,-0.3091872698089278,-0.06273773607672474,-0.2599035596342112,-0.6458402528541857,-0.12470245643783767,-0.2734270163096371,-0.8912189722693741,-0.19549348484958942,-0.2437315412349074,-1.0803542572719185,-0.24112495537208511,0.03874181326488966,-1.0353906156254136,-0.07301471300583069,-0.09529456875477484,-1.3840219704988945,-0.19646155229752493,-0.2537718774935054,-1.3782117737474562,-0.24974391349239106,-0.35147997608622067,-1.321871242058459,-0.2670728448533429,0.14969293769685216,-0.984478190958313,-0.09162268240525297,-0.22289081643592273,-0.9724542029599912,-0.16777972011210618,-0.2575953814272132,-0.7043707951476391,-0.1493237299436871,-0.15409967694825144,-0.5963714713607826,-0.12265141223728929,0.19352985994191738,-0.8368842487455774,-0.12901166397316863,-0.21891004532530298,-0.7443557576576493,-0.19677608665134885,-0.21148829445023226,-0.5229646271186881,-0.12780222453470155,-0.09381204322656465,-0.47229852977012104,-0.07265114805727113,0.20161478304228123,-0.6698015581276417,-0.18046360846161588,-0.13205186140051017,-0.5851090561832527,-0.23687431574086312,-0.13214396262013817,-0.42637977240969077,-0.1972307006608511,-0.039571810340829745,-0.3765186918534383,-0.14684588945165206,X
0.0,0.0,0.0,-0.19753665954672592,-0.3183101874334854,-0.05943503502384433,-0.2828665211981807,-0.6893928036633863,-0.11311544796258695,-0.28399203001838375,-0.964325238018349,-0.17798006214605902,-0.2595955008316625,-1.1763340115491943,-0.2159932650178872,0.038241573971013215,-1.0466335908484816,-0.06772402561557576,-0.07826466761743353,-1.416706464879686,-0.18105852975303224,-0.2604963366530898,-1.3844974038023288,-0.21285730266868194,-0.37974731908440507,-1.3014908067384054,-0.21475442817862134,0.14360978027473062,-0.9855486898626273,-0.08983323950243936,-0.2239052945690753,-0.9978829802362582,-0.17609975227385002,-0.2833634601401294,-0.7017710424766632,-0.15341047257931703,-0.1745374763581158,-0.5910850749757769,-0.12011450495450675,0.18794582372016902,-0.8378013247821978,-0.12985120136459613,-0.220806608000082,-0.7744529719632572,-0.2058249091774209,-0.23075867856226595,-0.5282716068247232,-0.13497637996327955,-0.10821949531489845,-0.47399742768820813,-0.07848030572708113,0.2010906948269785,-0.6747712649844704,-0.18348985658621775,-0.12752679519061014,-0.6212699352378281,-0.24975363902017653,-0.13646655096250862,-0.444420556571699,-0.2121437702734168,-0.03726570422823907,-0.3874665945299386,-0.16321148377913233,X
0.0,0.0,0.0,-0.20427952465616198,-0.31338444866690096,-0.04475013444961687,-0.30069207456268554,-0.6525315306855765,-0.10140920777510729,-0.3291252059715567,-0.9068085305593793,-0.17229640822362172,-0.3213424588222579,-1.0823827724486714,-0.22000955026459149,0.005473677615258554,-1.044136352654821,-0.06053964770605693,-0.09454883765900422,-1.4029612326740986,-0.1652887164629091,-0.2521787807871917,-1.3880175929146015,-0.19366295117058072,-0.35941752405736827,-1.3027568717456628,-0.19605161674852545,0.1175109656534135,-0.9890459648738156,-0.08932666073477474,-0.2432228823191729,-0.9802215136603404,-0.1684977445621681,-0.28662680691101494,-0.7014426632565121,-0.15035276503070244,-0.17755603038737178,-0.6007472779202585,-0.12514378124097908,0.17046569553665464,-0.839918540324736,-0.13310261422735037,-0.2282878822853266,-0.7649804399386636,-0.1962624929094237,-0.22074067051388757,-0.5375143601289264,-0.12907409786472987,-0.10145650402453402,-0.49145413131498533,-0.08135422532319736,0.1829992632550991,-0.6756997778490822,-0.1891765036350012,-0.13885869919765367,-0.618624515953693,-0.24235239506682005,-0.1421981588694229,-0.46066091484918376,-0.20388793791089968,-0.049639749434149054,-0.4133409317522616,-0.15952067105226422,X
0.0,0.0,0.0,-0.1868378403866277,-0.31449268627878185,-0.06967537439933694,-0.2740097626829829,-0.6710515352345624,-0.13636448167751802,-0.27981833146952234,-0.9367313504617515,-0.21225391047759976,-0.23939915694700195,-1.1103832091461312,-0.26023648840764607,0.04352539952856293,-1.0466861633370175,-0.08481748227723925,-0.04247127775557556,-1.4191430029576206,-0.20471535121496243,-0.21042725956359876,-1.4087936493740982,-0.2389717254572677,-0.3293003621483685,-1.331066460747225,-0.24269693340062823,0.15640321023473855,-0.9823390826226339,-0.10270327443850145,-0.20685669453348177,-0.9968917621991062,-0.19434669297255622,-0.2629676006224426,-0.7141313081766908,-0.17461315448653109,-0.15710794595772481,-0.6085556453513206,-0.14478759788980308,0.20618712362188465,-0.828446146379869,-0.13864907623850395,-0.19530865273015005,-0.7743959804951818,-0.2145034816061897,-0.20017496908519747,-0.5428015608970268,-0.14225988287112803,-0.08083485312811901,-0.4933766987419595,-0.08705893696635833,0.22042475939105752,-0.6575466025237496,-0.1890392998641268,-0.1053167593309904,-0.612712084929085,-0.2525721789569124,-0.11784448044109383,-0.4501848508161639,-0.21368593829929894,-0.025697662722945765,-0.39981609109222965,-0.16565254104753013,X
0.0,0.0,0.0,-0.17610398520334142,-0.30252203421214474,-0.07073182036152834,-0.25552986509285447,-0.6546393410165569,-0.13784647258257104,-0.23617557189232136,-0.906634155493642,-0.21533930644294857,-0.17200628083618028,-1.0558747435591798,-0.26400750739506307,0.059215365438244565,-1.0478106621938217,-0.07010971400481446,-0.02543601593958237,-1.4087373798628084,-0.19228442893863298,-0.19354915605125356,-1.4167822704199056,-0.23339775328242207,-0.3147865167023848,-1.3588735396889862,-0.24231888577130514,0.1773994166280062,-0.9801235403822969,-0.08881043051643818,-0.1818008544361842,-0.9951571009034468,-0.17835938396303852,-0.24326496766621955,-0.7174078068037458,-0.16083859095716832,-0.13958439575321022,-0.6100979937133404,-0.1325581989977765,0.2300834757434013,-0.821646468167804,-0.12714100986181265,-0.1749008771265267,-0.768271539955014,-0.2033934951039393,-0.1882566423351743,-0.5395258191485502,-0.13331925717970966,-0.07211636035815656,-0.4853305616831779,-0.07868731157568268,0.24358384628564778,-0.6467742216525206,-0.1806187385664222,-0.08808394270407276,-0.6087295334831853,-0.24116847461663404,-0.10639882023555228,-0.45004395573028927,-0.20203574541947572,-0.01857359037365713,-0.3946758805449249,-0.15443240092412294,X
0.0,0.0,0.0,-0.17654730373153843,-0.2938497000409854,-0.07420342434350846,-0.26225647282175957,-0.6316538269333206,-0.14462705315932844,-0.24988951700560283,-0.8676257132599698,-0.22347264091911304,-0.18992734793744234,-1.0021442392770825,-0.27344649443361063,0.06389220371645525,-1.043310822854617,-0.0797236241037616,-0.02647392383418441,-1.4103108291055781,-0.19924514499542242,-0.19618431998093763,-1.432075063722045,-0.2388932523645929,-0.32013901483012247,-1.3833150455154333,-0.24772555142319783,0.1836504348278339,-0.9784435626786304,-0.09444952324017543,-0.1789696293192801,-1.0087940708808063,-0.1754432983231465,-0.23414984850231296,-0.7320815585950389,-0.15366192364083253,-0.13178043261957964,-0.6184403009083613,-0.12493609838187328,0.23269024469403277,-0.8221701558441041,-0.1282889085487685,-0.1733427538493593,-0.7795166265841342,-0.1972294526939876,-0.1797810456898832,-0.5486379352363782,-0.12365701775586715,-0.06377851908181033,-0.49047313463241404,-0.06849037956953632,0.24155600157232748,-0.647820892101035,-0.17751547318040178,-0.08646507940050933,-0.6147512036774334,-0.2342608347780636,-0.10107345216338144,-0.45748855550129525,-0.19409610989196238,-0.01443815417790647,-0.4024448401110367,-0.14657874645927527,X
0.0,0.0,0.0,-0.18713893986061678,-0.31012861890999666,-0.07534807722499373,-0.2689651400968878,-0.6589908219323729,-0.1412971702725029,-0.25084688277697376,-0.91718764254626,-0.2171459862861141,-0.18645966042555487,-1.0591814716639474,-0.2638006973558095,0.03917938032538092,-1.0553950536922405,-0.07056992171054204,-0.03343268037595566,-1.4287998649397011,-0.19257510867788796,-0.19695826302169414,-1.4291925320149885,-0.227291361540422,-0.3166435539771695,-1.3563266321001302,-0.22913910033034893,0.15390900515961514,-0.9844817004783452,-0.08430776686666255,-0.19302426411189313,-1.0054943762241342,-0.1798220291374367,-0.253523695654128,-0.7225224819626754,-0.1581276566825997,-0.1510270038885315,-0.618361077215378,-0.12178265733077777,0.21200927954822718,-0.8264027704678931,-0.1183927867952306,-0.1840971440565623,-0.7683462614609228,-0.19981436081123066,-0.1965991833323177,-0.539613110007877,-0.12740299746320732,-0.08495410188420659,-0.4921211570093804,-0.06663722049519667,0.22973140927430533,-0.6531284999514477,-0.1675709410689145,-0.09259899803739333,-0.6144995456351791,-0.22886691527952271,-0.11426957942720999,-0.4540664452122335,-0.18771427603186694,-0.033063829810677826,-0.399748110477207,-0.1358902118205659,X
0.0,0.0,0.0,-0.16955026006342067,-0.2947188850741294,-0.09770200634647756,-0.2529797850369737,-0.6369563344217513,-0.1748001100462452,-0.23464677095089534,-0.9001080086965623,-0.25688223230166973,-0.15741386789538572,-1.0458483001546783,-0.30621774053513695,0.061231868796677295,-1.053515030797695,-0.08872622725506735,-0.013096015745384501,-1.432150895831692,-0.21188871402211976,-0.17770535080826194,-1.4425320678891127,-0.24738762088626598,-0.30169551542498807,-1.3870768474138522,-0.25062298141875583,0.17763776885018406,-0.9797231757743162,-0.09266780416421229,-0.1697131808552155,-1.0144244998794953,-0.18715009690358464,-0.22711661218149426,-0.7362716422792003,-0.17002763709894664,-0.12832948950830847,-0.6342287185482578,-0.1402089083281127,0.23156656230207306,-0.8211553861721071,-0.11803699765907615,-0.1695116418016619,-0.7771486700773034,-0.20097308382710982,-0.18115987500465233,-0.5491734049820164,-0.13681530343396286,-0.06732188822132408,-0.5046692776302883,-0.08367489701888073,0.24798254173803225,-0.6486647075219598,-0.15996932728656202,-0.07950816231079744,-0.6140247301346788,-0.22331888981349962,-0.09801998699429011,-0.4569184003759033,-0.18950851364635107,-0.013156960189722568,-0.4091079866346402,-0.14447322177180616,X
0.0,0.0,0.0,-0.17062059576131544,-0.2907378329681803,-0.09295918710595802,-0.25052282113944885,-0.6412314791269662,-0.16764503128996927,-0.22480366338624594,-0.8935799796478673,-0.2487497822144265,-0.14787118299314006,-1.0321174773363384,-0.2984841135426426,0.0683700843072971,-1.0543014924810947,-0.09070301282795835,-0.011193746974031858,-1.4225446429082134,-0.21858693994803993,-0.18097609853476643,-1.425067619216414,-0.25816007366935245,-0.3090678148107697,-1.3618261256561106,-0.26303964416150816,0.18270566836287788,-0.9782134893349161,-0.09857488539827003,-0.1571371090520437,-1.0090455546862411,-0.1933834034138649,-0.21267676905435948,-0.7326270398357795,-0.1759613602779792,-0.11332603161348037,-0.6308430015276828,-0.1454992186873357,0.23646307924215482,-0.819594121648504,-0.1276931394701093,-0.15922859770026684,-0.770454794913852,-0.21151027088529237,-0.17659064776506875,-0.5420834162253496,-0.14538958744474353,-0.06626592850037005,-0.4982053838050657,-0.09067928075532708,0.2541019972043421,-0.6448633344867869,-0.17321827952067237,-0.07538849449330724,-0.5977811141124475,-0.23724890690832764,-0.09644432824937114,-0.43424608458487407,-0.20073413801646714,-0.012424270962411563,-0.38321995440137324,-0.1535401752064183,X
0.0,0.0,0.0,-0.17064865674705076,-0.27963393567095046,-0.09629586220047813,-0.2545849783802399,-0.6241068192500139,-0.17002183700204243,-0.23314296911112814,-0.8777618191923955,-0.24829319080446857,-0.15052922160363552,-1.0195737856827372,-0.2947681472564535,0.05370844250290904,-1.0482599212607768,-0.08731630483905976,-0.014690318078262815,-1.410047388420143,-0.21111809331231318,-0.1754570589480981,-1.4195277588597972,-0.2507618798238279,-0.2973126746233059,-1.3582963556232648,-0.25717546935848373,0.17500619044539825,-0.9803166034988298,-0.09139031792431503,-0.17119737584671943,-0.989522316063659,-0.18519748011943774,-0.22795450087185434,-0.7175660723548722,-0.17009429268417295,-0.13278067460344256,-0.6118655504625521,-0.14117265438634533,0.23441781123830327,-0.8259795617131512,-0.11688622820222173,-0.16086300040018672,-0.75641176493486,-0.2001298267766614,-0.1766145599122415,-0.5341811262190276,-0.13685842753248964,-0.06831980390028441,-0.49151428827407634,-0.08358620453221341,0.257381277960284,-0.6538255570627326,-0.15866776187668089,-0.069373686650971,-0.5898030252126624,-0.22565631536612088,-0.0888137363487653,-0.43123752500797136,-0.1933836297377256,-0.003791511749214805,-0.38808222961148464,-0.1481216875585811,X
0.0,0.0,0.0,-0.17709050341867932,-0.2888597042071753,-0.0858936972055181,-0.2639538234025408,-0.6203216346727466,-0.1633326900031095,-0.2421371850059461,-0.848442982579464,-0.2480085336610028,-0.16891696025025157,-0.9843874353765646,-0.30377229102337666,0.05225930943802413,-1.0415701821455672,-0.08593127435534066,-0.04486486910024785,-1.3909241133417394,-0.212381877352504,-0.20690008011277303,-1.4005215812771756,-0.25684729988418936,-0.32539348952647534,-1.3477382440697143,-0.26844813321419725,0.17499654239891782,-0.9795470684678207,-0.09931641759811152,-0.1822559200031316,-0.9886470911689348,-0.19005036114915647,-0.2354137582200079,-0.7074529300657459,-0.1739961346993934,-0.13519115066229606,-0.6016266850138174,-0.14702982644985532,0.2310497268853477,-0.8252938946102273,-0.1331006146982832,-0.1811572403716484,-0.7565479405259936,-0.2089581299001074,-0.1914337357114207,-0.5286070020303879,-0.1382119011296588,-0.08069441269881597,-0.48265244445023997,-0.08399658865397534,0.2467897150305315,-0.6521589115086313,-0.18357724509139264,-0.09563692479054817,-0.5912583235600446,-0.24364833822525164,-0.10921766833708495,-0.43431073612479676,-0.20542690398082555,-0.02267763889057859,-0.39058930695413024,-0.15885884689999835,X
0.0,0.0,0.0,-0.17718271335838082,-0.2954065455123299,-0.07926176176697566,-0.26168731480090307,-0.640751894082282,-0.1486332962168696,-0.24006237696295005,-0.8763933494401912,-0.22557787840380758,-0.16720426035677005,-1.01719334944111,-0.27395770507687933,0.03959770085647142,-1.0451940000699091,-0.07575364852136653,-0.06612052703155445,-1.379786548838381,-0.19926546310947466,-0.23718879723006756,-1.3809648690809755,-0.25133046123774855,-0.35831749195519813,-1.322438830358316,-0.2698451704642056,0.15981282084090798,-0.9830039106354982,-0.09035028483734582,-0.1964237830555883,-0.9678332788920189,-0.18063823463091064,-0.23856446969946174,-0.6988089798863668,-0.17669327803126975,-0.14030874357726103,-0.5899418060468514,-0.16256519032249017,0.21841967356250627,-0.8347238364102034,-0.12446765363180719,-0.1868257448160082,-0.7431676583864252,-0.19772819884919124,-0.18702869705707126,-0.5198570482286332,-0.14119519796147675,-0.07536074367009757,-0.47147601465593564,-0.09990183330334274,0.24104797947330772,-0.6671464992411271,-0.17460839513480675,-0.09286638825747272,-0.5901563445243215,-0.2326928172154145,-0.10263204071707446,-0.4323309494350987,-0.20257157153022692,-0.01727546469075557,-0.38644443256083383,-0.16492047908009838,X
0.0,0.0,0.0,-0.19504456571217849,-0.2925913323559172,-0.08991439692549794,-0.2920402496839041,-0.6329309868757832,-0.1673643054662234,-0.27051287939312,-0.8748608212372672,-0.25119732502456743,-0.1915807021094817,-1.0083539345983155,-0.3048642326342089,0.031081970971083745,-1.0465083635517851,-0.09084223251840023,-0.08968905040746658,-1.3844330083398728,-0.21497763360139327,-0.25575626363691256,-1.3728146613006045,-0.2526653403527952,-0.36709490582351,-1.3085074006896076,-0.25878009227453413,0.15615503077952395,-0.9824384377210675,-0.10212895010932999,-0.21185920178024306,-0.9839430059621067,-0.19020770402440323,-0.2656524526449023,-0.7043020176735485,-0.1680242077145939,-0.15776799901588204,-0.6087246163363877,-0.13628765330183168,0.21534379762248174,-0.8332044208503236,-0.13445492332632966,-0.2009508845828089,-0.7593814571894056,-0.21348945370208725,-0.2121776884695864,-0.5285992493046392,-0.14378580092885873,-0.09574187710419294,-0.4874500977118204,-0.08873420184895776,0.23545466232780451,-0.6674849168954801,-0.18345448550910587,-0.11151358279835084,-0.5964442197810821,-0.24992135440571503,-0.12468270135535169,-0.4383650397221715,-0.21722947567172937,-0.031690116664312165,-0.40278476512020145,-0.17319643253677897,X
0.0,0.0,0.0,-0.19855850133120345,-0.278757375129898,-0.08401526199947494,-0.2962118199620563,-0.5916975929454446,-0.1590591346131361,-0.29208732219326505,-0.8152484414808315,-0.24060677840719571,-0.24512546240096234,-0.9613920570124677,-0.29526099772010206,0.008517967412877666,-1.0345860531722566,-0.08566162025427072,-0.09511982787276886,-1.389311356793993,-0.20464401384487954,-0.2530130085348014,-1.398912491853908,-0.24692547770403278,-0.36221145792997034,-1.3411659813982517,-0.2591377256177186,0.13154102026826234,-0.9864276915703929,-0.09827191506168158,-0.229450127807589,-0.9930693489592655,-0.18654447676407643,-0.2837718215394794,-0.7245529746818647,-0.17534241057570715,-0.18166403744790405,-0.6293261089889345,-0.1534097537259868,0.1899114588998959,-0.8465479528858834,-0.12981737119149417,-0.2129322639018426,-0.769407133868343,-0.20470497276888458,-0.2215804868973431,-0.5439976837718453,-0.14271149330696156,-0.10900641095311477,-0.4984725706023703,-0.09552616869973903,0.20859821598880163,-0.6867660662758198,-0.17715203102035382,-0.1239350386944433,-0.6189097943537833,-0.2375382215237417,-0.1335733615264364,-0.4600536668316962,-0.20474145958097315,-0.04480870746504947,-0.41633029138137106,-0.16354939822350126,X
0.0,0.0,0.0,-0.20375229047732432,-0.28830319776070557,-0.08127070188552271,-0.3040202229554481,-0.6126198676330867,-0.15156477087257633,-0.29852329333146205,-0.839183930962694,-0.22958838359434863,-0.2499533870126061,-0.9777301980662265,-0.2803405143474143,0.006136452827007172,-1.038514799567986,-0.07907809509900385,-0.10266188760125945,-1.3964682119764806,-0.19631269695015743,-0.26195385182223746,-1.3950026544691239,-0.23562368582806062,-0.36847802398118507,-1.327718576675113,-0.2456781834982206,0.13104087823142085,-0.9870116002916199,-0.09293217484872296,-0.23378453768495513,-0.9918300017370445,-0.18266100500975355,-0.28703009119865425,-0.7144705705399877,-0.17188147513245333,-0.1814776775166192,-0.6155579124657895,-0.14997550373943397,0.1925257873397083,-0.844464650265411,-0.12589674978921536,-0.21777784609825596,-0.7650180489182168,-0.2038957245331004,-0.21931329576990571,-0.5329687376578056,-0.144310600277255,-0.10020180221502502,-0.48497143229967316,-0.09818157384906291,0.21431254111396017,-0.6820124910464701,-0.17427529413416423,-0.12110074730743582,-0.6164738364091876,-0.2368873381384264,-0.13032690898371369,-0.4521646839638892,-0.20529051127424044,-0.04000643323716371,-0.40303940223188334,-0.16478393079836728,X
0.0,0.0,0.0,-0.16872737782068054,-0.27061327621687387,-0.08526028419153936,-0.26441276090946725,-0.6106595532539197,-0.15779898186660934,-0.25430407697594604,-0.8315684516551219,-0.23605207945180712,-0.18565282923261167,-0.9554426969623999,-0.28510022230552273,0.06264487772931036,-1.0379568336822982,-0.08275064919281046,-0.046733915043046456,-1.3649906019981188,-0.2020174000060966,-0.2155710963493286,-1.3911381537650813,-0.24657429186563642,-0.3380465407313336,-1.3601011641791187,-0.260948254402675,0.18802374906030342,-0.9776520432801936,-0.09404016194887468,-0.18528761329137147,-0.9686839629452951,-0.17424053707534906,-0.23754870161508265,-0.6949349219693196,-0.15980955927733126,-0.13698899857850177,-0.5824627342611096,-0.13859319352962385,0.2450105645714022,-0.8243220183634882,-0.12533186155649295,-0.16516771590973633,-0.7481929941151964,-0.19724097324734538,-0.17102489640527987,-0.5150720384892563,-0.13171065833848375,-0.057807158943383424,-0.45874662984342096,-0.08246610748368857,0.26476206330206953,-0.6479965178262759,-0.1729402633945726,-0.07069852577560247,-0.5837441727651779,-0.23381940857790728,-0.08937426861834659,-0.42751052198012646,-0.19954729401353508,-0.005074631741273939,-0.38457139152914943,-0.1568488435532467,X
0.0,0.0,0.0,-0.15742433539038272,-0.2638374854711104,-0.08847252811993613,-0.2607054836212117,-0.6176062919340449,-0.16402645681157196,-0.23845072352279215,-0.8371176017818259,-0.24353212487873413,-0.15055840418658506,-0.9650418356787749,-0.2925805843176215,0.07328755099107631,-1.0324250048702968,-0.10590276910612918,-0.03860150381322836,-1.3794803307384642,-0.2418343702817418,-0.20958667423922112,-1.3973235134778106,-0.29007120690871063,-0.32996026168042175,-1.3600928536178387,-0.30132491399404593,0.20644275903047102,-0.9717016051980424,-0.1147927597866456,-0.16248367639683375,-0.9879354748857677,-0.20361405609150757,-0.22387361840075698,-0.700158397684779,-0.17729196927251933,-0.1318742190808648,-0.5763535609730396,-0.14150444120425829,0.2691391320813187,-0.8181271020086892,-0.1441317659138314,-0.1501456769748519,-0.7462370485872828,-0.2258610295983897,-0.16645365179305957,-0.505806688281794,-0.1482429348045799,-0.05780947286573718,-0.44769695838873436,-0.08389483260137025,0.2978614325866917,-0.6369723653930054,-0.1895954527660493,-0.05474370121419878,-0.5725283631750587,-0.25904576639945803,-0.07997619526145827,-0.4128792584995116,-0.2192559050408028,0.0020912992817613872,-0.370548469523123,-0.16600979127874255,X
0.0,0.0,0.0,-0.18208786018238432,-0.2794094117861487,-0.10291449089244432,-0.2835192358011937,-0.6298331048870048,-0.1866610919669459,-0.25688875653022886,-0.8753109207802413,-0.274340947811436,-0.1705436354492988,-1.0057940704082549,-0.3288721899385864,0.03516501840475202,-1.0480974126756843,-0.12175412608400216,-0.0674425448020177,-1.4100903831666183,-0.2557624469600785,-0.24874436549347517,-1.4051987776221113,-0.2936438467348362,-0.38155592688637324,-1.3380657767163695,-0.2965439145819985,0.17108964474042637,-0.9773229635160569,-0.12477242662859035,-0.18755983577681834,-0.9833054983968627,-0.2205006341987655,-0.23881915634071893,-0.6949559518917874,-0.19566880944633572,-0.13504352537948044,-0.5869463228764988,-0.16130607019949367,0.23950419302479956,-0.8196888730947415,-0.14844957640069445,-0.1717851777946302,-0.7564733947815981,-0.2308630270693905,-0.1815830441928725,-0.5235157679981888,-0.15394873363285327,-0.06510838974027323,-0.4751257193275984,-0.09260733393181338,0.26843397148691095,-0.6473460013705447,-0.18972525224184847,-0.07086951062489451,-0.6039363813010699,-0.2540127713761869,-0.08961285894948459,-0.4465803456656606,-0.21360362782656275,-0.005228182544967919,-0.4014364479892203,-0.16313399820310123,X
0.0,0.0,0.0,-0.16607587360493792,-0.2663172869630874,-0.09101357746148636,-0.25896234227553466,-0.60076163090725,-0.16519782081175094,-0.2495108456689233,-0.8353625858809917,-0.2458228089480821,-0.17342587266143036,-0.957260324176223,-0.29385866012555556,0.054539034555675645,-1.0431807725858446,-0.09393332348848388,-0.04148454680905518,-1.401240999405779,-0.2186149142332549,-0.21830925496032774,-1.4039471498093234,-0.2557745808645925,-0.3437037522403941,-1.3379944889801954,-0.2589098142189237,0.1842856871687569,-0.9777378084937851,-0.10033724805130692,-0.1753000690080205,-0.9758644034481646,-0.18532944478519253,-0.2225134370120201,-0.6971250760384409,-0.1639095704691009,-0.11500807857782644,-0.5862835927162489,-0.13308482448321832,0.24772942936102335,-0.8236418359186978,-0.12726051551657822,-0.16541731337295582,-0.7471950405428375,-0.20331049818431993,-0.16877519903761917,-0.5160862945733554,-0.13658835898260588,-0.04843394974966785,-0.46453402552758244,-0.08212677300933365,0.27349498023344093,-0.6533218195631008,-0.17088059818152448,-0.06596146405241554,-0.5868545163658434,-0.2306939998940187,-0.08003851047705209,-0.42679510185831376,-0.19581557977368466,0.008080172026226897,-0.37906600344735186,-0.14950250208381424,X
0.0,0.0,0.0,-0.19564196563509711,-0.2819929661969897,-0.07549189774406391,-0.28869052933912,-0.6156605970623148,-0.14102948030897006,-0.2696844372993746,-0.8464522218796624,-0.21458672080104227,-0.1987901832188244,-0.977496561637263,-0.2599415688649969,0.007438240735407722,-1.0441434534335068,-0.0786942919751168,-0.08742176902942189,-1.4007352198910277,-0.19865464828666715,-0.2521178117212059,-1.397429388740735,-0.2390700290556308,-0.3632233114248008,-1.3265705566925974,-0.24841748838272748,0.1393020166106686,-0.9859049992931326,-0.09266218504335655,-0.20614464650427583,-0.9846327016602705,-0.1800357012053965,-0.25435239181497177,-0.7043174078539961,-0.1657584263632577,-0.148110617063219,-0.597714270460957,-0.1418862446855827,0.2077902749855607,-0.8379497758870906,-0.12558215637780273,-0.19037112860501101,-0.7521404332159295,-0.1999059050392406,-0.19489800643663704,-0.5243624801698218,-0.13926035730323919,-0.07896256301102111,-0.4765670588985422,-0.0929582352962012,0.23537757154226077,-0.6723713674723795,-0.17340325138374638,-0.09197625095170174,-0.605989706589131,-0.2306176999304436,-0.10376590015926479,-0.4444851214552453,-0.1973994101748648,-0.01810229936533179,-0.39572201272629054,-0.15664517954134566,X
0.0,0.0,0.0,-0.20969050419676485,-0.30651059918197604,-0.07649542717965818,-0.30485065735790406,-0.6470790542535885,-0.14388839367266784,-0.28494223651108014,-0.8869485171570389,-0.21977496678350653,-0.22534249456271307,-1.0338293720036258,-0.26847452771610597,-0.0018705677092755607,-1.0470451747785388,-0.07967809554430845,-0.08019677731286759,-1.4026395716901532,-0.1984404493643103,-0.23749584130414528,-1.4114336881582072,-0.23704441919109812,-0.35040744303199334,-1.348056184426565,-0.24670479290334854,0.1284716861494224,-0.9870927704854813,-0.09561845174034783,-0.21559172076458535,-0.9839778778971987,-0.19116915658899553,-0.26408949665863873,-0.70329440351886,-0.17876080971279024,-0.15432951103595843,-0.6033300759927225,-0.1544922848852069,0.19641232973444386,-0.837307260327171,-0.1306745460849965,-0.1953312204860374,-0.7495423296668137,-0.20776423941452765,-0.19723112814795662,-0.5256091243526074,-0.14264816132844596,-0.08111447662635139,-0.48385506856718885,-0.09386316721420405,0.22226898879504706,-0.6699218589734237,-0.18126157920289798,-0.10228762430600742,-0.5993779260803235,-0.24125856419386735,-0.11316536317256748,-0.44539272230320337,-0.2077790551190911,-0.02604630007901523,-0.40476368854299566,-0.16704144167486557,X
0.0,0.0,0.0,-0.22022688539702398,-0.31268016790246295,-0.06109836386179487,-0.31812034942743533,-0.6496947313535044,-0.11826078690121032,-0.3125388420119298,-0.88734969483493,-0.18564274826849722,-0.26594475344382407,-1.0271290763373995,-0.22742281553274785,-0.031592585638164625,-1.0516438306415157,-0.06511977645415595,-0.1215444960212282,-1.4046332190060067,-0.17908772658935984,-0.28123948356160605,-1.4073717686603178,-0.21971187785813232,-0.3902544299164229,-1.342174770455215,-0.23128853530412233,0.09853702560267596,-0.9915293729322809,-0.08461653028749824,-0.26012058851287245,-0.9726036249684742,-0.1739702151460894,-0.29845682263100853,-0.6998350422333149,-0.16338258656616986,-0.18760002497630443,-0.6001254924395217,-0.1419205315851085,0.16681550506177106,-0.841139012832434,-0.12149353252460249,-0.23877211099706866,-0.7405359373062494,-0.19313059293019968,-0.23044388202201724,-0.525182583911203,-0.13287754932218718,-0.11123558949735761,-0.4877894837972372,-0.08774446521749882,0.19289215080643257,-0.6746794182786587,-0.17207521040965212,-0.13631064808040383,-0.603874954841422,-0.226494366922985,-0.14529455227547985,-0.45609498969379014,-0.19254868117242785,-0.059004809118395306,-0.42002400770677134,-0.1522415036867083,X
0.0,0.0,0.0,-0.2313157973467029,-0.3067965294929153,-0.04608382455742799,-0.33369150381164897,-0.6335003285461687,-0.10162089671694964,-0.34194826519916743,-0.8644443051155404,-0.17194088601675853,-0.30613070657246966,-1.0058104903669873,-0.21905000507971822,-0.060679590773270065,-1.0475539658479838,-0.06205866455231988,-0.1410569536858843,-1.396288517407437,-0.167136850603153,-0.29579122880283737,-1.3887039864412722,-0.20081966672623358,-0.40198450573633604,-1.3097995129765228,-0.21120455417621423,0.0758744684338958,-0.9929364281077254,-0.09121575947469707,-0.26265683439697046,-0.9713359067856849,-0.17585473150801292,-0.2966373903720286,-0.7043009848842051,-0.1630711287679113,-0.18282048743059287,-0.6119297088950325,-0.14364480483279693,0.1534043007980377,-0.8433047524095518,-0.13555574120908037,-0.2250856634927697,-0.7473291178661005,-0.19973452394563831,-0.21647509662032818,-0.5392900069340523,-0.13387752153737054,-0.10303967213875172,-0.5029602196840381,-0.08944550742807869,0.18120022546184303,-0.679339775767056,-0.1931018086668987,-0.12567300831730496,-0.6027786832503463,-0.24487857159333773,-0.13204485008987135,-0.4609231135092552,-0.21057209204853983,-0.049230965310220316,-0.4245675105309448,-0.17277745955017065,X
0.0,0.0,0.0,-0.22829981716529243,-0.3125109424124148,-0.04515549599887479,-0.3293124860282847,-0.6429213437292705,-0.10671444300592679,-0.32602338840680806,-0.8831667767218457,-0.1850501294355438,-0.27484510378853877,-1.0246634217241872,-0.23956766623059747,-0.0672266267381188,-1.0406643517528285,-0.0737901214490712,-0.14434174233438432,-1.3907554191654052,-0.18981405685008756,-0.3054636463611525,-1.3744425919485206,-0.2260553132010889,-0.4220259937023436,-1.284693827413142,-0.23592665003800434,0.07102963424234061,-0.9918196716708595,-0.10605908705107661,-0.2622738342870745,-0.9593977962644017,-0.20278255368335982,-0.30494285707693786,-0.6888629163911298,-0.1899939787638571,-0.19958724065925634,-0.6018254727186787,-0.16883914524987254,0.15475102047674563,-0.8473200749622166,-0.15351904355449555,-0.21505008993512448,-0.7379548830664602,-0.22804364615553047,-0.2133159229755138,-0.5291841992347914,-0.1609420804285844,-0.1089550308243614,-0.49714738438085365,-0.1141688090461671,0.19124234074703947,-0.6843890742787516,-0.21362504818852726,-0.10590355144823504,-0.596851851386033,-0.27003260757242864,-0.11589746248565691,-0.4620295273174478,-0.23516101448865226,-0.03855253769435775,-0.43464709238201904,-0.19662748811322023,X
0.0,0.0,0.0,-0.2644428933530663,-0.29521273231502365,-0.05243262036445287,-0.367072672826277,-0.6487278440896596,-0.11775878306578812,-0.3355462998209221,-0.9136699910371237,-0.1989607292626411,-0.27871930893154667,-1.0847630596018405,-0.2545591005250209,-0.0835476555536877,-1.0506001016748134,-0.07724177322602048,-0.17726250065869587,-1.418437158443771,-0.24007346059971382,-0.346188212031381,-1.3999655604409822,-0.2972328947237236,-0.46420752280139904,-1.3142523139226012,-0.3113893294978506,0.06312005889706136,-0.9913688828825422,-0.11490690239081253,-0.28011953471614887,-0.9997384454980595,-0.2524919767344587,-0.34304491611099225,-0.6956072463601559,-0.22493053879506839,-0.23354961472488409,-0.627150237188076,-0.17802702261521203,0.1473131724192924,-0.8417091793200839,-0.17627065671251496,-0.2200057909969882,-0.7714706355057309,-0.2901540027359405,-0.23816260803852943,-0.5304269181828645,-0.19127967640704738,-0.12939754353322083,-0.5060941928804358,-0.10748981466407673,0.185987074969286,-0.669831905816997,-0.25192671039327813,-0.1226115018505635,-0.5945976860989531,-0.3373198036755895,-0.13611332861729544,-0.4358368093078036,-0.2917139739709514,-0.04453561859207958,-0.4136645725355341,-0.23416246190869186,X
0.0,0.0,0.0,-0.262846391034684,-0.3096029355363322,-0.049123444340230416,-0.3628226956139504,-0.6720352783293002,-0.11945231469142399,-0.3198914495114958,-0.9374604663021927,-0.20976334358489176,-0.25407489840001346,-1.1106204601390701,-0.2748322575716891,-0.08183674235710321,-1.0483381845689148,-0.07925464559620643,-0.177789486727029,-1.4088010470912047,-0.24233145382856955,-0.34814236405116095,-1.3873373150913795,-0.29756453671068606,-0.4688453882285764,-1.307082188409501,-0.31283517489796464,0.06225420838618867,-0.9900802654402694,-0.12595825309972614,-0.275510463686851,-0.9883665747539678,-0.26840462362078316,-0.33311029692759847,-0.6757071029778678,-0.23968415604154894,-0.2196396486016635,-0.6154968225701837,-0.19279338421374126,0.14931065072891156,-0.8410086834201799,-0.19663897409212344,-0.21629666783900248,-0.7426698302970078,-0.30953626060942147,-0.22951113597817424,-0.4961503789511542,-0.20623813762561777,-0.11835155152353222,-0.4775002328504495,-0.12348462101349891,0.19448149886546762,-0.6699141158303771,-0.2824486910335636,-0.10954781148600644,-0.5690537944851837,-0.3655839138829518,-0.11902834886740786,-0.4083739436693731,-0.31878390008131274,-0.024685386885694507,-0.39151890299427733,-0.2638914303918548,X
0.0,0.0,0.0,-0.2637710321472341,-0.30910804997894287,-0.060268269692667416,-0.3581402154296843,-0.6672392369235942,-0.1147707966260884,-0.3249148142220142,-0.9349714688551947,-0.18296780649571423,-0.25943236485031834,-1.1005519634059102,-0.22488654624741394,-0.08948746221557166,-1.0481293136821428,-0.052619383995981144,-0.19189872051729834,-1.3920827055981853,-0.18805250039233706,-0.35576149776663163,-1.3576526739726031,-0.23797559242398658,-0.4655613224475875,-1.2609266719056909,-0.2533282670913696,0.05326268302268758,-0.9954538663774519,-0.07896003110059463,-0.2855579191043886,-0.9799269851704032,-0.19428774984438701,-0.3346250459227046,-0.703536051901316,-0.18132573877437563,-0.22461545303630148,-0.6451104201077436,-0.15084187546605718,0.13840513879227778,-0.8486426317331848,-0.1274792657453995,-0.22378003002761085,-0.7484775452504094,-0.2175863677761806,-0.23201208742343246,-0.5276895935818157,-0.13749968353560088,-0.12262430743174803,-0.5128016217624204,-0.0728984959436807,0.17228865893022477,-0.6786256933136005,-0.1915553244718173,-0.12849743299341906,-0.5845786540609442,-0.2591466214446357,-0.1418935917326829,-0.44381612019792566,-0.22201930590352054,-0.05521225950353403,-0.4327143492295979,-0.1753249778079364,X
0.0,0.0,0.0,-0.2611858153350715,-0.33132751089195484,-0.03147445728928693,-0.36587294056830605,-0.6780494861035963,-0.09137677853020965,-0.3413697670021805,-0.9362483329032995,-0.17397134201309924,-0.2917355881486656,-1.1001757293255083,-0.2341937803117412,-0.09503831287785915,-1.0470413695545109,-0.0492919179394563,-0.21874805269363612,-1.374206634577474,-0.1825996775088044,-0.3818078894256784,-1.3465428470378846,-0.2299603026238274,-0.4875490930074624,-1.2625499478807758,-0.24557029802613647,0.03992986861512371,-0.9943822700050773,-0.09802809134084295,-0.30640343070103304,-0.9657646245208036,-0.20914425774091022,-0.34519511592839797,-0.6871314953375878,-0.18694548596337204,-0.223443631311265,-0.6331402558814024,-0.15253080291047427,0.12087038420636796,-0.849200570893456,-0.16630359906343223,-0.2531014329947405,-0.7368013377791574,-0.2516175170953226,-0.25326773592941304,-0.5235635955115459,-0.16367236051533218,-0.1404788733477567,-0.5069546620542507,-0.09781335887466422,0.15310912352163636,-0.6841750411021593,-0.24831930270056715,-0.15266304259938973,-0.5810424287364888,-0.31467631917162164,-0.15401482608672792,-0.4455759105826122,-0.2745576910042134,-0.06139419933598309,-0.4304030563662392,-0.22821366886312608,X
0.0,0.0,0.0,-0.26624188625622863,-0.3161346805560295,-0.055222456014162064,-0.36281070233773743,-0.6710148474539505,-0.10883301459081544,-0.3340551268077966,-0.9347203060698774,-0.1773987804802157,-0.27774886575424174,-1.100542786407041,-0.22069258904045033,-0.1076122575399144,-1.047466619039731,-0.05704830069026934,-0.20602866172598147,-1.3803836547423687,-0.18138764983500194,-0.36459766947418376,-1.342051510734005,-0.22121947502643283,-0.4686097365257176,-1.2377514940839394,-0.23062038266612694,0.035689147022846306,-0.9956521014387,-0.08604172060972821,-0.29446828320784196,-0.9576207455459999,-0.1926829989270208,-0.3355357070767472,-0.6941701266686325,-0.17766434713769497,-0.22172234923187867,-0.6334692315477779,-0.1475204621475519,0.12210375788519671,-0.8481302032966552,-0.13496774681705676,-0.234083427974883,-0.7314041430762934,-0.2195458826145844,-0.23953680531965385,-0.5241597799611372,-0.14099772320287007,-0.13269292820357872,-0.5046651191425395,-0.07865880705034094,0.15837498203816247,-0.6803359970125896,-0.19884818999608694,-0.1359039089094317,-0.5745437199388895,-0.26374904189532467,-0.14411785702819194,-0.4422604659210864,-0.227405347691706,-0.0585679637332727,-0.4290431642686029,-0.18182064813131904,X
0.0,0.0,0.0,-0.24689679936969125,-0.30935900925744736,-0.032709127254773415,-0.3537136207088366,-0.6442831077359834,-0.08522963845909015,-0.35314126075484636,-0.8943742630811685,-0.15590210744546518,-0.31669456920794636,-1.0534420217190554,-0.2034245776209334,-0.09567357979061195,-1.0399952342517111,-0.07036106934962266,-0.18958621553641863,-1.382231028246473,-0.19001246363071406,-0.35111384663017864,-1.3465655829163123,-0.2225015600053713,-0.45994764744256855,-1.246454184522277,-0.22678155450601906,0.04703361158714916,-0.9930362110988092,-0.1080135307616145,-0.29166956981515035,-0.9432175137530978,-0.2051738068371733,-0.32644169304291476,-0.6696816290028723,-0.18076591321263014,-0.21224332199329415,-0.5929227872596392,-0.14758340768118797,0.1326369798172452,-0.8463731274259474,-0.16136511847407367,-0.2409150388242077,-0.7183038196520586,-0.2390300720139819,-0.23137428920627562,-0.5108724178391376,-0.16196564232519223,-0.12058766270346523,-0.48530500980662156,-0.10443975926631648,0.1676626264277359,-0.6816016723795761,-0.2263977912147886,-0.13463038470764477,-0.5766497551308967,-0.28931530938802397,-0.1370319004092622,-0.4394294512931603,-0.25294368936108524,-0.051232206144981786,-0.41448657647175047,-0.2090412944466054,X
0.0,0.0,0.0,-0.24424065340725423,-0.28120797827884736,-0.06180956211880475,-0.3584423589227199,-0.5957496618170162,-0.1260974790983223,-0.3676785963955945,-0.8344575227325836,-0.20153558042695416,-0.320921446181543,-0.9758666253798967,-0.25126521540232244,-0.09604556649519293,-1.036199408990874,-0.07465908762855779,-0.19782549319068427,-1.3677524426970578,-0.1887531979407126,-0.35357772962972234,-1.3345552055275378,-0.22248125016871784,-0.4588298288828366,-1.2450022410149895,-0.22937546857748004,0.04135532851102224,-0.9943257910702448,-0.09800998936984683,-0.2964970336428506,-0.9406879487015616,-0.18773852393767998,-0.3184262501254678,-0.6698629256254409,-0.17119077949947145,-0.205475807505469,-0.5937771915890149,-0.14573163263076497,0.12034923129647787,-0.8508342721720513,-0.13919866888445812,-0.2520292682455552,-0.7254095852615113,-0.21366601434178412,-0.23714392696205328,-0.5106468108024358,-0.14697128609421078,-0.12651681740447146,-0.4855135357478129,-0.09751258608794151,0.15228527185091992,-0.6863017849234474,-0.19456825755736543,-0.15042872716634015,-0.5854430901670264,-0.25377237049948276,-0.15030836520445154,-0.43906191974470943,-0.2209522771216017,-0.06696966563768064,-0.4110017658283916,-0.18117982173097325,X
0.0,0.0,0.0,-0.23168428873729646,-0.29712723009539377,-0.04187146042049567,-0.3491060256324371,-0.6162992787548085,-0.10519639390449097,-0.3579644142067308,-0.858218094472491,-0.18541715256730232,-0.3127897522352762,-1.0033178217770087,-0.24145499417609162,-0.08970451027251622,-1.0314264535512963,-0.06985322046377658,-0.20060537992209823,-1.3621670604415093,-0.1899014809114179,-0.3534015297002994,-1.3368895606982254,-0.22346552534543457,-0.45519175063383116,-1.2556853367805596,-0.22891950253394722,0.044964126193053795,-0.9934348895465518,-0.10519195590598036,-0.2915736790535057,-0.9445105853617793,-0.19659239168481552,-0.318062907899567,-0.6652098024159037,-0.1683851071511829,-0.20130282753709133,-0.5975288657334061,-0.1324755625609201,0.12736897823609072,-0.8546387948435157,-0.15767602534892539,-0.24525733897463234,-0.7232166200808856,-0.2291268563511517,-0.23037915830737382,-0.5058880004880894,-0.14881317485160075,-0.11831192044545152,-0.4831269774851814,-0.09022842451264859,0.16503574295361145,-0.691254417977215,-0.22344688814414204,-0.13982197813233446,-0.5888394799703196,-0.2807290799391009,-0.1375347939942533,-0.44310776253827533,-0.2411513920138296,-0.05117608003284979,-0.41490304989057203,-0.19570037790870373,X
0.0,0.0,0.0,-0.23848253491779586,-0.29062924938594786,-0.04957045724189758,-0.35559548542306,-0.5852707783375022,-0.11454324099233153,-0.38516217351936,-0.8012989280813423,-0.19492621140487956,-0.38015225415883336,-0.9551255098759077,-0.25199799997603695,-0.10084850083064656,-1.0326378902108495,-0.07458128268754224,-0.20417518534856216,-1.371674670903414,-0.18731943032170137,-0.35419040114733147,-1.3412645390277937,-0.22077421963497912,-0.4540174821053636,-1.233459429248053,-0.22721096706274801,0.032449694838489765,-0.9938743038774815,-0.10564509168409157,-0.3043728235802705,-0.9391400548136084,-0.19739681168154533,-0.3295527426984565,-0.6741867357727128,-0.1815211756394638,-0.2162352423889569,-0.5917185497973517,-0.15516713859071335,0.11305573221015679,-0.8547838804650902,-0.1522464722569783,-0.25700028738747166,-0.7195218623167641,-0.22163123865550274,-0.24072010915752878,-0.5176688858151616,-0.14905351701196778,-0.13037886345393332,-0.48879462864258805,-0.09586663479498767,0.14534327313303075,-0.6934313721920659,-0.21256026248339055,-0.1540819835738956,-0.5840516280550837,-0.26763302657058236,-0.15079733693679145,-0.44901018417072447,-0.22901127810220173,-0.06603409259687756,-0.4213095768169498,-0.18415172970644686,X
0.0,0.0,0.0,-0.2556264188892061,-0.29604646662600476,-0.036607743808651824,-0.3511931401748192,-0.6451659687248302,-0.08267605844722428,-0.33495795855726307,-0.9055804628221191,-0.14645081505496033,-0.2913999991467946,-1.0799388804338832,-0.1866199907319519,-0.10097729251000495,-1.0342860899539843,-0.0396738672274232,-0.1994553531030918,-1.3639100610585926,-0.15513608909247717,-0.35852321861384684,-1.3462583204933691,-0.19514806333235724,-0.4655994693077833,-1.2504151269751955,-0.2074844566459715,0.03596450986209555,-0.9965041845729026,-0.07540533243129299,-0.3088397134458626,-0.9469963885868663,-0.1703444822194983,-0.35072053642118056,-0.6748051407003749,-0.15061464823307005,-0.23746672080402006,-0.6042253440037954,-0.11905861816706924,0.12105534182836658,-0.8548752627069088,-0.12909996683064398,-0.24706021094208824,-0.7269751619892152,-0.197026123795056,-0.24443112377447612,-0.5172157754771954,-0.11201292320872046,-0.1351280674610716,-0.4949718022296021,-0.050068867948236236,0.15803673004827076,-0.6882871598069258,-0.19701874237177378,-0.14548566134432148,-0.5805697247297406,-0.2546032242809605,-0.14755949208389182,-0.4432246774916125,-0.2133732670336204,-0.05839979804134933,-0.4263406049477396,-0.1656804341889145,X
0.0,0.0,0.0,-0.23034615853791066,-0.2704133993476703,-0.04279818160990075,-0.3508645551394686,-0.5817990580667781,-0.10375237143949904,-0.361522808910108,-0.8305395770900387,-0.18433150722878144,-0.32432118579796765,-0.9903916134436792,-0.23974567987835835,-0.11328117519464932,-1.0195576523021024,-0.04885848270089482,-0.21805239517733788,-1.3518687780984529,-0.16224151707606654,-0.3651130634629539,-1.3232308039415221,-0.19068274757028764,-0.4620554246770063,-1.2224326465448938,-0.19363937936421466,0.017366953118787717,-0.9962595071905597,-0.08464858694504536,-0.3097214270927517,-0.931854273785009,-0.17969183499085678,-0.3414889140908675,-0.6398773939714054,-0.15553215455987981,-0.22811059621252078,-0.5776323504134983,-0.12117918119072035,0.10628543842518053,-0.8744067250242396,-0.13859253320433434,-0.2560692118837448,-0.7240843676470217,-0.2118179129548527,-0.24823157185556538,-0.49575991117604085,-0.13254530967271866,-0.14417254861041717,-0.47970154867210696,-0.0748707173302427,0.15248236428195433,-0.7282261950649289,-0.2065176453131361,-0.1465764184103863,-0.6074169192410003,-0.2607799751174928,-0.14686857823310706,-0.45532715043779276,-0.22089268152477995,-0.06160474338287738,-0.43519117347636177,-0.17684182461000392,X
0.0,0.0,0.0,-0.24488386632667478,-0.24141525425698246,-0.04519599299824795,-0.3504590286200427,-0.58824475111745,-0.08316991606871964,-0.3473940825900902,-0.8588220064340671,-0.13567659964093845,-0.30265786207667333,-1.0195523468742456,-0.1615908317698344,-0.13171395074205705,-1.0131839000305847,-0.03187204940673023,-0.22394662916749114,-1.3563441363745186,-0.12998289242843297,-0.36978269507229333,-1.3182653074027344,-0.15560314542398565,-0.4595461765801494,-1.215875826467232,-0.1598770963012346,0.0042560797706927235,-0.9984071715880446,-0.05625838165594779,-0.31734456296904107,-0.9271113658377854,-0.1429951196140232,-0.33636698338802307,-0.6565326525851332,-0.13010878748309562,-0.22462602735988396,-0.5867334181749839,-0.10606270675115032,0.09451890437059722,-0.8805007863091431,-0.09776804165188767,-0.24677353367026958,-0.7292226096690311,-0.16152118115377884,-0.23223718243152955,-0.5155114204365056,-0.09305180082009197,-0.12728528779320017,-0.49616807184778,-0.04367438616278389,0.14164322410963529,-0.7378016520260303,-0.15337671763651534,-0.13881719734744757,-0.6175057095854725,-0.20538748084933087,-0.13674455903143798,-0.4704839772000619,-0.17460491554584442,-0.05306686701842269,-0.44871280062875657,-0.13721378816777846,X
0.0,0.0,0.0,-0.24392478542098464,-0.24267936027844877,-0.04856956961477837,-0.3584860442826798,-0.5704579136637588,-0.09200981776658534,-0.3673508623905661,-0.8246104524605218,-0.15058915042878104,-0.33594031478970793,-0.9928222799038798,-0.18508770926569787,-0.13945901272420166,-1.0059705698138042,-0.02659728554822115,-0.23603029123193195,-1.3338328377767903,-0.12889015426349756,-0.38274031634246003,-1.3133029079458414,-0.16517089306845129,-0.4784267162783213,-1.2136301819667887,-0.17713154503411324,-0.006401295758943858,-0.9986388489227755,-0.05176362462965908,-0.3285967517930234,-0.9313010835307173,-0.141321541315628,-0.35398513320217245,-0.659666499619514,-0.1358094396651336,-0.24756049404363614,-0.5836203230073499,-0.11792327130854013,0.0865595980136148,-0.8915212643971189,-0.09504239314554161,-0.255162032757382,-0.7484436685569068,-0.1615661788800265,-0.24580585835788968,-0.5324367383132058,-0.10060838207009111,-0.146496867208719,-0.5064008670040315,-0.05726130510052521,0.13809152280028794,-0.753105085715614,-0.1525123767071656,-0.14385589546117658,-0.6378378551705767,-0.20325007196343886,-0.14589510605515024,-0.4893074251413508,-0.17299698771070016,-0.06698623704031414,-0.4647370599536742,-0.13760676386444215,X
0.0,0.0,0.0,-0.24801407259702657,-0.24753474828763705,-0.0458727478439285,-0.3717120136052565,-0.5724482846435135,-0.09494914011230626,-0.3756823924630251,-0.8295436856416007,-0.16125746734616445,-0.3360661657769561,-1.000705973108132,-0.20353938031005936,-0.16420410832773058,-0.999778052730821,-0.035162808481970446,-0.2755366061365843,-1.3276238247305028,-0.13605437217476365,-0.4269938422381023,-1.300102650847647,-0.1682244389316389,-0.528151938301166,-1.2024861885622815,-0.17869705871409522,-0.0306537322807741,-0.9974554871522492,-0.06436536216885655,-0.3408302215736458,-0.9166495484006306,-0.15432082743561992,-0.3497298091955223,-0.6366035954895549,-0.14580868532148675,-0.2353861250103599,-0.5647928735478625,-0.12807952106742065,0.06671128415847831,-0.9023769600670722,-0.11064450721038704,-0.2730192470744879,-0.7417853689531106,-0.17471724157271937,-0.2495711514523014,-0.5191223674985662,-0.11094138825129629,-0.14360549057807995,-0.49617317524227994,-0.06965627360714759,0.12634999672761704,-0.7816787843188531,-0.1713872496911797,-0.1605308597812666,-0.6454406389031336,-0.22051251878538075,-0.1517772086454183,-0.491555418506739,-0.18975133963372112,-0.06807619819985267,-0.4685065180922968,-0.156889411563969,X
0.0,0.0,0.0,-0.2555515956467618,-0.24607688387384755,-0.022462198275372262,-0.3821965808472378,-0.575832440372385,-0.0726782868472867,-0.38945753052574794,-0.8470140038679651,-0.14745409932276876,-0.36137026410468476,-1.0229611406406065,-0.19930899416827014,-0.16739534347645005,-1.0008559460682236,-0.02378506864393429,-0.27803576772903404,-1.3335819408944565,-0.13287788579322063,-0.4293779563710504,-1.3046297580980875,-0.16408992408624204,-0.5326883764747756,-1.2185658746477177,-0.17306386535402718,-0.03713742107998212,-0.9968711560299179,-0.06977614371046287,-0.33468929745278503,-0.9419630785203098,-0.16130099351567845,-0.35073222199531523,-0.6360616398001938,-0.13773250183352703,-0.23306925040232945,-0.5840758634411993,-0.1082123323172567,0.060973635847572476,-0.9065115547408895,-0.1332049126020377,-0.2658997185909375,-0.7758805920575118,-0.19771174417388998,-0.25299219583304655,-0.5280478429938338,-0.11346840739062004,-0.14859517258214228,-0.5119899383810164,-0.059386317483722965,0.12523941616644851,-0.7914341980846218,-0.2101581502255144,-0.1552428527977943,-0.6665692836753551,-0.25970932263073254,-0.14789585905702435,-0.5003659518894469,-0.21928295404566672,-0.059977643857253016,-0.4833807443890906,-0.1801651608230656,X
