feature_0,feature_1,feature_2,feature_3,feature_4,feature_5,feature_6,feature_7,feature_8,feature_9,feature_10,feature_11,feature_12,feature_13,feature_14,feature_15,feature_16,feature_17,feature_18,feature_19,feature_20,feature_21,feature_22,feature_23,feature_24,feature_25,feature_26,feature_27,feature_28,feature_29,feature_30,feature_31,feature_32,feature_33,feature_34,feature_35,feature_36,feature_37,feature_38,feature_39,feature_40,feature_41,feature_42,feature_43,feature_44,feature_45,feature_46,feature_47,feature_48,feature_49,feature_50,feature_51,feature_52,feature_53,feature_54,feature_55,feature_56,feature_57,feature_58,feature_59,feature_60,feature_61,feature_62,label
0.0,0.0,0.0,-0.3170658864988742,-0.1648357463705202,-0.08004262284189664,-0.5523925178852305,-0.621442254107308,-0.11959070722930336,-0.68283982366227,-0.9424537022137727,-0.17834718175112807,-0.8312711103892876,-1.1302040848803199,-0.21718923289593708,-0.28926190284921577,-0.9875291502536159,-0.005416681736647818,-0.28245367884332934,-1.30523725563012,-0.14384666081162906,-0.28608174314597096,-1.0232370385152123,-0.21503739676402273,-0.29632797764185176,-0.766189720003802,-0.22439386543892414,-0.09390584816172691,-0.995350624118353,-0.021420241554005962,-0.09608405750180468,-1.213813869622577,-0.20493777785557896,-0.11308813136708058,-0.8238739233255921,-0.26813715387800724,-0.1316000395744122,-0.5460062652099587,-0.25466410294977787,0.09291112206629212,-0.9701966500629757,-0.06169093361076059,0.12712229024388239,-1.2478805524455232,-0.20909478822256214,0.07770125992548203,-0.9238187962173594,-0.21570980937602055,0.025958646338164713,-0.667195949744625,-0.16406201430268846,0.26585027398073974,-0.9269773757362246,-0.11124569392367173,0.2868037994439235,-1.3207893443000391,-0.168059998160746,0.29581060892964517,-1.5677012004207957,-0.17653823205739447,0.30128104674163403,-1.8023422673231289,-0.16050505809685964,Y
0.0,0.0,0.0,-0.31535663747540904,-0.16007558077118292,-0.08432114607461434,-0.5527700568354549,-0.6219361082328559,-0.12715415227136387,-0.6856054176169943,-0.9467323541310008,-0.1880632414180405,-0.8339176396306831,-1.13592748936909,-0.22888613015646042,-0.28950356744163686,-0.9857771031468272,-0.015689818808552903,-0.28672387729155585,-1.3160341251575969,-0.15444132774239577,-0.28740955278227126,-1.0351346791962273,-0.22360694931475697,-0.2957880277334715,-0.7758373568575685,-0.23071876472398037,-0.09537376193978948,-0.9950120683829873,-0.029237464077133672,-0.09730681293015005,-1.221586368990305,-0.21269489970795755,-0.11101920752273274,-0.8276079939148874,-0.27344167762604454,-0.12939601698099795,-0.5474050968560541,-0.2575847116558868,0.09125952312520959,-0.9708951197699326,-0.06668601714807731,0.13011514912346958,-1.2582192651550816,-0.21371402649451016,0.08322230602192295,-0.9254359871312847,-0.21651279158284936,0.03228845699908507,-0.6630372331748223,-0.16165202614458762,0.26571309998863685,-0.9286448517752832,-0.11354655367027183,0.28897662517647604,-1.3314855221603539,-0.16819505524016898,0.30069853485985,-1.580551614521667,-0.17312720463815223,0.3080327905356805,-1.8163808614210546,-0.15426511109291993,Y
0.0,0.0,0.0,-0.30837167779324853,-0.15993031145124784,-0.08968169707194312,-0.5431524620308791,-0.61655658087222,-0.13653061487108226,-0.6762622925409403,-0.9439216829842186,-0.1999163059518321,-0.8278799331126313,-1.1348547568604839,-0.24217965149553722,-0.28561184475349144,-0.9851273132001757,-0.0258657082169544,-0.2863744008283328,-1.3073392733430969,-0.16727494043621544,-0.28473795990807116,-1.0197643619374799,-0.23785321765525652,-0.28988981377567097,-0.7628067025860328,-0.24625706771798994,-0.09310875919031833,-0.9949464187579875,-0.03758168121165896,-0.10012559998323596,-1.2183532669468864,-0.2238750624438381,-0.10886702464039423,-0.8237770538841804,-0.2858231977726756,-0.12134946401799766,-0.5462301044902714,-0.27115052584661675,0.09127763093241623,-0.9697725915416362,-0.0730163321597701,0.12747677873326493,-1.252188932550519,-0.2206511054576581,0.08036391514024294,-0.9219181495264109,-0.22314112062325298,0.028105454172513214,-0.6623855753208965,-0.16854022411638173,0.2621512845098261,-0.926648334174537,-0.1184807593875187,0.2848249987650692,-1.329095675331669,-0.17351292837041665,0.2961891820454693,-1.5793552069986987,-0.17857720283843395,0.30184615570685275,-1.8164079262213748,-0.16007513172892385,Y
0.0,0.0,0.0,-0.3080771539981437,-0.15791626616247706,-0.08821225587414588,-0.5450427066775557,-0.6162711384561237,-0.12890375366688997,-0.6775240463563609,-0.9423565982237766,-0.18744720822434174,-0.8217819697495918,-1.1356734107532311,-0.22464977731581942,-0.29328865535211374,-0.9824611754131741,-0.012151068562351383,-0.28871906209179726,-1.2969531836707129,-0.15571166731278263,-0.2856834876165214,-1.0115523267270452,-0.22671437053806404,-0.28995871213580604,-0.7537316199302758,-0.23437096109967928,-0.09783899915321437,-0.9949215933026387,-0.02363373488968536,-0.10134336272635772,-1.215213128431237,-0.2132479405983489,-0.1123809983675018,-0.8170657423407053,-0.27437846996746235,-0.12715665850146185,-0.5369806713195895,-0.2570861405049955,0.08865597828422841,-0.9718263939400528,-0.060744585994824206,0.12035884976775246,-1.2485751024888259,-0.21457484667260435,0.0728886347965244,-0.9139527658239348,-0.21939332365976202,0.022492522924560693,-0.6537443708931326,-0.16349570303260627,0.2629699588770428,-0.9302775758464464,-0.10784453598536423,0.2877686453839923,-1.3224859579570891,-0.17010463662044412,0.29707840070784,-1.5666144833349422,-0.18046988958079754,0.29927378627179696,-1.8006418508234947,-0.16381925646268275,Y
0.0,0.0,0.0,-0.3090530689706608,-0.1542407782801732,-0.08896835012393463,-0.5442972618346462,-0.6125305777579649,-0.1328681995050036,-0.6766793475116918,-0.9369597977910488,-0.19462579788204654,-0.8203397813504013,-1.1362892044075728,-0.23542812917135625,-0.29668601176189996,-0.9827317922069361,-0.01660351553142964,-0.29552936196757174,-1.302552641068062,-0.16065765673674343,-0.29733209328502913,-1.0117946896536767,-0.23192349594484946,-0.3054687802813601,-0.7522770537802257,-0.23940194941448142,-0.1002755716392286,-0.9945547710740478,-0.02838339419932702,-0.1042360200753953,-1.2170655054095154,-0.21776728636201417,-0.12010119722087077,-0.8198461522356936,-0.2786795724983101,-0.13973091777526603,-0.5385904231884823,-0.2613418164808492,0.08720222525328804,-0.9722731519224369,-0.06541473495850482,0.12551252123476847,-1.256604534661045,-0.22104335605168013,0.0767003164712296,-0.922232398010115,-0.22463675874365815,0.02418745837814564,-0.6580637668915785,-0.1677746226229104,0.2595003284744272,-0.9349684342363597,-0.11179931808843992,0.28239470319998344,-1.3284635665585616,-0.1728617551173297,0.29095505322986254,-1.5730545374107237,-0.18021714653565887,0.2958027820478929,-1.8074395744162588,-0.16167456999759772,Y
0.0,0.0,0.0,-0.3056406209607631,-0.1534938659125237,-0.09358104223633616,-0.5446930566521455,-0.6120800821620797,-0.1405459190539464,-0.6784526781432171,-0.9404451212633428,-0.20384848490802948,-0.8223164595978869,-1.1387538510281165,-0.24557509204096556,-0.2928624910377738,-0.9827175596023587,-0.028062092846088644,-0.293330491012765,-1.305673443209826,-0.17268968818598457,-0.2904516099706968,-1.0192036992733975,-0.24370705044134,-0.2924797326003203,-0.7591833182036722,-0.2517516284929675,-0.09971069018704054,-0.9942898807778245,-0.0380185644816231,-0.10614246797080035,-1.2123973844649294,-0.22989048804040374,-0.11404581294578936,-0.8138794805050725,-0.29152736889301717,-0.12618766910262233,-0.529702881214003,-0.27455882573998025,0.08569499306031757,-0.9696700811493095,-0.07262764131040263,0.12036915171095365,-1.2516070188763477,-0.22502891276911685,0.07462427138597821,-0.9184877849071862,-0.22679716837879543,0.024924956968620432,-0.6566792646725901,-0.1697398223916121,0.2580445448259779,-0.9256000221353077,-0.11770288998351407,0.2819405278133923,-1.3220421197544778,-0.17714330537521655,0.2961399637186523,-1.5686192383639794,-0.18407736155463778,0.3057159207207047,-1.8040278744861122,-0.16552970971336467,Y
0.0,0.0,0.0,-0.30727493211998447,-0.15788769516542125,-0.08917482617459736,-0.5431343198974283,-0.6173558425054064,-0.13271259366342697,-0.6764016188689987,-0.942639369341937,-0.1930869765069752,-0.8228693850917629,-1.1360842724355342,-0.23332620409979926,-0.2938460225689234,-0.9812894746920826,-0.021469149372437202,-0.29632719013207726,-1.2940146866753723,-0.1620464567723364,-0.28970637119556736,-1.0087773318277706,-0.23143766122305395,-0.289649351706047,-0.7542735729170841,-0.2391859585879269,-0.10144386566706586,-0.9942857283721825,-0.03324202872751174,-0.10794809523203255,-1.2116616019149347,-0.22069586342972425,-0.11728362481656883,-0.8157379411420723,-0.28273568673445243,-0.13030775064330335,-0.5361792173721969,-0.26708713870855266,0.08282745776590418,-0.9688494798338688,-0.06913245852967313,0.11655658078246112,-1.244172548169758,-0.21980689224306893,0.07010719298875415,-0.9084048131826511,-0.22403908643008735,0.01990144138063947,-0.6455881409954872,-0.1691261983454471,0.25501575020556505,-0.9227271798786085,-0.11491291480415093,0.2756797589444543,-1.3210399208281949,-0.17468608815795625,0.28849657429491354,-1.5693896281730537,-0.18305726196316263,0.2982611163325502,-1.8065901125223074,-0.16586621605752072,Y
0.0,0.0,0.0,-0.30914902877265216,-0.1582689902100952,-0.09640991218870576,-0.5467875554259951,-0.6066262933701869,-0.1454061423249902,-0.6766882294886227,-0.9334113977794692,-0.21092751338749882,-0.812882584563525,-1.138817451682711,-0.25434977348123444,-0.2919827608030563,-0.9866147097391516,-0.03167269022800993,-0.2950678158716168,-1.3005880444811724,-0.1793309654202612,-0.2981867887619925,-0.9987231887875863,-0.24929725557292293,-0.3025528374577018,-0.7391642155836263,-0.25590985578004877,-0.09710085699032645,-0.9944236923584656,-0.04114539643629461,-0.10572313397489483,-1.2185644843157828,-0.23596145555861728,-0.12367281195863217,-0.8185395272235615,-0.2975405902759759,-0.14268915960356193,-0.54069958141954,-0.28072534884471984,0.08736277533782799,-0.9669394396531208,-0.07585701273384593,0.12161225844846686,-1.2479041335442054,-0.2350460639662099,0.07091666522817781,-0.9068509015347497,-0.23921852898565385,0.01868945317846258,-0.6452790431107431,-0.18239620835574114,0.25815440870165757,-0.921602862279627,-0.12067681886168737,0.2822089279329689,-1.3200779582544728,-0.18524025209111306,0.29372503680689127,-1.570347710926253,-0.19579966067409976,0.3024210163015661,-1.8148284247724948,-0.17945049136598887,Y
0.0,0.0,0.0,-0.30445462535198425,-0.1587916193272928,-0.08605984149752123,-0.5358152921535377,-0.6177304196403737,-0.12865184756033293,-0.6663658566006091,-0.9395235253763219,-0.1888290130309169,-0.8086871597977845,-1.134931248821731,-0.22806371074016846,-0.2909792935101892,-0.9842092709501763,-0.022361778956381088,-0.2933692986325432,-1.3054605947709876,-0.16704341369301537,-0.29440671843840016,-1.0086007651531261,-0.23682029172144892,-0.2990951701840681,-0.7459146893333685,-0.24318807589722025,-0.09853700758647994,-0.9945217308575008,-0.03488531192497642,-0.10583560610458444,-1.2161080719179007,-0.22405752484168046,-0.1177331041312479,-0.8161442530084505,-0.2839602427994544,-0.13278626978817462,-0.5384498788440447,-0.2666298786569392,0.08631431273952059,-0.9698776300386733,-0.07173034933814339,0.12017527206381204,-1.2522925561396456,-0.2245210625415021,0.07474164675825642,-0.915822550052587,-0.2276335043465213,0.02675751537585415,-0.6556360030178796,-0.1717155303628461,0.25763795602606765,-0.9289371195216701,-0.11771245359795258,0.2783980249398974,-1.3299074435644926,-0.1771837112483724,0.29165357990650653,-1.576795346597933,-0.18479388452422882,0.30262382014607847,-1.8138572170486305,-0.16708455346181963,Y
0.0,0.0,0.0,-0.3054771822795319,-0.16080274828060828,-0.0913702665471862,-0.5385864374066005,-0.6112850470994194,-0.13760128860349574,-0.6693590432164489,-0.9335087682883211,-0.20177472326339013,-0.8135126842040553,-1.1311052046412118,-0.24524553893224588,-0.2920294256384075,-0.9862185415492241,-0.023331602674919034,-0.2978621611263367,-1.2935384244081114,-0.16884075759777115,-0.30108818957973316,-0.9927741538231323,-0.23965494294681444,-0.3023758224234392,-0.7361430236800012,-0.2478190680336252,-0.09755299459164612,-0.9945900744178762,-0.035693096190242204,-0.1090365810303825,-1.2170821167380574,-0.2285148577953338,-0.12678101711377143,-0.820652703377641,-0.291241990487681,-0.1413008871320021,-0.5412346397073913,-0.2754852370675719,0.08765079823395763,-0.9661224937795977,-0.07294412333419516,0.1195343349980645,-1.2478246250793346,-0.2313753805884534,0.06832223009157426,-0.9100218077914448,-0.23703342923137027,0.019230588130426194,-0.6467305960146416,-0.1811681991744704,0.25852026154904817,-0.9196063003043915,-0.11981639692048687,0.28199177557015875,-1.3172361516098134,-0.18374651531234812,0.2919427791352961,-1.5695252225756644,-0.19439795714393499,0.300703764271625,-1.8123648891420692,-0.17830466020560962,Y
0.0,0.0,0.0,-0.3057283375156295,-0.1565196371458491,-0.08696597685174633,-0.5377767173878165,-0.6124612086759804,-0.1310406406826397,-0.6666757417560639,-0.9329126117358995,-0.19269269285744203,-0.810641847510534,-1.1225493595396407,-0.23387985334840602,-0.2816005103795549,-0.9875626581617689,-0.02590238300197239,-0.27696746825711693,-1.3099871204117337,-0.16616289467042514,-0.2879094987077819,-1.017326491481183,-0.23230911542277877,-0.30226361972594024,-0.7569911643356264,-0.23672677833016856,-0.08926297046410472,-0.9952612821413473,-0.03856296635744868,-0.09559448693656997,-1.216154722134126,-0.2259884475443627,-0.11111508571827713,-0.8193158293414762,-0.2857658626674715,-0.12984243657245373,-0.5401386640513519,-0.2682302183285368,0.09592262228338432,-0.9689910654196001,-0.0748173576921944,0.1302588379270212,-1.2502187534777043,-0.22642571513088852,0.0858004685574553,-0.9165920791768147,-0.2302702952871031,0.036358578231318835,-0.658255570861642,-0.17472175445281382,0.268801939255355,-0.9273669027864327,-0.12005856276245287,0.2867773671313504,-1.3351829108445448,-0.1777345013487234,0.2995222030918344,-1.581140988692715,-0.18344734789289197,0.3088682437830641,-1.8178903182696646,-0.16439670893605066,Y
0.0,0.0,0.0,-0.305357443516106,-0.16046833923222725,-0.0816604057972985,-0.5389518339499196,-0.6224083752391105,-0.12183149270180496,-0.6689505998925558,-0.9355150271263968,-0.18004579890918965,-0.8080594455307718,-1.123967826048756,-0.2176910394685417,-0.2818985259532717,-0.9863617921768065,-0.01878668063644614,-0.28006005047105975,-1.3038632345400551,-0.15944677319394865,-0.28601785025573506,-1.012192825801666,-0.22745439195674588,-0.2954360378029762,-0.7510232449908814,-0.23286747795775556,-0.09011803277588971,-0.9954020575182434,-0.03245741913725098,-0.0947760834720442,-1.2145397908305897,-0.2168235152076403,-0.10679044029997051,-0.818584860993917,-0.2752101611534805,-0.12155039686725083,-0.539999881486153,-0.2571860367699804,0.09460704951260937,-0.9697814841185884,-0.06964971884643185,0.13051714908081538,-1.2509668864968266,-0.21743487627044303,0.08551065527982839,-0.9127655343648666,-0.21900042848609483,0.03809533508755176,-0.6523336739744164,-0.16276749757222492,0.26683952352996715,-0.9271064198686029,-0.1157703815433996,0.2854478692240303,-1.3284415859721008,-0.1709092960987802,0.29805218046180026,-1.5710869681911668,-0.1753544708081382,0.3088794158612668,-1.8047744752536188,-0.15575858720432167,Y
0.0,0.0,0.0,-0.30571806133289453,-0.1591209939340413,-0.08304864113101765,-0.5346113563516205,-0.6153451498112099,-0.12296788130658573,-0.6627421728965799,-0.9355393530139465,-0.18210047781783686,-0.8099680382276724,-1.1280134807771691,-0.22036168287556912,-0.28618928906075186,-0.985014902597552,-0.006219875164431583,-0.2733827711741451,-1.2821316701099732,-0.14589795397272273,-0.2705447229630206,-0.9837949978371988,-0.2165825981098588,-0.2775841342003439,-0.7283587999276276,-0.2257987395575687,-0.09007401677996595,-0.995685621893557,-0.022289321559050782,-0.087918453342079,-1.2083089542746361,-0.20879782230607413,-0.10029271861503239,-0.8090172111789661,-0.2699378952860461,-0.11876301436790558,-0.5326124408196599,-0.25362392138961853,0.09768853910853027,-0.9684793555701039,-0.06378641276306461,0.1361340168936271,-1.2302634708505797,-0.2168940553312662,0.09021816227086525,-0.8967235831131977,-0.22455272681289454,0.035105310523403536,-0.6435301897581356,-0.17124117659811136,0.2713161955138031,-0.9242524301302514,-0.11483309533799703,0.2969029394436511,-1.3136890526513822,-0.17927625350862184,0.3079085579892392,-1.5528774429381704,-0.19156688589870174,0.30929871622481264,-1.7850153904449646,-0.17669337866890283,Y
0.0,0.0,0.0,-0.3124304448070829,-0.16492899257245078,-0.07198438902928232,-0.5396221400423626,-0.6268248384156837,-0.1070941532181351,-0.6634908353538937,-0.9461877321611146,-0.1625634965689325,-0.8087949501168419,-1.1329652571160027,-0.19828376365508116,-0.27830081703638393,-0.9910152147626283,-0.0012081739873947125,-0.2748874609076227,-1.2986172675591123,-0.13916968909139527,-0.28213899299173956,-0.9993520228940503,-0.20880315856976372,-0.2939736342103857,-0.7384717220581406,-0.21599514938299047,-0.08519229661016486,-0.996184979848169,-0.01891450562898036,-0.09043586196540498,-1.221507786273993,-0.19827327427664673,-0.1087842198815033,-0.8246906665825753,-0.2577939644443093,-0.1285503296792124,-0.5507380715279212,-0.24189101311711103,0.10187452914815141,-0.9688967681958336,-0.05975900675705803,0.13530511477032725,-1.253840358746479,-0.20526643517544224,0.08500554821196617,-0.9107856116690888,-0.20623646854271557,0.03574723977355149,-0.6487689927211706,-0.1504215961690474,0.27593827185435765,-0.9254808562350675,-0.10886838006997848,0.2989802519992052,-1.321914551682641,-0.1643091000610971,0.30811500213296067,-1.5669437159111634,-0.16903606352844153,0.31602418078285044,-1.8079280072360735,-0.14994489138126837,Y
0.0,0.0,0.0,-0.3056245710120767,-0.16065452746181086,-0.07735951289752704,-0.5371860008789543,-0.6205675253233361,-0.11623767716417405,-0.6691608076302062,-0.9451574692502995,-0.17506252354282376,-0.8228106488293414,-1.131668412479894,-0.2146078077865463,-0.2838795442654556,-0.9850329473374803,-0.010504841351264352,-0.2755318337329101,-1.2959313063535234,-0.1481112551235451,-0.2781793112478074,-1.0015677812332893,-0.21608848828105084,-0.2902149762092847,-0.739975421802663,-0.22308038025255938,-0.08669562215935596,-0.9958496738382752,-0.027700112176723385,-0.08733740638246124,-1.2196477912368011,-0.21262043573155437,-0.10603626292325571,-0.8233745383973996,-0.27364570028015495,-0.12822814910402372,-0.5427278104677385,-0.25780792006377995,0.10396753893233145,-0.9713899995481293,-0.06830111359307676,0.13925287691195526,-1.2469104501249275,-0.21985659518111816,0.09144700796588714,-0.9097543485314017,-0.2272477207786606,0.03705828806297799,-0.647363662962213,-0.17460426919310612,0.2815617078994532,-0.9327012860423723,-0.11719950681779887,0.3030175460354285,-1.3287708650554733,-0.17881657788963304,0.3098103738884834,-1.573991564840507,-0.1896802716688486,0.3099044495588301,-1.8096447689512798,-0.17465053090399912,Y
0.0,0.0,0.0,-0.3055217625668471,-0.15964097507401345,-0.08838910238065655,-0.5371297051379371,-0.6114851885862079,-0.13286981321708013,-0.6608077454366766,-0.9377449563750546,-0.19626384902369376,-0.8016621238945654,-1.1393957502890424,-0.23851920949782074,-0.2767710524984534,-0.9863824234743399,-0.014788134110351415,-0.28248310917525854,-1.2975919744735487,-0.16137443538336663,-0.28283160488473674,-1.0015814111111403,-0.23606995319918334,-0.28175283027924947,-0.7408234947105842,-0.24687738814586008,-0.08422326777700216,-0.996024448042502,-0.029012756962974905,-0.09254197565965369,-1.2161918194850143,-0.2231323754210328,-0.10421528018226119,-0.8134347329576539,-0.2871654866207114,-0.11491841281781007,-0.5292820429501139,-0.27185984888285136,0.0995732578236725,-0.9700426423851414,-0.06864667631695753,0.132286665369799,-1.2504318018865874,-0.22482013419120192,0.08162275336860124,-0.9121918897028605,-0.22807312499163487,0.03329454366785511,-0.6494857260769316,-0.17123301451592976,0.2708761936431973,-0.9249777212169052,-0.11868691884367737,0.2982840608523903,-1.321991044280659,-0.18116645560369396,0.3109394389298294,-1.5720506166073094,-0.18998005900760956,0.31936488989532,-1.8107200139298583,-0.17276450578296604,Y
0.0,0.0,0.0,-0.31562938220495856,-0.16430369450925342,-0.08029673362840044,-0.5469560524232306,-0.615535052694311,-0.12001284244565644,-0.665928966007783,-0.9374241916527378,-0.17917691819927847,-0.8041375787195759,-1.1350509469678562,-0.21759925081976567,-0.28267022582869644,-0.9891557681028755,-0.008903564711725378,-0.28613266668570725,-1.3047425477779115,-0.14998310056829542,-0.2879824047249884,-1.0077604993640383,-0.22095138490601876,-0.2898754959995652,-0.7495028369153758,-0.23002616951084087,-0.0892070701890501,-0.9956839020272217,-0.025605973368176643,-0.09821215649188984,-1.2208820950941437,-0.21185994402573136,-0.11016995470341573,-0.8187443346782035,-0.27318020982765356,-0.12242953647492173,-0.5409181291075089,-0.25836147343930116,0.09562766556870186,-0.9679019852564394,-0.06674223787229455,0.125761542273359,-1.2493133720126441,-0.21590429884459744,0.07538395680175154,-0.9055715749964028,-0.21681706274009704,0.026839030822187575,-0.6422029226914352,-0.16111482962514156,0.27164949559912377,-0.9207178066037635,-0.11785714504775736,0.29712130426058053,-1.3182682879992969,-0.17821704754161782,0.3096074113784149,-1.5682069619370334,-0.1862738522009939,0.3180802475717375,-1.8145593286312,-0.16956160226629235,Y
0.0,0.0,0.0,-0.3105295758738841,-0.14970295681534396,-0.0816386564653904,-0.540317953717449,-0.6120429260494671,-0.12106974470050476,-0.6598797152287424,-0.9437526074014336,-0.18029262257697248,-0.8044482383438099,-1.143963705292738,-0.21947861462960624,-0.2828885657943615,-0.9870882701263404,-0.007257232169224032,-0.27830454671001265,-1.3043249738123575,-0.14897054953463784,-0.28355340622752834,-1.0139767321949609,-0.2221035872501208,-0.2922839450256927,-0.7485760566471722,-0.23221457629021328,-0.08850251616860136,-0.9957919018635203,-0.023786399787685243,-0.08914186570188821,-1.2220715045439714,-0.2138437095950188,-0.1078393463531379,-0.8217931907295741,-0.27947494069460926,-0.12674358652563658,-0.5328980248160784,-0.2656546716816987,0.09954083110256962,-0.9702051750821058,-0.06465355651693697,0.14181361771322004,-1.2522868122791544,-0.2174210033529026,0.08509598783722856,-0.9148382796675342,-0.22213821238912448,0.027243540862874997,-0.6504359976983795,-0.16731511103731725,0.27690349132401487,-0.9273493077393852,-0.11496959533907944,0.30218177821688114,-1.3289489942749702,-0.17592618484497913,0.316191387969456,-1.5804280036747698,-0.18460207162585446,0.3270720369671294,-1.821419773631711,-0.16785873988128616,Y
0.0,0.0,0.0,-0.31091846548015917,-0.1622901827403375,-0.07661502734220968,-0.5366381575857739,-0.625784849984299,-0.1157638260969134,-0.6552327703063845,-0.9468135776973042,-0.17460259055157534,-0.7937962255339932,-1.1452164452569225,-0.21220188387659394,-0.27700908182286993,-0.9939059115303435,-0.010204644313640638,-0.2746636321988146,-1.3209196739262579,-0.15513725335632428,-0.2846745413288654,-1.0219172651668489,-0.23066280267826245,-0.29667156988576476,-0.7562805316236251,-0.2410769920853856,-0.0845372363010929,-0.996057368094102,-0.02689191596045425,-0.08850928662897826,-1.2270485246851297,-0.21424783668294853,-0.103403956912566,-0.8209575162852912,-0.27634588250269965,-0.11762785235792621,-0.5376145327648578,-0.26066143046221346,0.10107189262114534,-0.9673909815246505,-0.06721264418391727,0.14195597721015638,-1.2608217927063312,-0.2125311913382786,0.08790713518622988,-0.9213202690655167,-0.2102382461527973,0.03593754434015935,-0.6593307558765228,-0.1522792609644208,0.2748966501021449,-0.9241960417980414,-0.11700861490048475,0.3026350183632278,-1.327908042979332,-0.16919543461315104,0.3152613460797684,-1.5764660347097759,-0.17082280120309132,0.32608065389062857,-1.816150587795398,-0.14961800703994785,Y
0.0,0.0,0.0,-0.3071428896511656,-0.1605819420164764,-0.07862242006422307,-0.5337635537126078,-0.6199367286491707,-0.11812507205411177,-0.6560625813821765,-0.9473427024451347,-0.17747357229765554,-0.8037402736340742,-1.1441203524153336,-0.21632253457721792,-0.27838582378950294,-0.9886513618764682,-0.00838506271211129,-0.2763609613029788,-1.3000970138929282,-0.15012737768061715,-0.2839209111170357,-0.9978730021424635,-0.22181778846739986,-0.29366778001836524,-0.7376634316702765,-0.23104306702614086,-0.08541321773699295,-0.9960258761247788,-0.02523957855591105,-0.0915708052168792,-1.2251689333374993,-0.21190372240976518,-0.10758079556057536,-0.820012408838309,-0.2735783240427452,-0.12364111170844369,-0.5381020887110919,-0.257898549843216,0.10150695923240848,-0.9685419779955314,-0.06593555242298313,0.13572794272092753,-1.2521921062408647,-0.21541293791794758,0.08462171301838967,-0.9105890916399365,-0.2171804909523564,0.03240662557840163,-0.6490100208325719,-0.16125795973168877,0.2760926196083444,-0.9241586560469854,-0.11583669154494824,0.30085253969534753,-1.3213261469166957,-0.17461065841824014,0.3130798322806701,-1.5680119250518598,-0.18178991371039113,0.3211208817599848,-1.8074463744892244,-0.16428673281459322,Y
0.0,0.0,0.0,-0.3039834354725662,-0.16168845395765288,-0.07521567877156668,-0.5281063491091434,-0.6207391141803973,-0.11098931829011471,-0.6543505073650249,-0.9407115517927539,-0.16725413564565914,-0.8005050000878488,-1.1318702269611256,-0.2044209925335648,-0.2749168312358034,-0.9879000804514965,0.0001683387072682824,-0.2718898444336765,-1.2872312893644253,-0.13745387395971767,-0.2787562974141418,-0.9926921538763267,-0.20785084696274794,-0.2905392154048201,-0.7355016855677209,-0.21653069602386926,-0.08242534893760547,-0.9964499412425766,-0.017134072784362513,-0.0871891345169647,-1.2190984211852474,-0.20027768960440948,-0.11057943598702075,-0.8246833334915071,-0.26200504681492015,-0.13334365812221427,-0.5467156300211427,-0.246331496302895,0.10448293694619777,-0.9691721217242263,-0.05834800299464984,0.14027436759934567,-1.2405561570004735,-0.20945768088702962,0.08568838001319944,-0.904193910325245,-0.21737680234221352,0.02882587654517138,-0.6449952859932824,-0.1643090969521629,0.27876959832161496,-0.925931152534132,-0.10778264044310194,0.3033309416594824,-1.3147513352681668,-0.168418117260648,0.31155446187565805,-1.5548634852154406,-0.17835342680127197,0.314137835313047,-1.7882511834197792,-0.16204637373665726,Y
0.0,0.0,0.0,-0.30180230682528664,-0.1567031568599275,-0.07935712560470094,-0.5296627717323731,-0.6109761891009702,-0.11866495549832612,-0.6539301710631495,-0.9354999996198737,-0.1777690369069142,-0.7981137139069749,-1.1308428089427784,-0.21675011889026255,-0.2779940825480789,-0.986669304004896,-0.006252038718037338,-0.2788567795859502,-1.2881066813524402,-0.14861522901316426,-0.2826848804262477,-0.9890513835161648,-0.22086807599119107,-0.2881860281318558,-0.7257090787811366,-0.23002119212206804,-0.08484188202588448,-0.996136268867852,-0.022680143305107796,-0.09105712823652481,-1.2194243268995746,-0.2094797433560905,-0.10912291981667108,-0.823247692266305,-0.27178540079338154,-0.1263806130622998,-0.5412236250126069,-0.256287624514963,0.10198568725455195,-0.9692233296636815,-0.06343850777431523,0.13421111781992445,-1.2457297382636783,-0.21572034231515239,0.08016234161232473,-0.9092851170336675,-0.2207510452653598,0.025842260507647614,-0.6477875354992374,-0.1659726680858392,0.27657883162231484,-0.9236652147008204,-0.11321093669924265,0.299868462029867,-1.3165850648227002,-0.17452784867461826,0.3094202331262109,-1.5611186322194894,-0.18403668896061465,0.31397763004876283,-1.7960500513658095,-0.167619599978562,Y
0.0,0.0,0.0,-0.30614741177339094,-0.16032176650129823,-0.08435659176672142,-0.5399690356231115,-0.6105706433682548,-0.12630349732728838,-0.6635947599380044,-0.9355004481843795,-0.18767006222116323,-0.8031433322479413,-1.1366298427494892,-0.22840863357940597,-0.2863529836318468,-0.9854721529379097,-0.008921140562151323,-0.29263418008176517,-1.2861539753976863,-0.15354014144189068,-0.29244131331323553,-0.9831568145592441,-0.22751840537194465,-0.2928699686092776,-0.726606901024933,-0.2379051664699795,-0.09491425388685847,-0.9951911198785829,-0.024205770467244085,-0.10061235168090142,-1.2186977453746815,-0.2141618427863876,-0.11558867180318076,-0.8212492858663568,-0.2772984850890555,-0.13334665928381648,-0.5415211539031836,-0.2619386103181368,0.09000936519331844,-0.9706854195370762,-0.06461227220160985,0.1270965764233791,-1.2481366365302802,-0.21895923965120873,0.07495900972257533,-0.9068798819183828,-0.22306569459781941,0.020956501965532358,-0.6438481267682534,-0.16695891949195582,0.26301460518966246,-0.9274145698289336,-0.11471290037721571,0.2903690732812978,-1.3211221824959567,-0.17572762164907962,0.3044191081071013,-1.5672174613865053,-0.1840232707299908,0.31374212650693983,-1.8058358260916303,-0.16655009676631705,Y
0.0,0.0,0.0,-0.30880809999913106,-0.15438424587925126,-0.08457990778745036,-0.5424505100934606,-0.6009911125211059,-0.1277185275661822,-0.665521423985135,-0.9337300399813278,-0.19036914509638256,-0.8036806256175784,-1.139882162056748,-0.23286582846092754,-0.29226807593399134,-0.9846095599233996,-0.013079626063585858,-0.29697070576061724,-1.2925731556491293,-0.15429182587370624,-0.29579717017399443,-0.993324881747036,-0.22558031697131403,-0.2936709620949204,-0.73529756400441,-0.23638157849605218,-0.09861810640230044,-0.9946899514686983,-0.029434155955677794,-0.10525003476887561,-1.2295778521201257,-0.2195305590129773,-0.11785526304357417,-0.8311626147670224,-0.2837440752809792,-0.13308689489328437,-0.5439162036073862,-0.270588127427208,0.08834033379120285,-0.9686333874552077,-0.07045249710326301,0.12430084406852553,-1.2553356568328755,-0.2267815783263768,0.07763705550935292,-0.9163349494452857,-0.23469556414363021,0.027500567300405492,-0.6516457142396086,-0.18248802468831735,0.2632586232763081,-0.922194705730274,-0.12094766386506896,0.2842651366096597,-1.31746287975477,-0.18867838011271854,0.29291991440833537,-1.5687649540020068,-0.20445710078611048,0.295953717029812,-1.8171681765619083,-0.1934237420441892,Y
0.0,0.0,0.0,-0.30821115354529716,-0.15697654439938188,-0.09227937543002349,-0.5406400873567908,-0.5996964033413545,-0.1394030857236865,-0.6645520326796905,-0.9333957153360047,-0.20489616747418088,-0.8054415203485956,-1.1449241135807564,-0.25017095755280566,-0.2925041798518126,-0.9801456476208545,-0.016654322879826343,-0.3026263517822102,-1.2896658093956745,-0.16057965964308385,-0.3012884669924027,-1.0012149423061427,-0.23385940431712954,-0.29923560607035476,-0.7483047455824284,-0.24539727774199754,-0.09959169372895184,-0.9945713645843105,-0.030154523526349328,-0.10690571392674163,-1.2266411227384983,-0.2255201490354055,-0.12246961738972541,-0.8317942880153001,-0.29295769913243164,-0.13893281944442842,-0.5436535626836297,-0.2804019269575328,0.08528785835111258,-0.9709802461375477,-0.06912558334765152,0.12273550675650144,-1.251055973193898,-0.2311916273568791,0.07429995214257329,-0.9178846897301655,-0.24283089688547355,0.022736728531589968,-0.652418252056223,-0.19109398029560326,0.25657161331070466,-0.9262726742073697,-0.11789507592709447,0.2804375278555,-1.317875396141716,-0.18829773545635956,0.28973728034818275,-1.5686192883136931,-0.2052819226926576,0.2936817434790012,-1.811343934682489,-0.19402627545479156,Y
0.0,0.0,0.0,-0.3098866759020462,-0.15989862841665983,-0.08880207318114458,-0.5471943244986979,-0.5979283390834434,-0.13304531696316277,-0.6707149168421055,-0.9320068076058214,-0.19675877940160832,-0.8072977128697398,-1.1448010445975243,-0.2393538077660246,-0.29763577178041156,-0.9803352768785072,-0.01125877654871292,-0.3072686206353559,-1.289391657391986,-0.15879117635375928,-0.3075102325696827,-0.9915721033346503,-0.2330493457786515,-0.30791953179537795,-0.7349323184249449,-0.2431840166323607,-0.10638579586066421,-0.9940193833185573,-0.02464808361897559,-0.11525637871366204,-1.220449441793644,-0.22299915020523411,-0.13296947177043306,-0.8218098688864195,-0.2914674293030409,-0.15283330405980144,-0.5367943437159415,-0.27848010941062085,0.07950660853005728,-0.9736878606931063,-0.06374866662295403,0.11225279239761995,-1.2513048391604296,-0.22848590270844207,0.05988887979889159,-0.9061260708326376,-0.23974317541077042,0.006391767926461766,-0.6378055373070501,-0.18582403804499678,0.2522451052490848,-0.9325246544085187,-0.11230640171277634,0.27678078782241844,-1.3201436538341274,-0.18431517993692087,0.28565268073238004,-1.5680631381396841,-0.2021658991565157,0.28917093228420726,-1.8134813493993251,-0.1899772110437252,Y
0.0,0.0,0.0,-0.3027880423661175,-0.15456144800301783,-0.076912954051865,-0.5354693941251507,-0.6096529595767521,-0.1157062704897112,-0.6589664423900415,-0.9371830422655663,-0.1740939069484041,-0.8033947925088554,-1.1338799002013362,-0.21295888316532613,-0.2994619482893173,-0.9837501442299811,-0.012910696107244445,-0.30583343912886135,-1.2788234257118118,-0.15751954314767644,-0.3010044683351022,-0.9841234679000146,-0.2312628046130054,-0.29983433254397573,-0.7294191196797462,-0.24238090300330353,-0.10606394138447187,-0.9938690569420223,-0.031220794211014473,-0.11917085257984306,-1.2005918254677064,-0.22428994702114158,-0.1314482599990705,-0.8010575270558026,-0.28843078634761604,-0.14679135555314224,-0.5221655814671751,-0.2746079936657099,0.08467627154136355,-0.9687092586020537,-0.07311523235738153,0.108326617256748,-1.2401179152547996,-0.23039934097105463,0.05535223272700087,-0.9033307395189888,-0.2367373651378635,-0.0005392244252621855,-0.6410713310281871,-0.18291546354215657,0.26241196954770507,-0.9253010347776852,-0.12352619892523167,0.2832833367007017,-1.3193675599408154,-0.19266774591871133,0.2919355401877223,-1.5697214755593605,-0.20795708342794747,0.29349421817795746,-1.8152809908699472,-0.1952640081906575,Y
0.0,0.0,0.0,-0.3059428522656725,-0.15766602164494983,-0.07844227645949492,-0.5340196272067816,-0.6059625281314688,-0.11625744639999488,-0.6574813174571852,-0.9359001655764033,-0.17445105583069534,-0.804350550183803,-1.1368914629733022,-0.21152502704847986,-0.30416811149770906,-0.9817535220944484,-0.00442910145490348,-0.31239341313802305,-1.278821276306859,-0.14993476511231887,-0.30835205309868874,-0.9731022417728956,-0.2236232445070775,-0.305534812464093,-0.7179383162314422,-0.23435861832315577,-0.11202040293021448,-0.9934762546354081,-0.021362602906816658,-0.1234483058013312,-1.2063117670381105,-0.2129198446526719,-0.13722462179926073,-0.8060560450173299,-0.2774422536481901,-0.15522559043076486,-0.530990280233415,-0.2644010599260447,0.07652874778808813,-0.9713731382583662,-0.06292711488058887,0.10019691523096053,-1.249946000489479,-0.219370916736619,0.04736087304237737,-0.9046938578264919,-0.22523488553886284,-0.0064312277792461,-0.6424107995920134,-0.1711719122817603,0.25076434559430866,-0.930745665522555,-0.11351966431332061,0.2717359183393621,-1.3153477166678884,-0.18101926508091587,0.27762749256781766,-1.5595709239897009,-0.1959219196473057,0.2779044763055641,-1.8062799209364433,-0.18321566246843865,Y
0.0,0.0,0.0,-0.30617051280474133,-0.1636852833466604,-0.08152579865895213,-0.5346823053708224,-0.602376391589246,-0.12372846060562111,-0.6601797831344578,-0.9300265647779443,-0.1870935707676077,-0.8019771526065818,-1.1390395619413436,-0.2291757370186164,-0.30521471604358125,-0.984579799217957,-0.010782404347965254,-0.31171465682293364,-1.2877396175754772,-0.16049301544646202,-0.31150777602368274,-0.9900319858411755,-0.23307171977770436,-0.31223148539001533,-0.7377528009481576,-0.2412852889463392,-0.11078186726601677,-0.9934533610807725,-0.027889016518531637,-0.12279402370916442,-1.2021861916022258,-0.2241399493506592,-0.14078817207144606,-0.8052253491987914,-0.2882783185108387,-0.15995788136521114,-0.533020350502472,-0.2742598337569955,0.0810741205815281,-0.9691851043639526,-0.07021281599547047,0.10181093325806652,-1.241779778356334,-0.23353132003705102,0.04642532101745763,-0.8945430534692428,-0.23969038829011058,-0.007529863603059947,-0.6327367090258844,-0.18380762263063397,0.2590466890165277,-0.927763572641734,-0.12150680261826842,0.27924127981488506,-1.314168172890973,-0.1937755008330791,0.2815151014514171,-1.5577013693021213,-0.20918889057880288,0.2771657500635556,-1.8008700970127844,-0.195217481476143,Y
0.0,0.0,0.0,-0.3044215502195647,-0.15048338807668668,-0.08141593688551757,-0.536990236174146,-0.6011256649618474,-0.12144297163188957,-0.6635772355303391,-0.9302957641429795,-0.18152482613161036,-0.8031719094155272,-1.1374369260476025,-0.2202817705426895,-0.3095190719585181,-0.9795397810776881,-0.010814039169037367,-0.3205314898305043,-1.2798312095438276,-0.156522452099328,-0.3160415112802318,-0.9750947264955927,-0.22811116715184143,-0.3132231135914064,-0.7195526858995853,-0.23700869388634715,-0.11754751567255624,-0.9926831576140753,-0.027617569562854185,-0.13337154166408294,-1.205223194584554,-0.21959579643027086,-0.14328904244832405,-0.8086543077182836,-0.282417826968223,-0.15792383892201953,-0.5340775260552345,-0.2677712646933383,0.07213170910265412,-0.9692551686942854,-0.06923026401233454,0.08949021879394457,-1.2443073259294943,-0.2273125110778357,0.039892669761842275,-0.9006115313402396,-0.23215427778263795,-0.011754639954912327,-0.6382369551287246,-0.17696476433077588,0.2507414076902245,-0.926361615062327,-0.12005506051670364,0.26856961932622386,-1.3166335195403438,-0.18926368885354825,0.2750118837813358,-1.5643501397169293,-0.2039850197721563,0.275187859242601,-1.8110060705910473,-0.19072036944900528,Y
0.0,0.0,0.0,-0.3037089054220169,-0.14717927377495293,-0.07896888370400289,-0.5371813973632704,-0.6068615424282213,-0.11782503890397499,-0.6598811212228761,-0.9356890987555844,-0.17610973331322777,-0.7962850550763378,-1.1400699679262205,-0.21360084555425451,-0.3056301349925958,-0.980909046436629,-0.012008529647119992,-0.31580507898696986,-1.2778196973839882,-0.15702969159192903,-0.31437822712778857,-0.973750573103799,-0.22899688282872313,-0.3154443926763473,-0.7164342665795552,-0.23808023186124416,-0.11342079272189486,-0.9931106772743612,-0.029443275327257483,-0.12952527755735882,-1.2106861397775772,-0.22153470563895752,-0.14097019636860605,-0.8103750068321505,-0.28319437168017186,-0.1568086072693806,-0.5311682760240736,-0.2669163217499254,0.07590679868342774,-0.9704093164798125,-0.07104368901909663,0.09453646165520979,-1.2469370772954351,-0.22709839481984948,0.0424527226659806,-0.9059048049441681,-0.23006529214904312,-0.01330855823995382,-0.6429812192980454,-0.17385379610194962,0.2540585369078742,-0.9289667585588492,-0.12152351100414072,0.269591046925197,-1.322586029207298,-0.18737887831686503,0.2781300943246323,-1.5690137320813518,-0.1992007624703152,0.27934453579041435,-1.8123567162361234,-0.18427318266887718,Y
0.0,0.0,0.0,-0.31280953301528597,-0.16350707300143477,-0.07201754333826595,-0.5438527572989147,-0.6117111472372675,-0.10800219826750168,-0.6664147069621825,-0.9347762140426232,-0.165927233941245,-0.8056509460312294,-1.140341486656362,-0.2034008412576546,-0.31616588608806817,-0.9825969604276774,-0.0034941303871646834,-0.3240316881647146,-1.2771088061801579,-0.14952556070919523,-0.31306024717818126,-0.9709105583358612,-0.22388239079295505,-0.30760773448535844,-0.7185683617367754,-0.23509789965183897,-0.12035944939451237,-0.9924381062805844,-0.024087510117429455,-0.13657337083174492,-1.2031961895580334,-0.21275042178533018,-0.14376574520594285,-0.8054800819639883,-0.27694003569074205,-0.15844643127567318,-0.5374602084089116,-0.2658087762515028,0.07456844702861114,-0.9705250261797109,-0.06858277704581033,0.08781675105070584,-1.2517289641657103,-0.22290351755280563,0.038277146208488926,-0.9026128982622922,-0.227296266209526,-0.014237536960673192,-0.6392912189016368,-0.17378640155348654,0.25821477377615576,-0.9311170171828872,-0.12167858489660031,0.27435262948245703,-1.3229645211828216,-0.1899755590540633,0.279764271036272,-1.568474662233893,-0.2045427496605245,0.27801116407836657,-1.8174518490258929,-0.19182170225345443,Y
0.0,0.0,0.0,-0.306781257546378,-0.16777711417246202,-0.0702415016435386,-0.5412858036206883,-0.6157275677160776,-0.10786205057844973,-0.6680749850158745,-0.9366680714887112,-0.1677996059655545,-0.8092643546750383,-1.1404349985374582,-0.2073281598620983,-0.3215158337726601,-0.9795599411896606,-0.007707445942767633,-0.32483573338247224,-1.2778602673893034,-0.15331579692130506,-0.3104705635505174,-0.9733245667963863,-0.22619265104598044,-0.3063260179300818,-0.7166281361742464,-0.23649175746350723,-0.12448005837490117,-0.9917791853136105,-0.029643931008761226,-0.13943369011889103,-1.1993061213420213,-0.21839281868621013,-0.13985771765447128,-0.8001853503792183,-0.28131853827188946,-0.15343744689426292,-0.5266326833123723,-0.27023927257463765,0.07318947451544398,-0.9731584195618436,-0.07525070159528677,0.08512238586233811,-1.259195633438725,-0.22901446579759896,0.042789288533230496,-0.9108275137369425,-0.23461560690437355,-0.008119518290152216,-0.645578306887151,-0.1831898262044371,0.258105066082013,-0.9368731386653664,-0.12932009438401929,0.2759269738532603,-1.3275314390852722,-0.19800299169035732,0.28183728584493173,-1.5698449527624894,-0.21492335325973547,0.27701806445536153,-1.816411588231169,-0.20486987544997717,Y
0.0,0.0,0.0,-0.3039670987790044,-0.15629274231986634,-0.06942198561193373,-0.5330675957868055,-0.60481805887308,-0.10490217445873605,-0.6535775607356477,-0.9255129606826615,-0.16125867659858933,-0.7910979635670871,-1.1269422629128705,-0.1973975484629687,-0.3061560595749617,-0.9785109496881627,-0.003528963528653078,-0.32031002130489883,-1.259909533139867,-0.14531654573327082,-0.31082923196498913,-0.9578971528144398,-0.21874292898679853,-0.3069783556434302,-0.7055948011557085,-0.23051989112724175,-0.11587859464885374,-0.9929553606247892,-0.024734654004080807,-0.13591177555575215,-1.192667952697859,-0.21033797857228254,-0.14102311670037676,-0.7978791287408341,-0.27326149255467846,-0.15561505888720825,-0.526765648266883,-0.2612524534954381,0.07508521540424473,-0.9727423554116422,-0.06885495061692934,0.08735149266282943,-1.2407536312306775,-0.21945921344854663,0.03897498832791568,-0.9004690837533268,-0.22378667125608992,-0.014870057893982344,-0.6401071196671578,-0.1711073408068906,0.2543926444583805,-0.9322142876303884,-0.12128586343730358,0.269202258789739,-1.3187145291532758,-0.1870600163435703,0.27314521268800535,-1.5636872044297763,-0.20082324857142905,0.26758327514039354,-1.8098059536748439,-0.18804686106714127,Y
0.0,0.0,0.0,-0.3051436194504454,-0.15126081255097307,-0.0755662129638258,-0.5368492202225933,-0.6053825381301421,-0.11427077931690958,-0.6604284975571147,-0.9336296751217606,-0.17380049266115896,-0.8025891909241474,-1.139570812233932,-0.2130325190571319,-0.3061421495037884,-0.982399092232603,-0.00944596862901213,-0.31875816351678343,-1.2751797420172843,-0.15447933654558849,-0.31411484713167637,-0.9701924035138743,-0.22806494073314645,-0.3106851958816406,-0.7172696502519711,-0.239142975844694,-0.11353370106894188,-0.9931056165422234,-0.02917761323135083,-0.13275066593760707,-1.1971870198619927,-0.2194524057834445,-0.14203862553211372,-0.7988215785721544,-0.28301053537970045,-0.15681376176181913,-0.5267928398163454,-0.27024939995970265,0.07790960609067694,-0.9686425779669572,-0.07264609185876096,0.09027011165418328,-1.2411624312573546,-0.2278841135366982,0.039517376545399614,-0.8988660256972449,-0.23206481841621673,-0.013991930804418126,-0.6375891128233322,-0.1778779777187007,0.2583343956855876,-0.9257617966129879,-0.12484440795765181,0.2735212265386531,-1.3196518595638964,-0.19214082945836347,0.2798858131239135,-1.5699525237041365,-0.2055672132547076,0.2785296091505518,-1.8188371820046842,-0.19209036274866292,Y
0.0,0.0,0.0,-0.29723363284110843,-0.15225562430687434,-0.07346999672081252,-0.5242308790872247,-0.607146627892947,-0.10991717680798974,-0.6452746842773944,-0.9306833863987346,-0.166965684655018,-0.7806274288160424,-1.1334273178357515,-0.2034595482659898,-0.29976853061093833,-0.9799113672493491,-0.004461702735440904,-0.3143147651809932,-1.261952482800026,-0.14718772070605282,-0.3091330697619642,-0.9579436590215353,-0.2190409504387013,-0.30502163952082106,-0.7065448353120802,-0.22910273174009288,-0.11057226321241999,-0.9935785223650634,-0.023989466499707526,-0.1314026975406151,-1.1966567476628087,-0.21205655639769944,-0.1385689757448378,-0.7979937465268823,-0.27283421675727215,-0.15062061149659436,-0.5256529634838306,-0.2573623480720085,0.07840976371353733,-0.9707707215755536,-0.06713911929628344,0.09037724025953718,-1.245822593153271,-0.22112930302408887,0.04020467072872023,-0.905700848003897,-0.22336969043301633,-0.011547617702135674,-0.6465106437490197,-0.16718803177713132,0.2548305137286012,-0.9275163574008101,-0.11874281120077229,0.2719198932957762,-1.3147772856525741,-0.18395162243672086,0.2779448677052271,-1.558258536867218,-0.1951707685394395,0.27625512329565766,-1.8019802697321643,-0.17970961890669074,Y
0.0,0.0,0.0,-0.308745098231359,-0.15122099707984982,-0.0804044267776406,-0.542377599039984,-0.604902972417455,-0.12347660072178097,-0.6671253672602981,-0.9295127362286303,-0.18675353584482113,-0.8129094337121053,-1.1308346856634093,-0.23037155054770742,-0.3012502146706408,-0.9841372731606949,-0.015597355673559824,-0.31254326015248335,-1.2828772723202295,-0.16348285481481936,-0.3108417863944111,-0.9782818294618767,-0.23912961969358068,-0.3101627693114253,-0.7202578307886031,-0.25079343036321006,-0.10658804024069093,-0.9937311459872599,-0.0337253491085874,-0.122222691420326,-1.2090158995420828,-0.2274298303229642,-0.1378993377259633,-0.8072552406285353,-0.29272673819765804,-0.1554600119447145,-0.5306191555179249,-0.27958621877938733,0.08635540216022689,-0.9674392248520854,-0.07594441016520709,0.10302957652734189,-1.2471389406959137,-0.2351339224794287,0.05095485325030784,-0.8982852372367962,-0.2415078573714857,-0.0017233342346213234,-0.6292634053943761,-0.18721519459299635,0.26732179627359454,-0.9236197078508329,-0.12685803532377757,0.28534863556682716,-1.3232838703598944,-0.1967223565928986,0.2930868607480788,-1.576301628144856,-0.21160092771574804,0.2960144387785633,-1.8259772258791653,-0.1982836068994223,Y
0.0,0.0,0.0,-0.3116224204734818,-0.15342052228693592,-0.07768534361720149,-0.5502153864170876,-0.6058704034674582,-0.11753657993917593,-0.6816594374639142,-0.9355563931290521,-0.1777054382993466,-0.8289869059728706,-1.1410821028510942,-0.21708368954055315,-0.31981892859459216,-0.9763817231787091,-0.014077826304130311,-0.33258217441703386,-1.2866678539270855,-0.1599097733557193,-0.32040846817919755,-0.9914354924584257,-0.2325105715549442,-0.31316590760599233,-0.7436309228079838,-0.24342432772019615,-0.12623378032967847,-0.9914765122029856,-0.032239082702233975,-0.14238525705276955,-1.2062923355150563,-0.2238804227272449,-0.14694321843666017,-0.8067869248222871,-0.28758728175308607,-0.1610202408220768,-0.5383068775975689,-0.275566564853245,0.06743207189778802,-0.9742196010613821,-0.07411018073236793,0.07879854772058704,-1.2646684879458263,-0.22914027486819544,0.03336603259356762,-0.914777030666809,-0.23225384042111424,-0.016343983338258334,-0.65100585932806,-0.17850518022613285,0.25008536284272825,-0.9377693606506824,-0.12499548389190168,0.2653716091398694,-1.330728687874972,-0.19466738885913787,0.2722201893757898,-1.5782990634024032,-0.2104337211841066,0.27150701818897593,-1.8334167857445953,-0.1990524710986594,Y
0.0,0.0,0.0,-0.3089752365889172,-0.1546288835950066,-0.07348104916171923,-0.5462952222666577,-0.6064422125396671,-0.11195691644146015,-0.6740316536468118,-0.930191588125305,-0.17121079926947314,-0.8179251369658936,-1.1336435516191619,-0.20948531941010218,-0.31575787742953465,-0.9806253974766926,-0.013623467475192266,-0.32546038243100706,-1.2824731228758812,-0.15970776935557554,-0.3129178920283688,-0.9792542089825069,-0.23189867502817568,-0.30713573741889305,-0.7266791912977455,-0.24165122340534828,-0.12069509011734547,-0.992139663319944,-0.033039123610562826,-0.13738117202796116,-1.201289231948522,-0.22277493358176564,-0.1392757665716133,-0.800064799159562,-0.28469028994076817,-0.15398661261316277,-0.5324712401632316,-0.27151262994959974,0.07418563462801053,-0.9712186726557874,-0.07557768191967153,0.082247479472241,-1.2567576908574978,-0.22827053028991043,0.0402140941469641,-0.9044229671476058,-0.23015783279881769,-0.008310631911997221,-0.6422951933056102,-0.17589006936905296,0.2572727085126347,-0.9312200986468389,-0.12666850121855566,0.2739502115588446,-1.3227072343731254,-0.19389392442783915,0.2804653824714339,-1.5691454567259489,-0.20816441259340565,0.27784291894331165,-1.8249598059499639,-0.19569382975561284,Y
0.0,0.0,0.0,-0.31600015246747326,-0.15499868588745572,-0.08042713217717792,-0.5537767423447587,-0.6086428348585466,-0.12228176151639114,-0.6832825906954576,-0.9392078916022377,-0.1850955765921387,-0.830130124221925,-1.150925769653388,-0.22748177684098786,-0.3193607840616747,-0.9765330285754271,-0.014804400688165555,-0.33248050009698993,-1.2873227008508097,-0.1627568332273027,-0.32113203369608506,-0.9851355034517695,-0.23742387638684478,-0.31226737103645874,-0.7307339897493709,-0.2494283859610216,-0.12571531293678742,-0.9915204739947274,-0.0329060745528334,-0.14282655589602986,-1.2119338643814235,-0.2250810900693007,-0.14951435237248908,-0.8167580691785549,-0.2906260278875902,-0.16166296004637745,-0.5455380028176551,-0.2802040156924617,0.06779877743892689,-0.9730984833574188,-0.07551799582134515,0.0789917670580594,-1.262777736215473,-0.23118436651687035,0.031274546692136765,-0.91459580230466,-0.23739727035084962,-0.01837915324602075,-0.6490526464811681,-0.1857095114703473,0.2509406732107202,-0.9345089740069994,-0.12759943080587854,0.2694150631570148,-1.3264542753155386,-0.19673178500137598,0.2761762951613961,-1.5725559488367422,-0.21385941469707365,0.27633234565823034,-1.824921252165314,-0.20381364005857422,Y
0.0,0.0,0.0,-0.3113274356205908,-0.15610291558114053,-0.07722213278597731,-0.5484127035727155,-0.6060165749072727,-0.11949443265683551,-0.6761777234113098,-0.9340139590269566,-0.18331071281837577,-0.8260501500650513,-1.1417588208410614,-0.22733112940083022,-0.31851746473133435,-0.9769587535081443,-0.014932156897202696,-0.3260955685703679,-1.283669481047475,-0.16081500347526484,-0.3147709993613383,-0.9839471679182291,-0.23523258888191698,-0.31113867361730985,-0.7277973212973409,-0.24758489430291555,-0.12109811469426018,-0.9920264310393474,-0.03491141270173537,-0.1378612932071689,-1.2045219951006592,-0.22409402410117116,-0.14290127706102995,-0.8053406179632251,-0.28851198314816934,-0.1569368062602687,-0.5294937248637999,-0.27872614078753094,0.07585911373112326,-0.9716678543084586,-0.07883577575336631,0.08574763379730645,-1.2600508272182553,-0.23177327099531633,0.04134367450112257,-0.9152255215205132,-0.23870077896633443,-0.00852153019282978,-0.651116690006207,-0.18907283362724273,0.2594292027652857,-0.9324800759189951,-0.1318432251670769,0.27822138098216004,-1.3250365589677033,-0.1997683160532344,0.2833214080342192,-1.568646345278659,-0.21672631124496114,0.27912874305077656,-1.8167818157170568,-0.20735997996757982,Y
0.0,0.0,0.0,-0.3123546090142512,-0.15413242903524554,-0.07922470598769861,-0.5508940147463164,-0.6048272593024212,-0.12027803540397308,-0.6794329988614177,-0.9314059850635622,-0.18064617557310714,-0.824326405039257,-1.1367461125491354,-0.21946886136726912,-0.31582220160830704,-0.9800536517650301,-0.01864447668567933,-0.3248640199320389,-1.2867256011917863,-0.1635248536191593,-0.3155589440556092,-0.9889227968063725,-0.2336390475422683,-0.3141578946145293,-0.7406320755101103,-0.24213831476754683,-0.12212783227155488,-0.9918664515082027,-0.03585714652865247,-0.1375964566225324,-1.203746591495822,-0.2262097533180652,-0.1422692304567487,-0.8045784613980155,-0.28785831503407255,-0.15899152583641837,-0.5388213937346726,-0.2740132156647661,0.07090963406386791,-0.9720019605602738,-0.07665315433459984,0.0825011752837796,-1.2570368690921834,-0.2306090084730735,0.040511691080818826,-0.9098295564043803,-0.23384992562359447,-0.009327793533261497,-0.6503774975829161,-0.1801391327449959,0.2513622821331958,-0.9335059365354084,-0.1263225190163757,0.26701169321543133,-1.3274633234128475,-0.19512436258500537,0.27421032686092006,-1.5741929216944712,-0.2105475277592344,0.27236866942011095,-1.8283710478467337,-0.1985667676929415,Y
0.0,0.0,0.0,-0.3130036251826918,-0.15549211251427292,-0.08482459185424736,-0.5479396383847773,-0.5974964167912291,-0.12701207613635415,-0.6805812799075033,-0.9254069725741708,-0.190416072105176,-0.8234585140394954,-1.137336929396489,-0.23291550013421253,-0.3263258128662752,-0.9735054211918852,-0.0129072125037223,-0.34610252835437727,-1.2732825890208816,-0.1610965461843457,-0.32951927848638474,-0.9675336990156183,-0.233027751970738,-0.3136406944786328,-0.7148370661782493,-0.24246714957299184,-0.13109409559814628,-0.9909500552116509,-0.028850063697159502,-0.15516980152192816,-1.2054652029839916,-0.224598809714432,-0.15760252256783905,-0.8112876393470204,-0.2894616547193427,-0.16567917909832944,-0.5383790673324137,-0.2766286924494472,0.061458871788087455,-0.972538488214851,-0.07021316610182299,0.06784599184552517,-1.2444287689689333,-0.23413308796908963,0.024064754525096457,-0.8954816148060205,-0.24293119149013379,-0.02018474949774293,-0.6315726378869781,-0.18892901849704172,0.24051386266011507,-0.9327928413099961,-0.1208485038647976,0.25605540793246256,-1.3127243346122164,-0.1941124523873302,0.2578525702201822,-1.5571531806894519,-0.21195435783527006,0.25183156674983087,-1.8054541014708547,-0.200280497266755,Y
0.0,0.0,0.0,-0.3024559026209124,-0.14683181335324452,-0.08192175614829351,-0.5336282563768402,-0.592094240279708,-0.12231408380125063,-0.6686858276157108,-0.9184139283239723,-0.18399126190045817,-0.8175662556825608,-1.1179705460740545,-0.22647163447991553,-0.3117195378969664,-0.9711001397047146,0.0002083081921081934,-0.3205374800405405,-1.2685034484053177,-0.14534808425141396,-0.3093889693521788,-0.9796246999880688,-0.2220840909625746,-0.3001225239050499,-0.7255718396678982,-0.2346111544898231,-0.11820441326845255,-0.9928498334284158,-0.01664106201622807,-0.12693261728236804,-1.2048607546929988,-0.20775591853914285,-0.13219700442935609,-0.8086144557234521,-0.2749477178105125,-0.14057674722998342,-0.5226352418212898,-0.2624004210515247,0.07078858406632474,-0.9744587625010716,-0.05894451529932018,0.09750619188861152,-1.2438638684205536,-0.21593096379505566,0.04916581640284009,-0.9053145032030426,-0.22461179300826675,-0.0007564980533643313,-0.6407175063203532,-0.1706547051769911,0.24571217889748442,-0.9340597431282422,-0.11070571203457305,0.2665471619363041,-1.3186466423080097,-0.17437532484398027,0.2733359732190588,-1.5602388293925762,-0.18558142062128524,0.27247118990694147,-1.7933762421088157,-0.16974646959462808,Y
0.0,0.0,0.0,-0.2960825424862573,-0.15694691166826202,-0.06738542479268808,-0.5201897126072159,-0.5974362796439165,-0.0981856448050614,-0.6497201749823585,-0.9116649705786801,-0.1536471394350855,-0.792063221116308,-1.1097508493158144,-0.19001379076797378,-0.3279903755970068,-0.9712450443075901,0.01625217806425289,-0.35255098342731267,-1.2559780997142667,-0.12060824646126883,-0.33359421036599474,-0.9557490647615596,-0.18744663106953777,-0.3114628776233614,-0.7085984003803684,-0.1951216353914539,-0.13846348249580825,-0.9903539371010351,-0.005190692016690478,-0.16311875910388693,-1.1900827831951641,-0.18581782922451132,-0.16094082033994855,-0.8038098529998985,-0.2463768198812296,-0.16323811601390248,-0.538477678597327,-0.23275904104245382,0.051930279609702264,-0.9729395226171965,-0.050925181096585476,0.05482584483416956,-1.2349058507198352,-0.2059952726439353,0.012040197907213416,-0.8944954883541968,-0.21404209555149373,-0.029980116920218482,-0.6426003403936241,-0.1603742146117217,0.23110690529945957,-0.93505010775164,-0.1043285811384547,0.24027993861553754,-1.304035405375261,-0.1682439396157627,0.2385796131167158,-1.534600471140762,-0.17887003425656042,0.22728804105412553,-1.7670201168253379,-0.16262958222650023,Y
0.0,0.0,0.0,-0.29714403390841043,-0.1494988969982525,-0.04929218670378534,-0.5169729578443027,-0.588653913430927,-0.07085260184068473,-0.6412794679590026,-0.8900168665878531,-0.11954889944382728,-0.7875174449722852,-1.0789724719465086,-0.15081170065750768,-0.3348677168740893,-0.9818014288416999,0.02679233847640235,-0.3765885454100864,-1.2616150118457832,-0.10729597758232483,-0.36103001892485637,-0.9669862183968937,-0.17255906192048198,-0.33550300195315313,-0.7326331865884649,-0.17918738181473412,-0.146441335203992,-0.9892174539795052,-0.0019401252478813819,-0.18523341187960168,-1.19294415139583,-0.18470945530919877,-0.1835277635197527,-0.7956704835237804,-0.24460982905464218,-0.18204644928021177,-0.5298480425190522,-0.22773031139741362,0.04711607397726079,-0.966867354795835,-0.05295494530485535,0.034506093539504144,-1.2400006458547475,-0.209569661758351,-0.005103355040652137,-0.8940886588935504,-0.2167479104547675,-0.04000513536479099,-0.6342173747037202,-0.1604428405860878,0.2345268464363233,-0.928769650324919,-0.10948063788376451,0.22852556404318253,-1.3208482796330474,-0.17835712153090952,0.21652477187066987,-1.5603756695114268,-0.19120224410903738,0.20018225770687414,-1.7927094972799975,-0.17404712194019897,Y
0.0,0.0,0.0,-0.2946527477078571,-0.14552280063450151,-0.04768984154307671,-0.523101177806623,-0.5738353169944224,-0.06615946710223894,-0.6497172485611593,-0.8729325455793732,-0.11263603412073815,-0.7935695234880991,-1.0482647215211864,-0.14197416280588554,-0.3412301490998875,-0.9697632714063196,0.026222128111559044,-0.40360721442137903,-1.2542283810627788,-0.11191258503812003,-0.39406508208733765,-0.9581213810648568,-0.17869313975922715,-0.3670347373314819,-0.7198470115611963,-0.18565226522122483,-0.16274657530015227,-0.9866598393067058,-0.003989201340802374,-0.23281957688601876,-1.198639483695824,-0.19126291867458411,-0.22131606838640258,-0.789620462034323,-0.2484279810770032,-0.2027414134951801,-0.511774168302895,-0.2294264762080487,0.0299246589824429,-0.9751648243033706,-0.057406938605766566,-0.01734496235648951,-1.256379203627109,-0.21846732831458898,-0.048261495977797206,-0.9066092583335619,-0.2249530449381435,-0.06726248295063701,-0.6389308190219505,-0.16779304497024555,0.22024650933033346,-0.9420024859702975,-0.11702853117531933,0.20600374470086993,-1.337042041387046,-0.1897274343789292,0.18867452638626717,-1.5797495498428884,-0.2046979984183743,0.16709068791021803,-1.8137924491414295,-0.18956036109232843,Y
0.0,0.0,0.0,-0.30843117211599946,-0.14729923683518267,-0.050518995565172864,-0.5288202181424358,-0.5707376853891727,-0.07062942326359736,-0.6450600664542032,-0.8672792165744426,-0.12221031570478451,-0.7870481213380063,-1.0294413129229019,-0.1546698739739357,-0.36587251350541766,-0.961402720366523,0.023457911924221836,-0.44366799670935925,-1.2514814404930938,-0.12865371289423178,-0.43745889972821095,-0.933565306624035,-0.2003496305236992,-0.4017249856068963,-0.6880210594863464,-0.20729155054723797,-0.1923566582965698,-0.9812732534019595,-0.010085542469831362,-0.2718341558990915,-1.2012229882218977,-0.21191907060050189,-0.2700200032426196,-0.7990212917547603,-0.2686851704028956,-0.24401959151278063,-0.5284937525770572,-0.24482047290572762,-0.005714171303954938,-0.9719139631078739,-0.06790410537582366,-0.05436918078342518,-1.2479375269060304,-0.24114784307519985,-0.10145103364610221,-0.878176850551146,-0.23796202847822243,-0.1181779479475015,-0.6071120281633364,-0.16752246168105336,0.1831838273712875,-0.9442224834609696,-0.1333333715137723,0.17153130240088585,-1.3414341823229894,-0.20742063054814144,0.14732402623103513,-1.5865930621351543,-0.21397644225878049,0.12801319464195424,-1.822917055155495,-0.189430831253037,Y
0.0,0.0,0.0,-0.30068363773227014,-0.14083772922710383,-0.04046172562030773,-0.5131558931571762,-0.5443991708744094,-0.05480190276907849,-0.6262668889427236,-0.8369564214625407,-0.10146935756833583,-0.7623095389083984,-1.025966419226935,-0.1286869706394612,-0.3741087460103493,-0.9549599721128875,0.037153677239680716,-0.4601723903872373,-1.2422489556001604,-0.10444211104970627,-0.46161072860180746,-0.9398341162223652,-0.1713117666907074,-0.43006945715870526,-0.6973832553541889,-0.1746950597426278,-0.2144284259601806,-0.976739602196743,0.0004468118033410013,-0.3074474403782319,-1.1971408921444067,-0.19336575839726328,-0.29801948649883203,-0.794899682773433,-0.2505296055694141,-0.2588144276955592,-0.5166244091400389,-0.22675471374036588,-0.0346037300412641,-0.9772256703510636,-0.05857726087209706,-0.09950261563752742,-1.2570256239708821,-0.22025659487783458,-0.13385834503953348,-0.9039473758317,-0.2180205094485032,-0.13032935706980953,-0.6357621915872741,-0.15006021587298327,0.14679760374448483,-0.9650415473954024,-0.12463587965140487,0.1345992906114013,-1.3772235218267768,-0.18949428230881044,0.10470888257857146,-1.627536286762982,-0.18984102748076603,0.08206485237927377,-1.8545836554616073,-0.16111394110854038,Y
0.0,0.0,0.0,-0.2925941571822867,-0.13884658048279364,-0.047313140137729914,-0.5020517002086684,-0.5179478245634006,-0.06967465349221484,-0.6103977988221537,-0.804408841083177,-0.12424916939428499,-0.7375569597154696,-1.0098734673773802,-0.15858962501453497,-0.38656146438412897,-0.9549960338554713,0.02562956904126498,-0.47696446956164495,-1.2389612399502252,-0.127147291519244,-0.47198737612967356,-0.9329142466344246,-0.20309555761966938,-0.431786490215229,-0.6874367527404586,-0.2106757408716673,-0.2260774680492822,-0.9740562298666057,-0.010170521052539506,-0.31754533297158366,-1.200568514713764,-0.21284071728740883,-0.3089794085286158,-0.8000187670907437,-0.2786186732427061,-0.2718450929454264,-0.5227230986335206,-0.2599398219560004,-0.04439802461992521,-0.9750591804605242,-0.06830047149183421,-0.10939671031362176,-1.257075477546037,-0.2371779560077181,-0.14484796863831456,-0.8983302751687181,-0.23799258097618803,-0.14277524132733957,-0.6274670121863187,-0.1696631354723675,0.1389165355882859,-0.9658152725910044,-0.1335832590052301,0.1212513069603142,-1.3869681397739313,-0.20018762948751076,0.08857567948261284,-1.6422619218095118,-0.19964448564428885,0.06492493110963123,-1.8721062376158755,-0.16876838620575388,Y
0.0,0.0,0.0,-0.29260174443979986,-0.15530317647041628,-0.03761786145965273,-0.4968125327262694,-0.5135365361482181,-0.05894059442071613,-0.6050701715585508,-0.7821391325319252,-0.1152876469821768,-0.7214781130066924,-0.9875242824387931,-0.1540403072782796,-0.3918242999883634,-0.9551721363546655,0.04881866945848393,-0.4932120724648135,-1.2282284045043796,-0.09669450711850401,-0.48659931752992236,-0.9408778893199684,-0.17103893709813667,-0.4450185089788783,-0.7052405898285667,-0.17739138711829508,-0.23297597963355055,-0.9724534677505672,0.007513053552595546,-0.338292677979692,-1.2068016649371107,-0.18920888979539996,-0.3252808367606669,-0.8220977025093509,-0.2600159063965349,-0.28480556792855255,-0.5454197028972364,-0.2450203850068902,-0.05230171891914029,-0.9761590460103413,-0.05585363952015627,-0.13227884591157588,-1.2553494108006773,-0.22483775746629134,-0.15754363042386577,-0.9007957437941986,-0.23409867844098928,-0.14769123782131785,-0.6252881104181779,-0.16993213123629358,0.13154842213311166,-0.9697704827806428,-0.124851759945734,0.0932886220342898,-1.3877182935416479,-0.1867207079468238,0.05688594408776964,-1.63428854013437,-0.18497344479463818,0.03192480878261325,-1.8555774579474014,-0.15346431073048183,Y
0.0,0.0,0.0,-0.29169155380178297,-0.15748805698583251,-0.04259523002130584,-0.49617446867509235,-0.5120939120386744,-0.06677440297945088,-0.6102411220069259,-0.7812013881333848,-0.125036001030506,-0.7291859109961203,-0.9910179864062553,-0.16555285238212814,-0.40355230984917656,-0.9444528636021505,0.04044092752437582,-0.4978285347155957,-1.231460847517875,-0.1066751769783265,-0.48557357518321853,-0.9436875068463562,-0.18284633441328127,-0.4402370664101657,-0.7074795207968676,-0.1908440612376615,-0.24439254055828763,-0.9696758288132148,0.0010359222318135739,-0.34579094627822743,-1.2413797614262765,-0.1944303361390753,-0.33117561326200534,-0.8555423024205667,-0.2655763199889734,-0.2873568545634746,-0.5742896277011524,-0.2520283575476039,-0.06085322897278906,-0.9830049832848914,-0.060694229764715904,-0.1424412185490179,-1.2885157323225258,-0.22666298012867786,-0.15960857833012093,-0.9344535421193453,-0.23707960150357218,-0.14262499097404,-0.6549209498864645,-0.17538880314868666,0.1276811747419301,-0.984763442113754,-0.12887450615510693,0.08865220616269004,-1.4187338574091362,-0.18647531156168393,0.04712306456683499,-1.667291201940213,-0.1837960775013596,0.014805387282994416,-1.8824605575685045,-0.15392539173295255,Y
0.0,0.0,0.0,-0.29175195365311674,-0.18111109412172557,-0.024110902779661963,-0.4935670981626112,-0.5228843125666451,-0.041567636285552094,-0.5989945578238058,-0.7827242283265579,-0.09687836626163904,-0.6980853660598101,-0.9856306216602932,-0.13643274484753817,-0.40350006337412536,-0.9436327404557224,0.07707567425107223,-0.5173822790711623,-1.2282818596591498,-0.05692789851462499,-0.5082741247211048,-0.9596676588682812,-0.1323696438229461,-0.46734285356017785,-0.7230200888642541,-0.14201662615744254,-0.2491829510511109,-0.9679455139962414,0.03145375716845041,-0.3724677130003054,-1.219447666402113,-0.14966894694048063,-0.3446268875504743,-0.8604316202468701,-0.22545059668494846,-0.2957115441151781,-0.5849429228291937,-0.21952867961045955,-0.07150417748666985,-0.9782790739466896,-0.035130412264786914,-0.17438642342816632,-1.259011125347603,-0.18634582047689915,-0.18703514286599648,-0.9099198014890362,-0.1978555915186134,-0.17445364023635693,-0.6279581365162143,-0.1419756399611797,0.10929530527056092,-0.9758135348455962,-0.10773491893528853,0.059810003166801726,-1.381969824872222,-0.16122410593813744,0.006090485091405123,-1.6167386463296898,-0.15887356626917906,-0.045421176770310843,-1.829137835831028,-0.13090731835249975,Y
0.0,0.0,0.0,-0.2978306778450263,-0.15841616173404416,-0.047437102947336884,-0.5145274268794895,-0.48889069528791373,-0.08108406361726411,-0.6354865907674566,-0.7395397500874058,-0.1459434313462775,-0.7443956012769185,-0.9390385431218538,-0.19233712453214394,-0.41622700884691327,-0.9389629764947549,0.018742772032149392,-0.5142511798615598,-1.2305758653664662,-0.13126791717475972,-0.5021212295156349,-0.9487144324828217,-0.2097796289726172,-0.459957253689414,-0.7089968088715405,-0.2217500433335703,-0.24715508344391413,-0.9687909322465511,-0.01893394635806844,-0.3550507246220275,-1.2391882587607785,-0.21870089516020952,-0.3399012384849869,-0.8565813290890489,-0.2919812261402892,-0.29244788851118053,-0.5671344903612813,-0.28209170459312494,-0.056553101753012605,-0.9824625808649752,-0.07780830248740776,-0.13662706953883197,-1.2923202900914115,-0.24468158818978028,-0.1568455464777088,-0.9459934544085875,-0.25394235367557727,-0.14165039584515132,-0.6591219077883925,-0.1946526273841305,0.13751387635976323,-0.9784248659035162,-0.14347475250726704,0.09691756034663995,-1.3944645228291024,-0.20739487602907913,0.048748123861283764,-1.6356882634942949,-0.2097886112020653,0.006346553578693688,-1.8463058975881481,-0.18450673562355707,Y
0.0,0.0,0.0,-0.3149981700431255,-0.13699513161799437,-0.03758219135465128,-0.5535963437730188,-0.5080540244909246,-0.0629795001640007,-0.6877764484659831,-0.7846425008903248,-0.12154660755154775,-0.8370778592997326,-0.9475263815472591,-0.16196103359238823,-0.4150536677671992,-0.9418278662240493,0.028825500261243014,-0.5109974668068038,-1.2583186682516414,-0.12107450983649456,-0.49292512743366046,-0.9655439517418829,-0.19888272141395408,-0.453794783688891,-0.710654840544158,-0.20854478364793866,-0.24184081273491337,-0.970256736431611,-0.01071852157697026,-0.3375558530613079,-1.227312667577002,-0.20603541285229843,-0.31818727160324334,-0.8434738795899678,-0.27414297742408616,-0.2786608252431135,-0.5532640335010492,-0.25872350581300246,-0.05020030614833501,-0.9801698431637891,-0.070769348783363,-0.1191347650069039,-1.295067813109393,-0.2277577656406693,-0.1445411327873343,-0.9465168183005305,-0.2260592765947849,-0.1380458863284841,-0.6639450955975413,-0.16084120154194034,0.14384815372522844,-0.972784826713738,-0.13743303510595645,0.11937435151795935,-1.3726306518922924,-0.19392348974337156,0.07938402854854779,-1.6041191159580925,-0.18978215783966687,0.04583343809030284,-1.8127274692476474,-0.15949447270119232,Y
0.0,0.0,0.0,-0.319607197675575,-0.12495093133604197,-0.04289809508279692,-0.5846378587939196,-0.505930996416142,-0.06963446968602495,-0.7404498419824426,-0.7822829711799284,-0.12608692126781593,-0.90393868198176,-0.9310565964231552,-0.16395854469275387,-0.4357578444084495,-0.9309051586410308,0.01350188802283408,-0.5274136212300891,-1.2636385131033008,-0.1330925451437811,-0.49676195807996776,-0.9735027479495076,-0.20897565325940415,-0.4559892213814291,-0.7179793179905218,-0.2201193965379363,-0.2593705510024183,-0.9655367379150107,-0.021580662852236396,-0.34700568204399623,-1.2223202176943582,-0.208023317358424,-0.31872022057189797,-0.8424244362001326,-0.2682936548378024,-0.28055822750063947,-0.5621897497805805,-0.2524535361809931,-0.06993320239551065,-0.9743963948760797,-0.07776031628577935,-0.12970695242561794,-1.3034629595311398,-0.22374604439874718,-0.14137088721928118,-0.9720472504500504,-0.21779961026678096,-0.13259476705643825,-0.701516117599824,-0.15638933444983044,0.11995610871855297,-0.9618552143596846,-0.14186641014109602,0.0937034671210863,-1.360894644988209,-0.1957924066156755,0.057231891458955894,-1.5944577377360625,-0.19457566964112175,0.026315950244289767,-1.8062401411255136,-0.16977534097603333,Y
0.0,0.0,0.0,-0.3086942524833371,-0.11081263572713745,-0.07322389135658453,-0.5829906971275113,-0.49092399757694594,-0.11587220058538324,-0.7617560718765493,-0.7649680701797367,-0.18226539842978157,-0.9386389454899114,-0.9168244327041997,-0.22798115480882197,-0.43533863762772684,-0.9341166181771567,0.00023937722472388694,-0.5270441975921693,-1.2805929813070918,-0.16132897791492032,-0.4935952135712583,-1.0135726545141541,-0.24279874153700892,-0.458598387739002,-0.7663332399681642,-0.25232369692670764,-0.24974725724861188,-0.9680589864052136,-0.022093128726061707,-0.33602919475705983,-1.2192868141097688,-0.22584523704549878,-0.3011694708719542,-0.8357996367159204,-0.29048533187767495,-0.2632710977741726,-0.5580429478429181,-0.2706840240839225,-0.05910352648638628,-0.967456260130883,-0.07042447851302223,-0.11628825246442269,-1.2704412480443337,-0.23629102134157404,-0.12105522188020726,-0.9440238921394811,-0.2367859463134594,-0.11512766489580048,-0.6793489226557996,-0.17243269486937884,0.12818326962852122,-0.9460366009529649,-0.1273761246522385,0.10200437097317223,-1.3328740798713552,-0.19010770815076522,0.07161098457707066,-1.5644057635042865,-0.19147159832101932,0.04020654313603913,-1.7670552375745952,-0.1645965612646811,Y
0.0,0.0,0.0,-0.3138177723508895,-0.11959392707838576,-0.05967184605306879,-0.5815418689730698,-0.510677643113569,-0.09165414693073279,-0.7509688631009986,-0.7879270476693384,-0.14799728304461846,-0.9229475151952778,-0.9319229531960415,-0.18282954134787258,-0.43715818947033414,-0.939313384859369,0.017841649539719392,-0.5227058372306677,-1.2796679353239426,-0.13623055419998048,-0.48715922551858276,-1.002013009991578,-0.21605386291526602,-0.45486709614505466,-0.7532448966568857,-0.22711267316221248,-0.2537047370169295,-0.9672559904622197,-0.007053745821972021,-0.3350889598303262,-1.2197600734324576,-0.19783711685984362,-0.30274928435226933,-0.844238437438189,-0.2586661781428312,-0.2708309868639723,-0.5766461012345738,-0.2397828162953431,-0.06160892464411067,-0.9646907478945753,-0.05673823608266877,-0.1167935585545114,-1.267665327241612,-0.20837580540800105,-0.12130058198831085,-0.9448261284182854,-0.20363740965780278,-0.1154569563550213,-0.6832595842871153,-0.1403901744371564,0.12796142863628177,-0.9412556764248209,-0.11460570745753489,0.100035573970365,-1.3022388014437134,-0.1697964952944616,0.06861531043627193,-1.512656742671842,-0.16784405358048654,0.03657812215168826,-1.6989597439913993,-0.14013229682725556,Y
0.0,0.0,0.0,-0.31322794210362237,-0.13693494269476789,-0.055352882889215374,-0.5800345741672088,-0.510280337663025,-0.09186787132197909,-0.7568831370309447,-0.7792911796048674,-0.15533123543067281,-0.9293693924325246,-0.9219888400925527,-0.19937431971732816,-0.42593287899679244,-0.940248306216259,0.02036790990816447,-0.5229582376673501,-1.2616586744650777,-0.13803784561574806,-0.4919004203173345,-0.9832370466100857,-0.221641677585416,-0.45937647997909753,-0.7323660637309604,-0.23318499883233387,-0.2468717701649743,-0.9690060750350469,-0.009030816174914467,-0.33853230105163523,-1.2128263614830246,-0.20322737386919185,-0.3102959599274905,-0.8403986222764722,-0.26569965339962504,-0.27823551673561,-0.5716528468870823,-0.2470150994548381,-0.057711910589054304,-0.9664636731581405,-0.06286765023239578,-0.12953091212712065,-1.2664971151084852,-0.22004328512127933,-0.1311497491153567,-0.934249328864846,-0.21510420465924068,-0.1175455143190963,-0.6686523267471347,-0.14893686098317765,0.1294818452692821,-0.942858188212709,-0.12433862951752654,0.1020499895734405,-1.3128650055855517,-0.18124633166860427,0.06825590349799417,-1.52956326980291,-0.17755749321031308,0.03340598305796223,-1.7257710822867438,-0.1472203783098398,Y
0.0,0.0,0.0,-0.31882079959487813,-0.1278970381414724,-0.060414934338139346,-0.5871641521603502,-0.48917497460471177,-0.10028943768898074,-0.7574224634408219,-0.7594875910598595,-0.16718172928703126,-0.919816324269217,-0.9222296341468177,-0.21335868451494794,-0.43918755785778923,-0.9314098846133083,0.015789440641463343,-0.5231738144311509,-1.2740932330346786,-0.14804447247020158,-0.4924907668374007,-1.0061979297957164,-0.23209134716362534,-0.4585939039465413,-0.7557149313359393,-0.24275191322070952,-0.25516100779479933,-0.9668174668283399,-0.01252381478520942,-0.33696349726916236,-1.2235999349484423,-0.2122574553338193,-0.3031520569678417,-0.841280937774481,-0.2762625080372774,-0.26954489513270097,-0.5651133304402934,-0.2584609056302772,-0.06316900412921438,-0.9720571337470167,-0.06667199024913065,-0.1269279056088593,-1.292152049945771,-0.22660160683130534,-0.12368920469351848,-0.9640589501465301,-0.22405483430114492,-0.10714059316448252,-0.7006644273614446,-0.16099099895854435,0.12420985510626094,-0.9510324109856555,-0.12921351162950911,0.09424086245824928,-1.3236895668811735,-0.18565788072082726,0.06573741632740235,-1.53261980429863,-0.18334048867175867,0.03997430955722213,-1.7237641280684064,-0.15607393891578053,Y
0.0,0.0,0.0,-0.3166024016870001,-0.11904214411776162,-0.04975590221538104,-0.5869104486764197,-0.48610651403934463,-0.07661508156268873,-0.7534029724005415,-0.7534685269403951,-0.12970170193729924,-0.9111023128756519,-0.9039191905053858,-0.16339439418846233,-0.4258774093922116,-0.9223127925581173,0.02308804622732452,-0.5080619490556476,-1.2657532990873737,-0.12238971643813087,-0.4781218186327629,-1.0016902476229734,-0.19572987878602935,-0.44459252270560357,-0.7424826967857003,-0.20429281804799293,-0.2455004450165644,-0.9693658158257307,-0.007710162461611851,-0.3254123002547285,-1.2248963232290586,-0.20004162791740654,-0.29385584751449095,-0.8460550039965745,-0.2645355072945391,-0.25384765049486124,-0.5636011272913471,-0.24855950113536884,-0.057843496537761205,-0.9845619461945417,-0.06120577643294602,-0.10294730674328369,-1.2872052599923594,-0.2169905935770321,-0.10943698839961707,-0.9742003542453461,-0.21827635277138993,-0.10052494671165177,-0.716682193991608,-0.15890499715433828,0.1230796286263171,-0.9773353748850705,-0.12114486077206621,0.09631802222965419,-1.361381065769691,-0.18322066784183058,0.05733376098783677,-1.5950541160590967,-0.1859622795714952,0.02095719836042662,-1.796761024957826,-0.1615211350990423,Y
0.0,0.0,0.0,-0.30912469003977544,-0.1154784956439149,-0.0528765725661087,-0.5792248340917661,-0.48132984705596765,-0.08336410754387036,-0.743293490634043,-0.7479642535731239,-0.1406275037367687,-0.9109585898108037,-0.8865466039119569,-0.17984597396434315,-0.41672879754390657,-0.9246942915142843,0.016653863486714222,-0.49400089631139543,-1.2447157360869334,-0.13726011908890182,-0.4707297714951492,-0.9820479052819043,-0.2154666783033259,-0.4383237644830793,-0.7305882528132938,-0.22382680872149663,-0.24128539467871593,-0.9703702687941834,-0.012763218835415235,-0.3216916072984578,-1.2163313143506242,-0.2088232945566032,-0.2888605386606688,-0.8400668442795861,-0.2720633232081937,-0.25134428631454,-0.5561379926639511,-0.2531705491783418,-0.058327744832610044,-0.9807346971030307,-0.06594782179800672,-0.11888222927197349,-1.2499700810928371,-0.22742639746013515,-0.12032679067495755,-0.9099729545366297,-0.23354482739857607,-0.10816419505924008,-0.6421629042574621,-0.17351481067414856,0.12245620359180677,-0.9678055862913532,-0.12628365874990924,0.09188298453490255,-1.3485703085578387,-0.19035159888755346,0.058774950710749126,-1.5823953316014658,-0.19853908515240634,0.027699651238001808,-1.7945819903722144,-0.17756346864875175,Y
0.0,0.0,0.0,-0.3192241587782134,-0.11102111243983935,-0.06881927272074541,-0.5999953849750166,-0.4806098350760229,-0.11003621120425015,-0.7781206580238806,-0.7522572689621851,-0.17663842217369308,-0.949394896550861,-0.9045965884080734,-0.22510492380696945,-0.4188856518758902,-0.9330948407917137,0.006937371800813569,-0.48248344827301604,-1.2608045720788408,-0.15173952424075324,-0.4537339909292355,-1.0021739305021122,-0.23469449310934262,-0.42206776187323425,-0.7568890465576998,-0.24484224752254255,-0.23273297514064883,-0.9723990760630062,-0.016595154533593403,-0.2943436585355533,-1.2013105300898343,-0.21326871087665553,-0.26424086763630306,-0.8246201094783312,-0.27846244937046,-0.23541040088955428,-0.5460960819538406,-0.26218391850281003,-0.045591290560613174,-0.9799079329293141,-0.06645784997798745,-0.08939138524463275,-1.254377889285808,-0.23250409849031453,-0.09073800411696874,-0.9188324206103022,-0.24345450121601245,-0.08667800345055957,-0.6511195744378255,-0.18701517977215557,0.13711762013775028,-0.9629008860169893,-0.1245492000754243,0.1096669124736427,-1.35523034515366,-0.18935226855738754,0.07665525586005498,-1.58915062789423,-0.19764173441332697,0.04154396115108541,-1.7968104888574874,-0.17700024341586099,Y
0.0,0.0,0.0,-0.3302039847768783,-0.12659769053569295,-0.06368972040437437,-0.6090219893840465,-0.5012540588204295,-0.09997794142099554,-0.784327240907939,-0.7787408487910563,-0.1614143525217674,-0.954450776422067,-0.9330826732471014,-0.20650396399843587,-0.41419776902688876,-0.9373695019845352,0.011097202403421,-0.4590898750165006,-1.2680522804748895,-0.13984845636995333,-0.4175715301851497,-1.0106720610922548,-0.22260295426688978,-0.38372308444275605,-0.7549502197293791,-0.2354912037790977,-0.2202442320395792,-0.9753357872266677,-0.014580137455885754,-0.25873040834544364,-1.224107275379819,-0.20202510576998223,-0.23035828719959342,-0.8530819305471514,-0.2682218892104636,-0.21285788002540648,-0.5671623804796834,-0.25559372213002257,-0.027734386647406677,-0.9831840395065429,-0.06534191054861181,-0.049087157033469234,-1.2852350524989629,-0.2213504023134166,-0.049592153387981196,-0.9556522099525367,-0.23061882678545087,-0.05270580473449501,-0.6827912128740206,-0.17745299731389597,0.15578409229221254,-0.9685757248792216,-0.12427610633034676,0.13257287837118717,-1.3576028317032238,-0.1859089619439431,0.11143794310746777,-1.5824886548834796,-0.19257057957263793,0.09087930166665924,-1.7846405245772958,-0.1729280448888027,Y
0.0,0.0,0.0,-0.3333068949763683,-0.12951357190295573,-0.08875329361236085,-0.6142986627521216,-0.49434731488225464,-0.14479402903507707,-0.7954446188631628,-0.7768982964211778,-0.22134382967313804,-0.9674605801100902,-0.9474341075528228,-0.2781245514252995,-0.40490929330807773,-0.9368752338202264,-0.012682454601586825,-0.438455540450141,-1.2721616958009665,-0.17036823887287347,-0.4042038358973705,-0.9998353420550387,-0.2568908020816976,-0.3783156237991543,-0.7408217941388536,-0.2723002961345403,-0.21310077432953842,-0.9765584690177412,-0.030358138445507415,-0.24398080743407602,-1.2272780600840574,-0.22652367255204223,-0.211442840210443,-0.8470578377809107,-0.2957114354081326,-0.19126610304061628,-0.5609972056237192,-0.28251070011519136,-0.02484848144692474,-0.9835688701336937,-0.07496185376713176,-0.035455896327982246,-1.2819274213642182,-0.23271239597101118,-0.03525976606333363,-0.9538767028163028,-0.23946062574350307,-0.038870266514231595,-0.6834030211039662,-0.18385721794840937,0.15626056373457775,-0.9615890122151222,-0.1304721379078941,0.13429069797592566,-1.3457706891106003,-0.1862654922948994,0.12618973177761603,-1.5667079923133667,-0.18810340814697032,0.12255258556693284,-1.7611282325665922,-0.16511419192112475,Y
0.0,0.0,0.0,-0.3356815888833422,-0.12195560975849767,-0.10514599830249749,-0.6132030779514247,-0.4899768582770727,-0.1621999025735028,-0.7876130500174536,-0.7754481286225987,-0.2369583092719536,-0.9538296679298307,-0.952261077904196,-0.29023494444943104,-0.3954866632639807,-0.9393322039055293,-0.029921722966187697,-0.4137657784422479,-1.2849883540045752,-0.18787014662695936,-0.3816737655253431,-1.0004650291980692,-0.2655241170167524,-0.36502590249689354,-0.7331528564978371,-0.27154764101140894,-0.20034683836558145,-0.9789780849696675,-0.038249882431691286,-0.21229070022225785,-1.2274019422851825,-0.23975518949826513,-0.18876747817224496,-0.8420917902393518,-0.30632914017190443,-0.18244315990055432,-0.5600085628545703,-0.2885002113494549,-0.012843752139639704,-0.9864201368713529,-0.07511047160824498,0.0009133982857811949,-1.2616078772383086,-0.24437782103401623,-0.0036917586114039,-0.9290298860103413,-0.25840338941225693,-0.01789145693866808,-0.6641323224169932,-0.20265335583388566,0.1648272233368226,-0.9727879890751833,-0.12302416165109081,0.16057456098936151,-1.3717757176171366,-0.18402851350809982,0.15700394557783234,-1.5995982357382017,-0.18973198628122886,0.15558839264761462,-1.7966936656636052,-0.16734709488534869,Y
0.0,0.0,0.0,-0.33055484636423466,-0.13752841691801965,-0.10729219029249763,-0.6006545273877646,-0.4926653889379481,-0.1728649348997253,-0.7865044328011471,-0.7803434927832551,-0.2549549910784885,-0.9485385444411855,-0.9705041880157276,-0.3156716502751443,-0.38930298321968343,-0.9418261946232419,-0.03085918750003261,-0.38859232456618076,-1.2873484638911719,-0.18908634938080127,-0.3527102366508601,-1.0210345624292312,-0.272148491537913,-0.33490991928695807,-0.7532637894376562,-0.2842214654028534,-0.1884275865539708,-0.9813737738619166,-0.0374240644701487,-0.1803921193403245,-1.2190824669604807,-0.23566560113002652,-0.1598166565155455,-0.8338834682724259,-0.30334010992288246,-0.1576018626352614,-0.5446397012342313,-0.28924573479430726,0.004380833766664019,-0.9923368226047167,-0.07212064127469023,0.03577372205114068,-1.2820852946070993,-0.2355134844110548,0.029537681721677898,-0.9627161632886101,-0.24398009979895952,0.013324317504333365,-0.6903744372440986,-0.18849431568790329,0.18419429216623948,-0.9785769126482963,-0.11857383653885786,0.18805181887169634,-1.3632995220105442,-0.1799253089290672,0.19194149340719477,-1.5796855015229565,-0.18343531705952534,0.20012982248819128,-1.75780715375415,-0.1600570451403195,Y
0.0,0.0,0.0,-0.3078570906229066,-0.13103459477987994,-0.12073263471726653,-0.5813524217636973,-0.5151059454073005,-0.18845798038804154,-0.7608346159358595,-0.8081970072538761,-0.2668548009291068,-0.9253833898942709,-0.9967469080104683,-0.32137309884403875,-0.34904363519248816,-0.9485966011741707,-0.03597868471848704,-0.3458232838419014,-1.2677138858594335,-0.18557424259498992,-0.3208387452410098,-1.001540099423073,-0.2673377143966729,-0.30863453773028304,-0.7338316852029226,-0.2817436143673283,-0.15344730782100244,-0.9876308301480655,-0.032237665292779896,-0.13886001555794872,-1.21726272028651,-0.2181464452819525,-0.13224418614036168,-0.8384566451486695,-0.28122924409852185,-0.14322869485938844,-0.5494673954782566,-0.2653579728753319,0.029585895094456752,-0.9933267286192153,-0.056870493649967324,0.05880565364988638,-1.2453354916727788,-0.21269471089223357,0.05468512209855912,-0.9390101667804346,-0.22405387784931202,0.03483330208956158,-0.6824259088494076,-0.17136193087327928,0.2041074032795411,-0.9743254283198197,-0.0924407615535059,0.20796885455311168,-1.3514428147005826,-0.14385812793337957,0.19534900471779923,-1.5492431293314317,-0.14028699457256785,0.1717840445178004,-1.7119081050122853,-0.11286118902918624,Y
0.0,0.0,0.0,-0.3162232042873994,-0.1417386463864887,-0.1295345273000092,-0.5833992115694623,-0.5195171817920872,-0.20296222303480216,-0.7560002708172059,-0.8164840959739423,-0.2852072749275685,-0.9180503923189707,-1.0056390606611307,-0.34463348213766903,-0.3538236359042363,-0.9572666995295365,-0.05491194275670101,-0.3323418167657732,-1.2828089391674384,-0.21835736624444663,-0.3033852044793052,-1.0045090628416014,-0.30653199223407535,-0.29858684467042407,-0.7406776341959187,-0.32069386452123505,-0.15805959811737708,-0.9862480973607138,-0.048289273087769924,-0.1141716465616792,-1.2158135864750255,-0.24801182593287383,-0.11460166815945827,-0.8305890476747858,-0.31476401165035234,-0.14488706948498514,-0.5495994328861314,-0.29752386594542773,0.024348832535065486,-0.9835637569766522,-0.07116279549304337,0.08402046225535541,-1.2442666315085542,-0.24102706682627958,0.07060727561421114,-0.9245541395251732,-0.25458901742186535,0.03369354043852358,-0.6658414073807295,-0.19824133706045718,0.19096101484891206,-0.959609668454258,-0.10533218417681088,0.19951968138764153,-1.3464986909001206,-0.1671130624847102,0.20733062531788013,-1.5683395039719141,-0.17070372255169114,0.21069091667176515,-1.7633070590398316,-0.14599100121937728,Y
0.0,0.0,0.0,-0.33647883157844516,-0.14948221379411447,-0.15137823675414952,-0.6069996276369523,-0.5281836886860828,-0.23842609295014158,-0.7789884552314393,-0.8560617053577806,-0.3300232819584614,-0.9499706988298502,-1.053230452963275,-0.39755112679588667,-0.3627704632307577,-0.956092297459918,-0.07895388694231957,-0.31534046200492116,-1.3108627053726434,-0.24788467548280949,-0.28974932913438517,-1.0271929766381969,-0.33768935889803287,-0.29933337807781624,-0.7573096556022914,-0.351437519151777,-0.1599017897912844,-0.985188459981533,-0.06192831291710658,-0.10583406074247234,-1.2382816282032842,-0.2695944587119206,-0.11106593082935161,-0.8485216759365589,-0.34245333172169984,-0.15247650270445331,-0.5598850093468025,-0.32796174996670757,0.027190974884662687,-0.9890703114886009,-0.07438738504220313,0.09862135337644586,-1.2707318908873257,-0.2486342778556615,0.08561215066112475,-0.9444288342594517,-0.2642559289689021,0.039862923887852474,-0.6776912599021621,-0.2077981836579677,0.1919127879677487,-0.9726921639534116,-0.09948867723463392,0.20132757611956495,-1.3702399087851393,-0.15997944787061516,0.213597821296463,-1.6022825075069196,-0.16288757437423626,0.21978313044921727,-1.8096174153738236,-0.1379959893821531,Y
0.0,0.0,0.0,-0.31899404236689305,-0.14177140112196887,-0.1582294757193256,-0.5834615315126103,-0.5109714107976077,-0.24463494732509547,-0.7484216208319977,-0.8396435154261087,-0.33361709375711035,-0.9155648464792909,-1.0413695671599743,-0.39598587579874744,-0.3510280813590213,-0.9629559563002147,-0.07981157192615616,-0.30916877888175803,-1.3107066672361274,-0.2485201500731943,-0.2792660212410658,-1.0223086814544007,-0.3347205017922028,-0.27956335098517865,-0.7561456077605491,-0.3464095125868664,-0.15351895785780803,-0.9864781472696867,-0.05738287669347709,-0.10219089485863923,-1.2348830869954435,-0.2687793196024618,-0.09789550461017939,-0.8384071506040699,-0.33695651242323277,-0.1261424575788396,-0.5543867807542575,-0.317600335626855,0.026461510855453833,-0.9795858786179601,-0.06593093694894528,0.0995479637998585,-1.2414363641931314,-0.24741391928736664,0.08350825775158885,-0.9161939017079572,-0.2608039771755689,0.0398173036861199,-0.6534534132805945,-0.19985852798730955,0.19017289888662622,-0.9554985102234972,-0.08757431287001023,0.2070186570892946,-1.340100388827563,-0.15662866241346918,0.22087669045818784,-1.5613322231467746,-0.16289179742678686,0.22739348098896464,-1.7541198778579907,-0.13778156087121923,Y
0.0,0.0,0.0,-0.32362233209831615,-0.13891223550140933,-0.1651223410557453,-0.5977875200119309,-0.5110649868611937,-0.25691667739162594,-0.7702980311042259,-0.848533592435731,-0.34885857229172773,-0.9386233601728035,-1.0557519518004623,-0.413671859549546,-0.35924272612754204,-0.9548272375143015,-0.09562965110801021,-0.3149116680562347,-1.309768173846329,-0.26596496960781174,-0.2846298360077072,-1.0265854064259332,-0.35147663897939996,-0.2888107854444264,-0.7566197913318291,-0.3628466374323851,-0.15868074470536633,-0.9848467549836221,-0.06998064345216891,-0.10230564870162706,-1.234991958775705,-0.2828778581788284,-0.0999692606786781,-0.8408339876128198,-0.3518519636314561,-0.13743612078582337,-0.5548644320055403,-0.334221678017931,0.023889144275953296,-0.9850343114949752,-0.07475402280027782,0.09202892747025013,-1.24229444112352,-0.2591375157895269,0.07886071443112394,-0.914555865262218,-0.27584589104752927,0.031080309585718297,-0.6506623723829198,-0.21802540626444333,0.18866015841287986,-0.9683968056155222,-0.0922674096516493,0.2029641861729451,-1.3545360348958397,-0.16681040256526092,0.2125200978385463,-1.5849985451853519,-0.1777924182856987,0.2082223290006797,-1.7946039778023344,-0.15628521525026137,Y
0.0,0.0,0.0,-0.32477022852012016,-0.1332684917793089,-0.15642780217703095,-0.599395839970625,-0.5170699103634098,-0.24593208429704064,-0.7729889666099308,-0.8487089537786952,-0.3392765832196859,-0.9481867812017366,-1.0444710262665726,-0.40816162152147867,-0.3632640839154509,-0.9529610961998545,-0.0894435212068467,-0.31963509987577005,-1.3041708880205725,-0.25952179533199016,-0.29178418707470727,-1.021515635985504,-0.34819519379471336,-0.2969142278650565,-0.754489847453443,-0.36280491355989,-0.16051882581434582,-0.9843469015650181,-0.0727659531548385,-0.1090450068869889,-1.2346379433108494,-0.2884586204721357,-0.11162242892629075,-0.843028470783621,-0.3618805670845761,-0.15034947762999723,-0.5536097118315103,-0.34723189343720495,0.025110043451981177,-0.9879828622289083,-0.08578108117779813,0.0975307692950625,-1.2710820295255576,-0.26896585932881106,0.08150763308873314,-0.9488421073967516,-0.2868442867964256,0.03152264743839686,-0.6828761824512584,-0.23065945955432687,0.1890830981451216,-0.9755708303997354,-0.11140858853083692,0.20084240070475917,-1.3826316915399393,-0.1822214995111468,0.20838599223679713,-1.6309862218551479,-0.1922240084830484,0.2057935186294092,-1.855574803148765,-0.17163768997001977,Y
0.0,0.0,0.0,-0.32522436418782547,-0.12179904016612038,-0.1541738270539422,-0.6066946984424392,-0.5058817019493501,-0.2323018724617354,-0.7856954397937724,-0.8290779116552025,-0.3156546265538156,-0.9561882160412091,-1.02141207255171,-0.3731581453315028,-0.36745845171312896,-0.9440523058657693,-0.0503533824019993,-0.3396813121889296,-1.2848389046414717,-0.22151191353282693,-0.300976759651558,-1.0137238181063175,-0.3154767149907338,-0.29383725476724654,-0.7390229241505974,-0.3297895682271354,-0.16985484421492042,-0.9849982080635392,-0.030460827440202034,-0.12728450890257828,-1.2195802712342148,-0.24246059337736517,-0.11534131180686094,-0.8387504760900322,-0.323541301330392,-0.14566377880528067,-0.5520964640220356,-0.3109893751944496,0.009886879728027822,-0.9945914043658953,-0.043030648743110085,0.06085039504945254,-1.233912993173134,-0.22903967153291482,0.059649205302607554,-0.9142839756470996,-0.2585061841591101,0.023455416697895266,-0.6494789223375899,-0.20460686135284264,0.17797535628502115,-0.9874025077539826,-0.06731265347086758,0.17917057208641113,-1.3898918555824493,-0.13753322863793915,0.17694613082520227,-1.625929641247392,-0.1474464710672271,0.16355745228456936,-1.8330039258273303,-0.12260988618095527,Y
0.0,0.0,0.0,-0.33145039587331915,-0.12420845734965891,-0.15274194664723795,-0.6124515037918012,-0.5030772134971055,-0.2365160204390071,-0.7894658964563267,-0.8328026562055588,-0.32381357185626336,-0.9594019588645256,-1.0328661978320006,-0.3860376277794689,-0.3763267085844104,-0.9456163138393282,-0.07931810266308931,-0.33925849746236264,-1.2913339758568505,-0.24524749354375072,-0.3028723095929072,-1.0151121926611224,-0.330369576830685,-0.3010460530688577,-0.7404737852710616,-0.34163559653317505,-0.1738086037714672,-0.9828449757171104,-0.06169540471255415,-0.1244267650132922,-1.2282492446582889,-0.27132490855353186,-0.11990682850959418,-0.8404478336022848,-0.3434142125178208,-0.15516383880853268,-0.5501520887083539,-0.3280194625694564,0.01290467143875217,-0.9901164491083558,-0.07379223025514216,0.0755060608667721,-1.2510864846294716,-0.2543604404710673,0.06932160908341105,-0.9303305295265187,-0.2755996790985264,0.026981106573537972,-0.6642293498138924,-0.22154227897077391,0.18435318654711788,-0.9798153385250528,-0.09764047398705113,0.18940630994554192,-1.3905894908607015,-0.16830780732530604,0.19261962668907026,-1.6387347576987692,-0.178946797411406,0.18558775402421646,-1.8567349624107103,-0.15814078657850195,Y
0.0,0.0,0.0,-0.325935197834917,-0.12851993674991605,-0.1493343221707663,-0.6049016567775171,-0.522189498528799,-0.2315984324026185,-0.7814071996822505,-0.8513170131486808,-0.3188174194322231,-0.95391791463408,-1.0449836369037548,-0.38112445569301456,-0.36983895805593187,-0.9487782327237888,-0.07754533919230067,-0.32940553977127446,-1.2939821841935935,-0.24513083642527098,-0.292606554472669,-1.00616702351388,-0.3301999928907628,-0.28843271810191656,-0.7319749331071032,-0.3417305509652654,-0.16380026911231776,-0.9844293914010632,-0.06378279693196734,-0.1134210739500009,-1.2320087889241602,-0.2738085308537963,-0.10621576893785774,-0.840026186909132,-0.34336286776099073,-0.13731502243917137,-0.5515677417519933,-0.3264377623793477,0.02660480181212006,-0.9912368458806633,-0.08016868134237917,0.09026758902499837,-1.2736117072527204,-0.2599932643447881,0.0834955362705465,-0.9458208644872501,-0.27610496779877086,0.04150509066059337,-0.6779770871018539,-0.21909054349606716,0.19645914426382347,-0.9810788207974208,-0.10866182063237917,0.20379092261466392,-1.3974268358030968,-0.17898140231134527,0.2110941633916445,-1.6502774150796689,-0.18910362030617453,0.20842849456063978,-1.8776750727981026,-0.16843435010262905,Y
0.0,0.0,0.0,-0.3179990182274696,-0.1247015912239606,-0.15188639301903645,-0.5977637421169961,-0.5110679403240546,-0.23132599655128738,-0.7752775614877987,-0.8267781948182135,-0.3166874644770313,-0.943893062279213,-1.0200622490310711,-0.37677066994089886,-0.3532042693496146,-0.9467237424336824,-0.05332627258683626,-0.3274990062529113,-1.2678762451232897,-0.22046231554583912,-0.303478927044801,-1.0000700331405068,-0.31076151395306156,-0.3063256333214002,-0.7348205183037286,-0.32521651891456377,-0.16026249489747693,-0.9864510133279197,-0.03507607494513335,-0.12091146640688379,-1.2111169741357353,-0.24762050316016931,-0.12146229802180997,-0.8299545509976952,-0.3269649051589735,-0.15546314891925694,-0.5399693003864393,-0.3140152412784549,0.0175588986583076,-0.9949699585725192,-0.04831762850493181,0.07022264637561557,-1.2480601573762649,-0.231775444370422,0.05988802640031278,-0.9396318119248226,-0.25893186751931907,0.018283788818220084,-0.6783691929675632,-0.20533293985577405,0.18033186966743459,-0.9866118052155137,-0.0733939624913051,0.18429764502838478,-1.3785193717752022,-0.14337325857037464,0.18499154427662895,-1.606380739682515,-0.15445786922137605,0.17357712452285623,-1.8073527157209217,-0.13120754800847886,Y
0.0,0.0,0.0,-0.31865650494850606,-0.12694625859814662,-0.1298587360219888,-0.5966557558845648,-0.5198903164532663,-0.20226860530776689,-0.7693892978611792,-0.8279156967158374,-0.2829168595187998,-0.9293842562795418,-1.0206891406416605,-0.3404233589181878,-0.3578360909278145,-0.950748580703809,-0.0642218044429635,-0.34165855151360525,-1.284707673249494,-0.22318053352534412,-0.3201590667411665,-0.9993318907259753,-0.30431708840391536,-0.31649606704951505,-0.7245459560563645,-0.3146906584240311,-0.16058240858963638,-0.9852750017489577,-0.05870656675485925,-0.12740647399853244,-1.221466938897749,-0.25844491092246374,-0.13649822817046312,-0.8300656026396462,-0.32284964129901705,-0.17011139930700986,-0.5400041549959258,-0.3047825166000984,0.023300984446533324,-0.9899599221840455,-0.08149042723056205,0.07926258138535669,-1.2656579897345874,-0.25332743481979175,0.06355568296312773,-0.9419481579867919,-0.2660490767917026,0.024679502975936775,-0.6716798023688185,-0.20923520103797724,0.1953387777595964,-0.9768300065984429,-0.11508902381559404,0.19333004285666416,-1.4005248787794804,-0.18194584269681513,0.19098534858377855,-1.6575559777718631,-0.1892375067771882,0.18700383643055632,-1.8783573480964484,-0.16731908343639088,Y
0.0,0.0,0.0,-0.33115470018049803,-0.13606650203125767,-0.13532942947493715,-0.6061632720229457,-0.5308670378171222,-0.21006710412430096,-0.7757244547289465,-0.8532859844122003,-0.29284237664664164,-0.9438547431952473,-1.04657291579453,-0.35166421908150647,-0.37251477784060283,-0.949584133296459,-0.058338186555578854,-0.35423890400116254,-1.3124631431602025,-0.2203177061056941,-0.32948008456262484,-1.0278338744508535,-0.30672033912424196,-0.3266512372235613,-0.7560339419184037,-0.3212504231471734,-0.1698983449659119,-0.9841999969012707,-0.04984895663284007,-0.12985332930040336,-1.2432686631223318,-0.25266376635643645,-0.13649538276034012,-0.851359358305677,-0.32143423686326483,-0.16792553667244675,-0.5600267290140988,-0.30653770956679005,0.018005239764913843,-0.994408682358094,-0.07065135740094873,0.07930052047080358,-1.305589909638593,-0.23608500714902053,0.05502397655091281,-0.9835115701285593,-0.2425865763339943,0.010251799596380848,-0.7103049647831274,-0.18494978065764406,0.18767192024061857,-0.9848267935993337,-0.10435237099045665,0.19411977168367162,-1.379259917254586,-0.1643539381981322,0.1940846775276272,-1.6152598813680819,-0.16698361812783485,0.19155789829243053,-1.8213813161650108,-0.14379917796960334,Y
0.0,0.0,0.0,-0.32275739222787836,-0.13204608661201347,-0.129759307118693,-0.593435841092889,-0.5224357337815511,-0.2026046487890501,-0.7658836857990251,-0.8360879487828372,-0.28455191572180827,-0.9311391532407016,-1.031747937625637,-0.34266671962949147,-0.37123735188185597,-0.9517603688162819,-0.056319101242442396,-0.3578669951747031,-1.2989403883806,-0.21664822927312996,-0.32605300261618503,-1.0081429777152626,-0.3000941007454332,-0.3160945744875837,-0.7313224553923475,-0.3126442905829688,-0.16892432806707222,-0.9843550477865916,-0.05009701871513904,-0.13200846058004886,-1.2377947538466927,-0.24700780100392422,-0.12959329933971425,-0.8451707653961475,-0.31106407786766616,-0.1566924275842202,-0.5592737691338819,-0.29365456662911144,0.02018174352223355,-0.986735431823096,-0.07254916739812477,0.07594567295276744,-1.2928027225435832,-0.2379005005940997,0.06248329372172391,-0.9723960435384315,-0.24288444478813306,0.026083870399152064,-0.7028442793248642,-0.18354280379463775,0.19344016045983592,-0.9670672836371795,-0.1067559269890242,0.19612966922466685,-1.3636531319991763,-0.16908623729614053,0.1931666729589274,-1.5897767688647584,-0.1696516490536203,0.18738430436660483,-1.7780529714433473,-0.14337667872569362,Y
0.0,0.0,0.0,-0.3217583929490809,-0.1305851857783189,-0.12243145088023061,-0.6017341080675587,-0.5326499239136798,-0.19162521423265752,-0.775748032432622,-0.8419428201995905,-0.27070770483417017,-0.9433353956513455,-1.019206048220811,-0.32759678115436697,-0.35881039872583315,-0.9536688974254433,-0.053658289377742245,-0.34134740034620614,-1.2942772313759308,-0.21118239135323605,-0.3148495107634629,-1.014647941833965,-0.29469244511084425,-0.3120267678654331,-0.7492444266121593,-0.30680218686613,-0.15976366729089678,-0.9857800785219955,-0.05208845748274634,-0.120520508957352,-1.2255918896199165,-0.2493705802669016,-0.12179771060027073,-0.8342755119074868,-0.3142795111442157,-0.15192206767511826,-0.548225161749817,-0.29680613186118293,0.024976938935180305,-0.991213578181494,-0.07866505655809818,0.07997296988833526,-1.278559249377118,-0.24402072102912944,0.06374856158363466,-0.9520463487414313,-0.2546737658844261,0.022495444643652343,-0.683633557920918,-0.19831484364933036,0.19358977363007943,-0.9799677972234216,-0.11621229209492216,0.19111820186440423,-1.3998590001745383,-0.1760220153657885,0.18914016790636257,-1.652339881495924,-0.1797990733657399,0.1831318627954255,-1.8737098154681335,-0.1569203576793315,Y
0.0,0.0,0.0,-0.3237535554569512,-0.11609752986672692,-0.14181849333890803,-0.6043491390777124,-0.5151376228245471,-0.214951505809167,-0.7779851300578506,-0.8393298547218065,-0.2959969093894205,-0.9526067401882975,-1.0372215060874583,-0.35394120397413276,-0.35996554192151936,-0.9458828987175991,-0.051282908939280177,-0.3459331771131055,-1.2844476429565588,-0.2176352907518689,-0.31974176203670607,-1.012115119281964,-0.30796418312481094,-0.3114107606052398,-0.7365719615801776,-0.3233748248578876,-0.1611402590198167,-0.986098646653543,-0.04053734070061248,-0.1375395325472539,-1.2268468517193867,-0.2543370060440799,-0.1340413437478662,-0.8382609453619886,-0.33425418212158065,-0.15579384176688071,-0.5399158550067107,-0.3230733242018669,0.023053233629078077,-0.9955160516896251,-0.060625530204852555,0.06173751997168113,-1.2748912191890172,-0.24565372663600044,0.050937959569872605,-0.9559704213507961,-0.2716964956449666,0.019033738340054004,-0.6800754532858581,-0.21920451900890067,0.1950132979629222,-0.9884468364175404,-0.09231082581463021,0.19419976056647403,-1.4128381255813278,-0.16841968909435762,0.18918892473890547,-1.6723442320582431,-0.18551571976965675,0.1797334504657162,-1.892204803955597,-0.16843029291726574,Y
0.0,0.0,0.0,-0.3270588587780282,-0.13648190233885754,-0.137664978307187,-0.6088932293351245,-0.5399766709851831,-0.21616678236900888,-0.7920537062980973,-0.8603565569190175,-0.30347248924434866,-0.9696190015248395,-1.0499292443213584,-0.36568584364808904,-0.36123484561461383,-0.9552142722297368,-0.06085707283622705,-0.33517715908145546,-1.315493971859772,-0.22607806031193192,-0.31527967952678904,-1.0342638368736394,-0.3119902998421213,-0.31968511415446155,-0.7761302376140008,-0.32426426167514355,-0.16581937867007662,-0.9847632199966558,-0.05239593685857548,-0.12529352141110547,-1.2340227839236715,-0.2607959840055138,-0.12774042214835166,-0.8475193596410415,-0.3301678943257901,-0.157481456469365,-0.5695589915880486,-0.3129738623008721,0.014764451018538367,-0.9884955806953892,-0.0737857700596238,0.07366232981944366,-1.2719930309104819,-0.24422265368678736,0.05669703389040597,-0.9498084235132811,-0.2568507475685776,0.01359364822609478,-0.694061257377243,-0.19927650648249265,0.17537700643273746,-0.9773331931316086,-0.10765367770892688,0.18406539848157283,-1.3754976149725058,-0.16585267508048812,0.1885371382156471,-1.6124597844894444,-0.1689770554015838,0.18473109293853698,-1.8326812914070902,-0.14472228676681284,Y
0.0,0.0,0.0,-0.33119078951736425,-0.14599893096710542,-0.1597963440557047,-0.609497671516067,-0.5378443451930631,-0.25234540191091415,-0.78441144252169,-0.8784460795055999,-0.3496214274283906,-0.965590775288199,-1.0831899506138787,-0.4208014569507973,-0.3497993590126506,-0.9602400153313114,-0.08685428281497176,-0.3036142982170195,-1.3049468439758298,-0.2614771803571959,-0.27706614267029916,-1.0133049356051784,-0.3546844859412843,-0.27964866768792385,-0.740343887266861,-0.37138148054607395,-0.1405027879808785,-0.9876053632722611,-0.06996151088609852,-0.08839288183827389,-1.2383527668783079,-0.2892679941966552,-0.0860658368485661,-0.8416640585177306,-0.36637106466673525,-0.11516168964228933,-0.54831238156563,-0.3542707916001148,0.04956037585504273,-0.9894469962089267,-0.0830199486224423,0.11990697338951739,-1.27626686225894,-0.26615916692261943,0.10132658689282638,-0.9453776079135386,-0.2808554836809875,0.050548842976507816,-0.6788218906787343,-0.22234789365095187,0.2131959065610008,-0.9736220133675854,-0.10940716893633026,0.22665569425599924,-1.3743687298307836,-0.17427568895852516,0.23307637707419454,-1.6139028515119767,-0.17688114130376728,0.22537577368564599,-1.8380814205824962,-0.15136682063234835,Y
0.0,0.0,0.0,-0.3356637495899232,-0.15559401012501178,-0.12744592389552922,-0.6112148885102754,-0.5532194775674778,-0.19817855901095208,-0.7834084667203332,-0.873322089142911,-0.2798104387850192,-0.9551767079960221,-1.0643487685874606,-0.33743042303151505,-0.3490224376484515,-0.9545719570404392,-0.045651771567242955,-0.3275135534160431,-1.2859677670397287,-0.20446560628348023,-0.31494977232029536,-0.999463059294914,-0.28786472845106237,-0.32303551657827434,-0.7433417732133722,-0.3004392515327936,-0.15562577897717583,-0.9870202969561509,-0.039642783887346066,-0.12461686518325595,-1.229553999256558,-0.23708424667378708,-0.12900622349843732,-0.8423148894956907,-0.3043090519833571,-0.154242119761341,-0.5633559126602896,-0.2907066979714952,0.023478324513685,-0.9938400867383271,-0.06267589093608707,0.07459555041007669,-1.2601165492499287,-0.2257953907549027,0.052711382326924884,-0.9372718743375317,-0.24057402080107185,0.0095619673955867,-0.6831313419054833,-0.1886674732032288,0.18148859582630925,-0.9782596360043562,-0.0977798511991624,0.18679010873851684,-1.361621917313192,-0.15315128208575793,0.1854766152609148,-1.5925767872113832,-0.15850110536577972,0.17377653554882086,-1.809941787799507,-0.13866912799582282,Y
0.0,0.0,0.0,-0.32965541198889925,-0.14243561388046014,-0.1171115625156501,-0.6198213618540075,-0.5249543085380455,-0.18592363143549012,-0.8021842623341697,-0.8392949902167864,-0.26891604678184805,-0.97382094348855,-1.034657410942498,-0.3295441693466831,-0.37249736553300966,-0.9420861141625939,-0.037670962205067514,-0.371718263722886,-1.2927178336875915,-0.1973409013379997,-0.350882333809481,-1.0203440570186868,-0.2830120495533281,-0.34449869444046555,-0.7584575334915096,-0.2974042983429301,-0.174404245799559,-0.9839065172907485,-0.0388731820137889,-0.1660740527403302,-1.2517579489890527,-0.23922439333999726,-0.15328780080778642,-0.8645586392952467,-0.311671059865026,-0.1574407689029337,-0.567254085036424,-0.3009930240474611,0.011138225847134312,-0.9999602415188323,-0.06803353722535342,0.03911312040478254,-1.2967629667911404,-0.23159335649439244,0.03242759109269513,-0.9828145979381815,-0.25002689571523684,0.010467919696685774,-0.7180108857128948,-0.20104267065635703,0.17683953937374322,-0.9926214579146561,-0.10825527609575318,0.1736969539281613,-1.3858637901025674,-0.16299956937408266,0.16008764962098937,-1.6265559944820127,-0.16937996648833958,0.13701120158593105,-1.8425222236971206,-0.1509053887280979,Y
0.0,0.0,0.0,-0.3202446704177317,-0.13072146381520555,-0.11969913376255212,-0.6069120594352747,-0.5167346099762778,-0.1892702669330193,-0.7853204352585056,-0.8231077625068649,-0.2707817230997821,-0.9555603832365327,-1.0059420343275118,-0.3296654683751357,-0.37004628472873224,-0.9411603712619985,-0.039131496438711506,-0.36972468736511466,-1.277103360843993,-0.1942897054687711,-0.3447579394409268,-1.0047329589119245,-0.28073890016384295,-0.33799205359687257,-0.7426034003415098,-0.2967537652658653,-0.17436796109010586,-0.9839646415812396,-0.03754195337461767,-0.16524490450188384,-1.236654567377614,-0.23328940517115204,-0.15144259417380215,-0.8551901848297415,-0.304700807567021,-0.16154955962618459,-0.5637117815271997,-0.29232024675757345,0.012428322494657513,-0.9980561233536577,-0.06303030639075087,0.0426502472026553,-1.2847780798696926,-0.2210800181277609,0.038041894913164294,-0.9751162373690191,-0.23454500210152887,0.01043267655202822,-0.7129772414041866,-0.18169869378861536,0.1846273767600045,-0.991100521683361,-0.09945096961697898,0.1759464258025796,-1.38755263599274,-0.1483400302350733,0.1681547677806661,-1.6171920284045405,-0.1449896039765045,0.1505409600302061,-1.8166796716052949,-0.11816021082524666,Y
0.0,0.0,0.0,-0.33041924157986435,-0.12859056737099236,-0.12399845259258711,-0.6144621106269197,-0.5000570296436918,-0.19787440518914237,-0.7968330664589391,-0.8065874286974376,-0.28434557653757186,-0.9662631340279754,-0.9948758313650586,-0.34771930073253504,-0.3704531164425345,-0.937007316297766,-0.03783564715439847,-0.37995922435303514,-1.2868157753083953,-0.19966446981785396,-0.350220943124841,-1.0125150713889344,-0.2923864911003234,-0.3386465008925398,-0.7459347690623557,-0.31114392282688325,-0.17692562343060533,-0.9835782265893387,-0.035653835040051284,-0.17428119122408126,-1.247752125176734,-0.23654902600445402,-0.15173821980419028,-0.8700815223606161,-0.31326511129593493,-0.15563217826111353,-0.5802126232081699,-0.30298368602261017,0.005334203168732165,-0.9994432181876575,-0.06161195516201441,0.02892144440703993,-1.2876483821315265,-0.2224243095657143,0.030472571945249882,-0.9702890430483158,-0.23747637604258795,0.008779702194433471,-0.7047367477256151,-0.18403729108138028,0.17251174772100172,-0.9943049080122338,-0.09941740862226757,0.16081656641106384,-1.3849860088656867,-0.1506576948361391,0.14881510209397827,-1.611813647497662,-0.14861475576166291,0.1293825171577766,-1.8101088556385547,-0.12097322257953454,Y
0.0,0.0,0.0,-0.3349421965428115,-0.1335231516439657,-0.11425999317970645,-0.6281414131219928,-0.5054700089898833,-0.18182099117828673,-0.8187207685530679,-0.8004583686205624,-0.264373452399211,-0.9917470569511551,-0.971576963707189,-0.32520388550570484,-0.38153570930172026,-0.9406045855403704,-0.023820125392008753,-0.3829332120029727,-1.2934128660973272,-0.17881086350202743,-0.35661714599277045,-1.0301766586578713,-0.26599424423826046,-0.3482742098982886,-0.7743022562563918,-0.28188720774765497,-0.18871995581658949,-0.9816957543964214,-0.025655878013150703,-0.1748084180974128,-1.2494457922062592,-0.22494410964447994,-0.1645042042200498,-0.8701429127618755,-0.298003152791681,-0.17343798447471956,-0.5813907766661744,-0.2846691092553119,-0.007414466699900822,-0.9949981763273826,-0.05576329145889447,0.025794124959074155,-1.290375961565516,-0.21541762423047134,0.014777994315603853,-0.9690709822389367,-0.2288309217224175,-0.013157048674971701,-0.7006559063854055,-0.17448922358941596,0.15819366376030017,-0.9893146541600774,-0.09764683068897499,0.14964032710065353,-1.3793018219530486,-0.14888370551123478,0.13526689246824375,-1.6085470798425354,-0.14871903015661347,0.11689756967542939,-1.8110530097661666,-0.12328202478254253,Y
0.0,0.0,0.0,-0.3333846886711615,-0.10535722954676338,-0.10730628926129104,-0.6268107804501503,-0.4715881079497749,-0.16683157223494738,-0.8092337728735559,-0.7771534971317229,-0.24205854964854281,-0.9826251797735086,-0.9548168027352362,-0.2978256399737257,-0.39859770067903194,-0.9347057026465083,-0.023869785678350002,-0.40400449695272683,-1.2824445054905178,-0.17465412176428036,-0.37280094621157595,-1.0309545233975568,-0.2561690596048002,-0.35523666878977966,-0.7700614704105864,-0.2672620594307342,-0.2070747811396924,-0.9778731813827704,-0.029733418039103447,-0.1942197275940549,-1.234135542305656,-0.22744870367740289,-0.1786483398244218,-0.8613482644125761,-0.3010478240206371,-0.18260092464097177,-0.5697410353020405,-0.2893166235556347,-0.023198309490489812,-0.9969621475289574,-0.06332373787836713,0.003474681823416413,-1.2819873490522444,-0.23456251428114264,-0.006833182939615475,-0.9567605718678038,-0.25999072755825414,-0.0302301712025316,-0.6831868584345799,-0.211852633609414,0.14813455101309492,-0.9967374135243977,-0.10654301435509092,0.13325219294193782,-1.4071733424837993,-0.17483299978067093,0.11231647831679432,-1.6615788257274142,-0.18963789387713662,0.08679260206502946,-1.888889979535623,-0.174236597347718,Y
0.0,0.0,0.0,-0.3301110717002788,-0.12281063341202171,-0.10758374351556133,-0.6119675609614809,-0.47766062978249224,-0.17533861688584057,-0.7943785035128527,-0.7586162759706584,-0.25961823427120256,-0.9584234663949476,-0.9419992876143599,-0.32322955857218605,-0.3881397338232277,-0.944247458798474,-0.03345978475810713,-0.3945038217025722,-1.2918365837306172,-0.19556360796024103,-0.3613956552420042,-1.02838537761566,-0.28465399552957343,-0.3425336767647959,-0.7677415714995132,-0.3009559890879444,-0.19103630277381983,-0.980644877274387,-0.04290402892517225,-0.18219984782061543,-1.2328813682789632,-0.2444521511772627,-0.1667938689738688,-0.8515587271987227,-0.31626647709276234,-0.1683866746695767,-0.5644254847464958,-0.30445907293064217,-0.001466345682177807,-0.9864293157531927,-0.08042954637635373,0.0250223525604382,-1.296297712889825,-0.2459998562869196,0.012360113151216219,-0.9759937198020462,-0.25552765878490913,-0.009131938370032493,-0.7026489858775965,-0.20023609325830724,0.17619914795680391,-0.9704728421977425,-0.12933880234121406,0.1665293854825364,-1.375074182290971,-0.19065856171316833,0.15507515904302802,-1.6151392967939016,-0.1936897116702566,0.14687346446902141,-1.8168968991972958,-0.17021775518523008,Y
0.0,0.0,0.0,-0.3310496387024078,-0.12469048576927119,-0.12520338169030806,-0.6180899818380152,-0.4645070323748916,-0.20405063966259832,-0.8057091182715093,-0.7405321709460302,-0.29549052016619065,-0.9690489296516956,-0.9271438901458627,-0.36360339391457924,-0.38554925141835145,-0.9345386348413379,-0.049852680649107195,-0.39473589586015256,-1.2807336844093993,-0.21498563417224167,-0.3661078575159273,-1.0107478164669175,-0.3057184245708269,-0.3499517782852644,-0.7488856587944159,-0.32278986757327294,-0.1914825951483745,-0.980207679405962,-0.05027246750282371,-0.1821934007349147,-1.2310257748528879,-0.24983047039829567,-0.16799790852279886,-0.8508675184724271,-0.3189912766695715,-0.17090200482165496,-0.564131357378358,-0.30608338728699264,-0.010388262587975735,-0.9917280168924235,-0.08019015998565068,0.01856550815415092,-1.282871814162696,-0.24600952409618312,0.017159285475150055,-0.9622657692074892,-0.2573159061767988,0.0013462780095771882,-0.6912970378138114,-0.20271954908088904,0.16029155062841874,-0.9805803519478956,-0.12249346308159824,0.15109574109253218,-1.3812057186894573,-0.18170089202741013,0.12859394888130837,-1.6032211745571991,-0.18199431437234478,0.10157500381219137,-1.7827319274827815,-0.1560590333077859,Y
0.0,0.0,0.0,-0.3292251326495798,-0.1267058881499409,-0.11007279843441219,-0.6247831813388779,-0.48956115867971006,-0.17261831934435892,-0.8127703850660459,-0.7700290664242192,-0.2499051528294162,-0.9759462154298347,-0.9488612710865687,-0.30511558435868846,-0.3802306463193204,-0.9435086289232778,-0.028728671820149973,-0.3935952918375392,-1.284848860399349,-0.1734852282202482,-0.37304822747267985,-1.024770838559511,-0.24622594427420336,-0.3596601281288733,-0.7626326629430501,-0.2551474926597348,-0.188941244826074,-0.9814234402795806,-0.03330520790155859,-0.19116809729854015,-1.2424562282693847,-0.2208299590888835,-0.18640873604594882,-0.8699161354938125,-0.2855002736536349,-0.19148611099817547,-0.5825367888552861,-0.27095433081519066,-0.006073784252194237,-0.9911282171915087,-0.06480358533197703,0.007756911477702639,-1.2915557403226157,-0.22303859071297644,0.008511721154949664,-0.9789664629055148,-0.23447091210881754,0.002069737060195902,-0.7083217991113188,-0.18161815748237295,0.16958023789926766,-0.9785419612719611,-0.10669436785418404,0.1528576602552406,-1.3782074751543136,-0.16460559093837113,0.13824617910577913,-1.5994874158271748,-0.16689126711856128,0.12775702304294645,-1.7803308490815875,-0.14299542833801893,Y
0.0,0.0,0.0,-0.32917952704698544,-0.10156853516422086,-0.1194833543451226,-0.6213740034737485,-0.4484704010074497,-0.19170396635503398,-0.8042588408333531,-0.7296563289323948,-0.2770063516230984,-0.9674810328101772,-0.9198567434036778,-0.3399358656591766,-0.39205285544866286,-0.9328299340717899,-0.04001993615292316,-0.4192249451069243,-1.2683051447728755,-0.19823549133182017,-0.39077759561022074,-1.0002489223946363,-0.2857591742410605,-0.3705278779467848,-0.7343631570471498,-0.30231746113891533,-0.20267777556217045,-0.9783547609424872,-0.04175740693983612,-0.20991456073215425,-1.224280603250081,-0.2441585539301729,-0.1929684451827417,-0.8426339749835854,-0.3173584529360911,-0.19221536274560252,-0.5409042273111612,-0.30498887268164787,-0.02138160509400587,-0.995643083791742,-0.07142945077608694,-0.0010347966420810313,-1.300770631765467,-0.23782485772319634,-0.004429201281090151,-0.9955687565171346,-0.2508098074440594,-0.019109278194501728,-0.7237734697772777,-0.19600939888972305,0.1491701868221088,-0.9901934231093581,-0.11218337212693198,0.13177383160586956,-1.401430481412163,-0.17452810909853322,0.11476533648250559,-1.6464725082843867,-0.1788682214064423,0.09913673790227642,-1.8554840114948512,-0.15459585441805462,Y
0.0,0.0,0.0,-0.32448210560431007,-0.10577948053714514,-0.11880954058458407,-0.6186583705221139,-0.4393076340473183,-0.1923436985644882,-0.8096227590177807,-0.7169700857446465,-0.2789365375954176,-0.9780553881953401,-0.9054940539838948,-0.34290832310772323,-0.41016999117663033,-0.9261453730829253,-0.04855837993030862,-0.4310721593247201,-1.276997912996839,-0.206763088562357,-0.4009265140013469,-1.0077117467226906,-0.28884264395346865,-0.3844711746474461,-0.7444529309864214,-0.3007224992115588,-0.2175048704391393,-0.9748372783086322,-0.04882532288753014,-0.2301981777907743,-1.2356648543134867,-0.2471080092739558,-0.2062599748372372,-0.8588097088600705,-0.31582529452804886,-0.20271648411311138,-0.5669400908343435,-0.3025719111753963,-0.032477690601697654,-0.9923201327293378,-0.07660910621874892,-0.024564909733589383,-1.2992211171087202,-0.23951405172540557,-0.01300781230577315,-0.9884309808442664,-0.250524731982088,-0.01848900157565482,-0.7191215913605263,-0.19683156782411243,0.141192763963412,-0.9886000048655913,-0.11551573934843255,0.11887417195758868,-1.3935102269607598,-0.17591030290449902,0.10521662158952365,-1.6274608403862,-0.18062694956770295,0.09231168234442058,-1.827468333901666,-0.15821084247311945,Y
0.0,0.0,0.0,-0.3381542675898911,-0.11524516422851068,-0.10478150200827847,-0.6249395671230293,-0.4507253195403612,-0.17079203570633072,-0.8159285691448056,-0.7201728600399359,-0.2558307940864824,-0.9838139609541627,-0.9068312833073979,-0.32064947411701006,-0.4087288271978366,-0.9347299414918198,-0.022673774217210476,-0.43527900577663114,-1.303069634680645,-0.18383809725390618,-0.4063282399358736,-1.0446884019564795,-0.2711247258256817,-0.38680240841018787,-0.7814365285441326,-0.28425743660111047,-0.22174161231048847,-0.9745853315736347,-0.031844761758467566,-0.23267648640166735,-1.2481581156107178,-0.2301717575849751,-0.21807308407339043,-0.875009462071564,-0.3020662700411549,-0.21356292076582323,-0.5915302031200594,-0.2888800476637707,-0.037762789690498275,-0.9861756190841128,-0.06961571619622305,-0.02652516182510755,-1.2964024464591921,-0.23489925394019795,-0.02854539232182969,-0.9767863591703446,-0.24924695249848683,-0.035111524345671864,-0.706067112418932,-0.19495786876758406,0.14103730964329,-0.9773283675608128,-0.11824538163337603,0.11565704720885706,-1.3855159521871716,-0.17766280414273616,0.09616440117275611,-1.6086962192894092,-0.1796219446204102,0.08737305443575663,-1.7833993784792097,-0.15318603261681094,Y
0.0,0.0,0.0,-0.33799031214359515,-0.12168152623484783,-0.10108555510898666,-0.6235745672137878,-0.44743211362119906,-0.16492307556630784,-0.815527724670714,-0.7119564272407045,-0.24790796130004583,-0.9809957602253769,-0.8988559309972287,-0.30958087759876723,-0.40421093516963774,-0.9309175137048399,-0.016242668144779152,-0.43674511007485023,-1.2832665879140224,-0.17039208282625612,-0.40064021031523944,-1.018263039745248,-0.2526104761372874,-0.3745091352913404,-0.7524782048250523,-0.26407903657854626,-0.21427883238855963,-0.9764277291732161,-0.025951333141713183,-0.2351112812400249,-1.2381822139288783,-0.21531932864563427,-0.21433197120190123,-0.8656012675163859,-0.28453895755884917,-0.20420635760702716,-0.5870034951371349,-0.2731461803116172,-0.03046150693219522,-0.9906370859986606,-0.06337752456891654,-0.03369382144899708,-1.2896202674276647,-0.22087563992487047,-0.031058238008332555,-0.9699502603784939,-0.2326565974748262,-0.030060041926136056,-0.6981871818310221,-0.18002455742758072,0.1473681675471627,-0.981092058433765,-0.11185587408546406,0.12264565245585882,-1.3833382876811757,-0.1683530238814139,0.09958137344404694,-1.59640277741485,-0.16898832191328692,0.08800194293679395,-1.750908898696247,-0.14288624758745855,Y
0.0,0.0,0.0,-0.32979925620245537,-0.10861585400154618,-0.10480415614932527,-0.6227048473656737,-0.43842128171275363,-0.17204622351273927,-0.8101164679442058,-0.6952762616468889,-0.2553703989231141,-0.9707999269829701,-0.8712844769287633,-0.3159650040293989,-0.39802297114092855,-0.9380214368369305,-0.035974034225229316,-0.44038703582339045,-1.281603054243597,-0.1902491528635516,-0.40612230493944085,-1.0077687429985738,-0.26804130997300507,-0.3804611715482881,-0.7357731877856483,-0.2772423866568628,-0.20506329276737467,-0.9776980666040591,-0.04533802507925022,-0.23491205199301235,-1.2393632554613203,-0.24134101665244598,-0.214157010913566,-0.8596570972936448,-0.3085952582811717,-0.20900200108219236,-0.563741352736599,-0.2927225234901164,-0.018648756571600696,-0.9862519705940919,-0.08071842894024023,-0.02647011533007132,-1.2824806942173825,-0.24471291046031474,-0.018376695894113126,-0.9617857955850608,-0.2523016322677792,-0.018585498606891866,-0.6871509560823783,-0.19384564780373892,0.15885283525517835,-0.9701585400786001,-0.125790130586216,0.13060712542789374,-1.368492111683442,-0.18717106465853908,0.11276837938000366,-1.5980619192696595,-0.1867575575005123,0.09943637759832073,-1.793837284224801,-0.15829997527771025,Y
0.0,0.0,0.0,-0.32873970162322885,-0.13776001486589964,-0.0935271640907256,-0.6098923583600275,-0.47149206023477774,-0.15143472605060432,-0.8001606329116262,-0.716811070736655,-0.22767693231696548,-0.9565371612467408,-0.8847746824129322,-0.2823952217594419,-0.38030923105540343,-0.9472891094270592,-0.01667977108460986,-0.4149698326991988,-1.295024412959358,-0.16273325846541314,-0.3766011974572114,-1.028466292931193,-0.2405825554603254,-0.34675576158822813,-0.7516259589820037,-0.2520187582883938,-0.18993699409209777,-0.981358309783715,-0.02932245033602252,-0.20670231382652515,-1.242318385344659,-0.20506389569416786,-0.1851012076736413,-0.8744971940560764,-0.26604127159152696,-0.17659666507345825,-0.5970384555959275,-0.25286148901269,-0.007650504275912278,-0.9839154230230243,-0.06796378745311032,-0.019298222128743523,-1.2763864503384952,-0.21306198976305862,-0.009982355394695873,-0.9530171682798771,-0.21670639701512479,-0.0015325556937115467,-0.6808372532217224,-0.16332654690967205,0.16526783074555593,-0.9640296966633061,-0.11708549766011293,0.14474587161006053,-1.3381822233732308,-0.16974053367574035,0.12305810965709976,-1.505223337415757,-0.16196846886441565,0.10819676268583542,-1.6183181780477247,-0.1305136561985011,Y
0.0,0.0,0.0,-0.3166185559774644,-0.117153635791171,-0.11171047742268178,-0.6089241978389638,-0.4506300150385517,-0.17459845845971939,-0.8024297791994753,-0.7188134855836994,-0.24990136391675127,-0.9658884485894834,-0.892065430109794,-0.30094006743052726,-0.38676505077065154,-0.934701306474029,-0.0255005983649838,-0.4018633788899713,-1.2362961347528518,-0.16933817780504373,-0.36177804592506196,-0.9654528618353172,-0.24330337786352066,-0.34184442708303203,-0.701952401753106,-0.25163441229741096,-0.1993946369894748,-0.9795814146761973,-0.025729958430117224,-0.2012408389017823,-1.2145988846786255,-0.2077694857001494,-0.18068747200808036,-0.8541400978319914,-0.2699546272214067,-0.18564159205324673,-0.5720355427142357,-0.2527704610751971,-0.019454678707008226,-0.9918350243662083,-0.05280773176848179,-0.0013916556016111904,-1.2485149349385967,-0.2117446073068125,0.011252557181371982,-0.933927466739985,-0.2236222109509569,0.004573962822511754,-0.6656408054874806,-0.1681025309747213,0.15067316564434827,-0.9772928633653561,-0.08966760036908326,0.14301736917439486,-1.350448273488821,-0.151103069552797,0.1369792938463352,-1.559181397780673,-0.154090241274283,0.12792266390027196,-1.7346003471612548,-0.12775573425291864,Y
0.0,0.0,0.0,-0.3303524682020177,-0.10076740580383822,-0.10264579777385302,-0.6286671552660223,-0.4596810846051122,-0.16284734543517554,-0.8166932715628,-0.7432557233320415,-0.23946187644623518,-0.9865355906373432,-0.91347579198755,-0.2964696322523716,-0.4143994656758906,-0.9185954890454199,-0.018034238553054294,-0.43598697657944563,-1.2511574676863237,-0.1687179129602379,-0.39730551566926725,-0.9920671814139869,-0.25384749901479176,-0.37123285967739517,-0.7312413149536119,-0.26937782183725223,-0.21886849193398303,-0.9753959454514991,-0.026444901877680067,-0.2194657738939562,-1.2158933660900055,-0.21942433206607365,-0.19471199533785416,-0.8459894227057995,-0.29408185695314915,-0.1895033311603426,-0.5531040142308504,-0.28533347361581074,-0.030747998354882632,-1.0011370185839497,-0.06220091312311706,-0.011914140030076634,-1.2936182277937156,-0.2258435351716699,-0.014674284804042802,-0.9836635757217195,-0.24774492568009615,-0.032052448690170245,-0.7084785964899244,-0.20043479631012429,0.147659930727762,-1.0048482098443023,-0.10777025878052798,0.11625165207413288,-1.4180481222279964,-0.171017292212546,0.08546758596804414,-1.6695294354800552,-0.18239603653242728,0.05322301638978269,-1.8786261516926859,-0.1653321880698314,Y
0.0,0.0,0.0,-0.32750043380972166,-0.1051413381895802,-0.11908431212004851,-0.6348248298973779,-0.4701268236212427,-0.18942095105232307,-0.824039035942372,-0.767837515812586,-0.27066678163826885,-1.007526639286736,-0.9324064964103436,-0.33207549956238247,-0.41096545803186685,-0.923870448121848,-0.05519432277926871,-0.41033720084315434,-1.2603213253955712,-0.21324576171026666,-0.36652322655525804,-0.9955927546946466,-0.30204364717245563,-0.3478075986055781,-0.7241347353619886,-0.3191008538619468,-0.21263167621203374,-0.9754182780091739,-0.05785285815652347,-0.1910932137837122,-1.2320715463759395,-0.257505171785917,-0.16253705131281915,-0.8595282422406144,-0.3311673665245508,-0.17071256018825873,-0.564598836938598,-0.3215913676659397,-0.028598670698110975,-0.9929341892974574,-0.08753047156714239,0.00996349617282654,-1.2736512570205296,-0.2582161939339796,0.022376618998889774,-0.9576816001227544,-0.2798784885920144,-0.0017478806649271232,-0.6875220630359186,-0.2312608594789833,0.14065011748510092,-0.990324496353595,-0.12723756871905778,0.10679051330995043,-1.4143078588114772,-0.1928177666781446,0.08737434016933994,-1.6720414245402941,-0.20192791619355807,0.06028795369038891,-1.899520600104914,-0.18397706108461992,Y
0.0,0.0,0.0,-0.32767150560462555,-0.10119342701649167,-0.13981022941547425,-0.6374177101905149,-0.45543800138900287,-0.22114527582426421,-0.8287841573246445,-0.766685041028361,-0.31056024201852367,-1.008191425784898,-0.9504935673540362,-0.374889584023289,-0.42106264712005137,-0.922185460297729,-0.06089326177710105,-0.4153599881111129,-1.267165601111129,-0.22389061397972124,-0.3715731652150009,-0.9791602636812146,-0.3096383039835986,-0.3497918970827926,-0.7147613390916505,-0.3245240130699782,-0.21880360708460625,-0.9744626707764814,-0.05047261425696155,-0.2068593645292165,-1.2413027325345454,-0.25594973743169425,-0.16432937927556396,-0.8453958144797932,-0.3259284979164905,-0.15752463060585983,-0.5510600113557141,-0.3108710540743189,-0.030645732026609276,-0.9960794579645396,-0.06918746359645823,0.0007034666952632128,-1.2969091670957273,-0.2419165042472385,0.013911402816352048,-0.9685657198000207,-0.2525419763000111,-0.005418383048896497,-0.6959810065031755,-0.1937119264204096,0.13914928719732414,-0.9957837962748318,-0.09991744849225415,0.11685260055013882,-1.3918858632875113,-0.16440983292156117,0.10943571587689901,-1.6259938498781155,-0.16940438830500965,0.09138847736625844,-1.8430910054256653,-0.14583398436506737,Y
0.0,0.0,0.0,-0.345701674479295,-0.11176109135569484,-0.14646111563209913,-0.6652628139521981,-0.4530505500680833,-0.23306952051787364,-0.8652183067067668,-0.7616898641959656,-0.326138298535999,-1.0394038376403374,-0.9572502833445848,-0.3942182647313673,-0.42928861593977435,-0.9159154914652456,-0.08021844876900662,-0.41303709108074477,-1.2748425952134577,-0.24404902734383516,-0.3769841015009758,-1.0024747071722446,-0.3290778325155439,-0.36854284768267176,-0.7379922131712453,-0.34278677155968873,-0.22522934027022365,-0.9718794791324572,-0.06871697259530246,-0.20256236167304215,-1.2493825787879977,-0.27317116394903224,-0.1730574254882394,-0.8694448577450731,-0.3456240827999975,-0.1797456412580893,-0.5721980221167218,-0.33486709319756125,-0.037833001322670146,-1.0003398779065942,-0.08572454868198083,0.004019836744413189,-1.296089358379883,-0.25623582757557795,0.01569944643997367,-0.9826399664920005,-0.2756233752829893,-0.00696299452636628,-0.7173787646204698,-0.2255312867483644,0.12868242094505838,-1.0070650249496822,-0.1151814458513811,0.1074205953651451,-1.411335665335145,-0.17622945498498904,0.10048709543924893,-1.651937805647401,-0.18314086547185793,0.08523309309355458,-1.8668109488615336,-0.16353358929320932,Y
0.0,0.0,0.0,-0.3409928978593337,-0.12312789802097271,-0.14540781941303574,-0.6467716029581081,-0.4846390617000764,-0.23222556540975806,-0.854245077446235,-0.7916172301063449,-0.3270326918462296,-1.0296168627391695,-0.9886323119103103,-0.3970664929858009,-0.4192145003207395,-0.936184284036778,-0.0759862570471522,-0.38884599289763705,-1.3047487312384027,-0.24788870454177453,-0.35692318602276873,-1.0322317659619158,-0.33613705152353107,-0.35135977503173316,-0.7715415333014558,-0.35009255696382446,-0.21639977548471018,-0.9741760335896552,-0.064437510424395,-0.17740879856407432,-1.234281421119615,-0.2825130493238571,-0.15567984353403416,-0.8383361429022111,-0.3557785072251094,-0.17090631640167825,-0.5484328166598146,-0.34086233295267965,-0.026327182423692485,-0.9874405359058044,-0.0825900011233129,0.026191983507649425,-1.30155801241565,-0.2622475798527443,0.02589913387001102,-0.976123605700633,-0.27463515003001937,-0.007954772323717838,-0.7101330386402825,-0.2155051018125993,0.13953699534194655,-0.985315667743373,-0.11342753317048826,0.13453170695197683,-1.391061220094687,-0.17987224083831418,0.12929262693462582,-1.6359959592191775,-0.18555738271257852,0.11443660885859429,-1.8652014392544032,-0.16187675262611664,Y
0.0,0.0,0.0,-0.3323036281768784,-0.1185494502333416,-0.14214775254202316,-0.6399226408268267,-0.4901588124954609,-0.21949326231451524,-0.8387552937897896,-0.8032924456365508,-0.30235534250181817,-1.0082844938506346,-0.9976643823073265,-0.3584957130415924,-0.41195978272533235,-0.9306388878710086,-0.051064221744211574,-0.37482850897433206,-1.2667792567659009,-0.20656314119765276,-0.3337524805517583,-0.9905841503755316,-0.2866097975051804,-0.32752454252923213,-0.7240344300482087,-0.29838786826506764,-0.21458874527399371,-0.9759770949030782,-0.0376879374108065,-0.16348656387549743,-1.217354600608956,-0.2361824669620472,-0.1437729537561487,-0.8307965326120849,-0.3069256385953601,-0.17191685204959467,-0.5449098328765667,-0.2937224395319027,-0.028236785566419488,-0.9904470648327208,-0.05388479002487951,0.02545300362982317,-1.2596812982552943,-0.22442732257742315,0.035960137777504377,-0.9375186912850386,-0.24125164807194766,0.0034228841913557357,-0.6730009095983098,-0.18739920274295824,0.13835523856251136,-0.987825540180848,-0.08116119386772573,0.12898425993947088,-1.371787255267759,-0.1496586664781983,0.12943640587636243,-1.604091884317614,-0.15780459078385714,0.11774915428858738,-1.818845841306133,-0.13547372516369946,Y
0.0,0.0,0.0,-0.32844952585695647,-0.1258752089180131,-0.14673011188765273,-0.6214226165046691,-0.501334167735374,-0.23026775094407606,-0.8095587267823305,-0.8186444438197165,-0.3183383813962915,-0.9739472195365102,-1.0153992077979273,-0.37943443522630715,-0.39942347736888195,-0.9387127484330599,-0.07687516384695642,-0.3543195410208969,-1.271692718387018,-0.23150324941602227,-0.3110899481139173,-0.9895093998295923,-0.30274850288877564,-0.30618859388959346,-0.7250737853688356,-0.3090740606506119,-0.19833209823611275,-0.9780796994362777,-0.06343879223236845,-0.1490522315124409,-1.2047935080022771,-0.27166284953250713,-0.12440749634598855,-0.8103507903096687,-0.3415763342066143,-0.1492349343222365,-0.5215778732950964,-0.32650824204098416,-0.005095300283953067,-0.9886905164667137,-0.07751366478428251,0.0524563190360282,-1.2774705776296176,-0.2510120153557642,0.06060954904034202,-0.9481279161140066,-0.26448561559577766,0.02131532780948509,-0.6781988029376911,-0.20954311830065203,0.16251344661005956,-0.9797325742789988,-0.10321328176275696,0.16131674320589848,-1.363161006236206,-0.17657637262554826,0.16201359046120856,-1.602469772635303,-0.18929039471762552,0.14739033864641565,-1.8315548528615149,-0.17039065278351712,Y
0.0,0.0,0.0,-0.3329891305184853,-0.11959346237699363,-0.14754157754121403,-0.6254829303460957,-0.4973860292978589,-0.23082951725520431,-0.8157001244299917,-0.8172231979957387,-0.31905731458650727,-0.9817853490907833,-1.0210464770598895,-0.3818556144324928,-0.40584289382754796,-0.9344516979807123,-0.07130557922682242,-0.35651490266787217,-1.276049459540755,-0.2267958213522905,-0.31764713818553975,-1.0038049577561257,-0.3042724219797158,-0.3240834651452313,-0.7391954161707551,-0.31432135465261823,-0.20867320711765128,-0.9764318504663108,-0.05510294026792221,-0.1518117162489312,-1.2061128602572355,-0.260464260506775,-0.1324621511737707,-0.8198732993516371,-0.33444575133350785,-0.16924169549773685,-0.5316247463801,-0.3229943314705846,-0.013946035933099434,-0.9898466765914486,-0.06698794701670308,0.05510400858420202,-1.280758858984246,-0.23763164135296333,0.06384663744559428,-0.9545131191849171,-0.2529635022145441,0.021896340000794566,-0.6813955906994317,-0.20006844594100087,0.15849504702273087,-0.9835992760618114,-0.09090660159019454,0.1622392889754009,-1.365857504007147,-0.16149157859691954,0.16815152002357128,-1.6015073644646318,-0.1735807417825294,0.16154865791442438,-1.8242845710027336,-0.15484545000286512,Y
0.0,0.0,0.0,-0.3433655702389357,-0.13410387148029973,-0.13765763888085492,-0.634973558326102,-0.5244014781829193,-0.22019424011475086,-0.8234944924639933,-0.842632827623124,-0.31107546760769283,-0.9980324389291766,-1.0380114857409113,-0.37797376697070756,-0.3958017154945935,-0.9430612203045428,-0.07667736097754137,-0.35368188284354807,-1.2828512849576057,-0.23641921877407698,-0.31742638962155284,-0.994130993666807,-0.31345336432118054,-0.3158152996442976,-0.7332344814173154,-0.32242483928750726,-0.1947707835469705,-0.9783703766417432,-0.06968319730317293,-0.14242662701150183,-1.2128159186130545,-0.27570015780473306,-0.12839471912882042,-0.8162875390425655,-0.34490821083755857,-0.15976802220907668,-0.539521451118524,-0.33095711492852925,-0.002435945575082828,-0.9893244074859359,-0.09006631334935936,0.057128740325251344,-1.2805832831655652,-0.258909670880835,0.054533394448772206,-0.9383270781666704,-0.2699459181066216,0.008487071260394758,-0.6757485533388617,-0.21497573815869472,0.16356343467183904,-0.9831498109357392,-0.1225163072411351,0.16134540639572828,-1.3798664982044269,-0.18838674091248261,0.16754891034272743,-1.6155719111335438,-0.19635002652757697,0.1623944991282661,-1.8463475596018926,-0.1763124021497024,Y
0.0,0.0,0.0,-0.32562314669806447,-0.11467438859832052,-0.13297015373662485,-0.6118967655513202,-0.5124195895293373,-0.2079944179947376,-0.7934722394911494,-0.8327443062658737,-0.29209848509205294,-0.9663484178056212,-1.0300941241380444,-0.35350154486292745,-0.3913131490815456,-0.9391221272274647,-0.05430985757197103,-0.35630886258135686,-1.2629264462544583,-0.21407430027857016,-0.3260540528903309,-0.9812197836649866,-0.29860872275964456,-0.3256505131839027,-0.7234996139933562,-0.3150678086363706,-0.19183744229042424,-0.980209079043944,-0.04887286665718603,-0.14871435435176875,-1.1980952413036805,-0.2549837902909619,-0.13266460616575865,-0.8074461933424552,-0.3304403232676487,-0.16174613575631316,-0.5255359055447972,-0.3215811192356348,0.002693279661351007,-0.9884417528938225,-0.07245646127061081,0.05066858469074841,-1.2589458981215385,-0.2475072605619719,0.050676006110636745,-0.9276692529041635,-0.2680420105038585,0.007825655352877554,-0.6630522649625548,-0.21884734589386268,0.1766622620543801,-0.9811015047855163,-0.10681298971869044,0.17690879234629572,-1.3641384951350253,-0.18208963298536912,0.18074984097725202,-1.5986957755568911,-0.19828914310553208,0.16886350934859776,-1.829798385020737,-0.1836397385796629,Y
0.0,0.0,0.0,-0.33873671945984907,-0.12746961050364475,-0.13963902576846068,-0.6353630106620702,-0.5134754369670761,-0.2202900023787774,-0.8261890963086114,-0.8404841612933596,-0.3096349923844496,-1.0015841736710596,-1.0456764275024288,-0.3755706282179669,-0.40071066965180224,-0.9355764097264104,-0.06799707210243613,-0.3706460528786891,-1.2487947871635123,-0.22598700639346617,-0.32940068546836,-0.9643956104765948,-0.30621414845480344,-0.3174292058440372,-0.6996522077044914,-0.31974874133143333,-0.19686554928714253,-0.9786075286049103,-0.05976002394294464,-0.162478010708952,-1.1968338388500215,-0.2655051854778792,-0.13366417042945455,-0.8177025182386436,-0.3419564864383287,-0.14441560692543332,-0.5339507672891356,-0.33513564485392994,-0.0008026411441888068,-0.9952146241577144,-0.07936010852340027,0.04149242554821092,-1.278146223092123,-0.25425281299620733,0.048165139459294355,-0.9562856948135615,-0.27717472170056456,0.019163563584183748,-0.6930373868768268,-0.22982700935043712,0.17227194801867524,-0.9883764503847612,-0.11012236077602389,0.1763861688316751,-1.378387144059179,-0.1818838380481705,0.17610075354798907,-1.621179955415396,-0.1976308758596503,0.16135183537841458,-1.8598915426337301,-0.1836473435629905,Y
0.0,0.0,0.0,-0.3242344879292597,-0.13617890252816678,-0.1247286648821991,-0.6175066738870497,-0.5294118209221862,-0.19486342198773204,-0.8042517526898776,-0.8550667281495475,-0.2762623686449679,-0.9758262982542142,-1.0579347214181594,-0.3351451063616667,-0.4026678151637702,-0.9352864593390329,-0.06289883424974442,-0.380667914385806,-1.2516877025834605,-0.2230427596194359,-0.3341777749242952,-0.9673408501423901,-0.29841027619883265,-0.32087399804140637,-0.7016610920462454,-0.304962545258915,-0.1989086727162272,-0.9782751109775745,-0.05842214614410354,-0.16701451750302657,-1.1881342323118862,-0.26460716495685327,-0.13653268769647753,-0.804956742365457,-0.3335145391427996,-0.15026790418448796,-0.5246324366723015,-0.32035991273786407,-0.0008933779316493656,-0.9956510536820504,-0.08088582910158432,0.039042586299691213,-1.264754762467128,-0.25847912138125223,0.049748575935428384,-0.9354693343646948,-0.2768660967003403,0.022710520986726247,-0.6735804500365533,-0.22410996560025317,0.17196422538168685,-0.9933686935959026,-0.11302695797536358,0.17917881523307375,-1.3835104492726396,-0.18670455946334935,0.178341742633251,-1.6246721679276481,-0.20066552514115224,0.16103137217979815,-1.8593327908580106,-0.18388061246669404,Y
0.0,0.0,0.0,-0.3263013396771208,-0.1316097856598161,-0.13510607360871554,-0.612905026114431,-0.5388163870055251,-0.2118397164407275,-0.799987050201993,-0.8696316033903032,-0.2978563363125607,-0.9768602460162763,-1.0679316211954935,-0.36021927706936585,-0.38589893720361446,-0.9406717389058405,-0.06960155542462627,-0.3478769630952912,-1.2560428843317104,-0.22804407516269962,-0.301399566708359,-0.9639617881800877,-0.3036211661954951,-0.29013267275698684,-0.701556831732846,-0.31338595350376985,-0.1845947644657302,-0.9807384196852642,-0.06385080332378097,-0.13656609861120278,-1.190030136331641,-0.2708973690235084,-0.10886102345980202,-0.7980939459261984,-0.3426748301995106,-0.12877660648472275,-0.5241232088960385,-0.3318571706747215,0.01160441060050584,-0.9930507749585381,-0.08599903505778583,0.0639253265663194,-1.2625531510117332,-0.2621866210017659,0.07183736104466332,-0.9237748991888356,-0.2832186232056676,0.037719702973725636,-0.6670031563032763,-0.2344107192886628,0.1811271660289872,-0.9846931531474167,-0.11912338524824007,0.19357630190834152,-1.368725245150636,-0.194657309278754,0.20234473236571143,-1.6055342553825573,-0.2134499229442191,0.1962064109003461,-1.846906801151391,-0.20158340300610153,Y
0.0,0.0,0.0,-0.319684103403784,-0.1424766001682298,-0.13238819156281653,-0.6071897510770524,-0.5580735226326317,-0.203506563035294,-0.8053740723152144,-0.8747015020231118,-0.2833365412220916,-0.9985002487205342,-1.0420243504824518,-0.33969197663749084,-0.38503826649341655,-0.9466280114466821,-0.07752036720829776,-0.3436139138614021,-1.2422705981150153,-0.22902052356230335,-0.29769311925731945,-0.9275971849318291,-0.29613389901767306,-0.2884331269264411,-0.6581870145721707,-0.2997927788298188,-0.1806918933781726,-0.9809295912274885,-0.0716070996597644,-0.13368058238776076,-1.1815947080364466,-0.2729550812912049,-0.10634977974468648,-0.7902776325259211,-0.3378688503091609,-0.12263070544950581,-0.5164266971402437,-0.3227222836491367,0.011768978760433663,-0.9887530243807703,-0.09225615488108145,0.06560106802759721,-1.2417699754482192,-0.26713916030182383,0.06990087875982105,-0.9031305735386741,-0.2877176062315928,0.03290037663857024,-0.6490630431348048,-0.23730424589852137,0.1744088557322497,-0.9813995563353841,-0.12324328253972641,0.17568425716727365,-1.3682455616467246,-0.19339638138900733,0.18320275919831183,-1.6041456105852367,-0.20810985129860676,0.17616138745177054,-1.8413446708029837,-0.1937628038219192,Y
0.0,0.0,0.0,-0.31543058521841155,-0.13199484872010245,-0.12389861825844871,-0.6072713680052632,-0.5744340643598419,-0.18922685448521334,-0.8137769347699896,-0.9028234490707719,-0.26420119506011946,-1.029542446943989,-1.0305844653068428,-0.31853633428686606,-0.3965096424059135,-0.9348123513937152,-0.062414719586962104,-0.3672709072689497,-1.2608802836507897,-0.21623888690618026,-0.31616772079367933,-0.9556219741680089,-0.2943496069817723,-0.3040719628535349,-0.6848670264928236,-0.3057076498375489,-0.19768848830980992,-0.9785224657752948,-0.058421276627776256,-0.15614244391070314,-1.191783766625569,-0.2568555817116752,-0.11850094882488195,-0.8032550015436741,-0.3235755319175771,-0.1345163843158713,-0.5249256869279183,-0.3098770653100378,-0.004330091995598402,-0.9958036711427164,-0.08120686149317731,0.042484727139277347,-1.2638368780783038,-0.24951240840154693,0.060403148512925976,-0.9183095182491021,-0.26858390038190694,0.030724230463753183,-0.6522012575410181,-0.21864267540296195,0.16331566855212104,-0.9990086614708007,-0.1140142899194669,0.159710755944042,-1.3937081614519793,-0.1786583775280199,0.16762624024119133,-1.6383742194523432,-0.19258364569703273,0.15990181094418587,-1.878807908991665,-0.17961189875119976,Y
0.0,0.0,0.0,-0.3154429415110606,-0.13302786827443142,-0.13099873281413016,-0.6017093496716547,-0.6022922513606809,-0.19373282619956564,-0.7939323350166957,-0.9507460540202021,-0.26385530819887026,-1.0054018028559026,-1.076972793114538,-0.3108244219322815,-0.3990314337812819,-0.9376497816305566,-0.06940496676053076,-0.36915717369137874,-1.2600330563637177,-0.21348754972099937,-0.31250161617517563,-0.9299124991732296,-0.2787225619591639,-0.3002884727560434,-0.6462556182729184,-0.28362810264782345,-0.18872703795037954,-0.9800804413412435,-0.0618420055207573,-0.14998199418895983,-1.1982674184193765,-0.25103703249775156,-0.11107336739394058,-0.8024822911588276,-0.30842845463836704,-0.12995416501418794,-0.5245995744176906,-0.29145491695178144,0.008864932713533828,-0.9959703023777109,-0.08102993653370444,0.05550901354151045,-1.2767247424337305,-0.2444629174400108,0.06636741639773235,-0.9216727656991386,-0.254839591422324,0.027519249501867616,-0.6526575414656528,-0.20174033454184864,0.1748822086238227,-0.9979844946632543,-0.11091826025438373,0.17451969301881143,-1.3936028696212963,-0.17469083773426894,0.18554338543804452,-1.6387692234324351,-0.18631215065870343,0.17831574580000206,-1.8852438758274965,-0.1732146745563479,Y
0.0,0.0,0.0,-0.30550556535058404,-0.13209831480497553,-0.11383601038545856,-0.5779507057020367,-0.6186926181851768,-0.1643121691192168,-0.7540677915344116,-0.9745776809771938,-0.22630994051913414,-0.9542067247356236,-1.092106587846509,-0.26804907709489395,-0.37256493660262796,-0.949707712614231,-0.02889953518174353,-0.35191650346259556,-1.2447675219268775,-0.17493662860769205,-0.3038836712394328,-0.9329174032394212,-0.25024107080497565,-0.2930469853736919,-0.6604768492829844,-0.26125910031575333,-0.16781498668595066,-0.9853855208321767,-0.029214817779582448,-0.13201865636522558,-1.190470639668832,-0.21624734459375883,-0.11175403207126113,-0.8005636986488232,-0.2796932400462971,-0.13906794550467338,-0.5244817884389682,-0.26538088144708766,0.027364605167798598,-0.9925771089117232,-0.05715784995925758,0.06692057245550993,-1.2647564797414648,-0.22220369881828134,0.0657203852966107,-0.9244530905429607,-0.23905722199281698,0.022904215320224148,-0.6552457036835264,-0.18815572038181055,0.19940897222604886,-0.9874158454889549,-0.09415624952038926,0.1963698820549826,-1.3781652348566225,-0.15902695233641334,0.19752710193425912,-1.6259868652299145,-0.1719712375802202,0.18204777736636438,-1.866493316247442,-0.1581922284435184,Y
0.0,0.0,0.0,-0.304194380041242,-0.14016728034727843,-0.11349433709294526,-0.5682951052655563,-0.6258611370842682,-0.16246368654515858,-0.7434816111737579,-0.9753453103779383,-0.22301901932902685,-0.9455978998512514,-1.1024901905357274,-0.2629580522737363,-0.37579335975167194,-0.948273332725671,-0.03565518615740761,-0.34985050587353833,-1.2507273920042625,-0.17889541993621982,-0.2993703583842395,-0.925167628275307,-0.25131418929824323,-0.28211247874829926,-0.644493245911267,-0.2607866580830153,-0.17078906890012463,-0.9846294311948373,-0.03655102145165997,-0.13330697976441588,-1.1856114144202583,-0.2235881453103247,-0.10213424629210988,-0.7867312693679062,-0.28510430277643223,-0.12071622539765302,-0.5066189183040326,-0.2697013132124551,0.024924593911065485,-0.991726522409095,-0.06462330395441616,0.06649900357714507,-1.2659248918867196,-0.22305739989701634,0.07382035299243396,-0.9163016568176655,-0.23678488486163124,0.03727385798504676,-0.6467695690802512,-0.1858593088888091,0.19474456853247274,-0.9905461843762627,-0.10297603548800269,0.19353591202718357,-1.38800136799541,-0.163501166922256,0.2002819746871135,-1.633265368366207,-0.1752870892135689,0.19207106372426286,-1.8711524669140442,-0.16212642558861043,Y
0.0,0.0,0.0,-0.3056885086846487,-0.14939689653423252,-0.11671482551038949,-0.5651542762011424,-0.6247209928254159,-0.1686302621853937,-0.7423039931564176,-0.9644296734852166,-0.2308476869012386,-0.9432660149712898,-1.085174769054757,-0.2717759090937612,-0.37691895201925457,-0.9494105517335991,-0.03674762267505112,-0.34997018283418985,-1.2355226199285891,-0.17863773946553563,-0.3031735940011605,-0.912811031807377,-0.24865285033867668,-0.29059332482525946,-0.637939661595408,-0.25568233590634526,-0.1744425704237521,-0.9840625969129397,-0.03450499936118487,-0.13889913904537576,-1.1761414901008136,-0.22023347785073666,-0.11343838675806239,-0.7868059032997567,-0.2815485846644593,-0.13537749905403096,-0.5140915642813543,-0.26493034905970625,0.019420637763442744,-0.9873303010062632,-0.059133481192544544,0.06556245169680767,-1.2428732335448653,-0.21874927295799654,0.06763191060404715,-0.8979083171192918,-0.23313440042870698,0.02691886645314816,-0.634456230650401,-0.18064923216427817,0.18648292916227133,-0.979579679019786,-0.09380550602460916,0.1844758862748259,-1.3664533928880163,-0.15260440029321534,0.19195228122376684,-1.6089620568367782,-0.16227848287827396,0.18710495345078906,-1.8455999364142286,-0.1462880266513162,Y
0.0,0.0,0.0,-0.3090970852049637,-0.14493232059290637,-0.12183106284832343,-0.5754624185483631,-0.6179429112280443,-0.17717561175606042,-0.7607908085984595,-0.9767209413478326,-0.24319500771297833,-0.9691152709268741,-1.0903732867971212,-0.28924817406426356,-0.3732991851785498,-0.945035987085176,-0.032820581396623916,-0.34928444936645064,-1.2247590570205114,-0.19297744753541904,-0.30011845428775935,-0.9107535722981053,-0.2792143023965057,-0.2797528337489836,-0.6351229669727272,-0.29376017098326646,-0.17348717355356977,-0.984435387152004,-0.028092154336709047,-0.12864828712576648,-1.1732376565284015,-0.22341091710753322,-0.10872637452378893,-0.7847639467914838,-0.29086719404000805,-0.12967770866448047,-0.5064663125097905,-0.2768878539463656,0.016497998231921357,-0.9934967351738054,-0.052326973528895426,0.05908200682573709,-1.2177728086169257,-0.22730695847741936,0.05881592550372393,-0.8667430522501542,-0.24746538282951744,0.0210778004653501,-0.5992340234489731,-0.1938781166734262,0.18465852494292573,-0.9876737857036575,-0.08591845171371648,0.19746270241435704,-1.3613009704992802,-0.14981706388563645,0.20553503118263783,-1.5927030268767286,-0.15682578456619345,0.19248820093326996,-1.8191948907359128,-0.13690662123214326,Y
0.0,0.0,0.0,-0.30647843537307723,-0.1473740272438545,-0.11386982459715034,-0.5694207661133889,-0.6316390754739296,-0.16349836083632782,-0.7520552701576648,-0.9828487926778393,-0.224287445433622,-0.9609372904076977,-1.1094264019587705,-0.2631371446760128,-0.3664347780460982,-0.9494942875963597,-0.04330962024984549,-0.3377720427855557,-1.2557049497224204,-0.1872393281834064,-0.2955702618060031,-0.9262274223464538,-0.2561683459224111,-0.28632873761834976,-0.6473124174216142,-0.2620820702661169,-0.16672255700683916,-0.9850646162969,-0.0430266278592975,-0.13388997067378516,-1.1943824853231033,-0.22828582898328126,-0.10529202697569046,-0.7967638390791522,-0.2830243290153616,-0.12243788269870899,-0.5233991519484962,-0.26193853065613704,0.020253220804690043,-0.9918658176878602,-0.07034458330984128,0.058024071795890135,-1.238891658808866,-0.23127416048874003,0.06353374543650872,-0.8888388654820208,-0.24581145351617267,0.027845548690629898,-0.6345809949422659,-0.19271766697475082,0.18111775986653303,-0.9866648005310792,-0.10772853035023937,0.18130424480641946,-1.3741827769059902,-0.16682971704371224,0.19033728839461003,-1.6088343859325072,-0.17686567006382242,0.18086002811627977,-1.8426878155079847,-0.1617286815161605,Y
0.0,0.0,0.0,-0.29809824516438527,-0.1448626613101954,-0.10617786399223834,-0.5605913964512641,-0.6308684882297603,-0.15701767224065438,-0.737448050648086,-0.986908423514535,-0.22185705307502732,-0.9421931732436637,-1.11706822110042,-0.2674608046214935,-0.35999043282057214,-0.9580215717635472,-0.024741351387330766,-0.33750223293370574,-1.264586024617378,-0.1722897526306708,-0.2951483316788777,-0.9420014679906268,-0.2497488530861207,-0.28212044369857636,-0.6604380454226859,-0.2608406769500529,-0.15787489988208558,-0.987031662605773,-0.029051901846603993,-0.12678148154512128,-1.197988255469554,-0.21649405888649229,-0.09768703061067883,-0.8014445946915638,-0.27985706169394914,-0.11603914075887153,-0.5191329347839634,-0.26454686643618125,0.03602175937645407,-0.9894881306823156,-0.06037058608198707,0.07029005144483665,-1.2754832700946976,-0.22012339204947623,0.07897791833310609,-0.9294022270875879,-0.23386670557270006,0.0437124655225236,-0.6585667185075177,-0.18162506794407662,0.20589804385587016,-0.9833295994285032,-0.10082027221178275,0.20192553933949456,-1.3819770052887683,-0.1582902870230917,0.20866236513850134,-1.628223869946784,-0.1664190696262965,0.19763148838467046,-1.8667031262877094,-0.15026447874984253,Y
0.0,0.0,0.0,-0.29839456925632596,-0.16494938059174585,-0.10724225116437346,-0.5559918058360792,-0.6440590842551418,-0.15960176363093823,-0.7377185881995604,-0.9888120282996863,-0.22471362284409963,-0.9471986087650863,-1.1117220577680158,-0.26854420726668105,-0.35489287160191024,-0.9586049696901076,-0.042039187264819235,-0.33190948703807416,-1.2584898160435123,-0.18534291623652377,-0.2893363919032467,-0.9295313919091099,-0.25260230644532644,-0.27730056113868085,-0.6517176339696021,-0.25713065481795533,-0.1518095602890845,-0.9873560771308776,-0.0456271230471433,-0.12670135241895125,-1.1874670531337796,-0.23451740710125357,-0.10138815590675433,-0.7935124838199399,-0.2923330122689322,-0.11632114336369467,-0.5159846947053865,-0.27262158969171557,0.038461477430981224,-0.9877397056390794,-0.07499872225400978,0.07280553559277483,-1.234492970534096,-0.2373365901511095,0.07180138132492975,-0.8947945194273239,-0.2549594492054129,0.03332685037193031,-0.6378354550351275,-0.2035062575786505,0.2040499971378408,-0.9741200475363043,-0.11336269108417443,0.2055115081401016,-1.3614190127440828,-0.1726489552952968,0.20805452761475984,-1.60678522005872,-0.18437497642733336,0.19026233537205356,-1.840440242536022,-0.1698713652386308,Y
0.0,0.0,0.0,-0.2983381621434971,-0.15363118365904727,-0.11414825716028532,-0.5588897522102197,-0.6236636165241533,-0.1719884401223801,-0.7351043807473503,-0.9661272632588591,-0.2410724321476442,-0.9299497749539821,-1.125000921668806,-0.28747261297343435,-0.36719633769233806,-0.9566519884147303,-0.06557019068330527,-0.3508122406755418,-1.2689673150710583,-0.21368409294704002,-0.30273060635151633,-0.939357622470125,-0.27754474458492995,-0.28854260749143557,-0.6648042023790474,-0.2784205871518049,-0.16613077247901187,-0.9838388357953768,-0.06679604491528326,-0.14456989277718452,-1.1806753193342965,-0.26148312744053653,-0.11087035877578738,-0.7731916489595911,-0.315457804875325,-0.12575320616654587,-0.49441534455881153,-0.29294339864005076,0.027255018392396878,-0.9890463574093425,-0.09353703838567039,0.05926738182661873,-1.2497513942261504,-0.25713260840474383,0.06692633302312878,-0.8987891773247579,-0.26707566033677443,0.03132569542495422,-0.6344529805802415,-0.21136105726776291,0.20012158262152432,-0.9825750691848185,-0.1300752752900011,0.20079412063926552,-1.3866873731602316,-0.19213704886191565,0.20810825046361267,-1.6326694545956593,-0.2024539413263384,0.1945784117351584,-1.8691569254090799,-0.18623838164268317,Y
0.0,0.0,0.0,-0.3008122811952023,-0.15115596312361962,-0.10495335437638445,-0.5550089578271055,-0.638153319026983,-0.15637430119225648,-0.7353432030587344,-0.9863595078818228,-0.22123140012214684,-0.9453196278974685,-1.125258876223701,-0.26558660815491536,-0.36497614563180575,-0.9606354587871883,-0.04721653016883446,-0.35566063612047155,-1.2692929555971266,-0.1906501545487922,-0.3126109482043777,-0.9382880362610394,-0.25738670683502274,-0.2965660644621916,-0.6652339884755418,-0.2619019188236252,-0.16388416630122454,-0.9850901947783987,-0.05233820962938237,-0.14889542667762337,-1.186347087804369,-0.24320765801053043,-0.12091357726165208,-0.785947828637047,-0.30068959510526455,-0.1332721548716128,-0.514260848226901,-0.28042912057085917,0.030184678505511632,-0.9844884960919038,-0.08203938303791831,0.06102851431536856,-1.2424826650126521,-0.24223866568081717,0.05696810532060154,-0.8907433930065215,-0.25115055016637977,0.015809079544254295,-0.6323701464511233,-0.1945030378158303,0.2022436390736449,-0.9741185836322226,-0.1207952285511462,0.19838023105436522,-1.3756094321694008,-0.17833451544059092,0.20241999474488293,-1.6257060259989735,-0.18460386316689376,0.18776904214743306,-1.8717517872700875,-0.16596217947651826,Y
0.0,0.0,0.0,-0.315413114341576,-0.17936855682247227,-0.08571799157178993,-0.5643050417904919,-0.6753307426667953,-0.12363879056383378,-0.7346280098813739,-1.0231539017341391,-0.1799643335099757,-0.9356863620653527,-1.1620197855684495,-0.21813815839273798,-0.36158907700919973,-0.9701950446509476,-0.009106273876794288,-0.3614603519886005,-1.266630236617768,-0.14621424217161413,-0.3256656545618942,-0.9382653097909089,-0.21502091586235103,-0.3064619074868934,-0.6629306441373627,-0.22150429606252253,-0.1647393659017801,-0.9861248277183469,-0.02046376015643672,-0.15905767574112753,-1.1945276711927917,-0.20424932164522355,-0.1349517537453793,-0.7949177692413405,-0.2645927576092692,-0.13579649625100076,-0.5162014157625703,-0.24685265540320514,0.023569032418469665,-0.9854970152858274,-0.056137079123070414,0.047621092505406706,-1.2338725602144893,-0.21088491424079409,0.03283723390161449,-0.8741852039030866,-0.22228938588645314,-0.004753436989076116,-0.6113339003719517,-0.16691580739657216,0.1940728579279287,-0.9723314846761331,-0.09995206647735823,0.19268999048014765,-1.3603326628409145,-0.15042107652703487,0.1955389889686885,-1.5976030187083983,-0.1527883908064164,0.18476636013347314,-1.8387509378643359,-0.13179234547795218,Y
0.0,0.0,0.0,-0.3083287012724018,-0.1521872062467023,-0.09526219721662756,-0.5670503818491147,-0.6462579342082934,-0.138364388608571,-0.7433975161420502,-0.994677784665388,-0.19851241263259187,-0.9338702250498999,-1.1575938442284779,-0.23628785870462143,-0.35540340309159996,-0.9669974973242436,-0.01104349320913687,-0.3404594247070681,-1.2869391300592248,-0.15274195873117047,-0.3100795748341081,-0.951737643800561,-0.2194095273070279,-0.2997014280063904,-0.6757888031727448,-0.22234074490196198,-0.15574346044378995,-0.9876160609105881,-0.01893385223475066,-0.14257162667410586,-1.2099732808129917,-0.20519725653255194,-0.12125670198554282,-0.8105629935415204,-0.26426226820947746,-0.13648464892951317,-0.5461151454591268,-0.24491317104542137,0.03736154129031527,-0.9873421961013917,-0.053655527040631326,0.04917415476426013,-1.265921734226478,-0.20996758932370888,0.0502206905788199,-0.9101285390860606,-0.22185586459839832,0.015912077190632506,-0.6547365759904789,-0.16869493284506948,0.210537959224352,-0.9806808999219797,-0.0969795190156053,0.19946823728137258,-1.382025257700338,-0.1519417849188155,0.19293483330897354,-1.6179063473019168,-0.15895554909598564,0.16443109032309025,-1.8518371472185882,-0.1413117090554536,Y
0.0,0.0,0.0,-0.3103724338044919,-0.1811856456112559,-0.09560035366265542,-0.5542833301751227,-0.6573498034543632,-0.1422411102958686,-0.7263177418250337,-1.01087901674032,-0.2046978373501895,-0.9242961928525735,-1.1802566272251458,-0.2472820414106332,-0.35015733720041176,-0.970867434864149,-0.02462998062188338,-0.32283220325345185,-1.2648427398385744,-0.1656607067738203,-0.2954825416706979,-0.9375179362179071,-0.23623515475129528,-0.2894614113849273,-0.658595861259597,-0.24454904622309126,-0.14463272991651677,-0.9889440329099652,-0.03272725482941578,-0.12292523316979105,-1.2038724279435469,-0.21583956644738525,-0.1101697844190051,-0.8124633808198343,-0.2757424376541606,-0.126250210259422,-0.5385675844581064,-0.2614882930802806,0.05053232042509823,-0.9884701913305577,-0.06631997042187096,0.08527558176025712,-1.2518414756609286,-0.22507312634013527,0.06888842570518393,-0.8999044024259163,-0.24046349342709405,0.021985386774239453,-0.6370304091729099,-0.19105508115946637,0.22021153996985401,-0.9780316607917098,-0.10873076696105378,0.21715124571923228,-1.3677798365773626,-0.17031309053767535,0.2147340606884435,-1.607702701088543,-0.18272840364675846,0.1972199810591366,-1.8473851408620487,-0.17018932368315645,Y
0.0,0.0,0.0,-0.30636615235336123,-0.17050006577852295,-0.10342300037567463,-0.5512869870349109,-0.6551349941840692,-0.15057163008209565,-0.7183589275941535,-1.0093374662387895,-0.21234698243344308,-0.9035150049568994,-1.1937191784340149,-0.2515766609282415,-0.3410921946687666,-0.9646345608487763,-0.021058151440613283,-0.3260545842102221,-1.2736261461425986,-0.16290396736460777,-0.2985930840625764,-0.951670549412509,-0.234029053912479,-0.2886600735352674,-0.6732253956371864,-0.24210999228008873,-0.13927242170850415,-0.9899096982810905,-0.026114781264426484,-0.1283561335678469,-1.192086011517218,-0.212571505432793,-0.10995849190756708,-0.7983819275086338,-0.274859452524714,-0.11847650875029313,-0.5256130910358536,-0.2604571592498634,0.05357582825218325,-0.9920592902269478,-0.058101431045133364,0.08157853965127582,-1.2503325446208409,-0.216575263429389,0.06111438074654352,-0.8962036141050689,-0.22909211847594338,0.013353781592694325,-0.632847822241625,-0.1771827891621451,0.2238171367640356,-0.9827214214129812,-0.10013383802269916,0.2158482300787916,-1.3745583674604844,-0.1611357529875151,0.210365844538217,-1.6150323904202821,-0.1710077853221126,0.189774758384781,-1.852899365824356,-0.15535594980180878,Y
0.0,0.0,0.0,-0.2968819208930986,-0.16083567397487836,-0.10707064860179426,-0.5407178352237717,-0.6647949475919149,-0.15355917069910455,-0.7092674023927259,-1.0137527085364497,-0.21248228721562631,-0.8975150790350882,-1.1862824811624446,-0.2486080160351533,-0.3346531520659965,-0.9629300230794796,-0.03304229332781683,-0.3373017779364447,-1.2658350382105321,-0.17293816449213842,-0.30318772900127,-0.9307020129409653,-0.24133750854284758,-0.283987316593279,-0.6561616173397985,-0.24875242359277056,-0.13676304037772452,-0.9899910327752094,-0.034837132650596944,-0.13999244993112225,-1.1791449842391715,-0.2230243816882579,-0.11925726591148426,-0.7650892697778606,-0.28261359648799245,-0.1272519534829635,-0.48682642918328506,-0.2649780505968439,0.05279537564353232,-0.98976261313031,-0.06227633598801718,0.07148520296292461,-1.2476618286714405,-0.21763046977349942,0.05145255331331336,-0.8885266426123299,-0.22517210562582232,0.0049591467923238595,-0.6240180648851126,-0.1698820405802156,0.2203415964971361,-0.9769508212347636,-0.09979966123628493,0.21023574104320725,-1.3660501127645739,-0.15498610794657788,0.2092337657941527,-1.602064093877053,-0.16014107728261578,0.19407059520111247,-1.839130916798165,-0.1413765868342466,Y
0.0,0.0,0.0,-0.30674508116787996,-0.16323308988792432,-0.10089277749295564,-0.5510172626973437,-0.6558065841103203,-0.14472112934916567,-0.7128765076548044,-1.0138853491938125,-0.20370103137362222,-0.896036592522825,-1.196542902619888,-0.24116230847294723,-0.356493474013458,-0.9625927335572769,-0.029104640895123567,-0.3546140452689558,-1.272299448121004,-0.17283395326377857,-0.3220025018216094,-0.9499034677877005,-0.24084297138568422,-0.3039319040511277,-0.6784055146257498,-0.2473067161542134,-0.15364059435142693,-0.9874559691893664,-0.03640434973501432,-0.15501360681677417,-1.1885126666185373,-0.22936456081398587,-0.13281342709210942,-0.7877195614348363,-0.2898185764578764,-0.13781349006969473,-0.5154851541332269,-0.2730686499085471,0.04220931126291444,-0.9855424093750911,-0.0699154107624539,0.059704675637950545,-1.243762543930157,-0.23465678436138776,0.03872516726232833,-0.8842855149394528,-0.24407940498506586,-0.006511264652258121,-0.6195013929414223,-0.18865392956295143,0.2195105066415774,-0.9713638635122408,-0.11303529578278895,0.20499703231355454,-1.3653068907413008,-0.18038481075923482,0.19617456700974484,-1.6077984293867442,-0.19211101844725392,0.17272097230812503,-1.8511138310090702,-0.17712427035752354,Y
0.0,0.0,0.0,-0.3044611951366069,-0.13657912534450106,-0.10225228347933868,-0.5611445418183874,-0.6159628744836951,-0.14394612143733518,-0.724531927740791,-0.9661994687416092,-0.20022680234889553,-0.9027143028624439,-1.1423899367359667,-0.23384176659115635,-0.37085515516003786,-0.9500525128252926,-0.020499243862703943,-0.37317159128432814,-1.2530603081254905,-0.16020846286923715,-0.33480907268524235,-0.9311913661931102,-0.22517320602256286,-0.31235417342874583,-0.6637099510933281,-0.2286651871797004,-0.17353582649743085,-0.9845004538214726,-0.025380570268772953,-0.1702050591797244,-1.16772114874458,-0.21435091902269598,-0.1444259458688497,-0.764459251652866,-0.27579054073884646,-0.1497910740632391,-0.49845346049991046,-0.2582859730389542,0.019226704756101845,-0.9889583824316381,-0.05683338277347734,0.03772941637667828,-1.2125411960424253,-0.219587314769803,0.025092730208363622,-0.851763535258774,-0.23396392796732973,-0.018688482389707706,-0.5953767949737201,-0.1805881858154954,0.19379367299200828,-0.978597103260689,-0.09732380206975551,0.17209410856521573,-1.366045121167857,-0.16245941978358727,0.1639834479607819,-1.6001798284350979,-0.17380566511744086,0.14060966721586762,-1.8323515484110349,-0.15662811950385291,Y
0.0,0.0,0.0,-0.3022654663454333,-0.1372281809693772,-0.10326725489771628,-0.5581459982133319,-0.6102144259332117,-0.14837624478380956,-0.7201110708152896,-0.9588605243388879,-0.20906994356923944,-0.894454197965489,-1.1515368252246907,-0.246854991243245,-0.37036871648368647,-0.9532160396799875,-0.025759395618367,-0.3785869071664862,-1.2669001215176117,-0.17433398317638937,-0.3391733228406146,-0.9462160067463797,-0.24321715400919683,-0.31166251936616074,-0.6785752474533285,-0.24878921464368686,-0.17249394819822358,-0.9844848612448378,-0.03217756694843338,-0.1752741702521248,-1.1849909879459088,-0.23230975532495424,-0.14901164144790496,-0.7778345958233894,-0.29480722463319364,-0.15112871758324437,-0.5061670607731197,-0.27660810704970434,0.02207943188540262,-0.9867568244026786,-0.0660081822193066,0.03714162116803075,-1.2374190977513753,-0.23655995202678337,0.019590053240420815,-0.8717813193216501,-0.24616090377366034,-0.025465147466156766,-0.6070131406403622,-0.1883515813940684,0.20002855838169153,-0.9748009804046631,-0.109477552247323,0.1756975281136288,-1.3694083685985503,-0.18260213567998904,0.16386846201180894,-1.6110694113173567,-0.1966839474757468,0.13831812668327637,-1.8539780116368483,-0.18051616243632093,Y
0.0,0.0,0.0,-0.3075830706230712,-0.14674806902368198,-0.09967974679311124,-0.5655153573658753,-0.6246045885834759,-0.14339149098134557,-0.7272113145721298,-0.9710710133115723,-0.20245366791360306,-0.9034580121932686,-1.152535197540797,-0.23963998527777647,-0.36061214192380847,-0.959382436978838,-0.023463498317430134,-0.3729538181974579,-1.256935838871034,-0.16798028537343931,-0.3367450236695912,-0.9317213199722504,-0.2354572943205834,-0.309995208906141,-0.6636654216130132,-0.24021775863474398,-0.16351349890228958,-0.9860667167352971,-0.03059028969464471,-0.16910900718160277,-1.1691934650259985,-0.22420241277257982,-0.14775331415237733,-0.7586318345977834,-0.28462277108228784,-0.1519824315992333,-0.4892697363567161,-0.26634871760792783,0.029678920183213317,-0.9856600059193784,-0.06429194171374228,0.036639412964361545,-1.2230297701038357,-0.2300526075275599,0.021645959669632137,-0.8581820416123096,-0.24078524819903718,-0.017992875245598793,-0.5966641743153343,-0.18504916624203605,0.20660909448670514,-0.9717201755267454,-0.10693984952373695,0.17787354088481364,-1.3723744879882105,-0.17385626871620263,0.1687264852523846,-1.6120213827160135,-0.18457980339690166,0.15043462411652192,-1.8478721691955131,-0.16719300391204064,Y
0.0,0.0,0.0,-0.3074517107792215,-0.15008410175821238,-0.08637351132315416,-0.5535076817819591,-0.6469256152642364,-0.12425655818350742,-0.7052916700443044,-0.9945795049993323,-0.1809210070694096,-0.8761141134192014,-1.1848132288359967,-0.21732916800291566,-0.3437066492536795,-0.9695328681026885,-0.013105435764093239,-0.3586486789983812,-1.2772818537198307,-0.15605378552873225,-0.3346526321827134,-0.9496964791480196,-0.22550958096196005,-0.31817468244208746,-0.6792921660106417,-0.23273579233201988,-0.14527596867526646,-0.9890446088457789,-0.026185007896946527,-0.15690335660377733,-1.1814400080001788,-0.2145650389476949,-0.1493789636527943,-0.768101792037673,-0.2775035420635174,-0.15721732919962925,-0.5019304974026962,-0.2630913410743158,0.05258425079612354,-0.9791986800749004,-0.06441524964688372,0.05613238748961315,-1.2312595480568913,-0.22439469766960574,0.025092076696915464,-0.8710609886420205,-0.23685603253495194,-0.018179204913441733,-0.6137332098345833,-0.18432813667184586,0.24086515815605938,-0.9603652515310436,-0.11013960469174013,0.22215792086476382,-1.372879255212721,-0.17339327798851206,0.2116922589142787,-1.620826178867721,-0.18281565512711587,0.19484367369432973,-1.85963477546089,-0.16499919873971208,Y
0.0,0.0,0.0,-0.31009796890332875,-0.1505228154388906,-0.08110159391927742,-0.5270286723523974,-0.6396351512826105,-0.11120200585539694,-0.6652309210760124,-0.995314564658154,-0.16351266958304092,-0.8509567877661076,-1.173368383378843,-0.20069302810822198,-0.33652705347550366,-0.9733946846399624,0.006034928427227293,-0.3835818354899535,-1.1937298465235922,-0.1320489722116415,-0.3659889206123737,-0.893868129239589,-0.20293354153070664,-0.3397472161986583,-0.6501788194582016,-0.21341815539709863,-0.14572367286194132,-0.9892636506522645,-0.011047201717188294,-0.2001407729542423,-1.1270939664687591,-0.1946100326400174,-0.179977228495383,-0.7232329197554652,-0.2538614412186355,-0.1579087809441467,-0.47083930039099114,-0.24008577054135902,0.04229882169624023,-0.97103174116024,-0.054179403455566835,0.005070573917598312,-1.1392168715353992,-0.22501908205936072,-0.02264703841089634,-0.7769300584981848,-0.24409987314887782,-0.049445742554902014,-0.5414009104323138,-0.1929325111288162,0.2186577367613991,-0.9386704937937097,-0.10537489900636424,0.20541980408516103,-1.3281371972232088,-0.17961735482245858,0.1943564065811682,-1.556353378364074,-0.1924506947954387,0.17367313279390703,-1.793938310390656,-0.1770292949023649,Y
0.0,0.0,0.0,-0.2942964908630233,-0.17009216942895106,-0.06561364284253395,-0.5130098680274143,-0.6491966270798845,-0.09628516316323954,-0.6588880203009939,-0.9831364991692645,-0.15428746588277473,-0.8397626527324034,-1.15854580185642,-0.19758528654410268,-0.36006578815641843,-0.9671012098236903,0.01845768556505063,-0.437977090128638,-1.143128566398104,-0.13060758145877172,-0.4144292622920545,-0.8288297191290201,-0.21473482900878385,-0.37577019378761645,-0.5846903479203645,-0.23210429733287716,-0.18252702956784578,-0.9831385206047094,-0.011069452575535547,-0.2677593390226766,-1.109312225520911,-0.20100536580718842,-0.2415845294858164,-0.7159254745109991,-0.2669495646439549,-0.20776894664691525,-0.4559468931949181,-0.2574402269525958,0.002698363639422433,-0.9677978470138662,-0.06557517634734056,-0.053883635896918664,-1.1581991256776312,-0.23692971641912589,-0.08259054600786375,-0.8057873764933604,-0.2486736562399622,-0.09919638550774229,-0.5538447591087853,-0.1911271951094692,0.1784108816433031,-0.9408326562180759,-0.12816344491146595,0.1511477817988305,-1.344510787757067,-0.19567660929517608,0.12897541444274108,-1.5794389830024764,-0.1972389893844596,0.10324001443570156,-1.80518746087375,-0.17276060637481844,Y
0.0,0.0,0.0,-0.28437931006523054,-0.16810478159244427,-0.08454265566771021,-0.4913161218326615,-0.6012560701064803,-0.1353089677497424,-0.627918968592396,-0.9212053002687351,-0.2107731005052208,-0.7913570679173568,-1.1289767549604997,-0.26779529945910474,-0.3509799040240823,-0.977558775488837,-0.004084907535579488,-0.4433678730747529,-1.1431297250016943,-0.1646424081578022,-0.4351018168537599,-0.8129351425407411,-0.24993137007721886,-0.3931188361497659,-0.5706845444837533,-0.26655147331427015,-0.18063704288638788,-0.9830834429241918,-0.030285359261176807,-0.2815663804575066,-1.1094765185348365,-0.2360846723517392,-0.26559397716326727,-0.6882103433844483,-0.30190342732636827,-0.22340684645903564,-0.41572813324035784,-0.2876202138749479,0.004802950500027759,-0.9584463988287675,-0.0833260121963467,-0.07286691386725769,-1.1478837198774376,-0.2691107610567421,-0.1034046247804274,-0.7750775564027353,-0.2770318252269627,-0.10573455920835555,-0.512271147815024,-0.21216828848196828,0.1850550356294781,-0.9257571639328711,-0.1454318048134404,0.13851993891276929,-1.3403671406206297,-0.21966723656702514,0.10169849603925746,-1.5764902104875436,-0.2174515056427837,0.07035781194839172,-1.801023414827989,-0.18680367611854637,Y
0.0,0.0,0.0,-0.29357944401586816,-0.14482915366975066,-0.06145270933515218,-0.5252704363136773,-0.5825481295426331,-0.09360732312225917,-0.661297393324995,-0.8903574847108878,-0.1524663084515756,-0.8261149893936672,-1.084492706889426,-0.19538907293581315,-0.40169096391206477,-0.9473510083665515,0.019320965202352082,-0.49934141259553494,-1.1012438350456701,-0.13301166107187268,-0.47584964095852966,-0.7790941283762252,-0.212339602024337,-0.421513871861238,-0.5415001246495418,-0.22532573548137602,-0.2301007017044167,-0.9730886525761502,-0.012334557254621582,-0.3273279217909297,-1.0858679161642575,-0.20790821454694686,-0.29886255225402497,-0.6742370687129311,-0.2687230247006068,-0.24969276915283675,-0.4052235421922975,-0.2529135234395365,-0.041699174301278445,-0.9605771226500154,-0.06865796108551195,-0.12313090303969007,-1.1395452035928249,-0.24607216302538426,-0.15112690109417845,-0.7574246224944834,-0.24775993991981846,-0.1515952639889345,-0.4828991644102604,-0.18055260662002603,0.14817589967357145,-0.9359549763927186,-0.13195434602022485,0.09257195766689864,-1.3376328286651993,-0.20588861231227099,0.05105357270373061,-1.5707845080420513,-0.2050734528541905,0.015248458615841207,-1.7861691593418123,-0.17561711442266764,Y
0.0,0.0,0.0,-0.2917535264599316,-0.11705700400130419,-0.05855815198655516,-0.5317698735450388,-0.5609481041953089,-0.0754818484199691,-0.6561716723724562,-0.8758066327246107,-0.1185778519310345,-0.806568245385918,-1.06989821787265,-0.1448064000089316,-0.40108187382022614,-0.9381188789260126,0.04071595138781647,-0.5085773801456489,-1.0936308806970008,-0.10140378511443733,-0.48304372620042474,-0.7717131832771618,-0.17586067373605332,-0.4275422451426327,-0.5313849884397328,-0.18694898465868945,-0.2306062963898447,-0.9729452889033003,0.014078382940968494,-0.33723980845649143,-1.0715521109971453,-0.17637495711143414,-0.30337951253715517,-0.6564784036727299,-0.2357783564233706,-0.24883493592362838,-0.385395727220363,-0.21754677492965938,-0.04175139991286783,-0.9615806256144251,-0.03769720180204068,-0.13644324081093334,-1.1449097538796311,-0.21273019493847048,-0.16931427072680122,-0.7691337239771948,-0.2152823131978062,-0.16983103238364275,-0.4875009234019841,-0.14731061548596855,0.14987981135662026,-0.9429178551243741,-0.09612379846791927,0.10200350669716833,-1.340701791865802,-0.17940193008755628,0.049961386780287,-1.5885775209417436,-0.1886094492262838,0.00040944407513607143,-1.8057514678588409,-0.1628225628825121,Y
0.0,0.0,0.0,-0.2875857193504737,-0.1096809112231323,-0.04854172031449824,-0.5347794941874174,-0.5501526858210734,-0.0641410299569922,-0.6660704060925977,-0.8620132837861104,-0.10704472658432193,-0.8370221051215552,-1.0501084642541179,-0.13305895270558263,-0.42699465651900986,-0.9332713516526514,0.029783249472077025,-0.5454850888526691,-1.088508643872091,-0.12220129064968625,-0.4994712780652525,-0.7626803837966992,-0.1957356792411007,-0.4387926433856555,-0.528305849070466,-0.20283773946606934,-0.25902475003424463,-0.9658693623650648,-0.0015980344802765986,-0.37811703053787427,-1.0546057054539093,-0.20209284218477935,-0.32006587862207275,-0.6335167155801487,-0.26416853896311043,-0.2659059647173455,-0.3697498300593779,-0.24650601069358305,-0.06397696410648913,-0.9520006652466758,-0.05660037917364056,-0.17935151010913217,-1.1093955453825617,-0.23740960442504824,-0.1760279987504421,-0.733175469767025,-0.24340438363144742,-0.15829803011981836,-0.4607331569225512,-0.17856262477089543,0.1313143311017523,-0.9348590724525105,-0.11607059983576147,0.060882482417501174,-1.3243729416834895,-0.20584104682324145,0.007119183938591249,-1.57093905687037,-0.22317292058955474,-0.043160572005052786,-1.7902774601200626,-0.2036303565081164,Y
0.0,0.0,0.0,-0.3093706102754894,-0.12485332431329495,-0.07889055687351453,-0.5706264612276751,-0.5682391499890812,-0.116289398284756,-0.7425765569657179,-0.8776984977013692,-0.1772030372914932,-0.9416263430409384,-1.0336747331345646,-0.22184673892414855,-0.41913981664532146,-0.9183886006729757,-0.0058290820391990175,-0.5076395816856202,-1.0730636860497407,-0.17348830996443904,-0.4630581177741746,-0.7664556516507679,-0.26286878160184163,-0.40418195013932645,-0.5264600193169875,-0.27949514871899184,-0.2374077894437691,-0.9710699729481624,-0.025703096114633266,-0.3185539379343022,-1.0469202911515467,-0.2329930863729577,-0.2712771990113278,-0.6502163395309818,-0.29818892986138906,-0.22240356011967138,-0.3965419310196684,-0.28315052042206373,-0.04318035960738537,-0.9704149111956147,-0.07112857051497007,-0.10123146848997606,-1.127871765658541,-0.2580989574270648,-0.11517084857248949,-0.7612074304940363,-0.26197505104105034,-0.11555533592154,-0.5045615641622814,-0.1941080019476657,0.13924536502846688,-0.954627873106724,-0.12397134802434799,0.10500791943441022,-1.3297940523564247,-0.20153100693554607,0.07033600936748809,-1.557119424437637,-0.20154954583122556,0.03398855702483335,-1.7708720815192878,-0.1705958839236463,Y
0.0,0.0,0.0,-0.3185819832058064,-0.15639766780351663,-0.07895318265274091,-0.5637237829415872,-0.6092480872008982,-0.1259168190918927,-0.7413687729973453,-0.9246323495159071,-0.20007123864339507,-0.9347660434078296,-1.0833205626887834,-0.2596005478582175,-0.35487824932550555,-0.9674153702122529,-0.013477517496776876,-0.4292328272203225,-1.1057237326858806,-0.1607782727618113,-0.4047080595218258,-0.7740361470601526,-0.23793362684854716,-0.3646327608202223,-0.5276288862312257,-0.25237236758055503,-0.15996633900874804,-0.9862260592877945,-0.04205865387534291,-0.24542473008827162,-1.0613887744159347,-0.23615888478854613,-0.21768033149406218,-0.6451891072871431,-0.30230120023406143,-0.1852366801115033,-0.3835360291650883,-0.29470928854531847,0.03282131401063754,-0.969517464209855,-0.09413974478084117,-0.035920756497883906,-1.1047097933832657,-0.2658890833802794,-0.06032305613422366,-0.724380983666019,-0.27935094501307334,-0.07260127091187907,-0.46941944901048444,-0.22581462371788147,0.21146890842427107,-0.9383804343343006,-0.15567476138565933,0.19458553989671773,-1.3241538169493008,-0.2207900770126239,0.17668354611174097,-1.556775758616221,-0.22212495672683497,0.1516663732160713,-1.788729001867227,-0.1992113501051092,Y
0.0,0.0,0.0,-0.3085726030737927,-0.1454919733998866,-0.10350048842663974,-0.562237791242012,-0.577223906629604,-0.16161787684745582,-0.737071195820688,-0.905024910994958,-0.23974826738656635,-0.947026947561714,-1.0757536768870464,-0.30003045216182267,-0.3652220800939621,-0.9388384408263872,-0.02846458690678416,-0.4440710278440425,-1.1177648632203143,-0.19713146001146595,-0.42133459271444773,-0.7970937309261843,-0.2848030033341489,-0.37415799585874915,-0.5534606940521563,-0.3027888062254221,-0.17108807789088176,-0.9843206612119394,-0.042915096584929514,-0.2502614750257462,-1.0749479631410532,-0.2500018831023187,-0.23227637339395024,-0.6746971039349845,-0.3181898334703568,-0.19282030944912765,-0.4228893851553231,-0.3084004515285102,0.02427359590361484,-0.9710768750854109,-0.08469161561731274,-0.030931153020290977,-1.1318087530170187,-0.27526726026654347,-0.06953755762521595,-0.7712604003720452,-0.2841627868247747,-0.07912531077071365,-0.52121397825264,-0.2214251586867605,0.20522725926619886,-0.9404065905906378,-0.13552946315848566,0.1902249815173228,-1.3212882623167705,-0.2130146365402834,0.17057702669854594,-1.5567557002650603,-0.21468653931385098,0.15213163170323996,-1.7767900867856232,-0.1870999097968266,Y
0.0,0.0,0.0,-0.30575631045655455,-0.14488900276927755,-0.0847388858471094,-0.5697696130939032,-0.5863924809482707,-0.12912040448864878,-0.743839731756994,-0.9045857790174857,-0.19515412116897282,-0.9429281640165209,-1.0586266037802712,-0.24483174124687282,-0.37138512561580345,-0.9543842040364277,-0.017461562346160087,-0.46510479249770786,-1.099780381746005,-0.1774737166375993,-0.4284131553119445,-0.7661842428209081,-0.26105702065682235,-0.37388064765440954,-0.5048058745993155,-0.27585895772832836,-0.1812410837682942,-0.9827908592078063,-0.03569028736331596,-0.2822025016138871,-1.061485299784909,-0.23465473893397915,-0.24577133479395089,-0.6722983067728383,-0.2985583259259972,-0.2033397674895377,-0.41143224192361877,-0.286163243001725,0.011180926630923021,-0.9657091316416189,-0.07829573635025326,-0.06782378408661299,-1.1096415468704908,-0.2609979255990832,-0.08126796876671798,-0.7541718354004198,-0.26977555761950744,-0.08017277860159504,-0.5030732743109793,-0.20804696566151545,0.19230783530621734,-0.9399314727014905,-0.12771442121797963,0.16493739333111898,-1.3207278110067189,-0.20132757249623837,0.14928204467499742,-1.5529000284884562,-0.20061124525052904,0.12779539883407834,-1.767562429284626,-0.17143009561703101,Y
0.0,0.0,0.0,-0.3009655768574949,-0.12295912948799285,-0.08694962295964787,-0.5609325492280257,-0.5773802141508912,-0.13263431893273536,-0.7283613914515251,-0.9008460340761129,-0.1981193539747439,-0.9368308617679942,-1.0541830991107939,-0.24547430625361225,-0.3704226921541298,-0.9465890759427698,-0.026172399835022838,-0.4715839136925907,-1.1051354038209331,-0.18923536602936228,-0.42870804676638397,-0.759227036603887,-0.27613853628445,-0.3791423823626648,-0.4948758093777454,-0.2970573464562021,-0.18129261014408857,-0.982348529510033,-0.0460907374275937,-0.28435335415071594,-1.0614289118902105,-0.24818621575867164,-0.23963205454625106,-0.6617597316408602,-0.3133562644568196,-0.19726324472749296,-0.39085920169919897,-0.30467738430131164,0.01318182049243686,-0.961045751175816,-0.09088712562261644,-0.06240727398680934,-1.123793052736862,-0.2730643638787736,-0.07910063137845087,-0.7672775390270172,-0.27705563560693475,-0.08630109194940584,-0.5004989284599112,-0.2156823954403447,0.19765435551606114,-0.9287191962747369,-0.1434079302212714,0.16003074588172536,-1.3093229738073104,-0.22703159490668445,0.13152958735308834,-1.5505301507740468,-0.23439084021666848,0.09457641373007827,-1.7683852398278843,-0.21176442231209786,Y
0.0,0.0,0.0,-0.3079130407262962,-0.1338966463892653,-0.08008272616426247,-0.5674694902272799,-0.5887181883635577,-0.1212069016239298,-0.7344550987809807,-0.8991781776664611,-0.18314497825801093,-0.9381049654521946,-1.0419647416759923,-0.2288144794523413,-0.3700787696737433,-0.9530699772062808,-0.017249414562869037,-0.4779530850120926,-1.0854161751982025,-0.1790119427538526,-0.43572094418293816,-0.7482643743697698,-0.2665983871383167,-0.38615526239700826,-0.49327282766839875,-0.2852774576333097,-0.18530946561318287,-0.9819753757376565,-0.037212409207749125,-0.2953704839597366,-1.0460629658498706,-0.2339646262006222,-0.2555572135850898,-0.6490888934684462,-0.29818549890114604,-0.2169249089735273,-0.3884299243308311,-0.2882726107039383,0.007201602568347805,-0.9577133261323463,-0.080762236437996,-0.07854070297786561,-1.1145887593061434,-0.25899531687184824,-0.09151891837288033,-0.7502882568589219,-0.261891912517788,-0.09140311038303785,-0.48734621592155486,-0.1988224848829376,0.18925493353379275,-0.9228435403907734,-0.1313520175841022,0.14879368988264638,-1.3051204759279496,-0.20836127191295775,0.1178951531260888,-1.5398555508060148,-0.20925066693494898,0.08457926244822386,-1.7503332635450253,-0.18094626361752675,Y
0.0,0.0,0.0,-0.3034835306464389,-0.1457300343169586,-0.08831270997069962,-0.5552295621732166,-0.5740823599931238,-0.13828701801246918,-0.7224781489123147,-0.881825522640831,-0.21075459222606893,-0.9157235874404007,-1.0570530876543192,-0.26477935267972286,-0.3874127438924475,-0.950987339996225,-0.014258572570986332,-0.4827878723381317,-1.1048822439990202,-0.18323967899510737,-0.4473383663748784,-0.7712180627698898,-0.27359084018911756,-0.39678114661408603,-0.5146004204266548,-0.2900450591844915,-0.19841334396991508,-0.979575148210011,-0.03262934176490766,-0.3022213459032393,-1.0466939540917195,-0.2360201262258158,-0.267229185253671,-0.6486219178988133,-0.3050146309606066,-0.2275909813540964,-0.3883035598248063,-0.2955932001952797,0.0005514640535562723,-0.9581814894236245,-0.07707349028809457,-0.08143023649881215,-1.1070006056662096,-0.2582683231384854,-0.11113698128572987,-0.7431105085366784,-0.2660603577207963,-0.12085632822363306,-0.4846229117575856,-0.20269210427064568,0.19169820648693345,-0.9277038541954742,-0.13002311319364118,0.1646383787538719,-1.3110530697953882,-0.20219558306651936,0.13515892658362266,-1.5511276185560394,-0.2027331087143176,0.09781848957386582,-1.7721393963842995,-0.172950823978372,Y
0.0,0.0,0.0,-0.3130559902116434,-0.16725789282555412,-0.06140777283812129,-0.5608400344526318,-0.5998572780874355,-0.10068521955394537,-0.734243565010741,-0.9128675431971471,-0.171167898338284,-0.9293921420312025,-1.0985358060110408,-0.22810205600458888,-0.4090039585910126,-0.9412737319081063,0.025178053914532577,-0.4964682925785231,-1.1054574256204979,-0.1400694584486234,-0.4687169779280488,-0.8033959866210375,-0.23379442419922464,-0.4189122908956944,-0.5591840213182712,-0.2538980562923454,-0.22168690239569477,-0.9750766151572853,-0.008972841223000995,-0.31131758695553563,-1.0809909569923952,-0.21603457518504043,-0.27110667750188006,-0.688886175005443,-0.2895339251001962,-0.21750340947839056,-0.42774827754361594,-0.2815463655951629,-0.022833671954165607,-0.9679953116005245,-0.06856380880073862,-0.09308569024946346,-1.1481530625946097,-0.25260729541377996,-0.11091649810991185,-0.7853978503689996,-0.26082891293864774,-0.10474743157125851,-0.524345174304581,-0.1970540216694379,0.16444742704025223,-0.9498672197956277,-0.13491343118936017,0.1413486061203953,-1.3348929632463484,-0.20694598566170216,0.10914114670642266,-1.5691558258749085,-0.20382128366892918,0.07369612357362401,-1.7910652665375904,-0.17247679707655533,Y
0.0,0.0,0.0,-0.3003424422752878,-0.16540692627121897,-0.06515607644790007,-0.5412006405286209,-0.6011235098682853,-0.10507974567468378,-0.7158870319745347,-0.9052760711061737,-0.17406182040258275,-0.9159247320103028,-1.0700751519275147,-0.22965822838009214,-0.38300703810027487,-0.9499574823890301,0.016473406467276852,-0.47989314078743406,-1.076962944504525,-0.143052529352555,-0.45248621450581816,-0.7796210024832053,-0.23258267779522512,-0.401287442776071,-0.557552272454181,-0.2535780237519555,-0.20159112962385634,-0.9793330309379099,-0.016365542183019777,-0.29807915808633784,-1.0556692708914877,-0.22008450468991356,-0.26164042295944406,-0.6602714183539156,-0.2894190512022293,-0.2123312760389089,-0.4086607259478592,-0.28013120219428644,-0.008983961361804084,-0.9620332892005249,-0.07396954168617861,-0.08339423486916192,-1.1169165754115302,-0.2604228974169202,-0.10672346110024618,-0.7596673390378352,-0.26845985394910576,-0.11014378443501645,-0.5109381595954663,-0.20518127642464085,0.17143178036329174,-0.93417735427634,-0.13818998499603266,0.14326027655250112,-1.3078342083407153,-0.2139664637651076,0.1114950198187479,-1.5304075118318266,-0.211426057054572,0.07337895678145688,-1.7441364675859328,-0.18080745614177968,Y
0.0,0.0,0.0,-0.2973683301497089,-0.1891595137574915,-0.07115295921117416,-0.5183828800433542,-0.626441976810647,-0.11586802666606345,-0.6832602381721132,-0.9169905982228836,-0.186616569167338,-0.8736701058502471,-1.0735187668096837,-0.2412937255512482,-0.3582370925229516,-0.9777891416884796,0.0099337862367357,-0.44161020768305376,-1.0781782352446714,-0.14430431336591762,-0.41927481073528267,-0.7600898120610238,-0.22931329702894515,-0.37299153782449146,-0.5405026430659192,-0.24760051341734773,-0.17106724900109438,-0.9850319126185737,-0.021169020813259675,-0.26359653306517083,-1.0343242405966966,-0.2141749345580117,-0.24044608561657438,-0.6394392006742792,-0.27735542242027844,-0.19888294920082553,-0.4018490875256077,-0.2663269174611196,0.02167827172966052,-0.9478807297143071,-0.07733662858067682,-0.04762039157364057,-1.08073893855111,-0.2545818971541069,-0.07172269532589118,-0.7285712078942651,-0.26013564776923753,-0.07527493803513292,-0.48976880969633824,-0.1973197904175831,0.19978436088691742,-0.9013533048545147,-0.14116395095907142,0.1740783218531286,-1.2732277970677084,-0.20841945591724972,0.14497514049422933,-1.4922585955608465,-0.20024567912542723,0.11231944738812796,-1.7079912576982765,-0.16651953441978296,Y
0.0,0.0,0.0,-0.2977275815737801,-0.17857804050025766,-0.06793273330036945,-0.5215627818183706,-0.6248704522780801,-0.10842210936195436,-0.6773430679155126,-0.9322238214407053,-0.1746551712298719,-0.8584399442236181,-1.1108899624155468,-0.22469870679602433,-0.3339706574845454,-0.9640634951034074,0.007548480485839978,-0.4252427491533736,-1.1013834888129863,-0.1419866335738318,-0.41293300492854973,-0.7915703327802328,-0.22406969035162716,-0.3721905891363554,-0.5587132115432928,-0.24158173719785397,-0.154201639096279,-0.9878060325100353,-0.02147316084799466,-0.2555389397394531,-1.051774273722955,-0.21205796084566,-0.23042976398935783,-0.6697179177909128,-0.27740871740475187,-0.18372610795603775,-0.4207924590760457,-0.2688569077063232,0.03201168578562411,-0.9521874970801387,-0.07401035281584357,-0.04275332263691255,-1.0788827357030228,-0.2489185508190756,-0.07808282905586625,-0.7292495163926594,-0.25908592999487035,-0.08568176523557451,-0.48625921909745384,-0.20088056783183555,0.20709354272854813,-0.902596658776217,-0.13352566904460345,0.19681983830591573,-1.268141742635722,-0.20813770930224973,0.17178416970025853,-1.5005575507591793,-0.21122783007019122,0.14226645701186355,-1.71595564420467,-0.18504692285665808,Y
0.0,0.0,0.0,-0.28792069448865765,-0.20591198330096222,-0.07228440655355897,-0.48821246587368816,-0.6478414897370219,-0.11714693274136352,-0.6439924524144386,-0.9485917182005857,-0.18473546573782304,-0.8260394427519218,-1.105908814544507,-0.23677683020871915,-0.3001087644169694,-0.994170079359026,-0.011179096588085202,-0.38125712934887734,-1.0851382846286823,-0.149477179330193,-0.36594612903356527,-0.7719471962634151,-0.22716706302015496,-0.3242490681823004,-0.5572166638406313,-0.24481591194887276,-0.1174386556515813,-0.9923423496515104,-0.03827300937826542,-0.2158885837873755,-1.0088053282990201,-0.20789002461754788,-0.19779436333459094,-0.6360084391607307,-0.2680439481944871,-0.16124925829739467,-0.41843522149161844,-0.26371531527986786,0.06228653848884949,-0.9382404875283803,-0.08640448363492917,-0.010912480082598555,-1.0188777055671439,-0.24348106259175456,-0.04070196918924006,-0.668826853173777,-0.2521391191804194,-0.05036669415793036,-0.4418670048110069,-0.19975458093370835,0.22724831740147533,-0.8734723561776168,-0.14279413929978177,0.21892699780689553,-1.2239113765581537,-0.20476989351891656,0.2049721815380226,-1.443738448374413,-0.19951765359440776,0.1857042210536292,-1.659083116198019,-0.17104496871477687,Y
0.0,0.0,0.0,-0.2918411571052834,-0.1834518007826618,-0.08221717283784623,-0.49786041934420056,-0.6226997943859728,-0.12601221407700555,-0.6453123092160171,-0.9278294315055817,-0.19025412494272295,-0.8274079782781473,-1.086641315637694,-0.23771577774712757,-0.3123921654659488,-0.9812053463990956,-0.0005402091298074326,-0.3806461390450981,-1.0830954389341214,-0.13161270710410533,-0.367408627232964,-0.7756318356963815,-0.20417303757156255,-0.3339363616085773,-0.5645129845952351,-0.2197304992462249,-0.12740892751669927,-0.9916426274286064,-0.02029444888471688,-0.21560707323190342,-1.0114135076772104,-0.19025488002719987,-0.20084215137039185,-0.6306921118792468,-0.24959160482163945,-0.17417005069765,-0.4062367070520782,-0.24216940757028624,0.05070669126763469,-0.9489997349847267,-0.06349635553633624,-0.011253275654225618,-1.0424900161037722,-0.22428781160661937,-0.04680894519782172,-0.6999474533221924,-0.23981466089811365,-0.06898300764160661,-0.4778839044230514,-0.18973703365437855,0.21279866236744696,-0.8908247548507939,-0.11517038867352654,0.19715935268167278,-1.2399992245930802,-0.18150705332199693,0.17873277449679564,-1.4519172067656236,-0.1837805497582686,0.15147246301654035,-1.6666159133718035,-0.1598361917583666,Y
0.0,0.0,0.0,-0.274696904646159,-0.1770015969424574,-0.09466437722439164,-0.4656844220846459,-0.5749835842460267,-0.14464795717283893,-0.5970044113228188,-0.8671866105442715,-0.20667878214489446,-0.7593262475818164,-1.0342851510269555,-0.24852914666038156,-0.2825993292629284,-0.9801815094988704,-0.02188251893336661,-0.34853881694213096,-1.0279755937122694,-0.14508418695221814,-0.3355349471729258,-0.7440898728813293,-0.21061270775117355,-0.30003903202527726,-0.5544544542696296,-0.22433068436456574,-0.10597892930549677,-0.9938286936572417,-0.032756590280444704,-0.19429612698866702,-0.9407832473688579,-0.1903781040389535,-0.17628071477849144,-0.5800670014141053,-0.2419596809626648,-0.14286228761768527,-0.3824672462919884,-0.23360885471194603,0.062388923602123704,-0.9371947296405008,-0.06621638840370865,-0.002760890920171087,-0.9677172932087776,-0.2216504449533609,-0.0292551488259043,-0.6445044733439717,-0.23479988773112115,-0.03972134258651851,-0.44533723242406376,-0.18706249678431897,0.21585522417662728,-0.8609382534922716,-0.10868440411681393,0.2005762702236124,-1.173374845707584,-0.18054299351035516,0.179858795252747,-1.3718755256269182,-0.1840157674279587,0.1534423423321342,-1.5770807180445523,-0.15999218844092333,Y
0.0,0.0,0.0,-0.2930338105724984,-0.1659286140742045,-0.08831062011974443,-0.5075184848880535,-0.609897076508444,-0.13425374527921805,-0.6538707968525291,-0.927592324336923,-0.19837421785630938,-0.8355886499482362,-1.10111773158651,-0.24340422357026267,-0.3216176689614503,-0.9745748312093925,-0.01308309972819871,-0.3877512141341835,-1.0982784323910317,-0.1574686561230325,-0.3719159971659883,-0.7889135642487508,-0.23276430529496392,-0.33768032865754233,-0.5662633611483044,-0.2471474176442252,-0.1437213946114306,-0.9891831968605177,-0.029338776043861176,-0.22421036233359629,-1.0317278659538984,-0.21457011056599679,-0.20396100490337524,-0.6373730853247068,-0.2710942648799703,-0.17008723563920464,-0.40160796270716254,-0.25728758332877494,0.035911996111110595,-0.9547162219311754,-0.07106401219759625,-0.019150007982130585,-1.0678394862033105,-0.23826752422119019,-0.04773257847341596,-0.7191025560792069,-0.24707788726895719,-0.06295063487984344,-0.4872500665723689,-0.19136097111360015,0.20638894958418608,-0.9010075407058508,-0.12246420125067436,0.19157503546549384,-1.252310993299676,-0.19388307721255008,0.16780971740583633,-1.47158793483213,-0.19932391359555715,0.13754901625515328,-1.6887401027944575,-0.17690483496665055,Y
0.0,0.0,0.0,-0.2835496958118579,-0.16693296671255387,-0.08816823199107585,-0.48533991724290637,-0.5788892666764351,-0.13462323045386557,-0.6156139351778739,-0.8771195317649754,-0.19537568415036663,-0.7846849835730895,-1.050845727266396,-0.23739444151768568,-0.3098042386780855,-0.9739022916120376,-0.017858166080860743,-0.3848240336746484,-1.0139866984406372,-0.14894705724806254,-0.36844716530342264,-0.7225788709071203,-0.22078238172730327,-0.33110984293184964,-0.531727575808096,-0.23888215655349324,-0.1306690664972352,-0.9908292584125457,-0.03439441429049025,-0.2210110500003867,-0.9300750248068569,-0.20062058971365102,-0.20533056729561075,-0.5558087430658893,-0.2573954484013854,-0.17296701098773423,-0.35044531590835243,-0.2521898529692201,0.04611772088462593,-0.9329842179160523,-0.07344380392646155,-0.01948297724559352,-0.9626919671611418,-0.23576874548758633,-0.05402209981936606,-0.632291897246897,-0.2459424477850053,-0.06968237979421703,-0.42596409399342366,-0.19565960248514802,0.20866815564176944,-0.8533031906536683,-0.12086144421469718,0.1853327855465075,-1.1682384359199265,-0.2004273250442483,0.15665732277866862,-1.376874218512539,-0.20509315160557942,0.12599858478879788,-1.5886638176309085,-0.18114159824760592,Y
0.0,0.0,0.0,-0.275179147611594,-0.17316488116086262,-0.09046907026111231,-0.4755129535476494,-0.5824696221980172,-0.14025016469574894,-0.6039271580716501,-0.8774418957943719,-0.20517977244686536,-0.7490595532645976,-1.0774262312858176,-0.25030365797840054,-0.29751162396160147,-0.9855114583859319,-0.0260391790102172,-0.3710126929283518,-1.0609315803223953,-0.16508799580109204,-0.3543883181312937,-0.7605665377667443,-0.2350431851544309,-0.31983297390092663,-0.5549297327757605,-0.24822684388449728,-0.11327040096658807,-0.9926500623304567,-0.04261067964969383,-0.20468246240201335,-0.9734165442284178,-0.2208115892273541,-0.19318508707272852,-0.583565573650216,-0.2789562516871219,-0.1652400951524509,-0.3605743495976384,-0.2710204340953917,0.06756361162996527,-0.9329262713909662,-0.08243967386590283,0.005083252443954586,-0.9980220957062089,-0.2555612505306443,-0.0357731804541301,-0.6547513377031843,-0.26849514978910394,-0.059419079010579676,-0.43613329879465945,-0.21598800571452012,0.23547025225159837,-0.8554910047561707,-0.13043742909294037,0.22063495371764735,-1.1913940559038048,-0.21485696813772687,0.19766523748311274,-1.4045793719237651,-0.2229370181497496,0.1683279269897372,-1.62249619408634,-0.199906138265584,Y
0.0,0.0,0.0,-0.2771691743515498,-0.16113420713563467,-0.10227637097912197,-0.48191146192688794,-0.5934794677890686,-0.15269573091497926,-0.621704717956695,-0.9007520664524306,-0.21327662269443698,-0.7863215557555241,-1.0768891075966183,-0.2511250714436472,-0.2710295777296783,-0.985156605901792,-0.03752936127628034,-0.3539973503040268,-1.0725805615717408,-0.17927660740992532,-0.3378815984788204,-0.748867610053315,-0.25272401350500584,-0.30009076954562436,-0.5349595418920385,-0.2693237529854444,-0.09334197135715319,-0.9945103793621651,-0.04729039780000695,-0.18107122745518386,-0.9976120111331718,-0.22080224378129695,-0.16978263133112878,-0.6260571289856073,-0.27358323287009445,-0.14285728922592686,-0.41524066630870093,-0.26336719875898085,0.08212631646837877,-0.9298142608970402,-0.08177365660128944,0.03511180514391849,-0.9969412525571888,-0.248086667942742,-0.0032572898710386336,-0.6656000515085347,-0.2539770956756232,-0.024877473059693216,-0.44980603883092923,-0.19986409874109146,0.24481660329000096,-0.8522764745078637,-0.1252953856473359,0.22869082517815797,-1.1841906778377946,-0.20715634234041364,0.20879817117697538,-1.4094868530179938,-0.21540808590477764,0.18796354754629194,-1.6239466176014448,-0.1930665740569171,Y
0.0,0.0,0.0,-0.29107114903257425,-0.17240010794262084,-0.0998585909110608,-0.5002190959647831,-0.6140287803953735,-0.14991709737707343,-0.6407783501672909,-0.9279595981657359,-0.21485889636488623,-0.8154537698157203,-1.1011152543826135,-0.2589041712136473,-0.3012945023009091,-0.9728968769012919,-0.028131435024752335,-0.3667151943718841,-1.0850144798728685,-0.17499320992944667,-0.3406171702777671,-0.7705001769473867,-0.250118309715084,-0.3009236106885462,-0.5566953098321826,-0.26659725665621464,-0.11338449734507743,-0.9927029988181211,-0.04104524210324049,-0.1937242089327291,-1.0115047819358367,-0.2272518540431521,-0.17108783988733264,-0.621760914606923,-0.28594159621117354,-0.14076674957877133,-0.4002703065952553,-0.2767919168062563,0.07271795268067487,-0.9423193488181347,-0.07982720172820912,0.02511586231924806,-1.0299142611419192,-0.2558933056052965,-0.009526433908747054,-0.677324046855433,-0.266580767273964,-0.03560559478684011,-0.45292799375942694,-0.21248299146146346,0.24305534246024366,-0.8699457772840593,-0.12837182358590724,0.23299462070303428,-1.2098594005857979,-0.21447285363897703,0.21142886662115964,-1.435761961880474,-0.22846974229123934,0.17985209790538204,-1.663737437671188,-0.21093386577726636,Y
0.0,0.0,0.0,-0.2819575998698408,-0.15718414306417058,-0.1064636583205377,-0.49193563729561596,-0.6055335707420831,-0.15508268187434682,-0.6405190818074759,-0.925001450979863,-0.21661699727087955,-0.820778306764028,-1.0961328777550057,-0.2571031310933774,-0.30113947586863943,-0.977864108458549,-0.02962200470692538,-0.35131531566959817,-1.1017385886306101,-0.1738555184487417,-0.3327785995045933,-0.7859588889630563,-0.24724589401877337,-0.29709357540624326,-0.5729947120557876,-0.2630051933072125,-0.1170871560271965,-0.9924654001985275,-0.03609746947141417,-0.1729169925690632,-1.033832735262466,-0.22108097495707527,-0.16663654360709693,-0.6400106897911125,-0.27653324636893767,-0.14737048335098907,-0.4169011722529752,-0.2630220206784652,0.06445581565192794,-0.9453839006662347,-0.0691131668779307,0.043292196731064644,-1.0562634157377864,-0.24249703604742628,-0.00044493781640947736,-0.7090809656492463,-0.2497291400052144,-0.03522238989151525,-0.48956962989574304,-0.19222672596222348,0.23261323761329727,-0.8771289227955558,-0.11226113802702853,0.22377262656793395,-1.217906037966842,-0.1910424266337023,0.2064309223677971,-1.433907673887838,-0.19992988571264708,0.185605557309636,-1.657950549618125,-0.1789292473875318,Y
0.0,0.0,0.0,-0.28791625264636755,-0.15390080113957808,-0.09059562084688193,-0.5155414278288186,-0.6095386817573034,-0.1331778989096949,-0.6620840389998749,-0.933001065429963,-0.19361953275881733,-0.8368186619246346,-1.1191390645617478,-0.23522231657398113,-0.32204985218390264,-0.9715337303724453,-0.018741193066080852,-0.37801540814939516,-1.1474002781463126,-0.1671201672577617,-0.35317493604720923,-0.8318608256579486,-0.24240487297422622,-0.3201643058277291,-0.5921448694152501,-0.2566223043185132,-0.12908231079543045,-0.9911021084819163,-0.03247102712283284,-0.19129285708162894,-1.0830401330277521,-0.2220551247804126,-0.17502988406976783,-0.6882930790747411,-0.28170659414585375,-0.15559692444500187,-0.43546134053586155,-0.2703306781751433,0.06410830473017107,-0.9549687117223542,-0.07233249442709981,0.033339813830596775,-1.1086581080531444,-0.24705973073486434,-0.005762477162779028,-0.7589733866989039,-0.26129134166998463,-0.03921301392275387,-0.5144523809768721,-0.2087936963759947,0.24650452016032667,-0.8984332583262393,-0.12043722276312475,0.2404904739888872,-1.2623545602568849,-0.2008946126853733,0.22064447441678442,-1.4992259141815911,-0.21826968286490164,0.18967896183405208,-1.7347357560065673,-0.20486689954420972,Y
0.0,0.0,0.0,-0.29811233138909127,-0.1400740196819748,-0.09915831830660789,-0.5326760146349161,-0.6009009620122641,-0.1424347880793679,-0.6817885717356633,-0.9335474463923444,-0.20201247448589388,-0.846943367239282,-1.1369752567842748,-0.2400191481564865,-0.3366650699853937,-0.9700594860810512,-0.020449075279412882,-0.38322845908148545,-1.1635855797077952,-0.1714509843956628,-0.35614578833968175,-0.8320593859865631,-0.24341207180790556,-0.3229267834408518,-0.5925765296284614,-0.2537261332831058,-0.14129062239596962,-0.9894533840030187,-0.03192116708289661,-0.19379548821577683,-1.1160018411579056,-0.2280144262610724,-0.18004910587529507,-0.7095258852870857,-0.28677606865034716,-0.16731665218493477,-0.4586279566538007,-0.2698838938086446,0.05554134762800402,-0.9616839664332143,-0.07092387664771342,0.03241584610852174,-1.137032206521231,-0.25276706062961124,-0.0034864963963013858,-0.7753017148099416,-0.26282798889900266,-0.03863341739032368,-0.5314582952594122,-0.20300382563613137,0.24168826283826675,-0.9202253954252615,-0.11816856448499079,0.2268003732702667,-1.3044728081336587,-0.20093048182723508,0.21780259399657065,-1.5417212248123628,-0.21352188721074686,0.2028686421413266,-1.7801421360754586,-0.19385091765187243,Y
0.0,0.0,0.0,-0.3005391435113371,-0.14717992972962474,-0.0983246695792279,-0.5280590212334214,-0.6115109328947561,-0.14164488750071277,-0.674872821577581,-0.9434392060997595,-0.2000398873980685,-0.8477765391642179,-1.1264872937077663,-0.23767014502468517,-0.3431116884786561,-0.9661947598905177,-0.028203553086840027,-0.3803368389120892,-1.1503044866087953,-0.17501533521081605,-0.35188981062965474,-0.8199161345439971,-0.24414541201910256,-0.3218930614613818,-0.5837575088310317,-0.25424981745281183,-0.14917308910536858,-0.9880803140411671,-0.03800897908481736,-0.19521011636920385,-1.090026523433728,-0.225820449128654,-0.1776097732118568,-0.6861648506986691,-0.2809773816858954,-0.16445552020529158,-0.4470107694038018,-0.2659617724796643,0.046594251689149074,-0.9601336172163423,-0.07412566940106542,0.021585573048208854,-1.1150194135955924,-0.24706759068356957,-0.007602424890163147,-0.7510119452752468,-0.25673626471899136,-0.04125311810386223,-0.5150201874532035,-0.2018103917892593,0.2310009651431458,-0.9127074760089915,-0.11897333760589934,0.2085353204940383,-1.2815255305746451,-0.19747102699326477,0.19387871203886198,-1.5066333097951634,-0.21066643552880027,0.1715557081317498,-1.7432193133038016,-0.1946642165148033,Y
0.0,0.0,0.0,-0.2990182762064511,-0.14680868188762083,-0.10247517192435007,-0.5288065766871736,-0.6110044132058576,-0.14850247341072473,-0.6846658375813935,-0.9358571438901343,-0.2096215445036279,-0.8642688597513181,-1.1177163972281965,-0.24995270618302215,-0.3314440042153247,-0.9662569896460612,-0.024674140155851138,-0.374492246793901,-1.1433866639681134,-0.175568622846339,-0.348888411276888,-0.8092713684643125,-0.25118500874345934,-0.3173222384814414,-0.5655646466027417,-0.2646001325971242,-0.13855824805770534,-0.9897650010941434,-0.03415925210378099,-0.1876511918292912,-1.0767558773499042,-0.22585341296868203,-0.1704716995224787,-0.6783664833672525,-0.28781637662896165,-0.1536856636862798,-0.4359759638651675,-0.2768192075150465,0.0534882063081041,-0.9594307764242557,-0.0708121033843173,0.03318266588610759,-1.10477257049556,-0.24556642266342082,0.004725258286065126,-0.7489677507592652,-0.25773243361670645,-0.026620287236566575,-0.5132867847704717,-0.20392219790489147,0.23358892255856453,-0.914255114439026,-0.11674873705325305,0.21567679648045845,-1.2789557770407658,-0.19271881520321218,0.20647823247324412,-1.5042807634883368,-0.2028836024443699,0.19215366247756893,-1.7357676509286746,-0.18458379212081108,Y
0.0,0.0,0.0,-0.30162851840464233,-0.14898036182237284,-0.09152215057156401,-0.5325221365596001,-0.6207679944376696,-0.13258897997493757,-0.6773651729879494,-0.956972318887432,-0.19187111462278905,-0.8523328430062033,-1.1463369995292183,-0.2302358007376849,-0.33751923066223527,-0.965396866779332,-0.022133883089909902,-0.37545284205211527,-1.1728043091128044,-0.17665915904849658,-0.34864220196963125,-0.8346992673424977,-0.24980152320430307,-0.31919899400073354,-0.5863051623127328,-0.2601351925742245,-0.14329474262954678,-0.989030459789349,-0.03585200613077176,-0.19004583071664663,-1.1135106359700562,-0.23114951176043433,-0.17493074683458434,-0.706059446529877,-0.28745728074841564,-0.16160450853747052,-0.4578788897638729,-0.2704675014350462,0.05346559659203273,-0.9656181303352028,-0.0763943054585786,0.030003944377611527,-1.1377355510110805,-0.25405890061015546,-0.005872439480348399,-0.7661497235829897,-0.2609932088320544,-0.04111341392381492,-0.5210536303841318,-0.20165701547452988,0.2395049863343801,-0.9247973464192769,-0.12529374074401453,0.22651987416699,-1.2942658772554478,-0.20532942563238524,0.2123488113838238,-1.5217286703367467,-0.2175110624573754,0.19096891030838684,-1.756943127619489,-0.19922559627527153,Y
0.0,0.0,0.0,-0.29702947459801743,-0.1544963789435227,-0.10165115538715498,-0.528245774151437,-0.6226052572050051,-0.14708591931936993,-0.6802159724969388,-0.9494231038009447,-0.2065569133440372,-0.8475535175311518,-1.138471344672136,-0.24309466215733852,-0.3292478283897708,-0.9716241386855642,-0.03789397640133256,-0.38072820617128583,-1.1699077396126905,-0.19235819316429378,-0.356718084060448,-0.8325880069902272,-0.2625994850575318,-0.3263217356200471,-0.5975457435673212,-0.2717625414051036,-0.13358303376641364,-0.989861782837569,-0.048262034430706285,-0.19433147919728824,-1.105892932498987,-0.2479014415489703,-0.17925245406741985,-0.696422172758184,-0.30361989200577727,-0.16310012513652095,-0.4567038228904809,-0.28517547195983833,0.06148945107686134,-0.9581640020033448,-0.08571078162509435,0.03110162310197436,-1.1143015325463435,-0.26882124578864636,-0.0034356715782026697,-0.7473520185260079,-0.27614989401046836,-0.0366503701276348,-0.5100707966490187,-0.21565343791149708,0.2432282319519949,-0.9155009317601291,-0.13156173422311382,0.22670265166084005,-1.2902194612068227,-0.21723759171949053,0.21770036756477026,-1.5254068473971922,-0.23032277638402268,0.20300641250538684,-1.7643811682279196,-0.21107306927686884,Y
0.0,0.0,0.0,-0.30005782739046066,-0.14589786887484482,-0.09983405595433353,-0.5348122154961699,-0.6198972778581169,-0.14482592578935363,-0.6797354226801837,-0.9613216829058338,-0.20616803926906802,-0.8529110999088529,-1.1563527314900621,-0.2458385327719219,-0.34750657049827205,-0.9704528113251244,-0.03213215397329801,-0.3890163750366205,-1.1902192528739033,-0.18885792667126183,-0.3602955143808256,-0.848756967357635,-0.26251744823750117,-0.3256304616599292,-0.6034419470194166,-0.2734672711781523,-0.14898498881190209,-0.9878728498629195,-0.043711618734967275,-0.1961066326912729,-1.1213644505375115,-0.24527578661411664,-0.1773817917367314,-0.7083807988986462,-0.3025370745442532,-0.16215494937813363,-0.45545097488227676,-0.28473531079211833,0.047877594251776956,-0.9628565331315933,-0.08295345982806557,0.02884528555249675,-1.1500054027596467,-0.26509783050150465,-0.006053409474428567,-0.7773970771009799,-0.2714410117353632,-0.04369387622512101,-0.5262235796264991,-0.21052666068176829,0.23204275485692094,-0.9243705300828694,-0.1311270384434898,0.21513838839101224,-1.3060972651713862,-0.2132421649273428,0.2075708661736078,-1.5420757177608708,-0.22602400622204294,0.19324596606621294,-1.784967770610649,-0.20821038754225007,Y
0.0,0.0,0.0,-0.30070574690947327,-0.13552251521132097,-0.10416072713926823,-0.5458291877731374,-0.6089969038519641,-0.15469137596733176,-0.7017791288596813,-0.9453448364050319,-0.22098915800323915,-0.8709552038314359,-1.1534665121902277,-0.2657821410108298,-0.3486490648336094,-0.9660242777343004,-0.03965855964284135,-0.3935194384137023,-1.2135201790421803,-0.19315493344147175,-0.37228947513645105,-0.8781474243990303,-0.26403399640985126,-0.3463899971696167,-0.6208762149900762,-0.27256001727244056,-0.14553282984940744,-0.9881021355256692,-0.049742991522782165,-0.19469852194434756,-1.1331572982883873,-0.2503936068067665,-0.1758515079434827,-0.7192005121311925,-0.31048432120613256,-0.16162269839915006,-0.4495944360895804,-0.29421001221230847,0.05536544235363266,-0.9641257991114168,-0.08641021246434882,0.033645905747768635,-1.1711515336757574,-0.2667846394937326,0.004290782803638329,-0.8057435828890896,-0.27580586788870204,-0.026713354646884957,-0.5469775731548457,-0.21709971477110263,0.24460070014683608,-0.9284912674804874,-0.1312648439373748,0.2250767312480399,-1.3266110509878368,-0.21130114462531466,0.21155577613424933,-1.5743742757750923,-0.22236725235300872,0.19101807578025953,-1.8191719958775658,-0.2030109453103454,Y
0.0,0.0,0.0,-0.2981809364544804,-0.14932497094150957,-0.09901626007912014,-0.5401043650340003,-0.622731577651473,-0.1467487333782253,-0.6955654438592332,-0.9489566407262152,-0.21106017911589262,-0.8624151009946959,-1.1448232900825173,-0.2537046615230689,-0.341432327082854,-0.9679050734826645,-0.03194788037533833,-0.38583113586725415,-1.2128416249282898,-0.1812334414940565,-0.36555627099216115,-0.875611664559768,-0.25136376466748017,-0.3405411610010408,-0.6168586927906631,-0.2599640680619243,-0.1415657473624688,-0.9889838281618462,-0.04324496280545854,-0.19138934842524027,-1.1226077130893333,-0.23740351624494685,-0.17374197353416646,-0.7137777444329583,-0.2960655308823841,-0.16062013853915874,-0.44788289630168815,-0.279719196429314,0.055485405596944135,-0.9642238548931473,-0.08048244192397745,0.03434893146252618,-1.168537342208262,-0.2522219581619421,0.0057805895000213525,-0.8074466609533467,-0.2583354104623904,-0.024445444063353045,-0.5492658646535411,-0.19944537609297483,0.24063631261154442,-0.9289332876802198,-0.12616147415082588,0.22329844784275238,-1.3173040795778725,-0.19945330554712112,0.210752970886264,-1.5607979234805374,-0.2065065985786806,0.1907680974770927,-1.7954061779132091,-0.18455731182583793,Y
0.0,0.0,0.0,-0.29588931978364963,-0.1468568557728346,-0.09625870031072732,-0.5328298854164193,-0.623915057005718,-0.13819673194225787,-0.680681328524539,-0.9569956736816279,-0.19577233446893946,-0.8422031916972688,-1.1559794098975498,-0.23156338603133925,-0.34012137109116364,-0.9690800335444343,-0.028227303360929948,-0.38551162031303227,-1.1950075448875992,-0.17806037219562212,-0.3617143928434244,-0.8592129174294767,-0.24868325674267083,-0.33228126213245573,-0.6052728001677353,-0.2585221301516884,-0.14146760579101234,-0.989150239520414,-0.03960707220265512,-0.19381831650529727,-1.122088097138758,-0.23674148899903877,-0.17563004465226217,-0.7114865882935868,-0.2957342392720214,-0.16064139077914874,-0.44793056859476565,-0.2797417520035873,0.05491678453592711,-0.9626216777955154,-0.0773614721963711,0.029873641883522307,-1.1453796441799475,-0.2557950923926969,-0.003346730013202658,-0.7800319965781264,-0.26553414959969385,-0.03871658745040952,-0.5265007682761773,-0.20825515139852402,0.2387446816147451,-0.924222412375772,-0.12299808251602984,0.215128938148811,-1.3069963739909614,-0.20503680069473834,0.2006960102930078,-1.5479675343598682,-0.21886857997435732,0.1795751219260621,-1.7866022256693563,-0.20172720959554505,Y
0.0,0.0,0.0,-0.29721935751753636,-0.15306695264858455,-0.09980480675763677,-0.5212854781423943,-0.6301972194942735,-0.14514708704297688,-0.6680428283791661,-0.9575967526410489,-0.2048773784792225,-0.8376401389743013,-1.141900906067101,-0.24272927362233193,-0.31761924922226603,-0.9770303280694325,-0.029668450648959396,-0.36429243208610423,-1.1612613808163794,-0.17689719313277882,-0.347794089035512,-0.8186705127465158,-0.24996549050461742,-0.3210704550065879,-0.5658691554633438,-0.2616334694065024,-0.12342622801624553,-0.9915365442190096,-0.04026472048711934,-0.17992158096013872,-1.082765124579034,-0.22843635671707802,-0.16410061974986756,-0.6759865244388585,-0.28613276849216274,-0.14429193645717078,-0.4225704811532842,-0.27177250358442123,0.06518659682421567,-0.9553687826731398,-0.07681819483158857,0.04136484632312612,-1.108364502178217,-0.24463592742090792,0.0038327166278267727,-0.7516881470498302,-0.25121493851709614,-0.03083007801719574,-0.5088420884557405,-0.19450568604958052,0.2415227762278067,-0.9054132726011608,-0.12258869102479804,0.21832318187150987,-1.281974613190945,-0.1912973432650686,0.20362167485658614,-1.5146634124606146,-0.194784299016544,0.1846405766244155,-1.7425691862740904,-0.17190845529562707,Y
0.0,0.0,0.0,-0.2964350609297385,-0.1461939367740932,-0.10013757199592059,-0.5261814041100683,-0.6218514425064509,-0.1444948922019443,-0.6730992280580977,-0.9556991245444293,-0.20410322449807708,-0.8412736915838233,-1.154582094812266,-0.2429981555180848,-0.33242574137963427,-0.9706241987523501,-0.030010283946262907,-0.38609156027111585,-1.1685953757466303,-0.18182244908907344,-0.3638865523541625,-0.8352806835136536,-0.2580947858194906,-0.3324461363976828,-0.5876405672982576,-0.2722903642235119,-0.14015266049454198,-0.989289175403225,-0.040794107249806956,-0.19988314195293713,-1.0953748135502095,-0.23406014083340282,-0.1860080032741551,-0.6952873760934642,-0.29546128019524404,-0.16924221070396012,-0.43908108036410787,-0.28430107533153837,0.05111481003397032,-0.9562862291306532,-0.07823745260294457,0.02672182458076975,-1.122684558517925,-0.2538820588747778,-0.012442048743904699,-0.7611866706776075,-0.26338770090344743,-0.047577226170057746,-0.5085070814692044,-0.20791889443308148,0.23176001129565557,-0.9090684991453978,-0.12460686880831946,0.21037569890497548,-1.2823625934914162,-0.20222820851378465,0.19475420281409053,-1.5192061310190637,-0.21261290981204298,0.17523290733875097,-1.7536006347794426,-0.19446894089306635,Y
0.0,0.0,0.0,-0.30511439696596904,-0.16131341336127697,-0.1076816477749754,-0.5224589606905523,-0.6287272618753825,-0.15505362944523676,-0.6658220872522467,-0.9630026733388105,-0.21572406368251368,-0.8395870437383844,-1.1531744374771904,-0.25412592871057704,-0.33114162495327215,-0.9697583709780533,-0.03835561648820667,-0.3686991765949115,-1.1423584425334847,-0.18836701028097322,-0.3442950621778749,-0.8104162402919279,-0.25600714313371936,-0.3182268264312578,-0.5745917282571388,-0.2643900055129995,-0.1385027811013251,-0.9893354752745501,-0.04508100476340808,-0.1883327645577894,-1.0712142131827453,-0.23780123578928392,-0.1764508324381093,-0.6700112282908122,-0.295514779084607,-0.16359423847770196,-0.43977726439837034,-0.2827241613176121,0.0532214574348255,-0.9562575583471327,-0.07860166494062859,0.03006847652614912,-1.0968205163631546,-0.25741182424409154,-0.004201046517076003,-0.7345590288481606,-0.26918290313052934,-0.04035983671682482,-0.5038869433465318,-0.21541209053937782,0.23071388695951003,-0.9050629424871746,-0.12178824256974582,0.20760852796487572,-1.2589308030860684,-0.2055431433404098,0.18610855660583664,-1.47731008517631,-0.22067747029990678,0.15861563193079495,-1.7103294019078332,-0.2055844156659129,Y
0.0,0.0,0.0,-0.30853763607170037,-0.1636673133359588,-0.10298573672272401,-0.5299458718000217,-0.6348865845337972,-0.15147743848544287,-0.6783643682437783,-0.9697123656003523,-0.21631691803438738,-0.8556498438683011,-1.1654552013984476,-0.259750590635624,-0.3342057144753228,-0.9692647926958387,-0.029588021996205905,-0.37461075350512363,-1.1538252699119214,-0.18850547499770795,-0.35248040276327086,-0.8146801826465704,-0.26724196265622496,-0.3216302818799197,-0.5678768049537046,-0.2807781301779462,-0.14350403345631346,-0.9888112201523271,-0.04073037297441915,-0.19111523731139066,-1.081692909961497,-0.23972140183037852,-0.17589106237443397,-0.6760011511662652,-0.3016329918885038,-0.15548216648435234,-0.4330389721709645,-0.28921016531485216,0.04779548282473933,-0.9590488273151939,-0.07947419769317643,0.03242586678236618,-1.114656346354491,-0.2593688412148232,-0.0031335460262751995,-0.7509306408843957,-0.26793113386108064,-0.03632652758932795,-0.5122100923593996,-0.20985836535538113,0.22675661140595735,-0.9142556453203134,-0.1281277713215519,0.2048734837585786,-1.2855375920885752,-0.2050059592484374,0.18664486521304607,-1.5119816256491898,-0.21218835262232202,0.16604338708577393,-1.7423643543389933,-0.19090547086304335,Y
0.0,0.0,0.0,-0.30115906809535287,-0.15395679068236817,-0.10800035960944486,-0.5398589667763894,-0.631559283540918,-0.15753080200335648,-0.6934365912200653,-0.9635518332842764,-0.2207586503801368,-0.8637314038071204,-1.160811156742249,-0.2616049002803947,-0.3406871484790188,-0.9683703587052364,-0.0358116100200588,-0.3890578881901111,-1.1501707358753173,-0.19618520196706749,-0.36149321289094655,-0.8139221270549954,-0.2754194042301254,-0.3277687252601744,-0.5661405413384233,-0.2891404824928008,-0.14291453009128915,-0.9887723979968285,-0.04364151748492991,-0.19528536435077515,-1.078537000087457,-0.2411471333859976,-0.1795278383086394,-0.6795538619330772,-0.3041913743361346,-0.16444068254730387,-0.4295622943209572,-0.2935432362889123,0.050257009796229137,-0.9549135085004681,-0.07911381840091655,0.02840359426099732,-1.1077830645790934,-0.2605003703146293,-0.006822260551224773,-0.7443620590754298,-0.2704259446736449,-0.04245459905449445,-0.49468382264182575,-0.2131137930448616,0.2286779449354298,-0.9071937436790037,-0.12376392110121039,0.2004639337937786,-1.2783434028030425,-0.20437220829115005,0.17928252758648835,-1.5128929609477308,-0.21413669504830762,0.15345961304950084,-1.7426496720766733,-0.1935536776348613,Y
0.0,0.0,0.0,-0.30725900166975006,-0.15458179200036773,-0.10302123983496568,-0.5328222232885482,-0.6135702801621038,-0.1513390667475482,-0.6869241078336197,-0.9432529979863492,-0.21564517108467213,-0.868820050303372,-1.123398057489298,-0.25967100371113183,-0.3493978857428021,-0.9604847926115979,-0.026342691455982968,-0.39340480824206897,-1.1378836851531091,-0.18119256515849455,-0.36049540976505057,-0.8065567603193688,-0.2582157468269008,-0.3277730300947994,-0.5653616147297643,-0.2715577988236854,-0.1539691441850959,-0.9873964227181415,-0.03663068443704507,-0.20121530765502146,-1.079115174767977,-0.23142081873977394,-0.1783974009983315,-0.6735847764768043,-0.2931100536902896,-0.16161998683607606,-0.4307005501122879,-0.2817615254397776,0.040067435823959704,-0.9652387246939615,-0.07429773068527386,0.020450614002065045,-1.1114675474024258,-0.25406272350216436,-0.008217810585288738,-0.7382725933192273,-0.26583002877903644,-0.04391529403215821,-0.4940625755860482,-0.2103998947826975,0.22005234703835524,-0.9229262570732492,-0.12188750090685681,0.19428217654552862,-1.2853735412813412,-0.20248578822951885,0.177349182082816,-1.5089314161258527,-0.21512089368617554,0.1524861602848831,-1.7423805974300008,-0.19843900421616972,Y
0.0,0.0,0.0,-0.3002375633664038,-0.15065538174004023,-0.10865527991180614,-0.5270036354023384,-0.6022111777632964,-0.1611381929576903,-0.6774360779224033,-0.9243548248248389,-0.22784043117664854,-0.8471305232914523,-1.1135827598545451,-0.2731851531454833,-0.34050467170035886,-0.9672020071242744,-0.0440690572979532,-0.3733231149036554,-1.1388060815053016,-0.19794926875473526,-0.34300473706499657,-0.8067549287190665,-0.26957157824920197,-0.3136133741337289,-0.563393988005969,-0.2799133001432138,-0.14541142818989156,-0.9879977341690739,-0.05211519767353828,-0.19178305716034758,-1.065949978362331,-0.250327611237357,-0.1701652756438387,-0.6578274615416329,-0.30955491031478677,-0.15458882152994485,-0.411232003629721,-0.29699935721584697,0.04818823103297973,-0.9625484899267853,-0.08732222391825384,0.02262046557520552,-1.1147248487296253,-0.2686762955665518,-0.0034596261435581224,-0.7470671564124223,-0.28217845889969934,-0.03694471728201191,-0.5029522363422306,-0.22915994590448738,0.2302544470326769,-0.9163900364148458,-0.13284204945630582,0.20590742297284523,-1.2819300773578797,-0.2168086520513431,0.18895671943362924,-1.5036347239398256,-0.2336337149656764,0.16304559503122157,-1.7381103705098446,-0.2204397034025966,Y
0.0,0.0,0.0,-0.3160402391548119,-0.11895231455211541,-0.09523985835853216,-0.5962171075318018,-0.5953840260752693,-0.1378045067218608,-0.7812066316887382,-0.9146897159066988,-0.19830412707332862,-0.9717782302912982,-1.0851699047405825,-0.23911568733259278,-0.40860316244336004,-0.9318414770092025,-0.020167017178769914,-0.4562888593317756,-1.1997864804326448,-0.16373253268779714,-0.41098837610930183,-0.875225089748511,-0.232938309739814,-0.36867555448085576,-0.6194345018533264,-0.2416068045138815,-0.20704460551663678,-0.9777947074175152,-0.03240434342424151,-0.24170765309808265,-1.138575713242205,-0.22293711684067474,-0.20914031265926214,-0.7283535434399232,-0.284220439281467,-0.1964366063730438,-0.45957317223005056,-0.26964683665394157,-0.006590917513054088,-0.9863418659494252,-0.07074904526622108,-0.02575293417825067,-1.2213551451065756,-0.2352639180708405,-0.030245572427544325,-0.8634081936714249,-0.24552973579370463,-0.050602482255609656,-0.5992922212444226,-0.19106399904099644,0.18273320233898646,-0.9853141606603374,-0.11748316004087857,0.13439332930854586,-1.3904489606486448,-0.1810940824203818,0.10941688992185569,-1.6358718998307489,-0.18811193631795647,0.08036135220614717,-1.867470259494209,-0.16928835006350004,Y
0.0,0.0,0.0,-0.33747322501028465,-0.14825810783649263,-0.10106772062983045,-0.6435837381389818,-0.5794006979208345,-0.15471904958089588,-0.8643594696035367,-0.8876739611601192,-0.22415357411687492,-1.0767115899268285,-1.031543625602318,-0.27319342961258974,-0.4428534226181262,-0.917862017337962,-0.031176248946967397,-0.45537769642973897,-1.220971672159048,-0.17629275128542288,-0.39136817522937867,-0.898791653521991,-0.24785348628588272,-0.3549127368813029,-0.6225834005418402,-0.254420132056237,-0.240205608539601,-0.9699630871231694,-0.03837805681129352,-0.24750644956577147,-1.1797864229372412,-0.22817144666762684,-0.19421569710305683,-0.7914018108192563,-0.2946960189990633,-0.18314365271808658,-0.5188935957183881,-0.2828217326846348,-0.0469320743386787,-1.003428157692487,-0.07098280655197027,-0.0377959578188227,-1.2555300259515467,-0.23537501993556276,-0.018567385486634076,-0.9008018656724978,-0.25837499055191837,-0.03963690386864503,-0.6382882892906018,-0.21069943542174932,0.12152653915185545,-1.021036652136383,-0.11168113220650258,0.07323636661840562,-1.4202344477516917,-0.16938335583757302,0.049741834904478685,-1.661711962032784,-0.17868406024930056,0.012234224865213866,-1.8954171285449282,-0.1622956213992198,Y
0.0,0.0,0.0,-0.33831780685233886,-0.13454856036917492,-0.12476998779726552,-0.6462685106655269,-0.5837312682736854,-0.1867572787352476,-0.8689085916306162,-0.9065384573246775,-0.26080007185876547,-1.092831907140002,-1.037990456485314,-0.3132065508962465,-0.4296107389869173,-0.9226111507684219,-0.04570875837605789,-0.4245133998608086,-1.2228671753148024,-0.196417223780294,-0.36222952259030516,-0.9028831578847798,-0.27167735496244744,-0.33311589551369103,-0.6228877214002658,-0.2812524219965516,-0.22553111327717454,-0.9733314550257571,-0.04197136644667057,-0.2110979230060846,-1.1770934704516711,-0.2378055183918121,-0.1633479145729986,-0.7803364838451604,-0.3016650534665099,-0.15730775682851866,-0.5019087961959736,-0.28644418204329064,-0.03455722259796533,-1.005456817447015,-0.06661655213532729,-0.012763650399089147,-1.2652222588041817,-0.2349012407296678,-0.003653074499205455,-0.9211004160383356,-0.2525996531431837,-0.03147234232806149,-0.6637826875603091,-0.2004761066029599,0.13364606880085197,-1.0192508935042357,-0.10183092748000148,0.1013026621917466,-1.4188776364274613,-0.15788399740045173,0.08720877537623571,-1.6527115330744135,-0.16179168855013473,0.05627570304847566,-1.881256606636924,-0.14178233627183426,Y
0.0,0.0,0.0,-0.3255648321617165,-0.11489168813172115,-0.1255345155058996,-0.6229506846962785,-0.5510326279429262,-0.1894280336600081,-0.8239934900481488,-0.8737289554696874,-0.26142673322962556,-1.0247391067918812,-1.0464970674255902,-0.3120667036815487,-0.42398555557461176,-0.9184944437852018,-0.0739815708753673,-0.3932839100130754,-1.2105857649286067,-0.22227459635735933,-0.33373090881860606,-0.8982840320157562,-0.28979510779883244,-0.3119184812335835,-0.6257562614942793,-0.2960074800303589,-0.21979530076431128,-0.9729859845476544,-0.0706278955920229,-0.17245743881127443,-1.1573751229313898,-0.2663735916266425,-0.13654124366815557,-0.7595524765773021,-0.3295107363497519,-0.15512742979721675,-0.47882187742693266,-0.31613437360443475,-0.023422111078211592,-0.9921377280012773,-0.09298491006434469,0.026321815228967888,-1.2207207161144111,-0.2669620693582041,0.04359841490241714,-0.8568576850989744,-0.2864359709477061,0.007986547239695878,-0.5834991613686277,-0.2379135023791012,0.14862682559821117,-0.9942058857351348,-0.12419050712686958,0.13412618962301942,-1.3870614634126375,-0.20199097809691888,0.13564412538753953,-1.623553264378641,-0.21915732185435963,0.11945448511627493,-1.8633847355487299,-0.20742233787305053,Y
0.0,0.0,0.0,-0.3237059998484094,-0.11976210261237624,-0.1201292690657235,-0.6096103212412639,-0.5765592111500807,-0.18025370704117036,-0.7946216565753635,-0.9093671381076058,-0.2508878310644042,-0.9888218626440438,-1.0821747737484328,-0.29961787285726477,-0.4022375031847145,-0.9307461317531043,-0.06604712341119208,-0.3904092537419484,-1.2085180910613604,-0.21189973438635806,-0.3320959291597982,-0.8864832103564608,-0.2742751114940577,-0.3098738695484544,-0.6215320416087041,-0.27828969423610905,-0.194603070975865,-0.9786933219153233,-0.06549065891493161,-0.17719293634145825,-1.1463557486815974,-0.25924845280234415,-0.14255934783002455,-0.7410265249535078,-0.3177413107492403,-0.15526094990696615,-0.4715958013045407,-0.3019595414485238,0.008677913752493584,-0.9919066642502571,-0.09058280462500588,0.03450721999874581,-1.2349596579734248,-0.2635080214019605,0.03700352030826806,-0.8758961921312942,-0.278784039241709,0.0012065059858071682,-0.6133632571945191,-0.22749795603331507,0.19156317718821017,-0.987748513562102,-0.12431906899591871,0.18636561937400042,-1.3812186789951584,-0.1989593800225962,0.18590766406149106,-1.6216416933210018,-0.21421759465375198,0.16718240918243799,-1.8625376757475356,-0.20096587179946876,Y
0.0,0.0,0.0,-0.32743307003614136,-0.12854110875759442,-0.1201554736741045,-0.6061502141892742,-0.5485186140316735,-0.1846636724369559,-0.7914072140252967,-0.8625056462652747,-0.25949589830370934,-0.9780541339562916,-1.0335462055896665,-0.3123532617749361,-0.4053441648105901,-0.9388333327067536,-0.07477195000474848,-0.3596700363257195,-1.2190715023533447,-0.22430096155658702,-0.3008666024226585,-0.8924283613622387,-0.2840517397389389,-0.2900363328703721,-0.6227767624517931,-0.281999667644699,-0.19919398551374348,-0.9771452717741386,-0.07422178914978722,-0.15393650339195256,-1.1590382896689357,-0.27049291832715977,-0.1175685759005681,-0.7495899172726712,-0.3305870874142014,-0.14324570766784256,-0.4891968446653533,-0.31392310310825605,0.0018869541008373842,-0.9895163467446063,-0.0990719599857156,0.042549153967383825,-1.2173496345473125,-0.2713470053331563,0.05602207218044516,-0.8330213861663417,-0.28930261238380706,0.013505377576709658,-0.5691298027708027,-0.23977521825888903,0.18084100484717933,-0.9890330065327805,-0.1330748392822921,0.16671610988458796,-1.388159428083267,-0.212426191524246,0.17529755414911383,-1.6169014512737367,-0.23272977707505169,0.16777382867972204,-1.8554884248176216,-0.22188121743211578,Y
0.0,0.0,0.0,-0.3283318301036015,-0.1342641760627138,-0.12425183019616248,-0.5982057175597237,-0.5483166307046604,-0.1951778705320866,-0.7833550654614736,-0.8524295823348335,-0.276795814809845,-0.9663920567153361,-1.0283087750669853,-0.3358513768860797,-0.3935679480095716,-0.941946060765841,-0.06430088840093007,-0.358432786089483,-1.218998829911269,-0.21627887044684235,-0.3042182412216349,-0.8939270635010929,-0.2843916571684556,-0.2904389393635003,-0.6181647862068903,-0.2879562590117654,-0.18589824221416124,-0.9804660179337485,-0.06425131297353542,-0.146678753120247,-1.1660881590249759,-0.2608157364026001,-0.11402054777627293,-0.7567024067192207,-0.3269975511532237,-0.13653989569783312,-0.4877917801538097,-0.31369293618225486,0.016839517322202693,-0.9949246522758827,-0.09052411963076433,0.05507958597180007,-1.246306581807113,-0.25695739048622834,0.06061398058870681,-0.8707194195931424,-0.2723604592078906,0.015943924562215096,-0.6021362764812707,-0.22199002596212486,0.19633605137827947,-0.9946326440923683,-0.12728700939871174,0.18441282574756776,-1.3916480056199807,-0.19782467601001513,0.18941143016523748,-1.6261192147959334,-0.2111929665657484,0.17855826997484928,-1.8675384007897489,-0.19578991362490022,Y
0.0,0.0,0.0,-0.3200242617416621,-0.13736597876525725,-0.12725143202876119,-0.5833472355579389,-0.5585401276739941,-0.19634808446627094,-0.7528166470811287,-0.876723139061357,-0.2742916687244194,-0.937361179663069,-1.0589718420760972,-0.32969445552890686,-0.37751074321341044,-0.9459730198376576,-0.08112906673269878,-0.3308553211879578,-1.2083383649602724,-0.22800005262889872,-0.2774450528819043,-0.8808102611364425,-0.286848381274938,-0.2715939105724097,-0.6056871944112997,-0.28498199704133265,-0.16648037035017016,-0.982848728559332,-0.07932630747346521,-0.12227052746627909,-1.1509157254014348,-0.276550494775107,-0.09609807040019934,-0.7446230644097654,-0.3407295921579781,-0.1266898754182596,-0.4745254099321777,-0.3267321287874061,0.038315312866593065,-0.9899358007168279,-0.10248684409846384,0.09243689165086434,-1.2060336099217528,-0.27533136216826964,0.09102046893840068,-0.8405562615203116,-0.29542365181009234,0.03618435658904622,-0.5779374082192452,-0.24687020351555763,0.21827810350448837,-0.982071468765253,-0.13506931588957147,0.21618532840980856,-1.3784937981262746,-0.21278187609927648,0.22844347154819963,-1.6140364903901552,-0.23137834352335518,0.22269645973743338,-1.8536112643226503,-0.21893429955263624,Y
0.0,0.0,0.0,-0.32891256359529836,-0.149946114421062,-0.12137962120725651,-0.6009572063262967,-0.5900845622991074,-0.18464558524509903,-0.78320209498077,-0.9114757644327975,-0.25877242045323184,-0.9732482027237056,-1.0841966074184675,-0.3114138309333527,-0.38385452329590103,-0.9516746341076292,-0.0681785502309019,-0.33381808230142995,-1.2458608212644815,-0.21712333819335883,-0.284402184291727,-0.9194762381464615,-0.2802201876841599,-0.27988716459981006,-0.6362075022754807,-0.2802333607678926,-0.16850082527340166,-0.9833105612963993,-0.06861349666897011,-0.11980735043999585,-1.1824213777266743,-0.2685177958317347,-0.09537412750443962,-0.780423544302704,-0.3360652076451192,-0.12528434943423783,-0.5064684602406245,-0.3228675299840969,0.03753846998055367,-0.9906597026799436,-0.09443895966964888,0.09273400372051503,-1.2284779829346073,-0.2684732701829184,0.09241659811152514,-0.8606813548389405,-0.29109339493108116,0.0394056059722379,-0.599075051141758,-0.2429379983266772,0.21445104453194927,-0.9904658299321812,-0.12928783639981373,0.21189327598884303,-1.396719101331568,-0.20586457574987077,0.2262048145399306,-1.6383531326908354,-0.22488531964048877,0.22501103902788583,-1.8866737712888568,-0.21280951310572077,Y
0.0,0.0,0.0,-0.3220066961998326,-0.13643993231443152,-0.12032584218430678,-0.5917692526599764,-0.5536618484613611,-0.19079971197294807,-0.7638896644816956,-0.8659578223186105,-0.2730219904649642,-0.9402256989166417,-1.0584445467233865,-0.3324215832997786,-0.3714414287231279,-0.9526919080142454,-0.06673040749434953,-0.33667507741145236,-1.2359847208074037,-0.22044390291456445,-0.2948428779769677,-0.915412208094182,-0.2857259913168703,-0.28436819844334366,-0.6435318877189004,-0.2878251413344197,-0.16289220201899193,-0.9841305605719382,-0.07037876291727965,-0.12501509362268914,-1.169493610938554,-0.2733886307049422,-0.10299060087002845,-0.7593485033820491,-0.3378251883210227,-0.12553943231482498,-0.4873578224362939,-0.3228493470954295,0.0416709419799114,-0.9908440359600275,-0.10028524918735034,0.08534273622039502,-1.2465372574558138,-0.2726092091759726,0.08356966011440753,-0.8784411650207626,-0.2860313411258718,0.03956174486704777,-0.6092893711698151,-0.23415853447005386,0.2248775518387692,-0.9834283347502263,-0.14009235262578273,0.22641982821289872,-1.386923084094221,-0.2172567375125945,0.2345789514847599,-1.6336753356282387,-0.23452719042821402,0.2287693997189856,-1.8843600643620821,-0.2212502531786239,Y
0.0,0.0,0.0,-0.3232542702297763,-0.14322930983543836,-0.11880004831981573,-0.5916486082826115,-0.5868736415342737,-0.18043188606922442,-0.7674573798706019,-0.9145966583538698,-0.25389027742268294,-0.9544550028133169,-1.0915020624227265,-0.30576817849505283,-0.3763081434814388,-0.9526421745517366,-0.0608012749013613,-0.33927371996935396,-1.2542295223837365,-0.20650190787954992,-0.2936237775279041,-0.933704648550783,-0.26841781159594397,-0.28875970169806825,-0.6553468320926626,-0.2681089760120367,-0.16826206932123403,-0.9837365669985497,-0.06285095685543673,-0.12250357134127411,-1.173991471490774,-0.2595862277597146,-0.10168281598120317,-0.7721186217690721,-0.32562061106688406,-0.13393267259528607,-0.5022251834225274,-0.3114421438739594,0.03394834463158631,-0.989883493596968,-0.0903495355520238,0.08813232780909783,-1.2283760731804978,-0.26197321881851615,0.08538151569379342,-0.8641082404816884,-0.28325838141859033,0.03336445860585906,-0.6054811931602326,-0.23429635657329834,0.2120505673585737,-0.9884080244408934,-0.12684301986175878,0.20558178958872272,-1.3938656685102622,-0.1993263344755312,0.21814764702604347,-1.6302042452826089,-0.21419928941843883,0.21908526164324207,-1.869749579739886,-0.1989363283954251,Y
0.0,0.0,0.0,-0.3158204907896943,-0.14087997658475232,-0.12356241076947741,-0.590276633718094,-0.5769828273542756,-0.18924393244343413,-0.7704858538681454,-0.9141578411196595,-0.2644616120039479,-0.9595520491583138,-1.0880189107010738,-0.31601779505607397,-0.3762512080142306,-0.9448785511719685,-0.06515502177007686,-0.3491208842033758,-1.2425731393493302,-0.20810644268707332,-0.30196977667825065,-0.9280112949382694,-0.26808378507513864,-0.29285477093592444,-0.6561142875674947,-0.2699571532492137,-0.1715684328117853,-0.9830408040165618,-0.0647692095133138,-0.1364643158255179,-1.1800827849964457,-0.26122000916458693,-0.11005976534944842,-0.7864696790728523,-0.324596970116134,-0.13733927866872342,-0.5160435208539563,-0.311248836604529,0.029671028611179154,-0.9922413633417634,-0.089748439010997,0.07285205138802767,-1.267948929784449,-0.25781738626313305,0.07840967190703928,-0.9276805375640089,-0.2711166097752121,0.03501221226405196,-0.6684051120441543,-0.2209128925056477,0.20306659703860797,-0.9868928322923991,-0.12463364405476512,0.20311989679620715,-1.3840663122107613,-0.19961878318627901,0.20717839936666937,-1.6340253635115656,-0.21733047632140445,0.19468184778824832,-1.8849081319899215,-0.20641932790075365,Y
0.0,0.0,0.0,-0.319336695894984,-0.1425147191347072,-0.11434095305658871,-0.5868920277605036,-0.5852446802679441,-0.1757684624582686,-0.7696023262788133,-0.9077800155355497,-0.25061821739908324,-0.9592439076254033,-1.0807248270972443,-0.3044201306489334,-0.3641098825119783,-0.947002014304346,-0.05178156539447449,-0.337401663289444,-1.2404954924311906,-0.19583581992863971,-0.29571828641370174,-0.9181844539067183,-0.26420523369267424,-0.28550583403204904,-0.6452520115090004,-0.27159578633181736,-0.15978920018485857,-0.9856096078124996,-0.05514628266686566,-0.12885052647709846,-1.1772588391251244,-0.2441010726458719,-0.10498039368275214,-0.781396502761958,-0.3085600398827437,-0.12615971697237488,-0.5151343524540003,-0.296519493903268,0.036665942639623604,-0.9926356938984862,-0.08409728929473066,0.07923824094627568,-1.2408709483976414,-0.2455332812397101,0.07272148755393665,-0.8894245018294933,-0.2620236159916841,0.02367501591785189,-0.6371580424924181,-0.21290832745981395,0.20924494136676092,-0.9846350253138606,-0.12291008896266656,0.20034570821933198,-1.3902947836808217,-0.18894375145976391,0.2042250024210595,-1.6335312640302495,-0.20131823784435673,0.19343245930004727,-1.875212319728804,-0.18597789353398714,Y
0.0,0.0,0.0,-0.3232270810186823,-0.1507488463910219,-0.10537961612643905,-0.594329560922061,-0.587367928690791,-0.16482326082119214,-0.7714030063954043,-0.9121047222255129,-0.2404913206077408,-0.9601337762246372,-1.0855074843526737,-0.29660688914583866,-0.3650579610398996,-0.9499811777208198,-0.03903698027067139,-0.3505926462041357,-1.2421718855412671,-0.18220158216331223,-0.31889815802884275,-0.9267604029582208,-0.2541573978761777,-0.3150761294312589,-0.6532828996739115,-0.2637080904558412,-0.1609627808616346,-0.9857798150076353,-0.04826115933959534,-0.1365291247556377,-1.1649405533510073,-0.23725661194220707,-0.12211916188990862,-0.7725387191139113,-0.3073375043367425,-0.1461219702291481,-0.500141451911475,-0.2988195654479903,0.03534347953321844,-0.9937448886956851,-0.08201040240253189,0.07152072928173601,-1.2424093754127004,-0.24547533540960834,0.06302021255021888,-0.9032501523523316,-0.2676684989785121,0.019487384117030354,-0.6519674177193905,-0.22150024980536098,0.20938652931375487,-0.9908856602435491,-0.12378317999687001,0.20045167415070334,-1.3961065868742701,-0.1849784683266915,0.20039183418309814,-1.638319826417048,-0.19151177728983743,0.1889162737288091,-1.8744877955658101,-0.17198398561134867,Y
0.0,0.0,0.0,-0.3179618888158899,-0.15920552500426408,-0.09849065294817246,-0.5771483133860164,-0.6123199680744894,-0.14827614863170313,-0.7399332739335617,-0.9357264780355578,-0.21421807935757334,-0.9176849270786607,-1.1155215958598268,-0.25941948160292544,-0.3396251664673231,-0.9570197081135107,-0.03234616446956496,-0.35630951174256864,-1.260335247649973,-0.17154469751794618,-0.32944369332900225,-0.9453101633203647,-0.23851899413436345,-0.31864049165671565,-0.6729281704009286,-0.24637229686189813,-0.13827286344864828,-0.9894996768561652,-0.042083307085541755,-0.15168766523722177,-1.1761259093447711,-0.233254399006973,-0.13759742029153693,-0.7720944791999473,-0.2983130310359974,-0.14512305774156867,-0.4955589605115744,-0.2861984998590671,0.05819894349417355,-0.9912760267351678,-0.07598926919148224,0.07475228342156626,-1.2557420397395413,-0.2363032811203948,0.05175051513817473,-0.910396873538696,-0.24847461065024973,0.00995178843753993,-0.6473820060433305,-0.1973951637225048,0.23545136661238994,-0.9801568566914365,-0.11864016866621814,0.2274439989222018,-1.3792537115583716,-0.18391601375982364,0.2206411998849981,-1.626467122324086,-0.19328739260427905,0.20903276497071446,-1.867627186724404,-0.17580445246099421,Y
0.0,0.0,0.0,-0.3127035044059359,-0.14489794946679505,-0.0844996787642452,-0.5642220500708832,-0.6039836238378383,-0.12634521343635982,-0.7186367384528479,-0.9355290322611992,-0.18716307838938687,-0.8960912754242821,-1.1117920706611435,-0.23017684994955137,-0.34216750917697497,-0.9530838890765638,-0.024384454032046945,-0.3432473754955415,-1.2394384885163547,-0.16432003079009636,-0.3153848229590757,-0.9169793736188232,-0.2308224435723473,-0.3105080303857964,-0.6403257003546281,-0.23732622857680652,-0.14391434660645905,-0.9887662988009989,-0.04037161374294538,-0.13919553094606799,-1.1791975788385085,-0.22633536610402397,-0.12930922613061224,-0.7741277374670876,-0.287076253053401,-0.1467634113838422,-0.49838046567593475,-0.2726698546670697,0.05315720584186541,-0.9870185451719862,-0.0797788749894244,0.08673980931467476,-1.2315730014960806,-0.2394464669857176,0.059019507482574424,-0.8758408035025751,-0.2516241965424421,0.003917493853387672,-0.620672466942958,-0.20052283505110458,0.23044447314082964,-0.9689011189881008,-0.12662110712868335,0.23224512401669184,-1.3640471270919092,-0.19344934729376634,0.2359729502642589,-1.601044663669018,-0.20316276806117156,0.2279394787438547,-1.843639241255957,-0.18663297411043034,Y
0.0,0.0,0.0,-0.3038183862907311,-0.17367435512284646,-0.07455844627791491,-0.5466653729645091,-0.6200035484759193,-0.11476628675513235,-0.6959718979781321,-0.9394861083231856,-0.1762174673530659,-0.8665044465214803,-1.120504763916849,-0.21974991622417828,-0.3270748852532125,-0.9670950258164974,-0.01514334853035698,-0.33628875778382944,-1.273953694915089,-0.15581110071569432,-0.32015120012930876,-0.9627787308602265,-0.22445346239252642,-0.31232112021629443,-0.6991078020127677,-0.23264306631312548,-0.13225619782153997,-0.9905367466367692,-0.03667767304553076,-0.1364675455301528,-1.2087839331882209,-0.22896868786703128,-0.13763648551475458,-0.8077241896084449,-0.2948828195265297,-0.14964131735823316,-0.5260336176515568,-0.28157494187916965,0.06084744617483714,-0.9788297572070606,-0.08068266121289526,0.09519104930555022,-1.2602301600585002,-0.24204124580707914,0.06017809758741115,-0.9310944602919375,-0.2569661403759279,0.012638529059934083,-0.6760844535723616,-0.2061518694713697,0.2383704966499344,-0.9510952335590712,-0.13104244354120947,0.24060638064391116,-1.3565056249062188,-0.1963969401659167,0.237558306476832,-1.6059137623984359,-0.20703837268429306,0.22928388298655644,-1.8424897083337748,-0.19028649291682853,Y
0.0,0.0,0.0,-0.30880495807136665,-0.1819469855812655,-0.06558306398027605,-0.5413770555490486,-0.631316595725033,-0.09825681544903292,-0.6789515473350362,-0.9526944753842856,-0.1528361875948602,-0.8431225057006863,-1.1269075443103942,-0.19143944697267795,-0.32186834863575964,-0.9732570510202457,-0.0031396013748508423,-0.3302239927902549,-1.2685847262841847,-0.13653158120149644,-0.3122007861040409,-0.9748335981382493,-0.20095218890972774,-0.3029513392055918,-0.7216967021876416,-0.20814653967689548,-0.13084040719805373,-0.9910447481299317,-0.026666365487773354,-0.14082894738763604,-1.205119730080288,-0.20845608361711612,-0.14169140813037193,-0.8115904519221301,-0.26798983982692925,-0.15217119528939912,-0.5341595039210502,-0.25357910442117015,0.06302031766888566,-0.9733308492075108,-0.07230977847439514,0.08652681858236991,-1.2389672019842843,-0.22572715173775382,0.050182100489129675,-0.9053234856639728,-0.23715514557547318,0.002556707078079393,-0.6500952335540788,-0.1874403826656749,0.2435126787397224,-0.9344000825882424,-0.12450003155663439,0.24752156520756816,-1.3258565652757786,-0.1901280704119649,0.24634257248090036,-1.5651295159287555,-0.20259761618820957,0.23771640906766553,-1.8016490940031025,-0.18878167027630918,Y
0.0,0.0,0.0,-0.3056842413994318,-0.18812642860256587,-0.05933408672487122,-0.5342863383418346,-0.6433404942612903,-0.09004810945624647,-0.664256890982817,-0.9642016941169903,-0.14426670336921996,-0.8235311842111056,-1.1431440137289768,-0.1822963473905691,-0.30660886685651184,-0.9790866103364742,-0.0005292183328797754,-0.32381689403934527,-1.2646328494017824,-0.1369540213972295,-0.3128966978769686,-0.9679912098271554,-0.2021797444263313,-0.3045515542193802,-0.7174700938039419,-0.20989931198774528,-0.11743646095440625,-0.9927186422655118,-0.02680251736354458,-0.13106775805394802,-1.188696724031373,-0.21095144348431286,-0.14064762521587068,-0.7936817802353001,-0.2711182066052358,-0.15299989909004189,-0.5247996895502443,-0.25724672523618913,0.07609957244541792,-0.9709540423544747,-0.07457674025026517,0.10122423271410938,-1.219429498036848,-0.23400989443019063,0.04668245816446431,-0.8768271078383362,-0.24503485628354885,-0.011693446743308961,-0.626078509598332,-0.1932398743894394,0.2571617701773267,-0.9289763825250938,-0.12774948152227414,0.2629799401742848,-1.3186750448698832,-0.19899595129399705,0.26210990205118306,-1.5587214813564974,-0.21247588663934636,0.2563490487549023,-1.7975308323868264,-0.19760860632776314,Y
0.0,0.0,0.0,-0.3158498647164912,-0.16448752175052536,-0.07686452228418679,-0.5559235909150291,-0.6099057917988053,-0.11474329159457311,-0.7023824867980155,-0.9249513224566799,-0.17427849309333615,-0.8717707272968139,-1.1028958304664347,-0.21592925072019484,-0.35066761300729254,-0.9626671918213069,-0.00581038101481172,-0.37532861067402323,-1.2570831541489065,-0.15117778807077645,-0.3482521973045871,-0.9584266251360158,-0.22601366112356644,-0.32625090623272884,-0.7051381048514105,-0.23790728536208042,-0.15429656200667524,-0.9876533859978422,-0.0270806218524926,-0.16974439311392495,-1.1956954133845443,-0.22177647862267072,-0.1623317175887224,-0.8106640050072038,-0.2935773810055237,-0.16415718337915874,-0.5406732492661377,-0.2846086889761226,0.04144487329248091,-0.9760219704649993,-0.07223025558907269,0.06114261038459335,-1.2395107897930264,-0.23435591176400125,0.027942554702746144,-0.9026579946352938,-0.24944423230571663,-0.013748918072807044,-0.6440840604088226,-0.1988925450393266,0.22358556008057387,-0.9486265518068229,-0.1252518793428166,0.21481060604930988,-1.3461843744366333,-0.19109990955528602,0.20569251146074957,-1.5942925216655666,-0.20264504150304125,0.19612676010845037,-1.8314047454763318,-0.18672509043865215,Y
0.0,0.0,0.0,-0.30898899839526783,-0.15041669764370602,-0.06702999851011604,-0.5572206916354758,-0.6089650400136807,-0.10022048015887847,-0.7137561981301449,-0.9198815042741433,-0.1552057623297049,-0.8945954692948664,-1.0844542274486637,-0.192138035832405,-0.3607822180391257,-0.9613105398414421,0.004873189051286694,-0.39450486590376316,-1.2628185481816723,-0.13629027851565612,-0.36612077185569736,-0.966201458142873,-0.20919313327977793,-0.34525189881382695,-0.7119633388975031,-0.22054099640085892,-0.17171761795219,-0.9849925651124648,-0.017398458494718737,-0.19855194518383637,-1.197680945190453,-0.20799203503240188,-0.1802325933842012,-0.8039247365200125,-0.2751904334435757,-0.17717034515662347,-0.52780271753644,-0.26362885069551584,0.022714816580307714,-0.9771730572819771,-0.06273074245082266,0.025762951123408054,-1.2745684011611003,-0.2161459134269493,0.008062916224720702,-0.9412227644419917,-0.22542645091585492,-0.019825513650579708,-0.6747885259400993,-0.1743827969421004,0.207879194755322,-0.9573570229717181,-0.11531879161481491,0.19758252464704662,-1.353924909307261,-0.1764315588661479,0.1902787982560048,-1.6021692416678965,-0.18777121972470145,0.1803829989172885,-1.8395320286224737,-0.17381049493599282,Y
0.0,0.0,0.0,-0.31766487033899166,-0.15889329602311228,-0.07631591990649028,-0.5713972644528311,-0.6179401910340266,-0.1129766617618674,-0.7354528356507684,-0.9327695829885668,-0.17014637400018864,-0.9194705612239089,-1.1003995984760149,-0.20835061829608487,-0.3761309727322287,-0.9547918566975878,-0.018405229024258986,-0.4098947649419055,-1.2635130601088487,-0.16061969710479085,-0.37563174924378023,-0.9496560025352281,-0.22784245037789538,-0.3497880924439197,-0.69081530613195,-0.23507273520835395,-0.17949325569533667,-0.9830569941496137,-0.03716338807771711,-0.20423853857621388,-1.1927201675263774,-0.22878402021414482,-0.18654776882905413,-0.7900906669849356,-0.29035155880991736,-0.18506942579695188,-0.5204077945597797,-0.27538701090636303,0.01850067144444079,-0.9779722343187529,-0.0788260638735894,0.02818803333004552,-1.2531593129983423,-0.2378491775367425,0.003927169946196547,-0.901495020252902,-0.24367598743754168,-0.032540818029573315,-0.6395022045375732,-0.18806151674231103,0.2027453915526914,-0.9597520162673284,-0.12819931571375076,0.18345085606834144,-1.360023569953117,-0.19301720427297678,0.16954641273789425,-1.608156559923251,-0.20198951538202323,0.1536650197198722,-1.8533318357742208,-0.18497411348997592,Y
0.0,0.0,0.0,-0.3137977457785059,-0.16047813251966822,-0.06677405378119067,-0.5562420956190411,-0.6193228909333235,-0.09989088912160804,-0.7068514405880345,-0.938373578587648,-0.15471032161806522,-0.8873938692592523,-1.1046478094969694,-0.19338367345084762,-0.3653509401570416,-0.9650027227487759,-0.0066594407062365146,-0.39025893988283333,-1.2487842767580384,-0.14294484353433168,-0.36045189685096934,-0.9426178012234884,-0.21159134375508296,-0.34010538776094085,-0.7008391036732942,-0.22309208719642273,-0.16774555879723207,-0.9853635098834936,-0.030334483577055475,-0.18634187501617747,-1.1952130530839036,-0.21563148882114044,-0.17424827269509346,-0.8048067046983127,-0.2800050626127623,-0.17953863289492542,-0.5375589295006755,-0.27017307795314,0.03099655185839063,-0.9730562292384392,-0.0758291589514766,0.046645288837828716,-1.2449493908930482,-0.22905482021452706,0.01885509347027916,-0.8958141737935194,-0.23608446781337775,-0.023932563100330415,-0.6321152312207181,-0.18527566421818073,0.21746131652816952,-0.950471021210407,-0.1285761332612865,0.2061865846873335,-1.3438694569472263,-0.19252280582535847,0.20502543501163797,-1.5904907749096515,-0.20403466398596928,0.2021857780961268,-1.838700008380071,-0.19168110278226688,Y
0.0,0.0,0.0,-0.30928058445732654,-0.1609765742061882,-0.07202109558920253,-0.5578712589000959,-0.6178208639138949,-0.11059484670753912,-0.7122932044403386,-0.9364856246250522,-0.1713727019160434,-0.8902013613630771,-1.1085704985210223,-0.21467827945325207,-0.35185144401139223,-0.9680809642413077,-0.01067240116945344,-0.38122606995934155,-1.2699243725834577,-0.1556989279985443,-0.3574477229891112,-0.9696704959195741,-0.22741637761492328,-0.3379026240324627,-0.7270779630548808,-0.23944726504684524,-0.15621885120566734,-0.9871266542900475,-0.03430217074936235,-0.17834243429196212,-1.2069807301298234,-0.2305197393994448,-0.17476392434268967,-0.8112850898830234,-0.29747682350697147,-0.18228596272542671,-0.5445733516400815,-0.286225576699828,0.042618575704508936,-0.972341392340585,-0.08085405089676755,0.05061012490088968,-1.2613040574046543,-0.24612354976302403,0.017628600914163756,-0.9084011467447826,-0.2541695094642878,-0.02183648084776307,-0.6441998417502641,-0.20006836680664455,0.22931536300339467,-0.9455205871111879,-0.13437398643026888,0.2231980317161946,-1.3375977526160447,-0.20530238305885998,0.21922067917608673,-1.5842851163912408,-0.2175291432750116,0.2149501843784037,-1.833706998121372,-0.20300435714679765,Y
0.0,0.0,0.0,-0.30909248851690524,-0.16986493518197457,-0.07064108918694327,-0.5544097428366728,-0.6198986857640449,-0.10529283248111716,-0.7083212430189181,-0.9336211961183472,-0.16187285902055956,-0.8808268338885458,-1.0959320751403012,-0.2005117013533771,-0.34679929490938655,-0.972834642280973,-0.004858210883636471,-0.37195641873859714,-1.2452866543432153,-0.14262652617777571,-0.34990061636103603,-0.9389997747533566,-0.20542590402994806,-0.3386912164711599,-0.6961014669344344,-0.2106697123587297,-0.144961508432196,-0.9891002349914817,-0.0258241401184645,-0.16987436108136847,-1.190717315037119,-0.2191649044630225,-0.1677812097627662,-0.7984578098306019,-0.2827875945170433,-0.1787850448254346,-0.5340798828034531,-0.26876604272208365,0.05490486121430945,-0.9728193001255766,-0.06919836879706362,0.06468453266207431,-1.2406746821004024,-0.2370507741829115,0.02843954287985382,-0.8886039028172052,-0.2469624834288353,-0.015659427159059467,-0.6265002247076524,-0.19235040168000872,0.2377729248857174,-0.9451443581274102,-0.11862149292953914,0.23239254129124945,-1.3282054891072956,-0.1925968538527257,0.22347864873036838,-1.5747162227311737,-0.2076042770107568,0.21345731326622758,-1.823852169611783,-0.19392976627499844,Y
0.0,0.0,0.0,-0.29993404593925893,-0.15339092486726835,-0.07641041395156509,-0.538291791591813,-0.6149779654143657,-0.11430905205882105,-0.689852560443436,-0.931950919668242,-0.17379434116867892,-0.8678201514566221,-1.0979259149999954,-0.21561879701631403,-0.3409028134604075,-0.9676573394404102,0.0027712930255428007,-0.3657617335301526,-1.2482399125384063,-0.1379502027555987,-0.34645680362183523,-0.948408540708735,-0.21110667939784658,-0.3306028424240927,-0.7081139698294078,-0.22445176676700357,-0.14614860479487865,-0.9890962528365183,-0.01814353717632888,-0.16651643146801254,-1.18890226739985,-0.20642614328006773,-0.16335710516988491,-0.8003673564366427,-0.27474732355861653,-0.17075243763127093,-0.5351670229220095,-0.26560940271347333,0.050211834444957505,-0.972058343297286,-0.06332975860795774,0.058907372702658174,-1.2494462334485221,-0.22096651509133533,0.027075002894190504,-0.9145060091595841,-0.23239892262865372,-0.012785723214735405,-0.6566410815832313,-0.18225972412357713,0.23442436843097894,-0.9408686854491259,-0.1163342064837135,0.2273857985371483,-1.3308105712973142,-0.18029189940578905,0.22102639590518122,-1.5755626767203135,-0.19160180714212574,0.21323055451437276,-1.8129600998401,-0.177427848565572,Y
0.0,0.0,0.0,-0.30593437710019,-0.15881768574696348,-0.07583275538839565,-0.5482662156091184,-0.6261233667773205,-0.11346273977565204,-0.701015331290539,-0.9472034837843185,-0.1721087162510509,-0.8844670923513627,-1.1064633588585249,-0.21304985763309678,-0.35391927214042185,-0.9620020194517173,-0.006924757764536364,-0.38051932724679416,-1.2479757285765645,-0.1478743488638038,-0.3501384023027472,-0.9420772101097454,-0.22057563794857685,-0.3277859836268613,-0.6906904623156614,-0.23306116585542627,-0.1577812100801457,-0.9870610598616226,-0.028557903468129846,-0.17780281758691951,-1.1866437667084715,-0.2173811726019903,-0.16540822052634996,-0.7961537248545872,-0.28544108537468404,-0.16803718213023178,-0.5249756303286901,-0.27603413697820406,0.040172144931285896,-0.9749342945598547,-0.07355397575102707,0.05454400315216963,-1.2448828207218212,-0.22975527182016944,0.025684048331441257,-0.901733225772474,-0.24068364360921005,-0.015775381247262632,-0.6371720563685004,-0.19014186936539437,0.22716887437092254,-0.9478474282875222,-0.12674857748339963,0.21605209366693706,-1.3435401952281385,-0.1887581768683551,0.2107172154145234,-1.590657297851872,-0.1987815336615843,0.20363714985372444,-1.8286823231126021,-0.18404571283014784,Y
0.0,0.0,0.0,-0.3071574163839037,-0.1620334176788728,-0.07409772063693888,-0.552331799034647,-0.6317541631252864,-0.11191411984874942,-0.7073550587729833,-0.9534606797388616,-0.17053069992139816,-0.8864532213455731,-1.1232333445705607,-0.2117958199479352,-0.3572858857493945,-0.9655391142483037,-0.020199488762708637,-0.3872797716912889,-1.2677046875304698,-0.1644489370939673,-0.3613540724080754,-0.9710574876285624,-0.23308256616867892,-0.3392555792007285,-0.7188506112519707,-0.24202581973043125,-0.1580185090402019,-0.9865370065115224,-0.042129390975847406,-0.17456153916874476,-1.2018806159277864,-0.2372861763330292,-0.17156588003595602,-0.8109594964842808,-0.30143619107236247,-0.17750330553513885,-0.5413587809826801,-0.2877909217148401,0.04334207910899601,-0.9703870042382836,-0.08644564459278689,0.06334326256710607,-1.2415088072111675,-0.2524306328218789,0.017635229538746293,-0.893244836946338,-0.26049559310088105,-0.03528193434334088,-0.629797015551768,-0.20472162592565601,0.2329562982542368,-0.9399205832419935,-0.13772326065597493,0.2260223688654068,-1.3415653386207274,-0.21223720785217126,0.218036608412304,-1.5963600923615702,-0.22610824281948566,0.2073377672479266,-1.8440634391813615,-0.211243969802693,Y
0.0,0.0,0.0,-0.31351717129859125,-0.16416678110807098,-0.07082847724161496,-0.5538196102369587,-0.6324659772557475,-0.10356951337141738,-0.7032720502989046,-0.9544541954408075,-0.1592229136918326,-0.8808761373031663,-1.1312080013029144,-0.1981402044258101,-0.35568433951531353,-0.969201006900568,0.0007808050460764726,-0.38755031942609774,-1.2613824946060512,-0.14313577750649195,-0.36118454523372967,-0.9744074662993569,-0.2178951738296576,-0.33442811767979763,-0.7326706821325729,-0.23213650061255192,-0.15666672059705383,-0.9873572117920469,-0.024109644949676722,-0.17690849410594778,-1.2000555638689692,-0.2189711092206093,-0.17149864084286495,-0.8163616606809432,-0.28886876698042907,-0.17173319420347355,-0.5416599445294658,-0.27985552973211497,0.04171016227077289,-0.9688788237590613,-0.07322361142132502,0.05980182969415662,-1.2377441343192639,-0.2352801055575016,0.02159927881435959,-0.902606810368976,-0.24761540897601772,-0.022415677785764275,-0.6396530310465027,-0.19677066136994778,0.2293631364166378,-0.9368282061856484,-0.1306124961071742,0.2226655589854673,-1.3300754697680588,-0.2009659497354165,0.21138622467871093,-1.5771347799364093,-0.21670624744964226,0.19909708067585194,-1.8153346083321928,-0.20501631871207843,Y
0.0,0.0,0.0,-0.3031081569500445,-0.14998152711478918,-0.07281339795003558,-0.5420926768820356,-0.6203430601786984,-0.10717146939857679,-0.6882586635744449,-0.9424429552673447,-0.1633013460072211,-0.8665603408900505,-1.1078781831847342,-0.20150225982267583,-0.3426920263471542,-0.9683789769746777,0.0006146327799780617,-0.37601820622703763,-1.2530049812779511,-0.14122572653575607,-0.3539699712600688,-0.9496290760186397,-0.21497078727382674,-0.3332725696985625,-0.7036925499860369,-0.22820108477770015,-0.14887171799379761,-0.9886225781759617,-0.02150835889345131,-0.17661125573193817,-1.1923146193542085,-0.21210549931869027,-0.1655546223247477,-0.8036815556886303,-0.27941302953806846,-0.163905048870236,-0.5333666223064751,-0.26895443509641503,0.04561679259171793,-0.9721855755180384,-0.06742979615923125,0.05208725818469548,-1.2481662053814468,-0.22319027932233876,0.019154927430701324,-0.906664871515503,-0.2313395318950327,-0.020187308008367898,-0.6431076615898159,-0.1794168474695009,0.2292090139188184,-0.9435689207379276,-0.12171932229224484,0.22291189884409862,-1.3356677754215227,-0.1850978619991875,0.217524213510532,-1.5847689137288152,-0.19653947886244433,0.21121835978131623,-1.8271666911395856,-0.182834652096986,Y
0.0,0.0,0.0,-0.31198756221038915,-0.15965724077234417,-0.07358933338829728,-0.5536208450876383,-0.6219819385427747,-0.10865843883674692,-0.7051420940543942,-0.9414073347059955,-0.16425582517543608,-0.8814678663630834,-1.1175915705393276,-0.20143717305225303,-0.3558444108661011,-0.9647650521236376,-0.011857387068314044,-0.3868783825800129,-1.2522785817344795,-0.15334344741714495,-0.3588646067114574,-0.9546658818114493,-0.2223719744539765,-0.33395234359233467,-0.7054278297752671,-0.2325258083650953,-0.16042821514751684,-0.9864783041398254,-0.03351631313250861,-0.18289093454913424,-1.18784722496236,-0.2276367319217388,-0.17615740330327162,-0.8002819500956462,-0.29449663749280497,-0.1809555103007265,-0.5314043295114612,-0.2836401907096256,0.03880557366470938,-0.9756389861377629,-0.0783880612720632,0.051931596747650736,-1.2395042491409567,-0.2375690694420626,0.015045675538870795,-0.9003116762905905,-0.24958205459867866,-0.03354680742980408,-0.6387072075663469,-0.20033122731183112,0.22537481794533967,-0.9502792752177462,-0.13126388527922508,0.21821831590119553,-1.343020258373262,-0.20246929092966978,0.21162283904663642,-1.5863656000483009,-0.22062407067328146,0.20085684963817427,-1.8235468336344858,-0.21088643541903102,Y
0.0,0.0,0.0,-0.3006637325343061,-0.1542081842007703,-0.07762741635804145,-0.5440396965122457,-0.6102518247889078,-0.11634294373258575,-0.6930843896643449,-0.921445361170554,-0.17381835534976364,-0.8604458836370902,-1.0950869300990052,-0.21188137646962968,-0.3337247927461009,-0.9654844400115432,-0.002356206210313201,-0.3638753963214946,-1.2144921791385987,-0.14291856056378,-0.3440345436103099,-0.9275994454039972,-0.2150526455575366,-0.33266395694626205,-0.6851878223203504,-0.2269196437761144,-0.14023770853749953,-0.9899173149925445,-0.019927232173657352,-0.1698954988452823,-1.168808733855723,-0.20869733599716517,-0.16727817589253632,-0.7844875671798713,-0.2763858261926647,-0.17301232483850273,-0.5125728294458614,-0.2668058433916977,0.056261192502404356,-0.9764613436785937,-0.06075404806291417,0.06039567485243566,-1.2379986219382006,-0.2183724960211447,0.025177264252357806,-0.9068648998543661,-0.22832054302984775,-0.01687789149382476,-0.641037754065944,-0.17736379559714938,0.2386053450447066,-0.9454748225758475,-0.10925042880467152,0.235122406027502,-1.3241316774800196,-0.17539546930233318,0.224356939727016,-1.5649981657525884,-0.18723254092336636,0.20883585580214242,-1.7929667719443338,-0.17246627369989972,Y
0.0,0.0,0.0,-0.30043117348688964,-0.1524916132819394,-0.08309327001477236,-0.5425820891835618,-0.6257286507744795,-0.12366315442381184,-0.6982039992120895,-0.9496112784655824,-0.18261294017563112,-0.8783514121111912,-1.1249313997869574,-0.22279486200132786,-0.34473034629545657,-0.9629077721051368,-0.018146495096292917,-0.3742066372695558,-1.2498582380195815,-0.16250063410470825,-0.34528783311642575,-0.9445320457283793,-0.2374749703063868,-0.3229815566293255,-0.691609408437119,-0.25213737366294325,-0.14867806530580513,-0.98823033268646,-0.03599503375927548,-0.17211910786635745,-1.1874981621980218,-0.23103490481703623,-0.16223216981178004,-0.8005965356528827,-0.30248272195662196,-0.16831215736739444,-0.5300351308020078,-0.294804830584414,0.05164608215221961,-0.9767729888939676,-0.07761897467484902,0.06424623269346655,-1.2444394413792215,-0.23740703690863926,0.03125431107174653,-0.9085208505305931,-0.25135905175650414,-0.01841995009092082,-0.645009159293923,-0.20307787624707738,0.24060380730001796,-0.950473383177817,-0.12766848023732785,0.23013546656972567,-1.3453432158620937,-0.19709142597034185,0.22846836655701974,-1.5896289308515636,-0.21324744919281458,0.22201953879330114,-1.823176736316948,-0.20192824007859483,Y
0.0,0.0,0.0,-0.30329151450841974,-0.15007104329632914,-0.08170685416349359,-0.5483707117816531,-0.6271389459389749,-0.12059760540012147,-0.6986192630460342,-0.9498578014775246,-0.17819604520258062,-0.8733046072950876,-1.127916003045282,-0.21688421057993346,-0.34326293173195777,-0.9693700868659162,-0.013996580036975903,-0.37689925019778137,-1.2386803573325413,-0.1618040621113527,-0.34812895642461134,-0.9278690534165198,-0.23994578014506654,-0.3237086374972988,-0.6765077832576989,-0.25594811316866306,-0.14466590507657587,-0.9889247929520092,-0.03315915851165489,-0.17178426274799113,-1.1859390745465475,-0.22780218616942974,-0.163006267209534,-0.7974951138395876,-0.29664727187607065,-0.16809633908228092,-0.528305309917406,-0.28770777909405815,0.05487817395127804,-0.9725748058366914,-0.07709555958276612,0.06293666503454551,-1.2389514585389687,-0.2374632941452311,0.029187293350090227,-0.8970911898283401,-0.24802882787008595,-0.018623509993829838,-0.6308190444274392,-0.19766291110001685,0.24307409856682766,-0.9431168231316078,-0.1298228715958974,0.23615561225285897,-1.3386673832950138,-0.19725722456717426,0.23156696950100122,-1.584411617671291,-0.2112362601991254,0.2205235851498534,-1.820866748879523,-0.19913502256940352,Y
0.0,0.0,0.0,-0.3019019412352425,-0.15663927770588715,-0.07344694701863672,-0.5425883966946888,-0.6253440835658596,-0.10959697950101169,-0.6924516780525173,-0.9454247219333847,-0.16616763523383296,-0.8659365864772892,-1.1200709939045177,-0.20508980923075684,-0.3519815025507924,-0.963980350166658,-0.018043950391674494,-0.39365220891804764,-1.2424957495066211,-0.1604334218300774,-0.3640045754741974,-0.9471533672962407,-0.22872594442570882,-0.3365869393847883,-0.707728036277416,-0.23867034269944998,-0.15595226243611737,-0.9869524614623891,-0.04004660602832163,-0.18281311249259533,-1.1777827221846504,-0.2343781022011668,-0.17737446239200905,-0.7890491635271363,-0.30041130548390615,-0.18184118255443688,-0.5298196136342065,-0.28915322742611654,0.04507745429056338,-0.9704143673920012,-0.08398153568501264,0.05280989165346318,-1.2244341364065197,-0.250811544138352,0.010709979069021562,-0.8735796568286809,-0.25959962295589134,-0.03780479338823927,-0.6134257646764687,-0.20489488571634557,0.23545874003824643,-0.9396964697270901,-0.13460562946093516,0.22136565403413785,-1.336365757866043,-0.20987949127699165,0.21379075532550446,-1.5833790308973472,-0.222498225392838,0.20586124179355472,-1.8249352097812204,-0.2064626933861693,Y
0.0,0.0,0.0,-0.3000095806510424,-0.1528970229283281,-0.07642768508243236,-0.5392406784517774,-0.6237748509521779,-0.11079195852071516,-0.6855990297412748,-0.9432763569997169,-0.16463453470323866,-0.8552608288425718,-1.1147678721888632,-0.19946750543868624,-0.3466009650846419,-0.9651073497037179,-0.003411747558209265,-0.38665387932343687,-1.2324107804649584,-0.14299093530439258,-0.356709829195668,-0.9310386324222821,-0.21279315365885373,-0.33075275922981834,-0.6923568724803565,-0.22416197461078746,-0.15265670020535066,-0.9880346007970258,-0.021989986591072975,-0.18275626512116527,-1.1711782427801236,-0.211487796370594,-0.17370860813892808,-0.7860279416664971,-0.27734322264631617,-0.17769518541279533,-0.529992383219678,-0.2663702140249024,0.04407071533668692,-0.9717377790963759,-0.06399638538629582,0.04747733525979804,-1.2294286031045578,-0.2236591703219763,0.01174559682199989,-0.8881823223961313,-0.2316234613325683,-0.032499569041173584,-0.631329404813955,-0.17856448982080095,0.229227991803341,-0.9397414172320655,-0.11370807483085067,0.22111221488522256,-1.3210399071251961,-0.18302633650318012,0.2172916274887513,-1.5614709062665975,-0.1954176369699108,0.2110778850638039,-1.7981070021248384,-0.18059079009748974,Y
0.0,0.0,0.0,-0.302706157911153,-0.153957531124498,-0.06577297784819224,-0.544485747577723,-0.6268410691879798,-0.09301875127657604,-0.6919659913297128,-0.9442267382122717,-0.14255640823685373,-0.860679092165102,-1.1126271312850187,-0.17441805086225054,-0.3573021088112544,-0.9610584857201628,0.011066114206989964,-0.4004087730179974,-1.2287885830002114,-0.1278893549974847,-0.37012433756124274,-0.9322728283077102,-0.1972225922917098,-0.3424652350820763,-0.6951830480929974,-0.20750603750293148,-0.16545508944254564,-0.9861448103005592,-0.011959368496419117,-0.19817804020707783,-1.1784984162447483,-0.19931739385344452,-0.1866538512924697,-0.7988462766496877,-0.263977957576838,-0.18707207270663556,-0.541658465909551,-0.2517302789039686,0.03091590339034807,-0.9712395443574872,-0.058404851627673435,0.030045970569372086,-1.2262762283110615,-0.21969324252944472,0.0008176803625732065,-0.8814442998331435,-0.22894356686065356,-0.034277612712222565,-0.6230381393003644,-0.17522216374286395,0.21821675713107147,-0.9405721932017036,-0.11155973041394576,0.20695524273708274,-1.3222953660467014,-0.1820878139818792,0.19967036234918342,-1.5655089729886649,-0.19565093316401772,0.19175582975018346,-1.8043532454987434,-0.18131286614380576,Y
0.0,0.0,0.0,-0.2988426607924015,-0.14936777927888667,-0.06958602754327753,-0.5395292085638731,-0.6169344959183366,-0.09938468440408624,-0.6856214611829715,-0.932692303093748,-0.15015627351460764,-0.8516555493165635,-1.1045806794485546,-0.181872723508256,-0.3509253764410876,-0.9620499264652564,0.010504724789048224,-0.3941794647078326,-1.2229102311321876,-0.12615014592289636,-0.3642999431574909,-0.9244179047521212,-0.19440263395651902,-0.3378094566165341,-0.6830393964685143,-0.20478605797234728,-0.1565075946022791,-0.9876250392345545,-0.010107161260873477,-0.19176865310827573,-1.168339840869282,-0.19701380145108663,-0.17980603416912988,-0.7824596982941251,-0.26146703790236653,-0.1801543666705375,-0.521889570616154,-0.24947348943938874,0.04067542680086477,-0.971667106561591,-0.05403689133770776,0.03579837139897255,-1.2312865267400306,-0.21354922286695485,0.005717257418218537,-0.8922910379944221,-0.22173073254153955,-0.030166195195178287,-0.6341651434635409,-0.16867214787535034,0.2252436066846409,-0.9398634483231577,-0.1049259863637094,0.21882427910410251,-1.3136895847253225,-0.17559098976816231,0.2082589939924424,-1.55346256044497,-0.1891684626690242,0.19466842108694782,-1.7893159947594108,-0.17496167655611852,Y
0.0,0.0,0.0,-0.3009195864767519,-0.1493586861068748,-0.07529846748036538,-0.5426239891450712,-0.6230382191911041,-0.10815098322375669,-0.6928312551260449,-0.9489569005353186,-0.16213609627381145,-0.8678602348894249,-1.1220969924659174,-0.19824769473965181,-0.36056337435495883,-0.9586129328600743,0.002349020638667897,-0.3962649295546083,-1.2238567486048575,-0.13925621877873307,-0.3598757216643612,-0.9213059183147956,-0.21178386305351543,-0.32978253900693616,-0.6833032421816806,-0.22457624478702518,-0.16425287818886747,-0.986246357563694,-0.018415053598055446,-0.1892002034636325,-1.1739014995398445,-0.20960729530627534,-0.17606477293200112,-0.78865055083162,-0.27818541377693173,-0.17995531802041578,-0.5286973667374473,-0.26859238785569145,0.035679482892685445,-0.9749021950708618,-0.0633765310000409,0.04423490972928023,-1.225852085154406,-0.22710693510911945,0.012084588062807449,-0.8778430376859164,-0.2389357853971482,-0.03337874587768917,-0.6162584091210977,-0.18669328098190371,0.22417056333076443,-0.949145618759861,-0.11589596762118293,0.21271644061778414,-1.335756622891742,-0.18637579091195972,0.2082283379826523,-1.575105509092327,-0.20000858827420848,0.20007221924477048,-1.8096513609688705,-0.18594072818418175,Y
0.0,0.0,0.0,-0.30547487549302366,-0.14522092131374073,-0.0898297637644275,-0.5662709984589471,-0.5997014795476896,-0.13744066556761822,-0.7391443921319818,-0.9151634853454015,-0.20293298135442603,-0.9207347175680729,-1.0879788292674046,-0.24965366475158807,-0.371801450600729,-0.9496643873751514,-0.007674562532008173,-0.3871006477502562,-1.2678362049550593,-0.15280859094631447,-0.3582884154714171,-0.9815575793124627,-0.23151064735205787,-0.34281774512114777,-0.7254796454193002,-0.24558614236957832,-0.17306133488825384,-0.9847109982346339,-0.019850045905399898,-0.17963804231983865,-1.1920526666837357,-0.2103516932199671,-0.1615046998788137,-0.8017957181087748,-0.27939394684002594,-0.17071958322961947,-0.5224841947659593,-0.2686033832790394,0.023227928569676613,-0.9886561169527885,-0.05744484720734093,0.03827392999661945,-1.2802724377877541,-0.21365691378496215,0.02998619586087073,-0.9590103972912305,-0.22581024414083228,-0.002608945193524237,-0.6965838379669902,-0.17563424966548058,0.2013644996695716,-0.9798908103972058,-0.10345660831253925,0.185384144271238,-1.3721403887238879,-0.15893750990612335,0.17687985574511628,-1.6111250382153408,-0.1644868834127037,0.15856701194629166,-1.8323049850796758,-0.14663389605251395,Y
0.0,0.0,0.0,-0.3115313259027806,-0.13565948789909185,-0.11009041600138395,-0.5779117031384378,-0.5567120395444448,-0.16917153765227821,-0.7595729821087959,-0.8737067283551505,-0.2413912744845037,-0.940991716936616,-1.050397586318713,-0.2923107296417381,-0.3942233752661455,-0.9394486343746072,-0.01833635828513831,-0.39122614979405945,-1.2852216242760008,-0.17264453161506488,-0.3550907443763959,-1.0096552701230197,-0.26188334767107146,-0.34064723048875895,-0.7505968089346177,-0.280864798208735,-0.20260126325951433,-0.979071759285158,-0.019267026130536824,-0.18192116226522215,-1.2131355264104533,-0.21433378226716704,-0.15548670658896752,-0.8353409979732827,-0.2893366315390047,-0.16875605387908682,-0.5573095263345993,-0.27974968672413975,-0.015479783226655315,-0.9906032135371341,-0.04761645890642525,0.024409854654648854,-1.2857305793942786,-0.20377821630610896,0.02854452851932668,-0.9673885364528216,-0.21513247972056448,-0.005166863403148876,-0.7040497525202025,-0.16252100378259088,0.15418259834401785,-0.9865833860578632,-0.08683160694958851,0.13171268884961793,-1.3650815780944323,-0.13859354729453208,0.12146117002434861,-1.5899745655594426,-0.1391875407554679,0.10351065958623848,-1.7946936532830688,-0.1160953724319653,Y
0.0,0.0,0.0,-0.3136876799754522,-0.143866340134744,-0.10358186079475286,-0.5830871598715075,-0.5671124572356662,-0.15605455601549612,-0.7648720376145746,-0.8851611845279616,-0.22158829174793995,-0.9400727337181507,-1.0578443637365855,-0.2659168279009459,-0.3951346033041608,-0.9340795412674279,-0.012611479284741713,-0.388206907935037,-1.2677789683987803,-0.1587346303198803,-0.34950004776530214,-0.9926433753381871,-0.2426082891046917,-0.33800194164965014,-0.7405323005254657,-0.26001550363792286,-0.2009747394893394,-0.979517471084057,-0.012436958160494825,-0.1831498342991304,-1.2144185889165038,-0.19608664322518313,-0.15644330985329247,-0.8368226967564688,-0.2664470602470096,-0.1711298865494687,-0.5679804410151329,-0.2572405283583495,-0.011602838376952666,-0.9949606271659226,-0.038487686539900534,0.023003086549613305,-1.2827140314832548,-0.18587035737854127,0.031403503523590504,-0.969342266871282,-0.19863434899226948,6.227323644904631e-05,-0.7150775085694201,-0.15019571605055376,0.15701306952963473,-0.9926221458257614,-0.07449645575207194,0.13532055154710818,-1.3657008021132488,-0.12320383157519224,0.1238060683790134,-1.5864129225836139,-0.12579263161276,0.10359658347880422,-1.7892298782869323,-0.10570547545959728,Y
0.0,0.0,0.0,-0.3127174129179715,-0.13676911759170524,-0.10207236642979366,-0.5811277192131781,-0.563410799947295,-0.15540853012461014,-0.7596907079581087,-0.8811966077497929,-0.22310444559220788,-0.9387884021074989,-1.057813785117379,-0.2705423153940886,-0.4009089847659645,-0.9294972953621167,-0.015667471317171784,-0.39867450851364505,-1.2665981352149343,-0.1615730010482746,-0.3630787775147355,-0.9904381025552779,-0.24412320074777447,-0.3538599120309587,-0.739169386918985,-0.26080425336395296,-0.2121765876213949,-0.9770337464700872,-0.01965079957574002,-0.19752381848765554,-1.199324410887703,-0.2048788482877587,-0.16762053881182304,-0.8243015113208393,-0.2750125436273777,-0.18034420611210733,-0.5543053992705275,-0.2659276796804502,-0.024471977511744934,-0.9948305113409025,-0.04992785836573398,0.008422010348837168,-1.282933965652644,-0.1985939961066578,0.020434271319460386,-0.9731289161717253,-0.20977900958332102,-0.005815521616393977,-0.7179556704085177,-0.1607275556603333,0.14802554685849445,-0.9948625296285948,-0.09044773936168778,0.1235309564310669,-1.3764781947455806,-0.13933536221026918,0.11771423412888446,-1.5993492906847666,-0.1406340789904968,0.10495394591205222,-1.7987272682012476,-0.12028179199752953,Y
0.0,0.0,0.0,-0.3170100272208275,-0.14574389654115977,-0.09594449177078596,-0.5930375245353434,-0.5708357665345557,-0.14925979357572633,-0.7749548737400236,-0.8841194276076634,-0.21869820467141463,-0.9571682815091617,-1.0562337123746268,-0.2676827254213956,-0.4012389927707027,-0.9343107770918194,-0.01460770626513356,-0.4054964810932648,-1.2763751402818644,-0.16131528920161042,-0.3746695097197244,-0.9919112910470769,-0.24478950552014797,-0.3651743583475067,-0.7255911102772546,-0.2618121130725719,-0.21029256659370463,-0.9773595363975125,-0.023353223509227194,-0.20458173670762916,-1.205904893658072,-0.21367047774275738,-0.18154408440267347,-0.8264139455919068,-0.2880376129523199,-0.19189762323488033,-0.5423320747239937,-0.28120876176935455,-0.021311961179066148,-0.9939984937944538,-0.057162972887870304,0.008093685915823573,-1.2876215155514443,-0.20711360883527702,0.011015364480064436,-0.9726664711520876,-0.21974816390784085,-0.018259984423896803,-0.7061416229283964,-0.17163536693152012,0.1520405616838048,-0.9950991386218692,-0.1007027947671316,0.12240775397922485,-1.3817363244052792,-0.147580899865805,0.11062012448263094,-1.6132822889164973,-0.1483589908123332,0.09536469880973977,-1.8232444492888817,-0.128289307884978,Y
0.0,0.0,0.0,-0.31601718372503884,-0.147456508195085,-0.06447871036854426,-0.5725260807094746,-0.5933021414082591,-0.09542013022444013,-0.7223957666800338,-0.9034164748768134,-0.1474620294332513,-0.8835715677424146,-1.0832112879716023,-0.1817887877706284,-0.3749698475200457,-0.9505040344226865,0.0061730400894813575,-0.4180989401003402,-1.2277086980558571,-0.12903835668659897,-0.3945645659189631,-0.9427544210150607,-0.19928630676735565,-0.3808504213754682,-0.6962391135718818,-0.20971725631612706,-0.18485096209846882,-0.9826530394164782,-0.014937400604790716,-0.22696682495224313,-1.1709421907579476,-0.1981859639369052,-0.21100622911944364,-0.7870322789575304,-0.26546330643294974,-0.21072029913603632,-0.5123580164725328,-0.2560754864912349,0.009973293264733913,-0.9819900937208773,-0.05750799132404625,-0.001800329230705834,-1.2588837787952243,-0.20814379985445786,-0.016272267435211617,-0.9348762975248647,-0.22072486763371973,-0.040463844951026964,-0.6715685439301231,-0.17342394966878752,0.19074480278830155,-0.9678354704737193,-0.10621186465207585,0.16230526409933044,-1.3530831544125712,-0.1658467803569372,0.14614190351375458,-1.5912262972931155,-0.17585694106542848,0.13210440463306847,-1.8134081512972717,-0.16082116239849034,Y
0.0,0.0,0.0,-0.3023409188637293,-0.15167979960295544,-0.06756910732618301,-0.5512763999073784,-0.6099434205673177,-0.09814499701014728,-0.6979319106498568,-0.9167927292521912,-0.14918961548229237,-0.8573640967277343,-1.0955768071312861,-0.1809009969939569,-0.36377519456045376,-0.954611163535513,0.007705504607448504,-0.4076978794123966,-1.2105873449030502,-0.1320908295258383,-0.3805476890585633,-0.9170017319939323,-0.20299850935611652,-0.35538160529471025,-0.6767943424963684,-0.2139137264903216,-0.17012157501542963,-0.9853421043752502,-0.012632777193594373,-0.20904385703452294,-1.1631918861573067,-0.1994030748368351,-0.19212726322220136,-0.7795439081849544,-0.26335662895668066,-0.18549125485819978,-0.5149404656338584,-0.25109565687350266,0.027008048910738217,-0.9770253615508494,-0.05597770880998153,0.01720107248562348,-1.2395368188134177,-0.2128547384765186,-0.004718469391999703,-0.906655753650304,-0.21938137526524606,-0.03304945181650315,-0.6450997374928378,-0.16586764269900603,0.211515669319751,-0.9536939988107486,-0.1061293116739211,0.19331745307423315,-1.332138053247638,-0.17336856510233675,0.17930085796043022,-1.5717738422725902,-0.18452984992586685,0.16611244232912348,-1.7993275107409035,-0.16870715541670347,Y
0.0,0.0,0.0,-0.30148494928063924,-0.14462921854075786,-0.06858633546660499,-0.5571314156507876,-0.5997999147542838,-0.09990101254921137,-0.7003488578398607,-0.9132192365720344,-0.15201807446789342,-0.8623405987302718,-1.104427429535538,-0.18461544900540117,-0.3640296843674407,-0.9565133799074508,0.012053906149061142,-0.41483971214562665,-1.217732972137525,-0.1329332779407927,-0.39081763849454126,-0.9167987926281197,-0.20931494759943206,-0.3715674444826551,-0.6619168810099156,-0.2220503923462391,-0.17492384296075275,-0.9845389999205507,-0.009198195436280202,-0.22314359225173008,-1.1511947336110584,-0.19953555252659738,-0.2055692736188617,-0.7576076349850112,-0.2658847404974475,-0.1989037562249446,-0.4814654533618721,-0.2543385617113558,0.020237781187892136,-0.9754203247317037,-0.054709993610968184,0.0024087104059171173,-1.2325396204666326,-0.21522120514848533,-0.014453057914500696,-0.8960691071148448,-0.22281335614018735,-0.03605647767219409,-0.6269106344848193,-0.1684860433962276,0.20554839229516444,-0.9570797609540204,-0.10702390550825469,0.1861025104497725,-1.3424356406483546,-0.17538832765628118,0.17650724390625408,-1.5837310692854947,-0.18611057664084416,0.16771103601621773,-1.8133149589398356,-0.16889224728893618,Y
0.0,0.0,0.0,-0.29943929566532007,-0.14649156995603463,-0.07279717331538245,-0.5321097310810458,-0.6294613066748925,-0.10145455223949118,-0.6554353065477873,-0.9615431407076611,-0.15152943755559367,-0.8097318174331517,-1.1552193259836008,-0.1821283287362782,-0.35007525534495043,-0.9671637446136045,0.004608599789519172,-0.41071227537667343,-1.2150797061648988,-0.13851706302387898,-0.3901052582706015,-0.9052493327579566,-0.20607382130635354,-0.35605272616082173,-0.6743252885718446,-0.21549281365535128,-0.15475802147789006,-0.9878098033989662,-0.016785323861773473,-0.21914503973827903,-1.148774752928042,-0.2074904301669788,-0.2124057069966243,-0.7629630808708989,-0.2684292868132368,-0.19617175737438075,-0.5156621006565509,-0.2548923833262297,0.04494186555384733,-0.9609148792087058,-0.06270174143608069,0.009236003199359617,-1.2005915486672158,-0.2388021440285843,-0.03739473949900941,-0.8449896490588071,-0.2444880254225986,-0.06903028212313868,-0.5811578626684339,-0.1849638430268987,0.23660356008893776,-0.9240397634923669,-0.11478924528974177,0.22609505775691974,-1.3171666080979791,-0.20042160212750695,0.2134151990109979,-1.5762710562164928,-0.21666039451559593,0.20322422235709142,-1.8218691801684146,-0.20095327041801475,Y
0.0,0.0,0.0,-0.30321647551320546,-0.15919141403910106,-0.0646071331119351,-0.5181368949419292,-0.639869917515605,-0.08772664169287489,-0.621282068210452,-0.9717428923145619,-0.13233025512840493,-0.7624853626602116,-1.1711328730151647,-0.15861216669069642,-0.3258912614815204,-0.9801674967335936,-0.006443819520231321,-0.40236444327763504,-1.1897298542524353,-0.1528016274703994,-0.3913924268383141,-0.8745435994559271,-0.2188025675903694,-0.3611970977306118,-0.6442228713317585,-0.2279103794959835,-0.1367649769203327,-0.9900278989578577,-0.033765372396450215,-0.21411998572658797,-1.140359949201023,-0.23373526180531307,-0.22280524725149872,-0.7447501578864756,-0.29488841153750595,-0.21262751038614733,-0.49157289849282504,-0.2816347272655251,0.060141713805067616,-0.9507135415496577,-0.08497003894499992,0.015903855343626264,-1.1578900825426393,-0.27181732949332577,-0.04771970536167928,-0.8069375237460219,-0.2860057960557163,-0.08572640979468867,-0.5470003516023029,-0.23128768066249444,0.2511930493607024,-0.9007259406985938,-0.14154987116487755,0.23669332784029198,-1.2979731271458832,-0.24501175869866446,0.21645438550422055,-1.5595474959020807,-0.27672462633006495,0.20530806827361112,-1.8037174939035427,-0.27078115297837096,Y
0.0,0.0,0.0,-0.2952407738182485,-0.16358786646438328,-0.06343420837015772,-0.5071492243066519,-0.641384794167312,-0.08492419322967491,-0.6057216367606948,-0.9776180950980196,-0.12902435189903916,-0.7487196131939479,-1.1737944215660572,-0.15452469762821253,-0.3199389221579985,-0.9800415727613657,-0.0025679608850723407,-0.3965360901302618,-1.18920887016364,-0.14839247346155313,-0.39362295790485546,-0.8723483150903536,-0.21114553148073809,-0.3687569960105164,-0.6427144091276075,-0.2174580287633312,-0.13295752880603037,-0.990658358784402,-0.030303658267420763,-0.21723246444250294,-1.1315753281240464,-0.230071220838567,-0.23203655570265044,-0.733417833744127,-0.2890859517441218,-0.21959078045965233,-0.4831304629934589,-0.274666309237506,0.06281483512782245,-0.9499920366252782,-0.08234510742282818,0.0047656272446811474,-1.1521916001915362,-0.2717930476084027,-0.05993859808108461,-0.7947164952259672,-0.2845821860464286,-0.08962017423636531,-0.5300280039434585,-0.22772931920870157,0.25273494929685414,-0.9004661109174993,-0.13968173997521366,0.24623584373828042,-1.297499591695671,-0.2461624777674236,0.22087854121188835,-1.5638293233454013,-0.2789784580395338,0.20444491289388214,-1.8090276389545117,-0.27288591850557525,Y
0.0,0.0,0.0,-0.304345497979233,-0.17618214225861398,-0.07384982485070325,-0.5098711795510721,-0.6453557557124133,-0.10300458511321961,-0.6090561092819848,-0.987208766821847,-0.15396447918144476,-0.7540260502666759,-1.1915377545606447,-0.18519310307309556,-0.32278970628125164,-0.987893104909098,-0.021189691058942414,-0.4085640036877717,-1.198222720144153,-0.173136332899013,-0.40612791970953976,-0.8702661615464172,-0.2343269067955988,-0.3711402870580508,-0.6458136437328919,-0.23803118596606115,-0.13068862311721863,-0.9903657999774205,-0.04578281361831661,-0.22692371651576787,-1.1379739341188815,-0.2569236806062116,-0.24414389736435058,-0.732672307758715,-0.3122443595230623,-0.22437450726188835,-0.4858648787719732,-0.29081462655767226,0.06677503704656189,-0.9463571747760735,-0.09470182334232456,0.00046706573243577974,-1.1464861622015412,-0.2970817568527767,-0.07542961942229844,-0.7830357004285847,-0.3068140968976297,-0.10594491313389827,-0.5270787909245828,-0.24132910198806617,0.255132611309402,-0.8927332004178945,-0.14900713058587725,0.2469782142353385,-1.2951007521684068,-0.2582612822451192,0.22110205440267788,-1.5598108046939476,-0.2846354327092021,0.2066722970200699,-1.8072770337868418,-0.2703645894042896,Y
0.0,0.0,0.0,-0.2974855174557248,-0.17805767145429427,-0.07427199001995208,-0.5029275990025617,-0.6432568692896399,-0.10308189217205306,-0.6038128803166677,-0.9771559686442574,-0.1539377087952299,-0.7478405706931832,-1.176807818622348,-0.18566300078926878,-0.32073401980503297,-0.9860150936336468,-0.008892396799546712,-0.40519544908193533,-1.1857770027813754,-0.16126490292284537,-0.4016044373168367,-0.8595668274858048,-0.2274127956372873,-0.36966685679509975,-0.6321519874346865,-0.2343819170181895,-0.1281856497927234,-0.9911910163492044,-0.033298773188340666,-0.2224595265721142,-1.1286340070029062,-0.24325576892590695,-0.23628771016428066,-0.7293274598425146,-0.30346778084933895,-0.2201676253624559,-0.47868394969210315,-0.2854631168539444,0.06791014030643387,-0.9472947854273123,-0.08313056274990424,0.0051954604272060586,-1.137479583227434,-0.2838550110071188,-0.06701611818446897,-0.7840913710548237,-0.2988370241054199,-0.10231555962212094,-0.532384970118953,-0.23750375371022203,0.25368000435073323,-0.8910435536433311,-0.13840902021616164,0.24336291444687216,-1.2833559927513907,-0.24459628666671282,0.21906526643587762,-1.5409834984702155,-0.2709956377371596,0.201844982655496,-1.7818821085835364,-0.2574664105870515,Y
0.0,0.0,0.0,-0.30192806929994803,-0.16559285803796972,-0.06882085883613048,-0.5107263824133143,-0.6357300663093507,-0.09376702484017743,-0.6080833546715116,-0.9722250601751953,-0.14065246235290105,-0.7485967552703688,-1.1769715220758121,-0.16807641992977507,-0.3223503839166763,-0.9826735108494615,-0.014275181654734122,-0.40899630481211857,-1.185686173041877,-0.16048143190492153,-0.40547352550803656,-0.858824833307406,-0.2194842015554574,-0.3712760878519072,-0.6353575028231121,-0.224890490748612,-0.1340531854754654,-0.9901343080368535,-0.04078964957267624,-0.23018032110034678,-1.1239501009020145,-0.24661913462172988,-0.2411597293269242,-0.7209873595277951,-0.3027382217023523,-0.21946331507345362,-0.4750575472486679,-0.2854948293468331,0.0627524340638286,-0.9448800515203518,-0.09140123057534721,-0.002825885111123254,-1.1402516886907963,-0.2897431844761389,-0.06913166575494262,-0.7767361161212307,-0.30035588463621354,-0.09722815302401046,-0.5180194565608174,-0.23995901646100298,0.25260479228909866,-0.8879465152522449,-0.14723216773666342,0.24126472990455883,-1.2764457744127025,-0.2602469541570155,0.21569440965166475,-1.5332611097138302,-0.2922768196335858,0.20006818002054236,-1.777977162952814,-0.28419971470790356,Y
0.0,0.0,0.0,-0.2950142566414418,-0.17547083469277008,-0.06998939800741255,-0.5006787917997647,-0.6411781559027181,-0.09924711097255788,-0.5994599921054956,-0.9776758031413688,-0.15057349846566048,-0.7431201121162867,-1.186969737247659,-0.18399558136470678,-0.31915946072699164,-0.990249067313972,-0.028380440384458933,-0.4168504060098286,-1.1834729314579722,-0.18395643576915083,-0.4179260065277196,-0.860135631951942,-0.25054038373011833,-0.3847062511523705,-0.6331659558523139,-0.25823999616267607,-0.13267486216457394,-0.9896573665811456,-0.054549772880216826,-0.23761376502457676,-1.116750167192764,-0.27003601951684997,-0.2501630399732367,-0.7071790352365459,-0.32859690201531344,-0.22783981242751125,-0.4480787546779215,-0.3111012799481942,0.0642646216109388,-0.9395940644246495,-0.10448590203781706,-0.006119560691935283,-1.1382102845431419,-0.30843493793089427,-0.084111639304446,-0.7802436871017827,-0.32312891474274075,-0.11965905201554468,-0.5184583198079864,-0.26342944746686997,0.2547850307018523,-0.8806843595391199,-0.15950508050502393,0.24529754356559877,-1.2856183443951097,-0.27644651228242345,0.21725102920295047,-1.5583536381258007,-0.31353877079147474,0.1976139924989382,-1.8089102418943577,-0.3079894309414711,Y
0.0,0.0,0.0,-0.29910766401836447,-0.16359606864518486,-0.05706818137404682,-0.5091787450563371,-0.6412406688662537,-0.0768515020579727,-0.6056650686550881,-0.978372826617317,-0.12052011868811434,-0.7482224822705708,-1.1835452076786765,-0.14640634941579267,-0.31638442421169966,-0.9887354338732512,-0.006930151504848814,-0.40545407567390823,-1.1958494217151452,-0.15604279411281413,-0.40551798102220443,-0.8738789600029361,-0.21796471820012528,-0.3757466094293022,-0.645865184467558,-0.22278356185063333,-0.1301611961648796,-0.9907993737490954,-0.037076461418641064,-0.223274534618323,-1.1365925281666402,-0.2415014890851076,-0.2361645476808399,-0.7321459253804738,-0.29869289584259145,-0.21918215783791017,-0.4841797842993674,-0.2820090859880899,0.06839515548073372,-0.9447421806096916,-0.09068796093653521,0.002003584824675649,-1.1456207308879143,-0.28690819171294607,-0.06004363939197331,-0.7830240162708666,-0.30004360638477323,-0.08569058009325381,-0.5217691130412876,-0.24176765993261412,0.26338944329973146,-0.8929287385817768,-0.14830828162592657,0.24304664650703187,-1.2997838629392826,-0.2615810059865331,0.21068639824870988,-1.5691820319718255,-0.297324585970363,0.1903026208834521,-1.8212963402167777,-0.29211812595132053,Y
0.0,0.0,0.0,-0.3019469031191466,-0.16833488501015456,-0.06347700075210196,-0.5124015739516167,-0.6400425098645605,-0.0848279196093709,-0.6125585839369413,-0.9759650623510611,-0.1293959537949784,-0.7546362427914644,-1.176117876216806,-0.15536125869524897,-0.3216638825957074,-0.981984163386868,-0.005170769260779152,-0.41328867109129785,-1.1814815604418727,-0.14981006392732207,-0.4116580481378104,-0.859271413103952,-0.21055770443891852,-0.37441197279117466,-0.6402129969216871,-0.2168776546026046,-0.13467166074097875,-0.990336112467676,-0.033134998652139126,-0.23424235665765278,-1.1281491737760638,-0.23441983964171043,-0.24801488623584658,-0.7288795827763429,-0.2899790495613723,-0.22415113695440733,-0.48607716177228905,-0.2725191320933238,0.060600179295173515,-0.9478284433704188,-0.08479217659432466,-0.012555716037921225,-1.139195726278711,-0.27863833122524545,-0.08033047492057492,-0.7751598580720394,-0.28872125355544437,-0.10414802120073373,-0.5169829344322947,-0.22781676999528722,0.2501353820588054,-0.8944542924196098,-0.14147110313562938,0.2357472832364777,-1.2904782738992522,-0.2506069804363853,0.20463107507282355,-1.5541132044850179,-0.2801750349774401,0.18484670781273585,-1.799531239937106,-0.26996038869762995,Y
0.0,0.0,0.0,-0.3083743833459144,-0.17202950142527185,-0.06471948544850913,-0.5187070454001999,-0.6445793911426985,-0.08738593946781978,-0.6173530767266749,-0.9818106472371232,-0.1331286178981439,-0.7612022721113614,-1.1866482401887608,-0.16005903614941233,-0.33801162816367375,-0.9846276397875684,-0.006004649904044844,-0.429171868159204,-1.191802481688394,-0.15463635093229566,-0.42609312326628235,-0.8741230671693471,-0.2178453690718883,-0.38727215707019264,-0.6569301937410381,-0.22372576469347133,-0.1496158885161327,-0.9882130973216992,-0.03240308913332265,-0.24404660801314812,-1.1392513228278978,-0.2399250492929441,-0.25598096792664593,-0.7383652961599588,-0.2985588715746626,-0.23157897349833767,-0.4930720061112993,-0.28004681370188256,0.04977344951541498,-0.9476729311561487,-0.08230144219532608,-0.015297246540553974,-1.157796964788165,-0.280131817062712,-0.0909619921093934,-0.7944878682998185,-0.29223369033379776,-0.12208467129370984,-0.5364003639280257,-0.2298681925249264,0.24250112936896234,-0.8970854237140353,-0.1367882021284065,0.22854561800850484,-1.2967636444719783,-0.24341069593676232,0.1972356820939565,-1.562577015515269,-0.2713641058468847,0.17825761956480043,-1.8098811782447177,-0.25912481768449697,Y
0.0,0.0,0.0,-0.2910611646862782,-0.17632145767414403,-0.0733851988362887,-0.49995746742611913,-0.6378171625067803,-0.10350355404593298,-0.6023891425998491,-0.971053295073057,-0.15555825861362466,-0.744497051290736,-1.184917242411321,-0.18891139674181393,-0.3240561850414721,-0.9877679938780836,-0.020498274948789134,-0.416980658831412,-1.1827586451189003,-0.1758759579900226,-0.41921645394983637,-0.8636427151712243,-0.24240716966266154,-0.3865490932240667,-0.6400817673263677,-0.24908937189006944,-0.1425213887681418,-0.988765681944767,-0.04505640855527926,-0.24472968731524875,-1.1196547480979087,-0.2606979062130882,-0.25849565234067634,-0.7152391766779538,-0.3207941312982285,-0.23575019038726833,-0.46308977400191575,-0.30303168249861734,0.05343225716683112,-0.9423548764529296,-0.09429389651680396,-0.013397931237331228,-1.1439510646688515,-0.3010296618743132,-0.09076699236622623,-0.7795445599685742,-0.31514276351023296,-0.1271244294634934,-0.5185480429702519,-0.25280478355334673,0.24544364040252056,-0.8904155501734783,-0.14870682475253655,0.2262281783824579,-1.2927147244266597,-0.2639481020681489,0.19806284067645566,-1.5594658777896815,-0.2970631797519569,0.1811915144820078,-1.8111667012454984,-0.2876323646532927,Y
0.0,0.0,0.0,-0.3058588406922895,-0.16751319041994073,-0.0725060260452397,-0.5215912763272511,-0.638282262209697,-0.10024611752426356,-0.6292258885905999,-0.9747028255886587,-0.14988821796509127,-0.7779777149083963,-1.1765232584598226,-0.1807766374212403,-0.34305382328047374,-0.9800467370670375,-0.01181798470781801,-0.43181869904795084,-1.1863777664524995,-0.162247131607355,-0.4194175408963319,-0.8652714758684849,-0.23060520510108865,-0.3811505612343744,-0.6387167627211151,-0.24046049656955967,-0.1534908944830494,-0.9874949128881729,-0.03597696944953988,-0.24233603860931338,-1.136291018225048,-0.24530634490353898,-0.2492558990110279,-0.7291458421691331,-0.3076405889332944,-0.23175921648120562,-0.47088512730094934,-0.2914799095464795,0.045567558752829855,-0.9513947745388575,-0.08402187550446728,-0.0066996784301303625,-1.1752379537827242,-0.27803483308261506,-0.07691750863529706,-0.8183001306797425,-0.28906543933604345,-0.11344385781665965,-0.5581437076705369,-0.22737543986983846,0.23646593467818186,-0.9020070889071381,-0.1379439272951443,0.22354090922778005,-1.299427662311738,-0.23825112010331612,0.19871392607373106,-1.5606353581962895,-0.2620145980502645,0.18215357293822113,-1.8075008978326128,-0.24823553343735455,Y
0.0,0.0,0.0,-0.29783588911113784,-0.158629556794946,-0.06675347103075112,-0.524740593199643,-0.629902113487488,-0.0935272799247165,-0.6408811350086369,-0.9677540068163085,-0.1432647566722178,-0.7884747551882395,-1.1718923736739124,-0.17496459193147212,-0.3446991785645808,-0.9713363626661572,-0.001810003349957458,-0.4149495791798142,-1.1918669756090554,-0.14116968209960792,-0.4007745254920416,-0.8812841024192131,-0.20206267956716242,-0.36959284225480216,-0.6611217401208571,-0.21015749124586744,-0.15431259682581933,-0.9876026965869267,-0.0287843039711415,-0.23213809692520462,-1.13745265077269,-0.22452288598330342,-0.2332959696134128,-0.7485746780308371,-0.2854292260464048,-0.21779309676318834,-0.5034425655479157,-0.2735864181198129,0.045022435634901554,-0.9543933382307286,-0.07908617937503572,-0.0034320800309668663,-1.1769719959052445,-0.2670407828832831,-0.05336359231670209,-0.8230052426870456,-0.2808532524731723,-0.0802257194577113,-0.5619083464315427,-0.22562946019845476,0.23724887268178,-0.9082179226086987,-0.13410815397089862,0.21797482566044074,-1.302157244841116,-0.2348886473645073,0.19242633883385607,-1.5620515351413948,-0.26212554043057834,0.17373002994411157,-1.8061834397321308,-0.25323692544580495,Y
0.0,0.0,0.0,-0.29770965652023507,-0.1722639677870867,-0.09098046237289709,-0.5137401353038177,-0.6313409702951914,-0.12962930986029214,-0.6325070946091981,-0.9757722726251082,-0.18604290061707107,-0.7838199770417383,-1.1842257262515437,-0.22137193554899054,-0.333410986139591,-0.9783261923496782,-0.03850410354928496,-0.40107095442250235,-1.1784419339001768,-0.19267194597114112,-0.3927986880988823,-0.8566524628339969,-0.2561530182427173,-0.36099992131708586,-0.6368073219593682,-0.2628186249334922,-0.1389818279271208,-0.9888174727151918,-0.05407455186293489,-0.21244190201872135,-1.1139552209510024,-0.26264826925636575,-0.22512916566284988,-0.7116359991587997,-0.31630610923496755,-0.2103217283358985,-0.47406715055706633,-0.2986771874929814,0.059211516620209965,-0.950759424281839,-0.09550568948462886,0.027055964930622494,-1.1396543860399742,-0.3007415115748536,-0.05669578957807708,-0.7816964447059374,-0.31053296861161706,-0.11099254131463286,-0.536529267491024,-0.24809297080655823,0.2444203087540909,-0.9009759344557804,-0.1434996950015345,0.24059528281956935,-1.2880745086432082,-0.2565374880471995,0.2206706018151394,-1.5471750097571362,-0.28578554981513365,0.20180456822941595,-1.8050354961915385,-0.2758775715104076,Y
0.0,0.0,0.0,-0.3043877698752678,-0.16586135409685662,-0.06279400513193155,-0.5311072090697601,-0.6488697300443806,-0.09045992799667821,-0.6510715768122348,-0.9876249258687384,-0.14072453742968874,-0.8106755306131243,-1.1700765589550977,-0.17277456971560762,-0.3340934702727696,-0.9792442878669965,-0.011429232043575089,-0.39535104404654664,-1.2152403894164916,-0.14944631447432297,-0.3804246403496079,-0.8803265299914278,-0.21159869827473998,-0.34440305372092217,-0.6399969180284845,-0.22093206224829198,-0.13718540267398424,-0.9897320055958007,-0.04013380610521435,-0.19800681015122976,-1.1469335752611352,-0.23528349468126322,-0.19748519491205954,-0.7413014968331181,-0.2937792188574859,-0.1807954898326884,-0.48486267748000555,-0.28020123813558,0.0655274435594131,-0.9582396094417798,-0.09005360563552157,0.048152560879672436,-1.2101899802174718,-0.26919393730603264,-0.016079865293857076,-0.8609761113745106,-0.2746114200950654,-0.05910152446705871,-0.5999057015957521,-0.2160072243347564,0.25666344499582633,-0.9144229380644456,-0.1450344304294668,0.25815453895774154,-1.32231683612609,-0.23650599942034845,0.24264783582900842,-1.59569511532769,-0.25584885947360414,0.22875435322521934,-1.8575653450527132,-0.24335262073144823,Y
0.0,0.0,0.0,-0.29999185600647776,-0.15851760462320785,-0.06405826181771146,-0.5326100542928127,-0.5996696020163405,-0.08479916032587187,-0.6691871465347863,-0.8976525514390504,-0.12716965092364607,-0.8137494373947729,-1.0691933671437122,-0.15293630304886896,-0.3445264158811817,-0.9646362550660389,0.008936952711740694,-0.41777095348003274,-1.1606516265643443,-0.12203899778220624,-0.40968287421838295,-0.8604991714428981,-0.18179832337776056,-0.37735303699746026,-0.6361821044597599,-0.18687568819369466,-0.16923035542330522,-0.9854693828815146,-0.014532109496847448,-0.24015380039081766,-1.1403761401903125,-0.20720361483674532,-0.23799877494015248,-0.742749034465485,-0.265462310807916,-0.21667696406740256,-0.4755305365648991,-0.2467432232654362,0.016805188600338035,-0.9687819602147882,-0.060449509329399305,-0.01575795275733553,-1.1829712581677987,-0.2402087581722477,-0.07220621267773827,-0.8422539576130746,-0.2547453323829447,-0.10780919352554288,-0.5959225593616833,-0.19675116674781776,0.1976071861813453,-0.9365963179117186,-0.11153276772295237,0.1739438280611007,-1.342690115818036,-0.2019426900929053,0.15797039301079385,-1.5981662463983497,-0.22196164570849883,0.14546512926418415,-1.8510703608877463,-0.2070822161835564,Y
0.0,0.0,0.0,-0.2948517971237023,-0.1584652459574304,-0.04817868616740153,-0.5250658528098073,-0.5882865806391276,-0.07043294918557612,-0.6673957024318004,-0.8842275864988979,-0.1202031566791578,-0.8245423322776375,-1.0610589829734132,-0.15156146106109766,-0.37932593595650704,-0.9514044988731234,0.019297468978228486,-0.45876544023234966,-1.2149021241976765,-0.12489889142977474,-0.43743133879878304,-0.9232569871794493,-0.19780007537181607,-0.3968137935561555,-0.6876603194566525,-0.20871003790415935,-0.21172698159393874,-0.9772782214891063,-0.00994801830564138,-0.29040396130550455,-1.1710123578751321,-0.20031230747215134,-0.26908487725753655,-0.7832000300748133,-0.2615543126350341,-0.23855923927727307,-0.5172547950377668,-0.2471020402220822,-0.02482239355403686,-0.9763376176284397,-0.061609303564157676,-0.07463326846402978,-1.2500915569666493,-0.2225716311531501,-0.10593443113341663,-0.9035111423780006,-0.22708481781446127,-0.11991337572490715,-0.6365637770273499,-0.16902443911147075,0.1590316479485907,-0.9602779806412463,-0.11979494155197112,0.13340100525323048,-1.3493151779632089,-0.18833067516527885,0.10284645320218753,-1.592957185880389,-0.19988607708574838,0.07446404270094072,-1.8267310904086413,-0.1829483853299573,Y
0.0,0.0,0.0,-0.28859579308771854,-0.16047435807593532,-0.04190451032326553,-0.520367893433786,-0.5977197311605156,-0.0627626653339424,-0.6605252794010454,-0.8995356945105984,-0.1119523602311974,-0.8199235201068217,-1.0824717774399069,-0.14738584986732414,-0.34225847167948015,-0.9655159308930145,0.017149955940860735,-0.39598513423379256,-1.2553302572675376,-0.11709406340930906,-0.38194762044981145,-0.9851106324244283,-0.18499405248061276,-0.3543767245867858,-0.7505783206938854,-0.19504432372328778,-0.1704052882634595,-0.9852295703548151,-0.016873986793697462,-0.22331899329358795,-1.2152797797086885,-0.19928869536409877,-0.21002322907546808,-0.8178793873032325,-0.2580028497492812,-0.19309121498560952,-0.5292869482135509,-0.24317392142850724,0.017258899898535504,-0.9823101730635097,-0.07183812445966536,-0.010101210087861008,-1.2800354198078487,-0.22184739591071304,-0.0321632931751406,-0.947903184201582,-0.22966814533330526,-0.04829602373281195,-0.680480019721732,-0.17891372166437064,0.20280181330209177,-0.9600407870975624,-0.13268018097440762,0.1812072259411915,-1.3674996906158705,-0.19225647410498875,0.16145630550121115,-1.6067247615997875,-0.20032857988046457,0.13908668659392925,-1.8307162314997816,-0.18511031366256622,Y
0.0,0.0,0.0,-0.32142379179488717,-0.18228980961753188,-0.05852579020992237,-0.5710270284508304,-0.5973967629420438,-0.08917933086418704,-0.7304892206476719,-0.8887784972522905,-0.1434347200276995,-0.8893008384954566,-1.0427781108933485,-0.18132636032303287,-0.3499756136584089,-0.9600914313980936,0.024760687308029213,-0.37471276619320715,-1.278451590125858,-0.11192159549494342,-0.35407300284071125,-1.0254241501547492,-0.1865448217427652,-0.34419161768454704,-0.7815275143436686,-0.19618588364175074,-0.16536061155749793,-0.9862321673605627,0.0014071988548372727,-0.19098386244175777,-1.2431006820573476,-0.17487528662701896,-0.1762727177257435,-0.8778228373545885,-0.23882181689063398,-0.17164995219717707,-0.5942375241273339,-0.2244775971697737,0.02134830817072445,-0.9856143721249645,-0.045097431818278494,0.013881651039330435,-1.2685993419594346,-0.18892813645047105,-0.003435736706937939,-0.9413464829096801,-0.20036366511736137,-0.02312202242119665,-0.6731779758687251,-0.14876970095230355,0.19797370487645571,-0.9588339881845915,-0.09888633986267384,0.18999988201738563,-1.342076001103803,-0.14932579823273773,0.18122539896106268,-1.5766723222468317,-0.1545919012864115,0.16540735214520716,-1.7919713820151881,-0.1349870891209398,Y
0.0,0.0,0.0,-0.3185228384457771,-0.2066553038078158,-0.05807437356678735,-0.563000770705199,-0.5960061884421373,-0.09565630164014513,-0.7165843316529927,-0.8831600310058674,-0.16147058205529902,-0.8709165727372701,-1.0580683264624633,-0.20844601695635656,-0.3434257972040089,-0.970398159950508,0.022581471462898614,-0.3642887885024094,-1.292942032589094,-0.12681927582995828,-0.3506752798597888,-1.0216465965527015,-0.20604190008904952,-0.34520895187832434,-0.7687035353204011,-0.21607065576947415,-0.16079746211899684,-0.9869657479020929,-0.0065413029399289824,-0.19308178353088923,-1.2339859609127404,-0.19628994142769166,-0.1914621731113714,-0.8681970374344377,-0.2667992436176453,-0.1912106544520469,-0.5906421980332858,-0.25655406110901535,0.027641916981544147,-0.9846364664048705,-0.059956815680720164,0.009054345300043577,-1.2804186557606383,-0.21483968737960205,-0.019571122259754572,-0.9526018682562918,-0.22638102339463081,-0.038664016309372364,-0.6816015300369394,-0.1724427163282371,0.20892044070210872,-0.9602216921437442,-0.12150696426309804,0.19119596484832257,-1.3501074415714507,-0.1782578203870176,0.16361607063805897,-1.5885965856102793,-0.18472765232512828,0.1357655612836292,-1.810072557051218,-0.16368866121210554,Y
0.0,0.0,0.0,-0.30367446986108665,-0.20301269329397179,-0.04669292019205416,-0.5244110110329493,-0.6276387733597033,-0.07187969361943389,-0.6624606189302072,-0.9321900888206871,-0.12749535015762173,-0.8232472657575333,-1.1033692892612932,-0.16788565474491443,-0.3142531401786797,-0.9828983713193722,0.04802897800543334,-0.3393959341141457,-1.2873338553455413,-0.0952781963955193,-0.3375871943116673,-1.034726794581603,-0.17369447013276065,-0.3338889439890817,-0.7901873031431754,-0.18325719882760294,-0.13679921820771854,-0.9904691925397097,0.016023499227461536,-0.17599791919699148,-1.2183025799093945,-0.16860318092346444,-0.1773428417548307,-0.8576442868436326,-0.2378235118565155,-0.17377516802849288,-0.5842696492117267,-0.22602701408088147,0.042714930485721433,-0.9754210999565722,-0.040099672455654614,0.01630962306131537,-1.233709471420741,-0.19394748182548935,-0.024306087941692683,-0.911010466608224,-0.20699371395015467,-0.050826407625278076,-0.6513894602207436,-0.15232160438795853,0.21266487596817576,-0.9414274409532357,-0.10323800316622228,0.2078143731971454,-1.3227890875171668,-0.15675066177407945,0.1915468557634783,-1.5561663279154987,-0.15941706822689633,0.17054646917999272,-1.7782190385804058,-0.13611860727525735,Y
0.0,0.0,0.0,-0.31916310060235975,-0.1786478855269763,-0.062335410505264546,-0.5601908400134991,-0.5902536728196052,-0.1003162661921681,-0.702275599863133,-0.8969126563876614,-0.16270103989643042,-0.8530028955137398,-1.0746381478329967,-0.2081534586722314,-0.3174768128283717,-0.9679689850575003,0.019968608376799087,-0.36365835338516345,-1.3296034377318393,-0.12515601585732974,-0.3570178622996304,-1.116422724115043,-0.20368735037956667,-0.3496994799751338,-0.8686233576460626,-0.21325914357780426,-0.14232215505153573,-0.9898127197618342,-0.003896662567821985,-0.17937179873996126,-1.2451017626980008,-0.19085028479768562,-0.18520379568728085,-0.899638969698125,-0.26051815805340744,-0.19259574209380392,-0.6182618643685328,-0.24661188118511648,0.04147805927360267,-0.985517217059159,-0.05076692553354622,0.020442818707482248,-1.257556659319934,-0.1997651098744925,-0.007552934470088229,-0.9537425089722729,-0.2113418352672349,-0.031246254995227374,-0.6994133529228379,-0.15724483724373814,0.2233885296075542,-0.9585392780406404,-0.1047718573976228,0.22612674821631673,-1.3510025895056654,-0.15741499860617916,0.21349362750193776,-1.5921699052125338,-0.15846969475744282,0.19190185866309545,-1.8072149530047443,-0.13175576017097945,Y
0.0,0.0,0.0,-0.31535811758676924,-0.17465248170046654,-0.056220215734226434,-0.5510030328705938,-0.5995025888279348,-0.08718625120220867,-0.6866911811207091,-0.8879542736167305,-0.1422157930565921,-0.8317949802854936,-1.0552810651949187,-0.17949444950780089,-0.3068700409457569,-0.9817840792788919,0.02026001962370128,-0.3576870261734784,-1.308401133319272,-0.11953973493555338,-0.35714019797804614,-1.0297840707725685,-0.19469250495264231,-0.3566929813925945,-0.7687099496856623,-0.20377487359143237,-0.12971408787536198,-0.9915258687729305,-0.007120882020399919,-0.1751040292254826,-1.260566282434202,-0.18049125997020007,-0.20092452600311944,-0.9067978150578812,-0.24278046865622024,-0.22688455435541724,-0.6333839056434726,-0.2279887800924067,0.05504567695803221,-0.9751208346082425,-0.057206887325879155,0.032087366327285954,-1.2611805226454624,-0.20124751144075492,-0.008415015573578566,-0.9402627967700784,-0.2096875005299737,-0.04134729171935782,-0.6743220177248572,-0.1552649257329083,0.23848507012945291,-0.9399782728708711,-0.11372631946583725,0.2342283214428339,-1.342468868837798,-0.1660726559583708,0.21829121705281856,-1.5887178071924117,-0.1676430334604693,0.19627629804022506,-1.803416321574862,-0.14285122898023134,Y
0.0,0.0,0.0,-0.2973486100234485,-0.1819871445693894,-0.03359314241574214,-0.5084472397402895,-0.6031890174659972,-0.054235205079262716,-0.6259148799553861,-0.8984207395424917,-0.10279421210345656,-0.7624623283863248,-1.0725524875263408,-0.13546805475948331,-0.3049455744925844,-0.9916668061537662,0.04107519084729208,-0.3462306219524045,-1.3183398493885834,-0.08759066244230582,-0.34759608328016983,-1.0626194846755401,-0.15543872546822848,-0.3478851513492824,-0.8201052830367017,-0.16105099001795128,-0.1318407887516684,-0.9912504955080677,0.006360941467124092,-0.17316756125137348,-1.2562107011480579,-0.15716543965398383,-0.18940969085378118,-0.9041017352882637,-0.21467694633242607,-0.20238016383782548,-0.6321195061566507,-0.19906729409417476,0.05408354561731176,-0.9672537108578598,-0.0489887570637674,0.026769432345623272,-1.2586528376604211,-0.18110854090546583,-0.020997468494876995,-0.948380084483251,-0.18869050456493594,-0.05448425636071101,-0.6847259477719105,-0.13791553611789026,0.24481283784511082,-0.9234204287549783,-0.1099721993773292,0.2555034696858939,-1.314681014472189,-0.1593342372155919,0.24646379618001657,-1.555981806843023,-0.165577839678776,0.229170082802131,-1.7615211388470895,-0.1463286057168022,Y
0.0,0.0,0.0,-0.30859745570305885,-0.18786213898605394,-0.03446196012511963,-0.5212523004195423,-0.6183004217197561,-0.04913413637949082,-0.6285055495969191,-0.9197002591377048,-0.09259880519122496,-0.7547462429593301,-1.1044575282484026,-0.11905031767912196,-0.3366688141801172,-0.9917845566338045,0.045154340167709424,-0.38180515572517326,-1.3518028031364373,-0.0857569314359,-0.3806577700208668,-1.1080192205674109,-0.15198292125961887,-0.37997577218103107,-0.8666555597222896,-0.1545365587196347,-0.155105114635918,-0.987829045299831,0.011669647629790314,-0.2010547904733599,-1.2554745578703455,-0.16264833343801488,-0.22427983385132286,-0.8960431378651208,-0.22520664575651453,-0.2407943458747198,-0.6123651561206048,-0.20797047323632514,0.03693637868149903,-0.9626577479692248,-0.04253107726336109,0.0006629635713502625,-1.2581160384794219,-0.18434507971002292,-0.05564268672100226,-0.9441301717108004,-0.19294435773357038,-0.09141074200286078,-0.6751135256099323,-0.13774097003279584,0.23165180603576033,-0.9263477870635838,-0.10156276195432803,0.24175595711860767,-1.321437529792848,-0.15491540014458535,0.22892762153011434,-1.5667429972986333,-0.1604185759526978,0.2101069175370132,-1.7733942433921024,-0.13753575682568647,Y
0.0,0.0,0.0,-0.3104185111408819,-0.18506994932045392,-0.03647013064525665,-0.5131643509664476,-0.6063913312945957,-0.059980455786637486,-0.6077926863737252,-0.9160759792418576,-0.1173549514095619,-0.7377985761751057,-1.1163326527822242,-0.1589143633534339,-0.3179298053705905,-0.9816487000218828,0.027329988718224212,-0.3819623242327672,-1.3375711862185546,-0.12291334256743135,-0.39656846906844806,-1.054930956924163,-0.20284457537919034,-0.38769312334154077,-0.7897557802276586,-0.21382093635437555,-0.15049350145986698,-0.9885228296937295,-0.013203075121007676,-0.2174575973996999,-1.2629052086576942,-0.206061040396514,-0.24197157359619542,-0.8813410153811699,-0.27431644584878057,-0.23216857983446929,-0.5909926064584116,-0.260123983202849,0.03444796851087212,-0.9743997904671574,-0.07474585542712603,0.0024409138597406965,-1.2897193140267995,-0.228288500805494,-0.06922653396082946,-0.9625624434425257,-0.23027729040761266,-0.09976973792154478,-0.6898219065456184,-0.16905970226024297,0.2238011441763442,-0.9444317399151203,-0.14281686249143932,0.23453449896066603,-1.3655029456592744,-0.1971862881356829,0.21988358982666828,-1.618457372022835,-0.19272866754513837,0.21106754226116786,-1.8343457966709273,-0.16270653891085418,Y
0.0,0.0,0.0,-0.28667163870629514,-0.18047058095634272,-0.02233941962102769,-0.4707908693974137,-0.5813057607863038,-0.030778790847471184,-0.5652928118655066,-0.8575405866893347,-0.07301122507318183,-0.6854876759992627,-1.0260819451411574,-0.09726181919781524,-0.31309355552274043,-0.9855119147445359,0.0662181290643486,-0.38011508795014914,-1.3005435918578034,-0.07359976296861917,-0.3865451345679085,-1.0236128366317847,-0.14540405105664853,-0.36725789522584046,-0.7846240552787062,-0.15036828807804029,-0.1546952847723152,-0.9876760828420297,0.023776548341518402,-0.236563180511856,-1.2477980855549322,-0.16030403756977557,-0.239522862150548,-0.8817909874465542,-0.2236439511183214,-0.2166124975723522,-0.6160330014014854,-0.2052151180688552,0.02288039262902571,-0.9698988496358918,-0.041222706881834006,-0.03836274136580546,-1.2630289599698044,-0.194336787032111,-0.08316268394368828,-0.937714777249645,-0.20230899920384135,-0.09557899896407578,-0.6736804683329769,-0.14236633358094394,0.20751688115259567,-0.9393417706710454,-0.11201946916604286,0.1898086801132559,-1.3420659567683775,-0.1737553758445276,0.16223874095988955,-1.5812343764490626,-0.18198636195804418,0.1390066130047969,-1.7900604516781486,-0.15945636316865078,Y
0.0,0.0,0.0,-0.29321573321014976,-0.1658286696427764,-0.014937050222130443,-0.48092549374155363,-0.562073713318808,-0.019101719851965328,-0.5775222224995207,-0.8339699922657565,-0.058735519062103184,-0.6995293289397984,-1.0041005162706453,-0.08092508249770002,-0.34088866399658596,-0.9731677675473636,0.06796436311230632,-0.4125665105611843,-1.2933252086641474,-0.07537850210643701,-0.41449452900747885,-1.0087489145400785,-0.14952915362892633,-0.3935200960509512,-0.7547208617224984,-0.15424257963433696,-0.17835825187594545,-0.9836503654703307,0.02490567200140687,-0.2597351660704211,-1.256874149168287,-0.15480146289025948,-0.26558063296874496,-0.8828525785131011,-0.2153642359113497,-0.24723390420929142,-0.6115046388125925,-0.19557059244512562,0.009032676079918185,-0.974395795722749,-0.04006334710263248,-0.053775006647181545,-1.2874946632521667,-0.18825435676322383,-0.09499383630322156,-0.9600829436114868,-0.19309537670287644,-0.10407706272462941,-0.6942766612268151,-0.13218194875271785,0.20325987792864508,-0.9512153174417337,-0.10981033937723071,0.1877486376012644,-1.356450708899689,-0.1685105150265045,0.1528268781955312,-1.5945299259638603,-0.17376478147016738,0.11931261082814278,-1.7990801571877195,-0.1488548191789239,Y
0.0,0.0,0.0,-0.2863796959173135,-0.1572857357881141,-0.012947149666820907,-0.473505709150371,-0.541773793822662,-0.014113989677100655,-0.5681498223991199,-0.8054828736199392,-0.050181276659281696,-0.6887890166046845,-0.9547943123792193,-0.06996847288821982,-0.34119857457300307,-0.9601205588812727,0.06409423401718789,-0.42232162827038877,-1.267533105867673,-0.07182661845998341,-0.4280993338349611,-0.9887942487647102,-0.14195649429016774,-0.3997195620743206,-0.7419742597229169,-0.1477736108991299,-0.18516439108649374,-0.9825025220082143,0.02007342823402089,-0.2718861359385712,-1.2633063423328796,-0.15656374493723824,-0.274804153409895,-0.8931297327320744,-0.2148004154346277,-0.2478179892149859,-0.6182759219224374,-0.19525132437269554,-0.005829014769711157,-0.9824480124301191,-0.04420083456552631,-0.07918218235611953,-1.2916351146018934,-0.1908303833706677,-0.11537096736807465,-0.9618584646344043,-0.19766689619460315,-0.1161177898831129,-0.6953592790462196,-0.13975302460499583,0.18077213729850605,-0.9675999337180838,-0.1132112089665616,0.16192730895318466,-1.378185691119725,-0.17388368590196973,0.12441625372107334,-1.6225351987148962,-0.18235384716809205,0.08872713984165696,-1.8366907360345293,-0.16186822116035068,Y
0.0,0.0,0.0,-0.29934971646112307,-0.15223105792350913,-0.018875933935511784,-0.49985083241458,-0.5459332898163821,-0.025868631445201254,-0.6041014858002446,-0.8211710051726616,-0.06743863196908648,-0.7373568340969936,-0.9811420842803847,-0.09195674145261147,-0.3461748620903084,-0.9608270958008773,0.06149689897443298,-0.41908844402492995,-1.2943703612539823,-0.07931777385079677,-0.42338678391230944,-1.0215024364373435,-0.15043435273887126,-0.40290821085267065,-0.7768167085496493,-0.1532403137551036,-0.18508441304644718,-0.9825148120621956,0.020209011001054173,-0.2628737101515843,-1.251932108755989,-0.15653819769922012,-0.2655268507377297,-0.8809244160560942,-0.21362112081255138,-0.24857597050680305,-0.6071358831766278,-0.19099262800420205,-0.0035531099480613443,-0.9827120489083453,-0.042642595816897874,-0.06399257971696702,-1.2903168390601742,-0.18732176054219593,-0.09895901247411897,-0.9607758548882693,-0.1911957234963617,-0.10388485020399112,-0.6928727068283457,-0.1303146058616446,0.18668792827194858,-0.9669143942165299,-0.11053543567513734,0.1766384059551902,-1.370752973305858,-0.16372507882359744,0.14250565471269155,-1.6102312417812912,-0.16601565691078637,0.10671042052780139,-1.815689916029568,-0.13994726200395696,Y
0.0,0.0,0.0,-0.3119429170561031,-0.17140390170688632,-0.029522785821913044,-0.5373217301093801,-0.5649779927416241,-0.053639725046371545,-0.6641808887729497,-0.8469217116137433,-0.10965141797342466,-0.8067035437315838,-1.0123059579087137,-0.1510606926553581,-0.3489004177994916,-0.9671974766842344,0.034976715257768375,-0.4172425516681674,-1.3171229533363922,-0.11824238623630337,-0.4138167203383643,-1.0548227753437098,-0.19998546582802068,-0.39398660873184005,-0.7964327270103018,-0.2079522077161127,-0.1792942723407719,-0.9837843998832622,-0.004671022599263186,-0.2438795591317437,-1.2814583877317194,-0.18541373969494587,-0.24654752052909382,-0.9243628998424726,-0.24635879838703326,-0.23733603275719026,-0.6446381942812595,-0.22752949143865367,0.003133209873634425,-0.9759317361752722,-0.06630674203453794,-0.04663600450372774,-1.292796290816822,-0.21222943982971132,-0.07285488697644243,-0.9680038550057302,-0.2176062854404714,-0.07846536332531973,-0.7001260960292096,-0.15939210666856635,0.19274994956855568,-0.9477496386780002,-0.13311891002036733,0.17629716090279177,-1.356823632938683,-0.1815628830646917,0.14899086567651595,-1.5914431959094804,-0.17862498328378193,0.120537062283533,-1.7947541778750584,-0.15046355585916887,Y
0.0,0.0,0.0,-0.3268730656963748,-0.16226654585308906,-0.0328947893593931,-0.5668989413962923,-0.5755473889544503,-0.05439135866833576,-0.696224979610686,-0.8676919086345074,-0.10507835594047649,-0.8423465592908531,-1.0386247659248597,-0.1417023177816473,-0.3642692519636524,-0.9688265126358327,0.023953410666230142,-0.43657922490666573,-1.3256815751666848,-0.1199453508816974,-0.42799388344317324,-1.064894959357412,-0.1933737337232075,-0.40927098476001594,-0.8063646291481792,-0.19898776112673727,-0.1843488246710396,-0.9827486879820369,-0.014850155285095274,-0.2459508583849115,-1.2825331227411978,-0.1969126142899618,-0.248763836826201,-0.9230253712495066,-0.26190317830004745,-0.2432495291880302,-0.6384892136012206,-0.24621027020910438,0.002583272256707093,-0.9697107746515456,-0.07380985034783726,-0.03151130022397103,-1.277510848468819,-0.2246551457257846,-0.06479326037795648,-0.9588030318180634,-0.23711879359481972,-0.08226976514832042,-0.6896511691862311,-0.1834448513684991,0.1941390071111457,-0.9382147169765939,-0.13685049064380242,0.18014654128411425,-1.3531127265684832,-0.19512296185261055,0.16005375491521817,-1.6056887540302773,-0.20028499185309867,0.13827729794064658,-1.8223576078000012,-0.17731388796335942,Y
0.0,0.0,0.0,-0.32006221989663675,-0.15955124114600466,-0.02716067721648755,-0.5524051138796295,-0.5671183386857576,-0.041826118527466226,-0.6812856446781129,-0.8511206115276322,-0.08682619283675622,-0.8248313078102381,-1.0127759223431536,-0.11834950064748016,-0.35329383040581547,-0.9715426267460643,0.04154709016762311,-0.4255820001725624,-1.3141456253090147,-0.10191155834689901,-0.41959655119663364,-1.0584002238662755,-0.17540445174890051,-0.40304006959074,-0.8073355350999956,-0.17997849224961035,-0.1737040590571722,-0.9847964705956859,0.0016767138523652414,-0.2365642803503759,-1.261807096264822,-0.18037748698392062,-0.23921944559782493,-0.8942076271570241,-0.24364564235574654,-0.23471315212796784,-0.616343528088934,-0.22543649797029014,0.013025476600030842,-0.9707501088761099,-0.05935314594522086,-0.028780800969655154,-1.2578627455772702,-0.21362122860329985,-0.05545916415009742,-0.9379832962746734,-0.22506186144933996,-0.06599707920918849,-0.6764159218652752,-0.16848856701909573,0.20069151956577014,-0.9415695932249515,-0.12379086153148768,0.19039320293247924,-1.3469300046219583,-0.18396752765960198,0.16663187379178682,-1.5910074618916161,-0.1881082799413793,0.13823850040487587,-1.803596060823731,-0.16329256413843166,Y
0.0,0.0,0.0,-0.3173853447716529,-0.16259153405052384,-0.0358735050559455,-0.5529414120729867,-0.5727926918743963,-0.05599843390755744,-0.6787031569858794,-0.8645222429725796,-0.10482532313422264,-0.8182574479168687,-1.032843458885426,-0.1376477062072454,-0.3549800727905472,-0.971385961527901,0.03474074635984766,-0.42126527938541186,-1.3174434567310074,-0.1071468841495123,-0.41631088753260287,-1.050135066110105,-0.17935495409884225,-0.3973735458805757,-0.7969880635451423,-0.18490001314272464,-0.17421708561405297,-0.9847066290480467,-0.0011232938075927327,-0.23456226402480762,-1.26441016337323,-0.18178598541771676,-0.239458822509685,-0.9013996093143712,-0.24523865087496324,-0.23280029307472005,-0.6236444612122636,-0.2289898248570415,0.01316492577399153,-0.9718417910288399,-0.05858672640425587,-0.02432629096239788,-1.264568943982724,-0.21077480677616364,-0.06288775738120007,-0.9443468202835612,-0.22138176933405304,-0.08165387807693704,-0.6797082610354496,-0.16593314940817577,0.20413887362943453,-0.9390653707638286,-0.12077110562793945,0.19794111184833532,-1.3403912433109826,-0.18069980544389097,0.17494223437846326,-1.5901148713594149,-0.18733681355372042,0.14907561956080936,-1.8069472670872866,-0.1652866074915576,Y
0.0,0.0,0.0,-0.3130291049150964,-0.1658971240036351,-0.03248599268221833,-0.5420319814029828,-0.5894795885382339,-0.05087468267823378,-0.6662096582764887,-0.8856230196954014,-0.099402072706725,-0.8102543722019475,-1.0585638404671662,-0.13365956543081015,-0.3428341113847598,-0.9718682700221251,0.032498500704254384,-0.40690254127703007,-1.2992731128410686,-0.10762312210944258,-0.40403781887772405,-1.0227422378538296,-0.17853492422770434,-0.3882820292234681,-0.760157245577,-0.1846503921132712,-0.1679740844515174,-0.9857766184084278,-0.0054005140421758795,-0.22391876510521236,-1.2524110044534973,-0.18354730513096537,-0.22854952792777072,-0.8854051554278478,-0.24209877441943695,-0.22387765171352575,-0.6068870719951138,-0.22346330369881046,0.01431773865486059,-0.9679713995953654,-0.06417573671300493,-0.01622620761359867,-1.2548631246005197,-0.2141170734543037,-0.045702123407842035,-0.9307923208886622,-0.2195126554873892,-0.06100346325041924,-0.6712757825502998,-0.16190252685790282,0.200181838289794,-0.9286107415422915,-0.12724971923679976,0.18485241653235943,-1.3271198187187665,-0.18528363470475667,0.1715270890777197,-1.5610462991740148,-0.1858817060744478,0.15884067107156696,-1.7716211532044612,-0.1600005621662089,Y
0.0,0.0,0.0,-0.32337772146289495,-0.1634314030775695,-0.036272701420125154,-0.5620388273977066,-0.5833683084737871,-0.05770877303513769,-0.6959152957316023,-0.8764375977261963,-0.10981370628542982,-0.8475210200796166,-1.0494637894676864,-0.1472606825101742,-0.35586455861780325,-0.9643785068252072,0.035042501280838995,-0.4211733023000632,-1.305810383547371,-0.11357588154407257,-0.4118193277217036,-1.0404441578241064,-0.18947116020962565,-0.39429274781579454,-0.7851461765121666,-0.19463623415478248,-0.17748542934093567,-0.984121720457598,-0.001833492634543518,-0.23442470308874716,-1.2530241539236988,-0.18498322832245867,-0.23548657334385664,-0.8884939204140188,-0.2462898339546522,-0.23173524924781744,-0.6114841702054057,-0.2268355836042284,0.008435938980689296,-0.9740268702668357,-0.061819609995949557,-0.025488518310946614,-1.2581311015051604,-0.2151298124915599,-0.0508677077534862,-0.9332822529682934,-0.22571266988417987,-0.06575622928318177,-0.6710184608978484,-0.16886279337137394,0.19746900303534756,-0.944588710377623,-0.1265213639324279,0.180995576132582,-1.3476692654175266,-0.18255542824757115,0.15648266360416455,-1.5836415531443642,-0.18464367546755872,0.12849955835561166,-1.7869065298853202,-0.15867552668906565,Y
0.0,0.0,0.0,-0.3309122801628545,-0.15983924836515098,-0.05415312457444805,-0.5803379774397329,-0.5954646301018875,-0.08247425191012905,-0.7182914869645992,-0.8984826276306485,-0.13541352312974997,-0.8696401808079587,-1.0639154665596213,-0.17054488311119007,-0.36795270312689315,-0.9686183957318949,0.019507640884621147,-0.4212038955304392,-1.327213233395451,-0.12280432566479546,-0.412581067549226,-1.0721500587976842,-0.19801048147902883,-0.4040980464827393,-0.8281565959837968,-0.20716658611758926,-0.18666798506520138,-0.9824016405969034,-0.006486902512792587,-0.24008281112583332,-1.2577729083368194,-0.187116710915844,-0.2478310575051485,-0.899333382490187,-0.2507905920306511,-0.251431173157673,-0.6261955214531949,-0.23491716371182772,0.00507316895956744,-0.9716237188086093,-0.05505134129738593,-0.03061596235875019,-1.2918922778055766,-0.19678651398779087,-0.06790586533102257,-0.972668766736358,-0.2028022408436346,-0.092983862057562,-0.7023515715227949,-0.14834641827743822,0.19940110130004624,-0.9435333911399557,-0.11069419771420527,0.18199566600650388,-1.3439127138482785,-0.1651255694000301,0.1538962281128304,-1.5926027604548103,-0.17250718397124792,0.12656835619967755,-1.813013705018481,-0.15221076330490513,Y
0.0,0.0,0.0,-0.31708889158844134,-0.16731542471085845,-0.05830417198912563,-0.5607977214283921,-0.5907510797879619,-0.09389378657619699,-0.7049573703969242,-0.8804351281178115,-0.15280543285103074,-0.8579432952494319,-1.0483538131595849,-0.1929482150889594,-0.3568086501299069,-0.9724283462904465,0.008313427163901039,-0.4042036884203923,-1.3080983084084041,-0.135183042203296,-0.38487675358383633,-1.0331915212513014,-0.21078503319148542,-0.3672376278285311,-0.7821726447182035,-0.22064537753531221,-0.17719150858928412,-0.9840278902441542,-0.01709621319160045,-0.22099110620513526,-1.2372101752895146,-0.19662108289584326,-0.20966910903261934,-0.8780698742967895,-0.2576109830081007,-0.20474714796730994,-0.6110067609456197,-0.2408330942447743,0.012079011896837636,-0.9663858820680549,-0.06427290218090993,-0.008407718043413654,-1.2616276928078296,-0.2044538907339147,-0.03179810766773664,-0.9417669743600531,-0.2029935463725597,-0.054375199509075905,-0.6838506924264243,-0.14380827871853663,0.2013665234950083,-0.9291662442994996,-0.11895259531294261,0.18959092431332966,-1.322867604997378,-0.16979285653911647,0.17499298005524194,-1.5644635445421402,-0.1686106657843835,0.15608005186852042,-1.78530332365559,-0.14173841613901658,Y
0.0,0.0,0.0,-0.30927215289175347,-0.1778601557234164,-0.04833388769193259,-0.5463979859447008,-0.608644577153515,-0.0763493799060545,-0.6828083768986896,-0.9145318526014906,-0.13003990663152787,-0.8334953588142161,-1.0898284478932625,-0.16429842743386353,-0.35652554643000456,-0.9779659634995469,0.013116719464053668,-0.4099440955819783,-1.313548244926887,-0.13938961393068863,-0.38964177382168186,-1.0339679099470827,-0.21404492511387999,-0.372931766424988,-0.7829737710995884,-0.2197380696352763,-0.17364113815190096,-0.9846617552230669,-0.01702888552846543,-0.22388890629852237,-1.2342460598135563,-0.20983991732750643,-0.22042694846923583,-0.8615968978534523,-0.2696678811916747,-0.21845488081205044,-0.5914922076914574,-0.2495030536944075,0.018063164899648335,-0.9658769535524713,-0.06966309482245214,-0.007601344561361088,-1.2595989179732308,-0.22702158158681388,-0.039748541150660864,-0.9326223640349682,-0.22624069989639817,-0.06456091561452178,-0.6699275926975291,-0.16298588236748335,0.2060778112625134,-0.9307139868801471,-0.1285065259064358,0.19551609814521226,-1.3281681553260853,-0.19399741849749724,0.17678485600719424,-1.5782138086945454,-0.2010920728776473,0.15490819571126146,-1.8058553537246904,-0.17836784714786133,Y
0.0,0.0,0.0,-0.3083665994078696,-0.1666440259286808,-0.05163202647398358,-0.54461745157908,-0.5929945345963862,-0.08139562431295144,-0.6805664257781473,-0.8989449691952823,-0.1377516730341038,-0.8365375503626163,-1.0739439056933147,-0.17466509354180285,-0.37416644026639423,-0.9727148575213429,0.011131165120145635,-0.4388614315894148,-1.2991839916263177,-0.14272101548290386,-0.4169030855924025,-0.996760185046722,-0.21883988402710608,-0.3895643586540303,-0.7373376498132771,-0.22640822736835742,-0.18717950118393967,-0.9821126061019915,-0.020461262719738315,-0.2510978471227332,-1.2461798697738347,-0.21209448256854904,-0.24101633989359086,-0.8627182936805323,-0.27213061335318106,-0.22738176815324934,-0.5838099098331441,-0.2530160179433721,0.004305166386898023,-0.9610412207270063,-0.07512584308565155,-0.03507280423747808,-1.2698158559641584,-0.23343282755524572,-0.061895725845024785,-0.9392871211081455,-0.23209607123802936,-0.07661856719755608,-0.6723893903703372,-0.16883121253262326,0.19346368377179554,-0.9233688933947678,-0.13641897194419414,0.18046149902778885,-1.3257306029370555,-0.19843908801113166,0.16261471291157126,-1.5750089666642646,-0.20148336428503402,0.14249908831283858,-1.7977386955467882,-0.17756589473127662,Y
0.0,0.0,0.0,-0.3094480418041868,-0.15638171238510995,-0.050214269571261176,-0.5484690287016074,-0.5817746306599754,-0.07485819568116545,-0.6872135487235623,-0.8889858209879158,-0.12678051151479314,-0.8457909605551067,-1.0520184238086991,-0.16034012082958596,-0.37139758506486925,-0.9639270213592311,0.021594599383557365,-0.44560262851417415,-1.283275157909032,-0.1279578997909285,-0.42346664207063167,-0.9903930656606097,-0.202725115120843,-0.3980236578708923,-0.7372573195474088,-0.20974042355091996,-0.19251732266321925,-0.9812507358777379,-0.009169177388603261,-0.2613494461575126,-1.2448271002629216,-0.19782812032565392,-0.2563205133106305,-0.870730896666284,-0.2587476373103717,-0.24822897932347174,-0.5982959450987652,-0.2401810250638837,-0.005722067192271058,-0.9679018688280799,-0.06295239905622428,-0.05143332909694487,-1.2763314301452304,-0.2197238705073873,-0.07736349398817158,-0.9401978450467972,-0.21877564840353686,-0.08861902565301173,-0.6706929438025279,-0.15571296853708946,0.18065741087402634,-0.937792063843157,-0.12354752936080489,0.17208862944395556,-1.3335616483068315,-0.18451068168747836,0.15115256652798337,-1.5796003463194552,-0.18725759580282295,0.12844786935269933,-1.802158779748554,-0.16307661793424935,Y
0.0,0.0,0.0,-0.30256593561307965,-0.16053509102191124,-0.05010857927563814,-0.5373483961366083,-0.5721254629345232,-0.07885159010212746,-0.6727456726261941,-0.8661341699327325,-0.1356971832267959,-0.8265496819318583,-1.0331739852608504,-0.1738321470736848,-0.37000578530695494,-0.9624986338324073,0.01637350290120419,-0.4442454795434181,-1.292824713812169,-0.13567304074316525,-0.42467267263198083,-1.0093098872720714,-0.20999647086422094,-0.39756489434740433,-0.7634035139716842,-0.21644298583367375,-0.19113480039161834,-0.9814169041974127,-0.01698081961575269,-0.26564017204403517,-1.237863115178823,-0.21141887994212852,-0.2558560963326666,-0.8585070324657329,-0.272322344861036,-0.23473754134877353,-0.5812994179781393,-0.2526256012909607,-0.005941535997512028,-0.9696721127991839,-0.07332370056682125,-0.049917156434742316,-1.2771938790455413,-0.23248976335085253,-0.07669993127844348,-0.9438397496824095,-0.22909962389702976,-0.08488421750122929,-0.6758143946236809,-0.16371787768066037,0.1759813734087852,-0.9395466970688029,-0.13696434119335618,0.16445274767506418,-1.3364010631813552,-0.19674567605551324,0.14355186824390606,-1.578800217778313,-0.1954940101712827,0.12354786241962339,-1.7972151124484212,-0.16813414346479613,Y
0.0,0.0,0.0,-0.2942552074906785,-0.17138032407421627,-0.05074859486325507,-0.5138049068139346,-0.5650751095095704,-0.08367876259869846,-0.6460893142600076,-0.8414818376461067,-0.14683962316230692,-0.7917177810019295,-1.0145708323704468,-0.18964861373173636,-0.3668073393546236,-0.9756629918647435,0.01993534710341042,-0.44006381906383585,-1.31463463471811,-0.14563540415180032,-0.42947093408992904,-1.0273200448259536,-0.22884686860956954,-0.40621589641513284,-0.7762226817519502,-0.2361966086460606,-0.18862049183783186,-0.9819574859030431,-0.013483543222365805,-0.2655350183129187,-1.2416084698682177,-0.21856868374442665,-0.26262761599910994,-0.8608220145754821,-0.2839022800325825,-0.2397700651277052,-0.5836153942019585,-0.2628941033765857,0.0010776718777795542,-0.9629969657425682,-0.07183080458918752,-0.04947699308887409,-1.2755037035911991,-0.2388328714698529,-0.08186580408744795,-0.9361621490050246,-0.23908502812142432,-0.08442816449241947,-0.6636349904421927,-0.17111151077826162,0.19103910527508036,-0.9302046426186026,-0.13755517067636194,0.17953049432287316,-1.3267812842321414,-0.1978104964685674,0.15194534054765146,-1.5577088511684845,-0.19720874817521974,0.13082584914184175,-1.7537275776624788,-0.16695476102182108,Y
0.0,0.0,0.0,-0.3032532356858618,-0.18715832904466362,-0.035416322851702604,-0.5195851351753012,-0.5789845638654123,-0.058442627432393694,-0.6544870055739115,-0.8469204816317419,-0.11170638495052525,-0.8012550780699692,-1.0093070651351905,-0.1465643702892132,-0.36826368810547144,-0.9738918110971196,0.03284613798490048,-0.4424475410652732,-1.3421591242097781,-0.11918502609075901,-0.4341530981500618,-1.0882910977799307,-0.1976040450102569,-0.4145787904343333,-0.8398352070802232,-0.20541505209305527,-0.19343166291079258,-0.9811052707767288,-0.004079146686148729,-0.27057650703519465,-1.2657305997828676,-0.1971662873146242,-0.26757926579872465,-0.8893525006317223,-0.25887941491962263,-0.2419027611107863,-0.6022140363909224,-0.23815541637408855,-0.005165300156728209,-0.9636482109561504,-0.06392050449560387,-0.05260232697883335,-1.284183013467598,-0.21559462059446988,-0.08613065815823003,-0.9593215973361578,-0.21491529729385703,-0.08632586022591134,-0.6863380246043274,-0.15146087159369112,0.18467687454508186,-0.9283612334329058,-0.13054791574075578,0.18214083170197873,-1.3129445211206254,-0.18213164616229702,0.15433952448206362,-1.5260125128785134,-0.1792625291294268,0.13079635175477722,-1.6933882942987921,-0.15003823904627867,Y
0.0,0.0,0.0,-0.2930261650007926,-0.17991043073699545,-0.04245249854287372,-0.5001125678426763,-0.5595910468312987,-0.06844572240667426,-0.6301371138776829,-0.8243528466955524,-0.12431153689823421,-0.7757760906134533,-0.9886062460170941,-0.1611828659457767,-0.35699100376769266,-0.9723831952950384,0.0285762279585794,-0.4306049193385307,-1.3156816367639248,-0.1280420623774942,-0.4199656669881068,-1.034114675921316,-0.20961996810824055,-0.39534376744424304,-0.7789419177963601,-0.21855634122461717,-0.18188827414949513,-0.9833019943114444,-0.005817534705889079,-0.2563347396371325,-1.2534574864848593,-0.19951922521257082,-0.2543634042525252,-0.8692677325146552,-0.26226242056939114,-0.22746023195901502,-0.5864561262643013,-0.24283816645776593,0.005761216765046161,-0.9682610462520215,-0.06412553377635932,-0.03876300826048096,-1.2865779450026436,-0.21908368553060192,-0.07428704865761342,-0.9522509692500764,-0.21781327669133785,-0.07483969366836318,-0.6766210314856246,-0.15323236949507638,0.19414163683058125,-0.9344960242928426,-0.12994434698909674,0.18560298482244325,-1.3258975389146164,-0.18145261139663857,0.1636187471886803,-1.5337367235516095,-0.17687703491489148,0.15217297703302646,-1.6941935841981253,-0.14636669860202142,Y
0.0,0.0,0.0,-0.28059594413328043,-0.18206809529786364,-0.05112450736720657,-0.4824417028022624,-0.5464047631619905,-0.08071430664159215,-0.6195922507661358,-0.8002080648078614,-0.13998395030883629,-0.7639476734114913,-0.9676411757394081,-0.17940538112446605,-0.3530051589682769,-0.9650883685949369,0.030757438116100818,-0.42872656192611047,-1.3110420875782578,-0.1283132661950562,-0.42291272114252015,-1.036151895580846,-0.21266657852687607,-0.3980499742870544,-0.7862530411365886,-0.22369790348074986,-0.18343946103000888,-0.9830309690981938,0.00027916103927409325,-0.2627719852263255,-1.2413114813864774,-0.1928341232115616,-0.25748607941803897,-0.8546049204113828,-0.2559380815420332,-0.2225830214952112,-0.5782585652830148,-0.23761328889693262,-0.000732437891663263,-0.9726434458942962,-0.05583933188044841,-0.05352432516285586,-1.2828880284600894,-0.20931486716746184,-0.08492921002710219,-0.9426996699570711,-0.2042832672917236,-0.07535541404902822,-0.6686616213688711,-0.13788441674732801,0.1834261188824849,-0.9432095182711838,-0.12099873573861103,0.17883549998611803,-1.317134071881244,-0.16678762019619292,0.16312017548052338,-1.486465390844365,-0.15421559350420633,0.16295489387714399,-1.6079879708633722,-0.11829333497049087,Y
0.0,0.0,0.0,-0.28425810074387914,-0.19143085331428888,-0.045518468261956005,-0.48740797076085784,-0.5372123698954385,-0.07926188837752267,-0.6240913285441181,-0.7783825015295401,-0.14502097244137904,-0.767854882929698,-0.9428986092927998,-0.19119555442301261,-0.3699076125341829,-0.9638704975369885,0.03537647046880146,-0.4453440193540481,-1.294760248758469,-0.1294090106822275,-0.4319496061784882,-1.003256817538315,-0.21886634125868384,-0.40296811365116625,-0.7515508490006734,-0.23214751815284362,-0.19858458809433338,-0.9800832201401528,-0.0010212595715939094,-0.283750897751651,-1.2501604530127408,-0.20181461231538173,-0.27379315737362153,-0.8656886413482832,-0.27172891622810397,-0.23669658759287188,-0.5860571327788571,-0.25666163747596843,-0.012432558835510359,-0.9719842382496765,-0.06251381722474308,-0.07014859666070206,-1.2838052783663414,-0.221629482834476,-0.0941453609693838,-0.9445676927434522,-0.2203982444427682,-0.08091019520111688,-0.6715721373840723,-0.15430984527174105,0.17664586902861715,-0.9436820780996441,-0.1324203933726561,0.1749223570891149,-1.3238743431893993,-0.17868247611718976,0.1573444007758206,-1.5195099821080742,-0.1682080489950871,0.14726051370158544,-1.6796578766152135,-0.13411498484551243,Y
0.0,0.0,0.0,-0.28300221138995024,-0.1931518316914942,-0.045830838118614416,-0.48243192813821145,-0.548637996357115,-0.0771132104268162,-0.6168775812567916,-0.7961232465673428,-0.1387746319064308,-0.7557376639289723,-0.9598554249073386,-0.18168276988385818,-0.3514447870851788,-0.9719640232141714,0.0324015677968828,-0.42451391771535973,-1.304047717378607,-0.12742206154036456,-0.41585698053472453,-1.0333649045980369,-0.2139726707947113,-0.38913155071035466,-0.7866650032212664,-0.2260562617632588,-0.17902040191382065,-0.983845187250488,-0.0005858520855984621,-0.2605197402832718,-1.2418672385671579,-0.19371366782506033,-0.2489034792351504,-0.8606090241802761,-0.2588670314168649,-0.21100904474885854,-0.5817403820237476,-0.24147074843123356,0.006922662764304776,-0.9705734234919767,-0.05802207764342803,-0.04831767351988906,-1.276874692850045,-0.21221398109658252,-0.07054076749891788,-0.9372861188492295,-0.20723526532451367,-0.05584750430822239,-0.6650065297231496,-0.1399821593048871,0.19194245764066167,-0.9377186302095853,-0.12342638508208786,0.1940205195237921,-1.3078387960308668,-0.16781352245385614,0.1889062792025263,-1.4836198031656718,-0.152956048167509,0.19383951939775834,-1.623686271413084,-0.11526197546403495,Y
0.0,0.0,0.0,-0.27920270425225213,-0.18953804261755114,-0.03661936849709609,-0.4817127211109286,-0.5497960024487664,-0.06325645761768468,-0.6070294561110336,-0.8075470527850168,-0.1208931832990925,-0.7443781054844693,-0.9705885789223494,-0.16001711079519312,-0.3440624648170424,-0.9751148125652117,0.04154977591247425,-0.4116614712132763,-1.2933831642529088,-0.11934440520877801,-0.4082406778286501,-1.01737585034101,-0.20698186394579351,-0.3857636599598692,-0.7682567214707365,-0.22080470771034516,-0.17380580078603652,-0.9847719320227128,0.003973098712323981,-0.24920454359609437,-1.2441772841471426,-0.19172236274867188,-0.24690232906904536,-0.8617363344702931,-0.25325401928966035,-0.21325512298244717,-0.5876432453318519,-0.23262138416626146,0.010937731820214004,-0.9677399646239705,-0.057853609711739945,-0.03547344373478498,-1.2737989063762925,-0.21631773773435545,-0.0680244204127902,-0.9347847063291911,-0.2043331223186523,-0.06289068559661014,-0.6675390955845488,-0.1314109916542643,0.19504153910950003,-0.9311641232539546,-0.1268456879659932,0.20177148927466781,-1.2918515078320514,-0.1790864047281659,0.20188390036460832,-1.470571172431823,-0.16411509525006246,0.2144931939435044,-1.6234820086709871,-0.12469152470836013,Y
0.0,0.0,0.0,-0.2782308178577617,-0.19219235264240703,-0.041087080816225814,-0.4757815643267361,-0.5461370853717025,-0.07026397338574604,-0.5999716015066535,-0.7973779601180258,-0.12998479804110014,-0.7351612541046155,-0.9658958335387106,-0.17056920445480853,-0.33476199277841995,-0.9726180268857317,0.04073833934057938,-0.3874570126010326,-1.271844618167094,-0.1233847695906046,-0.3818719418430672,-0.9851939309842841,-0.21667897020804647,-0.36286425716323767,-0.7236625565453657,-0.23379326951782714,-0.16942436287287163,-0.9855296900499779,0.005159001368086041,-0.2322845934534405,-1.237509420273222,-0.18683879932818848,-0.23405981105869822,-0.8519398178077684,-0.24971576875052584,-0.20750827008179315,-0.5734386137691985,-0.23175350454535285,0.007229651730154507,-0.9718783801677167,-0.0553228211516842,-0.028540557382648477,-1.271358332304274,-0.2092954084429839,-0.06335309192972316,-0.9357313220206732,-0.19767427314545186,-0.060021912354825714,-0.6648975715949267,-0.12647807207999484,0.18296113378570472,-0.9378589147546028,-0.12378603796206232,0.19582464037990782,-1.296042817140644,-0.17146151977773905,0.18954120386170367,-1.434238258234561,-0.15046892496060318,0.19391703995433915,-1.5302358841132742,-0.10658356983863061,Y
0.0,0.0,0.0,-0.2728925738926714,-0.19253328355190902,-0.031883390123922696,-0.46136512978779365,-0.5382461725785592,-0.05910976101639884,-0.5797577527315264,-0.7841278411727893,-0.11904624502632415,-0.7117033935984914,-0.9521886705217145,-0.16083801227561204,-0.32699186249933715,-0.9746820015468194,0.041872231200784024,-0.37730728392738816,-1.277576754315082,-0.1187240191345291,-0.3815789835609526,-0.9942548837682602,-0.2070278235791961,-0.3649028614026501,-0.7399705264890729,-0.2206008951077998,-0.16656570228409873,-0.9860299277061606,0.0009211353801908018,-0.23627680986204727,-1.2388990772387845,-0.19373923155742737,-0.24593451889868737,-0.8550889523476323,-0.25829658938247224,-0.21902046111247483,-0.5773214878338749,-0.24007334833698893,0.010150155832892695,-0.9707345935276099,-0.06274965806360748,-0.03498250182993457,-1.2640758891795987,-0.2248736410164271,-0.0716404387938617,-0.9190651043752586,-0.2173590788944435,-0.06670588366662711,-0.6474360820001673,-0.14501779677386015,0.18883719616831166,-0.9372508673114389,-0.13239912930932732,0.19851786960120324,-1.3094792369804835,-0.18536213637016175,0.1869783677950958,-1.4904620730794738,-0.1679467672248175,0.18468740099335323,-1.636264258948163,-0.12533747015173338,Y
0.0,0.0,0.0,-0.2710518643939448,-0.198137014033666,-0.03713360637120364,-0.46048487312040615,-0.5412474164458942,-0.06686756045062012,-0.5849213213532326,-0.7861277410212131,-0.12622314649593175,-0.7172449718628222,-0.9590817538071135,-0.16639280940514908,-0.32613782599989244,-0.977724404414615,0.032925383584412854,-0.3788790139369866,-1.266178145082491,-0.1266001874951065,-0.37744773714000895,-0.9811892410730545,-0.2156072194407556,-0.35949023517938256,-0.7270518068217442,-0.23106855168966928,-0.1646651411726615,-0.9863413072856241,-0.004027011879015916,-0.23710088914441257,-1.2273556457253902,-0.1927880057180289,-0.23979999895478146,-0.8496340206802209,-0.25501855050133454,-0.2139552947173918,-0.5772803244705739,-0.23820349147585193,0.009938879237010114,-0.9677627033515889,-0.06368481897702727,-0.03510111210324179,-1.2527305010709056,-0.21734552517725625,-0.06455561578231855,-0.9212890958472278,-0.20731617741467806,-0.06086617388628851,-0.6574226755765377,-0.13790208599479115,0.18350993909329133,-0.9291947011454255,-0.13034737276983197,0.19017557583993036,-1.2893212701775396,-0.18093978701423857,0.18447219877337467,-1.4490997593351824,-0.16246447913554243,0.18724211342892313,-1.5711008224122625,-0.12054169449799168,Y
0.0,0.0,0.0,-0.28568667413327126,-0.17435285136635792,-0.036997431671408426,-0.508978422009299,-0.5453722226911971,-0.06757111940397842,-0.6465682093880591,-0.8165308691593042,-0.1294999856460818,-0.7827964691055114,-0.993220057059741,-0.1738523163787194,-0.34578606673587564,-0.9581715124455282,0.034187541615928144,-0.41108565141478026,-1.2878115328799915,-0.12486088822669379,-0.41113785266944824,-1.0283396900914394,-0.21039005596325672,-0.39797917184086934,-0.7755935219305525,-0.22336531656050757,-0.1760952059024376,-0.9843690810335614,-0.002826793823412282,-0.24945349693224497,-1.238479722812639,-0.19610997049161175,-0.24214741373408663,-0.8590323267665827,-0.25788062921281024,-0.21565505673163904,-0.5806121994381664,-0.23978994851347987,0.006298290621224817,-0.9752521429187253,-0.06301377917116026,-0.04153854269126729,-1.2888446827119615,-0.22073179630127782,-0.06663677378054678,-0.9488214032200472,-0.21226674062672302,-0.06302321351015634,-0.6799896221723027,-0.1441329802328818,0.18217268741900153,-0.9412407127887357,-0.12961395563220948,0.19221504144728668,-1.3041609052709202,-0.18612364470871126,0.18727222137976068,-1.5037695275890102,-0.17864357109448004,0.18843683797915659,-1.6881197451935015,-0.14604724649583212,Y
0.0,0.0,0.0,-0.29605411906068047,-0.18354832908875665,-0.03729510009923517,-0.5197816690876687,-0.5633985136971205,-0.06395112415313353,-0.6553900118114973,-0.8411476023501253,-0.12078838646851449,-0.7873600976027603,-1.0138992105892937,-0.15903794700071744,-0.3461844283811309,-0.9643248321620503,0.03184149118470185,-0.4104182918326286,-1.3239221909136365,-0.12315558348338085,-0.4035999747519885,-1.0549788421550645,-0.2057299296300816,-0.386708789031528,-0.79166912157154,-0.21789577449500197,-0.1719517724944972,-0.9850986961709317,-0.003625843120016591,-0.23524617184753283,-1.2585370965632292,-0.19395605420880788,-0.23268293272146634,-0.8832397833857323,-0.2546083757793774,-0.21359579988655553,-0.6002190787466292,-0.2369559199754655,0.011637417830551774,-0.9769837235105329,-0.0619631704876051,-0.0254503521574077,-1.3028874921871307,-0.2142646912345382,-0.0563521212184751,-0.9691217806125114,-0.2069903581657259,-0.06057976705093109,-0.6953011669706258,-0.14210304492246809,0.18881529653533285,-0.9447772069675757,-0.12702100191672458,0.20564427217132586,-1.3060228460106662,-0.1836462678741508,0.18842091673785996,-1.512757458952101,-0.18086636950326337,0.17142218332524808,-1.6919823019491205,-0.1525955733802484,Y
0.0,0.0,0.0,-0.2848496206373821,-0.18993587468477124,-0.03616574769478847,-0.4934794362824642,-0.5698089431145111,-0.062345104516261164,-0.6263385869324464,-0.8352613438630248,-0.11941478669322583,-0.7663786463359988,-1.0060542475119683,-0.15892616316864697,-0.3388438109126308,-0.9700766607856876,0.03411722841320471,-0.39841223966022743,-1.2830594721165094,-0.11872902653291444,-0.3880754244236386,-1.013656980724485,-0.20064171671427258,-0.36997066368481396,-0.7641560848642938,-0.20979045717914394,-0.1769669847460395,-0.9842147876676932,-0.0019844510909884164,-0.24663831538856026,-1.226553626342968,-0.18914500787747446,-0.23461332294272064,-0.8528363920109275,-0.2494936469915974,-0.20942147160686256,-0.5740879743947375,-0.2299394864196643,-0.003128261179715441,-0.971685309657206,-0.060498550771959946,-0.04086811232966524,-1.26897770757752,-0.2130172219271391,-0.061419949577953534,-0.9343880032034695,-0.2074367316590641,-0.057841559105889985,-0.6634525989795917,-0.13961666078290283,0.1702542874016893,-0.9375456684334177,-0.125797196860242,0.17824581360737718,-1.332161350561023,-0.1768354419342654,0.17238434977705475,-1.5455353036080037,-0.1665372229486597,0.17195169803232163,-1.719186335900412,-0.13148354170915488,Y
0.0,0.0,0.0,-0.27408948900321917,-0.17158158045176525,-0.037561500157737994,-0.4922349050308495,-0.5972565486436111,-0.0567378165357246,-0.6249755146177801,-0.8978968018846106,-0.10566657513355796,-0.7730973901206005,-1.0678355879670993,-0.13801849257944623,-0.2954934231281594,-0.9741903295295139,0.044944199611993516,-0.3538606861343033,-1.276717108417539,-0.08786612680128855,-0.3553334380747578,-1.0072923399483227,-0.15636762813777208,-0.3496776196066558,-0.7631078245265043,-0.1636841221950602,-0.12981959272691707,-0.9914530528485695,0.012950573017010294,-0.19032599632123018,-1.2212791195226407,-0.1664962572319298,-0.18903592894596705,-0.8514508456884046,-0.22684891935028428,-0.18602926445938003,-0.5710663700251547,-0.21001417790457502,0.04469655786619448,-0.9767729129821296,-0.04024366534838151,0.017047977840459517,-1.275766613380878,-0.1910647117083917,-0.010024530782072402,-0.9608625565752197,-0.19538076269079707,-0.027894133593411072,-0.7033157585836126,-0.13788454003316467,0.21329937764588136,-0.9416791966195657,-0.09859863857499761,0.22930648625860808,-1.3210011454014872,-0.15792933060529285,0.2197780739091874,-1.5602118343604192,-0.16375381054813157,0.20005918850120818,-1.7837070380415199,-0.14267593819038088,Y
0.0,0.0,0.0,-0.27999725447816376,-0.18381807763436134,-0.05459470156791345,-0.49951105913925165,-0.5900955519691569,-0.08755125138014704,-0.6311447591695026,-0.8957898042408231,-0.1481939753803417,-0.7699135031632804,-1.0942407520964215,-0.19032509044371584,-0.306490737624811,-0.9732863032677901,0.023972082281511674,-0.3590958792154792,-1.2801096727067496,-0.11686497930223085,-0.3632816691380361,-1.00171698527335,-0.19063408708905172,-0.35743626007963936,-0.7465407778003109,-0.20074981727415145,-0.13460431574735884,-0.9908861272045112,-0.005134305778850383,-0.1953537489490328,-1.2304807619023457,-0.19139051929943768,-0.1969768701353569,-0.862534679229541,-0.2579640151417105,-0.19304571139236465,-0.5743240433764052,-0.24608464971631908,0.04395378482150715,-0.9770469348018408,-0.05698295221847968,0.014635677755815058,-1.2636013083539586,-0.2114466003085443,-0.01916642823132017,-0.9513510356088254,-0.219702811844173,-0.04296418991607514,-0.6881616361829072,-0.16461049978407966,0.21900185683410112,-0.9448558653956716,-0.11593210727611522,0.23154555512904362,-1.33552662121078,-0.17664551553681646,0.22000585561258615,-1.5786249369954053,-0.18199669170108088,0.1951696723340838,-1.7994386301661693,-0.16058214541465962,Y
0.0,0.0,0.0,-0.2966581569603338,-0.17546438659025107,-0.05214190231096912,-0.5196279390472106,-0.5979022889549395,-0.08017762599605395,-0.6395319235658073,-0.9122277988575708,-0.13640442422830243,-0.7852840681987562,-1.1032387023639711,-0.17346309446026,-0.3335361340731482,-0.9669517494308764,0.02615198225324686,-0.3967941760712649,-1.281517806655829,-0.12044607208257312,-0.3803436283045951,-0.9922855904793042,-0.19704689093271058,-0.35751713195635354,-0.7357318850553599,-0.20775685221948825,-0.15505366366388126,-0.9878969521778609,-0.004239488424458378,-0.22160588504992365,-1.2251775413723562,-0.19358161205579427,-0.20870237398701924,-0.8509461388800308,-0.2593368398691402,-0.19339062623296852,-0.5660104872779197,-0.24619967445222374,0.030368377173044147,-0.977416625655375,-0.057646997358734825,-0.00396482281031409,-1.278107059166016,-0.20950020794694668,-0.03355063610969657,-0.9553049882164446,-0.21046302529712593,-0.05105720546318392,-0.6880655803577452,-0.15160217893013034,0.209546110991736,-0.9465970495362325,-0.11911419044968084,0.21665161510753364,-1.3327736049736292,-0.17602508045820597,0.20051170625893217,-1.5735583971189333,-0.17782827468732018,0.17766649369605567,-1.7954273768772653,-0.15464494554227212,Y
0.0,0.0,0.0,-0.30040897392986454,-0.17053426371694333,-0.0477249484986399,-0.5334214006020903,-0.6041836549898915,-0.07264587872511281,-0.6602899354470761,-0.9244305927538083,-0.12689961708547862,-0.8128041764012391,-1.1103374064788245,-0.16297974080353353,-0.3389585345727907,-0.965648354876424,0.0303114739090883,-0.4070965961585566,-1.2880302237521075,-0.11295978871264578,-0.39521565636715245,-1.0096169782558884,-0.18484508555704182,-0.37393612132681,-0.7675549642827297,-0.19382711315970624,-0.16167793191353544,-0.9868394898773045,-0.0028403434411150485,-0.23398380661523074,-1.2241575597414174,-0.19221995133115566,-0.21984056566963175,-0.8509272993357653,-0.2557213957677635,-0.20007135742182758,-0.5719747880865516,-0.24145450000506005,0.02427097706836746,-0.9760448628363444,-0.058599480788112654,-0.014840363911918399,-1.2769909977563592,-0.2146960599936735,-0.04144227015934434,-0.9511330173722241,-0.21448378190468426,-0.05390693084624303,-0.6883518455208533,-0.15432211774683818,0.20535086800371738,-0.9462193528410945,-0.12150547665443806,0.2139695529477926,-1.333303991437134,-0.18414396035228356,0.20063772996902945,-1.582836000086901,-0.18852696952387277,0.1816750923554499,-1.8172154383361738,-0.16683115385037153,Y
0.0,0.0,0.0,-0.30703554544818845,-0.17313970714357085,-0.05643647388317442,-0.5318233812823565,-0.5922365050583501,-0.08644891172420206,-0.6542319832605029,-0.9142651845912223,-0.14450435216084237,-0.8066601951600257,-1.1048269599188207,-0.18607492063868022,-0.33823264566418937,-0.9594834942863589,0.021529159064116784,-0.39961832077039283,-1.245404873895281,-0.12021473697536533,-0.3855800643804557,-0.9656997255170718,-0.19664482007764764,-0.36100619039055265,-0.7190349372577379,-0.21123363841487577,-0.16144991340639997,-0.9868470450909484,-0.00817527102483102,-0.2231003170097556,-1.2155397516030428,-0.19373698999609185,-0.21660669744372182,-0.842293252532378,-0.26059130782015805,-0.20581675497598995,-0.5564733396462044,-0.25146328247440336,0.02180726064277153,-0.9809736322502502,-0.06025865999306118,-0.008566824747329334,-1.2603883564201728,-0.21545079032366968,-0.043447311145769885,-0.9282346266132918,-0.21999708235673412,-0.06456379586628506,-0.660690882280272,-0.16368729729094822,0.19976585371106476,-0.9519872406063479,-0.1203147230611002,0.20979282157549883,-1.3376839384463681,-0.1829556806605765,0.18872020758131094,-1.5732598992467488,-0.18620739456407212,0.15875976046801027,-1.7955332530652348,-0.16448303392594263,Y
0.0,0.0,0.0,-0.3091010620625167,-0.1773532108645532,-0.05702071578620329,-0.5354361000616219,-0.6035853752966255,-0.08634931356117528,-0.6590200615038366,-0.9260031303383892,-0.1432951792967913,-0.8122525258366383,-1.1140515109847047,-0.18261072215934604,-0.33418060293177426,-0.9679729433971479,0.019884963244659923,-0.3971078654209861,-1.2629058275387153,-0.12308572327146274,-0.3859772865062505,-0.9785892684819936,-0.1980465552932235,-0.3643257266529408,-0.7293866234271326,-0.21041920582813753,-0.15529231352725073,-0.9878274487207319,-0.009012708429976061,-0.22182867312532784,-1.2198511441973805,-0.19743273799222696,-0.21762937433954258,-0.8465589114450776,-0.26431917560161416,-0.20590783804791654,-0.5635967556603916,-0.25414808374935755,0.029558448644108618,-0.9770598576918016,-0.06040101685714067,-0.006649529989968274,-1.2511323998491184,-0.217898746285648,-0.047649528086651904,-0.9133174468344664,-0.22120866492496272,-0.07102055727272129,-0.6449997488771049,-0.16287185467498996,0.20979125424605446,-0.9474109769512293,-0.11971708044694444,0.2192158404775034,-1.3332973905360335,-0.18288030238005404,0.19799540745733435,-1.5733842787473686,-0.18591568151760468,0.1673820016544801,-1.8018767771871058,-0.16338316442374504,Y
0.0,0.0,0.0,-0.3148993042444418,-0.1788577373544681,-0.042324057210373155,-0.5448468227848897,-0.5952951698748964,-0.065579020142198,-0.6712117530080077,-0.9126538975649479,-0.12012124493361595,-0.8237800916598728,-1.0995145731540659,-0.15863920362598985,-0.347890228558459,-0.9591343714422601,0.027859591596501247,-0.4306761263011589,-1.2583120624860729,-0.11564790101308871,-0.41025324573533073,-0.9764670638653296,-0.18723730463873053,-0.37217301818221377,-0.7349358806348693,-0.1952798879460945,-0.17497915684859935,-0.9845290648434701,-0.009209513939146832,-0.252822074536073,-1.2222164701308929,-0.19788658720047267,-0.23537494010894974,-0.8430344190211557,-0.259691429697195,-0.2061133517339164,-0.5627218763148514,-0.24321975140839847,0.008954801029743659,-0.9792309462273844,-0.06747805008550703,-0.0416147199469082,-1.2518347212666177,-0.2256429488559828,-0.06275168813403564,-0.9091228346207786,-0.22704838811775374,-0.06049815868240074,-0.6460900183933812,-0.16504754304888314,0.1934254042656088,-0.9565121126479301,-0.13212912142791694,0.19851572363792985,-1.3525956346449288,-0.19182578121636049,0.1748478216297407,-1.5943654186574259,-0.18991078289824886,0.14680660925354108,-1.815456383548969,-0.16237959001375585,Y
0.0,0.0,0.0,-0.3066572913983271,-0.19997034176212833,-0.04049415046458431,-0.5219289487534543,-0.612479949854624,-0.06207402758319193,-0.6396585346151301,-0.9201665065437667,-0.11534290491951571,-0.7846035309134631,-1.1036078042143664,-0.15224699010262227,-0.3301342778251685,-0.9656949055716783,0.05055375397419013,-0.4024888225921663,-1.2567047447364044,-0.09376506680646678,-0.39332120644803714,-0.9793405486510083,-0.1691696395020401,-0.3695960792235059,-0.7408846566368319,-0.178964188067424,-0.1557990554036534,-0.9877097396487862,0.012494980522451547,-0.23031642897601268,-1.218185519998614,-0.1780604915355986,-0.2195545576371647,-0.853545892560038,-0.247775543606852,-0.1974199783245183,-0.5774891315541029,-0.23606113228484055,0.025878934974996617,-0.981583084037301,-0.04815314964746029,-0.01606476870461608,-1.2484926807427412,-0.2092564733391798,-0.0457267386595311,-0.916813887100877,-0.21425429222173245,-0.055109130055843926,-0.6561739853362674,-0.15344118313851599,0.20227973181552772,-0.9597207428607655,-0.114902665082977,0.20310175999592223,-1.3404976163833624,-0.17528118793597663,0.17808316179060488,-1.5765523013059506,-0.17381336653290938,0.14891154177853494,-1.7968695088101183,-0.14599544540066642,Y
0.0,0.0,0.0,-0.2968784437092459,-0.19231130235403845,-0.04627852879555163,-0.5088263000205524,-0.5940388621495292,-0.07670244706634383,-0.6288390545472835,-0.9027673002303237,-0.1383705995060969,-0.7761300294352805,-1.1012761249458443,-0.1835684053704885,-0.3247068801788406,-0.9700916021320926,0.02988734995194858,-0.39088715591536405,-1.269714574691288,-0.11387160361209935,-0.3834930678610036,-0.9834035057101768,-0.19249963684106747,-0.36065802841574884,-0.7342293151687408,-0.2074975458303303,-0.15269889240613171,-0.9882472217780947,-0.007104710114984747,-0.21777684601493133,-1.2351168547657305,-0.19641776896444418,-0.21794013433102805,-0.856668211527847,-0.2668602666324154,-0.2064897931528889,-0.5702513075270436,-0.25918522754884504,0.02921411926313756,-0.9784941467312354,-0.06559718789958538,-0.004618816651071768,-1.2751382414683055,-0.2228228031654718,-0.04474465243855725,-0.9426526133361514,-0.22596761517918607,-0.06469190777506482,-0.6735850929206225,-0.16767261538305928,0.20666227903617315,-0.9490544980808964,-0.1314179553035915,0.20826958540071455,-1.3468080158839764,-0.19180440155694586,0.184322270296122,-1.5886986151713736,-0.19107328946108929,0.15544972095963427,-1.8146986532252907,-0.16641273766947212,Y
0.0,0.0,0.0,-0.3014386864267972,-0.20856831508036375,-0.03989382470782487,-0.504599057779075,-0.6367141644787003,-0.053876914902344655,-0.6139022575603104,-0.9417086637345032,-0.09907716662463634,-0.7481243076902414,-1.1248092775663934,-0.12559248834905767,-0.30521518344361703,-0.9724673150092412,0.06062082932853132,-0.3647496851890028,-1.2557427603105338,-0.07487836060324425,-0.3573622975430637,-0.9625606464068637,-0.1444655632728946,-0.3388887309343004,-0.7208884598631768,-0.1509470423278565,-0.13158459434503206,-0.9909519469096753,0.026452475252374635,-0.20175371168978237,-1.210434618109168,-0.15577214668301326,-0.19715788577285254,-0.841587169457536,-0.22110815598551353,-0.1829611165593677,-0.5736620189441168,-0.20724678011408626,0.049873631813041205,-0.9849444881654542,-0.030970949119468863,0.005788390834965572,-1.250252759363317,-0.1839915155541496,-0.03384251076462108,-0.921211516370324,-0.18972405153200222,-0.053871310334154744,-0.6618885733333408,-0.13089948460235862,0.22750102912890044,-0.9639232935609162,-0.09505499526690342,0.23266392016167275,-1.346504571948103,-0.15259867697996565,0.2050556444559618,-1.5832669393825642,-0.1545168111005704,0.16888967109873732,-1.8002987106415609,-0.1295165640311932,Y
0.0,0.0,0.0,-0.2973037232851266,-0.2245700897470746,-0.04380621587195341,-0.4980190923311264,-0.6441795245607324,-0.06911262590453617,-0.6052210484598368,-0.9556534820961542,-0.12668139775291795,-0.7357006383755441,-1.1609580107627695,-0.1671867525428352,-0.3006114329900786,-0.979483237103141,0.0464155154077741,-0.35683907131036785,-1.2739871924152382,-0.09679455538432588,-0.35732945138983147,-0.9856243083253732,-0.17283254845146884,-0.3435981972605834,-0.743219044912057,-0.1839806487181568,-0.1277998775598362,-0.9917500819409337,0.00994817902140966,-0.19058382533785048,-1.2313939437787527,-0.17845350104686783,-0.19355143865128027,-0.8658904304304652,-0.24929434641384074,-0.18418098147025455,-0.5924607640212463,-0.24053833290238502,0.0558943952565559,-0.9773664154823569,-0.049052671582827556,0.02464762625007524,-1.2634305588128996,-0.20662988741829913,-0.01950395898282899,-0.930294578326278,-0.21045877128494458,-0.043616658522813025,-0.6653853116905594,-0.15048404540088275,0.23630800453659137,-0.9471994127451818,-0.11493872540772633,0.25345184876213167,-1.3391976465634958,-0.17563181160347807,0.23187977573816076,-1.5838366665029935,-0.17502035096720905,0.20034675791564183,-1.8122924707254984,-0.14824282364264546,Y
0.0,0.0,0.0,-0.29565550644464506,-0.19594091210295778,-0.04344636096033283,-0.5131515587704284,-0.6455530848478254,-0.05699756310246506,-0.6418760272473686,-0.9512668343653199,-0.10034881598965563,-0.7843578672087343,-1.1296702194848791,-0.12684800686563596,-0.3020305241835195,-0.9729315425600583,0.05376539206267654,-0.3660867904651024,-1.2709014003054744,-0.08010846119579791,-0.3572247248869452,-0.9929919144243361,-0.14725839760707607,-0.33883447851065657,-0.7536753883984899,-0.15170292987172287,-0.1297456516500452,-0.9912729308120062,0.023324719018261362,-0.1951387439377274,-1.226640535218786,-0.1537104213129655,-0.19107203070205697,-0.8661688009743448,-0.2156932558258383,-0.18037185959950106,-0.6013068530112488,-0.19980744183183738,0.05046221879944042,-0.9783065409173121,-0.03043524177026161,0.019966162758184785,-1.2543118902446206,-0.18144603867994302,-0.011273407511901907,-0.9381822900461678,-0.19151336706613684,-0.02827942098916645,-0.6883739655619225,-0.1361294632060423,0.22529920271401782,-0.9487774887429616,-0.09000099178132537,0.23429139537581561,-1.334362540770519,-0.14418413013907375,0.21703383511976632,-1.5707868230521216,-0.1467818948418072,0.1909375499241682,-1.7823157141349206,-0.12328460638394684,Y
0.0,0.0,0.0,-0.30741305724022666,-0.2009493700009105,-0.04516920976187844,-0.5369785355781674,-0.6440933928798747,-0.06712636511569953,-0.6727424492216307,-0.9657122760801552,-0.1178391549864472,-0.8265761724646391,-1.1475337968723993,-0.15176518387869592,-0.3078264397646353,-0.9781759443639709,0.03726046843086453,-0.3475201014889934,-1.3149691716167105,-0.10407434381639323,-0.34867072754550316,-1.0593073410705953,-0.17631197418438047,-0.3505250106021648,-0.8090666066508775,-0.18361196859190007,-0.13139038527972427,-0.991306745890762,0.006892184524080682,-0.17889655528743856,-1.2371094606971806,-0.17567074918349343,-0.18266054556375017,-0.8764909948643433,-0.2393309395993001,-0.1852548816722957,-0.6056234047263797,-0.2269301981733473,0.05281539616457725,-0.9818800407867306,-0.04635576095629293,0.035881398789959836,-1.289300632648193,-0.19346797151138248,0.00755505410689406,-0.9851877395092232,-0.19904710312556323,-0.012380021217554495,-0.732418692695856,-0.1462997101102747,0.22783430332994462,-0.9526440502212543,-0.10626451613731748,0.2479680883263054,-1.3305533224411272,-0.15834712249717664,0.24002021227159515,-1.5665012634929685,-0.16133057709564283,0.22206303887425233,-1.7873341796714017,-0.1411912688387999,Y
0.0,0.0,0.0,-0.30691358786303935,-0.21564286096724278,-0.07316981088906475,-0.5120753323060853,-0.6448457336813566,-0.11485285660479512,-0.6344819144553596,-0.9708395906985406,-0.18209540838989685,-0.7812524198156012,-1.1793056658060632,-0.22598170948220456,-0.2864743966221561,-0.9989744987200354,0.024859868781177113,-0.3070049865755386,-1.319008940434985,-0.13294698400943442,-0.31189420106125326,-1.0203620715039576,-0.215008040226256,-0.32090731997374994,-0.7683421118733689,-0.2255799559586534,-0.10506686238967979,-0.9944603341235416,0.003098109501278379,-0.1374055630679222,-1.2129381995329074,-0.19737386108387023,-0.14928725866326503,-0.8348187112735037,-0.26691611992285125,-0.16054916958599333,-0.5711983777218762,-0.25237094662956955,0.08402693358418409,-0.9715563922953673,-0.04568934317081869,0.07368545017548454,-1.25107366143282,-0.2055905984860712,0.025239336516516202,-0.9336070165297485,-0.20770230955624822,-0.015067632725187742,-0.6869851991483258,-0.14518483654424427,0.267124316276241,-0.9315859676382181,-0.10419817502179872,0.28634010765926377,-1.304199608419034,-0.1616566111089813,0.2837439457297136,-1.535432869859867,-0.16337879854329918,0.2712062896595076,-1.7567976053975343,-0.1364161355342977,Y
0.0,0.0,0.0,-0.30240256604678356,-0.20564759881896688,-0.06916033890207872,-0.5179680491237155,-0.6538108856505112,-0.10334409398455761,-0.6410674967492748,-0.9770666252448534,-0.16080308316601602,-0.7831290958918712,-1.1768225443224851,-0.19569262110917768,-0.3020873491750194,-0.9903068506592025,0.02886041235141394,-0.33607367491255036,-1.2934858720827587,-0.11946315125431896,-0.33421517968943415,-0.9974383182827953,-0.1955391134242292,-0.3342640397005579,-0.7511118286026279,-0.20545975478282197,-0.1200278281262559,-0.9927329596115452,0.008636629909646224,-0.16280895586606425,-1.2181283789264195,-0.18274222281081226,-0.17637026135351247,-0.8445230958691978,-0.2486654934692998,-0.1885315181222172,-0.5759732583295296,-0.2339399237167882,0.07025692679511372,-0.9681593056169595,-0.03708949137563705,0.05114638044429201,-1.256485721259082,-0.1924279347659196,0.0019765968500039047,-0.9288479366670973,-0.19223708407246937,-0.03726818288469824,-0.6658527843920421,-0.13061988981932904,0.25389769740387397,-0.9216413642264057,-0.09152509286877288,0.270088090289876,-1.2906577150388834,-0.15293625492500668,0.2714945606100815,-1.5255732981211754,-0.1590844671747456,0.2656266128741493,-1.751501012357235,-0.13657365667479934,Y
0.0,0.0,0.0,-0.30584115575535353,-0.2052535561423994,-0.07974997954944496,-0.5170800769186377,-0.6572550071387536,-0.12165009577563417,-0.6353874444451938,-0.9942742106155483,-0.1847284250905269,-0.7848024532758348,-1.2011164931534035,-0.22533560569132022,-0.2982476932612218,-1.0000579674191143,0.0070397876132347326,-0.32225635608386677,-1.3156123776121145,-0.1436368464757186,-0.32502150293440846,-1.010753484509063,-0.21926986932363857,-0.32618972793350565,-0.7616809113118793,-0.22855938143460372,-0.10900448192150057,-0.9939872206476579,-0.010364753261388929,-0.13774758516459387,-1.2214802641772071,-0.2018501854814724,-0.16181153006308896,-0.8428870025533319,-0.26720153382781164,-0.18293524336946854,-0.5805181215603011,-0.25296012232215614,0.08496661347387818,-0.960127321710177,-0.053215691390542316,0.07729447460225623,-1.2489284853741074,-0.210575943350606,0.023271518808546263,-0.9254365525437465,-0.21265019463527535,-0.021511432878784018,-0.668363575210526,-0.15257590971299093,0.27063690401916674,-0.9100293933018266,-0.10480665493266395,0.2888995091357931,-1.295559288874423,-0.16754119418185456,0.2897780620177672,-1.537998310986172,-0.1736232655834043,0.2833061849277432,-1.7651489334636898,-0.1510537155193331,Y
0.0,0.0,0.0,-0.3007438741566752,-0.20586719517743868,-0.06417992939651089,-0.50873330147102,-0.6675130447364728,-0.09345442827731729,-0.6235901064050113,-0.996908980695104,-0.14665231632796943,-0.7612415531214447,-1.2013674349173735,-0.1780131438420905,-0.29574572828120277,-0.9968708665330366,0.028511604052085866,-0.3193495174108817,-1.2978088707992304,-0.11177387236271157,-0.32252485719308277,-0.9980298633289779,-0.18168209539149455,-0.31916828976089573,-0.7508116200869001,-0.19026701378891728,-0.11259234913396199,-0.9936324974944983,0.004174067481689431,-0.14598272797114864,-1.2324421930287983,-0.18371838528358325,-0.1616939194702191,-0.845980458207276,-0.2451035420072285,-0.1649402969319155,-0.5693635901599446,-0.22851038583183514,0.07821248512434782,-0.9622939063312527,-0.04531965258120629,0.07121223345934131,-1.2482075155362524,-0.19963266075417546,0.01649038141153062,-0.9235897904245101,-0.20111088219544812,-0.02610152733022213,-0.6657328019292457,-0.14184307284134287,0.2617734040278582,-0.9116744431982636,-0.10341280978437697,0.2764715299974244,-1.2866534339482114,-0.16500384972004598,0.2770316747060963,-1.5239403426494051,-0.17283701446953179,0.26890787093282975,-1.7544777819737478,-0.1536475627285021,Y
0.0,0.0,0.0,-0.2978304087315687,-0.20145638776888297,-0.07150749934749982,-0.504343152506998,-0.6498935271165565,-0.10731175637633036,-0.6151042579696149,-0.9788937883137433,-0.16519119784566993,-0.7572797043854175,-1.1851450357068176,-0.20194465105624113,-0.29954775053647703,-0.9961982582664108,0.016787405000845693,-0.3293513527395821,-1.3022340650956377,-0.132232669123569,-0.33365556497040016,-1.0113166063140948,-0.20775649167499177,-0.3323473237776081,-0.7699644049164809,-0.21701949230163425,-0.11607356695629532,-0.9932363030179595,-0.0029280405152224773,-0.15255656426850753,-1.2149097627218375,-0.19416099559963715,-0.1787327773396076,-0.8378098083602962,-0.2579122798701188,-0.19561083507296462,-0.5728647716248124,-0.24155121658143505,0.07660082471039889,-0.9610819667853221,-0.047732488766050095,0.06015874613717024,-1.2453751542596132,-0.2052240616980218,0.0059571670054601,-0.9158957867405159,-0.20488061991187573,-0.034653130060541396,-0.6558402160439779,-0.14275318148003577,0.2655734177053936,-0.9125059007107195,-0.10057350749737051,0.2820388821339548,-1.288724937236,-0.16159685641994248,0.28735627895424565,-1.5175357903586149,-0.16445437256446552,0.28817372089746096,-1.735774870165083,-0.1394690063498716,Y
0.0,0.0,0.0,-0.29740958022081504,-0.19903918506553203,-0.06885122894697694,-0.5089376518746572,-0.6609907619679931,-0.10236168689823878,-0.6235876705302381,-0.9933501929464265,-0.15978161212113862,-0.758170667499081,-1.2086672163211392,-0.19694314003477698,-0.29339724675927215,-0.9978800765979637,0.018902426038277062,-0.31821792311757374,-1.3261268929442673,-0.1252429083416508,-0.3268093494118862,-1.0548622904227383,-0.19600835963387758,-0.3300667798818447,-0.8171347539320313,-0.20279389047482302,-0.10581464211424506,-0.9943815677101705,-0.0029256302735924944,-0.14110072973794846,-1.2261936017743282,-0.1933611152494981,-0.1636116792585398,-0.8454891772984408,-0.25662037151056893,-0.17401965394016897,-0.5709870142602583,-0.24002218841709702,0.09048668071345539,-0.9610273673433596,-0.04963913797281518,0.07332695799234977,-1.2485486963486827,-0.20878415748153298,0.015676461753680284,-0.9193585229224163,-0.21219468749404752,-0.02670676958218628,-0.6594188623807458,-0.1519980042116363,0.28202930495858924,-0.9132221224993579,-0.10408153419932888,0.3011600339071569,-1.2987984111512452,-0.16834385442153416,0.30216362178307576,-1.5409768171822995,-0.175568484064571,0.29541916974207855,-1.772107684409716,-0.1539310751278566,Y
0.0,0.0,0.0,-0.2898393988234753,-0.1991946650417441,-0.07367305932377691,-0.4918198011120821,-0.6630144295627526,-0.10799262482716415,-0.6046130239793813,-0.9943143717675299,-0.16460698066221852,-0.749815192170936,-1.2008441057094081,-0.19973916073657141,-0.29065365082461125,-0.9968951549229905,0.016310442479810904,-0.32650423285792,-1.2901839960223487,-0.133920882367037,-0.3239787842158244,-0.980903635126194,-0.21005970438327737,-0.31380279812114237,-0.734709101870819,-0.21953751730234602,-0.10043075066630198,-0.9949420629931588,-0.0019888709159600823,-0.1399728248300453,-1.2060682711206443,-0.19336606998603292,-0.16030114847040133,-0.823529342368304,-0.25761353599327724,-0.17594953245806308,-0.5639835802583124,-0.24197125734996724,0.09608900072098912,-0.961288477532391,-0.0456809635445025,0.07608557413955257,-1.2501231994372286,-0.20431246939092026,0.02189036440031799,-0.922874578265438,-0.20549308069457944,-0.020665585953658715,-0.6653743383617926,-0.14420166399261689,0.28278146618720545,-0.9120144844720035,-0.09759790897486877,0.3009056832337501,-1.2940737959199542,-0.1589502438753787,0.3005994886220853,-1.5332997355019784,-0.16358277050579728,0.2925914407521437,-1.7603117405012838,-0.14015704724599115,Y
0.0,0.0,0.0,-0.2985022377420904,-0.2000124483748202,-0.07559979043858155,-0.5065068592615739,-0.6673374088942461,-0.11036221092538152,-0.6189276454443774,-1.0018991249576739,-0.16590813995545073,-0.7648550106502301,-1.209677217325013,-0.1998525466295669,-0.29778083911983455,-0.9996102756525017,0.012703686618786195,-0.32614503477621287,-1.3144372774593864,-0.13365612017406595,-0.3294045895804498,-1.0150679260619115,-0.20575603362484407,-0.3285168823657794,-0.7717289691268531,-0.21369410967342883,-0.10498346905026233,-0.994466722197235,-0.0037960069099204994,-0.14147650419929186,-1.2139870436528284,-0.1919184683836844,-0.1662376070397102,-0.8296957822093906,-0.25391783579978894,-0.18706877231641197,-0.5676402441079366,-0.2375952168974203,0.09263560210482882,-0.959368744678009,-0.04540787251726164,0.07493403379232523,-1.2516710729805562,-0.20199529087207838,0.02193370075755867,-0.9232048944539275,-0.20126989444712023,-0.021066119066735826,-0.6619699784876522,-0.14021471052190937,0.2820865187904503,-0.9099516909589804,-0.09498763680627267,0.3020469821400738,-1.2884842443693931,-0.15852503692784772,0.30524631638458094,-1.5296583813904328,-0.16448090488926298,0.30114367374412626,-1.7618208080703468,-0.14246936398786958,Y
0.0,0.0,0.0,-0.3055878805621491,-0.189545444783961,-0.08486487682897181,-0.5253844544855033,-0.6483745065386829,-0.12635689926733468,-0.6459905534649578,-0.9868387892268902,-0.18640540419326387,-0.7954662650358526,-1.1966629376088862,-0.22372083417813549,-0.29931436189827065,-0.9970258456577041,0.0018573665091028218,-0.33643511783085756,-1.3215958546829998,-0.14621991533156103,-0.33234434577024624,-1.023905847483485,-0.21839621417854893,-0.32447220254402476,-0.7732500502030313,-0.2261083830783778,-0.11107252408772086,-0.99374549298684,-0.011523435300506875,-0.14416643376444876,-1.225439458247156,-0.20019895476006253,-0.16927744875822184,-0.8410593475940291,-0.2606844924455436,-0.18793850986700014,-0.573267439277163,-0.24350451232562004,0.08290697432837123,-0.9644297581854847,-0.050666768736031924,0.07467524845041809,-1.2618781258430358,-0.20572444162426917,0.02060840093604512,-0.9345847177207803,-0.20312817497151062,-0.02155578136247414,-0.6701399645407445,-0.1415051175440904,0.2722269208360685,-0.9204983470145882,-0.09887261879531863,0.2919376436588795,-1.307333528199227,-0.1608757750624332,0.29572077278412034,-1.5520509378472163,-0.16546359023180757,0.2947794653091428,-1.7794393403429531,-0.14270462533982528,Y
0.0,0.0,0.0,-0.3011489943667868,-0.18740181371843323,-0.06437349730116336,-0.5197082822002155,-0.6700536544082317,-0.09151107199392244,-0.6368479855447906,-1.0029309338873724,-0.1383081369825962,-0.7831831903378448,-1.2126502567378679,-0.1644485486945299,-0.28522024529239554,-0.9980666314751009,0.013908298685166985,-0.31167977677808034,-1.3235999030956618,-0.1208118992794842,-0.30762517737103784,-1.0308270197260163,-0.18945618478134127,-0.30636619087111383,-0.7673765291696206,-0.198900705058321,-0.09435145526938972,-0.9955161550720373,-0.0067370527039478335,-0.12401505375876003,-1.228886587278157,-0.180663473822418,-0.139987033960581,-0.8492521215239552,-0.23889238000592572,-0.1570474778819089,-0.5708942573075158,-0.22460859534464417,0.09817789039277566,-0.9630143530092659,-0.05023105941288649,0.09699399796234986,-1.2472928001848418,-0.19220640500465863,0.058031704193431566,-0.9367176587702328,-0.18792402158776564,0.02306476717544845,-0.6798936994723712,-0.1307436203525087,0.28333024444728516,-0.919427129181807,-0.10059884540475861,0.30467633413447415,-1.3032710258253641,-0.15651425581683742,0.3171890235654878,-1.5426686777716134,-0.1551518348416558,0.3240393959949356,-1.7609163812569748,-0.13125868120845258,Y
0.0,0.0,0.0,-0.304643406545385,-0.1876342125262855,-0.08523690160394506,-0.5269803012205665,-0.6704827553029623,-0.11960069619078707,-0.6488681904712656,-1.0102523285093366,-0.1708665655056789,-0.7972633723153731,-1.220060447221222,-0.19863194497824324,-0.3025035632943487,-0.9930233605047474,0.003577001957973051,-0.33480895622076906,-1.3118571827243373,-0.13889279889493467,-0.3308558592183966,-1.0086071515432518,-0.20570641759626962,-0.3251840516563919,-0.756698933886812,-0.21145808906917676,-0.1091998950267476,-0.9939857255307484,-0.008231668558623612,-0.13333177033008944,-1.2191205028857908,-0.19405140181451078,-0.15905143817470072,-0.8304915412861937,-0.25260201611554495,-0.18158877905079757,-0.5577979323790294,-0.23487638277841844,0.0852442494870462,-0.965853873599297,-0.04572676479182501,0.08581511476232635,-1.2514003393607225,-0.1968936947083853,0.0329601398062803,-0.9261256642137753,-0.19267100066101306,-0.01196527972617522,-0.6637634468060093,-0.13211086337288017,0.27118326966059103,-0.9245138831014765,-0.09235765609328339,0.2887460394149937,-1.3024246570923328,-0.1512514010328648,0.29456726598478256,-1.5399624663978246,-0.15400708812986133,0.29565427750730855,-1.7595723465899114,-0.13171077947664395,Y
0.0,0.0,0.0,-0.3040796017423318,-0.19303293104823502,-0.08372112765639102,-0.5207969349025104,-0.6639802571213066,-0.12206449712816508,-0.6357568737952753,-1.005140885320356,-0.1780838420141426,-0.7783678937374372,-1.222687482305685,-0.21093781218182908,-0.29225595470753674,-0.9966845990494363,-0.001462692632980083,-0.32101437700407315,-1.3131617027409528,-0.15033096615190827,-0.3220108599154781,-1.0016504003824787,-0.22296332153279588,-0.3173849309870891,-0.7416053132843488,-0.2317192862984765,-0.09824656977494114,-0.9950363188083213,-0.015822003028768388,-0.12318721109476549,-1.2207546035640082,-0.20503371303726461,-0.14787741194464651,-0.832735523171266,-0.264779407944134,-0.16850249662338296,-0.5589148128522731,-0.24799263787642456,0.09461432900999742,-0.9618687158140474,-0.055898082271599335,0.09124836562010193,-1.2429174206756763,-0.2106794920752772,0.04136258033096261,-0.9181014101275471,-0.2063011700529279,0.00030416173627959155,-0.6589745529979508,-0.14510861083776067,0.2793151848077434,-0.9131441483021593,-0.10488392960576057,0.29907902132356873,-1.2931059703271153,-0.16578157498327872,0.30637921352183,-1.532562925525087,-0.1677038569722749,0.30811195725683777,-1.7549032915801621,-0.14457001050440416,Y
0.0,0.0,0.0,-0.2982034087223437,-0.1876159075181973,-0.10530832350402938,-0.5123630169118785,-0.6667079118036862,-0.14818609019872397,-0.624086358661155,-1.0280203136189865,-0.20428967356552602,-0.7695845458943502,-1.2580507345966736,-0.23572600894053156,-0.3007211730421845,-1.0000228241589904,-0.025263995229314953,-0.3282624285499941,-1.3362143592479416,-0.17876722996334554,-0.3221498580129582,-1.0278025408494464,-0.24617914076645392,-0.3126226104495326,-0.7728817811771664,-0.25001485810995283,-0.10027969381389755,-0.9945613942028795,-0.028135674326653724,-0.12209072554719252,-1.226846852209155,-0.22671435785298955,-0.1478946210100064,-0.8290108459024045,-0.28354937578748596,-0.170804005261675,-0.5586375527114675,-0.26116581555427043,0.10370323730304715,-0.9553302519781322,-0.058432020293609346,0.10104827613839608,-1.2372959007956483,-0.23102133935857283,0.040995879417913834,-0.9037317941711991,-0.22923674984418302,-0.012745151337338011,-0.6438215492447975,-0.16225137228741554,0.3010843869113818,-0.9082860449901968,-0.09699172726527018,0.31559583096166877,-1.3036713298797293,-0.17444529602385367,0.3235350483792119,-1.5460992435233814,-0.18239429377202881,0.32062124872276454,-1.7738904937742608,-0.15761841216742684,Y
0.0,0.0,0.0,-0.3058428314423804,-0.22532606101308608,-0.07583255575549615,-0.5185503527350698,-0.7086232008314551,-0.11173043853554106,-0.6288448172819266,-1.0527785159393412,-0.16830959026957168,-0.7695964838228048,-1.2682129043968353,-0.20212173386762075,-0.2865551972671893,-1.0030995663650326,0.008798600446674744,-0.30653566897676765,-1.299581169467902,-0.1441415113099082,-0.30423184706987705,-0.9697001661035557,-0.22275728209491166,-0.3006404563765659,-0.7060151580458989,-0.2358675719386597,-0.09004282951027563,-0.9958829657320087,-0.01045980012247183,-0.10963696964834863,-1.203022498484273,-0.20289877675537926,-0.13396626129947323,-0.8096211810915965,-0.26729886724935986,-0.15311785679431955,-0.5394249017290189,-0.25519311946947315,0.10627423971561688,-0.9594690823723668,-0.055260451939352855,0.1136401325174401,-1.2472394874257935,-0.21128166533004272,0.05963643255533046,-0.9272771206107917,-0.2074789424314592,0.014697661679349437,-0.6754264113704916,-0.14748068583284343,0.29010210498775624,-0.9091536606743402,-0.10845386579894868,0.31724768676601733,-1.287775510372723,-0.16925329196617356,0.3229817247594949,-1.5293666484986042,-0.17035245555895887,0.32107428879466143,-1.757838204104924,-0.1471514623243776,Y
0.0,0.0,0.0,-0.29026936254172636,-0.2222089906361568,-0.08209472873847823,-0.5014073125657893,-0.7136438298208198,-0.1165537463613913,-0.6217963310197355,-1.0557038518114785,-0.16948404611219367,-0.7678239677665362,-1.276623371677153,-0.19983628735366854,-0.26765570863454247,-1.0013777689437737,0.013759256694892068,-0.2864540211110016,-1.286412523073153,-0.1298492908467641,-0.2868663060386759,-0.9650606071095446,-0.20534894927323258,-0.285755001796335,-0.7008649682670578,-0.2187782892396854,-0.07264599926221756,-0.9973577255445458,-0.0003550884457285013,-0.09681265877044597,-1.1901789434269394,-0.18801491925758057,-0.11263581767357035,-0.7985347975767251,-0.25421038041454175,-0.12223421716114309,-0.5210035078261478,-0.24402765157632217,0.12177098418797466,-0.9615363973673577,-0.0403095082168498,0.12827610948483187,-1.2344817564991115,-0.19377352680152402,0.08073794389269426,-0.9293408717611692,-0.1954109340568042,0.04060680530753033,-0.6790731548556425,-0.1399320758442506,0.3020341153804144,-0.9132976961496757,-0.08854066104944325,0.3239479918174928,-1.2934685241119155,-0.1472708025231223,0.3314831470936407,-1.53367946075151,-0.14898420538420928,0.331542283217875,-1.7522427851441682,-0.1271520012417865,Y
0.0,0.0,0.0,-0.2962717545174752,-0.20769287485363297,-0.09525548846017687,-0.5056366030981059,-0.701123059716347,-0.13463477742633387,-0.613959274938027,-1.0510983209040405,-0.18940120698469068,-0.7587756263227686,-1.2692281046965637,-0.21925144417338666,-0.2886240312153095,-1.0049832925919153,-0.0076357647019784855,-0.31372941545471894,-1.3087646829592139,-0.15786358183100352,-0.30471483742505445,-0.9805092514206393,-0.23084568349717258,-0.29642009300339767,-0.7276840907241173,-0.24111352575723968,-0.08718247783955414,-0.9960645918763227,-0.015954446653220884,-0.10721993197760132,-1.1981483423557666,-0.2130168371565117,-0.12795144138921244,-0.7975258900096349,-0.2775554225074318,-0.151749065094702,-0.5299452709776575,-0.26337684862421595,0.1110526125325729,-0.9578149705794446,-0.051001507970974795,0.1194895146699053,-1.239954770803919,-0.21093421908433846,0.06668689295077701,-0.9210978788027775,-0.21149239163153213,0.015125400047298527,-0.6664833097445693,-0.15309817028312178,0.29477088260096734,-0.9108537797454876,-0.09545593950743295,0.3198922463927221,-1.2877990580306948,-0.1598875202734559,0.3281361878979603,-1.5293299917299517,-0.16739018391293992,0.326968926824284,-1.7567953013534898,-0.1481285295037325,Y
0.0,0.0,0.0,-0.2962328736123785,-0.20881546879166865,-0.08182721292160998,-0.5096358802966889,-0.7086111041338182,-0.1126919297604385,-0.6246785782179869,-1.051005258800435,-0.16241164064781566,-0.7673114271033282,-1.2650531832532805,-0.18863175084895706,-0.28125606933536823,-1.001000827737394,0.013701653834624848,-0.31452405786908305,-1.2996978203139193,-0.1333244402510017,-0.31268564762425843,-0.980098404046602,-0.2053658853142305,-0.3083472317419513,-0.7323478304813404,-0.21464394915115656,-0.08681462783455644,-0.9962238796850715,-0.0010963298643861406,-0.11624304013606629,-1.1953130176512539,-0.19384685880289917,-0.1419221140644643,-0.8043496010403083,-0.25813141245400717,-0.16528493403544725,-0.5408964487339774,-0.24388965212410657,0.10706781544342436,-0.9604423349442743,-0.04254959795729161,0.10508883665242169,-1.2262733888543316,-0.20125820138351538,0.04979015337453434,-0.901412182176264,-0.20280043489280164,0.0011235060179168633,-0.6498585146815662,-0.14456986810498776,0.28986157447538596,-0.9146390271792438,-0.09246212991352407,0.3088354989696185,-1.2876927601852943,-0.15546741114328683,0.3168024893575053,-1.5259357478343234,-0.16193841306333062,0.3176601957409647,-1.7529240195328963,-0.1419717697452649,Y
0.0,0.0,0.0,-0.29708305503417093,-0.19911863465235535,-0.0907388862554914,-0.5169765909719171,-0.6901061986609253,-0.13283142637115658,-0.6409022997026982,-1.0409186562218706,-0.192808190443134,-0.7945372385573758,-1.2650338918563662,-0.2310381835431,-0.2880191325633958,-0.9910968759591654,-0.001882049831596922,-0.310592200533458,-1.286662819581367,-0.15339124332122364,-0.3091302728199408,-0.9852758763633903,-0.2298742441320959,-0.30953284964136213,-0.7400362916083586,-0.24304867334871652,-0.08886571456919691,-0.99592750428591,-0.015208253711208332,-0.1130876890608297,-1.1901418345034809,-0.21177538530874856,-0.12905236237608453,-0.8000491507357564,-0.2801422638499712,-0.15033756610700275,-0.5303388245505906,-0.2703595406846961,0.10869412736703903,-0.9657581653996528,-0.05504439422198448,0.11076366282415227,-1.2322396581647426,-0.21851390561951387,0.06198450222582062,-0.9090707111646222,-0.22410595157277458,0.010778433016835488,-0.6548796260478962,-0.1692380183525346,0.29262843903570973,-0.9194478882464355,-0.10362188573748352,0.31174577465535785,-1.2998796088909816,-0.17178532942759694,0.31976942570424666,-1.543911316416594,-0.18156517232669622,0.3125824828066239,-1.777693972841108,-0.1647802102119422,Y
0.0,0.0,0.0,-0.2883849729463349,-0.2221213847012813,-0.08948245868793529,-0.5013784430396079,-0.6811758641686003,-0.14044630382784212,-0.629666738055047,-1.0257583304291131,-0.21099623789847635,-0.7825169308510928,-1.2384478199601223,-0.25891838592315825,-0.2788760017825902,-1.007835552991467,-0.0077608441166741,-0.28377994323188266,-1.3211066795903672,-0.15862740511014875,-0.2810383039282866,-1.0261131483487738,-0.23318935335744959,-0.2884429662953887,-0.7722448029937587,-0.24208747491045082,-0.08273459387528173,-0.9963030761035403,-0.02313368805261021,-0.09039567927676037,-1.199384454169723,-0.2201824812926474,-0.10848766610046318,-0.806351153730076,-0.287331101714199,-0.13118199914174689,-0.5366379520148221,-0.2747211262908323,0.1188607232567931,-0.9572578984586025,-0.06415310875520569,0.12815367292239147,-1.2358012957123008,-0.2256283400267996,0.0880449360174291,-0.9222904433928905,-0.23363274530926076,0.04636173186476268,-0.6743916859114257,-0.17819279943479513,0.30768527877795754,-0.9047454426814712,-0.11384911343575381,0.3319703291313331,-1.2985667967023475,-0.17630518301051668,0.3419988551060094,-1.5497158652276948,-0.1822200759999177,0.33764353968375527,-1.7888801385591278,-0.16105783331824414,Y
0.0,0.0,0.0,-0.2965191016366211,-0.21202420079591175,-0.10186518764562119,-0.5154015102682021,-0.6607483502432622,-0.15753255711352532,-0.6468954245877819,-0.9929332989400942,-0.2280671277666473,-0.7900427213063271,-1.2077629740709264,-0.27312076195564744,-0.27258743774279426,-1.0025965330472786,-0.028082953083503313,-0.27232293097921123,-1.314163097377854,-0.17506884400002753,-0.2663438235446994,-1.021186385023369,-0.24581340703575696,-0.2737703251327309,-0.7604009373756243,-0.2520333112119892,-0.08079688420247307,-0.9961175362069439,-0.034953076605356743,-0.08636138363263336,-1.198148429520449,-0.22955863749627844,-0.10552639966663341,-0.8119745288679252,-0.2947517509485263,-0.12927794207153806,-0.5417492813977619,-0.2799794551933391,0.1157646484772593,-0.9640681582452084,-0.06669012403598633,0.13278149919188323,-1.249887804472703,-0.220599198982936,0.0939296226112015,-0.9430698161112749,-0.22637285067681887,0.055123299143389794,-0.6939196789718163,-0.17100162311584133,0.30040530490507455,-0.9125450485632356,-0.10850614073765581,0.328616273028253,-1.3046817770132129,-0.1673648231403513,0.33653086501910184,-1.5539001691447423,-0.17270754985420703,0.33498713723344714,-1.7839462268733188,-0.15017139810543031,Y
0.0,0.0,0.0,-0.30376077679728886,-0.2304112511726433,-0.07627820048451922,-0.5174839536131913,-0.6908763470578039,-0.11894481826618386,-0.6389369475261766,-1.0250205971921469,-0.18249020208519712,-0.7631867073623615,-1.2476294298866573,-0.22317903337668735,-0.26440863510144547,-1.0111104222858371,-0.004598405160854799,-0.2566914930802261,-1.3302096414439006,-0.15071773185674553,-0.2560784081811416,-1.0320525089224148,-0.22248961472878154,-0.26927905277957426,-0.7715185945322689,-0.22758043054179175,-0.07106004142124485,-0.997199945515963,-0.023296763212325072,-0.06479063705438766,-1.2080748886709536,-0.21663908379033014,-0.09578553504092271,-0.809053215707488,-0.2840811205952362,-0.12904803212244698,-0.5368054857048478,-0.27077122025300127,0.12856565414670246,-0.9693708416599791,-0.06545006200290489,0.1546276486972995,-1.2549680349982497,-0.21885446048869622,0.10204603443263317,-0.9265031968943481,-0.22742968742437158,0.05244200236617955,-0.6718495847366822,-0.17322463204445027,0.31506934057471614,-0.9263951297383303,-0.11556371994839891,0.344597030706992,-1.3271796859172826,-0.16841615299642038,0.35595404358648874,-1.5718011643791456,-0.17011987095330525,0.35850931865825175,-1.8070466096022022,-0.14618007159207078,Y
0.0,0.0,0.0,-0.3050897667941662,-0.21370297189428256,-0.08912131770439248,-0.526960467033499,-0.6865506630483371,-0.1370258381765013,-0.6519034734892937,-1.0449982554685906,-0.20330890594959572,-0.7882671229940551,-1.2722025435614868,-0.24623626561947373,-0.28735770403725847,-0.9970551329560523,-0.012092807776232978,-0.26537828611306513,-1.3115585703519383,-0.1579678668125115,-0.25493591979193103,-1.023057393243842,-0.23228974231063798,-0.2658803999527561,-0.767883911026871,-0.2424054232245543,-0.08683277363086114,-0.9958975722258019,-0.02545771117609322,-0.07744386765147686,-1.1927739471355197,-0.21606846980735453,-0.09207649704648814,-0.8011764609150412,-0.2843831819680616,-0.12203442380614937,-0.5296636664380255,-0.27562295632635303,0.11294625228243353,-0.9716928972790442,-0.06370319943368201,0.1453018986740982,-1.2521423097227278,-0.21746120176782346,0.09825682737631722,-0.9315783612475945,-0.22608236738201573,0.04190974871405419,-0.6789522244347027,-0.17544724144690488,0.29105756827242985,-0.9293471725789617,-0.11120182385306734,0.3303965415804347,-1.3048406845971596,-0.17030176091928595,0.34787917862016576,-1.5432200455917902,-0.1785371656386979,0.34963998775557353,-1.7793492366503691,-0.1617603759447138,Y
0.0,0.0,0.0,-0.312098834269294,-0.21630335906634757,-0.09872555717269586,-0.536669830012284,-0.6771387258443198,-0.15474889665690397,-0.6613783237205672,-1.0485862639670298,-0.22887468842598827,-0.8037643526950128,-1.2874377774565984,-0.2779203162279862,-0.2823255291923282,-1.0035838970379907,-0.02437047111521772,-0.271293786226247,-1.324098909901094,-0.18396759101708568,-0.26555495227841536,-1.0164297062976113,-0.2674482606567495,-0.26687118624533673,-0.7520804416852247,-0.28278037065906303,-0.08451421771739437,-0.9957792384415416,-0.035791832761124,-0.08195026156407788,-1.215939900504938,-0.2385293894802051,-0.09931605326994204,-0.8112441038956039,-0.3058549476142584,-0.11919239784168197,-0.5328759527683858,-0.29472211985409297,0.11274855074620854,-0.971424646765844,-0.0739683278959964,0.1409616421312788,-1.2773996048971876,-0.23204281601505308,0.08761519852592708,-0.9436959246937514,-0.23008514424268126,0.03604886450193282,-0.6799438195308419,-0.17164177196069982,0.2896645171058556,-0.9299597614653711,-0.12402577596759952,0.3298103262476386,-1.3105525751650449,-0.18415564313956165,0.34258343523360063,-1.5499515845426612,-0.18748835607038178,0.34627469439574987,-1.7882152131032605,-0.16651470109241936,Y
0.0,0.0,0.0,-0.3026627868713942,-0.2171504904093224,-0.09415727172053606,-0.5210355614432609,-0.6940153418381155,-0.14622367353604998,-0.6568752477017513,-1.0562123608205924,-0.21784762567941268,-0.8093100840065968,-1.277862614748044,-0.2663341251520089,-0.2749897011244258,-0.9996214216761716,-0.010682685068483536,-0.25848477702317973,-1.3126244230497397,-0.16464127270122486,-0.24841465636963314,-1.0188342921040865,-0.24550304582871413,-0.254272188964645,-0.7603398793003611,-0.2587747823156332,-0.07581110940608243,-0.9968626685066259,-0.02274853464441185,-0.07795288062735868,-1.191303814120048,-0.22272424311471428,-0.08904687596221479,-0.7838298683171313,-0.29113644178058873,-0.10746640045854035,-0.503034755410645,-0.27960162773535496,0.12063938844445124,-0.9705952387459184,-0.0612232870402564,0.1439279020498131,-1.2530114987308676,-0.22129196098486234,0.09091008552771768,-0.9180860746392917,-0.2244495223215736,0.03516300716441312,-0.657122274075739,-0.16717269079831457,0.29500292532432676,-0.9252133403162013,-0.1102870847399167,0.33496688714725714,-1.2935547753599346,-0.16805582468498806,0.3465523072899398,-1.530403721138001,-0.17171302314249093,0.3401214457524636,-1.7683762573263568,-0.15099780130554818,Y
0.0,0.0,0.0,-0.30390986022453603,-0.19941457674071092,-0.09923423900536651,-0.5387121549159845,-0.6776347117834729,-0.15124418978500914,-0.6833219869275979,-1.0337824596931546,-0.21909094264014745,-0.8276293698406613,-1.2475350598487442,-0.2617405925233154,-0.27547363118145624,-0.9991882672628616,-0.021701480888752397,-0.24021088249937292,-1.3184718410501246,-0.16961798168928097,-0.23765150601023488,-1.0219476352675376,-0.24183637627801338,-0.2536255707661559,-0.7583534184854903,-0.2495428145116836,-0.07398738078995816,-0.996862548103496,-0.02812343635558937,-0.061285985426303057,-1.2109366654385338,-0.22256586203278358,-0.0785335046311149,-0.8071134348923993,-0.2842209431673137,-0.10415103128484486,-0.5295719436763354,-0.26818448545053153,0.11936530635575612,-0.9761009282667413,-0.06109303516888877,0.1566797805424565,-1.2628552361074117,-0.21760553913819888,0.10984710708169201,-0.9311812233526751,-0.22330585024916855,0.055131395622633424,-0.6763113869691567,-0.16941167972171992,0.2868118054384549,-0.936299096265679,-0.10435606304474872,0.3244604110735051,-1.3098856308993332,-0.1625184401342668,0.34051104150810857,-1.5423957955893053,-0.17044817659606767,0.3436654887988073,-1.7734245170710536,-0.15360600078788214,Y
0.0,0.0,0.0,-0.30041735123637575,-0.19277327256025723,-0.10495554403039767,-0.5261994247634905,-0.6387168053551329,-0.16373060044314203,-0.6659833879830193,-0.9624475011402,-0.23630702896017944,-0.7935581542100868,-1.1808820350785108,-0.28510602754104064,-0.27938014026035163,-1.004450582032206,-0.04141135986366826,-0.25158454303640887,-1.3300433679237038,-0.19679585518271886,-0.24504180135634496,-1.039061903670093,-0.27478981914614914,-0.2572688336138168,-0.768918956696356,-0.2833606036516003,-0.08380599409901808,-0.9953967529577661,-0.04649580146864279,-0.065050665252152,-1.1965104439920418,-0.24679950799593434,-0.07715063967128434,-0.7913067836499963,-0.3143822097089057,-0.10681466515368636,-0.5066179251696488,-0.2997701713777881,0.10701571723198697,-0.9708657462251736,-0.0774937131552833,0.15041437076134662,-1.2452934313690869,-0.23440313284516512,0.11187310006799728,-0.924889381005696,-0.24660004045564088,0.059279409332957125,-0.6760529427697537,-0.19576566595489428,0.277280885348946,-0.9291851740922009,-0.11890462824170461,0.30423277135867133,-1.3190900094261995,-0.1780829219399739,0.32785845414337356,-1.5509634892493924,-0.1870644887113444,0.3418242036410462,-1.7736357411137607,-0.168218214752813,Y
0.0,0.0,0.0,-0.3112253072751651,-0.19551646432062836,-0.10900189195863667,-0.547954854231822,-0.6604321608138568,-0.167947688036577,-0.6877226150372227,-1.0104108814366195,-0.24171239191076982,-0.8287379783844195,-1.226131074030525,-0.2902901385364398,-0.28109050878074476,-0.9995265635102681,-0.028670272620310584,-0.2439650790489848,-1.323543424451267,-0.1849160672426628,-0.2377821468225042,-1.0251967335400811,-0.26537075472054733,-0.2481698520114733,-0.7610615371574098,-0.2772537395402978,-0.07672326241188365,-0.9965166816600861,-0.0326809451828992,-0.05309195862946353,-1.202155221100851,-0.23194900622304496,-0.07211367751617999,-0.7973817849971346,-0.29669988908047484,-0.09961482939169115,-0.5205609020050481,-0.2816788899574678,0.11672472249871708,-0.976151117453011,-0.06480246993672067,0.16155460875312397,-1.2571575248518734,-0.22307788363372758,0.10727101645924365,-0.9275571020961186,-0.2287284082124911,0.04810984014781647,-0.6750640244716184,-0.17357761295908286,0.28279889213313547,-0.9376320922876662,-0.10861161823745245,0.31989233964925007,-1.3156891253256888,-0.16704356116488903,0.33653493704990184,-1.5498161194842028,-0.17310543108087398,0.34293463762686777,-1.7807367484584544,-0.15362232986619692,Y
0.0,0.0,0.0,-0.3102796843718338,-0.206659919591557,-0.10055584715607328,-0.5326706225555604,-0.6412972846256804,-0.16124267829133385,-0.6705380282486727,-0.9695903318166526,-0.23610780237623005,-0.8026596899103251,-1.1856152155561743,-0.28734535334388156,-0.2872943315777456,-1.0074699674378262,-0.03491576783893243,-0.25571999681868546,-1.3472409853910579,-0.19658759722594743,-0.2522054986468609,-1.0579079180817699,-0.2844067701646367,-0.263660742518998,-0.784736343401082,-0.29819818608601717,-0.09825770412911358,-0.9943501645414514,-0.040164335618355335,-0.07292806519184136,-1.2059532570054503,-0.24314153348865453,-0.0899964052988434,-0.7972613850683788,-0.31212098719898596,-0.12211677958789625,-0.5096901716397338,-0.297041584196641,0.09058076860433611,-0.969941781633835,-0.07141034665634996,0.139434372777414,-1.2490172973262446,-0.22487862050346935,0.09136328662501116,-0.9157570134968187,-0.23222772435177952,0.03004494874143104,-0.6601799138565482,-0.1778325839393682,0.25765371352201644,-0.9303473798716831,-0.11345398860287478,0.28679998458214834,-1.318024008450546,-0.16897678382810966,0.30482938991196123,-1.5550693345100692,-0.17377652105823682,0.314935874553322,-1.7873870217988967,-0.1514052956259042,Y
0.0,0.0,0.0,-0.30928263488509916,-0.19407592561244197,-0.11132711870143845,-0.5355930668949432,-0.6332329684309455,-0.17266011552049482,-0.6703768321150343,-0.9605776506133985,-0.24814359462369873,-0.7959880553207327,-1.1809105381368348,-0.2993839091937259,-0.2810438180996362,-1.002675703167822,-0.033367890110576635,-0.23292817151074607,-1.322756174413168,-0.18962597455817407,-0.23195263625056434,-1.0265894676401446,-0.2720913377004613,-0.249210404937272,-0.7570999441555102,-0.283739349005114,-0.08340736811386551,-0.9958932823163195,-0.035210526572969685,-0.04612482539769205,-1.1979226297451513,-0.23485127290979435,-0.07012167773837576,-0.7869822867975109,-0.30389800135124884,-0.1070874105967696,-0.5001369628965917,-0.28951814013734867,0.10841054006883595,-0.973804462175697,-0.06479894914961278,0.16397779361448192,-1.2572140429444414,-0.22110945853033867,0.12092662159170071,-0.934850598021124,-0.23470730748680455,0.06606262615488061,-0.6829081563763394,-0.18395717024448932,0.2737939532692966,-0.9346590177203347,-0.10565338291355242,0.3032031732651982,-1.3273092700484648,-0.16088844376427955,0.31807500507015624,-1.5592102005392217,-0.16796679042751225,0.32608820233141006,-1.782180231251449,-0.1479395786806856,Y
0.0,0.0,0.0,-0.3030012602102818,-0.2136439211025069,-0.11863663422358223,-0.5338057866467062,-0.6751760559986221,-0.1848000045234773,-0.6713362989015295,-1.051891644588353,-0.26284579474672376,-0.826845730174303,-1.2730802540779187,-0.31547238713794173,-0.26360053844013115,-1.003540360993279,-0.052960586283290714,-0.20730447599346752,-1.3097590153558278,-0.2121152999421389,-0.20113261263601884,-0.9879792401261144,-0.28930236164139117,-0.21698385758272604,-0.7224516577745853,-0.29662616675115716,-0.06131678832721721,-0.9967344361394103,-0.0525425092956836,-0.019536873626542703,-1.1894885461234748,-0.2508509224961706,-0.03115909217185161,-0.7693224896653801,-0.3100044841226898,-0.0646713479969294,-0.5065557654901442,-0.2914491006959357,0.1313024958497212,-0.9759668748851301,-0.0795933214836293,0.18749619596993328,-1.2364310316427858,-0.23983746732945854,0.14072772640559,-0.8731366063698023,-0.2392063121919504,0.073978715645484,-0.6192411863324374,-0.17853798920280378,0.2915501329820419,-0.9459311361301368,-0.11826946421439789,0.32848421514850007,-1.325992949171569,-0.17566637864508736,0.3530020395801752,-1.543249236774551,-0.17337439476090283,0.36223073446925697,-1.7725034126609192,-0.1469384374239272,Y
0.0,0.0,0.0,-0.29414420372748035,-0.1984835497442994,-0.12771349586749003,-0.5217321831125329,-0.6439920789663909,-0.1985705485004591,-0.6500166714457318,-1.0027204664969513,-0.2807664835745658,-0.7915912859173918,-1.231563773117658,-0.33665460230488364,-0.27372549918182937,-1.0019462089697577,-0.05784967451470217,-0.2096687081871275,-1.2992432607028075,-0.2166743028824114,-0.20675955996808093,-0.9925411810809046,-0.29270298975060655,-0.23129037472504765,-0.7284779324669738,-0.299573554245678,-0.07340628870787741,-0.9958560160756268,-0.053687168151399255,-0.02177099379790287,-1.1811216576819576,-0.25612072423115767,-0.044932831477802686,-0.7638825914176331,-0.3206635301410273,-0.08827600378141565,-0.4927319085163149,-0.30499323105804416,0.118985341815586,-0.9770891184655456,-0.07755372476090677,0.18654024615685774,-1.237875223551147,-0.2431898179078959,0.13409501630111959,-0.8938724028142571,-0.2524547076299565,0.06334237945994836,-0.642953118011097,-0.19703406378529745,0.28058966188203643,-0.9445406670483127,-0.1134514747679674,0.3203029445672643,-1.3265658334628807,-0.17453206054067527,0.33829500920791694,-1.5483934922150164,-0.17960282155036264,0.3415600684493115,-1.7733191880998376,-0.1577979845560138,Y
0.0,0.0,0.0,-0.2971854355643771,-0.2042502923369361,-0.12220833756372833,-0.5231140183645284,-0.6622830866079994,-0.18661074803758576,-0.6564359827255598,-1.0397705256781933,-0.2612953289296938,-0.8055565419224937,-1.2587751733452965,-0.3084284239737237,-0.255307505889791,-0.9945256514799133,-0.04807879861344093,-0.19211544418137216,-1.286036067574781,-0.2028203066698135,-0.18508286989874714,-0.957316887601952,-0.2762151235781421,-0.2048465039898153,-0.6901616306158795,-0.28310418554417577,-0.05046650628355427,-0.9976883544024022,-0.04550911154218119,-0.002687298003939434,-1.1839115008151107,-0.24862758763892925,-0.016218521362067848,-0.7679104692544347,-0.31372208381516764,-0.052844399989498095,-0.5003122542424865,-0.29817140351860016,0.13957957937667306,-0.9772413076343943,-0.07047097956168347,0.20590885002048,-1.2169508389845018,-0.2378044847884092,0.16517757035663044,-0.8757833506965291,-0.24907126992580217,0.09770454674607566,-0.6304671701150459,-0.19556324769111227,0.2957829765694363,-0.9412843564639601,-0.10672169099257409,0.34794338447319695,-1.3068020788859473,-0.17349688007908273,0.374238404236841,-1.5378768257754667,-0.18389089450182305,0.3785955583958804,-1.769416548225176,-0.16656794754515428,Y
0.0,0.0,0.0,-0.29818603565636626,-0.22232713707791685,-0.1287824546462328,-0.5133500207293478,-0.6778722656256426,-0.19589849151269392,-0.6331091180315168,-1.0615429407712096,-0.27238596605026544,-0.7863713174777119,-1.2834803135487438,-0.32078354949254984,-0.24377516478313777,-1.004174032228555,-0.05529835641281187,-0.17591531185744363,-1.2735637289951907,-0.20843402513540799,-0.16875272350297882,-0.9428122237525519,-0.27682853576056954,-0.18492808288147605,-0.6780647522613341,-0.27846926943809763,-0.040733046729721084,-0.9980006504498987,-0.04832722427052209,0.007614072381372243,-1.1639771135602026,-0.24463417716691999,-0.012139058358916485,-0.7577446373796157,-0.30432470915552234,-0.049447083004364074,-0.5051607430427831,-0.28592851408084174,0.15035235389200077,-0.9772509856776845,-0.06871932327548366,0.20523894576237017,-1.2061824153189902,-0.23122598931726007,0.150394909502527,-0.8531624891112507,-0.2360498685708886,0.08140944658715228,-0.6053825877348827,-0.17742245182604505,0.30737156554962103,-0.9441283476012771,-0.10132436288619627,0.3614417097134044,-1.306749214099064,-0.15908392524013223,0.38628544967843037,-1.525265369433001,-0.15945227082263413,0.39317945858368,-1.7500426951063817,-0.13405805571681104,Y
0.0,0.0,0.0,-0.29298947678732257,-0.2266692714503404,-0.11596849218012044,-0.5050828379617577,-0.6713468160938922,-0.18193251292413717,-0.6215510233725926,-1.0446820440563582,-0.2596744832045722,-0.7613774326667306,-1.275400896466024,-0.312693091339128,-0.2429057393575837,-1.009344574628434,-0.06630558529647114,-0.16605289515861735,-1.2911561181374493,-0.2193361612985932,-0.16356177191409196,-0.9765636182792226,-0.2855574214917392,-0.18893589555398818,-0.7034360168288054,-0.28620911507769076,-0.03991647860615272,-0.9969577898102149,-0.06694654638154014,0.005855258134956271,-1.1826213256796492,-0.26458121232206827,-0.0240164241879525,-0.7801649644998377,-0.32676093981124826,-0.07353975926680457,-0.5157201579179453,-0.3115928643592971,0.1559108745166474,-0.9735938299765446,-0.09258119419839313,0.20743863745135807,-1.2192290213164156,-0.2555920280797044,0.1491851859134509,-0.8633692265405333,-0.2670662590441733,0.07128667796252282,-0.6068340087176514,-0.21502494930313884,0.3217544074868577,-0.9359129380260534,-0.12927628241645908,0.3760890577338145,-1.3158642979397002,-0.19514844729279673,0.40353070468360985,-1.5440986234477627,-0.20473221656526763,0.4151388342394658,-1.781438196568903,-0.18675947648183774,Y
0.0,0.0,0.0,-0.29570265943251195,-0.19955921868665968,-0.14847774313642617,-0.5033047642478035,-0.6632116925221591,-0.22875540250067947,-0.6183125721996229,-1.0425073642899128,-0.3157928791105581,-0.7638342305783888,-1.2877027378603043,-0.37387807438731163,-0.24283838379482897,-1.0062501642999302,-0.08436444054411106,-0.1718442408119348,-1.2921869045715613,-0.2514977205627359,-0.16752511126264227,-0.9618684045004802,-0.32553186707926685,-0.188138140138638,-0.6906833391546703,-0.33066907119548083,-0.03337017618913505,-0.9966929354752534,-0.0740919949443152,0.025669756253248455,-1.1663694441444583,-0.29418371296175017,-0.011797059113247662,-0.7517713095523522,-0.3627258501067647,-0.06918267706863687,-0.4829812544887008,-0.3461298989776609,0.1608194204326569,-0.968893467585871,-0.09322289294235413,0.22949262271290893,-1.1987969934033977,-0.2786898284613354,0.16640083080093285,-0.8607231548869027,-0.2937909576081974,0.08460435781069225,-0.6152469928344658,-0.23771806805137669,0.3235863357031697,-0.9288511149392314,-0.12496112689629274,0.3821900180365382,-1.29613033518901,-0.20077174637934367,0.40980163645999873,-1.5199594514027341,-0.2135260245524019,0.4148561107701939,-1.7436725346629953,-0.1953141314846274,Y
0.0,0.0,0.0,-0.2816661819252205,-0.19102781470461186,-0.1388633818012355,-0.48592633839268595,-0.6567781374303556,-0.21501583850561726,-0.603972952650759,-1.0204930431853705,-0.2989815222093822,-0.7375806034608372,-1.2634282159320402,-0.3555692421640668,-0.21614395637229936,-1.0074608344587943,-0.07125725281731211,-0.16076975084447545,-1.2923976115294977,-0.2302170271268295,-0.16473693092093522,-0.9663188042974986,-0.3046192726132458,-0.19183666262685262,-0.6928142804334353,-0.3109982359520209,-0.018894831603680853,-0.9976723331983121,-0.0655202328239514,0.024715598402561427,-1.1628469511888901,-0.27735296549668015,-0.008683611672390672,-0.748612590594922,-0.3470427986794454,-0.06556297286086135,-0.47756953676152963,-0.33078940438317117,0.16779076147587915,-0.961682758547164,-0.08823331846417681,0.2349988722457531,-1.194966085970865,-0.26261124088647175,0.19158053669122874,-0.863436009637157,-0.27775749340501465,0.11979486780350564,-0.6197898379458171,-0.22360487553768255,0.3317052620385936,-0.9137824963117929,-0.12277803550114312,0.3863798335171592,-1.3008456095165202,-0.1926766120144232,0.4220661594956097,-1.5298709818567597,-0.20279391563774415,0.4358024373525804,-1.750653755905104,-0.18259983048007844,Y
0.0,0.0,0.0,-0.2815395941401936,-0.22057202882275584,-0.12574038706417806,-0.482033322062243,-0.71302906694837,-0.19147726005199261,-0.6035124579631086,-1.080236169664938,-0.2683105390196217,-0.7426429498514386,-1.3170243912533857,-0.3186815222603856,-0.20872164974011012,-1.0118684925727204,-0.05366247440657862,-0.1523049831601121,-1.3086703373982567,-0.20382623770616884,-0.16712440071531293,-0.9730414869620554,-0.2697481529046145,-0.20354996202022996,-0.6913911159893061,-0.27045908516354666,-0.0070266512650256595,-0.9987134695066596,-0.05021983669796489,0.033065239317369634,-1.1811960909355195,-0.25146024143007617,-0.012329680823505182,-0.765936520897064,-0.316930891845902,-0.0734028131719675,-0.4933934314008059,-0.2992888586611775,0.1845141698259009,-0.9619624327060903,-0.07372703959699838,0.2443616278141562,-1.2106084367793593,-0.24051064388715643,0.1872471220290739,-0.8658961602736777,-0.25272887951540957,0.11263124770060622,-0.613399838668859,-0.19713731525289654,0.3502374081294336,-0.9142206340755037,-0.10771353120386,0.40814078754635386,-1.2997264791697931,-0.17022109843013086,0.44217834034947157,-1.5265705606358095,-0.17659224012751223,0.45993965056924985,-1.746103782453276,-0.15446737837535277,Y
0.0,0.0,0.0,-0.29429786975041206,-0.20900922445253853,-0.1331267475012109,-0.5145898662965108,-0.7021705892769906,-0.20166313577426498,-0.6439019587930783,-1.082510553122932,-0.28131786562681216,-0.8005231354453772,-1.3106071471160825,-0.3335170875351338,-0.23200425094116744,-1.0006371576813908,-0.05390802599282134,-0.20122028950784504,-1.3209540159985504,-0.21505608658467326,-0.19748354618205352,-0.9802838732571901,-0.2890840452912154,-0.20952278966144391,-0.698183795474953,-0.2930333315218161,-0.03333557541400481,-0.9983028952685222,-0.047750065029308744,-0.011153899925033451,-1.1884094028398304,-0.2603554266426906,-0.03502877435315676,-0.776904631450592,-0.32730007017909435,-0.07423668902854041,-0.5046018610645676,-0.3069415305731814,0.15465099872407437,-0.9739710604645778,-0.07073780982824476,0.19928198614582332,-1.2092853202374596,-0.24747336192894223,0.1435666183270522,-0.8589022277880268,-0.2602114071856989,0.07454664170678829,-0.6089729298496769,-0.1997213461315648,0.31678400230276876,-0.9373095389357572,-0.10513375983652967,0.3631922715710667,-1.3160544005678432,-0.16756969789691795,0.38876693967617704,-1.5452797938537617,-0.17147872874865044,0.39688451238965106,-1.7683290777667737,-0.14559020951349913,Y
0.0,0.0,0.0,-0.292722673454066,-0.1835204944391604,-0.12773333266353767,-0.5209374821732946,-0.6656755469330348,-0.18938391143601319,-0.659855916819454,-1.0215645963452904,-0.25929885575007766,-0.8024075502357014,-1.2412165606443222,-0.30117410014988055,-0.2632449228055535,-0.9993763068587205,-0.04109410827909453,-0.20223323179383657,-1.2776177392105017,-0.18193078335225332,-0.2004198884495126,-0.9527031338310608,-0.24633336943714346,-0.22211054637937286,-0.6847632716439664,-0.24920131384529984,-0.06058053695304111,-0.9975320311275564,-0.035494301190660466,-0.01072431278483608,-1.1718382016657896,-0.23031071526629263,-0.035172565867825786,-0.7670933465965548,-0.29432325480659716,-0.08352558457028869,-0.49482484960892176,-0.27601991369682716,0.13049858468091685,-0.9749039048070572,-0.05776977667903605,0.19978523184583558,-1.233216739931962,-0.2172367451383274,0.16533550701785402,-0.9177042234683026,-0.2309975872313079,0.10066538292046898,-0.6758666830499677,-0.17880820638466421,0.29511043664874664,-0.9405882203220498,-0.09104986215035056,0.33101208430113,-1.325225395924807,-0.15018486117133925,0.35218150437906054,-1.5526597045497743,-0.1581518162226817,0.35436685037564664,-1.7701443667445433,-0.13830482351635057,Y
0.0,0.0,0.0,-0.29544742870308316,-0.19780148189281432,-0.15916774355724544,-0.5220924233468829,-0.677292738599685,-0.23981651090854816,-0.6556233305189426,-1.0681099695777994,-0.3232385973467769,-0.8130107166756967,-1.3049807260517592,-0.376157834155793,-0.24992099684479469,-0.9988706116512923,-0.0850038072574845,-0.1842238820413404,-1.274548324948208,-0.24377220073186306,-0.18154241162428936,-0.9401479349378599,-0.30989808453453915,-0.20506520498719497,-0.6691943928561938,-0.3101390191732919,-0.04828226649962382,-0.9967222210398253,-0.06491253212667723,0.006697955717682652,-1.1713392259307638,-0.2727314308895474,-0.020312873879511695,-0.7702014391662587,-0.33010748182174315,-0.0734320837147283,-0.5063639813161084,-0.30582895862459275,0.13963313190618995,-0.9678847010102107,-0.07465846339633239,0.2116174286169944,-1.2066665908086351,-0.25649769348863577,0.16330002297842303,-0.8591437753745756,-0.2598162310468772,0.08696827930945782,-0.6086109761570974,-0.192804241670586,0.3007428152235497,-0.9234184360417194,-0.09686918276215538,0.3566783317066625,-1.2940889549601515,-0.16801114460003955,0.3896704420248653,-1.5161730800460589,-0.17070488988103497,0.39914765847651495,-1.744126394723696,-0.14313976760658578,Y
0.0,0.0,0.0,-0.31250825327768866,-0.15448799198603136,-0.18757749645826421,-0.5725030358824246,-0.6237210772899032,-0.2722581837888582,-0.7204240803973134,-1.0146680366101188,-0.35317936943634887,-0.8792465470432119,-1.2401925546449153,-0.4018032427722463,-0.3078656160302278,-0.9886890297350035,-0.10048997982134936,-0.19938310483583868,-1.2379614465926638,-0.2682272827143671,-0.1742567993988484,-0.9215554415427522,-0.33948404675061217,-0.1881841652376216,-0.6600596969635447,-0.3402509730840858,-0.09944125561293835,-0.9930106756600461,-0.06357070636150712,-0.0033117242473657106,-1.145801180372166,-0.2801531100281945,-0.01472929824120958,-0.7511963939161268,-0.3427281471883442,-0.0653517588106637,-0.48452793968458047,-0.3190445285155055,0.09264066139690631,-0.9746901505233786,-0.060380159920846777,0.1771874829267447,-1.1659433858539188,-0.25707411372191363,0.14553162441586645,-0.8189686893315576,-0.27494993213064733,0.07715228418661044,-0.5666632320192094,-0.21239732819695276,0.25980398929319637,-0.942085238587289,-0.07092013841899555,0.3151973744583569,-1.3052276893620371,-0.15610577805868403,0.34454296889359814,-1.5295094578296817,-0.17235633906484554,0.34552504948718765,-1.7562887353110406,-0.15123669317018454,Y
0.0,0.0,0.0,-0.30605830666466693,-0.1491440371858362,-0.22510130006679796,-0.5704325546742067,-0.5467303344626303,-0.3305451250283181,-0.7450019449804479,-0.9035839532702266,-0.41987479683250417,-0.9256141322166508,-1.1133982417080606,-0.4765225223068543,-0.3476538961052178,-0.9542679394106194,-0.1603302049254646,-0.21307958227552198,-1.171374618821381,-0.32503926093788565,-0.16730415857547817,-0.8614562040252794,-0.3913992389717035,-0.1762782713355179,-0.618291979629466,-0.3893000110621555,-0.16041350926387846,-0.9821128852141765,-0.09859912140548431,-0.038004922503661456,-1.1289763527683374,-0.3044817986204294,-0.03189382411320622,-0.7484422949235741,-0.36234022798528936,-0.07722017915567454,-0.5048268506430831,-0.3407048664379581,0.009251889959605868,-0.9786994256098274,-0.06954324062256849,0.11296281745802914,-1.144641319622864,-0.25869874478675764,0.09687889912535734,-0.7866045259090808,-0.2800826480536007,0.035559783998671164,-0.537986940809297,-0.2240234848692316,0.15107852815745174,-0.95629224411375,-0.056661978444696094,0.20080145358995538,-1.3065211590602508,-0.13927853179421107,0.2318882986364646,-1.5164120849635991,-0.15884083309291666,0.2381279328462738,-1.7278201637807444,-0.14265293318148667,Y
0.0,0.0,0.0,-0.32934466667692247,-0.1414819386321808,-0.21845333750315837,-0.6076068321577583,-0.5605202651085641,-0.31924811052150387,-0.7854642434479957,-0.9276045027539531,-0.40841250943642077,-0.9600586991700994,-1.1526413694170252,-0.46511985438940956,-0.3639066467360527,-0.965579043562906,-0.1325810935719744,-0.2297232417451869,-1.2434864393092144,-0.2995245880206327,-0.19007468550863083,-0.9303833394266019,-0.36911528664516097,-0.20859852709594107,-0.6768861848922025,-0.3661674568852658,-0.16334021060363477,-0.9836329454692434,-0.07606710318830825,-0.04224306312054744,-1.170949050325957,-0.29350865837774853,-0.038594953786788885,-0.770577515068904,-0.3587096602809487,-0.0928674888763755,-0.508938887059031,-0.3354617167729112,0.014333449641394666,-0.9806706471231114,-0.05402532432903909,0.11317443903151475,-1.188642684434997,-0.252311149555874,0.10621215533434405,-0.8185599769778839,-0.2788332798721116,0.05031566612553375,-0.5632597472266486,-0.22066151504889314,0.16371841944786594,-0.9716836294679564,-0.04751745371123577,0.20546549943221426,-1.3467415049884717,-0.13252075052450032,0.2359866927271179,-1.5723507489230735,-0.1553683301656315,0.24480413855157707,-1.8108012972004641,-0.13988868816542022,Y
0.0,0.0,0.0,-0.31085962619124924,-0.17737413899189344,-0.17296280560630153,-0.5574433955608231,-0.5985831667136858,-0.25956156788109896,-0.7325403222173865,-0.9609408028695832,-0.34104826472194777,-0.9183882648502073,-1.1634163121317258,-0.3955068255699094,-0.30711369582637577,-0.9763226168540371,-0.13891306092419803,-0.21492716083870372,-1.1982196140714156,-0.2837480666968502,-0.1881903380730811,-0.87850823413297,-0.3327904325703171,-0.2039098173264224,-0.6238288909845531,-0.32305048907949263,-0.11289489969260323,-0.987689095623627,-0.10828200224219496,-0.019008848127888143,-1.1420633900286865,-0.3007045737105744,-0.02840164962158692,-0.7548390987314517,-0.3480713596139321,-0.07619093674477659,-0.5044246329850136,-0.3233714389384248,0.06314900039824664,-0.9789148342372274,-0.10449292828520367,0.1507570517151555,-1.1525284955618595,-0.28759743677437577,0.1256201524563821,-0.7815034647409502,-0.3092579329114354,0.06464849156745663,-0.5348721368828007,-0.25724721796130756,0.21147525383555407,-0.9559024006387116,-0.11256210885136105,0.25007372316358406,-1.3333987429756964,-0.19728133168206566,0.2791291621251792,-1.5542178410372978,-0.21868793193213715,0.28761135844056107,-1.785851459645196,-0.20722227972607615,Y
0.0,0.0,0.0,-0.3104376712687067,-0.22553480435279558,-0.09826676163617017,-0.5180582123340053,-0.7384565112380473,-0.14193816442207186,-0.6433414637978367,-1.1141584140279959,-0.20346351056231607,-0.8019341321684184,-1.3350644775750613,-0.24434490082290333,-0.23616688342548545,-1.0074858773004671,-0.021810001065128676,-0.23325491093027675,-1.2626233885037328,-0.16115368021560297,-0.23754063602042044,-0.9282788173203003,-0.22398309508286313,-0.24395148146345044,-0.6602537156599999,-0.22805698755103004,-0.02982687804062341,-0.999065939809002,-0.03126667970708245,-0.038646155667311506,-1.1719464237087827,-0.22038512635924376,-0.06733049285560787,-0.7729788745216702,-0.28133740673244856,-0.09273027151279992,-0.5067919202962081,-0.2670023138935172,0.16642852163041585,-0.957726913638868,-0.06563692965475175,0.19297168600622946,-1.1779435662895823,-0.23311956719901059,0.12752862445264176,-0.8399795879003062,-0.24695233422168975,0.06386597780376482,-0.6010274619237943,-0.19387463014681933,0.33922733512172343,-0.9066285552783121,-0.1081248287740767,0.38013801408052167,-1.2884239154066386,-0.17416632848561198,0.39525436182257395,-1.5303158944660793,-0.18081275081377177,0.39544248538416,-1.7680395848503185,-0.160597318159262,Y
0.0,0.0,0.0,-0.2952625694511946,-0.23215956265512488,-0.08859072854104398,-0.4992676845882553,-0.7407572413684783,-0.13404541152412694,-0.6132408942854086,-1.1108809410814242,-0.1993938637500396,-0.7466805385535124,-1.3617943505423606,-0.24309338642635694,-0.23922163917354475,-1.0161260504381118,-0.020154137545864953,-0.2511819413405968,-1.278155602186745,-0.17084969764474378,-0.25951011589775363,-0.9416102969761773,-0.24239875159113441,-0.2614655497331691,-0.6730018559561582,-0.2524208462286731,-0.03089931403877506,-0.9988013490108523,-0.037961791396544264,-0.043560577986735904,-1.1714769886926175,-0.23849472481956085,-0.08490002586430567,-0.7695834439265802,-0.3059491638321638,-0.11627543813534039,-0.5038369799513478,-0.29611677122999236,0.1664443956949241,-0.9437140330006767,-0.07981199392735285,0.19774778357584927,-1.1916182974701064,-0.25279147764362425,0.12180827238659148,-0.870238946907648,-0.2607914839843296,0.05413795515156615,-0.6392232676765466,-0.20459821077917434,0.342532119967982,-0.8761160237163519,-0.129203135924603,0.3981428888291114,-1.2553281239308787,-0.20061702008177965,0.41439062713181923,-1.5069325705520396,-0.20653299785905893,0.4163656266480126,-1.7549267237288106,-0.1854104453790119,Y
0.0,0.0,0.0,-0.29460895682665866,-0.24401931364022827,-0.07832024040517423,-0.4786446607029556,-0.7491939413872973,-0.11644885470807845,-0.5761745342316457,-1.1175572247028205,-0.1772720562867961,-0.7073378790260342,-1.3646720792659073,-0.21867527924536062,-0.22811223379023354,-1.0084115337474495,0.003896056909927516,-0.2386073043871264,-1.2595764038230686,-0.14380582556876667,-0.24968723274708327,-0.9433664420652328,-0.21366058733141688,-0.2529827983448212,-0.691553635905841,-0.2210037995464193,-0.028477371866349684,-0.9994707351055676,-0.015725423972721447,-0.0474858024845313,-1.1718264365972693,-0.20734068599850672,-0.08565814624825589,-0.7897109727300036,-0.2724062850514363,-0.11586685202248369,-0.5361311436128589,-0.26120009630282365,0.16205678233946927,-0.9504074212847115,-0.059915363666905946,0.16829627956292323,-1.1639399865528504,-0.22887439355462924,0.09283828509631603,-0.8291692289264251,-0.2396777836516757,0.028670203399393954,-0.5983615035630921,-0.18440467889984855,0.33486675840399543,-0.8832840649307179,-0.11098249054786355,0.37564052957835886,-1.248006235181111,-0.17834606498586164,0.3921756260424289,-1.4842873881624465,-0.18442821223167005,0.39513173067740454,-1.7228045016173315,-0.16328775858121697,Y
0.0,0.0,0.0,-0.29524437245809654,-0.22390682897861913,-0.08712358962141994,-0.4845048790619023,-0.7259945679847579,-0.13194845989079368,-0.5865855134651966,-1.0985364506173265,-0.1966825847432532,-0.7361401515396949,-1.3307981676534364,-0.24366399919623272,-0.23439003500852315,-1.0116643277846482,-0.027426493804744233,-0.23459012846196772,-1.2685795310374892,-0.1789326397198463,-0.24269419514823903,-0.9503447026003747,-0.25592757900142477,-0.2512629859256795,-0.6887309668745363,-0.2704237156045131,-0.035064827696454554,-0.998493951221513,-0.04219345011573359,-0.054862806716852335,-1.1734604578834742,-0.23418881677963685,-0.09198239690494703,-0.7672972386369062,-0.2950038400929349,-0.1219552689438849,-0.4929090859283405,-0.2834814163030634,0.1588198104342791,-0.9544618367713212,-0.08150840543561996,0.17149418069028408,-1.1909235435774095,-0.24250063894859994,0.0929436909467773,-0.8482336314464157,-0.24893975548638095,0.02313982151468784,-0.5985068559640129,-0.19549225767544232,0.3348826037637044,-0.8931870212477487,-0.12979627513762165,0.3817019354738496,-1.270304562063594,-0.1952175342957438,0.3962304111245193,-1.50783465518237,-0.20342566366889453,0.3981073440821826,-1.751820721303271,-0.18697618518199474,Y
0.0,0.0,0.0,-0.30908005354512275,-0.2063512551585085,-0.09247582120362399,-0.5257275573529194,-0.6984208762023096,-0.13770392995675043,-0.6442507129523363,-1.071662697831724,-0.2005042696253463,-0.796981095192719,-1.2976084130424645,-0.2432902880126817,-0.29392703731329517,-0.9919043718461479,-0.029741981108791005,-0.2979285009476911,-1.2658013522854468,-0.17428914882269458,-0.2962814518329445,-0.9508190987855502,-0.24389880512937517,-0.29913529591616395,-0.6999821757540297,-0.2546691077726636,-0.09718219885614868,-0.9944428876640523,-0.040484112931678175,-0.11940229409063804,-1.1763168889625897,-0.2248131920248315,-0.14592959261555416,-0.7766357100534077,-0.281266231920188,-0.16771874835278866,-0.5189070425889921,-0.2686592825360761,0.09705590317386355,-0.965246942195233,-0.07595504978622468,0.10730530461779214,-1.199686247509847,-0.23512130657810876,0.03598221519958905,-0.8562893832176544,-0.24085568874789387,-0.029406620912804753,-0.6158429511666715,-0.18779857468812455,0.27515555389790586,-0.9152565907123402,-0.12043670242909896,0.3024954185695849,-1.291625394809439,-0.1851308181150834,0.3108260023156284,-1.5240289013929016,-0.1930653751751762,0.3086962352134927,-1.763809336039036,-0.17689481915062108,Y
0.0,0.0,0.0,-0.32753569995204956,-0.19155911497198638,-0.10641996089941597,-0.6008490907704082,-0.6292048770969991,-0.16225920149079798,-0.7693271258562873,-0.9733961465605933,-0.2317061881312477,-0.9237942926131147,-1.1843996653323097,-0.2764541654474491,-0.37802467903436937,-0.9572591736156093,-0.023919860260803668,-0.36830162929270616,-1.2933710759703014,-0.17694776036716683,-0.3380260465210763,-0.9977156406999259,-0.25974182586216726,-0.32635437371323567,-0.7367213912092937,-0.2733515943671911,-0.18500105866297306,-0.9823841174632242,-0.026382836268708056,-0.17055411703571804,-1.2135007045995112,-0.21665625435177038,-0.1526200020925003,-0.8137562969929978,-0.2810614614224188,-0.16203754617288174,-0.5332240984909018,-0.26768499071886404,0.001044541095372259,-0.9987661166878855,-0.05641677750408922,0.029597874560941918,-1.3006517761053067,-0.20625911739043232,0.010397649199091122,-0.956172805658193,-0.20801155339718233,-0.029989012243841054,-0.6851689358981087,-0.1514805710470152,0.1629195842569339,-0.9967623839048256,-0.0982003819531379,0.15409694250495037,-1.3856425467093096,-0.14618483636359925,0.1520344260238825,-1.6106649883071606,-0.1437648927427958,0.14233794199189598,-1.8328450402765737,-0.12018707471148754,Y
0.0,0.0,0.0,-0.3298653563991722,-0.14924982230446668,-0.10784991761735287,-0.6088332270248998,-0.5591399088440917,-0.16109897591871175,-0.7871705023789336,-0.8866375446440691,-0.23024978523969186,-0.9411173466787434,-1.1059799098327692,-0.2758022336921183,-0.3897268655120583,-0.9452265548674713,-0.00461905569168326,-0.4026960907691227,-1.2931645788027097,-0.15599263504805147,-0.38010422726324405,-1.021226873488778,-0.23410712467987452,-0.3670430703417464,-0.7645531175453167,-0.24349497700435538,-0.19718162002558165,-0.980325241079459,-0.009046017167127704,-0.2022897274935249,-1.24136341848903,-0.20792821111810497,-0.18539158987917334,-0.8600201719275286,-0.27857169223460065,-0.1831879741615638,-0.5737444200365528,-0.2639935084870846,-0.015110272558283525,-0.9928682876055833,-0.043281134241882076,-0.004411622201281573,-1.2936456421094307,-0.20945738115651494,-0.01398294337174056,-0.9752327757156133,-0.22812650681988184,-0.03553117666914238,-0.7128735265669921,-0.17658637411833086,0.15088099189667975,-0.9871729151767829,-0.0880840008884362,0.12958714860802314,-1.3714738915271256,-0.15143702659249428,0.10495687195763594,-1.6049580909344523,-0.16287498933669703,0.07402941350500884,-1.8192877106056289,-0.14530398397469962,Y
0.0,0.0,0.0,-0.32426285724398973,-0.1683860877371025,-0.08226603047824828,-0.5839601253135351,-0.606180465114644,-0.12487855049253045,-0.735334108334748,-0.9349324233480504,-0.18496759447483216,-0.8870675292954068,-1.140811864709789,-0.2266631701012955,-0.3632117795932356,-0.9615210186244518,-0.020170197290879363,-0.38043975364632127,-1.3000116276381777,-0.16567317504107038,-0.3559243819444971,-1.0294090847865767,-0.24276394664717016,-0.3370365895905791,-0.7724130238179969,-0.2568492917907536,-0.17362892388833157,-0.9841813600410894,-0.035214305857868444,-0.1939996559593747,-1.2343643678255587,-0.22374844989244233,-0.1859781476340235,-0.8460763694008462,-0.2913982786774972,-0.1894589115878537,-0.5604164238460034,-0.28255092811807053,0.017376190559725016,-0.9890843827380721,-0.0744686867083436,0.006023425871735625,-1.302067034245929,-0.22424747021058208,-0.013125940212540705,-0.9794624460013085,-0.2417832226824525,-0.04393560732523756,-0.7135813993585937,-0.19979313453098246,0.19627428872415884,-0.9730708028151692,-0.12282543555985999,0.17325476758498587,-1.3748937570386885,-0.18630060699828574,0.1571564925154319,-1.6136080607423442,-0.20440697042673797,0.13723066818121732,-1.838301186204681,-0.19651686223172843,Y
0.0,0.0,0.0,-0.3179906168209268,-0.16710278416595153,-0.0730362816325062,-0.5593852206736468,-0.6245020711732457,-0.10626991514031675,-0.6925680900067115,-0.9559958578225232,-0.16093963012905363,-0.8385653595133729,-1.1688632549196056,-0.1966687472622663,-0.34908254497524505,-0.967657912522433,0.0072827454131979595,-0.3737921563395407,-1.2781434782028136,-0.1313810107220596,-0.35221385904151054,-0.9829419799010269,-0.2036982474973062,-0.3325570499205069,-0.7271819999866751,-0.21543492098342246,-0.15604439824582236,-0.9876834921016538,-0.011465827749506325,-0.17898207004671401,-1.2034420794511156,-0.1945437759258557,-0.17539464515054826,-0.8128215983350753,-0.26074513381130654,-0.18038100899144896,-0.5406859208125756,-0.25066223533303034,0.03948730365350229,-0.981631376659846,-0.054630285856149374,0.04165463880267366,-1.2692258023043057,-0.20418499588636166,0.0106744366508787,-0.9341271724511195,-0.2154421682436084,-0.029075385783608177,-0.6707832613454422,-0.16667463905757496,0.2245777253927374,-0.9561404297767905,-0.10598851615790353,0.20746523336705835,-1.3470179553485246,-0.16789376507898385,0.1900337374767137,-1.5832696794236243,-0.1801205150950993,0.16978769188805934,-1.8144134847530735,-0.16591055077389286,Y
0.0,0.0,0.0,-0.31701606837685303,-0.17159923891160864,-0.07176003209812717,-0.5610233397683617,-0.6121773688534773,-0.10371259317012105,-0.7020911566181071,-0.9383352683351134,-0.15756562506463903,-0.8465564985840174,-1.152930011874108,-0.1928556867458248,-0.36129834883625594,-0.9586406337064788,0.007924062926008793,-0.3827985944413747,-1.2646035850084614,-0.1287650666879648,-0.36122521228776705,-0.9831150197980363,-0.19862229878809107,-0.3457169396195582,-0.7321559769988645,-0.20902993536307787,-0.1731514909163871,-0.9848342036001774,-0.010961414718757875,-0.19876068079115347,-1.1936464106820257,-0.19394611587806332,-0.18906343933924238,-0.8048776892857573,-0.2591694174532162,-0.18783127846226585,-0.5307072905944186,-0.2494837223151696,0.01846579121180928,-0.983207865221605,-0.05451253282973863,0.021054777537050155,-1.2644983918559272,-0.20713304518277004,-0.0003312515751362945,-0.9394285172612262,-0.22340708482113497,-0.030974515566669296,-0.6830471592518484,-0.17861373898353344,0.19867020993084744,-0.9599456936756179,-0.10586488989085484,0.18033691934909268,-1.3413418710540859,-0.17091203597447185,0.15962265418390306,-1.569781624423983,-0.18720333571955197,0.13625908878660187,-1.7922449582463407,-0.17679721292864511,Y
0.0,0.0,0.0,-0.3118723655488679,-0.16632046262275801,-0.0655117900031154,-0.5430007077380956,-0.6183422166040068,-0.0874724011689392,-0.6784086776477252,-0.9496639073224412,-0.13270847877872097,-0.8185512412765517,-1.1611099710474428,-0.16029360961056482,-0.3510016942481424,-0.9605094301443224,0.017690125928723717,-0.3729516274400716,-1.2357207709461204,-0.11366727686171257,-0.3578173980645531,-0.9359931433224556,-0.17963258623765976,-0.34785591479642924,-0.6774814143381227,-0.18951338042209256,-0.1653954742476737,-0.98622460745726,-0.0023153280891568023,-0.200169213318477,-1.1888473376535738,-0.18390812660777323,-0.19766928777646978,-0.7933213074963378,-0.2449063581751082,-0.201606744440503,-0.5133639983027519,-0.23317605644575118,0.025728599426594775,-0.9859664023894488,-0.04688369486709394,0.024353401510366388,-1.2699180416100218,-0.20331869258048654,-0.006037448717747742,-0.9351445927471815,-0.2172876009674178,-0.04177052767485959,-0.676314372930306,-0.17078650336379034,0.20716668440288874,-0.9628630773968119,-0.09903702368284079,0.19065316222900913,-1.3377247398583316,-0.16999078814270052,0.17276899200793747,-1.5651709867831896,-0.18912786433130868,0.1527513881957343,-1.8003632719956604,-0.18155615711949089,Y
0.0,0.0,0.0,-0.3159863272929159,-0.17746760129524783,-0.0646303858503334,-0.5525275075805138,-0.6215230151557681,-0.08964817848130545,-0.6849697758133823,-0.9573483763329648,-0.1390366835295282,-0.8164660231465859,-1.1709261325065894,-0.16969592737125574,-0.3602061723401462,-0.9605374423831442,0.02875638447305619,-0.3908486991265784,-1.2359577796262378,-0.09925273650992829,-0.37393739712969615,-0.9386583796526571,-0.16561641777901626,-0.35386026852999586,-0.6851826579208156,-0.17746172578867675,-0.17032037503126785,-0.985379096172072,0.004359664702567318,-0.20079057912311452,-1.2007554978754418,-0.175102442293842,-0.19134747085188306,-0.8179222156878545,-0.2388846265552061,-0.18513486500395665,-0.5388927484215207,-0.22925621931777868,0.01685736893979817,-0.9803970848339529,-0.04467711418736644,0.022622505805982754,-1.2529587508115239,-0.20048338554609688,0.0012825544062663454,-0.9334420006802989,-0.21682138846387888,-0.02523014719198821,-0.6827355002656454,-0.17114045908133058,0.19343507479315966,-0.953632257155834,-0.10136693701212972,0.18601884096396792,-1.3246362221563261,-0.17001214006392035,0.16565428863322226,-1.5529191771280202,-0.18641850477585686,0.1384834283464871,-1.7771944236302186,-0.17665341505763346,Y
0.0,0.0,0.0,-0.29791060703300276,-0.1676221135236185,-0.062354337063768535,-0.5251283179996259,-0.625053780002525,-0.08490092783800564,-0.6656851165381052,-0.953417838399176,-0.12983536520966485,-0.8127936596786761,-1.152110040629645,-0.15721038450724492,-0.3462887083021247,-0.9614141271616201,0.012365058927418507,-0.38242187429926205,-1.2228592317513256,-0.11799098881813602,-0.3665262372943135,-0.9231087110383074,-0.18517370343437864,-0.3508955565535042,-0.6731393208684218,-0.19560786423812895,-0.1687514923164549,-0.9856288257364341,-0.007664966952810613,-0.20882813780520715,-1.1871514303226218,-0.18104885442458676,-0.20181429556770938,-0.8016020288004724,-0.23743018624506654,-0.2005790646824728,-0.5318083023029826,-0.22460556405227844,0.01539050299521956,-0.9849428520123787,-0.050898052181314574,0.011177937486373805,-1.2606845097388846,-0.19797637272915355,-0.01869017571539847,-0.9261555993981959,-0.20750443310129554,-0.0536663587806135,-0.6718245378973157,-0.1601861433040165,0.19172943851805122,-0.9600352243398814,-0.10194501657441096,0.173134681834611,-1.3370129972873008,-0.16305640321095494,0.1566221901310347,-1.5583721101049417,-0.1757449609071465,0.13472167477549116,-1.7842124397378072,-0.16513274525546381,Y
0.0,0.0,0.0,-0.30732268850336436,-0.1709889812612246,-0.05730192001363607,-0.5374937579572279,-0.6204016589783661,-0.07880463310804631,-0.6720423140434585,-0.9446977080437057,-0.12539320167117396,-0.8118298341794317,-1.14715216397038,-0.1546376733574196,-0.3504528408736598,-0.9599960687943578,0.026675565042651304,-0.39232827326524883,-1.2220948551632727,-0.10185350145055956,-0.3741828062330066,-0.9220458708249196,-0.16629901810987477,-0.35296840035021637,-0.6708914073359392,-0.17569869513203076,-0.16493240574303736,-0.9863045372557389,0.0008132186403851347,-0.20631019009569335,-1.1785402704295131,-0.17811489438034844,-0.19296963836250375,-0.7857954327539848,-0.23661930046639026,-0.18723674169616533,-0.5086502786905837,-0.22217824610077094,0.021435582788982686,-0.9803904591118969,-0.04863875375672,0.017475161131755804,-1.2341336977529027,-0.2050782606672292,-0.0017694152495396956,-0.8967248304882199,-0.21784610463448925,-0.030393466044032525,-0.6442527033950554,-0.16828865409074073,0.19812445902402095,-0.9517421487950846,-0.1046751529912474,0.18012148936612404,-1.319496181613416,-0.1728168250642339,0.16172249939792996,-1.5395479705004642,-0.18708579527321953,0.13635228435382585,-1.7644890366290455,-0.1747830893994418,Y
0.0,0.0,0.0,-0.31006248520954616,-0.16223022350377356,-0.06250743907930952,-0.5460006778554658,-0.6244686114498709,-0.08197976247952436,-0.6805420896766556,-0.9593651191661354,-0.12577234683615682,-0.8226198365344106,-1.1625338124488127,-0.1510308980804667,-0.3603265996296103,-0.960724007624925,0.022194538499805776,-0.4046271563831462,-1.2272260666080115,-0.10985819130774468,-0.38774292873421984,-0.9203754394982565,-0.17349639276206982,-0.36885682423110633,-0.6640744057261523,-0.17997680273974934,-0.1750662015019241,-0.9845566511506647,0.00016052001850001038,-0.22430096176930153,-1.1815633172415472,-0.1826398959063326,-0.21243926868819213,-0.7874676014832565,-0.2399215380939451,-0.206846877669915,-0.510265149460354,-0.22333556542527502,0.012119196826988015,-0.9831338823785262,-0.046489591622004015,-0.002525915700590199,-1.2359618095969367,-0.2070268250561536,-0.0319626249225638,-0.8972769790221434,-0.21979660983305815,-0.06522047826751098,-0.6439708305613868,-0.1684707743170567,0.19258240369911883,-0.9620558020197771,-0.10032029606509738,0.17420139422534633,-1.3395483635078764,-0.17032918204507827,0.15585584933932958,-1.5673437986943022,-0.18593584472895455,0.13069581695758958,-1.7950229276550445,-0.17389647075903478,Y
0.0,0.0,0.0,-0.3032173260989889,-0.1629911199333142,-0.0643339287675328,-0.5331737729976213,-0.6188711229557845,-0.08534935128934056,-0.6653137249813785,-0.9501315994658833,-0.12923002253417004,-0.8039809619746183,-1.1573255283304464,-0.15496417581984515,-0.3566336907539999,-0.9595150344791814,0.020438608479427377,-0.3957632071590266,-1.215954138058762,-0.10712829818366539,-0.37070492298265,-0.9141653225496028,-0.1700373691658167,-0.3492822733963065,-0.6630329866223762,-0.17907871792708502,-0.16926968423939898,-0.9855686370570707,-0.0014952079997286934,-0.21344309098592062,-1.1686935019158635,-0.180335361857485,-0.1937505966253138,-0.7749302967001829,-0.24020733008458292,-0.1875665548982786,-0.503035444682233,-0.22875101382375815,0.019953193731856413,-0.9816054403497783,-0.047607002054901294,0.014326051162954222,-1.2367242769381181,-0.20512348623743348,-0.005294353396580228,-0.9045200991952504,-0.22080492366783053,-0.039174381960981074,-0.6561761793499858,-0.17516127156371336,0.1981774766754553,-0.9570805335837528,-0.10088177681408445,0.17492013076212212,-1.3282349833017906,-0.17284388937078224,0.15685281493807715,-1.5510013981677888,-0.19214036624978062,0.1313763663566887,-1.78195229229209,-0.18463044933701045,Y
0.0,0.0,0.0,-0.3134750190196722,-0.15596619735925757,-0.06109483877307766,-0.5476773475786815,-0.617534494015531,-0.0806294984228266,-0.679194641877556,-0.9502039010962215,-0.12534461283134662,-0.8151647706403834,-1.1666805059913476,-0.15131487672048044,-0.35759523946155347,-0.9583825217555012,0.021969054927754705,-0.4031964509512403,-1.229767407638229,-0.11138159228079193,-0.38319276224348664,-0.9209688957619452,-0.17466686195434067,-0.36025174474146254,-0.6694991708230663,-0.18146631250186293,-0.17092111407337993,-0.9852830835737452,-0.001793874947358435,-0.21987719163367833,-1.1803415726269317,-0.18834224431377133,-0.20222766908302964,-0.7777300772802271,-0.24666471337833532,-0.19129191285018707,-0.5055827320233114,-0.2296261164439755,0.019868095550380403,-0.9832964757275363,-0.0498641639210589,0.008853448753247945,-1.2461990571026524,-0.21286456098343054,-0.013965422846679643,-0.895457659534704,-0.2233797543074948,-0.043277749898797006,-0.6424829626094428,-0.16975422941282825,0.20289823887949365,-0.9618041758606537,-0.10482429738493185,0.17811315443719347,-1.3397327859051609,-0.17691926320562779,0.15799314697129652,-1.5608166445790004,-0.19172932776681662,0.134622265542261,-1.7919821346546916,-0.17791315544615058,Y
0.0,0.0,0.0,-0.327525908067266,-0.14167494947115303,-0.06864479345380652,-0.5802459528300766,-0.5919618364612348,-0.09212175151990169,-0.7264940132592143,-0.9214316784454679,-0.1375337758068959,-0.8705845847787056,-1.1276539161956984,-0.16554691031994684,-0.37842178096186435,-0.9492444738690752,0.002924476139480057,-0.42069306626687364,-1.2329220571935906,-0.1281580843834241,-0.3949465029199755,-0.9311625509151655,-0.192390145654865,-0.3713483261387735,-0.6715683693224315,-0.2008677537290008,-0.18916537876118086,-0.9818005240645066,-0.01685794841608329,-0.23273713228390427,-1.2012718069179276,-0.1997569176769171,-0.21222161598719047,-0.8018882614123519,-0.2605399491198718,-0.20203655989371833,-0.5196495486122815,-0.24797322972279887,0.0023612413780713963,-0.9895671573884249,-0.0600577311523778,-0.0072874766026392495,-1.2750031268493829,-0.2166517140998009,-0.02236772659387451,-0.9311030355893369,-0.23249470842247072,-0.046890374769614517,-0.6708049393977826,-0.1869140646725069,0.18409350603340885,-0.9752830124026854,-0.11088764852106091,0.1550901706997945,-1.3617059870902632,-0.1805255028833145,0.13481318249326443,-1.5868109206685916,-0.19903851809806072,0.11146123578558868,-1.8173732929286874,-0.19117892125171448,Y
0.0,0.0,0.0,-0.3276872617398115,-0.1464235131963661,-0.09293501671562242,-0.5999260937363755,-0.5737315062488255,-0.13978644755271186,-0.7557854891919767,-0.8991805605991882,-0.2054640011831385,-0.896522348603777,-1.128808360969622,-0.24979624877858916,-0.3979294767432991,-0.9366794819875094,-0.013018253116966728,-0.4419453431885826,-1.273962616454403,-0.1567816572087282,-0.408156304470986,-0.9989809552816552,-0.23044602387766358,-0.38241537884337506,-0.7370561754456191,-0.24150452057344227,-0.2062153878630118,-0.9781622845366752,-0.025956866500024534,-0.23823884288432495,-1.2006815306534862,-0.2241222821245586,-0.21198571073668873,-0.8107164979110617,-0.2977059869326212,-0.20207696776137288,-0.5203499163272443,-0.2884939135611852,-0.01579165173377389,-0.9917676368994572,-0.06419092927416986,-0.010189378107065002,-1.2851918140910148,-0.22601076220243993,-0.0233116777684072,-0.9587285386859606,-0.24105657689133547,-0.049407663723180506,-0.6881460228217136,-0.1905333648171605,0.16512225098664637,-0.9839975516891522,-0.11164513901280457,0.13216895506849877,-1.3747741508936622,-0.17568681233039532,0.10863850514924318,-1.6126544966185523,-0.1850043608991526,0.08167430425562089,-1.8328325488892043,-0.1667811355188183,Y
0.0,0.0,0.0,-0.33996328084671523,-0.17208745375818738,-0.08881651138318337,-0.6179189041559543,-0.5803646940794086,-0.13430887752899207,-0.7736513633737132,-0.9085597084239887,-0.20152341692802347,-0.9133792580014339,-1.13111362607669,-0.24669850534170656,-0.40661659039227005,-0.9439921765315958,-0.004374851510432037,-0.4428874076634903,-1.286306667489747,-0.1519490014551562,-0.4170688882358652,-0.9819428059983643,-0.22786160804344321,-0.40065808359397337,-0.7079873058412217,-0.23958563665667704,-0.21346309885081374,-0.9767785751505078,-0.018360843007650163,-0.2408069346995497,-1.2071238704014964,-0.21718868963513085,-0.22227486714538436,-0.8145261547231639,-0.2917719888308639,-0.21997563468209244,-0.5304776492211176,-0.2847132086374082,-0.023138436915720387,-0.9931759662057817,-0.05828752882039799,-0.016401702565258316,-1.2985724343384035,-0.22128817213363636,-0.023152329559003117,-0.9841040701421587,-0.2386313707506737,-0.03995667925112816,-0.7217654545810361,-0.1899664742972019,0.1506300266796774,-0.9908405649642883,-0.10732771751664344,0.1302789809688042,-1.3806092115079254,-0.16765071240983917,0.11100533369734002,-1.61345027221899,-0.17635898949426593,0.0924052400967558,-1.8222630482592421,-0.15858206494922505,Y
0.0,0.0,0.0,-0.3251046655992324,-0.14973044218099105,-0.08756729988297404,-0.5979519142558474,-0.5822510694568903,-0.1282255984266935,-0.7565573442796482,-0.9013278870820665,-0.18786264018636956,-0.8994739803800897,-1.1223385353719417,-0.2267250118033325,-0.3914372642226538,-0.9429532985197043,0.013803439846333263,-0.41797979976199345,-1.2671449897836418,-0.12750167220234027,-0.3988839822896036,-1.0092516726564278,-0.2039715878874486,-0.3865901610396772,-0.759787701992414,-0.2162860763890253,-0.20367763289994226,-0.9790336200597367,0.002931322057277997,-0.22807776377549205,-1.201433252271023,-0.188324881647115,-0.2082449147515362,-0.821578325602997,-0.26208728192086567,-0.20100667683242965,-0.5348065312105514,-0.25221955800989765,-0.0138358512914302,-0.991236577707655,-0.03477534752371982,-0.012587621597002493,-1.2895396139421935,-0.19116513745318323,-0.018869743046173802,-0.9859361205846866,-0.21015243679081427,-0.03571252881678533,-0.7249411490960919,-0.1624851230454543,0.16588897923515533,-0.9848276810471942,-0.08077972705224168,0.14294411209680472,-1.3696562450919743,-0.1381965230235628,0.11994959535099088,-1.6027630802719708,-0.14772649101871144,0.09240081169922879,-1.8120150866972213,-0.1301658797795181,Y
0.0,0.0,0.0,-0.33644275098057747,-0.15052624733050024,-0.10058078314866621,-0.6174637392801338,-0.5786415292377596,-0.14958689002359493,-0.785604741442429,-0.9012873215536155,-0.21491278853011656,-0.9246702821350942,-1.1292460153565735,-0.25937245571756967,-0.40632515161242,-0.9335933618143669,0.0025202241553678117,-0.42769360582852445,-1.2829059392554338,-0.14256775606816705,-0.39933759289298953,-1.0299058437043629,-0.2250892725949794,-0.3851366226172239,-0.7786701761260711,-0.24137565945642117,-0.21422986951361564,-0.976776171881001,-0.003724654839890012,-0.22705704890210857,-1.22439138063128,-0.20134318102768411,-0.19969075085633914,-0.845721214936606,-0.28157574529422147,-0.19588683391387995,-0.5514980558344335,-0.27551658052671535,-0.024033517691579555,-0.9972563557217933,-0.037534756261997225,-0.011009000964025763,-1.3228826484361753,-0.19280367264684167,-0.009186784946943518,-1.032152511645103,-0.21303254789103904,-0.02959933911143359,-0.7697069728701863,-0.16737060864322234,0.1514006384811982,-0.9990548508822621,-0.08126540534770209,0.12319275472472813,-1.395478058955797,-0.13412869857547027,0.10616496491934678,-1.6309383474879897,-0.14127459085842628,0.08331496656305537,-1.8374535130871572,-0.12358361069417592,Y
0.0,0.0,0.0,-0.35115895954098286,-0.17338281864479801,-0.10490820298325856,-0.6472874216961962,-0.5539412329998883,-0.15282330597418398,-0.8263433475574143,-0.8740306401168014,-0.218842791443676,-0.968922968863921,-1.0937415720515387,-0.2624448148541886,-0.4301801107249428,-0.9303598746563999,0.006986683169685328,-0.4614888705048942,-1.290455559546566,-0.14996229379800102,-0.43216240722871646,-1.0164842549788822,-0.23377116164191108,-0.4181820946639238,-0.7478958842505156,-0.24453534859434328,-0.23762971421981818,-0.9713401412673599,0.005518050608039864,-0.2542587232241493,-1.2528203542580594,-0.20076283551924987,-0.23608050084109375,-0.8813766621604373,-0.28254218645655893,-0.23464986669767257,-0.5892483923944282,-0.2744992873086895,-0.05326384605721248,-0.9981352067860054,-0.025604275618350627,-0.04196475598570237,-1.320419482253996,-0.1987674133441818,-0.044236713645260065,-1.0116729601313508,-0.22586648221553782,-0.053900537156486565,-0.7400030659490558,-0.17631084638889485,0.11244922667046524,-1.003286616589223,-0.06620027019438726,0.08971146621807079,-1.3843349706357497,-0.1287738747796607,0.05967301530875472,-1.6158108579314499,-0.14150435131965397,0.03355356970961246,-1.8179358233829992,-0.1231893578410195,Y
0.0,0.0,0.0,-0.3316402489893505,-0.16926435674590215,-0.08001265250948664,-0.594155137828859,-0.6238007099795984,-0.11054298595395867,-0.7368267418517072,-0.9622552029744338,-0.16146935017312752,-0.8645511903177786,-1.196268417998242,-0.1919818572207875,-0.38657344654313536,-0.9408247867094652,0.01186018413700076,-0.4130603849090243,-1.2790957344212563,-0.12945658924132097,-0.38155353320085506,-1.0114631417198128,-0.20345846798106493,-0.3678997199527436,-0.7414128664785956,-0.21455383675870734,-0.19283613464638896,-0.9812238055933231,-0.00375080146051276,-0.20914107395683454,-1.221603684936504,-0.20083050448091824,-0.19530923181396692,-0.8395654618010521,-0.27920130005870203,-0.2016192277809242,-0.5461793596311306,-0.2729985602322123,0.003595682184230759,-0.9939084897171632,-0.04459555519430753,0.022456213741655393,-1.308566537361228,-0.2063716538302048,0.006851855743813788,-1.0001405040133187,-0.22822048501252343,-0.02559127750381977,-0.7339216111831927,-0.1825502750312337,0.19005562420420383,-0.9857758289107935,-0.09294176591779076,0.17475391532744777,-1.3701392097097302,-0.16023317770672185,0.15827094712224601,-1.6063577263242155,-0.17471415143847116,0.13554743929353413,-1.824211183347527,-0.15999454689858342,Y
0.0,0.0,0.0,-0.3247828099681723,-0.17867031970710848,-0.07346077802538602,-0.5836909987959665,-0.6208341209286083,-0.1063318998456136,-0.7232239817879154,-0.9527002450110026,-0.1620403917737638,-0.8426502187043972,-1.1920460192901183,-0.19760247284348914,-0.3650643435599548,-0.957914420720737,0.016213116455846333,-0.40019023709332113,-1.2879862019531059,-0.12300015325906138,-0.38334948017858594,-1.0097629992567778,-0.1973334339845456,-0.37015169202516635,-0.7451035576107863,-0.2107118008699967,-0.17116699978706032,-0.9852345601355774,-0.0038366259071938172,-0.1974447543341948,-1.218357044100609,-0.19587506138323252,-0.19575422471193493,-0.843030950590322,-0.27207762904116556,-0.20041281203885797,-0.5576976674776734,-0.2676679433085231,0.02030011384670206,-0.9821676922502702,-0.04833661279411828,0.039402748364940364,-1.2868447567524,-0.20855750441412205,0.011252603432689664,-0.9840470869013561,-0.2291758276922559,-0.021276458492407946,-0.7310920238431003,-0.18423852098755605,0.19967636350261456,-0.9596514786812242,-0.10006479378291301,0.1910148381740042,-1.345507735619897,-0.16644029029547533,0.17719517126341708,-1.5865813122223258,-0.1802283598365875,0.16346005584917855,-1.8087668850280165,-0.1661965949971052,Y
0.0,0.0,0.0,-0.3186373673364306,-0.177576097828888,-0.07181138957494662,-0.5704304982255601,-0.6191467205138482,-0.10130805112349016,-0.7102385650090984,-0.9556415383694579,-0.15473963012119465,-0.8336378605957139,-1.1889539962942774,-0.18844266773916402,-0.3541307616021217,-0.9523111777851558,0.021556814400056825,-0.3862730212020064,-1.277752181959335,-0.11785568641793887,-0.37516114020841906,-1.0046628643367077,-0.18777470593175713,-0.3698652511656379,-0.7463103797851098,-0.1962767647206904,-0.1669387669380992,-0.9859659406926414,0.001616133429419218,-0.19559548606774566,-1.2209055348085436,-0.18622821009470672,-0.19003729295970453,-0.8456205009815142,-0.25414939807903186,-0.1924295661045083,-0.5657187863662871,-0.24413876240904717,0.019935859830169884,-0.9850771604104487,-0.043953502708931065,0.023189131051781012,-1.259862193722137,-0.2024981797666385,-0.004616101026325133,-0.939250537772376,-0.21901865858104838,-0.03631759969212327,-0.6898354134901497,-0.17138148400969516,0.1974206017584664,-0.9611118796388479,-0.09740262548103854,0.1936970353664131,-1.3326400584853895,-0.16341449860770224,0.17601854229633793,-1.5606115751424785,-0.17592722222080445,0.14962219340844943,-1.7799032800828225,-0.1613265626283107,Y
0.0,0.0,0.0,-0.31066212449682495,-0.19140579939776745,-0.0683121763617833,-0.549223213999218,-0.6238194941806898,-0.09853208430134751,-0.6879687826661787,-0.9535234817992397,-0.1525318713885853,-0.8128095385317711,-1.183088026260416,-0.18716507347312783,-0.3345898987767269,-0.9618888254447105,0.0163755809087004,-0.36889858857344276,-1.2505269645231043,-0.11139542100990206,-0.3586731756436957,-0.9749895457950636,-0.1763173552121705,-0.350708015173568,-0.7295610049794894,-0.186622568790632,-0.15346888150728313,-0.9881429283634008,-0.004566785993072405,-0.19132978695105424,-1.2071899336290302,-0.18064678881161753,-0.1879996468836121,-0.8373533613994141,-0.2461214822349958,-0.18797480621475157,-0.5685109997426623,-0.24063512553420588,0.029500033118695177,-0.984348764601644,-0.04840280333771303,0.027152093097998233,-1.2666654502684112,-0.19584407713921692,-0.0033410699617407824,-0.9494168224232176,-0.2064953833365777,-0.034287078414807194,-0.6995646552969609,-0.16085829281103528,0.2019253258468231,-0.9566089412784058,-0.10071973214351289,0.1977893544815455,-1.3329686731507961,-0.16182316649125025,0.18058818492238546,-1.5590381355032963,-0.17003973005566458,0.15891817903521677,-1.7729557910559157,-0.1551444732105731,Y
0.0,0.0,0.0,-0.31413701390401516,-0.19049696140882472,-0.07390855175551556,-0.5572128407145223,-0.6179182000932325,-0.10842075507082562,-0.6965821235620123,-0.9523703064729204,-0.166115460295186,-0.8226921894878786,-1.186035252632971,-0.20396768938440632,-0.346912358118216,-0.9593121892188317,0.009000023998894746,-0.370210812483484,-1.2602570109258298,-0.11934730053711275,-0.3595000583861099,-0.9784299763867577,-0.18594324303662677,-0.35521910798339057,-0.7268293154745716,-0.19769205525042352,-0.16028226633243828,-0.9870071100841523,-0.011249877451209516,-0.19117787167926079,-1.2204846916731433,-0.18650950992749768,-0.18403237594420355,-0.8563860770870302,-0.2552643578408786,-0.18729906962418158,-0.5839737314214037,-0.2535387726665765,0.02724656607874727,-0.9859867602046286,-0.05460871962801767,0.02923217354522027,-1.2816665866885457,-0.20102717000343753,0.005877611361247466,-0.9728702247043267,-0.21531990690908862,-0.024552121373252068,-0.7206099795704431,-0.1735378297091405,0.20222501880733132,-0.9623572443208489,-0.1069586830597676,0.19762138497667606,-1.3465523593830653,-0.16734024827883673,0.18076365121196472,-1.5779068566556798,-0.1772981960292613,0.15732733917449437,-1.7937664562305853,-0.16494649451351592,Y
0.0,0.0,0.0,-0.3277715566979333,-0.1810297064989873,-0.06435980052661985,-0.5763146106037569,-0.6039319055186773,-0.09349163687503353,-0.7159110245387623,-0.9300000553129841,-0.14785165234437272,-0.8453534112832649,-1.1549135557544943,-0.18404888497965674,-0.362188828871528,-0.9547079868879613,0.023961732169497853,-0.3974398227781968,-1.2775646279661386,-0.1097416143782106,-0.385039524532935,-1.0080378270656656,-0.1788707078098199,-0.377098430028142,-0.7478365817594795,-0.18824198881480572,-0.17384594423598226,-0.9847721080856219,0.001217706573873212,-0.2077665534627961,-1.228852283155176,-0.1804832217190896,-0.20341077741843291,-0.866334795716328,-0.25021613010941907,-0.20507585832299483,-0.5836388140277174,-0.24342118970079296,0.015180245711651563,-0.9836811296464986,-0.045689448406794855,0.01697526750345265,-1.2720042080196732,-0.19734477453953028,-0.00621091190319008,-0.9642556232713478,-0.217468073323162,-0.03173497725276649,-0.7096350109385311,-0.17491402420006444,0.19386629111716122,-0.9582279411445072,-0.1001389992179126,0.18925955853097853,-1.3275824193068797,-0.16353395879976246,0.1701157219982675,-1.5561315082692364,-0.17907255916533804,0.14604935714735612,-1.7698670735794835,-0.16800819105698764,Y
0.0,0.0,0.0,-0.3201725166699798,-0.18776623393153657,-0.068892401965608,-0.5603219502966612,-0.6142707065837778,-0.09692498039818437,-0.6931834824745117,-0.9453041741653304,-0.14941940506662954,-0.8181430545032935,-1.1756016233660558,-0.1824868581620134,-0.3488354706171915,-0.9516452790935742,0.02802442165065086,-0.38784274702437094,-1.2627517238810155,-0.11379815247237637,-0.3696238890803591,-0.987300216685612,-0.18883013420957168,-0.35859159930920453,-0.7326619407455411,-0.19998092138751974,-0.1630336262632693,-0.9865968393245542,0.006834715959589431,-0.1983393564539947,-1.231965839673619,-0.18227263561492,-0.19084249778543128,-0.8673598807308915,-0.2546068383618672,-0.19225160319312037,-0.5866616433353661,-0.24653559620309354,0.023387754332921375,-0.9896720584293052,-0.04008745191797017,0.025142149332633614,-1.2763747303414876,-0.19765602805847576,0.0007276677786509308,-0.9658489048907085,-0.2160565907324805,-0.026892887710342584,-0.7103494944688674,-0.16858469146547908,0.20064485662705706,-0.9683766754441127,-0.09524338319232743,0.19523070537664244,-1.340231626321039,-0.15998539391134023,0.17819920483454987,-1.5708644399969216,-0.17329153122134136,0.1556621374919609,-1.7827463572273163,-0.15844014463085077,Y
0.0,0.0,0.0,-0.3283503300281232,-0.16694230658829837,-0.07585086421882159,-0.5802058365993479,-0.5984726585375394,-0.10602651549655288,-0.7217086361981185,-0.9282366384414363,-0.15846241671175995,-0.847241929488882,-1.1587264367416852,-0.18920896505470755,-0.37005273219934304,-0.945516704773271,0.01354028123099348,-0.4058092993066175,-1.2618375526521028,-0.1265941017300152,-0.3809649141516929,-0.9798763101792383,-0.1946598073308487,-0.3652554203684377,-0.7162160734858112,-0.20083167295137838,-0.18092699679121121,-0.9834914532640663,-0.0031596184339275635,-0.21720358894798966,-1.2209041523268627,-0.19016710515222626,-0.20737210087439673,-0.8503069011445246,-0.2570968120622478,-0.20728623752512562,-0.5709487447243271,-0.24582933349222444,0.010061892546872134,-0.9907109728695503,-0.04541973414922009,0.006164934644844026,-1.282963435706149,-0.20065834809096691,-0.019424496750777766,-0.9633908162832916,-0.2145780351626918,-0.04769614844573027,-0.7056217743406373,-0.16529210258043775,0.1911536177699138,-0.9709050705829821,-0.09639499952969692,0.1814443301996722,-1.3452377812047696,-0.16115431009608888,0.16464149182475807,-1.5761170599639378,-0.17478010361143326,0.14325048212797828,-1.794050756544836,-0.16019389892644018,Y
0.0,0.0,0.0,-0.3207471447685458,-0.18281948682853727,-0.07077481944206201,-0.5653452115117817,-0.6105350212674943,-0.1019772336947153,-0.7120022256975888,-0.9356868895514975,-0.15612195840355214,-0.8470485030350099,-1.158998875071969,-0.18976897027443185,-0.36392983090937225,-0.9491917599845885,0.013705132835673851,-0.3897109737385501,-1.2634024719570542,-0.12194967941071445,-0.3719416060804412,-0.9932163431999378,-0.19181470668155315,-0.3622403737755201,-0.7286905025895982,-0.201528259349252,-0.18068103589933576,-0.9835337178450942,-0.0039735535921000655,-0.21421884991736004,-1.2188191409074922,-0.18465531184854722,-0.2055989780444816,-0.8513580344725344,-0.25050621829552455,-0.2035867307766756,-0.5643760321120906,-0.24220625450183256,0.0076134785730322865,-0.9915967295453623,-0.04595763123492663,0.0029477184246029797,-1.2999919606207668,-0.18987129164573688,-0.02079043521924947,-0.9903886261200379,-0.20033208864191207,-0.044248945280052486,-0.7262047219256159,-0.1540137606223481,0.1851434679266279,-0.9734945941134028,-0.09733849913002635,0.18094422985985287,-1.3458609240543096,-0.1547393305506435,0.1606375753426195,-1.5749475360814547,-0.16652781096380997,0.13762859840905214,-1.7902766006867747,-0.1537624319633297,Y
0.0,0.0,0.0,-0.3470053205163759,-0.16606409783866852,-0.05625053830383419,-0.6019012648766434,-0.5814599618208796,-0.07687242870115321,-0.7505348136261322,-0.8904000943328665,-0.12326105579470782,-0.8904429342211465,-1.0930942439185456,-0.1538144936727127,-0.37793961438980145,-0.9429974626213129,0.03937065681897355,-0.41507011392262777,-1.255399558832287,-0.09170208019808639,-0.39317114194097447,-0.9903349828084775,-0.1661207036254054,-0.37366146736475325,-0.7321245107283679,-0.17894938982919426,-0.20293839258509327,-0.979066423104293,0.015650813548949462,-0.2356786381125024,-1.227540417848412,-0.15660101629224055,-0.22739718698202022,-0.8616651001785405,-0.22688214800952144,-0.22466099775395765,-0.5803822882676553,-0.22017155073703193,-0.017559903297297848,-0.9949811634192035,-0.031964246610455,-0.026366282149755834,-1.2971420227014339,-0.17194631991033893,-0.044101717716564404,-0.9810924160026236,-0.19149506154377002,-0.06219350326315624,-0.7192714315200106,-0.14964918385340187,0.162167337091749,-0.9858348472714331,-0.08754328155497719,0.138430978992634,-1.365937319657187,-0.14181068395413252,0.11474469349020991,-1.5902191565817576,-0.154171434787318,0.09516686454627056,-1.802441147683882,-0.14120023293246145,Y
0.0,0.0,0.0,-0.34526466771475517,-0.17339868663712496,-0.06532716153895984,-0.610754739910438,-0.5773478986318664,-0.09698849205625612,-0.7703889233377312,-0.887007293169472,-0.15427576963098555,-0.9120416734782073,-1.097145148101852,-0.1941106577860091,-0.38755307153160806,-0.9436264371165043,0.02468989850865513,-0.4186347029665842,-1.2828189813503346,-0.11738362747144054,-0.395356453026276,-1.038636557965287,-0.1951986101118198,-0.378897492101598,-0.7817173570659477,-0.208088281543547,-0.20744083891819484,-0.9782456280262415,0.0019466885883302485,-0.23970184634841274,-1.235109683362053,-0.18531957732087448,-0.2291372071006047,-0.8672199848048602,-0.25920855648721625,-0.22164366408142816,-0.5737659953018974,-0.25330671980603825,-0.01893226787444867,-0.9957250661316661,-0.04570659122206039,-0.027850499369921136,-1.3223493963520916,-0.19442259264568096,-0.04798289388980503,-1.0107252279221959,-0.21132755042177717,-0.064973412566014,-0.7387791452170093,-0.16663258639554468,0.16072743001145798,-0.9883227691222444,-0.10246201790679291,0.138393476782693,-1.3739004071809837,-0.1610050917865305,0.11233293418356904,-1.606142110529367,-0.17413632708014165,0.09196261782516565,-1.8205152300173275,-0.16100558923362418,Y
0.0,0.0,0.0,-0.35301654921831005,-0.188823580154509,-0.06338828117233616,-0.6179355683330309,-0.5913559094409323,-0.09276362774989558,-0.7773483161419383,-0.9012445439492589,-0.14722143278555982,-0.91592063186442,-1.111422370179618,-0.18480778389229968,-0.3887392212444707,-0.9460478709694516,0.025444904584293247,-0.4093174074543324,-1.2843698241488475,-0.11181636194263075,-0.3893218000321471,-1.0296578929138127,-0.18869206958735749,-0.37912439332488573,-0.7672263656315168,-0.20252817342449053,-0.2024037024031175,-0.9792893154512268,0.00501775812268861,-0.22733386035826125,-1.2437726818068349,-0.1725368088625891,-0.22643294184203042,-0.8844756143481632,-0.24549359036717577,-0.22926269159370616,-0.6031490011560816,-0.2430666592512239,-0.011024577468845,-0.9946946234422626,-0.0394587409029388,-0.009646434100148015,-1.3219304952338797,-0.18130524604592366,-0.032220365531331514,-1.0129000681869689,-0.19965247369634298,-0.052586420168945505,-0.7471698237711287,-0.15911078454049848,0.16767705217524242,-0.9841894123999678,-0.09254217093067986,0.15701381023013225,-1.3619195745255095,-0.1472304554958895,0.13697235960911217,-1.5859075932197473,-0.1599531889116328,0.1228224718892717,-1.793408290534303,-0.14832682157858101,Y
0.0,0.0,0.0,-0.3521032417106534,-0.19206971171824033,-0.08050294374707154,-0.6157995410066043,-0.6032820490971988,-0.11653217431990748,-0.7786278488605967,-0.9115747817875867,-0.17364092391122943,-0.9119630404011597,-1.1241489383044339,-0.21043507312652754,-0.3846605223686479,-0.9518359457288514,0.01861741736247695,-0.41343641498769396,-1.2962717924840887,-0.13075083652439815,-0.38733585796951714,-1.0489188432860639,-0.2122792302747346,-0.37396972737244116,-0.7974429981055806,-0.22474197187579248,-0.19778612139370452,-0.9802366927271469,0.0040836766987150525,-0.2266481036612815,-1.2350020461832008,-0.19031867314269785,-0.21637863482576578,-0.8740325684015793,-0.26458717244283314,-0.2146642535467431,-0.5911770463315822,-0.2548158904351777,-0.007437062385836774,-0.9936492889292247,-0.037891075405986636,-0.013294579266674445,-1.3228774847909965,-0.19437359892458808,-0.03385774746792155,-1.0106904782973616,-0.2103865407998309,-0.05455318585763997,-0.7367221445803426,-0.16033982378127634,0.17344270541375445,-0.985888962763805,-0.08961470101041967,0.1465884363733402,-1.3769892474011196,-0.15465355973605105,0.122821992077584,-1.6119904700229202,-0.1688683646539302,0.10442275275712523,-1.8196384172143947,-0.1523928512669308,Y
0.0,0.0,0.0,-0.3576794816249021,-0.1899807819552854,-0.07913956467943678,-0.6190591692805574,-0.5954676840032845,-0.11492497963903318,-0.7780040329605264,-0.9052862772127396,-0.17252063943996446,-0.9138726739631856,-1.1209162179193166,-0.2104623710430189,-0.3867224508379917,-0.9494620953133239,0.01801431671053888,-0.4188145026674645,-1.302274160466212,-0.1361547537943401,-0.3978373208056231,-1.0424311147696486,-0.22037440465248334,-0.38297772150008574,-0.78777910760406,-0.23311799057261204,-0.20381829837547863,-0.9790065380125598,0.0020735901202001525,-0.22438490233816882,-1.2444199635752973,-0.19173153079793942,-0.2214250268458644,-0.8823054526902016,-0.26478092658716496,-0.22503102081414628,-0.6045395138421719,-0.2538182645161774,-0.016382030035083563,-0.9924891958098403,-0.04203438730471841,-0.014322668098148436,-1.3154251760056792,-0.19890063881169084,-0.028716533049268255,-1.0029500678078849,-0.2156386003471652,-0.043394059770329396,-0.7343319396299768,-0.16557541105602347,0.16214787783222323,-0.9846834317477049,-0.09599346733516492,0.1381663576212811,-1.3822622770218884,-0.16001062422325965,0.11929750312094804,-1.6145057078883276,-0.17348545529139683,0.11010804369889057,-1.8181993414184847,-0.15639409494990617,Y
0.0,0.0,0.0,-0.3441266171627636,-0.17304814318945042,-0.08922257082694982,-0.6122458346539298,-0.5935878539260638,-0.1306332413512384,-0.7696753252889081,-0.9182825209260816,-0.19173098568718844,-0.90029807085147,-1.1453817803803055,-0.23258611299252044,-0.37983274470123546,-0.9458682995736282,-0.0020158995862706052,-0.4057687389917717,-1.2884590755350072,-0.15216698555595037,-0.37693718184271746,-1.0345329551179292,-0.2324781307519807,-0.3596242930334849,-0.7769125443884531,-0.24603052616533838,-0.18763652454416607,-0.9821379533854785,-0.014056143737533479,-0.2067092020902846,-1.2331727310609135,-0.21130969041426323,-0.19991312587474236,-0.865391796131378,-0.28628579902452606,-0.20512750228552476,-0.5747394052565717,-0.27916556508152085,0.007496615616796588,-0.9961422705646905,-0.052840683885999114,0.012738563457829165,-1.3239491330894777,-0.21192916840387643,-0.010916598332317841,-1.0070659024251334,-0.22994686948269935,-0.04098549374912971,-0.7317505416386725,-0.1832046088014245,0.19144222594206473,-0.9840412260961153,-0.10183332628683678,0.17966809986074156,-1.368382743666629,-0.1716520212722199,0.1607338421481239,-1.605827760310542,-0.19127164354916212,0.13950806097236698,-1.8296508023641205,-0.18020662018958555,Y
0.0,0.0,0.0,-0.32750232885912145,-0.17549994860733856,-0.08370419299466782,-0.5862505029442001,-0.6110618899020963,-0.12063207762666024,-0.7391077744575761,-0.937281881868828,-0.17810697689380148,-0.8660344299454973,-1.1651416133993135,-0.2151770126412261,-0.36328346337054046,-0.952710362291149,0.011562175256764746,-0.38786416538483215,-1.288399157010692,-0.13597804577632222,-0.3638398211757043,-1.033521197794169,-0.21528901357377173,-0.3473268501243907,-0.7821826240976673,-0.22859439529490563,-0.17442441398203895,-0.9846691829840669,-0.0016504207077153773,-0.19104892798843662,-1.2312913351600616,-0.19503253475160306,-0.188495109965709,-0.8645002393735016,-0.2671343181862961,-0.19424242179007697,-0.5820951886247545,-0.2575080051109619,0.018189100712138875,-0.9915107556232742,-0.0420182829822105,0.024389911996228177,-1.3095125286255822,-0.19849657449813252,-0.004176754449498177,-0.9942189968611912,-0.21568845473089987,-0.03688733666451548,-0.7251860738080695,-0.16803221907295135,0.20096078152999428,-0.9727178031469941,-0.09221567867471274,0.1908247565020633,-1.3535407855678883,-0.16066595692194127,0.17120812308008942,-1.5878576600639156,-0.1804118417608465,0.14953188020280422,-1.8050788804804894,-0.16929230165313458,Y
0.0,0.0,0.0,-0.33446129163599064,-0.16819799355246787,-0.09393980232421752,-0.601992248491405,-0.5955872257400023,-0.1355328605815338,-0.7692675786252423,-0.9167889205744125,-0.19573388126624658,-0.9017714698690076,-1.1428327920897408,-0.23493444985364,-0.3847744772040149,-0.9399272717595566,0.0003300765174003372,-0.41086497218912693,-1.268445684795566,-0.14190337993223792,-0.37844961540709265,-1.0197337306675776,-0.21516231712860057,-0.35591517952090534,-0.7681320553747822,-0.22555670143557857,-0.1876933543333217,-0.982184281402304,-0.00923266512692749,-0.20013482193393858,-1.219485621555451,-0.20281147067458163,-0.18992377872893088,-0.8574587108834885,-0.27720093798762657,-0.1926088998899878,-0.5683387299394914,-0.2689863697033911,0.007871209939094256,-0.9972734978270916,-0.0453251412289172,0.020477603287273775,-1.2975789108754894,-0.20388174466838593,-0.00824276679567218,-0.9879913467635287,-0.22326644406402174,-0.04633221924754657,-0.7200747507216954,-0.17597105777367422,0.1878068254141571,-0.9850064344652767,-0.0914928197926077,0.17164166482669882,-1.360937208529052,-0.16033276589209958,0.1516799622768747,-1.594386896063628,-0.17838991796029477,0.12719539452172415,-1.810396972160122,-0.16541262786474864,Y
0.0,0.0,0.0,-0.32549014082570826,-0.16070631996793797,-0.09887796238078123,-0.5910064951079697,-0.611080222600784,-0.14087721292927965,-0.7506960391103097,-0.9380072859368679,-0.198156769765772,-0.8795954528235308,-1.1668647878254816,-0.2343548372333479,-0.366624513646849,-0.9539507276313054,0.004225413260764142,-0.38330934337493305,-1.297164467862589,-0.13503116767466525,-0.3639698059736911,-1.0596226488614071,-0.21235834280204982,-0.3575111192095219,-0.8087815655162813,-0.22625596940472054,-0.17138566669208266,-0.9852028591654116,-0.001509816150583529,-0.17666229141339362,-1.2326665081350365,-0.19456902885124097,-0.17355651270358344,-0.8677894948695443,-0.27406091840984087,-0.18576155655701942,-0.5679133642102361,-0.2681590891041511,0.02302621669548789,-0.990129717220004,-0.0341096757742981,0.0477460825019993,-1.3095810512358736,-0.18912505197670398,0.02917779126448958,-1.018741803555548,-0.21277077488576188,-0.007007596494941645,-0.7495995526010008,-0.17019579727369358,0.2048480996238743,-0.9746520090368144,-0.07643117169131802,0.19415195770155638,-1.3643940466073152,-0.13723117201632787,0.18121379011833688,-1.6052466523721995,-0.15271891066509316,0.16215977108603968,-1.8161898093902704,-0.14027583486611883,Y
0.0,0.0,0.0,-0.33117791074968944,-0.15637520964813362,-0.09662612701770595,-0.5971820326180175,-0.6144558723056266,-0.13522331281862648,-0.7553973207988793,-0.9423452277008769,-0.18840268800843282,-0.8816678514433184,-1.1733726534646647,-0.22081521590400274,-0.3655222533823199,-0.9498002031501859,0.005204039131361353,-0.3812600941912656,-1.297474963967076,-0.1270660042618026,-0.3621942998813977,-1.0622536187310072,-0.19867006973647872,-0.35585807314195705,-0.812226370721429,-0.2107918911504802,-0.1697258929641248,-0.985490693190507,-0.001102221585886038,-0.17221564428818992,-1.232400992537375,-0.18995187468948443,-0.16656029155676413,-0.8613257158376494,-0.2672325784713709,-0.1741480043854996,-0.5607815826897274,-0.26053927297729007,0.02541682840637609,-0.9929194913478573,-0.0337316795606513,0.059307166894633175,-1.3172764988312358,-0.18749629927436529,0.04182840396189339,-1.0376601851444207,-0.21264054671258126,0.007023711174717741,-0.7721835753716226,-0.17184318761685385,0.21155799876528505,-0.9806444567559843,-0.07535696988187705,0.19692885881676894,-1.3807339563782188,-0.13804237083979617,0.1870356933760407,-1.6228466720352144,-0.15466790939972533,0.17390024557170936,-1.8265231905842283,-0.14332200341170212,Y
0.0,0.0,0.0,-0.3274635252095316,-0.16808856258836144,-0.09758429888997125,-0.5919450279081768,-0.6113122866148313,-0.13787966063115156,-0.7479411000480884,-0.9408835491348161,-0.1937431769421907,-0.8732315889080138,-1.1682872965558821,-0.22739204821441567,-0.3624163619396945,-0.9552362119284297,0.006327271220023064,-0.3724266931597866,-1.2858644434772284,-0.12995097998437555,-0.34696513343830365,-1.037994742459498,-0.20261607475021018,-0.33729325966816176,-0.7883291500413065,-0.2134774423722453,-0.16842986204743338,-0.985713401020816,0.0006874726604155322,-0.17258952994376794,-1.2289254366347468,-0.1868022640168927,-0.16321322512228484,-0.8651437476765319,-0.2624977559693247,-0.17041203422759976,-0.5795598105201899,-0.2551516791186116,0.02405528193516314,-0.9925148455780214,-0.0317501849877896,0.04865597125723077,-1.2950708736625725,-0.1844671013855855,0.027278637008124017,-0.989495598432893,-0.20509183609414697,-0.010817720175125993,-0.7224004808001285,-0.16004379541693883,0.2051917667658034,-0.9753671959954296,-0.07412676736766745,0.19305096216228426,-1.3617655935442867,-0.13660196760981042,0.18115302015643933,-1.5983911438364005,-0.15251686344029813,0.16311349643855907,-1.811283463499735,-0.13926111928099363,Y
0.0,0.0,0.0,-0.32101188304565054,-0.15845258661774966,-0.1018829360036917,-0.586645717819651,-0.6032898215527447,-0.14723386519746298,-0.745505354343541,-0.9254637871380071,-0.20618172188492695,-0.8713369358018243,-1.1558599407313024,-0.24309317109254092,-0.3631956076404737,-0.9529852402556892,-0.0068202404984188895,-0.3678321243631596,-1.2882622322044455,-0.14377683015075557,-0.3436744186717398,-1.0299574786584482,-0.2179418045754339,-0.34105491769847096,-0.77328593260652,-0.23098269804513163,-0.16836534329100503,-0.9856617172004718,-0.01113958813956656,-0.1660915137206793,-1.2261523232453153,-0.19998995671368172,-0.1562930391977283,-0.8565097898516598,-0.27655633297422216,-0.16833709377070508,-0.5660921372908642,-0.2711144481091666,0.02499183698173128,-0.9906862796065508,-0.04187695420877645,0.0592533688291625,-1.3083783303893144,-0.19417978477857922,0.04903782866105577,-1.029150569633153,-0.21722664228765837,0.0144301117830396,-0.770385734126998,-0.1764931934920981,0.2057707899340007,-0.9761832326983731,-0.08211550270786586,0.18787959828657438,-1.3729822867701995,-0.14082597514505923,0.1808192727221521,-1.6072210171588412,-0.1540970380017464,0.1705256611524891,-1.8014159241153818,-0.14134048558438606,Y
0.0,0.0,0.0,-0.3331129263011562,-0.1608409038141066,-0.10424210632074933,-0.6017141471058858,-0.6080555957965542,-0.14852019271787137,-0.7631300356617325,-0.9346558967568634,-0.20532019560483183,-0.8870985922621778,-1.164027992292969,-0.23991375366299073,-0.36847079535561034,-0.9521884475539686,-0.004152417332548584,-0.37322312337243285,-1.2948921457227964,-0.13842855111416097,-0.3472696836535221,-1.0474617048562558,-0.21270959025356098,-0.3424983653149541,-0.7949264281254911,-0.22606555606968126,-0.17340695796581454,-0.9848343931613716,-0.005589720522101251,-0.16907690085336172,-1.2333090379694485,-0.19229524164691514,-0.16189222912629742,-0.8643001834977143,-0.27070388985939553,-0.17594190216437602,-0.5749441235519167,-0.26649347836780135,0.01845832898220048,-0.993213872631593,-0.03292443518149536,0.054630671835963575,-1.3209790452028634,-0.18053174288946225,0.045166633990496564,-1.0474127784023142,-0.20358645505887338,0.012358215630381714,-0.7919309686246001,-0.16324341224570796,0.19664504542958108,-0.9796141647170964,-0.06981973315509615,0.18281138730135804,-1.3808356162041788,-0.12255192505242411,0.17582347640793505,-1.6195340697530962,-0.13247148334996978,0.16437732373027686,-1.8200340186197885,-0.1177051069971941,Y
0.0,0.0,0.0,-0.32864198414954127,-0.1593438207286501,-0.10129183375229746,-0.600261678774371,-0.6015307287041974,-0.13834442460026783,-0.7632408762162247,-0.9292493330094006,-0.18886480782852122,-0.8905584431718702,-1.1528588510526063,-0.21771135146942802,-0.38011151650221936,-0.9404214857493642,-0.0017139154760781638,-0.3798693881474073,-1.2754392510840062,-0.13163028264576254,-0.3488506750613673,-1.039686544711226,-0.19681815679576622,-0.34420085487915386,-0.7907556309395348,-0.20255800259173784,-0.1852879270450871,-0.9826792554628817,-0.0031408556558812158,-0.17315442915953738,-1.22832484321854,-0.18559453186853375,-0.1683081451806563,-0.867147923357595,-0.2581394691103473,-0.18572200583907583,-0.5817415145474186,-0.24915740649967238,0.003958214519619724,-0.9952717883544293,-0.03075035847785789,0.04133598281888205,-1.2847746000709355,-0.18296244797642094,0.02413610840386,-0.9936294572109342,-0.21002055711828715,-0.016029321875146586,-0.7379371356802776,-0.16896085151346904,0.17645608291002307,-0.9821987156358972,-0.06734236285319284,0.16789450924118565,-1.3650359018252636,-0.1302786980094644,0.1547701966405497,-1.5967573834837165,-0.14863768393498672,0.13254615886317714,-1.7984500375505559,-0.13707694273030502,Y
0.0,0.0,0.0,-0.3305958552326572,-0.17062998905938256,-0.10283588470752134,-0.6014934876492999,-0.608561958911183,-0.14582469980076085,-0.7631677375658662,-0.9372321947911191,-0.20277222699839442,-0.8889305275147334,-1.164931453504253,-0.23657179143068785,-0.37914023636896105,-0.9484273380558325,-0.003926168719967816,-0.3723461256360241,-1.290195003839598,-0.1382654621198435,-0.3425306723378728,-1.035320509059213,-0.20532615341777133,-0.33796309250553364,-0.7837434362762804,-0.21182320786441888,-0.18139200206578898,-0.9833912752974642,-0.006208160387084631,-0.16712900925013144,-1.2345305244601577,-0.19256143258890862,-0.16383641471066646,-0.8654991192127071,-0.26513098259767265,-0.18119005340665262,-0.5852061807842913,-0.2561026807269845,0.010449569197782418,-0.9918487134991445,-0.03485793029648307,0.04878226753823467,-1.297746623188379,-0.18693295181582747,0.02863192151492578,-0.9966329925566925,-0.20717386296241938,-0.012743684510202684,-0.7384323792230417,-0.16217018759172075,0.18532369840435353,-0.9764595820118885,-0.07320585272970263,0.1771457163817172,-1.3611224303183476,-0.1320801390965267,0.1660119891102869,-1.5914648563755964,-0.14495699775155327,0.1480122756203306,-1.7969319278083882,-0.13033588465846807,Y
0.0,0.0,0.0,-0.33905613209849234,-0.16355001637111813,-0.11254661749379638,-0.6132959999840644,-0.6072423588188347,-0.15758991820893628,-0.7749669494249046,-0.9408245677386329,-0.21661085798391316,-0.9012803243716485,-1.1723498852881802,-0.2522356312050303,-0.38149786588561413,-0.9462575340752247,-0.004608288056769697,-0.38747591556374217,-1.3044130236220053,-0.15315106582714735,-0.36260274289156774,-1.0620586070693527,-0.23005693427047516,-0.35716537850481717,-0.810615070107606,-0.23967356300035442,-0.18596000607632066,-0.9825483198373571,-0.004204203239789588,-0.1803335255327487,-1.2387651156119002,-0.2054451535247213,-0.17614245860970207,-0.8754775138471921,-0.28479489474604325,-0.1897239123777096,-0.5878359624938467,-0.275642964683121,0.005290304584571094,-0.9975115859895816,-0.033316005879163994,0.03695186767660252,-1.307998671452902,-0.19660593170003152,0.014151825897955845,-1.0009756002457784,-0.2212278657568938,-0.025847615660447555,-0.7326406644544471,-0.17466381894022096,0.18009025838334905,-0.98865583711703,-0.07365303644198054,0.1697749066143997,-1.3746758606391958,-0.141629145074931,0.15838230743471907,-1.6128731577184636,-0.16191277201779114,0.14235004021581077,-1.826134472471729,-0.14936051352655508,Y
0.0,0.0,0.0,-0.3377156558399645,-0.17126470617210263,-0.10224585581223652,-0.6133658474468774,-0.5931299874012549,-0.147692784084975,-0.7753672144322127,-0.9275566021919184,-0.2090287460112513,-0.9043729216109606,-1.1615142096619242,-0.24769798413298358,-0.3869555394910653,-0.9458487089570009,-0.0012076224235162828,-0.39282374855979263,-1.2865897227255478,-0.14926309124722584,-0.3666298256431597,-1.036577676077533,-0.2280075275698714,-0.35903004143137063,-0.7846828983573817,-0.24037582647657407,-0.18938662255778302,-0.981884562366691,-0.005950914394226234,-0.1860441170965317,-1.2345460365493133,-0.2019144452522181,-0.1807799719073271,-0.8715505312860343,-0.27908964160146393,-0.19515630035422485,-0.5856340529111076,-0.2731624572275388,0.005112149504968816,-0.9990416000717807,-0.03896354698661401,0.02850073034533838,-1.31094052302183,-0.19945875623133416,0.008576419464641053,-1.0015563868621569,-0.2222679934847484,-0.028039704761661895,-0.7324979933548175,-0.178197450164096,0.1829622156537399,-0.9914426556151532,-0.08247520263119883,0.169153281777645,-1.3679846712665509,-0.14948044787486686,0.15282284306988173,-1.6025401844115617,-0.16949137600149553,0.1298748537709249,-1.8183250703086151,-0.15954724030732123,Y
0.0,0.0,0.0,-0.3419399464590425,-0.18100199970468764,-0.08084089658451316,-0.6034524204984849,-0.6006345054789847,-0.11722389555117121,-0.7501159745575942,-0.9246001105382379,-0.1745846775095551,-0.8781060344182615,-1.1505704728258341,-0.21227856203558834,-0.370430907181976,-0.951725966429928,0.010151616184333734,-0.3839881633302855,-1.2921801786077023,-0.13503314095409819,-0.3607346234536102,-1.0447156403716586,-0.21135978271102338,-0.34948841729625657,-0.7866204935156583,-0.22153254930857386,-0.17863616844972968,-0.983908714002415,-0.0035723706014196967,-0.18234137394223313,-1.235257741867696,-0.19320456630445962,-0.18695185365602324,-0.8766584810179644,-0.2674699073747161,-0.19974715222321304,-0.5898580901614063,-0.2610637331027522,0.015399621991692125,-0.99666389497728,-0.043256609170615336,0.031661910554891544,-1.2969166828960021,-0.1994312489349016,0.00044184686167323615,-0.9825869085035772,-0.22100483004884688,-0.03511423687922382,-0.7127659427571547,-0.1769510794026797,0.19723247086707776,-0.9849770869869805,-0.09172576773789354,0.18988320462623484,-1.3586565507915842,-0.15699401246256817,0.17007645761288148,-1.5887844790092767,-0.17439747360675004,0.14849236292301662,-1.8057586787228368,-0.16248924071570983,Y
0.0,0.0,0.0,-0.32516691738159764,-0.17801715954258812,-0.07231459333371877,-0.5731362927522988,-0.633189077593238,-0.09996591983776698,-0.7112287144106808,-0.9582768874543366,-0.1487003334264931,-0.8411349324469316,-1.1740237208003217,-0.1788649265495839,-0.34420781261579597,-0.9629819531032244,0.00821032872201345,-0.3659204524102423,-1.2811952787258343,-0.13052410001342607,-0.34643666361359354,-1.0114901961876424,-0.20456545718818872,-0.3342513916481596,-0.755416574214332,-0.2169648147290381,-0.15778218852727335,-0.9874434096219726,-0.007764906804149947,-0.17686840436498225,-1.2213393806983497,-0.19027557577462595,-0.1848640986238535,-0.8547840327676705,-0.26044906877092716,-0.2002679475811149,-0.5803194727182922,-0.2543132323476633,0.03640438537678741,-0.988937361252665,-0.04801892931840044,0.040336151266972625,-1.2959692527085567,-0.19588011632050786,0.005620840358746288,-0.9853594760030652,-0.21602890695167698,-0.03370333168373016,-0.7273908014889512,-0.17487291410862418,0.22113496461784335,-0.9692450162656098,-0.09636559478336011,0.21211453623408671,-1.3573589953530572,-0.16006891861833672,0.19605068902689912,-1.5935516626420678,-0.17949120572773652,0.17814850787851091,-1.8171650129578762,-0.1709590254325483,Y
0.0,0.0,0.0,-0.3128955926693158,-0.18114739608898603,-0.058490486387893094,-0.55247858232396,-0.6235600807730423,-0.0833242197057955,-0.6868287704328911,-0.9374995980161374,-0.13202862222281508,-0.8067477494395618,-1.156810237468553,-0.16401992275491561,-0.3264688463872593,-0.9643174065524873,0.02033523033698155,-0.35227085572548017,-1.252787950447536,-0.106016970408735,-0.34244458546447315,-0.9897359119367504,-0.1728729597338621,-0.33616894673880793,-0.7443406951197226,-0.18421995525643628,-0.1441874982370159,-0.9895490227583651,-0.0016422271813677793,-0.17260779605047663,-1.201662063157146,-0.17481697847031272,-0.1814799063712045,-0.8363387988712053,-0.24190153575771778,-0.1923899235836636,-0.5598374422931212,-0.2366692794695021,0.04676329981688783,-0.9841155681783347,-0.04560131836198119,0.05081414247243659,-1.272007176186754,-0.18903274588082367,0.009425680798476615,-0.9664014443173643,-0.20983913322455788,-0.03329781622994006,-0.7130124437472237,-0.17152576738292113,0.22958165864426355,-0.9525249885357536,-0.09598667617564934,0.2249336117506117,-1.3282175794013285,-0.1603282536319826,0.2081677336154146,-1.5608762067125088,-0.1806813985757106,0.1871738492434709,-1.783728146384046,-0.17380001285765603,Y
0.0,0.0,0.0,-0.32867834638832244,-0.1722892493211482,-0.0811868225824074,-0.5838312888023984,-0.5985247342480047,-0.12089347194148284,-0.7267354899347028,-0.91762063345378,-0.18016002853326424,-0.8504116183349826,-1.1473727134435507,-0.21972143345919898,-0.3569883093665699,-0.953885542558132,0.002840598496967371,-0.3690340547514078,-1.269017788968621,-0.13475047858595196,-0.3489930870315473,-0.9900987243745598,-0.21093143055873387,-0.34277186059128695,-0.7229208327880937,-0.22598351195286764,-0.16269798349155032,-0.9865969317658532,-0.012484406192834245,-0.16516536196337195,-1.2267215833895926,-0.19847250852579199,-0.16798232739887425,-0.8539735620138708,-0.2745058962347725,-0.18275079715521023,-0.5650280905879796,-0.2711964850439084,0.02866981642655431,-0.9881074212218771,-0.05192939798530265,0.06396546408491811,-1.293111385683861,-0.20206069426073578,0.02665547949426165,-1.000313218469605,-0.22410477817167893,-0.022107690048066148,-0.7454065400649592,-0.18343314506854286,0.20540024169970322,-0.9628572655270201,-0.09957825908089823,0.19999770159758062,-1.3488311515331977,-0.16092718451832036,0.18985731046208068,-1.582441981904831,-0.17488379580690294,0.17505514557671525,-1.7928064637860783,-0.16226011643895075,Y
0.0,0.0,0.0,-0.3466839324887757,-0.16482728336833355,-0.0946033837683179,-0.6126495350977816,-0.5744387693048904,-0.14353017675309726,-0.7684507960648472,-0.8842152119491621,-0.21195831251464728,-0.9034342999068713,-1.1073254702780457,-0.2590873441684794,-0.36473890989547075,-0.9466996755685255,0.0009592528864974721,-0.38164297346986803,-1.2782072482332412,-0.15770973442593034,-0.3663926320408827,-1.0069802871622486,-0.24917070987909015,-0.3633963103913124,-0.7434724734390322,-0.26801365802833443,-0.17054079607159361,-0.9853035436189389,-0.009631396951058994,-0.1750570064767649,-1.2229629843823806,-0.20361245432803066,-0.1832642991168592,-0.8590914588170884,-0.2836977249474564,-0.2044190391198309,-0.579936469002071,-0.28029953655293366,0.02372156844340788,-0.9984805339073684,-0.04836388093857103,0.03601984388558915,-1.2935983546618683,-0.20334635382563032,0.00778686384381597,-0.9781934448349534,-0.22582169880156636,-0.02594848140175473,-0.7125701571114398,-0.18263255418552776,0.20245872653959332,-0.9867205246285897,-0.09766069858564246,0.19193041100767957,-1.3697994077349545,-0.15643453482986275,0.1764734542856595,-1.5991197219713267,-0.1688429495532504,0.16261103442511107,-1.799386126951633,-0.15303479682064225,Y
0.0,0.0,0.0,-0.3363827299324784,-0.1612806886034738,-0.10665323481616856,-0.6151162135463447,-0.565567389432366,-0.16081410986036823,-0.7808508492437637,-0.8782200455676676,-0.23066997694994948,-0.9150467173857392,-1.0938577284255255,-0.27653894222505854,-0.379644910402373,-0.9417633546291487,-0.01310281714359157,-0.381596725052482,-1.2908097867931463,-0.16459283150345724,-0.36161906710769715,-1.0324972944249384,-0.24402488707180575,-0.3639975150402831,-0.7807660444628431,-0.2556444467468527,-0.18145665926671892,-0.9832450261063939,-0.017398259820985685,-0.17982945122419494,-1.2154161185836205,-0.2149372223141407,-0.17308160004079692,-0.8403986789038453,-0.29101309606033665,-0.19003159683782586,-0.5567582601970247,-0.2833442975733653,0.012592857622226936,-1.0067786137496226,-0.04954882659774732,0.03301437074346034,-1.3143298056714274,-0.2100287705202968,0.017437428583981292,-0.9980186712872151,-0.22988351045858205,-0.01742620825912104,-0.7290873156588223,-0.18353301711396167,0.18434106556916602,-1.0046736286182818,-0.09243396011908585,0.16821745874498398,-1.3754758792796264,-0.15469829892400375,0.1547478501569327,-1.598721072861629,-0.16802497883898052,0.13689553049090955,-1.8076596999023418,-0.1522844939212186,Y
0.0,0.0,0.0,-0.34229054809097836,-0.16284755655123706,-0.10538621477814768,-0.6232045299001133,-0.5500064196605519,-0.16250259813879114,-0.7896499026636272,-0.8595480959767706,-0.23644471281492999,-0.9288109087896371,-1.07470925069678,-0.28822723727310595,-0.38833933591988634,-0.9450269522864246,-0.011460955089567744,-0.3847699773033061,-1.2942315319572695,-0.1681311063403361,-0.36487346121401437,-1.0393880709764773,-0.25487695625293194,-0.3672682972445778,-0.7883651715706405,-0.2705789359201871,-0.19269517644474426,-0.9811126065093,-0.01692992390580754,-0.1836086661388698,-1.21794654870089,-0.21534012328105887,-0.17896981933493408,-0.8463379507017738,-0.29572306499407996,-0.19903320041717312,-0.5670274250574256,-0.2914210849792009,-0.00177885843644315,-1.0029981791850655,-0.05050703096236111,0.022127074181062044,-1.3061713042898355,-0.2100850886848528,0.008488642090833717,-0.9866173403386539,-0.23223203467563697,-0.024600039247082997,-0.7187189573321182,-0.18783815305100796,0.16669269514065743,-1.0014890211442,-0.09503891979930153,0.15043771647884885,-1.37061534068234,-0.155522176281692,0.1403720061756013,-1.5873802749489057,-0.16744704071469435,0.13073833391610887,-1.7915690215609665,-0.15084809703399346,Y
0.0,0.0,0.0,-0.3433723481369079,-0.18647372824587385,-0.0939317392840577,-0.6141622933883508,-0.5743423058882922,-0.14572078430614496,-0.7699829731584413,-0.8828779473577799,-0.2169548088983759,-0.9014947179681344,-1.0970047412340005,-0.26577101179503104,-0.37138608272071344,-0.9560790029794809,-0.0034770034899914656,-0.3698089503343765,-1.309185981548381,-0.16369135637488572,-0.3588912799842206,-1.0423862701942959,-0.24936607086516843,-0.3621065458483886,-0.7869999901443632,-0.2620379197383023,-0.17577489931145304,-0.9843330564466517,-0.01384264275495868,-0.16775757669062688,-1.2307488718211628,-0.21292535320547173,-0.1714956727431422,-0.8541924382538957,-0.28577476295183074,-0.18787878671995456,-0.5724099692296093,-0.27410579426284104,0.015225618265711878,-0.9958851381483461,-0.0524403735055887,0.04027597065897708,-1.3138016037191604,-0.2116769436280638,0.016517824720528484,-0.9922264706003805,-0.22315647533370267,-0.012242156549221452,-0.723875043981414,-0.16892612373862922,0.18501046456365924,-0.9832585476371046,-0.10172242855285248,0.17249634481485993,-1.365430385847618,-0.16106570418569033,0.16050378439833515,-1.5870265727488797,-0.16738198595308218,0.15494124736771725,-1.7930624614376591,-0.14461029438403694,Y
0.0,0.0,0.0,-0.3279340100731968,-0.15884207670617553,-0.07781186936886587,-0.5819020754422763,-0.56381379453153,-0.11517206519159552,-0.7319697024116599,-0.8614986201555868,-0.17294565721252297,-0.8612296103178648,-1.067557308530561,-0.21099451760083796,-0.33929159799402175,-0.95476159499066,0.019553696989207302,-0.354995434135159,-1.2688264333474955,-0.12175390060363106,-0.34195421354382455,-1.0163247377565177,-0.20277684271225313,-0.34540937441396563,-0.7629409919613208,-0.21767716206647675,-0.15510515495676386,-0.9878909054750503,0.003734941167310005,-0.15875566673529204,-1.2308103790369513,-0.17563739589362995,-0.1709639843408039,-0.8739779283431387,-0.25039440035984684,-0.19777781536298533,-0.5926408045601692,-0.2445218184221109,0.030846378861091393,-0.9929822849485829,-0.03766050304770977,0.047144933483782125,-1.2833512314331963,-0.18149047987948316,0.018820289732858212,-0.9691666818416271,-0.2013997147504273,-0.018858419060984455,-0.7017289361258724,-0.15877634083368722,0.20689022959907802,-0.9728757493740634,-0.08829806132346484,0.19852084207536752,-1.3527898136084018,-0.1435061329525961,0.18481904325389786,-1.5763773464207376,-0.15438914691442124,0.17144827632661513,-1.7692146283696768,-0.1383790072339452,Y
0.0,0.0,0.0,-0.34178960860248736,-0.1728754439426058,-0.07701604119831905,-0.6017858100187483,-0.5637693629940423,-0.11662046410826427,-0.7528408010508207,-0.8577410844589815,-0.17908213399002554,-0.876867586052163,-1.0690575956208768,-0.22278238299583078,-0.34969910193117937,-0.9602520626953125,0.02367240128705639,-0.3705150391387867,-1.2914054379325883,-0.13000945805964098,-0.364028400343779,-1.039142097894255,-0.21960622708102787,-0.360890482231262,-0.7847227425365597,-0.23712006702913702,-0.16585539173156208,-0.9861238696458234,0.007190462315956475,-0.17734048860411106,-1.2362735307569772,-0.18384849567422568,-0.19163159632465346,-0.8743677288770098,-0.2663626893593938,-0.2063257163482207,-0.5942021938453076,-0.26439929206173185,0.021604373994946437,-0.993468417112077,-0.036070205562535616,0.02759302626589227,-1.297280146263745,-0.1900793730376808,-0.006474578576463316,-0.9758082370902502,-0.2189260810060352,-0.040618564802933334,-0.7028930290674236,-0.17964064145454323,0.1989415962898684,-0.9774712909766102,-0.08846245272140958,0.19021954573674846,-1.3657177408030015,-0.15142217979257577,0.17026943171880674,-1.5999484159446737,-0.17067787333623205,0.15417984390783304,-1.8065581127514319,-0.15889684571046833,Y
0.0,0.0,0.0,-0.3066707230486655,-0.15472370652399947,-0.07946005073535174,-0.5593049460916809,-0.5526940256525479,-0.11947976939427356,-0.7057850079249219,-0.8631502264035945,-0.182361220935859,-0.8281317260581835,-1.0866453322531084,-0.22466597793532475,-0.3373100949345443,-0.946798474307164,0.02595502674666521,-0.36981093497640083,-1.2602981508706397,-0.11917423377283852,-0.36426617288586344,-1.007230816387629,-0.1996638567611591,-0.35328449566938114,-0.7555128000917554,-0.2139308344478335,-0.1470303768237979,-0.9890928282603877,0.00880030538783913,-0.17378553440272582,-1.22568370730353,-0.1875666221155529,-0.17010938102061637,-0.8498009635979847,-0.26462840289430684,-0.1637811279681318,-0.5510961423723604,-0.2555413727801009,0.0375329597116603,-0.9972839037115561,-0.034965213970544265,0.0427398998035202,-1.2804060696833173,-0.1954938202976195,0.0065419771740968325,-0.9710770913156126,-0.21434095454006902,-0.02464623234665951,-0.7048378998214869,-0.16411469333355083,0.2093137224575117,-0.9776592033189984,-0.08775357926397069,0.20781962341379837,-1.3532506001732791,-0.15063650046667465,0.19145470832772069,-1.5869137295988747,-0.16233775762285077,0.17081309477587886,-1.791018049705061,-0.1442279315882472,Y
0.0,0.0,0.0,-0.31276062572437474,-0.1680201193344664,-0.06610092941818083,-0.560930532448783,-0.5578007771083743,-0.09912890934974475,-0.7111634394239515,-0.8616649817947405,-0.1574439934258993,-0.835695710495036,-1.0736864774654922,-0.1982357581139662,-0.3503534262719312,-0.9452951579685772,0.0207822649731025,-0.38388793537585764,-1.2507339699442603,-0.1171310835690401,-0.37688016191197765,-0.9963931593847882,-0.1917596410227509,-0.3730220925673155,-0.7467247689319177,-0.2044936165953117,-0.17090547153817637,-0.9852871969196598,-0.0006777791034527326,-0.21012158866318492,-1.2145045399239065,-0.18762539429784203,-0.21074771107047116,-0.8483343021443797,-0.2618447187703148,-0.2136651281824511,-0.5617014364838682,-0.2573679007234171,0.017798227022443897,-0.9991268763925194,-0.04613439328923459,0.01407331271670427,-1.306996134983976,-0.20133119971904598,-0.017965894672557686,-0.9971310194304349,-0.22230359259177818,-0.04816124745115224,-0.7299419714664038,-0.17857746044900086,0.19821082147751035,-0.9830821837429443,-0.0997676527252193,0.18858204772542822,-1.3668763720969135,-0.16926880034460406,0.16655981977157752,-1.6030054774179494,-0.1886827407673005,0.1428897982110611,-1.8252567802931254,-0.1779082584702985,Y
0.0,0.0,0.0,-0.312783743249006,-0.16766387121460308,-0.0724278862485062,-0.568311171876823,-0.5612134882836369,-0.10331156146867614,-0.71874979857565,-0.8633163248971802,-0.15734440890550414,-0.841416312895746,-1.0668532993441038,-0.1933113242518118,-0.34942645744239786,-0.9437490853193435,0.02358342156430066,-0.38163158665969016,-1.2425058814001686,-0.1099330467770225,-0.37215871197483763,-0.9900411485635444,-0.17812056891188738,-0.3636941935445097,-0.7388694390785733,-0.18587018884422693,-0.16807764830426378,-0.9857575579081465,0.005651651747539402,-0.19895200692813833,-1.2293897968143117,-0.17989357729397137,-0.19681027170751225,-0.8651360064213505,-0.2505054581061132,-0.19679993329097803,-0.5717221280482445,-0.24126996127880604,0.014007352262424125,-0.9953190304184145,-0.03751914465005907,0.011288348713921646,-1.2876863244386483,-0.19640511042644834,-0.013275969399700228,-0.9793627664251423,-0.22148193149692552,-0.035319156448718955,-0.7110199087899812,-0.17771789660394005,0.18575802357583746,-0.9731182426243217,-0.08872226004007557,0.18136227312245776,-1.3472859734028808,-0.1595744113626448,0.16077439852185052,-1.5801845316636005,-0.1814546781906401,0.1352288925506428,-1.7908625269032519,-0.17204736529552422,Y
0.0,0.0,0.0,-0.31202033723860734,-0.18887026606479196,-0.07236162773101416,-0.5624307747792945,-0.567845844035718,-0.10957257508990687,-0.7138799836968746,-0.8638553581952301,-0.1706737034274723,-0.8387228603731159,-1.0619510350245802,-0.2140637410404577,-0.32755505112450684,-0.9555896847611887,0.017604222538062504,-0.3549208093348483,-1.2385565961560199,-0.11585975173377679,-0.3512800175034274,-0.9718084692042183,-0.19217481355337293,-0.3424333410816581,-0.723513121064958,-0.20808664090672466,-0.1524782506784131,-0.9883026189591398,-0.00288382186625238,-0.1856894358383083,-1.2370266121685332,-0.18165361999618246,-0.18830877038216906,-0.8641465041047383,-0.2525104758676154,-0.1863306908205107,-0.5733005482815032,-0.24835624883642793,0.026012541382198953,-0.998175034225962,-0.04738516974259617,0.027406616501843895,-1.2974820816361892,-0.19421343127972365,-0.009071274694818433,-0.9801195839487494,-0.20711457444309894,-0.0379874460383979,-0.7108334720454497,-0.15989572345965314,0.19335880627978072,-0.9792476141827939,-0.10175787635410852,0.19304148170445964,-1.3659841879255377,-0.15536970432532587,0.17479641959542452,-1.588554837676327,-0.1588888999239522,0.15128308448686073,-1.7943786646150144,-0.14008572150445814,Y
0.0,0.0,0.0,-0.31227615497926015,-0.18685542748960543,-0.04256010740629651,-0.5538457008000085,-0.5746820214940948,-0.06795710431270542,-0.6969432604022041,-0.8707327550326701,-0.1221718169513191,-0.8299402868626993,-1.063858727380796,-0.16001172026426683,-0.34956303540111683,-0.957486041656337,0.036843408414880735,-0.3951471847930328,-1.2541864154386382,-0.09397894088608784,-0.38207501807290906,-0.9849167083342997,-0.17005794688623904,-0.3634755745346966,-0.7328130163876182,-0.18643596305385363,-0.18152619563970923,-0.9833735879768095,0.004962536265864335,-0.23009061010987283,-1.2327379775486738,-0.16598996297769333,-0.22283247781311402,-0.8646380769830712,-0.23301811462771957,-0.21361091907019514,-0.5781624340343878,-0.2284145131875377,-0.0027503315134817736,-0.9890401676115081,-0.048180468806041495,-0.016817997880016172,-1.299417392629407,-0.183309486962088,-0.04711024651364133,-0.9812262626316136,-0.19065006806446083,-0.06909731396903485,-0.7114468175098693,-0.14343390585505794,0.16906590635157967,-0.9702501117855076,-0.10933079760062397,0.16074106453485917,-1.3477421630975024,-0.15863722884344972,0.1378817360694363,-1.5745552009129549,-0.16277272127058706,0.11137535916433326,-1.7893488152820016,-0.145630202973563,Y
0.0,0.0,0.0,-0.31078204274564536,-0.16051273309989042,-0.052290099484443776,-0.5545114022605273,-0.5660117807559633,-0.07837448963981675,-0.6923909176181969,-0.8566235565616496,-0.13071807001182145,-0.8216980847290332,-1.0576843092986383,-0.16445160853404742,-0.35559750684226477,-0.9582535101462444,0.030744530315192763,-0.4001505124019586,-1.2609136895481021,-0.11197600075449345,-0.38877333617617305,-0.9847811601455995,-0.1904782856321449,-0.3726225280809106,-0.7336668401021441,-0.20361699282836448,-0.1824935747568151,-0.9832044629849396,0.002253694516841012,-0.22319070197791285,-1.2213045855296627,-0.17568878356274376,-0.2206879810451716,-0.8481533701178828,-0.24015602824611038,-0.21905485165043692,-0.5718444899838963,-0.23004372764189282,-0.0014738056304285517,-0.9856084275080499,-0.05056201434239462,-0.01758958682178245,-1.2935267776167856,-0.19515665770132196,-0.039878373342236165,-0.968794419041214,-0.20452906056841988,-0.058481551195871354,-0.7012461567625692,-0.15553973952115988,0.17704056689694592,-0.9651812966060951,-0.11107794225573653,0.1535482170394134,-1.3563281920068468,-0.16882548674107875,0.12779760484933447,-1.5805538295361816,-0.1772095957847023,0.1011204824023976,-1.7884903756725319,-0.1602173666605229,Y
0.0,0.0,0.0,-0.2964628570139682,-0.14867495776994386,-0.05813565730999552,-0.534010659889995,-0.5552089560606215,-0.08500371879442198,-0.6743072083433899,-0.8617026632734931,-0.13922931180870135,-0.8067009906882207,-1.0653558623428947,-0.17317581829221687,-0.3715795153576822,-0.9536726010259181,0.03413954133097495,-0.42237426114464777,-1.2606264891769479,-0.10588319485527002,-0.39949438366006984,-0.97053040017504,-0.1797535273468782,-0.36744966202743584,-0.7257252025449193,-0.19198684407452923,-0.19282211693668388,-0.9811999610583345,0.00814049379207318,-0.2428290006056968,-1.2069965578064017,-0.1774311984918374,-0.222977111315388,-0.8230732745647756,-0.24156293998562248,-0.20748558211628457,-0.5512607249305734,-0.2291759818191331,-0.007881237871343398,-0.984352242113905,-0.042721331670165154,-0.028399669931731698,-1.2950346782229027,-0.196121053601948,-0.05186211816717496,-0.9622756890171067,-0.20034610396460026,-0.07420771475896251,-0.6964213466499214,-0.14466361574479256,0.17206033253732653,-0.9676457353280131,-0.10201526345535222,0.1487027898556324,-1.349620772571441,-0.1668054969316098,0.12374763787920093,-1.5779527058089828,-0.176363722038658,0.09415665952756981,-1.7973117649253971,-0.15832167656402882,Y
0.0,0.0,0.0,-0.28707927872715344,-0.15863569787205817,-0.054604341902761165,-0.5144752620701014,-0.5492089463497073,-0.08451565733711079,-0.6444625149616002,-0.8548684165970839,-0.14362114655333474,-0.7780307939350988,-1.0584799870864254,-0.18520756368636943,-0.358357602401944,-0.957061065149102,0.02801035098365206,-0.4129381778519755,-1.2591802753013557,-0.1083163692003254,-0.3894323916565013,-0.9858679657482176,-0.1824725647646303,-0.36140288070278526,-0.7454148140520348,-0.19680835238814354,-0.18728343387893273,-0.982303600547811,-0.0021334819713179085,-0.2516428833636153,-1.2133549340473835,-0.18660910126925265,-0.22950258048509445,-0.83722312504257,-0.2563884034794979,-0.21266469179530376,-0.5580818701774458,-0.25001715237976896,-0.004914369258574819,-0.9834456389917668,-0.05506097265177977,-0.04027655870976907,-1.2880891499488039,-0.21138248810232044,-0.060572348384963295,-0.9539275196245013,-0.22247042296484162,-0.07893571211991389,-0.6813423807474215,-0.17148260120317946,0.17490877085961304,-0.9626582942284343,-0.11584175560750735,0.15190493803298774,-1.3488590656672688,-0.18464146296932987,0.12356749617550047,-1.5817562121552566,-0.19712018264718126,0.08877910275988303,-1.806195361664544,-0.1819423558403845,Y
0.0,0.0,0.0,-0.28036157931885247,-0.16067103700171306,-0.04908869877863911,-0.49586367440513107,-0.5642972311007737,-0.0751763755863998,-0.6103677231312545,-0.8714778226613448,-0.13047444077779938,-0.7322653476798839,-1.0788751909375909,-0.16746274752286272,-0.3313658309782839,-0.9612269928454035,0.03142271061750668,-0.39447305833317464,-1.2613044550979027,-0.10834565786157972,-0.38317090569420775,-0.9867184035213509,-0.18170540174510202,-0.357935102317649,-0.747942156393635,-0.19423372115620685,-0.15886729949698677,-0.9872998951621617,0.0003133102603603457,-0.22766840392523982,-1.2199916110629294,-0.18730174996775498,-0.22336007405366942,-0.8455690597391823,-0.2544608169422124,-0.20939541521746322,-0.5639706284250208,-0.24379985252000838,0.024641980329735243,-0.9812913876518936,-0.053384674796249025,-0.008535727408533441,-1.2852927511865784,-0.21227807003259816,-0.054765091048517255,-0.9630124128246934,-0.2223478752311222,-0.08597599938896015,-0.695185049244578,-0.1688123780081129,0.20483087943456169,-0.9492588245593642,-0.11404284226592362,0.19339092632646301,-1.3293423292996438,-0.18446467356282423,0.1658404102911775,-1.566732610197208,-0.19892462392014104,0.1342794336868411,-1.790903444265613,-0.18391568655048368,Y
0.0,0.0,0.0,-0.27518292060837324,-0.1606136065742649,-0.05486995584953777,-0.48482906315293856,-0.5644928914928389,-0.08460555956591842,-0.5999203602596151,-0.8648484579602944,-0.14336136294017307,-0.7174686575199656,-1.0811742536377411,-0.18192176582305836,-0.317566508332414,-0.9701386821504638,0.02161810231590857,-0.37653134405609273,-1.2668912982314013,-0.12229024111024765,-0.38034094320336603,-0.98085895214901,-0.198379706897057,-0.36115733421775403,-0.7408048587315809,-0.21232021280244395,-0.15406652057092474,-0.9880289087095324,-0.007898277876811504,-0.21885699930712282,-1.2151772021628091,-0.20070223609637433,-0.22438180753762277,-0.8344414818457361,-0.268233659034504,-0.20743953343060387,-0.5590294930355822,-0.25663098907994963,0.027691665009940348,-0.9794350739543245,-0.06022012242207777,-0.0010634613112454761,-1.2970059686991129,-0.21963968814866328,-0.05333609388886024,-0.9696090228562402,-0.22406815220570736,-0.07878849538160658,-0.7006304388620533,-0.1653521235394946,0.2094933491801861,-0.9491822314968154,-0.1205663810470601,0.20152494372271226,-1.3476463684942526,-0.18747901522841157,0.17831838536572173,-1.587521837452208,-0.19531774737006355,0.15843550914073787,-1.8090444351903707,-0.1741470174258,Y
0.0,0.0,0.0,-0.2804701230748552,-0.17421856035659605,-0.05147770385424111,-0.48602301311786367,-0.5650844814053743,-0.08148031175038105,-0.5924757861670394,-0.8577370300926263,-0.14040943412688967,-0.6986832100978231,-1.0737386655805696,-0.17997736151322477,-0.3184226249607183,-0.9688584120034411,0.023208826589764642,-0.3793458177868645,-1.255173857554812,-0.11281207068316321,-0.3814211826824399,-0.9673128328267467,-0.18844958829134834,-0.3612439838857318,-0.7266625108593995,-0.20544078145599504,-0.15615701662931694,-0.9876834244579521,-0.009820346655996312,-0.21667766852445416,-1.2306603536288752,-0.1968727001448526,-0.22619805620229674,-0.8594560374206547,-0.2698155492877563,-0.21204694445315497,-0.5800324967125876,-0.26537430930274475,0.022343366919923693,-0.9815321371985004,-0.06354589254179821,0.0007223366691484551,-1.3063628241087524,-0.21585019888048187,-0.05518430857010942,-0.9948333066830947,-0.22455317710579908,-0.08354931257809918,-0.7305383053149402,-0.17298381418282233,0.20037686552916528,-0.9525977789128302,-0.1252739492420814,0.19043589654396137,-1.3541585161399896,-0.1881502232794279,0.16571913771112132,-1.6041531517119805,-0.1965763568959712,0.14711662323162278,-1.829992204424865,-0.1789226008424902,Y
0.0,0.0,0.0,-0.2838726578262915,-0.18709873655177683,-0.05133902129817755,-0.4754544248156037,-0.5809801155164757,-0.08178107678527569,-0.5749812882137765,-0.8688273464118904,-0.14209985467708425,-0.6837094724994366,-1.0763272833912638,-0.18505385136840116,-0.31594886363051106,-0.9740325695842567,0.03040103825358221,-0.36970159487554116,-1.2281224734120724,-0.11481833670899727,-0.38097674307495516,-0.9475726663021145,-0.19572263839979992,-0.3630423184189735,-0.7126296064523845,-0.21171494074694217,-0.15211335464347414,-0.9883548258270275,-0.00403306379008568,-0.21039165948129884,-1.2230340211496935,-0.19535980952439067,-0.2334275053957071,-0.8487820055393972,-0.26540123618862044,-0.224702522400439,-0.5704851675746229,-0.25531856899495686,0.02903455201153698,-0.9796818400215207,-0.06080367643835778,0.004317221217037653,-1.2793349783097407,-0.22228736934976223,-0.05841247940441166,-0.9575665504153581,-0.2266928736742414,-0.0880502715405225,-0.6926087491051401,-0.1659078103772202,0.20957461273029374,-0.9502368859481378,-0.12486329381952682,0.20236651745032438,-1.3648253882004744,-0.18632019201869895,0.18290890238937593,-1.6110386874240115,-0.18371666606212317,0.1698236701995287,-1.8319909276636102,-0.15531903417307366,Y
0.0,0.0,0.0,-0.2875072374105967,-0.20604295078288323,-0.029691845933049316,-0.4730196895242735,-0.5807259890088421,-0.05092981506747207,-0.5751906466200627,-0.8607363823283872,-0.10769570246977755,-0.68229961359909,-1.0668308388941343,-0.14633032324238274,-0.32054850297159165,-0.9725905489441125,0.06182447550992829,-0.37986493594325677,-1.26831632311349,-0.08530708833495323,-0.3869175579497982,-0.9842296324560789,-0.1675929441944945,-0.3633885907955306,-0.7390128023886434,-0.18187414590877451,-0.1593838498523438,-0.9870213437605226,0.019638110077542428,-0.22624251562157469,-1.249691171385666,-0.16862012365512424,-0.24007444866335617,-0.8812035080866115,-0.2400575128281978,-0.2183902693946097,-0.6093859598051787,-0.23127787194855642,0.020392252743704778,-0.9877102488990178,-0.04493828406357361,-0.02131776639540367,-1.3102611156428972,-0.1982420658782035,-0.07498703682261812,-0.9862799541069476,-0.201140917774911,-0.08714974207011279,-0.7189292173175409,-0.14106833770297736,0.19730972322004464,-0.9706444622742414,-0.1163003643804378,0.1963409006677904,-1.3752780520647816,-0.17030626516551778,0.1661307403829308,-1.6179031380536426,-0.16728609635210623,0.14308025094073115,-1.835051579778514,-0.13955956082134133,Y
0.0,0.0,0.0,-0.28146347067542293,-0.19028532911038437,-0.03937003569832975,-0.4678143527520951,-0.5677913113611683,-0.06218735602627115,-0.5684310973452138,-0.8404077154794569,-0.11731560431514622,-0.664239144443125,-1.0490139094432318,-0.1539895376923087,-0.31435645638166865,-0.9754609182668368,0.050209616775394435,-0.3801869658062521,-1.2549003410651483,-0.09343304720284419,-0.3833794965868113,-0.9692819090030405,-0.17266355506614856,-0.3601657215601772,-0.7245172483602409,-0.1850233333571499,-0.1548659630630587,-0.9878383901790212,0.013850934014398424,-0.22545666450416327,-1.2246674777190518,-0.17528313887649855,-0.23539260866727063,-0.8546747253529232,-0.2476498415433186,-0.21624036758816292,-0.5777266156103088,-0.23797520624856988,0.025384363202151632,-0.9795998818043506,-0.04495092537624631,-0.009494787474368643,-1.2705040032325476,-0.20176668229948932,-0.06348138525231793,-0.9502186159653234,-0.21239622921125337,-0.08449615992330692,-0.6837017437961497,-0.15527693260864434,0.20463181629853205,-0.9536091361272225,-0.1105311564494745,0.2020245508320437,-1.3574953156953529,-0.1704353586357664,0.1716340126845181,-1.597155894555852,-0.1735602505100307,0.14407867735846888,-1.8049849130069011,-0.14809741785769545,Y
0.0,0.0,0.0,-0.282350318303455,-0.15323312138083375,-0.06295095891466383,-0.48726454454667223,-0.5472663502225529,-0.09404010292878362,-0.589083027189703,-0.8482747746058686,-0.15083897653491093,-0.6997520341239384,-1.0727103091358516,-0.18477412217013808,-0.3309919329047905,-0.9718832285129961,0.028362149967483576,-0.3933190996278434,-1.2592374845626007,-0.12133766992367102,-0.39880504498601194,-0.9482506439974254,-0.1950961131113785,-0.3848488817111094,-0.6919151173632907,-0.1997276644484269,-0.16147787934882546,-0.9868569963103243,0.006177646345559365,-0.22333369710484272,-1.2131714130920714,-0.18374985599459792,-0.23595812190378632,-0.8286496925672524,-0.24311558482559456,-0.23280405120916872,-0.5533174998383037,-0.22024403866458087,0.024967135689511293,-0.9728602709697912,-0.0411485849477893,-0.02495455256696166,-1.2699106371459359,-0.1998781807996309,-0.063747283130331,-0.9317944363270145,-0.19718920451995817,-0.07598918100376574,-0.6628578746982049,-0.12860490431547605,0.21419864620728046,-0.9430336813883473,-0.09616318102867456,0.20345191936621393,-1.34035939527273,-0.1589749089974403,0.1722750867168264,-1.5770705800519278,-0.16127747238728737,0.14273420803562709,-1.7899071402523945,-0.1313562688270254,Y
0.0,0.0,0.0,-0.28738723490639545,-0.16369247580008697,-0.06374271258031512,-0.5049340509311299,-0.58189644213277,-0.0955564816335338,-0.6189047470335735,-0.9007917951182242,-0.15434575990891425,-0.7444584203908334,-1.1237998712200712,-0.19113620682302804,-0.35246756169862925,-0.9664615377020955,0.02806383260795909,-0.4108957944175471,-1.292626460247592,-0.12502125987177334,-0.4146366545766908,-1.0088261626642743,-0.2015400281050308,-0.40129597260696626,-0.7622998450138738,-0.20933149988398952,-0.18007025482496086,-0.983648019846701,0.00335803200368109,-0.24314909816402816,-1.2354094980658095,-0.1921090713236378,-0.24433344436945942,-0.848713649812185,-0.2551391548601842,-0.2311635534918082,-0.5668593650709329,-0.23539871332948273,0.00996897710550848,-0.9757218858605307,-0.047519054066382356,-0.03949718363571756,-1.2994931380006924,-0.2076917107663628,-0.0750974757442245,-0.9699480764629762,-0.208094987785882,-0.08979248403760709,-0.6952589078503372,-0.1431308329971596,0.2031252681123923,-0.9523986024246764,-0.10664048695494381,0.18547588209620353,-1.358459046379841,-0.16927735968484067,0.15362001843176487,-1.599592874535312,-0.17402117147429932,0.11908826546340874,-1.8093926195991838,-0.14860054747662205,Y
0.0,0.0,0.0,-0.29826681968027285,-0.16304204273990502,-0.04632554675107371,-0.5272836917203615,-0.5675970380617,-0.06919325628597077,-0.6448816111433875,-0.8690785368001535,-0.12010538078912411,-0.7666367170536631,-1.0790739580658169,-0.15291439163055762,-0.3613042998839991,-0.960867846784018,0.045526301700381404,-0.40891836610188237,-1.2328290734449059,-0.0840819607077325,-0.39828899595001066,-0.9585259109553199,-0.15201849799759234,-0.3767988595387274,-0.7136476991616861,-0.1606597503521782,-0.18681263959609226,-0.9822761311393507,0.015317959428389465,-0.2485902197993627,-1.2181361113507747,-0.16012351361695817,-0.23788210589746248,-0.8398953432314817,-0.22135140934480357,-0.2168848086585066,-0.5547079295044056,-0.20533310014218845,0.0032260761798951726,-0.9741613804785203,-0.037672139085568226,-0.043234117806211045,-1.2519133810724241,-0.18849829941309917,-0.07074279790114098,-0.9214638526085787,-0.196882328659896,-0.08187674971437944,-0.6501001114193982,-0.14041037843301732,0.1982128696166639,-0.9431712250670896,-0.09666781516849458,0.17027938771236978,-1.3333813885580372,-0.15545847527148624,0.1354941634536232,-1.5632454466455814,-0.16041406467157945,0.09879249591019207,-1.7731006487774221,-0.13785458468123607,Y
0.0,0.0,0.0,-0.2955122937138297,-0.1263190493771947,-0.06494225617806126,-0.534753500484337,-0.5393688160660495,-0.09363195562288543,-0.6535326071260392,-0.8458429194170287,-0.14533720018665786,-0.7770393388429868,-1.0650362403468272,-0.17576135876078358,-0.3669383834076616,-0.9630786407838174,0.023968197626294666,-0.4284969939780023,-1.2370529783291995,-0.11819512853992763,-0.40006015693029706,-0.9561513619086419,-0.19122991889928392,-0.37078365526780926,-0.7098157861192363,-0.19900583982020953,-0.18483211229500854,-0.9827674293858237,0.0022956486981624597,-0.2504578655194096,-1.1776462029979209,-0.18269032090426546,-0.2262860410328048,-0.7988246323952347,-0.2462630822366861,-0.20676800683205915,-0.5246905332212053,-0.22927022531488317,0.010691937069491939,-0.9677208886584325,-0.043773983517359,-0.0367363803707798,-1.2311029569393503,-0.20043744233861105,-0.05524637732288183,-0.9031105011977507,-0.2055424859402479,-0.06623365354991895,-0.633125440833751,-0.1449906415792174,0.2097759958448238,-0.9378073558230015,-0.09715563735547116,0.17755984357265095,-1.3389493847913283,-0.1640708199058078,0.14668975630698206,-1.582371875838198,-0.17250010084732942,0.11625406677241715,-1.793688142339028,-0.1486247376971408,Y
0.0,0.0,0.0,-0.3027777699412606,-0.1347388296602543,-0.061532007061780906,-0.5418692778486992,-0.5504943492187854,-0.0876048540187499,-0.672385430010472,-0.8564756527118824,-0.1360685923065799,-0.797917973906893,-1.0709593506910984,-0.16499133226023996,-0.37698504535462657,-0.9516517162369821,0.021969056106714516,-0.43241524612618587,-1.232237237072886,-0.11739522546734085,-0.4100723883152443,-0.9601263666928868,-0.1854789283745009,-0.38235756961656986,-0.7200771226277386,-0.19146469720144618,-0.20231481503420115,-0.9793205260418058,-0.00015129731656876596,-0.2558406231831463,-1.2113563353379775,-0.182252390375739,-0.23429813233380434,-0.8307527374298402,-0.23897848093784807,-0.21360314408833353,-0.5522678512331791,-0.21911146499028727,-0.010153505602948367,-0.9763819661602688,-0.046968232085244796,-0.04812567855069143,-1.246053801791968,-0.2018901482305481,-0.0628023278976772,-0.9107608892964703,-0.20716213366985733,-0.07182946066259782,-0.6397095380148624,-0.1492097182952223,0.1872747893214962,-0.9530864425595116,-0.10115488405149087,0.16002926134009943,-1.3471058583317206,-0.16918963208715818,0.13494802928372263,-1.5815397638502355,-0.1812303121884148,0.10256020930103978,-1.7948219724300345,-0.16324536516038032,Y
0.0,0.0,0.0,-0.3080215259494301,-0.13663079989067037,-0.05943453065592709,-0.5482170827046974,-0.561242419593752,-0.0857730169876345,-0.6825150854663748,-0.8720414845708678,-0.13623606194243437,-0.8165648601915726,-1.0880186104996834,-0.16652060200057758,-0.369228861428776,-0.9597686292054434,0.024506581470698053,-0.4216650826568491,-1.263078310861789,-0.11617229177156214,-0.40463570264476656,-0.9817075382597882,-0.18465322586150737,-0.3824331488755758,-0.7353564335841744,-0.19013203770657483,-0.19085301403530222,-0.9816181605548293,0.0009559825281771888,-0.24911381246841555,-1.2170585501993245,-0.1813700710097125,-0.22924503156735473,-0.8342671099126034,-0.23903736391594194,-0.21177500776095518,-0.5593237261545468,-0.22003084369034165,0.004170504219818203,-0.9770161844885829,-0.047472139589357275,-0.03996764109065119,-1.2576641295378155,-0.20169442451388808,-0.0565308129430245,-0.9197625439927902,-0.20810455497184474,-0.06604836763418324,-0.6482307345537109,-0.1511712862249817,0.20355713760042154,-0.9564413587479121,-0.10284343902717154,0.17865588452582315,-1.3608469821041491,-0.16940572846486848,0.15429167827228785,-1.6041092869673403,-0.18182375311824914,0.1238166129508855,-1.8228785880108984,-0.164208014868462,Y
0.0,0.0,0.0,-0.31737135113778625,-0.1465859584150808,-0.05049808672461097,-0.5525152212190485,-0.5532965390736636,-0.07497125484530982,-0.6856524397286217,-0.8513539598413765,-0.12620424591742008,-0.8215316999062809,-1.0602462060907287,-0.15990334223680178,-0.3769797864343017,-0.9550440436095741,0.033286078257350096,-0.43281284908928963,-1.2416466383744067,-0.10599818717704564,-0.41147239362433663,-0.9648629069620649,-0.17694791232116622,-0.3808780781850882,-0.722982799541519,-0.18469419209386173,-0.20620056861190436,-0.9784912978734126,0.006008784413825073,-0.2614188427549626,-1.2170967784742948,-0.16645178783253425,-0.24005291582623844,-0.8439309578084464,-0.2242536788576477,-0.21818392748803508,-0.5808593643928817,-0.2091444455454483,-0.015489930388619176,-0.9779309256704484,-0.04517247038570215,-0.05989749781719053,-1.2689995170831476,-0.185377555768198,-0.07930366576061676,-0.9295509676873928,-0.19081802887094398,-0.09040787320537515,-0.6621986246332057,-0.13861959454772554,0.1819606115210075,-0.9533887843957216,-0.10418090919221737,0.1492502349324112,-1.3512989743213883,-0.16026900005407263,0.12470346248245334,-1.5752271028210765,-0.1683799969365702,0.10088108302489486,-1.7835886935751972,-0.15022346238265286,Y
0.0,0.0,0.0,-0.30416149728723046,-0.14431334714096525,-0.06251756032363684,-0.5482836822815543,-0.5673207280271473,-0.09029231604727808,-0.6828007539244537,-0.8824205789655909,-0.1404942101849552,-0.8094115966005782,-1.100809759920018,-0.1700477050048266,-0.37244936890179914,-0.9556327711303082,0.02322650019942706,-0.4207836013376842,-1.259791337506966,-0.11496353667159115,-0.4005861103993552,-0.9873940720360564,-0.18298581893976706,-0.37793114864286814,-0.7440917604259253,-0.18948566268037764,-0.1953995092105419,-0.9807217564203721,0.001966795368023904,-0.24822663216027982,-1.223417174147924,-0.17916485188682443,-0.2301706598803759,-0.8417000706213291,-0.23719286343562385,-0.21385643005678598,-0.562088466472831,-0.21935609884230028,-0.001346069529004611,-0.9808155455586972,-0.043974076865448276,-0.04233172758307315,-1.2716853633989051,-0.19603360999076203,-0.06324826858189528,-0.936999604861628,-0.20170196661403575,-0.07845266026863715,-0.6621481902712094,-0.1453970007545222,0.19787730100867043,-0.9600775947107694,-0.09753508455742156,0.1759095400844535,-1.3591605387744252,-0.16434276084790417,0.1527358071566052,-1.6008614008476538,-0.17831046703063866,0.1211972554543793,-1.817636627046735,-0.16236555636345892,Y
0.0,0.0,0.0,-0.3100633242341399,-0.15166953663194757,-0.05678513531140357,-0.5387553130540242,-0.5680661210501902,-0.0813330042718422,-0.6718744960061618,-0.8728496331460713,-0.12938219187148023,-0.8101862405337957,-1.0797706847381916,-0.15962945400795478,-0.3671040522765093,-0.9586742065346192,0.03015914962880545,-0.42362819548913166,-1.249995379596357,-0.10330391873245727,-0.4125377649255007,-0.9865232793317316,-0.1682500954793841,-0.39264675061610915,-0.7534162967269596,-0.17298236949766474,-0.19490295920810663,-0.9808001036509779,0.0066327347417300024,-0.2503906656696778,-1.2186854959309097,-0.16691276199818986,-0.24124319367328725,-0.8500791580836666,-0.2250162076604601,-0.22642001491465033,-0.5842643609906871,-0.2084938770420373,-0.005107809376866012,-0.976678187196955,-0.04057104637344446,-0.047610940899067235,-1.2527443488689392,-0.1845909583799912,-0.07592355633358656,-0.9285270230998153,-0.19411025422286726,-0.09375476550710447,-0.6646048329277243,-0.14238353467781278,0.19004613933557454,-0.9507378645966608,-0.09512798607651701,0.15811550827426316,-1.3516753404937543,-0.15696333913817187,0.13859713458424636,-1.5890649035844198,-0.17055418777735304,0.1190384027044056,-1.8010537907272948,-0.15503692022193968,Y
0.0,0.0,0.0,-0.30784059927883967,-0.14384666088454184,-0.05811733242492555,-0.5375698978437686,-0.5668855447144977,-0.08278589966593249,-0.668902719406186,-0.8814744467685482,-0.13197001707581124,-0.8073637301869132,-1.0924060144128305,-0.16309093180995218,-0.3682467224824564,-0.9555466048762087,0.03787706324061431,-0.4316930768901944,-1.2365968524148199,-0.09857330356840058,-0.40982396407709215,-0.970442712083007,-0.1683273340274343,-0.3798332589969762,-0.740857200536791,-0.17613024905449337,-0.19798921641434206,-0.980111581832763,0.013474321538165898,-0.26037625747549853,-1.2159807950342798,-0.16219760509610215,-0.23937917399253003,-0.8452139058883046,-0.22284563286381348,-0.21606535303632224,-0.580599445310372,-0.20754323710612071,-0.010349626255789428,-0.9762462372742307,-0.03560692084220393,-0.0618208203177174,-1.2445114065703446,-0.1822178224620929,-0.08666976239048829,-0.910818015292845,-0.19004950201576534,-0.10346834090432651,-0.6463163809885129,-0.13567757817449275,0.18284409364409226,-0.9503292444666869,-0.09277718616281744,0.15037254014731818,-1.3487237550734807,-0.1519092236578111,0.1287642193774034,-1.5802565645270221,-0.1609347794590816,0.1038581043949461,-1.7901856118479662,-0.14234644906874183,Y
0.0,0.0,0.0,-0.2963773506717022,-0.15448193880135086,-0.046107009036726675,-0.5244457031527904,-0.5731275829987701,-0.06651578026240852,-0.6447150970650819,-0.8768787060768174,-0.11539219038387911,-0.7636437542645368,-1.090379893611515,-0.14730349440634025,-0.36318927050916416,-0.9561556573154987,0.04118389833671678,-0.4191142964326915,-1.2532897462486086,-0.09649339884121065,-0.4085134387736844,-0.9984461641922526,-0.16753934821402644,-0.3810278703034433,-0.7709621828482673,-0.17653734302055307,-0.19335454536026644,-0.981070440005296,0.010715014528201302,-0.2584413032119827,-1.213148517654809,-0.16947186319174,-0.23758339042839294,-0.8384007736468508,-0.22976449734874377,-0.20635792121782823,-0.564060513231821,-0.2127930672397007,-0.0039776742004458705,-0.9754488492960741,-0.043238089274978915,-0.050800225217977696,-1.25577369626697,-0.19310120640560627,-0.07498882987164944,-0.9209144999657224,-0.1969543220658872,-0.08465666894536501,-0.652006878623109,-0.1380176930879337,0.18967278358511375,-0.9457558635777078,-0.10430748190194994,0.1640696504551193,-1.347070505869071,-0.16315042701855825,0.13975265558669503,-1.584944963808993,-0.16789103537974503,0.11249405269202517,-1.8022013321966552,-0.14545199197704997,Y
0.0,0.0,0.0,-0.29352118937062444,-0.16201494311052564,-0.04463098098176965,-0.5239662056430683,-0.5771760829421545,-0.06664119099955072,-0.6497285277259457,-0.8800236059196415,-0.11820533012958313,-0.772085034116374,-1.0930237895016075,-0.15375209682679217,-0.35232449744196653,-0.9566315980704563,0.04349529834178936,-0.4132811754763642,-1.2500992910154534,-0.09411261787261761,-0.39956239659714304,-0.9920743683641263,-0.1660787191557124,-0.3706524839271436,-0.7583979088315551,-0.17567518425954148,-0.18212478631919396,-0.9832058086692931,0.011700427648141883,-0.2464498880807234,-1.2160348403938295,-0.1679403808843891,-0.23031192308896256,-0.8424624512146237,-0.2313520751416569,-0.20672814417182134,-0.5656426978378697,-0.21751614556911772,0.005532900214539078,-0.9800567387981074,-0.04321970616949874,-0.04515079812075273,-1.2565984588485906,-0.1925269748268231,-0.06911460527946132,-0.9201629551441675,-0.2015995012136569,-0.07961767514138662,-0.6518011902787123,-0.1475095128447718,0.19665360104113253,-0.9530793613653039,-0.10493117087261222,0.1732284603134814,-1.3443996062410497,-0.1617465152086656,0.14543401290587113,-1.578804283553614,-0.16804239893827794,0.11288041981355694,-1.79627021546866,-0.1480073627988368,Y
0.0,0.0,0.0,-0.2948364205999675,-0.16753683347575668,-0.04709965898138429,-0.523548182247853,-0.5820564249964291,-0.0691691780425931,-0.6505938519789147,-0.8824230116364513,-0.11954906414322508,-0.7717428522628288,-1.0905409302559284,-0.15349979354782767,-0.35504764197516564,-0.9557856061494205,0.0415039159137264,-0.41010459824066064,-1.2275818794311033,-0.09677276150368887,-0.39473504108349133,-0.9592505282544849,-0.1702421607111459,-0.3675439524622506,-0.7175042175814962,-0.18068034450512016,-0.18293753144529334,-0.9830701172077634,0.010344285466702165,-0.2449263588376982,-1.208871594888015,-0.17066868849473968,-0.23494397795492047,-0.8326423040178618,-0.2337959406073095,-0.2138050785775021,-0.5503462332786822,-0.2189401377547659,0.005207702006664901,-0.9824141332312675,-0.044226510202167155,-0.03446974678291616,-1.2532614409289744,-0.19677195621591242,-0.06450128287541654,-0.9250792910339066,-0.2062856586593033,-0.07776100392840664,-0.6590623102912176,-0.15089165837948018,0.19458474806617232,-0.9592391038144448,-0.10550178227154342,0.1708333372228105,-1.352607265926687,-0.16227005516223825,0.14518030990825828,-1.5860122612491092,-0.16614433384111832,0.12017073653919026,-1.8014676186169196,-0.1439855267923784,Y
0.0,0.0,0.0,-0.299413374128144,-0.16799463928502317,-0.05152120749968346,-0.519656121985445,-0.5788510740398404,-0.07918441719061146,-0.6393320761482025,-0.8824082439884415,-0.13543144412197375,-0.7575131329476423,-1.1018813508353562,-0.17428892254261985,-0.3469180335825686,-0.9616317266770833,0.0385170527953301,-0.40476579157355763,-1.2499993986662166,-0.10496699392478483,-0.39293018986681616,-0.9772459176659724,-0.1806786441872209,-0.36612277760770806,-0.7317958152423691,-0.19083674526148972,-0.17550743319186365,-0.9844461772835988,0.007928740512377342,-0.24294301386787498,-1.2134717464245346,-0.17653521670416997,-0.22835832592949065,-0.8331316974411894,-0.2417432769158066,-0.20343937955229227,-0.5521374036506261,-0.22772672640549485,0.013671579508258706,-0.9810125359824164,-0.04704434833488503,-0.03206340287777601,-1.258352922702852,-0.2003305037813877,-0.05559113887151955,-0.9225047173594043,-0.21058545457241576,-0.06252840558107432,-0.6542530561385049,-0.155616472111706,0.207247619995644,-0.9555887831899348,-0.10935431832350152,0.18453151547660068,-1.3533401413673256,-0.16386360419065127,0.1591261795544322,-1.5866244275994725,-0.1669071991996892,0.13292118312326703,-1.8048525540132188,-0.14414300362804067,Y
0.0,0.0,0.0,-0.30083821492478235,-0.14844586176979074,-0.05685418469353586,-0.5244622291418973,-0.5680018028847041,-0.08517192313983994,-0.6395894061966573,-0.8839617042955665,-0.14147840177783516,-0.7635197455094238,-1.1040101834022518,-0.18007996342124838,-0.35512435166617845,-0.9601644723962074,0.0281564604351388,-0.41884533830030984,-1.2438852341048972,-0.12090572019232558,-0.3986448832310108,-0.9613590028683726,-0.20532860973028824,-0.366617953954534,-0.7132441844060271,-0.22295672289225282,-0.18259324742243957,-0.9831882965459461,0.0006924816305411137,-0.25026731696491683,-1.1880085262090405,-0.18949723591893033,-0.23834544877000177,-0.8015046793175159,-0.2581807468791507,-0.2128955779071744,-0.527900440853473,-0.24720723407672188,0.0047231925291195045,-0.9802876601664179,-0.05085629343636172,-0.03658588302056687,-1.2561641431368327,-0.2066269566919872,-0.07840140726522705,-0.9294970447683858,-0.21275663835940326,-0.09511165082925103,-0.6689246137577292,-0.1557128417839191,0.19326675437283855,-0.9524227284624102,-0.11090258030066588,0.1815858429684461,-1.3420875768976905,-0.16993594116598096,0.1574517133645059,-1.5734925179917423,-0.17235929862917534,0.13479115537920242,-1.7839788941894208,-0.14833411225499268,Y
0.0,0.0,0.0,-0.28816855406805575,-0.15763646791913868,-0.05088891406779918,-0.5079902738721642,-0.5782135058631245,-0.07368141643471168,-0.6222146370005414,-0.8857607750154786,-0.1239138363466399,-0.7460937460801851,-1.095669195789416,-0.15556147263396145,-0.34723876277359844,-0.9644648356752535,0.03452923896547466,-0.4069438469461863,-1.232689022373731,-0.11245033135846476,-0.3879912589808053,-0.9500599410511279,-0.19398601346596292,-0.35527710248053324,-0.7051231519003003,-0.20916238696582462,-0.1785605680612826,-0.9839041435186553,0.006982828972082906,-0.24247568028849004,-1.1885580752954457,-0.17913885463054743,-0.23075610571543176,-0.8074821222727323,-0.24353291036535654,-0.2068365297078186,-0.5368054571345791,-0.2294444870472158,0.007279401914128921,-0.9790772200442023,-0.044553905705317684,-0.03552497728087715,-1.2521132269774748,-0.19680216083555446,-0.06910343465061564,-0.9234501903797001,-0.20094388718582862,-0.08048282673042853,-0.6604092916914117,-0.1424991368976039,0.19703470697036027,-0.9538278397448118,-0.10395868094873449,0.1809209886592346,-1.339498414032003,-0.16114521000814344,0.15100183049802132,-1.5686911546423774,-0.16368392524925846,0.12171556999865989,-1.7780551395867445,-0.1394207393019002,Y
0.0,0.0,0.0,-0.2884680766460852,-0.159457539993654,-0.05576272384332425,-0.5028474496796503,-0.5787337782781989,-0.08153599442291498,-0.6130223234855814,-0.8882897662896085,-0.13465231470453165,-0.7376793045898836,-1.1045106614765952,-0.1687940000493833,-0.3471375403989628,-0.9651098092273774,0.03464639620470209,-0.4028290131196416,-1.2292552570092599,-0.11382986651158986,-0.38327444420386897,-0.939299714051677,-0.19747624505936487,-0.3508007949991943,-0.6914645826462305,-0.2138020783648485,-0.17761117758774883,-0.9840694275998357,0.007850557892587267,-0.23814968917688045,-1.1829923201440438,-0.17880606239025273,-0.22648905432205263,-0.7996239647869816,-0.24446557659874157,-0.20181524811870574,-0.5295149788709044,-0.23128979233146288,0.009774316001894564,-0.9770401238113943,-0.04368655012625869,-0.02742817355083456,-1.2531471898950246,-0.19592048177175428,-0.06107121450983123,-0.9262903207380565,-0.1982803143319761,-0.07194925642138203,-0.664871894527253,-0.1386601575711377,0.19907293450160876,-0.948203282962661,-0.10385206510029178,0.18729194224929763,-1.334357309384942,-0.15877000766378951,0.16129618364429568,-1.5611430293997448,-0.15785209135740416,0.13689763426927382,-1.7685508486068897,-0.13140369943441918,Y
0.0,0.0,0.0,-0.29919423656649696,-0.15003767004778282,-0.06193995854932634,-0.5209751161560133,-0.578715681227576,-0.09053458158513247,-0.6325063834811071,-0.9049634391782903,-0.14626234889445042,-0.7505387412953524,-1.1331163467204959,-0.18260560400911616,-0.3500446928652448,-0.9617915961906636,0.027831528172638786,-0.4116825804031159,-1.2375874356325287,-0.12235954379819236,-0.3831837416779476,-0.94035110520428,-0.20620962018009242,-0.34660448976566904,-0.6831508889237979,-0.22381084395814704,-0.17176063407496267,-0.9851348900195859,0.0027446399154184517,-0.24026135333893517,-1.1836685861796732,-0.19029903553769534,-0.21879431757554876,-0.7913320223236981,-0.25783825034673735,-0.19281448665424183,-0.5175484600460805,-0.24625703874151367,0.01971086993036006,-0.9790013989250677,-0.04743923909635288,-0.026834755808227907,-1.2610416683225805,-0.2063492777439275,-0.06150882500140871,-0.9316718784614698,-0.2094601196578113,-0.07639422060749682,-0.669421564123043,-0.15018189116978461,0.21279831011916275,-0.9473446470736923,-0.10678191303975407,0.20816011377333196,-1.3347296031477747,-0.17139345633794653,0.18538469510484404,-1.5717140495325588,-0.17747710732529903,0.15719157898377809,-1.7916715775431173,-0.15559559546409799,Y
0.0,0.0,0.0,-0.3029203997067363,-0.1586616007616012,-0.05964079643444992,-0.5231943369982383,-0.5816961499652372,-0.09190829178163328,-0.6335006749526861,-0.9094475954189758,-0.15276199688522357,-0.7611906402311313,-1.1347832873327601,-0.19618385597517665,-0.35552559650019133,-0.9641716273490957,0.025778139018142476,-0.4111056727585244,-1.24155971990343,-0.12601178457838208,-0.39359160412382477,-0.9450688504430215,-0.20871746353949164,-0.36457584504587204,-0.6894466186480176,-0.22388744421858212,-0.17655565868460035,-0.9842870896445256,-0.002650385925982387,-0.23999770402715906,-1.193035180694496,-0.19650106341468196,-0.23154224556062108,-0.803629962226118,-0.26594231739327967,-0.20963070675628984,-0.5307790718437633,-0.2551570554095374,0.019508965944813914,-0.9795421476073535,-0.05579319004317286,-0.023830252442952747,-1.2556611316829172,-0.21931870014846633,-0.06312393206061799,-0.9197821891777256,-0.22844973125800433,-0.08085447381065693,-0.6554772485985356,-0.1713985901112574,0.21748357096270293,-0.9543186630452468,-0.11679995929162221,0.20235609519789047,-1.3514072835044246,-0.17952217345885482,0.17747190669467613,-1.5869140530039987,-0.1837051215583927,0.15210200083223688,-1.8055821871514985,-0.1605661662540499,Y
0.0,0.0,0.0,-0.2901978701808883,-0.15918617937162255,-0.05401464306309129,-0.5191043565933872,-0.5966626271686521,-0.07775100940973315,-0.632965090660621,-0.9182745098062471,-0.1283859782339635,-0.748538368447606,-1.1494808540273784,-0.16116755346059589,-0.347204340141913,-0.9620959425261051,0.02879067087039319,-0.4065761073150177,-1.250242223610048,-0.11450396121840244,-0.396751447239749,-0.973879045360821,-0.1869433529425745,-0.3675160747552046,-0.7326624775192687,-0.19629990026570873,-0.17222229184226925,-0.9850555121658049,0.0022627735988983116,-0.2388919196182434,-1.2107828101784974,-0.18169026862967566,-0.2298953687626479,-0.8257814726480494,-0.24245229273908261,-0.205927777114409,-0.5480883615644098,-0.22697430163748838,0.022795879989850353,-0.97956662270448,-0.04836450197983076,-0.03178860291376787,-1.2660213225516705,-0.2018955161078654,-0.0658163635767027,-0.9251702553004661,-0.20655727611774424,-0.07838929631431188,-0.6533335151192392,-0.14927173170914754,0.2235358982682701,-0.9537222508392578,-0.10619999257283295,0.19955080750378892,-1.350176395385349,-0.1667462170338929,0.17267107126089912,-1.5882639025038308,-0.17355965060438117,0.14463311226172415,-1.8072308908907209,-0.1534830147949798,Y
0.0,0.0,0.0,-0.2962630952075306,-0.15275847070185067,-0.05360643962492027,-0.523099250242328,-0.5871666332764104,-0.07888546213235015,-0.6372819656700214,-0.9060273699555569,-0.13112481271402426,-0.7570420827587278,-1.1325438499733986,-0.1647262392473808,-0.3418206037672445,-0.9655334741925329,0.020426503502715,-0.4025748589236647,-1.2420072674971971,-0.1264780576725164,-0.3910698314363052,-0.9475171139366043,-0.2022789958262444,-0.3630495342874244,-0.6919120257774961,-0.21285204698786359,-0.17006238117596367,-0.9854082409747902,-0.0070274552813273635,-0.24231220813095972,-1.1956256592919527,-0.19491810578849647,-0.233820090402381,-0.807385988244667,-0.25639842600937995,-0.20761219421709295,-0.5294782033679257,-0.24018339719676124,0.022572183847967584,-0.9773087161709026,-0.05802800834724591,-0.029876339753013518,-1.2559558631744592,-0.21533612007539238,-0.06618618468229982,-0.9175182139097409,-0.22100462366103263,-0.0764583358244041,-0.6490213851351144,-0.16273572583833418,0.22118929042925822,-0.9487899951190212,-0.11601425835738448,0.20566195840546136,-1.3507702366903283,-0.1792646562425453,0.1743345341044926,-1.5947637390230918,-0.1860335315153533,0.14307148122332033,-1.8168076782462586,-0.1642456015859023,Y
0.0,0.0,0.0,-0.3055014446617612,-0.1521550315580528,-0.0598372116533361,-0.537549669985564,-0.5896674434283533,-0.08742639855612092,-0.6515243172808372,-0.9165802706066087,-0.14247668649439535,-0.771619273275095,-1.1456289078981687,-0.17830982862156178,-0.34847114248251815,-0.9654871143361182,0.020944116078658793,-0.418397608954409,-1.2364988775113053,-0.13129929615735744,-0.39848355022659554,-0.92970687624664,-0.2118469286513187,-0.3624859321223363,-0.6696673144235791,-0.22503657083604023,-0.16984771538734694,-0.9854553350878165,-0.005434714772465077,-0.25048673486037565,-1.1887305341622396,-0.1991493191768211,-0.23866166461187388,-0.7979156677904171,-0.2634893205466325,-0.2099731750349091,-0.5266100390396927,-0.2483537338230289,0.024794130271759952,-0.9772567417020622,-0.05664104612350967,-0.033594727233801594,-1.254842237546459,-0.2204650489974173,-0.07417489171026166,-0.9149828568616273,-0.22544267165279488,-0.08636262794301922,-0.6502348585567955,-0.16418093963370756,0.22257151796225294,-0.9491170085765521,-0.11561726310240578,0.2125259263701021,-1.3494116929667015,-0.18221162148156503,0.1834248173206364,-1.5949153386498633,-0.18832068835844695,0.1532236336509155,-1.820658262686345,-0.1643544616751781,Y
0.0,0.0,0.0,-0.2956209001517022,-0.15763698775494822,-0.05986398581331275,-0.5221936423449277,-0.5984202327574193,-0.08606465012304865,-0.6327163724325588,-0.922263723777048,-0.13899386585584592,-0.7495825629650795,-1.1526819908611754,-0.17233490002231572,-0.340827340746079,-0.9681723283996774,0.019223720535833454,-0.40834498516757173,-1.2333039526837613,-0.13266070832119758,-0.3917869443178008,-0.922858674893518,-0.21125107272141966,-0.359104367914315,-0.6622582727708525,-0.22265969442198721,-0.1644187861313164,-0.9863698855631864,-0.006396219287290505,-0.24069817756046222,-1.1785702398334936,-0.20023716099365457,-0.22921422491791382,-0.7831865618558058,-0.2619999868127038,-0.20348491595504956,-0.5101372908845481,-0.2446918135534486,0.0287355661687096,-0.9736958517012009,-0.05693430686160014,-0.02892493388267628,-1.246507428604266,-0.2199787228013689,-0.06664061058554119,-0.9062898948539191,-0.22281069190563102,-0.07823499789682063,-0.6418205206092272,-0.1600546140807106,0.22441255415932768,-0.9431639770472647,-0.11529278713186818,0.21387919880305245,-1.3438026985807765,-0.18164039682160268,0.18495569681235324,-1.587905199316708,-0.1870849758912344,0.15344226020813997,-1.812658901739571,-0.16246759816849657,Y
0.0,0.0,0.0,-0.29752350495489227,-0.16551723795713616,-0.058295463249306255,-0.5183708610791075,-0.5941874763610202,-0.0877497218959335,-0.6315201559122708,-0.9190868938821692,-0.14476023770023252,-0.7475666011339627,-1.1497527951846527,-0.1832058648485358,-0.34566857645410687,-0.9657721085872134,0.026179860464211727,-0.4086458427277307,-1.2133454860578878,-0.1247985681637155,-0.39012802921228873,-0.9036341222814198,-0.206744401167934,-0.35509679604191724,-0.6437419483650607,-0.22148763119977527,-0.1734106269687218,-0.9848463625893709,-0.002529139932923204,-0.24410788317505694,-1.1922053668004529,-0.1956762189291818,-0.23130371143891665,-0.7994390421770128,-0.2601239573606674,-0.2021470827173757,-0.5219923434805156,-0.2452414395441566,0.017494830015279694,-0.9778112634856151,-0.05586549435059724,-0.030876761797013555,-1.2489260531953488,-0.21846911478075917,-0.06495323405563232,-0.9034006731117058,-0.21966198851573043,-0.07534385406379335,-0.6355644762314258,-0.15634451982288583,0.2114416997362173,-0.9521915495819329,-0.11739789414488669,0.19455945171269856,-1.3541551319053384,-0.17932993573270622,0.16873471471780635,-1.5943100135384345,-0.17842586429297333,0.14313489906907695,-1.8214922989202542,-0.15109879794520842,Y
0.0,0.0,0.0,-0.2962362045719245,-0.16238476200818802,-0.05718116369212673,-0.5161802554293291,-0.5990344925092835,-0.08344861180481693,-0.6292532954793743,-0.9236484985353244,-0.13642319459329197,-0.7491777669925184,-1.1476822140954883,-0.17072691253160158,-0.345953648634105,-0.9636991418014338,0.027238832746304096,-0.40589366753491485,-1.2103556115520528,-0.12141661218774114,-0.3897337261559728,-0.8993993294436771,-0.19736581523196411,-0.3557232464691391,-0.6412267701411648,-0.2071112346039317,-0.17277854769558776,-0.9849606727658261,-0.0002157797367954338,-0.2405397814459403,-1.1940442076405735,-0.19133914045797257,-0.2322708793203648,-0.8033265921579904,-0.25166268664758945,-0.20373456236362786,-0.5310889999155066,-0.23286978337445263,0.019259898054772472,-0.9768088499436322,-0.05243794763889757,-0.025467569673524825,-1.238151366650051,-0.2177216346350125,-0.06530345000059995,-0.8878744236791798,-0.22031860434125128,-0.0796904510248708,-0.621590243483948,-0.15581622847865112,0.21595418568132302,-0.9504836391079869,-0.11187083595019191,0.19713404031123977,-1.3528989581221063,-0.17747152455873685,0.16912740140775318,-1.5941024240528783,-0.17944617985778838,0.14146036301377396,-1.8228515790864357,-0.15267206951687723,Y
0.0,0.0,0.0,-0.29241572194015103,-0.16363068265221797,-0.06389952053876594,-0.510669682988503,-0.5977512750456114,-0.09390510029862284,-0.6255380725721492,-0.9171555704770545,-0.14833137941536184,-0.7440878028772596,-1.1454686228499884,-0.18133450589211395,-0.33888526244143236,-0.9677520655994586,0.018114195401418804,-0.39803250964704723,-1.2084818197523672,-0.13302629452361855,-0.3818463583164879,-0.8875541506364889,-0.208345336040762,-0.3496228267140626,-0.6226727874346815,-0.21679777422957475,-0.16585875215051127,-0.986130098873494,-0.0061888957680812755,-0.2379982056310701,-1.1821673487314885,-0.19802952285990366,-0.22651433859749723,-0.7919183101140618,-0.25699884792100003,-0.19511542871523274,-0.5216948246895124,-0.23739469899887,0.02558162933105167,-0.9700226161403636,-0.05581196260150037,-0.022470548531394754,-1.2222631594690763,-0.220270249824865,-0.06208840383482525,-0.8755157574005946,-0.2208262619895823,-0.07473866393961136,-0.6123018188260702,-0.15525080701655428,0.22229193274482734,-0.9359423308195096,-0.11335970240227927,0.20501421092016495,-1.3359529186441315,-0.18040990949605384,0.17560928775406626,-1.5787735092975963,-0.18355504724268104,0.14605471943374715,-1.8063080921941943,-0.1568321113820407,Y
0.0,0.0,0.0,-0.2875979297976363,-0.15954325373980865,-0.06921951081699684,-0.5078855149926427,-0.5865103748171758,-0.10257154182967891,-0.6211282864247416,-0.9027855869381605,-0.15891827649341783,-0.7337610240112281,-1.1375970483387166,-0.19374935284683084,-0.3424726904770678,-0.9653857182742716,0.015566262901805017,-0.399692726879609,-1.2101615832361554,-0.13396087259307504,-0.3872947418759309,-0.9018190532455361,-0.21007241496387852,-0.358346333398977,-0.6432347263816366,-0.2203687626558573,-0.16939882740105705,-0.9855277009222815,-0.006260031149217029,-0.24020673387962033,-1.1821634960736842,-0.19691525085928863,-0.2299977648693021,-0.793364452472723,-0.2576787482774757,-0.1997706481844401,-0.5158406184970338,-0.23989103146119933,0.019876375601856906,-0.9701169731379532,-0.053654091721150016,-0.027458594408986417,-1.2145096050761022,-0.2165167921572203,-0.06659475782698784,-0.8727371513570742,-0.21951461610053777,-0.07963830593050414,-0.607197714270339,-0.15655921378118356,0.21543422007893734,-0.9347198325469334,-0.10945383648446416,0.1962794677764988,-1.3275505841419681,-0.17532662606781788,0.16667359562426223,-1.565723526925331,-0.17913348433073448,0.13560998921612608,-1.7865026576278282,-0.1537165284989146,Y
0.0,0.0,0.0,-0.2916579190701988,-0.1611628761626308,-0.06219106122107688,-0.5188420582058675,-0.5832802244568382,-0.09339709663782636,-0.6309861233416748,-0.8922587215504308,-0.14783738470557986,-0.7321313817251417,-1.1295475585175407,-0.18162922716782026,-0.34738306066266367,-0.9675121471077054,0.01862538249410752,-0.4036593582521362,-1.182549280635509,-0.1282010611526645,-0.38147597144619594,-0.8688002621412856,-0.20585368040784888,-0.3487899723828913,-0.6083618459820548,-0.21744944440889014,-0.1732633100304569,-0.9848570383189138,-0.006036511491536659,-0.23878358435880856,-1.1686763811320742,-0.1897413565260781,-0.2198208388401363,-0.7813121665243072,-0.25025219385910363,-0.19350472376461655,-0.5052369462076579,-0.23445861672568005,0.01821674157988295,-0.967648095495908,-0.0548364235688262,-0.0286272376749639,-1.2110737865309746,-0.21122295686332146,-0.05430093668935502,-0.8692464605035727,-0.21407688850268913,-0.06509119792931425,-0.6046374765359807,-0.15350212203938002,0.21499227398408918,-0.9286860408034269,-0.11105989990167348,0.18858404274628604,-1.32558753138054,-0.17148554476630476,0.1597157278287664,-1.561404564386706,-0.17116607033451947,0.12504546444445433,-1.7793229818901686,-0.1440455547243019,Y
0.0,0.0,0.0,-0.2954694568585362,-0.1542217283668117,-0.0647437405994416,-0.5281073747100078,-0.582308159957113,-0.09604033646345542,-0.6413273617786232,-0.9067039668895683,-0.15229341871872643,-0.7640357783188838,-1.143193238855802,-0.18702342814805908,-0.35809319588102706,-0.9634056676257855,0.014612210925156646,-0.428641900283349,-1.2234904275302458,-0.13973286330163082,-0.40530437695296284,-0.9116089522756521,-0.21911766111757044,-0.366523465330639,-0.6503773733448432,-0.23068230506207701,-0.1804386662361663,-0.9835387514622872,-0.009664993477419285,-0.2660097592969684,-1.1792145736502946,-0.2035546310700551,-0.24849951885335203,-0.7842347032234231,-0.26600231490863313,-0.2113884969645646,-0.5105995728244668,-0.25009499094283766,0.015367444626158886,-0.9715574189066352,-0.059135182219695374,-0.047752192599250315,-1.240206046406699,-0.22459361745875314,-0.08268662722296304,-0.897686875857367,-0.22781286248381002,-0.0870453756001421,-0.628047148682345,-0.1651522620432677,0.21552150453704322,-0.9409650111190125,-0.1164515683304402,0.20023035194210254,-1.3441258955236393,-0.18582757668612163,0.16405434289253734,-1.594355397148816,-0.19270814247877377,0.1276665276558458,-1.817955844589884,-0.16896319488064487,Y
0.0,0.0,0.0,-0.3123179363221209,-0.1747241068157497,-0.06338611559348016,-0.5476105682389052,-0.6049441595584666,-0.09376801134131253,-0.6698353220652623,-0.9349848073992997,-0.1540472969018061,-0.7892780124705707,-1.1753401497246379,-0.19274243184130121,-0.351595613530199,-0.9604446766274835,0.03142395676734955,-0.4379629816636782,-1.2340218281515798,-0.12444536341265089,-0.41728456115468415,-0.910217483549876,-0.2062790630025886,-0.37536163218616536,-0.6485337804568986,-0.22006703891132676,-0.17350044023842573,-0.9848266872392146,0.003740767101359465,-0.26733337965833337,-1.173133170554383,-0.20046344288921542,-0.24635808124065023,-0.7716021496098335,-0.2675724480231876,-0.2061060877399047,-0.4995985019242437,-0.25237179836083884,0.01842238604107717,-0.9795185306008355,-0.05014151940329908,-0.05357958798704689,-1.2459346271153404,-0.22206644542715714,-0.09109619698320431,-0.8919682338534888,-0.22125834851246784,-0.09595521757447578,-0.6249600789367497,-0.15388361303769935,0.20946102877206008,-0.9579294468670747,-0.11297901645830137,0.19853476749000376,-1.3507622336476084,-0.18282708736595527,0.16674014494433753,-1.5923821502552415,-0.18446967600082337,0.13262142158347923,-1.8176328741800039,-0.1558996966573197,Y
0.0,0.0,0.0,-0.29214895769276805,-0.16829607058031737,-0.07687888980752468,-0.5169195680468327,-0.6192345698280256,-0.11288895646124153,-0.6350931183378823,-0.9617319953805282,-0.17425792911512528,-0.7552947239846096,-1.2172760393717685,-0.2129095447105856,-0.35672242785566965,-0.963714704857012,0.013247614849626829,-0.442364688047822,-1.2413246791244696,-0.14334780306150854,-0.41884299868437563,-0.9341032202829083,-0.22402940975339108,-0.3772312744594244,-0.684813154858028,-0.2379272571746832,-0.1805170977533096,-0.9835446141936617,-0.0073191057762118684,-0.27410911602857785,-1.1658216011550016,-0.21101891473275833,-0.24997338091480414,-0.7626817240704176,-0.2777517087533494,-0.20997018448043558,-0.4878675578029229,-0.26235627458039934,0.01003457397033666,-0.9673636408462254,-0.054169316799268945,-0.05582890827308476,-1.2343314063621462,-0.22374988759030753,-0.09146826747798102,-0.8910099367291177,-0.2230331490601157,-0.09920083443626769,-0.6284941983594463,-0.1566139745673728,0.19934705227118055,-0.9355943178828885,-0.11072322163442462,0.18622864578544857,-1.326654052750183,-0.17886481634795004,0.15729234571603384,-1.5727089242422205,-0.18121209105664374,0.12669826284932567,-1.7972307577211206,-0.15396031221673687,Y
0.0,0.0,0.0,-0.2830362858176764,-0.159540539869849,-0.06798357011131528,-0.4948643358028621,-0.5901668883311921,-0.09779961172923912,-0.6036352016203647,-0.9176448385903558,-0.15431782910448683,-0.7226879320897783,-1.1623562673650374,-0.18833469333685163,-0.33382581402895106,-0.9612172361605079,0.025118834983303338,-0.4318250792743133,-1.2092178372642968,-0.12388166423320937,-0.4099301142272827,-0.9032226624483278,-0.20068835026322557,-0.3608389798286715,-0.6672456248948918,-0.21382295542461555,-0.16469255024100363,-0.9863431058963131,0.001908231099461376,-0.2656180019968074,-1.161808407675192,-0.19698767171618756,-0.2474513027067749,-0.7654474601096086,-0.26296604513585675,-0.2068065303542332,-0.5014656997757764,-0.24740522218899194,0.020488916531049183,-0.9730788012836639,-0.04649260302917859,-0.052988160506499016,-1.2280726701931237,-0.2154564635439702,-0.09395736132558512,-0.8820394258376587,-0.21514153054473933,-0.10260399140953912,-0.6177877640389762,-0.14817747186802668,0.20719713935053824,-0.9461459153439574,-0.10371363335230159,0.18614540057508927,-1.3405191450852496,-0.17383795619580514,0.14595425259284214,-1.5877675900812362,-0.17680235836541563,0.10752293121936252,-1.805333204255242,-0.1487949380090781,Y
0.0,0.0,0.0,-0.28538205299896197,-0.1467720948161804,-0.058116188624226114,-0.5223536343398917,-0.5754667744359107,-0.0837719464392544,-0.6427422288103234,-0.8947870513862787,-0.13449546000270488,-0.7566866730612664,-1.1349320480319403,-0.16273543943629357,-0.36831017261901056,-0.9649755461721111,0.02038170009163024,-0.4442489981354466,-1.2287758843331518,-0.1269889548614803,-0.42323926068889883,-0.930584747517093,-0.19938113538143967,-0.3840919981914079,-0.6857766265493914,-0.20874071727585294,-0.1964983070593521,-0.9804948142214199,-0.004281893005639632,-0.2816308827534487,-1.1730387096860906,-0.19657921650363025,-0.25697088959104425,-0.7620875262476906,-0.25504069828145587,-0.2163466286849424,-0.4890716116112265,-0.23711519324503103,-0.0023788096761771962,-0.9660532517216486,-0.053480427418131526,-0.06479945347819735,-1.2419027333676784,-0.2168048121055508,-0.09531313131061192,-0.8843137665997676,-0.21194565232235407,-0.10122857156429219,-0.6090387017548614,-0.14596234687299897,0.19749332945736445,-0.9361674009248832,-0.11012511465061213,0.17059434331445186,-1.33861326129506,-0.1825342185757119,0.13774371094157004,-1.5832237900730144,-0.18933384857126465,0.10657396027640151,-1.8075456195705162,-0.16622965317189428,Y
0.0,0.0,0.0,-0.2822110343291674,-0.14080528868639253,-0.06948398757341948,-0.5056734958702733,-0.5570357123794288,-0.1034810568161902,-0.6331546390351934,-0.861358842946464,-0.1600488064414739,-0.767709516025951,-1.0804107472360434,-0.19516103630736187,-0.36710546113295756,-0.9633582001377092,0.013065349918256504,-0.44069862021442036,-1.1707679175055976,-0.13804453495536362,-0.41046524460287004,-0.8445967559371206,-0.21606380035044226,-0.36516860544254964,-0.5869931381211093,-0.2285801445070549,-0.19801565034585167,-0.9801445091618812,-0.010321985173613277,-0.2876223909036596,-1.1434948343044566,-0.20778521936410518,-0.24938171521250335,-0.7211910233606078,-0.26782609040709127,-0.20786631366610633,-0.43988197611634344,-0.2485806809428888,-0.010542009425736876,-0.9659178106205799,-0.05964466417424257,-0.07832969485030918,-1.2035744860382402,-0.23182631894528397,-0.08375678441574146,-0.8522040532110987,-0.2351049497515135,-0.08137872585710018,-0.5934325720819955,-0.17117927500316393,0.18106544656713836,-0.9341466766283679,-0.11649871320435363,0.1382266627900115,-1.3294499586313906,-0.18575927257033287,0.10737505986540552,-1.558482578087197,-0.1872441443321689,0.06976777854331911,-1.7760163053445508,-0.16052736101481685,Y
0.0,0.0,0.0,-0.27809596197618824,-0.12864331444864646,-0.09318379146679202,-0.510605292921511,-0.5625826745344834,-0.1397341503478411,-0.6488078134021065,-0.8891152208407819,-0.20607608988615955,-0.7990400516425341,-1.1229380033792795,-0.25170433327230424,-0.377504328869181,-0.9533362984386008,-0.016973591574814043,-0.4538463361430247,-1.1705090112765903,-0.1808110423753162,-0.4152307606962058,-0.8656174535099106,-0.26487908105465496,-0.36263816703444823,-0.6233548570179716,-0.28089263949135346,-0.19866882257053795,-0.979587580956245,-0.03064098847504963,-0.28181898587648185,-1.1241459449721019,-0.2416252686217953,-0.24375551369319043,-0.7036398814732181,-0.3055829409967712,-0.20295726174374937,-0.4223314851124614,-0.28829532465394536,-0.00830610221467675,-0.9684553884517489,-0.07167721108124397,-0.061047100129266785,-1.1780286202549937,-0.2579981034008161,-0.08399562381344254,-0.8165493868973159,-0.2631395712053832,-0.1008448806174201,-0.5535581182426391,-0.19755755018829615,0.17985491039550808,-0.938122545247566,-0.12178113075045488,0.1514208527677648,-1.322972145075876,-0.20011467625875853,0.12396399523674545,-1.5524449573755361,-0.20535362988024025,0.08483161800315252,-1.769831254008632,-0.18007062348265465,Y
0.0,0.0,0.0,-0.292480155305368,-0.15426888377214243,-0.0873385334043188,-0.5260691445888094,-0.6045937919965321,-0.12888352103610315,-0.6672486620710145,-0.9277533329795863,-0.19177471137466431,-0.8036428391764917,-1.1535680021448087,-0.23321421347017415,-0.3488461536840442,-0.9754461681984636,-0.010529309249085286,-0.40821997209969035,-1.187991210156204,-0.1711640080044773,-0.37799407896141496,-0.8498656579737753,-0.2500956152620242,-0.3288782807222148,-0.5949861880509323,-0.26165808921323813,-0.1654590725379496,-0.9857471707575594,-0.030427136873990845,-0.2285021095042034,-1.1401020192950015,-0.23593204443653534,-0.20061638934905116,-0.7105451758786002,-0.29770617803481625,-0.17066751482670822,-0.44220994798992824,-0.28053346172443444,0.028201176760855224,-0.97120908988765,-0.0782004279652373,-0.013525438656644417,-1.2044678532885307,-0.25412904796693536,-0.0354705012203649,-0.8288953676826593,-0.2619220426996427,-0.04928640232187629,-0.5670809648763399,-0.20275428409861615,0.21647499504979648,-0.9335987476702566,-0.13609944887928135,0.18654713834452022,-1.3393495996388745,-0.20423241888873897,0.16837127097475144,-1.566274426114563,-0.20843555626523555,0.14903771951898742,-1.7918717218203932,-0.18609571140448455,Y
0.0,0.0,0.0,-0.26857328546293074,-0.17225418889261368,-0.09415868204688016,-0.4782108959159595,-0.6109587633346556,-0.14928323545426384,-0.6046421270740997,-0.9426945411975552,-0.22610013569054005,-0.7332710821204697,-1.1791078925771437,-0.2841543253035949,-0.2888257027209138,-0.9996276612582325,-0.024875692756375075,-0.3402456227718309,-1.2008013163828892,-0.18443108343726303,-0.32549737504389964,-0.8652672081773134,-0.26556994361767733,-0.2867932919,-0.6157828824540099,-0.2809841201132926,-0.10788879973637852,-0.9930943856324261,-0.04608197171126657,-0.16006838585583089,-1.1477466952092386,-0.24769486925375755,-0.15422253246089207,-0.71994430561685,-0.3108922626148446,-0.1472856496807692,-0.4559094812416798,-0.29942327694185794,0.07980990529923826,-0.966943037874279,-0.09488103403503846,0.049384929092943786,-1.2068034523654356,-0.26848641997249784,0.016829681152976624,-0.8236584435908655,-0.2794295875349096,-0.010437760178933015,-0.5613163734222688,-0.22622103354133072,0.2601507966230159,-0.917444029864202,-0.15447436755187108,0.25182174560375786,-1.3251180330729706,-0.2197392224350872,0.2445638200552244,-1.539654033733568,-0.22260020280618922,0.2354566734170057,-1.7664691831038528,-0.20234377712098864,Y
0.0,0.0,0.0,-0.2787379004868006,-0.16707775371246258,-0.09711889206851083,-0.48552388045398015,-0.6260292369017516,-0.14740559582536245,-0.6171241058681387,-0.9638242310388608,-0.21883775634916905,-0.7629898460457527,-1.196476963021857,-0.27108243315930247,-0.28606354357048586,-0.9963107942108511,-0.025702879246827955,-0.3389902974515386,-1.1989034119490714,-0.18835640175939697,-0.3313963971660987,-0.8636399668119584,-0.26970535152183306,-0.2964378354794008,-0.6127610527579025,-0.28438851306651713,-0.10742011488606161,-0.9931344571977299,-0.046312728751776645,-0.1659640289625195,-1.1605407653117847,-0.25663359997404955,-0.16315395543571878,-0.7252918686964602,-0.32027948787671123,-0.1499302008075395,-0.45179403755778264,-0.3046273241956264,0.07866637774488966,-0.967844915528347,-0.09555486344323198,0.04336320729379432,-1.2069804365477617,-0.2790523742246898,0.010101367741228582,-0.817938049550466,-0.2892927242113647,-0.013743841311608948,-0.5518388528426457,-0.23083192879815057,0.25793984683009463,-0.9241178715705166,-0.15555767690364958,0.24567655379066108,-1.334353137542341,-0.22449591584028425,0.23636577007826404,-1.5458434191686834,-0.22660134751588587,0.2261460480810073,-1.7651377078867112,-0.20412432953041784,Y
0.0,0.0,0.0,-0.2953706411999658,-0.16137542841931257,-0.09793771768574841,-0.5190707636111345,-0.6195299367560608,-0.14705081583699486,-0.6551311995118605,-0.9582291848055454,-0.21568810635593458,-0.7995582129751398,-1.189750857133311,-0.2640913522474055,-0.31689719351211804,-0.9842907086637365,-0.022784116773589196,-0.3762628000705508,-1.189802276625758,-0.18024547795217916,-0.3617708517527667,-0.8641446056753672,-0.25973713160170736,-0.32378664654072237,-0.6122205894957764,-0.2745424589571772,-0.13777388138612434,-0.9896246746108619,-0.04075979648069735,-0.20689704816072363,-1.1520628357873548,-0.24954224480748233,-0.19528705803769222,-0.7237830525623328,-0.31392983760656074,-0.17202552477005784,-0.4399402441413778,-0.2982866191859761,0.04874112508399874,-0.9716407545624682,-0.08683401270825233,0.0038027655631861185,-1.2132036481440696,-0.2677952633620126,-0.026516899437057817,-0.8432269284601247,-0.27763943980807604,-0.04334511421425271,-0.5751693350009353,-0.21902797789970707,0.23043579131199315,-0.9350069276815882,-0.1437110984568298,0.20498314255071173,-1.3466632254000808,-0.2145229615284655,0.18519214041351528,-1.5713853813760683,-0.21845105024575226,0.16618533297109223,-1.7925586436740881,-0.19648082693015886,Y
0.0,0.0,0.0,-0.29783578231611924,-0.11867216974135092,-0.10954224198546293,-0.5312087788628308,-0.5604835378744478,-0.16004624281606722,-0.6672849404694332,-0.8952816570696301,-0.22907349763200816,-0.8140255866579936,-1.1248092156955172,-0.27429090643955517,-0.35897265810093326,-0.95379489737663,-0.01961358156743621,-0.42622281406741536,-1.191478928202252,-0.1812580126467211,-0.399715637407654,-0.8502520872927984,-0.25976643405058253,-0.36058750146956126,-0.6000021927578851,-0.27379327608204057,-0.1709863825374019,-0.9849250578752194,-0.026197086789734456,-0.23242026999897822,-1.1301802576830031,-0.23867991449021583,-0.2035119741208713,-0.6994460089042178,-0.30148697171080113,-0.17796567194510976,-0.43322092132792916,-0.2833491320857373,0.019944207995575277,-0.9763710827847685,-0.06286860781857125,-0.002845763740317625,-1.21655905202448,-0.24916014901338535,-0.02941152794180477,-0.8538278673228983,-0.2522780441250801,-0.05455838724202509,-0.6035418890702333,-0.18710001020037317,0.20225311796769652,-0.9472746083786019,-0.11062937310687808,0.179243151952608,-1.3283016929688936,-0.19279623001930474,0.15775529803149538,-1.5504430503699538,-0.20326577037612448,0.13081259477844118,-1.781367592068581,-0.18208100270925856,Y
0.0,0.0,0.0,-0.2970046961869684,-0.12609391567926495,-0.07774265760551358,-0.5438171980462554,-0.5769412076859178,-0.11079087808619906,-0.6797788146133396,-0.896748054014282,-0.1645919970528085,-0.8180933155815804,-1.1150170229896388,-0.1967402447629016,-0.3703683013757297,-0.9568940499241934,-0.0035147471595204202,-0.43491756097068873,-1.2468880045863044,-0.142712322133571,-0.416615299740664,-0.9332290886332211,-0.2094464119076074,-0.38540996238552666,-0.6781741743143656,-0.21854335371247338,-0.17972612843787836,-0.9835283324855015,-0.019249362457494302,-0.24011629348816696,-1.178731336386181,-0.20970570379800707,-0.21796686479264024,-0.7553957722014534,-0.26754419608603336,-0.19676965565113022,-0.4659815688972826,-0.2494337068625058,0.013110158819702018,-0.9816317116011748,-0.05948887186831112,-0.011312568768993005,-1.267766069826763,-0.2204306528685345,-0.033650035768028705,-0.9158231165876193,-0.22354538808813249,-0.05107164426104384,-0.6436414811365819,-0.16551531173167894,0.19972273907222918,-0.9643029194562669,-0.10771722612867506,0.16746735413310454,-1.356408889745639,-0.1759934730580555,0.1422912705267264,-1.585741948303209,-0.18545461378392356,0.11552868890971917,-1.8036143930095456,-0.1674692161397026,Y
0.0,0.0,0.0,-0.2965550063443663,-0.12005782348610979,-0.076305868699748,-0.5326314939546444,-0.5626615794389205,-0.11021987034799773,-0.6648712615928695,-0.8848771963514553,-0.16738198975641264,-0.807308158635269,-1.108418637156491,-0.2048558365560119,-0.3693268728254892,-0.9591430785259797,0.00605631340472039,-0.4339405683556016,-1.2336313114267363,-0.13597285874416468,-0.41425524151492077,-0.9284776809322164,-0.20616633819816746,-0.37931073835477447,-0.6793833326848694,-0.21784151285031786,-0.17534322079550022,-0.984421956496173,-0.01296790227088907,-0.23730991237710264,-1.1617877757763524,-0.2075366072847126,-0.21609804466758065,-0.7403493395274943,-0.27086185791589423,-0.19581927944627225,-0.4559328455141471,-0.2571046825125429,0.020948160598471852,-0.9747327651611409,-0.057512427938583625,-0.005064773576705224,-1.238087844746566,-0.2257559884374425,-0.031910313290833076,-0.8808956864022692,-0.23416075183009138,-0.05579762013218355,-0.6089225065137325,-0.17887049765505705,0.2110439829750023,-0.948963672420997,-0.10998703293938589,0.17727077565374486,-1.3356141937794905,-0.18609759894131894,0.14910046801541976,-1.5653490512251425,-0.20142976214399425,0.11854686353963491,-1.7893702870582964,-0.18722504909086132,Y
0.0,0.0,0.0,-0.3057803019924099,-0.12103669718820444,-0.08518638636296279,-0.5567884024382939,-0.5606396769599507,-0.12774804380405094,-0.6914809188052782,-0.8865134658761283,-0.19151169227070208,-0.8239734626956857,-1.123265050997606,-0.2330734897036961,-0.3794449900789021,-0.9583238438578867,-0.011945067016707426,-0.4378805465242972,-1.256709832017249,-0.16229606953898543,-0.4107491855942292,-0.9332711600482896,-0.23751206203499575,-0.3757103080239384,-0.6623427957720105,-0.2491178133372328,-0.18702626975295789,-0.9819889793369734,-0.026810797881135214,-0.23863714984543433,-1.1699230047234703,-0.22386349314406062,-0.2100118377118906,-0.7534704879706942,-0.2884652724361467,-0.19276261911425743,-0.4696522876287498,-0.2744331976101247,0.009115767311869043,-0.9788023798523299,-0.06727934498515606,-0.010731209825176188,-1.2618317684721347,-0.23204340995699216,-0.025408143867716844,-0.8986177234561253,-0.23606332715368716,-0.04188393311066502,-0.6188569409551002,-0.17768157225305917,0.20200575634772394,-0.9617971236429873,-0.1165672304027435,0.16831699994636648,-1.3590175660494457,-0.18597508099126153,0.14671839245676757,-1.5935202882398258,-0.1954169642908515,0.12361642798486729,-1.819520186371809,-0.17626501052406177,Y
0.0,0.0,0.0,-0.30056192594047587,-0.11167338399380913,-0.09722508383023826,-0.5534665736884883,-0.5505816971339835,-0.14586890106744504,-0.6924164498858841,-0.8790710477653715,-0.2133563498726308,-0.8317653980701104,-1.1148128667098989,-0.2572504856354629,-0.38966001849923654,-0.9523538628186432,-0.011570732884288693,-0.44386625542665886,-1.2457343477828013,-0.16452551645177174,-0.41424765580916867,-0.930196972199533,-0.23993619886045933,-0.37869686282188464,-0.6729521237336915,-0.25151299605180744,-0.19509348657164752,-0.9805516958763655,-0.021375294414392586,-0.24119977265873832,-1.1725328504802708,-0.22258920926853107,-0.21177934234977694,-0.7514466939809231,-0.28352517341222677,-0.19706112232667586,-0.4697885581485154,-0.26464966880028984,0.0009365696285841455,-0.9746097404716688,-0.059144221548267185,-0.021239259338237705,-1.2698900150482801,-0.22660811701261835,-0.03190701583942785,-0.9190085087566222,-0.2240759671842426,-0.048278143612287806,-0.6461619761089673,-0.16001953197620428,0.18908280644123443,-0.9556382018413746,-0.10689559965592274,0.16175340400847407,-1.3502190668944645,-0.17642507092209694,0.14220981013286993,-1.5854489647286838,-0.1824678437422533,0.11601299898954393,-1.811771884297149,-0.1605897690425135,Y
0.0,0.0,0.0,-0.3047003059508394,-0.10970082373339679,-0.09779541525245734,-0.5621710692274857,-0.5539166444560674,-0.14257748986195673,-0.698091542642049,-0.8927669074548947,-0.20618553051409436,-0.8365409538493637,-1.1311670997816594,-0.2451126717992352,-0.401381826763717,-0.9492584572669704,-0.009849737565287387,-0.45868249574886244,-1.2535219093246577,-0.16400901927941136,-0.42822935605475476,-0.9341188863247133,-0.24094218014958188,-0.3880303817927141,-0.6766862890467967,-0.25375538667696074,-0.20683740068497466,-0.978192198765495,-0.018929129726675896,-0.2575216512749525,-1.1669723846976294,-0.2216586869644794,-0.22354373480585382,-0.7417005999598212,-0.2827469888081749,-0.19921261703106125,-0.46080335093981156,-0.2639392250110847,-0.009440898024236163,-0.9787368960704426,-0.056603024081173306,-0.03272900755682054,-1.2750878515607154,-0.22697146738380578,-0.043920648445862916,-0.9187313342522483,-0.22475502593834573,-0.0556160805181374,-0.6428342225119709,-0.1599467380223103,0.18172143339784305,-0.9699602821471737,-0.10439246929634635,0.15676361035160166,-1.3634791302802898,-0.17511194868679097,0.13710929534422603,-1.5992342231720156,-0.18152055811195209,0.11455945323322345,-1.8226308720904572,-0.1593556665823678,Y
0.0,0.0,0.0,-0.2989701773599499,-0.11915657209711483,-0.08732826423600734,-0.5618930260503004,-0.5599488053943928,-0.12837400354349118,-0.7014035784964927,-0.892569615470495,-0.18759933546615662,-0.8366330635002172,-1.1254166982127376,-0.22311842700602938,-0.3949035181690874,-0.9527285554069117,-0.012083751305225505,-0.45172318651069393,-1.2453974147822127,-0.1597103060163257,-0.4237927305202654,-0.9318172175069228,-0.23291039403854286,-0.38992453536031557,-0.6718000751111981,-0.24555411538869207,-0.20456191809008503,-0.9785757925134508,-0.023320376797489946,-0.2579674546411661,-1.1606729261682416,-0.2183596384448107,-0.22219168912946094,-0.7403106056321013,-0.2769150544689056,-0.197086425733579,-0.4589374479759018,-0.2603240173821858,-0.008367771303872838,-0.9773156458855768,-0.06062898066358767,-0.035801693652408616,-1.2757696972867867,-0.22376792205694065,-0.04466229457807375,-0.9347270177185018,-0.22156558968455636,-0.05449003464682098,-0.6633987726779944,-0.16106287038256237,0.18152954131149637,-0.9638275541638344,-0.10661243463484207,0.15041733205474186,-1.35795790687405,-0.17905675634523832,0.1294414662256338,-1.5965981745276812,-0.188858227113536,0.10592210827804312,-1.8219500751223572,-0.17048698191884534,Y
0.0,0.0,0.0,-0.304027884396754,-0.12036407802118487,-0.08116023876253753,-0.5571008633831066,-0.5582155455334843,-0.12024965199142866,-0.6939525102760925,-0.8846167613411375,-0.17904502678914977,-0.832491563887377,-1.1147073754838368,-0.21684366584507514,-0.3800510033858288,-0.9510818583118181,-0.01584753469950519,-0.4363631862527174,-1.25104983832236,-0.15498535164974483,-0.41185833337682365,-0.9488165673448067,-0.21812536877368538,-0.38212806155357365,-0.6938213206144717,-0.223967656224628,-0.18698683190495685,-0.981879037463297,-0.030813641204778662,-0.23938453694425454,-1.169423974840597,-0.22043380040509727,-0.21567427491034102,-0.7542872376182728,-0.2780463422686452,-0.20272519601581912,-0.4715225888649665,-0.2612985439405992,0.009154038122303207,-0.9813345955900883,-0.06985218320586038,-0.01146309082640303,-1.2460005173694446,-0.2321218389815883,-0.027021057208831134,-0.8899600885495572,-0.2379434877093626,-0.04910793078612562,-0.6172566262415171,-0.18274062426906554,0.19722440299359673,-0.9639932906464868,-0.11636166530271932,0.1653008846351358,-1.3521309470781684,-0.18958219378748528,0.14522399337528913,-1.5802257202507761,-0.20277118589513332,0.11846550658898826,-1.800524597945129,-0.18710934510564803,Y
0.0,0.0,0.0,-0.30405588438999276,-0.12580511305360453,-0.08505588269323279,-0.5526947586861045,-0.5541790125293353,-0.12798663458712936,-0.6952676929420941,-0.8689179978760414,-0.19041943652826426,-0.8346351091253116,-1.098426152222407,-0.2305947826992907,-0.3840053655500993,-0.9548547406109688,-0.017888164282762627,-0.44746935227999385,-1.2421820527185496,-0.16018488663454594,-0.4252538947503396,-0.9295391872283735,-0.22796946605220675,-0.39368392168547417,-0.6697249888052588,-0.23635622077803498,-0.19345603046390553,-0.9806026009381944,-0.03151671477797924,-0.252190048316279,-1.1568537630473583,-0.22318702307515656,-0.22121392847535315,-0.7412023915004653,-0.28397179699612013,-0.20072504420789353,-0.4569162070617116,-0.2688281605690436,0.0012817521691670935,-0.9760535183875055,-0.06944962569311681,-0.023887233990533843,-1.2365246147973183,-0.22998102060290107,-0.036441958565863714,-0.8838498418219108,-0.2360182202661176,-0.051709219610439804,-0.6150140800542739,-0.18034925628106924,0.19038532389886692,-0.9551509087897023,-0.11579523508349415,0.15491188457562236,-1.349899101913865,-0.1841790004587865,0.13143287727446967,-1.5838263623150672,-0.19468038555231548,0.10324760213442702,-1.807620006639178,-0.1767344923742549,Y
0.0,0.0,0.0,-0.3031092552025771,-0.1462049516294541,-0.08369041639886761,-0.5503430148752206,-0.5664475297837329,-0.1265204976379131,-0.6934556660915919,-0.8785881586207435,-0.18835052882696235,-0.8310708943513715,-1.0998442742882018,-0.2291928388353236,-0.39076953429944694,-0.9585253594225567,-0.020651594224815314,-0.4230590342918301,-1.239454975756932,-0.17000804243250658,-0.39215698983458347,-0.9536640251311833,-0.24288292098817793,-0.362632856775396,-0.7028641267105546,-0.25326537483138667,-0.19985179758183963,-0.9792037616704636,-0.03491779107734689,-0.2401372259057279,-1.169228747291447,-0.22795532917927097,-0.21761774090159308,-0.7683080875104547,-0.2903269901474636,-0.20912177464320844,-0.48906946769826615,-0.2783222903185153,-0.0028110290792131044,-0.9762619217713071,-0.0741004300354913,-0.02139215398934353,-1.256374859395764,-0.23471936205300428,-0.035812783693491286,-0.9158780378819219,-0.24374404543448638,-0.05799092544215144,-0.6502111809938192,-0.19285565393366325,0.1849324399304112,-0.9518820785968469,-0.12222603362545403,0.16841378432871615,-1.3348849309945894,-0.1912280159783248,0.15059001476667008,-1.5585151039750693,-0.2055320341056811,0.12435205910119687,-1.7823943602192756,-0.1930503730440368,Y
0.0,0.0,0.0,-0.29872239013484986,-0.13015854102659413,-0.09767606504434628,-0.5432004359670116,-0.5693021920455723,-0.14273302798412782,-0.6853736372901835,-0.8854545677093154,-0.2064354153414639,-0.8068296409862674,-1.1178561408302152,-0.24675205158860428,-0.3677952073917308,-0.9662843850920914,-0.022787480935040842,-0.40938390130511815,-1.2446967959287714,-0.17095209164311428,-0.38691727291597366,-0.9217472854737772,-0.24175351863815814,-0.36160876066735764,-0.660988500270847,-0.2517632026372359,-0.17521021737827772,-0.9840190639974269,-0.031746833163081946,-0.2087192386089705,-1.1670883813365267,-0.23027316392459884,-0.1870488284817555,-0.7447962817763988,-0.2900035691702408,-0.1762094406231694,-0.46233604081241236,-0.2722473488707654,0.01669641624064338,-0.974612051041518,-0.06775148416114138,0.017151876138314943,-1.245156159768423,-0.23438459577333007,-0.00021657582889280546,-0.903856820693238,-0.2388351593438276,-0.02447158144889462,-0.6525900056597823,-0.18069992105765575,0.19730652898531534,-0.9477904824226372,-0.1140965678617752,0.18236800204768516,-1.3307925662876263,-0.1818884622508296,0.17128285174635546,-1.548595999031156,-0.189885025121074,0.15265863177556754,-1.769650160605567,-0.17099222323715912,Y
0.0,0.0,0.0,-0.3035704955579587,-0.1323480268611823,-0.10334330819802957,-0.5479948816403923,-0.5588319506412059,-0.15144274183997072,-0.6843922060963809,-0.8828166751827927,-0.21617852885756503,-0.805637851741791,-1.1201246581903068,-0.2574834101724431,-0.3737219704777009,-0.958827791617693,-0.02903277386321818,-0.40495105110987817,-1.234350638815449,-0.17813958675402994,-0.37876993805679615,-0.916172697005091,-0.24712456967912275,-0.3554489388185633,-0.6529205860353162,-0.254698233635336,-0.1772670696695364,-0.98353848624007,-0.035048995639921594,-0.20389382578012372,-1.170035292046385,-0.23099442478897092,-0.18503277486438588,-0.7592017340629764,-0.29070087440306674,-0.1820961963288264,-0.47953933127683984,-0.274565105745623,0.016056295336947655,-0.9775627590593299,-0.06842503622233308,0.021600635594552147,-1.2390217445567577,-0.23704164092923707,0.0004743404708469482,-0.888208456288181,-0.24465886015311886,-0.033324362095321254,-0.6271153165247085,-0.18886244467835886,0.19767426315828082,-0.950441111427051,-0.11211311042832019,0.18339961432834337,-1.3296378077919275,-0.18712834561950217,0.16795577733548694,-1.552486923090311,-0.20171602768561622,0.1423898997955292,-1.7799626168531733,-0.18701061679557565,Y
0.0,0.0,0.0,-0.2939935000922566,-0.13451141568075445,-0.09335663763980968,-0.5348492558063948,-0.5738074520706639,-0.1354827760859051,-0.6759456875663622,-0.8935754913458452,-0.19599863195220577,-0.8094633922022785,-1.114314411702455,-0.23425836925127524,-0.37007961130877554,-0.9631884016839004,-0.019080244036542977,-0.39726169586197574,-1.2298562105353983,-0.16124315670309736,-0.3695820291238008,-0.9128870937589046,-0.22782213733032963,-0.34550152202371254,-0.6533868118577849,-0.2361878627103442,-0.17820200183863139,-0.9835793704905441,-0.028559910471309728,-0.20188229953620068,-1.154240704156476,-0.21982714610292084,-0.17759869025181096,-0.7414733918494266,-0.27701001655444535,-0.17149672310645991,-0.46195827984702653,-0.2602913278055497,0.013726837341685401,-0.9750494420811596,-0.0644918523979999,0.02241099987850449,-1.2309051479344653,-0.22830087170526744,0.007828517377552559,-0.8855335168425733,-0.2341768013794046,-0.0206775463520244,-0.628198326025984,-0.17906674722194665,0.1948652825676595,-0.9471959213265477,-0.11032129030968721,0.1799231021016656,-1.3183511748833099,-0.1813078426681561,0.17063817129697084,-1.5346490061983042,-0.19456774254733042,0.15418108106810566,-1.7582774093745985,-0.1804914827033039,Y
0.0,0.0,0.0,-0.2994919778083801,-0.13002081068464025,-0.10583245082678051,-0.5355475948860091,-0.5632344216183253,-0.1569426086142035,-0.6706089835346253,-0.8943712394917613,-0.2247339699972375,-0.804565632789579,-1.1240308916921962,-0.27005507206864615,-0.3626289792463767,-0.9684681172589372,-0.02751685858807372,-0.3912336957348619,-1.2377089024686825,-0.17537717476446674,-0.3708596330738223,-0.9196342919867482,-0.24850390667549374,-0.35063624974107266,-0.6614755260598745,-0.259917184192151,-0.1699282943983468,-0.984913975284269,-0.0326930581715301,-0.18877429781579974,-1.165342292331972,-0.22895587663487582,-0.17315763049693184,-0.7509746848157398,-0.2924867073063733,-0.16990739195835486,-0.47288680555913387,-0.2777246317025682,0.019521424869715087,-0.9748807132079511,-0.0649749228153847,0.03338265074995328,-1.230900796002951,-0.2334917515532196,0.013081473988363948,-0.8920708805305585,-0.24532950764201805,-0.018132048771466434,-0.6427783843672339,-0.19126402884027427,0.19761184944440338,-0.9478225955185238,-0.10745300336733163,0.187127730825476,-1.3314650703293465,-0.17605551574231473,0.1806643328592643,-1.5526041609476646,-0.1863141947299157,0.16675275936269765,-1.7747104892565675,-0.1688496835556275,Y
0.0,0.0,0.0,-0.3047944730877698,-0.16895186693355344,-0.07964416177409955,-0.5505842574239704,-0.5984025701070501,-0.1173570414092995,-0.7039162925322097,-0.9157786920267028,-0.1753155714383945,-0.8466042995387315,-1.1153352187849113,-0.21377787765379094,-0.3712850890522725,-0.9604012979897808,-0.014453330223296552,-0.39070880768381216,-1.2432342286241225,-0.15064737338935807,-0.3588709571049059,-0.9289416095457792,-0.21547901556072074,-0.3351461482296861,-0.6702304090075311,-0.22315150363680003,-0.17404592302617844,-0.9842567191925408,-0.030768935670602657,-0.18464743637698497,-1.1869513605236408,-0.21349938412050576,-0.17360026324549793,-0.7910247218435214,-0.27381712123061414,-0.18011720477478818,-0.5212567933122413,-0.2613189897779688,0.01804571474635134,-0.9816265024892916,-0.07062191253718046,0.039381808235350875,-1.2558636517637296,-0.22922607260841832,0.023687466021842553,-0.9269569157821311,-0.24142432166340275,-0.006201894076149834,-0.6781200948651959,-0.1916627123117627,0.19131147017849823,-0.9614030682442294,-0.11835642294836192,0.177945884403534,-1.3430289719479096,-0.18051667046958822,0.17164300683656122,-1.5650474003310892,-0.1887428693466394,0.1603719519033712,-1.7821380622762368,-0.17305559466259945,Y
0.0,0.0,0.0,-0.3127362854673367,-0.14808143789731704,-0.09846299425027666,-0.5640137979753667,-0.5918554781372765,-0.14877588236712994,-0.7049773772313034,-0.9184771733405257,-0.21423022591068544,-0.8437448078817533,-1.138125777074968,-0.2567694388114446,-0.3366591385931255,-0.9565100947810675,-0.012796357567674598,-0.35526193449540105,-1.2904018481530222,-0.15935978777051768,-0.34423057668933466,-1.012962799740094,-0.24037957430967602,-0.34369619118440903,-0.7506654731474403,-0.254747755795988,-0.14702296743890675,-0.9889789424863752,-0.017461339123595404,-0.16323141791831522,-1.2082477577853628,-0.20683438557718659,-0.16490774386746537,-0.8196910667143792,-0.27425307091988,-0.17994761454547453,-0.5338640839078359,-0.26073577270119397,0.03723347433172731,-0.9892356570916826,-0.04810713352038086,0.05341652862396252,-1.2756657549446624,-0.1987847932191549,0.030871640646966608,-0.962756402453547,-0.2046416556892038,-0.0023430202613770297,-0.7009780993365146,-0.14987011616254733,0.21241069039006105,-0.9693966174207839,-0.08893808654257661,0.2052486104157707,-1.3594914649750378,-0.13844005597743209,0.19474719822176742,-1.592384047123553,-0.13685212829517351,0.18039533334172494,-1.797224231794906,-0.11198104725074928,Y
0.0,0.0,0.0,-0.31008094957673127,-0.14341616935299162,-0.09649550773131736,-0.5602161341379244,-0.5863928322569408,-0.14269892045331203,-0.7009881765458597,-0.9224706913063346,-0.20599086945158135,-0.8395095118701723,-1.143399739057445,-0.24657289049757203,-0.3505714678962136,-0.9556943993089156,0.0017634020037338028,-0.35485237657660706,-1.2769521216023023,-0.14502341579387587,-0.33272356695123884,-0.9872539166207595,-0.22588721525303046,-0.32661515955966985,-0.719320978045854,-0.24155405518192236,-0.16083046238617127,-0.9869656378647672,-0.005691400780451818,-0.16395032419055075,-1.2040426257360521,-0.197557680291458,-0.15565043421062866,-0.8112314017493585,-0.26862978466439863,-0.16782741347016267,-0.5216944777593979,-0.2578668563281928,0.027693444493405526,-0.991757886606997,-0.04018570369322208,0.05746926454370027,-1.2950915621757768,-0.19796233694328874,0.0392328791118977,-0.9760529076895219,-0.2067600828365707,0.0037320245188772177,-0.7077143870800473,-0.15299834220209746,0.20341833864973896,-0.976202555298105,-0.08468924891496865,0.20251639894052936,-1.3546783668204325,-0.14399345378936723,0.1977433629065863,-1.5870350982078896,-0.1495838231107062,0.1872847753267639,-1.8063320352032004,-0.12957483399375644,Y
0.0,0.0,0.0,-0.31664772105357447,-0.17236766096163358,-0.08631050907379219,-0.5577332343135842,-0.6141286999196625,-0.12816667734060969,-0.6942145768754315,-0.932439241085622,-0.18914644920266246,-0.8136192748473323,-1.1515245240105167,-0.2289372242714415,-0.32564980203662364,-0.9714861738913049,-0.0003041202387717226,-0.32608396276761276,-1.28505433075868,-0.14601215898008757,-0.31942407826077945,-0.9956968725854847,-0.22594165719456202,-0.32035090731234794,-0.7364649722923284,-0.24081897567963764,-0.13221269765779822,-0.9911214930389513,-0.01407084269998844,-0.13432292874940321,-1.2182929550480883,-0.20200005039221108,-0.13668990491062205,-0.8265467848890252,-0.2698365030615242,-0.1465778596325265,-0.5450570487854108,-0.25948702670643986,0.055309117332303245,-0.9828028323266603,-0.054189982204655304,0.09064460398421158,-1.279403960293998,-0.20530506238962215,0.0602211736406996,-0.9579970770301182,-0.2131851743017046,0.023482021082061922,-0.7005351173626411,-0.1622268706205956,0.23188949682558338,-0.9522721954292814,-0.10448049273406386,0.23248007931815357,-1.3396235852043847,-0.15738058157513024,0.22767471332018657,-1.572244254818701,-0.16099431790327462,0.22059460665517835,-1.7895475514377068,-0.14241186649146304,Y
0.0,0.0,0.0,-0.31563600235707884,-0.1651303841898866,-0.091333954865602,-0.5565637466099141,-0.6062016365093684,-0.13790557280451746,-0.6854038930128956,-0.9378280553364196,-0.20221501806458134,-0.8136396664519754,-1.1613293136501928,-0.24387051872573867,-0.3245385391777188,-0.9726386390654919,-0.0028222338416930065,-0.3216438388053662,-1.2964271814769208,-0.15390671450171955,-0.3133952417358257,-1.0080130877289284,-0.24042126855661597,-0.3153950052193239,-0.7410670531961344,-0.2582543089756726,-0.1276754978237886,-0.9917456954704937,-0.011808588873965539,-0.12464371964684062,-1.2044180636011683,-0.204512737761123,-0.13293111554636008,-0.809794138365204,-0.2783873765106749,-0.1528849948726434,-0.5315819149422576,-0.2705691772549707,0.06331849408600818,-0.9854357580002335,-0.04680387965689395,0.09990237235707142,-1.274720859843261,-0.19858348176253976,0.067611319697251,-0.9575720449569134,-0.20831916790799274,0.026426447134539184,-0.7023868416665152,-0.15731105545244148,0.2411940375440567,-0.960042692918791,-0.09180706130340739,0.24812655095351716,-1.34677404735326,-0.1427646241820147,0.2429628881671954,-1.5852314427541405,-0.14519659082138284,0.23554752588244585,-1.8099440535250437,-0.12395222309840873,Y
0.0,0.0,0.0,-0.308700440548985,-0.16028762452205988,-0.09830291883590571,-0.5488029491201726,-0.603445374947025,-0.1487158075623284,-0.676973246690328,-0.9348741531888248,-0.2155732634959179,-0.8057827549211808,-1.1634028128321192,-0.25999846797948567,-0.31729596783440056,-0.973068134337319,-0.008529083747985005,-0.3094774603497372,-1.280561007464716,-0.15661485203059397,-0.3013701130438518,-0.9839683626962353,-0.24189574153455526,-0.3081763250987393,-0.7123500225402832,-0.26026357682948054,-0.11765188358759034,-0.9929250245116472,-0.016060198841758442,-0.11328029967367233,-1.2026338374232404,-0.20627311706036008,-0.12132255631562038,-0.8101767137508273,-0.2802458173839694,-0.1462060052097363,-0.5293498244705808,-0.2738428835213734,0.07492596496245758,-0.9839929412021492,-0.04995507485904844,0.11427530539583979,-1.2686293293921047,-0.20273076108389407,0.0835864134048732,-0.951358957105242,-0.2149892909084252,0.036846400996665904,-0.6948406339411334,-0.1667460168206294,0.2531916647654038,-0.9536854398201906,-0.09414971282819551,0.25642467058123,-1.337680438166872,-0.1475586790487818,0.25438753620831545,-1.574792420596094,-0.15233591425211415,0.24870871479365544,-1.7994221664202343,-0.1339405340798716,Y
0.0,0.0,0.0,-0.31151675540366336,-0.15906148380594762,-0.1007236076128406,-0.5606081766580125,-0.606967246749148,-0.15230116480617434,-0.7034909077892385,-0.9466038342758354,-0.22110132689551784,-0.8368936349611614,-1.1713706242084165,-0.26848014757584193,-0.32577116153116314,-0.9697964413930503,-0.022334097339885284,-0.33033417454074926,-1.2937775031127894,-0.17067263924906556,-0.3207107217952125,-0.9936671622269637,-0.24640460058116295,-0.3145487880220426,-0.7274523591204399,-0.2577317441645216,-0.12715616893493173,-0.991386687727827,-0.03136469508602122,-0.12680993103722366,-1.2201429535264734,-0.22715251356168983,-0.13007416492828347,-0.8145191503280241,-0.29462102285232844,-0.143760623942901,-0.5231952195999576,-0.28242690851715785,0.0640086028271098,-0.9815146936200507,-0.06696520833518609,0.10133796742699973,-1.2700049088167014,-0.22794062188126174,0.06318557831616443,-0.9310311269228099,-0.23821757070856925,0.014481963374726686,-0.6628555130692062,-0.185820794525148,0.2415620799865052,-0.9518090988055615,-0.11301089270867425,0.24674980042007327,-1.3467899136704637,-0.17534918363090998,0.2490458410045267,-1.5905579917479051,-0.18506596838799358,0.24306760423818852,-1.8234778843671273,-0.16933764318203642,Y
0.0,0.0,0.0,-0.3093216746776718,-0.14815448270420942,-0.1190865803474691,-0.559111114373898,-0.5902976642052185,-0.17904360170522693,-0.7028432734499696,-0.9226517497655933,-0.25277028459911566,-0.8297605288732247,-1.1493594442358763,-0.3015299086151624,-0.34293164474738635,-0.9651061945938799,-0.038378613516415735,-0.3516443312603799,-1.2841862368639918,-0.19745288007054576,-0.3390778735504355,-0.9680469354454809,-0.2810859120243821,-0.3296579464525308,-0.6998142137741065,-0.296281773793076,-0.14830507319948438,-0.9882322717296577,-0.03745106641119421,-0.15321901528298731,-1.1905243824806258,-0.24544161184903937,-0.15004764500162385,-0.7762545011683324,-0.3163373702419049,-0.1591651836250531,-0.4867219355495835,-0.3024765113260825,0.04143860585156928,-0.9847713640527398,-0.06489909507380619,0.07724274671154452,-1.2813151850846602,-0.2318142070128765,0.042811170079407684,-0.9431069587071098,-0.23841105825527345,-0.0023421738199811333,-0.6776668886087642,-0.1800682596270428,0.21542065222821316,-0.962082741093385,-0.10465197250713759,0.21577358252985415,-1.3520223388008117,-0.16627430825801853,0.2149826805586792,-1.5921604457297045,-0.17254380198333866,0.2117531785511901,-1.8226895680775066,-0.15154007190646981,Y
0.0,0.0,0.0,-0.3056882605459028,-0.14346807433400893,-0.09793418824405496,-0.5597045008662737,-0.5822570285378429,-0.14987909801795035,-0.7046737870012364,-0.9088260847685686,-0.2180218069977003,-0.8329812427920056,-1.134764274000271,-0.26360123170583455,-0.35597586120517155,-0.9521995146712735,-0.02104399631395132,-0.36853551844342614,-1.2666024488859144,-0.17052011070132875,-0.3531805984901357,-0.9673470975804753,-0.2496028103999561,-0.34679947947138995,-0.7046297476970544,-0.2627368502630036,-0.16276292659663205,-0.9862449795552025,-0.028793576156107472,-0.17024643747766002,-1.1888478865228058,-0.22270016833990358,-0.1643981940395157,-0.7836957124600926,-0.28843627247384934,-0.1759750701656462,-0.4939619229546131,-0.2736324383534396,0.028536588323810678,-0.9912500464754794,-0.06227774359349865,0.054679728543941514,-1.2952857761712593,-0.21978276261471918,0.03624188114069887,-0.9719024351264464,-0.2225334355342708,0.0031854509500877713,-0.7072590703139328,-0.16461295368401502,0.2068630050183388,-0.9779437468741243,-0.10536547952014919,0.19958277956541465,-1.3738681012957716,-0.16043916165965022,0.19755432921479468,-1.6062257677801621,-0.15879023102264414,0.19150420960628037,-1.8218947399448082,-0.1335511846878903,Y
0.0,0.0,0.0,-0.3135199901573771,-0.13605596482893784,-0.09948958800256155,-0.5670384105150754,-0.5952126810945463,-0.1474276802024303,-0.710209563204491,-0.9315171781905349,-0.2115110610533588,-0.8483845320683798,-1.155913254812341,-0.2530155061921897,-0.3602398759508307,-0.9529037433512932,-0.016544133088602374,-0.3858133739382799,-1.2788512768559364,-0.16763285422183022,-0.37194087838169276,-0.9873804161734987,-0.24897844120717005,-0.364137146758065,-0.7277112287241906,-0.26421099184519753,-0.16710034596116966,-0.9856420022293956,-0.024234640927512315,-0.18793533384143732,-1.195691325802722,-0.22297774034203233,-0.179265620585511,-0.7874001614815149,-0.292786242848338,-0.18334527772836412,-0.49261753961384397,-0.28047068064633013,0.021839703304679395,-0.9892216875278054,-0.05858026775372806,0.03965577317618701,-1.297939986265032,-0.21697454358980414,0.01519179206375219,-0.9776242494309283,-0.22172127168594524,-0.01734684921155808,-0.7105485331577049,-0.1659666459145937,0.19774496169498118,-0.9769222741159304,-0.10323130244082063,0.18286651359736478,-1.37671656804578,-0.15835191699135193,0.1745205714333509,-1.613789820475183,-0.15873219780304548,0.1646317681162826,-1.8313315641118733,-0.13622417538277648,Y
0.0,0.0,0.0,-0.3123121967085607,-0.14512140042868799,-0.09953097218276767,-0.5614604378561898,-0.5970038553396596,-0.15143172615657804,-0.7059490793828508,-0.9344169076349641,-0.22035245506510526,-0.8366317979860317,-1.1666015513888213,-0.26604048163598887,-0.34848269653536257,-0.959462682863121,-0.020163074717089068,-0.3716542317356624,-1.295328252040446,-0.17620221046208756,-0.3651352362518976,-1.0055142087569977,-0.25771711657924107,-0.3610922847138833,-0.7411918166479479,-0.2710108852989043,-0.15716741276427637,-0.9872047347751464,-0.02692983480299374,-0.18283060244673796,-1.2052851701853502,-0.23212856477399502,-0.17922918073971478,-0.7958062539406874,-0.3004853741417002,-0.18119380222554288,-0.4953648945142383,-0.2839990955075663,0.03232321217130397,-0.9878083126176321,-0.06047553879172002,0.04663984798486973,-1.304141286806805,-0.2234322764198583,0.01672864108153907,-0.9783192351891974,-0.22491988958285192,-0.015549336012664571,-0.7066441030380629,-0.1636583018415919,0.20807088850642627,-0.9710589166183647,-0.10428655357757134,0.20230421444220062,-1.3667808702582913,-0.1624663132118834,0.19560073080085008,-1.6053704904927515,-0.16324395740497585,0.1876748357230353,-1.826930523338611,-0.13857071742820334,Y
0.0,0.0,0.0,-0.3035546695012288,-0.13840852917977187,-0.09735378398207097,-0.5525688451870778,-0.5871991499522887,-0.14524237239667848,-0.6957529602331579,-0.9204059606833992,-0.20950842113368545,-0.8351991167084889,-1.1461710693974707,-0.24957112649781285,-0.352165210481068,-0.9531776747616469,-0.005768960294411194,-0.3693141452890922,-1.2744260642147078,-0.14979460339714312,-0.35604913766339336,-0.9833200169741922,-0.22672169041873574,-0.3498726757130076,-0.725547812632741,-0.24064806879371878,-0.15794631338858522,-0.9873579243143262,-0.013315080948306678,-0.17684511075613196,-1.1968845092048788,-0.2035840807824561,-0.16805001769433342,-0.7962966329050714,-0.26941757533400024,-0.17099967533139548,-0.5107630122446013,-0.255877930142673,0.030927913938175195,-0.9905287358429923,-0.04711608475657182,0.045235302963790844,-1.290307678055519,-0.19939162103121108,0.023001413350327654,-0.9700484064257744,-0.19845541462861685,-0.007425734928833427,-0.7074473526414145,-0.14029683830445258,0.20665264076733572,-0.9744016693549711,-0.09136986876060882,0.1977943357253733,-1.3604221775519707,-0.14459236967934225,0.1886724420084657,-1.5931691727297,-0.14219994369541353,0.17677027763198253,-1.8118247384742117,-0.1175753558627998,Y
0.0,0.0,0.0,-0.3117873132484228,-0.13911140409739217,-0.09802721794614504,-0.5604077055295826,-0.5921759466306289,-0.14499890232571241,-0.6991495483921452,-0.9278528165997088,-0.2081474920564399,-0.8342501261468276,-1.1559206603786008,-0.24733919365676088,-0.3600311832521341,-0.9527269349402914,-0.008881379912324664,-0.38211930426667556,-1.2741018026528328,-0.15655050689010314,-0.36530637184607306,-0.9773831383781733,-0.23562799885917243,-0.35609398865450437,-0.7170962343732994,-0.2500399666207141,-0.16553082485941964,-0.9860668631714362,-0.01648294198874477,-0.18496925493315708,-1.1969937626367624,-0.21110062906097052,-0.17300286916192115,-0.7900912401719421,-0.2788275245554543,-0.17479422433150799,-0.49973812791627975,-0.2656141545013964,0.024010260188484487,-0.9903307548094383,-0.050889275935034506,0.04143275827014137,-1.301062767368555,-0.20554588089203626,0.019308522637775022,-0.9844338162537711,-0.20777102784550902,-0.010971305330584625,-0.7213251509323887,-0.15105880590289353,0.19939213597120162,-0.9766965223553031,-0.09581178994473863,0.18982789822635823,-1.3702795004193655,-0.14929281643120254,0.18160393355564788,-1.606640776914177,-0.14904532830231565,0.1720195347377469,-1.8253925832889326,-0.12612675734858506,Y
0.0,0.0,0.0,-0.30111251643979453,-0.1381016990115528,-0.10115884577680878,-0.5462541634486897,-0.5868277500765131,-0.150649350672938,-0.6900649988584389,-0.9195208624709865,-0.21717938348305918,-0.8238675215010582,-1.1466275821527336,-0.2610804634995896,-0.356133061934086,-0.955536771286164,-0.013955879283619537,-0.3830063351955712,-1.272587081521962,-0.16273656283900614,-0.3603064523952203,-0.9811342912400965,-0.2398928404600014,-0.3380381363078203,-0.7271611402081672,-0.2528336139549083,-0.16066737509019338,-0.986733518473389,-0.023301461386643182,-0.18100030744699377,-1.2012952429140573,-0.22033065379731115,-0.16654720840371545,-0.8045424553092592,-0.28943404567322123,-0.16217382361218927,-0.5175312934983256,-0.27670596351718174,0.027903945797496138,-0.9810594687998228,-0.05990962589012654,0.048233544915456665,-1.269739267517355,-0.21995090579079835,0.01796352584252574,-0.9377856955612738,-0.22565295905646,-0.021078876122437574,-0.6697134705375845,-0.1690845846343119,0.20364229715170493,-0.9569920809070114,-0.10762866236498699,0.1947213219808638,-1.3495477067947383,-0.1684732532806386,0.1898239169569862,-1.5906510472323252,-0.17398611234833355,0.18067224657170178,-1.8187937901755893,-0.15425471995611437,Y
0.0,0.0,0.0,-0.3074035121956525,-0.1414533771056909,-0.09446868361830302,-0.5547057616520565,-0.5895581876480396,-0.14021685504158954,-0.7009941573930283,-0.9212262422748867,-0.20384375134565974,-0.838499429459703,-1.1430369522809394,-0.2458327958045515,-0.36480878320825855,-0.9523109599062926,-0.015846312374503166,-0.3882816777027237,-1.2750215749711826,-0.1611886404161232,-0.37247374713400566,-0.9765649270561327,-0.23342239468933063,-0.3611900981834353,-0.7169779901416096,-0.2425991611802131,-0.17251703230173238,-0.9846665619744764,-0.02587731236368334,-0.19263791511619707,-1.2030829591751104,-0.21870911589998493,-0.18339882056083148,-0.7951081687887119,-0.28319167364073367,-0.18760584373834385,-0.5040586241890486,-0.2682050017965378,0.017073615492163328,-0.9846941458333427,-0.061967324430075264,0.034639510331378985,-1.2905549888614065,-0.21995867351936463,0.014858975321840188,-0.9562361518357073,-0.22530855413375697,-0.013940688390890443,-0.6840573155397166,-0.16964378716149556,0.1969986323827283,-0.9679565599062189,-0.10769603623407768,0.1813822906612161,-1.370495567549056,-0.16608188919436237,0.17280238864361483,-1.610442180059332,-0.1709200253344592,0.16337188149573265,-1.8344309573876902,-0.15149664842083277,Y
0.0,0.0,0.0,-0.3006231286707997,-0.14227077624534348,-0.11084396370102942,-0.5486205781782221,-0.5742825076569511,-0.16754388186331914,-0.6945405126231591,-0.9089744251782169,-0.24089133361167706,-0.828075998256004,-1.138730635506573,-0.2904649306664085,-0.3661204763387213,-0.952535507138545,-0.023524952761146287,-0.3903293251680248,-1.2592059022903639,-0.1756502664781745,-0.36728644225741697,-0.9467150437878067,-0.25416638518264995,-0.3420079159861869,-0.6842248655019418,-0.2682313305193008,-0.16878827260765608,-0.985211176800119,-0.029486541646117463,-0.18634201206259043,-1.1973882625296652,-0.2312891403358298,-0.1714603653729793,-0.7841940130630979,-0.2987976697947779,-0.1638131345479722,-0.4860117097434176,-0.28417366043175846,0.020101882690161988,-0.9826385237708046,-0.06381629415237268,0.04481948481672224,-1.2726029557381522,-0.2295218747634554,0.0179495726294345,-0.9352480490893669,-0.23556940384941114,-0.014526254675354034,-0.6618591531879578,-0.17737840391498907,0.1939677092827928,-0.9591202383898938,-0.11010269561611989,0.18805279568984187,-1.3452361548844578,-0.17285310811177496,0.17563490851581703,-1.584644409659134,-0.1792827383224189,0.15798190439483153,-1.8076426570129356,-0.15977214347272609,Y
0.0,0.0,0.0,-0.3068796074997502,-0.14971495830245243,-0.09897447432767391,-0.5551293138275716,-0.5887469467243777,-0.14499222465147746,-0.7020539088191556,-0.9358199270163137,-0.20961685620390927,-0.8372058081915921,-1.1695859452134716,-0.2520941019423032,-0.3547642724111844,-0.9582024052131045,-0.009738415434958006,-0.3742425643375957,-1.2623850627273783,-0.15662091896322808,-0.3553048660533688,-0.9539204814190165,-0.23265233366669297,-0.3302404398243858,-0.6933941185064875,-0.24677983443267892,-0.15870828041371896,-0.9871371609481038,-0.019284895733131278,-0.17270318397342374,-1.2180160881239737,-0.20980448964578552,-0.1666643744525659,-0.817384913518085,-0.2733938882983639,-0.1686353868962707,-0.5304664515109178,-0.26149103765137677,0.029573036514848473,-0.9869136144000369,-0.05663821533266308,0.046533268026631984,-1.297462943890956,-0.21605581230139362,0.01669804621194385,-0.9511208727183335,-0.22075539221932794,-0.01838942922408312,-0.6759034109489206,-0.16624578405846466,0.20512711493622932,-0.9652028224953503,-0.10558190802988307,0.20431491616307332,-1.3477107653272924,-0.17236563247377143,0.19974577474011912,-1.5779769673762913,-0.18368552204364505,0.18910572659393152,-1.8046783738864525,-0.1698457513278948,Y
0.0,0.0,0.0,-0.29799102762414764,-0.14210217620885787,-0.09043189216376524,-0.5316090928751839,-0.5950891857330667,-0.12657059204234153,-0.6655905339747714,-0.9222607970294632,-0.18193905179681438,-0.7971657240935055,-1.1314067941451107,-0.2152289515885475,-0.36411208611225154,-0.9617395285251993,0.004493480526254744,-0.3959728112995942,-1.2302865572338129,-0.13141596768135475,-0.37130392692520386,-0.9262769213836823,-0.19771403090798528,-0.3450244026927438,-0.6775990498328194,-0.20718188417583122,-0.17062596765471963,-0.9853076556996345,-0.007456727270128493,-0.19054417983352812,-1.1786680706657053,-0.19434720426304716,-0.16743551765667566,-0.774496513146964,-0.25277422541836625,-0.15553984538005447,-0.5002103024694704,-0.23471991241858425,0.01640243200638709,-0.9728498094750904,-0.04651739658397416,0.031122004262591367,-1.2249229527699077,-0.20811286501384355,0.011212989900231245,-0.890857067055657,-0.21647101876018737,-0.018195154564147626,-0.6528432971919722,-0.16043756965124262,0.19099521349936657,-0.941906992303308,-0.09502322070587584,0.1906766965223583,-1.3140949315871604,-0.15955114073665208,0.1863729700741934,-1.5326374350194538,-0.16695420131366928,0.17146978214889025,-1.7599634273351026,-0.1484163748587155,Y
0.0,0.0,0.0,-0.29704815213375857,-0.141624641066713,-0.06956336840243377,-0.5296282723359236,-0.5770095992237206,-0.10051826626053315,-0.6563110451802995,-0.9112438198075602,-0.15615512853037564,-0.7996181360225696,-1.1341192629499788,-0.19043685184366022,-0.3651976119844742,-0.9632675314324367,0.0064996516091741065,-0.38954962047756253,-1.2615347125036744,-0.138856801529138,-0.36525362472418105,-0.9527954986349276,-0.20966304853346168,-0.34039505806495196,-0.7037869170616284,-0.21991720962992137,-0.17640140986054428,-0.9842135706306994,-0.01435931703046401,-0.2108426661027758,-1.191812478829143,-0.20382802005466263,-0.19977432318204533,-0.7881812931817207,-0.26475301124703055,-0.19945647907854103,-0.523342064058219,-0.2521399243676145,0.022067515746789366,-0.9811210283273544,-0.06021475638760017,0.010473442514112384,-1.2855810944371542,-0.22081874689304704,-0.017271095975516064,-0.9383194007783408,-0.22430864131632597,-0.049256062008052486,-0.6753523692852086,-0.16913165209777634,0.21364236327704947,-0.9632480773433103,-0.11425378124718305,0.20133628917856863,-1.3502863346825398,-0.18588841297055636,0.18249552075576425,-1.5819359949359335,-0.199808260150734,0.156778154741768,-1.8184208891577465,-0.1860470060884344,Y
0.0,0.0,0.0,-0.2898588444517021,-0.16028879138566524,-0.05066944540826236,-0.5092597797113044,-0.599932205419889,-0.07055788301284871,-0.6347588204230293,-0.9062647969828475,-0.11779229081810194,-0.7715229857327919,-1.1106425580848711,-0.1448422843756849,-0.339761242082217,-0.9730454893372458,0.028813882381206014,-0.38970607209165475,-1.2525299051448626,-0.1125721122016868,-0.3757677076214724,-0.9546500930655815,-0.18334978824931805,-0.3472967333744719,-0.7127932132734477,-0.192610570948498,-0.1687420508736289,-0.9856599059845184,0.0008185362253344882,-0.22603997054646738,-1.1933936650557453,-0.18768558296814772,-0.21409823190623783,-0.7889152690466152,-0.24693180403939985,-0.19578107633326627,-0.5144142577410106,-0.22936664718180852,0.020448950609991124,-0.975750121489725,-0.05125086860039598,-0.008268937841963567,-1.2746490786700149,-0.2088426479016296,-0.030306318636703217,-0.9347336592109874,-0.21347944130839022,-0.04023261527895075,-0.6734503339398764,-0.1565344567872775,0.20863635913148368,-0.9491360918253179,-0.11016070266769798,0.19415251779016982,-1.3376570333337066,-0.17377750676844084,0.17219385769840936,-1.5667305829701632,-0.1823747195419134,0.1503415665565281,-1.7888886148507546,-0.1640846962112339,Y
0.0,0.0,0.0,-0.27982267543565514,-0.14523979824103642,-0.05375618801126894,-0.5045786980861676,-0.581642122843159,-0.07469985604923071,-0.6300609744650731,-0.8886915856037227,-0.12133854158503604,-0.7711490266684445,-1.0825880431463697,-0.14864105034339165,-0.35823734661517354,-0.9602366251871292,0.02217703681151814,-0.417394661695593,-1.2198581178948864,-0.11750406323884634,-0.39857911543976443,-0.9218012146895757,-0.1880857673905618,-0.3642527800402172,-0.6825007340608128,-0.19953157717614423,-0.18551609932258925,-0.9826295159732528,-0.0047970022203682895,-0.2568956185259038,-1.1741854042800517,-0.1939935127107532,-0.23763806758233158,-0.7699267672872604,-0.2528177533417987,-0.21156076522781922,-0.4929337207155056,-0.23567903862342768,0.0031535578008075704,-0.9744534521834791,-0.05530649850774912,-0.034882421526424276,-1.2680963486900259,-0.2154712311834366,-0.062173117838584396,-0.9317434462078276,-0.21944016439400196,-0.08031956817300587,-0.6651602578903111,-0.16212371554202273,0.1906106977666866,-0.9454922567792446,-0.11269614190391185,0.16150950660836622,-1.3351382402281209,-0.1821727612695905,0.13324497761851464,-1.567735096752047,-0.1943080525796019,0.10608716523716395,-1.7889135800277909,-0.17832418105464373,Y
0.0,0.0,0.0,-0.29219926461786855,-0.14417314399371656,-0.0503262719822032,-0.5234431604755259,-0.5610355809016944,-0.0694563214500055,-0.6503632880359161,-0.8613399514092653,-0.11553195650841852,-0.7748745564842535,-1.0672717772398157,-0.14105067271200167,-0.3839463374647053,-0.9529981600177029,0.02955682667762636,-0.4643108342016334,-1.2150418117493322,-0.10550807041699489,-0.4471327386676425,-0.91964304177898,-0.1687972178270646,-0.40803080449903195,-0.7066657056350424,-0.17551726900434808,-0.21430519370843673,-0.9767651706070081,0.0017565416738493703,-0.29466576274422007,-1.162311638341323,-0.18279003365115526,-0.2773186778684779,-0.7670175831143684,-0.23953099135715492,-0.24881436873600504,-0.5170531834831913,-0.2212308988949123,-0.029154638249508855,-0.9711794886165822,-0.04884413861266292,-0.08251805527457455,-1.2403646829545871,-0.21103797436547306,-0.1161149235187545,-0.8892252548413313,-0.2142556944320154,-0.13266910372590762,-0.6300054238476938,-0.15370090209230058,0.15594721371522458,-0.9469706116484967,-0.10539989907265628,0.1174463160142838,-1.3296912117784656,-0.17878429399432264,0.07898155316387441,-1.5649750428410467,-0.19049855219183628,0.044678778831460805,-1.792616353016244,-0.17096935930075202,Y
0.0,0.0,0.0,-0.2898439128798561,-0.14330244571607512,-0.04803430579922156,-0.5091513376933752,-0.5631767612616079,-0.06763932802140842,-0.6197137080496172,-0.86867342552815,-0.11703880261330238,-0.7349137774895605,-1.0883786051981799,-0.14754631927948805,-0.36597133307433644,-0.9570762039464442,0.03238251310745671,-0.45513592182114715,-1.2160829333782066,-0.10639368402723409,-0.44597091466783656,-0.9208515101094037,-0.17296062074982246,-0.40681376166274247,-0.687889911649064,-0.1804925736008861,-0.19460148695847226,-0.9808821639965023,0.0006645502916077591,-0.2854925053854304,-1.177031882374631,-0.18823025864137166,-0.2778876776153738,-0.7798901504229854,-0.24684271733228214,-0.25132612910624214,-0.5060046321353447,-0.22837336117669838,-0.008962096010849172,-0.9724668149694168,-0.053977789016686456,-0.06835583153079536,-1.2384560568707024,-0.22287165582798424,-0.1114877758786303,-0.8885269583724571,-0.2289069602945376,-0.12959547636686272,-0.620510136836762,-0.16741945903841657,0.17720484348330423,-0.9451577528403468,-0.11434206042792958,0.14598665275160538,-1.3416161021219615,-0.19153854253617086,0.10543965543403017,-1.5864455515519669,-0.20324204518178088,0.07003957532390256,-1.8104634354839149,-0.18289905430736922,Y
0.0,0.0,0.0,-0.2968873778809677,-0.15092445974936955,-0.05123174192505921,-0.5242774639111232,-0.5559773696929301,-0.07732495447765876,-0.6488575403018453,-0.8552492214956745,-0.13448664055808418,-0.7677077910573211,-1.0755020782214724,-0.1731112093809169,-0.37877908711021113,-0.952272195712253,0.0196126490767696,-0.46389620588340136,-1.220220857729197,-0.12597234164022894,-0.45384175996778225,-0.9224163002541946,-0.1996357204635302,-0.4190213203164079,-0.6752913575177855,-0.20992538600261654,-0.20917603383724226,-0.9777895839780446,-0.013149765479400543,-0.30354741214341535,-1.190964619501332,-0.20773209839777126,-0.29088426425374236,-0.7951770142793648,-0.27149370691015434,-0.2601919370368309,-0.5101806934337441,-0.25657412349871367,-0.023263097440841565,-0.9793993934093143,-0.06817493391218739,-0.08355888930038315,-1.260582979487496,-0.23376412006929445,-0.12081527559715594,-0.9105775738211963,-0.23777352353490472,-0.13239470818490973,-0.6378675776344012,-0.17643782180594283,0.16095853104522173,-0.9621221447863165,-0.1304136468318329,0.14622875330213622,-1.3683430029993064,-0.1983496798255833,0.10732920753858052,-1.6111147473702483,-0.20157345403820665,0.06787311295086486,-1.8310368382293563,-0.17665687577714762,Y
0.0,0.0,0.0,-0.31028849166363276,-0.1519452396406142,-0.06039013276198582,-0.5581048699185664,-0.5554720871037364,-0.09506039135201286,-0.6970332073146436,-0.8694058965652756,-0.15968087400402572,-0.8279756007184882,-1.0936957055231227,-0.20517097766954806,-0.3937609931178232,-0.9429071348127258,0.007411478922630999,-0.48323196093788434,-1.2412795142773734,-0.14629614240603211,-0.46955614351902175,-0.9430988737324248,-0.22398579384518613,-0.43099839407051543,-0.6889885665111586,-0.2365227642205984,-0.22000428222168347,-0.975219159826306,-0.023360353417609486,-0.30786759294580607,-1.2040731704730252,-0.22422870511259105,-0.2932170127513125,-0.8127258813668486,-0.28856787475296286,-0.25978465207372436,-0.5294657424099162,-0.2743082668834717,-0.03146484836087603,-0.9781577176537893,-0.07793586647058572,-0.08711218339892243,-1.2739096652158828,-0.24801497332483602,-0.11994186752215932,-0.9303376233808199,-0.250263573818621,-0.12697864990158497,-0.6594780401723312,-0.18808903645532427,0.1580829235710694,-0.9605263706888894,-0.14059387310021257,0.14040037428052113,-1.3726014883881021,-0.21344925156725986,0.09746224788604382,-1.6217503262275863,-0.21955190627200077,0.0523540781958852,-1.847964119529756,-0.19677673410159613,Y
0.0,0.0,0.0,-0.29366624392862434,-0.1467489606420524,-0.05839642072154874,-0.551441828974641,-0.57033163547686,-0.08793822617716411,-0.6985677580609209,-0.8842467354078981,-0.14505863663065452,-0.842617720144515,-1.0949056421101044,-0.18404471114301837,-0.38094451955605446,-0.9429958481717825,0.023949963701402278,-0.45179999645543334,-1.2372686637736834,-0.11809844574585579,-0.43339764914833595,-0.9615651917038209,-0.1893820411444603,-0.40666551952982627,-0.7125563115783948,-0.1981554776444122,-0.20212114180087554,-0.9793553963754119,-0.0031704301711911135,-0.2744347517429678,-1.1898145442890868,-0.18934717288978886,-0.25427609227189624,-0.8094433032748869,-0.2516969345009039,-0.23176011992580414,-0.5290326334046231,-0.238569144388693,-0.016248772479343917,-0.9810574579786228,-0.05445291728362698,-0.056453080473393424,-1.2648665474511205,-0.21453918015538534,-0.08022291724710032,-0.9438020459916326,-0.2236039812960131,-0.09503517732286146,-0.6819993184631434,-0.1695580704935495,0.165425080950165,-0.9636626589834012,-0.11240944875364757,0.14791475080965066,-1.358161860212782,-0.17833351320311394,0.11654360135707778,-1.6006712844032538,-0.18637209667629767,0.07793338441254423,-1.8213395522082267,-0.16757668150733812,Y
0.0,0.0,0.0,-0.3115279483825605,-0.16107942204453196,-0.07594575192391018,-0.568553725765448,-0.5526685225543854,-0.12000042112986639,-0.7221039852014061,-0.8613275776521436,-0.18735704293150962,-0.8589219039085596,-1.078949304745738,-0.2315072122767919,-0.37916668405349613,-0.9425875147464631,0.00735275114169883,-0.4381601020638689,-1.2526043920732906,-0.14394537845187663,-0.41386719646455844,-0.9702125331717941,-0.22100297477192898,-0.3916830178738805,-0.7158903892436335,-0.23120225217661233,-0.20139182255570187,-0.9794364049485053,-0.012069070769552043,-0.26118520233547626,-1.2009269775386537,-0.20651944118793292,-0.23145362756477997,-0.822293263672695,-0.2727621509562967,-0.21058183198544483,-0.543977476254327,-0.2599108114383427,-0.015903147360738078,-0.9894548841918922,-0.05722413397718056,-0.057933410781561855,-1.2888252370366926,-0.2154064802921579,-0.06835650165795301,-0.9603005611393839,-0.21891456155370528,-0.07572735055890659,-0.6929570424040061,-0.1607915433357544,0.16390099487010953,-0.9726526481058843,-0.11203772280025301,0.13354933395941937,-1.3574736205486404,-0.17591301676511695,0.0993897508345407,-1.5957095578471965,-0.18402748063482802,0.05835813722750863,-1.8237356357576417,-0.16380663079160193,Y
0.0,0.0,0.0,-0.31946184322662774,-0.16123920900009733,-0.07102016897277341,-0.5881914173802114,-0.5624542481973074,-0.11008164373404238,-0.7455258431167044,-0.8755582573489573,-0.17227676451773058,-0.8782034079793478,-1.0947684554473784,-0.21354159343287826,-0.380236741848755,-0.9413897591552024,0.014200527079007172,-0.4189443100851773,-1.270581699703056,-0.1314105466220112,-0.39740389096298867,-1.0122865888737607,-0.206034471166551,-0.38408933254190464,-0.755151399498303,-0.21494800793307636,-0.19190616121085,-0.9813974676914603,-0.005570969224867055,-0.2312775877837132,-1.2205101729920973,-0.19734810840538183,-0.2136019116546607,-0.8431633415593579,-0.2653983397514661,-0.20678836633018993,-0.5545825179817062,-0.25293855152061695,0.0010902794269921163,-0.99361769591889,-0.049900659561494705,-0.02795621032017882,-1.305420629978398,-0.20468922713791946,-0.03912947116415805,-0.9785798478804925,-0.2110835570625361,-0.052305680323857566,-0.7066627877599423,-0.1563387114880269,0.18800574031134334,-0.9767680645914826,-0.10264133964280099,0.16395696183297107,-1.3582962220118777,-0.16677798509772657,0.13283959552912977,-1.6006808561845156,-0.17727067819278347,0.09406877301329065,-1.8330896984579959,-0.15946744186355236,Y
0.0,0.0,0.0,-0.32284242717503714,-0.1599697261247399,-0.09047626604735283,-0.5853318796325608,-0.5583831354255517,-0.1419319312754581,-0.7424070850144487,-0.8717198709821585,-0.21269822590561696,-0.8811533032653903,-1.091036524082476,-0.26173589518444335,-0.37280186157717793,-0.9478129387682084,-0.004978281397980233,-0.40727371180177385,-1.2619274591337069,-0.15594617472549543,-0.377313523909969,-0.9986399637313749,-0.23432344703169017,-0.3588146555605096,-0.7489078729762139,-0.2447864751459498,-0.18406701806682996,-0.9827575851727787,-0.017517466864647935,-0.21883955007254988,-1.2104716343927202,-0.21083471667061374,-0.1956865743873585,-0.8336332993559441,-0.2786168642577778,-0.1877160347379135,-0.5522479509875723,-0.26507761028983173,0.006469523437043508,-0.9873250770140012,-0.055948172577789695,-0.013888148517422705,-1.2799891026757069,-0.21341645259247818,-0.022818317660364757,-0.949022205920835,-0.2201803171736167,-0.03866049897289035,-0.6816556471196157,-0.16398897371013893,0.18630051742985285,-0.9620552058819681,-0.10406099115600534,0.16812051532997804,-1.3418164549544558,-0.1648659555920472,0.14612815536863719,-1.577414587842214,-0.17097430198775912,0.11522062047519017,-1.799733432880216,-0.14936358656432303,Y
0.0,0.0,0.0,-0.3255635006262818,-0.17194345518967633,-0.12299794810180294,-0.5887278299713578,-0.5845816923164202,-0.1942340825874038,-0.7561306431095061,-0.9162386323587948,-0.2797849372921664,-0.9081731720237588,-1.1420240876802623,-0.3400446696423493,-0.3260097816371581,-0.9691222640622895,-0.02968441664782427,-0.3452421215029493,-1.3013930075159554,-0.19424214136688536,-0.33518743705132026,-1.0316022736703159,-0.28382441094614175,-0.3308761152946774,-0.7725129308908687,-0.3014953518485433,-0.13367118403763345,-0.9905322281121395,-0.03127170652806515,-0.16074500862634042,-1.2109078623474234,-0.2423675648505166,-0.15606072822550343,-0.8356274545559006,-0.32106718345824636,-0.15559106422753033,-0.5543535027683534,-0.31271688911163736,0.05130594815980568,-0.9818307505280703,-0.062093283738756076,0.051090824678515015,-1.2462889941662818,-0.2307515649461662,0.021103813940218135,-0.9306271864474813,-0.24251663139325877,-0.009185505416973237,-0.6729403218298337,-0.18688188686948878,0.22478299326036003,-0.9492114835280181,-0.10562368928702569,0.22251651372533338,-1.330782248891256,-0.17050522561939632,0.21044020301784858,-1.5769742040734476,-0.178167423376514,0.18980271264887544,-1.8032077776404918,-0.1562206109961217,Y
0.0,0.0,0.0,-0.32659313730446843,-0.1841209500458658,-0.11287995098639923,-0.5904757714796421,-0.6102935626586703,-0.17792664107418607,-0.7571427699586628,-0.9490313420212942,-0.2551337957491781,-0.9140128282728398,-1.1607326622258065,-0.3073062844048317,-0.3303169159340433,-0.9769988493316161,-0.05162091799871981,-0.3203048061842475,-1.3178810961905152,-0.20391353757021083,-0.30912809105589933,-1.029186046845616,-0.2740578556824288,-0.3120718799400233,-0.7699329207716743,-0.28011143342344236,-0.12904863097988897,-0.9902057231142336,-0.053282987472872384,-0.12850398296797932,-1.2249745676355015,-0.24973919587473467,-0.1371349729443647,-0.8525788859467678,-0.3149113104989061,-0.15811232646479803,-0.5797804982976239,-0.3022894710506862,0.06550468191138184,-0.9770894558990294,-0.07957053303349602,0.08646320809313188,-1.249655863839397,-0.2377400454382791,0.04810351413334532,-0.9250313601360007,-0.2426978342451462,0.003407412099200126,-0.671762470042297,-0.18760679290376,0.24221472076803516,-0.9405486173370399,-0.11622023815990316,0.2630233006452718,-1.319607495907278,-0.17851058275053516,0.27316585695594464,-1.5645651245797358,-0.18629398527104093,0.27278258613274897,-1.8043341404325632,-0.16725232801531137,Y
0.0,0.0,0.0,-0.32554311436089134,-0.18451210814794344,-0.12004255274508943,-0.586659450769794,-0.622972256726385,-0.18898499662787638,-0.7540383983783948,-0.9657377747907525,-0.2689636047847764,-0.9191894904960505,-1.1829758262851224,-0.3247014748599829,-0.31829134378789803,-0.9849574608671938,-0.06427801363972656,-0.30996967322816343,-1.3295567053915518,-0.22816401816106333,-0.3028407392537113,-1.0445669742578845,-0.3060431427073652,-0.30737958550256994,-0.7821511827271215,-0.315355098510933,-0.1174813300379299,-0.990940315804152,-0.06508016292609103,-0.11370054169277564,-1.212747922697016,-0.27432146066113217,-0.13635744689883825,-0.8373910046876627,-0.3436843950893742,-0.17051145053521105,-0.5609180574953907,-0.33166085106417664,0.07715563564391344,-0.9685508007628696,-0.0917227467360279,0.09818444692787497,-1.2154678032373663,-0.2623040245330996,0.04493376347741214,-0.8863342633262975,-0.26795016043085906,-0.01135356284693198,-0.6339115005489557,-0.21026567383799036,0.25725614540060304,-0.9278479437189125,-0.12884993898128974,0.28499957163465545,-1.3156748124459172,-0.19816406325215222,0.3070192195698331,-1.5637448501741236,-0.20548779248862106,0.31902191615435976,-1.804954362075519,-0.18483345044161423,Y
0.0,0.0,0.0,-0.33049703492249644,-0.19548917681021108,-0.12247718944565392,-0.5910043749949284,-0.6304802270722639,-0.1969274997540565,-0.7647422537651976,-0.972761093376991,-0.2830138542117568,-0.9320832003413594,-1.1942296409563884,-0.3436489445034417,-0.3241819560743438,-0.984503066008806,-0.07339456879158764,-0.31656705287117476,-1.3516766702581606,-0.24214596566373692,-0.3194520867459856,-1.0589658852201036,-0.3222798829475597,-0.3376460688750866,-0.7866764084516926,-0.33105943809359784,-0.12675304138049287,-0.9891137988936731,-0.07474997885565818,-0.13381310430487134,-1.213363496080655,-0.2913351873789266,-0.15798983730817623,-0.8336866661352437,-0.3651869027278788,-0.19204828584485867,-0.5514966628160618,-0.35467342934346385,0.06688011504690991,-0.971920359527547,-0.10174058479888817,0.08580298173284608,-1.2262942911180033,-0.27246110647345984,0.028273128610795926,-0.8914256435407476,-0.2779424632365346,-0.03430146654516921,-0.632573164593053,-0.21975767742895572,0.246657177743563,-0.9379378329349385,-0.1400858057598565,0.2711636966914392,-1.3258028784424525,-0.20685399737163393,0.291069481403333,-1.5781445422799287,-0.21306777634909413,0.29796041463979667,-1.8221720753668047,-0.19133956840933106,Y
0.0,0.0,0.0,-0.3274694996764152,-0.19297978031092566,-0.12549159385916306,-0.5916254963598747,-0.6195298929382504,-0.19925506659059444,-0.7562478210118694,-0.9710462717781806,-0.2840637129217233,-0.9162297982890171,-1.1914204230874912,-0.3426156476713484,-0.32468465643421135,-0.9825179214841733,-0.056650408822274186,-0.305459381689202,-1.3288149327526473,-0.2210356271260864,-0.3118626835172569,-1.0412966572419986,-0.3028025380317061,-0.3350264984109284,-0.7747370418081594,-0.31383278089566435,-0.1259006413538117,-0.9904611564260035,-0.055997554571273506,-0.12197613400852957,-1.2112940467600946,-0.2647128947036176,-0.1435295176571594,-0.8358194961208733,-0.33820563038769463,-0.17846217698555067,-0.5591203449590458,-0.3289658855300072,0.06600863652783724,-0.9772586272459572,-0.08291400107150665,0.08984468952628552,-1.2253006221623801,-0.2516221476612101,0.03885850313113819,-0.9097312738665977,-0.2630300441697039,-0.022262374333687603,-0.6610519557966651,-0.20915443673573483,0.2402402574086746,-0.9455779030437051,-0.12134909777208902,0.2666279418217253,-1.32804229328083,-0.18879402931373868,0.28634536702813435,-1.5757926063555678,-0.19826550336652757,0.29074331443030943,-1.8123459117333223,-0.1788674288477537,Y
0.0,0.0,0.0,-0.31484863904236104,-0.19219835805243143,-0.11517531348967343,-0.5610924642837106,-0.6453562299353484,-0.18082290250930125,-0.7141615197506718,-0.9931803233480659,-0.25891366398223187,-0.875794207010142,-1.2104101719186022,-0.31187204550499736,-0.30199765424191044,-0.985805542005985,-0.04266936276551212,-0.29445936524883914,-1.3227469309667281,-0.20442484107482273,-0.2997577297083228,-1.032615795638578,-0.28721815750410123,-0.3139109128925575,-0.7607890486975962,-0.29928999740489964,-0.10519437354066971,-0.9934141848887256,-0.04541366575443089,-0.1119480212364584,-1.199622738358888,-0.2539821942430918,-0.12427851753833795,-0.8068138467517761,-0.3264602787401927,-0.1434444153615014,-0.5156278916472667,-0.3145416051200282,0.08417452043974262,-0.9757784841658667,-0.0750614025183151,0.1006236506993385,-1.221963192597147,-0.23961438690990397,0.0488747820106859,-0.9040609993156724,-0.2502939485768644,-0.008737562241969012,-0.6497259881936894,-0.1963826545612129,0.25556082993573276,-0.9417439757572725,-0.1155156219311085,0.2795990603309388,-1.323940992816391,-0.17694896003127922,0.2922920745920859,-1.5739109685105896,-0.18443717073482904,0.2879278534454318,-1.8094724024580504,-0.16507366723833844,Y
0.0,0.0,0.0,-0.3156240844971048,-0.194515247365412,-0.09657513403939628,-0.5513919315459316,-0.6566847290521013,-0.14589306663827858,-0.6945654282907082,-1.0098473965250558,-0.2127312824687031,-0.8586491221966843,-1.2101632659107624,-0.25666283322413724,-0.31511386903277794,-0.9802353866515795,-0.007536627651138996,-0.30640213990708787,-1.3182208234534063,-0.15943337935292168,-0.30074114738533797,-1.0314535019888529,-0.23738068722638037,-0.31159034342803843,-0.7622922927130656,-0.2461226454187657,-0.11742856821816317,-0.9929515874325516,-0.01605230143648735,-0.11853024975994464,-1.2172749337495794,-0.21198641187487774,-0.12925884942016788,-0.8295917917057425,-0.2800236440428547,-0.15205348501418822,-0.5467318570103125,-0.26627787563780586,0.07387727992869672,-0.9842382588853432,-0.051310170555145196,0.09329489692905069,-1.263469426040132,-0.20948233755311185,0.04783166015664934,-0.9463602786633174,-0.21834053370433712,-0.005710894473119821,-0.6926070965837435,-0.16322383841267527,0.24536629546424352,-0.956803541524682,-0.09638166401399306,0.2635693117636264,-1.334845210714261,-0.15265698025348665,0.26754451400512425,-1.5774317115797585,-0.1580456012870604,0.2557791693167611,-1.8150376138373765,-0.13765551601083187,Y
0.0,0.0,0.0,-0.30620092438583835,-0.1970974669419567,-0.08854948244823836,-0.5313572057515796,-0.679844162477427,-0.12633548895138166,-0.6661554473076587,-1.0459233173517344,-0.18412293134486848,-0.8440046745982418,-1.2115744549669136,-0.22035997842682084,-0.328389882532183,-0.9788008817048274,0.011359924833073359,-0.31273901907387514,-1.3129565505980458,-0.13645302146531454,-0.2954051963959985,-1.0185701439100066,-0.21426772160810237,-0.29903528027707704,-0.751108111308886,-0.2235238212576018,-0.13640576964826912,-0.9906523324857414,0.0011925381434690202,-0.12379781664795804,-1.2164831121066753,-0.1914625404473487,-0.13041822829242902,-0.8143763606381865,-0.25746823938038743,-0.14802685814805938,-0.5275311887346539,-0.24171993752854382,0.05764941282015042,-0.9892895643172454,-0.03604233389810564,0.0931843596446457,-1.2919442867395883,-0.1908738020631179,0.048314732558959864,-0.968663532870346,-0.19696463085478796,-0.0005145592257710996,-0.7013817837935833,-0.1394014376129369,0.23401583942211396,-0.9699785697237994,-0.08339655443514171,0.25259255424447785,-1.3508104568530386,-0.1333556699213491,0.25567083282444064,-1.5937994705109384,-0.13647140975881455,0.2501170986990864,-1.8281663307187592,-0.11557505083545036,Y
